timestamp_ns,time_sec,flight_id,fault_type,alt_error,aspd_error,xtrack_error,wp_dist,nav_roll,nav_pitch,nav_yaw,nav_x,nav_y,nav_z,label_anomaly
1539875278910924072,0.0,carbonZ_2018-10-18-11-04-08_1_engine_failure_with_emr_traj,engine,-1.35000002384,-416.512878418,-31.981754303,9,2.25458168983,-1.41296613216,-77.2387466431,2.97466683388,-16.2985649109,-2.09391665459,0
1539875278986554888,0.075630816,carbonZ_2018-10-18-11-04-08_1_engine_failure_with_emr_traj,engine,-1.35000002384,-416.512878418,-31.981754303,9,2.25458168983,-1.41296613216,-77.2387466431,3.1191368103,-16.2439250946,-1.94381833076,0
1539875279023169224,0.112245152,carbonZ_2018-10-18-11-04-08_1_engine_failure_with_emr_traj,engine,-1.55999994278,-412.548248291,-30.3082008362,11,2.25458168983,-1.41296613216,-77.2387466431,3.17767262459,-16.2199077606,-1.81816542149,0
1539875279068619208,0.157695136,carbonZ_2018-10-18-11-04-08_1_engine_failure_with_emr_traj,engine,-1.55999994278,-412.548248291,-30.3082008362,11,2.25458168983,-1.41296613216,-77.2387466431,3.22151398659,-16.1971359253,-1.62048828602,0
1539875279101806440,0.190882368,carbonZ_2018-10-18-11-04-08_1_engine_failure_with_emr_traj,engine,-1.73000001907,-412.548248291,-28.640750885,12,18.4051418304,-4.02091932297,-74.8630981445,3.26514530182,-16.165184021,-1.43177783489,0
1539875279184926376,0.274002304,carbonZ_2018-10-18-11-04-08_1_engine_failure_with_emr_traj,engine,-1.86000001431,-394.706359863,-332.480682373,14,18.4051418304,-4.02091932297,-74.8630981445,3.52430677414,-16.059879303,-1.13701891899,0
1539875279223225416,0.312301344,carbonZ_2018-10-18-11-04-08_1_engine_failure_with_emr_traj,engine,-1.86000001431,-394.706359863,-332.480682373,14,18.4051418304,-4.02091932297,-74.8630981445,3.52430677414,-16.059879303,-1.13701891899,0
1539875279287242632,0.37631856,carbonZ_2018-10-18-11-04-08_1_engine_failure_with_emr_traj,engine,-1.9699999094,-294.706359863,-330.874542236,16,18.4051418304,-4.02091932297,-74.8630981445,3.90262651443,-15.9512472153,-1.02276623249,0
1539875279342585544,0.431661472,carbonZ_2018-10-18-11-04-08_1_engine_failure_with_emr_traj,engine,-1.9699999094,-294.706359863,-330.874542236,16,18.4051418304,-4.02091932297,-74.8630981445,4.08806991577,-15.9092712402,-1.0002425909,0
1539875279391245576,0.480321504,carbonZ_2018-10-18-11-04-08_1_engine_failure_with_emr_traj,engine,-1.9699999094,-294.706359863,-330.874542236,16,18.4051418304,-4.02091932297,-74.8630981445,4.2881526947,-15.8657665253,-0.997472643852,0
1539875279425715208,0.514791136,carbonZ_2018-10-18-11-04-08_1_engine_failure_with_emr_traj,engine,-2.05999994278,-282.588195801,-329.276916504,17,29.4075527191,-5.17468166351,-73.0349502563,4.4879732132,-15.823135376,-0.990220189095,0
1539875279454230568,0.543306496,carbonZ_2018-10-18-11-04-08_1_engine_failure_with_emr_traj,engine,-2.05999994278,-282.588195801,-329.276916504,17,29.4075527191,-5.17468166351,-73.0349502563,4.4879732132,-15.823135376,-0.990220189095,0
1539875279515263656,0.604339584,carbonZ_2018-10-18-11-04-08_1_engine_failure_with_emr_traj,engine,-2.14999985695,-282.588195801,-327.704620361,19,29.4075527191,-5.17468166351,-73.0349502563,5.00958633423,-15.6827344894,-0.872885882854,0
1539875279581599400,0.670675328,carbonZ_2018-10-18-11-04-08_1_engine_failure_with_emr_traj,engine,-2.14999985695,-282.588195801,-327.704620361,19,29.4075527191,-5.17468166351,-73.0349502563,5.33699846268,-15.5869436264,-0.758698225021,0
1539875279615339624,0.704415552,carbonZ_2018-10-18-11-04-08_1_engine_failure_with_emr_traj,engine,-2.23000001907,-287.25680542,-326.140777588,21,29.4075527191,-5.17468166351,-73.0349502563,5.55087757111,-15.5227203369,-0.670392990112,0
1539875279657680456,0.746756384,carbonZ_2018-10-18-11-04-08_1_engine_failure_with_emr_traj,engine,-2.23000001907,-287.25680542,-326.140777588,21,29.4075527191,-5.17468166351,-73.0349502563,5.75705718994,-15.4647827148,-0.588745892048,0
1539875279722170504,0.811246432,carbonZ_2018-10-18-11-04-08_1_engine_failure_with_emr_traj,engine,-2.29999995232,-287.25680542,-324.593719482,22,29.4075527191,-5.17468166351,-73.0349502563,5.9612326622,-15.3914279938,-0.502566754818,0
1539875279811047464,0.900123392,carbonZ_2018-10-18-11-04-08_1_engine_failure_with_emr_traj,engine,-2.33999991417,-287.220581055,-323.080596924,24,29.4075527191,-5.17468166351,-73.0349502563,6.49013519287,-15.1853084564,-0.250249773264,0
1539875279859844328,0.948920256,carbonZ_2018-10-18-11-04-08_1_engine_failure_with_emr_traj,engine,-2.33999991417,-287.220581055,-323.080596924,24,35.2973213196,-7.40540647507,-70.4893722534,6.84126138687,-15.0226182938,0.0181002169847,0
1539875279920396808,1.009472736,carbonZ_2018-10-18-11-04-08_1_engine_failure_with_emr_traj,engine,-2.34999990463,-287.220581055,-321.575927734,25,35.2973213196,-7.40540647507,-70.4893722534,6.9251036644,-14.9905872345,0.0748415365815,0
1539875279954548328,1.043624256,carbonZ_2018-10-18-11-04-08_1_engine_failure_with_emr_traj,engine,-2.34999990463,-287.220581055,-321.575927734,25,35.2973213196,-7.40540647507,-70.4893722534,7.19443082809,-14.8596429825,0.248629882932,0
1539875280016842632,1.10591856,carbonZ_2018-10-18-11-04-08_1_engine_failure_with_emr_traj,engine,-2.32999992371,-294.767578125,-320.105072021,27,35.2973213196,-7.40540647507,-70.4893722534,7.32743930817,-14.7927751541,0.394933372736,0
1539875280063246376,1.152322304,carbonZ_2018-10-18-11-04-08_1_engine_failure_with_emr_traj,engine,-2.32999992371,-294.767578125,-320.105072021,27,35.2973213196,-7.40540647507,-70.4893722534,7.56516170502,-14.6383275986,0.723716437817,0
1539875280097140616,1.186216544,carbonZ_2018-10-18-11-04-08_1_engine_failure_with_emr_traj,engine,-2.28999996185,-294.767578125,-318.651123047,29,35.2973213196,-7.40540647507,-70.4893722534,7.56516170502,-14.6383275986,0.723716437817,0
1539875280153372808,1.242448736,carbonZ_2018-10-18-11-04-08_1_engine_failure_with_emr_traj,engine,-2.28999996185,-294.767578125,-318.651123047,29,35.2973213196,-7.40540647507,-70.4893722534,7.71202945709,-14.5222330093,0.96997821331,0
1539875280187121224,1.276197152,carbonZ_2018-10-18-11-04-08_1_engine_failure_with_emr_traj,engine,-2.28999996185,-294.767578125,-318.651123047,29,35.2973213196,-7.40540647507,-70.4893722534,7.83450651169,-14.4365930557,1.09283864498,0
1539875280228139176,1.317215104,carbonZ_2018-10-18-11-04-08_1_engine_failure_with_emr_traj,engine,-2.19000005722,-287.094299316,-317.222473145,30,35.2973213196,-7.40540647507,-70.4893722534,7.90405893326,-14.366558075,1.28004491329,0
1539875280250849960,1.339925888,carbonZ_2018-10-18-11-04-08_1_engine_failure_with_emr_traj,engine,-2.19000005722,-287.094299316,-317.222473145,30,35.2973213196,-7.40540647507,-70.4893722534,7.94314908981,-14.3064947128,1.49784958363,0
1539875280335301640,1.424377568,carbonZ_2018-10-18-11-04-08_1_engine_failure_with_emr_traj,engine,-2.05999994278,-287.094299316,-315.810791016,32,35.2973213196,-7.40540647507,-70.4893722534,7.94125747681,-14.2188425064,1.92110276222,0
1539875280378421672,1.4674976,carbonZ_2018-10-18-11-04-08_1_engine_failure_with_emr_traj,engine,-2.05999994278,-287.094299316,-315.810791016,32,29.9164810181,-11.6415119171,-68.2504730225,7.94466352463,-14.1192016602,2.33849143982,0
1539875280405643720,1.494719648,carbonZ_2018-10-18-11-04-08_1_engine_failure_with_emr_traj,engine,-1.84999990463,-272.613525391,-314.424316406,34,29.9164810181,-11.6415119171,-68.2504730225,7.96249485016,-14.0528869629,2.59169268608,0
1539875280503674344,1.592750272,carbonZ_2018-10-18-11-04-08_1_engine_failure_with_emr_traj,engine,-1.57999992371,-272.613525391,-313.038024902,35,29.9164810181,-11.6415119171,-68.2504730225,8.03745269775,-13.9172468185,3.03567433357,0
1539875280555327112,1.64440304,carbonZ_2018-10-18-11-04-08_1_engine_failure_with_emr_traj,engine,-1.57999992371,-272.613525391,-313.038024902,35,29.9164810181,-11.6415119171,-68.2504730225,8.14658355713,-13.7660503387,3.45247578621,0
1539875280621546312,1.71062224,carbonZ_2018-10-18-11-04-08_1_engine_failure_with_emr_traj,engine,-1.24000000954,-249.374572754,-311.68548584,37,29.9164810181,-11.6415119171,-68.2504730225,8.14914321899,-13.6966676712,3.74063968658,0
1539875280687071816,1.776147744,carbonZ_2018-10-18-11-04-08_1_engine_failure_with_emr_traj,engine,-1.24000000954,-249.374572754,-311.68548584,37,29.9164810181,-11.6415119171,-68.2504730225,8.14304161072,-13.5967655182,4.15744972229,0
1539875280710672296,1.799748224,carbonZ_2018-10-18-11-04-08_1_engine_failure_with_emr_traj,engine,-0.839999973774,-249.374572754,-310.332885742,38,29.9164810181,-11.6415119171,-68.2504730225,8.14092254639,-13.5673522949,4.29209375381,0
1539875280770976232,1.86005216,carbonZ_2018-10-18-11-04-08_1_engine_failure_with_emr_traj,engine,-0.839999973774,-249.374572754,-310.332885742,38,29.9164810181,-11.6415119171,-68.2504730225,8.18735694885,-13.4753303528,4.63504314423,0
1539875280789054472,1.8781304,carbonZ_2018-10-18-11-04-08_1_engine_failure_with_emr_traj,engine,-0.839999973774,-249.374572754,-310.332885742,38,28.1272449493,-17.3268699646,-62.1933937073,8.22009944916,-13.4434528351,4.71731758118,0
1539875280811985928,1.901061856,carbonZ_2018-10-18-11-04-08_1_engine_failure_with_emr_traj,engine,-0.379999995232,-252.810089111,-309.014190674,40,28.1272449493,-17.3268699646,-62.1933937073,8.42065906525,-13.3429927826,4.81476211548,0
1539875280860813544,1.949889472,carbonZ_2018-10-18-11-04-08_1_engine_failure_with_emr_traj,engine,-0.379999995232,-252.810089111,-309.014190674,40,28.1272449493,-17.3268699646,-62.1933937073,8.42065906525,-13.3429927826,4.81476211548,0
1539875280923112232,2.01218816,carbonZ_2018-10-18-11-04-08_1_engine_failure_with_emr_traj,engine,0.109999999404,-252.810089111,-307.695465088,41,28.1272449493,-17.3268699646,-62.1933937073,8.62248897552,-13.2374639511,4.90771389008,0
1539875280965582312,2.05465824,carbonZ_2018-10-18-11-04-08_1_engine_failure_with_emr_traj,engine,0.109999999404,-252.810089111,-307.695465088,41,28.1272449493,-17.3268699646,-62.1933937073,8.76880550385,-13.1501331329,5.06595802307,0
1539875281022795336,2.111871264,carbonZ_2018-10-18-11-04-08_1_engine_failure_with_emr_traj,engine,0.629999995232,-215.398025513,-306.419036865,43,28.1272449493,-17.3268699646,-62.1933937073,8.90729427338,-13.0567188263,5.25593757629,0
1539875281076562056,2.165637984,carbonZ_2018-10-18-11-04-08_1_engine_failure_with_emr_traj,engine,0.629999995232,-215.398025513,-306.419036865,43,28.1272449493,-17.3268699646,-62.1933937073,9.02884960175,-12.9449586868,5.50163841248,0
1539875281117969544,2.207045472,carbonZ_2018-10-18-11-04-08_1_engine_failure_with_emr_traj,engine,1.17999994755,-215.398025513,-305.125610352,44,28.1272449493,-17.3268699646,-62.1933937073,9.12661457062,-12.8851442337,5.62341213226,0
1539875281170920936,2.259996864,carbonZ_2018-10-18-11-04-08_1_engine_failure_with_emr_traj,engine,1.17999994755,-215.398025513,-305.125610352,44,25.314207077,-19.9473800659,-56.3360748291,9.27209568024,-12.7913894653,5.8076839447,0
1539875281222991720,2.312067648,carbonZ_2018-10-18-11-04-08_1_engine_failure_with_emr_traj,engine,1.75,-229.227264404,-303.882995605,46,25.314207077,-19.9473800659,-56.3360748291,9.37911510468,-12.7231178284,5.91737174988,0
1539875281261386632,2.35046256,carbonZ_2018-10-18-11-04-08_1_engine_failure_with_emr_traj,engine,1.75,-229.227264404,-303.882995605,46,25.314207077,-19.9473800659,-56.3360748291,9.46616363525,-12.6713914871,6.02670764923,0
1539875281307307048,2.396382976,carbonZ_2018-10-18-11-04-08_1_engine_failure_with_emr_traj,engine,2.34999990463,-229.227264404,-302.623352051,47,25.314207077,-19.9473800659,-56.3360748291,9.54474830627,-12.6271753311,6.14603567123,0
1539875281366914792,2.45599072,carbonZ_2018-10-18-11-04-08_1_engine_failure_with_emr_traj,engine,2.34999990463,-229.227264404,-302.623352051,47,25.314207077,-19.9473800659,-56.3360748291,9.68063259125,-12.5396518707,6.32529735565,0
1539875281427779016,2.516854944,carbonZ_2018-10-18-11-04-08_1_engine_failure_with_emr_traj,engine,2.97000002861,-225.461761475,-301.397644043,49,25.314207077,-19.9473800659,-56.3360748291,9.83930873871,-12.4688386917,6.4451956749,0
1539875281455733544,2.544809472,carbonZ_2018-10-18-11-04-08_1_engine_failure_with_emr_traj,engine,2.97000002861,-225.461761475,-301.397644043,49,25.314207077,-19.9473800659,-56.3360748291,9.97281551361,-12.4148426056,6.49160289764,0
1539875281552775880,2.641851808,carbonZ_2018-10-18-11-04-08_1_engine_failure_with_emr_traj,engine,3.6099998951,-225.461761475,-300.180389404,50,25.314207077,-19.9473800659,-56.3360748291,10.2426424026,-12.3184480667,6.54963827133,0
1539875281587827624,2.676903552,carbonZ_2018-10-18-11-04-08_1_engine_failure_with_emr_traj,engine,3.6099998951,-225.461761475,-300.180389404,50,21.478811264,-21.2357254028,-53.1462249756,10.3895835876,-12.2749853134,6.5532207489,0
1539875281622284136,2.711360064,carbonZ_2018-10-18-11-04-08_1_engine_failure_with_emr_traj,engine,4.26999998093,-234.925842285,-298.980010986,52,21.478811264,-21.2357254028,-53.1462249756,10.4648809433,-12.2523145676,6.54899501801,0
1539875281645919880,2.734995808,carbonZ_2018-10-18-11-04-08_1_engine_failure_with_emr_traj,engine,4.26999998093,-234.925842285,-298.980010986,52,21.478811264,-21.2357254028,-53.1462249756,10.6174116135,-12.2135295868,6.52221298218,0
1539875281746279208,2.835355136,carbonZ_2018-10-18-11-04-08_1_engine_failure_with_emr_traj,engine,4.90999984741,-234.925842285,-297.779632568,54,21.478811264,-21.2357254028,-53.1462249756,10.9175596237,-12.1077470779,6.60992908478,0
1539875281782068680,2.871144608,carbonZ_2018-10-18-11-04-08_1_engine_failure_with_emr_traj,engine,4.90999984741,-234.925842285,-297.779632568,54,21.478811264,-21.2357254028,-53.1462249756,11.0251941681,-12.0724248886,6.64701604843,0
1539875281846958408,2.936034336,carbonZ_2018-10-18-11-04-08_1_engine_failure_with_emr_traj,engine,5.5499997139,-268.022521973,-296.604553223,55,21.478811264,-21.2357254028,-53.1462249756,11.1606769562,-12.0203809738,6.76633167267,0
1539875281905395944,2.994471872,carbonZ_2018-10-18-11-04-08_1_engine_failure_with_emr_traj,engine,6.21000003815,-268.022521973,-295.421112061,57,17.9985027313,-21.6573638916,-52.3110580444,11.3095016479,-11.9751329422,6.81966018677,0
1539875281955426472,3.0445024,carbonZ_2018-10-18-11-04-08_1_engine_failure_with_emr_traj,engine,6.21000003815,-268.022521973,-295.421112061,57,17.9985027313,-21.6573638916,-52.3110580444,11.4759893417,-11.952837944,6.81540155411,0
1539875281986934312,3.07601024,carbonZ_2018-10-18-11-04-08_1_engine_failure_with_emr_traj,engine,6.86999988556,-296.390350342,-294.229217529,58,17.9985027313,-21.6573638916,-52.3110580444,11.5280437469,-11.9456758499,6.81922388077,0
1539875282080916552,3.16999248,carbonZ_2018-10-18-11-04-08_1_engine_failure_with_emr_traj,engine,7.52999973297,-296.390350342,-293.054077148,60,17.9985027313,-21.6573638916,-52.3110580444,11.7277078629,-11.9337673187,6.8615436554,0
1539875282176473192,3.26554912,carbonZ_2018-10-18-11-04-08_1_engine_failure_with_emr_traj,engine,7.52999973297,-296.390350342,-293.054077148,60,17.9985027313,-21.6573638916,-52.3110580444,11.8896284103,-11.927863121,6.88433170319,0
1539875282200254824,3.289330752,carbonZ_2018-10-18-11-04-08_1_engine_failure_with_emr_traj,engine,8.19999980927,-324.915710449,-291.870605469,61,17.9985027313,-21.6573638916,-52.3110580444,11.9579248428,-11.9360246658,6.90783500671,0
1539875282253327176,3.342403104,carbonZ_2018-10-18-11-04-08_1_engine_failure_with_emr_traj,engine,8.19999980927,-324.915710449,-291.870605469,61,17.9985027313,-21.6573638916,-52.3110580444,12.0779361725,-11.9297418594,6.94187021255,0
1539875282312171400,3.401247328,carbonZ_2018-10-18-11-04-08_1_engine_failure_with_emr_traj,engine,8.85999965668,-324.915710449,-290.70401001,63,17.9985027313,-21.6573638916,-52.3110580444,12.1385135651,-11.9265108109,6.98486804962,0
1539875282366803240,3.455879168,carbonZ_2018-10-18-11-04-08_1_engine_failure_with_emr_traj,engine,8.85999965668,-324.915710449,-290.70401001,63,9.29740715027,-22.7467975616,-50.2940750122,12.2330551147,-11.9137058258,7.06855773926,0
1539875282382204616,3.471280544,carbonZ_2018-10-18-11-04-08_1_engine_failure_with_emr_traj,engine,8.85999965668,-324.915710449,-290.70401001,63,9.29740715027,-22.7467975616,-50.2940750122,12.2760190964,-11.9097061157,7.07040071487,0
1539875282417546536,3.506622464,carbonZ_2018-10-18-11-04-08_1_engine_failure_with_emr_traj,engine,9.55000019073,-337.914855957,-289.512115479,65,9.29740715027,-22.7467975616,-50.2940750122,12.3613433838,-11.898349762,7.07521247864,0
1539875282471644744,3.560720672,carbonZ_2018-10-18-11-04-08_1_engine_failure_with_emr_traj,engine,9.55000019073,-337.914855957,-289.512115479,65,9.29740715027,-22.7467975616,-50.2940750122,12.4269399643,-11.8922920227,7.12563180923,0
1539875282525405096,3.614481024,carbonZ_2018-10-18-11-04-08_1_engine_failure_with_emr_traj,engine,10.2399997711,-337.914855957,-288.328613281,66,9.29740715027,-22.7467975616,-50.2940750122,12.5367393494,-11.882019043,7.1725358963,0
1539875282564098760,3.653174688,carbonZ_2018-10-18-11-04-08_1_engine_failure_with_emr_traj,engine,10.2399997711,-337.914855957,-288.328613281,66,9.29740715027,-22.7467975616,-50.2940750122,12.6081361771,-11.8782119751,7.19394636154,0
1539875282612908200,3.701984128,carbonZ_2018-10-18-11-04-08_1_engine_failure_with_emr_traj,engine,10.9399995804,-367.967041016,-287.162078857,68,9.29740715027,-22.7467975616,-50.2940750122,12.6539039612,-11.8941764832,7.21711063385,0
1539875282662050408,3.751126336,carbonZ_2018-10-18-11-04-08_1_engine_failure_with_emr_traj,engine,10.9399995804,-367.967041016,-287.162078857,68,9.29740715027,-22.7467975616,-50.2940750122,12.7141990662,-11.9390974045,7.22141027451,0
1539875282696353800,3.785429728,carbonZ_2018-10-18-11-04-08_1_engine_failure_with_emr_traj,engine,11.6499996185,-367.967041016,-285.961761475,70,7.25302505493,-22.7051086426,-50.9622955322,12.740571022,-11.9543590546,7.20110273361,0
1539875282745142952,3.83421888,carbonZ_2018-10-18-11-04-08_1_engine_failure_with_emr_traj,engine,11.6499996185,-367.967041016,-285.961761475,70,7.25302505493,-22.7051086426,-50.9622955322,12.7650136948,-11.9656562805,7.28893613815,0
1539875282787542056,3.876617984,carbonZ_2018-10-18-11-04-08_1_engine_failure_with_emr_traj,engine,11.6499996185,-367.967041016,-285.961761475,70,7.25302505493,-22.7051086426,-50.9622955322,12.7289514542,-11.9589414597,7.46471500397,0
1539875282853505256,3.942581184,carbonZ_2018-10-18-11-04-08_1_engine_failure_with_emr_traj,engine,12.3599996567,-387.312316895,-284.795013428,71,7.25302505493,-22.7051086426,-50.9622955322,12.6390886307,-11.9509477615,7.76750087738,0
1539875282907585160,3.996661088,carbonZ_2018-10-18-11-04-08_1_engine_failure_with_emr_traj,engine,13.1199998856,-387.312316895,-283.611602783,73,7.25302505493,-22.7051086426,-50.9622955322,12.5590314865,-11.9897155762,7.93604516983,0
1539875282941709160,4.030785088,carbonZ_2018-10-18-11-04-08_1_engine_failure_with_emr_traj,engine,13.1199998856,-387.312316895,-283.611602783,73,7.25302505493,-22.7051086426,-50.9622955322,12.5492391586,-12.0588493347,7.89285182953,0
1539875282994086024,4.083161952,carbonZ_2018-10-18-11-04-08_1_engine_failure_with_emr_traj,engine,13.1199998856,-387.312316895,-283.611602783,73,7.25302505493,-22.7051086426,-50.9622955322,12.5489959717,-12.1220331192,7.85675525665,0
1539875283031013480,4.120089408,carbonZ_2018-10-18-11-04-08_1_engine_failure_with_emr_traj,engine,13.9200000763,-407.116119385,-282.402740479,75,1.33067989349,-23.9249515533,-49.9612503052,12.574930191,-12.2070894241,7.73554801941,0
1539875283058547624,4.147623552,carbonZ_2018-10-18-11-04-08_1_engine_failure_with_emr_traj,engine,13.9200000763,-407.116119385,-282.402740479,75,1.33067989349,-23.9249515533,-49.9612503052,12.6211462021,-12.2854413986,7.60816860199,0
1539875283136323528,4.225399456,carbonZ_2018-10-18-11-04-08_1_engine_failure_with_emr_traj,engine,14.6799993515,-407.116119385,-281.202392578,76,1.33067989349,-23.9249515533,-49.9612503052,12.701792717,-12.3610067368,7.45612668991,0
1539875283154141448,4.243217376,carbonZ_2018-10-18-11-04-08_1_engine_failure_with_emr_traj,engine,14.6799993515,-407.116119385,-281.202392578,76,1.33067989349,-23.9249515533,-49.9612503052,12.701792717,-12.3610067368,7.45612668991,0
1539875283206114760,4.295190688,carbonZ_2018-10-18-11-04-08_1_engine_failure_with_emr_traj,engine,15.4200000763,-395.795440674,-279.968231201,78,1.33067989349,-23.9249515533,-49.9612503052,12.7877130508,-12.4166135788,7.41105318069,0
1539875283259354408,4.348430336,carbonZ_2018-10-18-11-04-08_1_engine_failure_with_emr_traj,engine,15.4200000763,-395.795440674,-279.968231201,78,1.33067989349,-23.9249515533,-49.9612503052,12.8012886047,-12.4242267609,7.47365808487,0
1539875283331032872,4.4201088,carbonZ_2018-10-18-11-04-08_1_engine_failure_with_emr_traj,engine,16.1700000763,-395.795440674,-278.725494385,80,1.33067989349,-23.9249515533,-49.9612503052,12.8301906586,-12.4448289871,7.54372310638,0
1539875283365125256,4.454201184,carbonZ_2018-10-18-11-04-08_1_engine_failure_with_emr_traj,engine,16.1700000763,-395.795440674,-278.725494385,80,1.33067989349,-23.9249515533,-49.9612503052,12.8598737717,-12.4738473892,7.55534744263,0
1539875283415021736,4.504097664,carbonZ_2018-10-18-11-04-08_1_engine_failure_with_emr_traj,engine,16.9200000763,-451.640136719,-277.47442627,82,1.49039018154,-23.2869739532,-44.5314979553,12.87180233,-12.506978035,7.59571695328,0
1539875283447358856,4.536434784,carbonZ_2018-10-18-11-04-08_1_engine_failure_with_emr_traj,engine,16.9200000763,-451.640136719,-277.47442627,82,1.49039018154,-23.2869739532,-44.5314979553,12.8824062347,-12.5274896622,7.65832853317,0
1539875283516388040,4.605463968,carbonZ_2018-10-18-11-04-08_1_engine_failure_with_emr_traj,engine,17.6900005341,-451.640136719,-276.223236084,83,1.49039018154,-23.2869739532,-44.5314979553,12.8440847397,-12.4980382919,8.02960205078,0
1539875283581368040,4.670443968,carbonZ_2018-10-18-11-04-08_1_engine_failure_with_emr_traj,engine,17.6900005341,-451.640136719,-276.223236084,83,1.49039018154,-23.2869739532,-44.5314979553,12.854309082,-12.5263404846,8.09903621674,0
1539875283663643240,4.752719168,carbonZ_2018-10-18-11-04-08_1_engine_failure_with_emr_traj,engine,18.5,-453.426940918,-274.95526123,85,1.49039018154,-23.2869739532,-44.5314979553,12.862994194,-12.5229883194,8.22727298737,0
1539875283690942824,4.780018752,carbonZ_2018-10-18-11-04-08_1_engine_failure_with_emr_traj,engine,18.5,-453.426940918,-274.95526123,85,1.49039018154,-23.2869739532,-44.5314979553,12.8682632446,-12.5182189941,8.261095047,0
1539875283749723976,4.838799904,carbonZ_2018-10-18-11-04-08_1_engine_failure_with_emr_traj,engine,19.3099994659,-453.426940918,-273.712646484,87,-0.689312756062,-22.9975357056,-44.1413917542,12.9317169189,-12.5270204544,8.2470369339,0
1539875283778427784,4.867503712,carbonZ_2018-10-18-11-04-08_1_engine_failure_with_emr_traj,engine,19.3099994659,-453.426940918,-273.712646484,87,-0.689312756062,-22.9975357056,-44.1413917542,13.0062065125,-12.5485610962,8.13608646393,0
1539875283847329672,4.9364056,carbonZ_2018-10-18-11-04-08_1_engine_failure_with_emr_traj,engine,20.1499996185,-447.262573242,-272.469909668,89,-0.689312756062,-22.9975357056,-44.1413917542,13.0801935196,-12.5595569611,8.06359004974,0
1539875283873397864,4.962473792,carbonZ_2018-10-18-11-04-08_1_engine_failure_with_emr_traj,engine,20.1499996185,-447.262573242,-272.469909668,89,-0.689312756062,-22.9975357056,-44.1413917542,13.1037340164,-12.5606336594,8.09428596497,0
1539875283947981064,5.037056992,carbonZ_2018-10-18-11-04-08_1_engine_failure_with_emr_traj,engine,20.9699993134,-447.262573242,-271.218688965,90,-0.689312756062,-22.9975357056,-44.1413917542,13.0949487686,-12.5317974091,8.20940303802,0
1539875283976678696,5.065754624,carbonZ_2018-10-18-11-04-08_1_engine_failure_with_emr_traj,engine,20.9699993134,-447.262573242,-271.218688965,90,-0.689312756062,-22.9975357056,-44.1413917542,13.0951976776,-12.5171527863,8.27174377441,0
1539875284049559720,5.138635648,carbonZ_2018-10-18-11-04-08_1_engine_failure_with_emr_traj,engine,21.7999992371,-468.555053711,-269.976074219,92,-0.689312756062,-22.9975357056,-44.1413917542,13.1062927246,-12.5363693237,8.27628135681,0
1539875284163732776,5.252808704,carbonZ_2018-10-18-11-04-08_1_engine_failure_with_emr_traj,engine,22.6499996185,-468.555053711,-268.733459473,94,-0.689312756062,-22.9975357056,-44.1413917542,13.0664253235,-12.6120433807,8.30017852783,0
1539875284230038344,5.319114272,carbonZ_2018-10-18-11-04-08_1_engine_failure_with_emr_traj,engine,23.5,-466.033172607,-267.490783691,96,-0.689312756062,-22.9975357056,-44.1413917542,12.989566803,-12.6439990997,8.42940616608,0
1539875284266601576,5.355677504,carbonZ_2018-10-18-11-04-08_1_engine_failure_with_emr_traj,engine,23.5,-466.033172607,-267.490783691,96,1.36495912075,-21.1092281342,-49.0583000183,12.9655771255,-12.6908578873,8.36233997345,0
1539875284284671784,5.373747712,carbonZ_2018-10-18-11-04-08_1_engine_failure_with_emr_traj,engine,23.5,-466.033172607,-267.490783691,96,1.36495912075,-21.1092281342,-49.0583000183,12.9687623978,-12.7185668945,8.30063819885,0
1539875284350354024,5.439429952,carbonZ_2018-10-18-11-04-08_1_engine_failure_with_emr_traj,engine,24.359998703,-466.033172607,-266.239715576,97,1.36495912075,-21.1092281342,-49.0583000183,12.9797840118,-12.8399934769,8.02405452728,0
1539875284380542600,5.469618528,carbonZ_2018-10-18-11-04-08_1_engine_failure_with_emr_traj,engine,24.359998703,-466.033172607,-266.239715576,97,1.36495912075,-21.1092281342,-49.0583000183,12.9500894547,-12.8949108124,7.99701833725,0
1539875284421702504,5.510778432,carbonZ_2018-10-18-11-04-08_1_engine_failure_with_emr_traj,engine,25.1899986267,-483.529846191,-264.963195801,99,1.36495912075,-21.1092281342,-49.0583000183,12.9234409332,-12.9430818558,7.91898488998,0
1539875284454358056,5.543433984,carbonZ_2018-10-18-11-04-08_1_engine_failure_with_emr_traj,engine,25.1899986267,-483.529846191,-264.963195801,99,1.36495912075,-21.1092281342,-49.0583000183,12.9080371857,-12.9793996811,7.86790180206,0
1539875284498240968,5.587316896,carbonZ_2018-10-18-11-04-08_1_engine_failure_with_emr_traj,engine,26.0,-483.529846191,-263.678314209,101,1.36495912075,-21.1092281342,-49.0583000183,12.8918714523,-13.0327301025,7.82704973221,0
1539875284572342248,5.661418176,carbonZ_2018-10-18-11-04-08_1_engine_failure_with_emr_traj,engine,26.0,-483.529846191,-263.678314209,101,1.36495912075,-21.1092281342,-49.0583000183,12.8883590698,-13.1086111069,7.63490104675,0
1539875284600245768,5.689321696,carbonZ_2018-10-18-11-04-08_1_engine_failure_with_emr_traj,engine,26.7699985504,-502.501495361,-262.368103027,103,-4.46375799179,-18.7726097107,-45.7552452087,12.8905916214,-13.1876621246,7.48402929306,0
1539875284682056488,5.771132416,carbonZ_2018-10-18-11-04-08_1_engine_failure_with_emr_traj,engine,26.7699985504,-502.501495361,-262.368103027,103,-4.46375799179,-18.7726097107,-45.7552452087,12.8859062195,-13.3012781143,7.20063591003,0
1539875284710536616,5.799612544,carbonZ_2018-10-18-11-04-08_1_engine_failure_with_emr_traj,engine,27.5199985504,-502.501495361,-261.049255371,105,-4.46375799179,-18.7726097107,-45.7552452087,12.878610611,-13.322766304,7.15801048279,0
1539875284741158184,5.830234112,carbonZ_2018-10-18-11-04-08_1_engine_failure_with_emr_traj,engine,27.5199985504,-502.501495361,-261.049255371,105,-4.46375799179,-18.7726097107,-45.7552452087,12.8887767792,-13.3547496796,7.02383470535,0
1539875284809662280,5.898738208,carbonZ_2018-10-18-11-04-08_1_engine_failure_with_emr_traj,engine,28.2299995422,-510.934448242,-259.705169678,107,-4.46375799179,-18.7726097107,-45.7552452087,12.9139547348,-13.431722641,6.79433822632,0
1539875284871658408,5.960734336,carbonZ_2018-10-18-11-04-08_1_engine_failure_with_emr_traj,engine,28.2299995422,-510.934448242,-259.705169678,107,-4.46375799179,-18.7726097107,-45.7552452087,12.9244394302,-13.5513973236,6.43783473969,0
1539875284923217992,6.01229392,carbonZ_2018-10-18-11-04-08_1_engine_failure_with_emr_traj,engine,28.8999996185,-510.934448242,-258.361083984,108,-4.46375799179,-18.7726097107,-45.7552452087,12.9323368073,-13.62682724,6.15798854828,0
1539875284954092072,6.043168,carbonZ_2018-10-18-11-04-08_1_engine_failure_with_emr_traj,engine,28.8999996185,-510.934448242,-258.361083984,108,-3.04915237427,-15.6898593903,-45.8326644897,12.9273777008,-13.7336769104,5.82164001465,0
1539875284978246408,6.067322336,carbonZ_2018-10-18-11-04-08_1_engine_failure_with_emr_traj,engine,28.8999996185,-510.934448242,-258.361083984,108,-3.04915237427,-15.6898593903,-45.8326644897,12.9239425659,-13.7623624802,5.75527620316,0
1539875285048347144,6.137423072,carbonZ_2018-10-18-11-04-08_1_engine_failure_with_emr_traj,engine,29.5,-535.558105469,-256.991668701,110,-3.04915237427,-15.6898593903,-45.8326644897,12.8915891647,-13.8148260117,5.58921766281,0
1539875285103023016,6.192098944,carbonZ_2018-10-18-11-04-08_1_engine_failure_with_emr_traj,engine,30.0699996948,-535.558105469,-255.622192383,112,-3.04915237427,-15.6898593903,-45.8326644897,12.8536014557,-13.8609962463,5.44396543503,0
1539875285163088232,6.25216416,carbonZ_2018-10-18-11-04-08_1_engine_failure_with_emr_traj,engine,30.0699996948,-535.558105469,-255.622192383,112,-3.04915237427,-15.6898593903,-45.8326644897,12.8089647293,-13.8997077942,5.33145332336,0
1539875285181414952,6.27049088,carbonZ_2018-10-18-11-04-08_1_engine_failure_with_emr_traj,engine,30.0699996948,-535.558105469,-255.622192383,112,-3.04915237427,-15.6898593903,-45.8326644897,12.7911529541,-13.9172296524,5.32215118408,0
1539875285251688776,6.340764704,carbonZ_2018-10-18-11-04-08_1_engine_failure_with_emr_traj,engine,30.5999984741,-571.107299805,-254.244354248,114,-3.04915237427,-15.6898593903,-45.8326644897,12.7420406342,-13.930724144,5.29997205734,0
1539875285312634568,6.401710496,carbonZ_2018-10-18-11-04-08_1_engine_failure_with_emr_traj,engine,31.1299991608,-571.107299805,-252.857879639,116,-3.04915237427,-15.6898593903,-45.8326644897,12.7065858841,-13.9550075531,5.16194295883,0
1539875285381585896,6.470661824,carbonZ_2018-10-18-11-04-08_1_engine_failure_with_emr_traj,engine,31.1299991608,-571.107299805,-252.857879639,116,-2.59007954597,-13.1609039307,-45.262802124,12.6590747833,-13.9607038498,5.09343385696,0
1539875285445393256,6.534469184,carbonZ_2018-10-18-11-04-08_1_engine_failure_with_emr_traj,engine,31.6399993896,-564.891235352,-251.480010986,118,-2.59007954597,-13.1609039307,-45.262802124,12.6158847809,-13.9668807983,5.01567745209,0
1539875285483639336,6.572715264,carbonZ_2018-10-18-11-04-08_1_engine_failure_with_emr_traj,engine,31.6399993896,-564.891235352,-251.480010986,118,-2.59007954597,-13.1609039307,-45.262802124,12.5702667236,-13.9627122879,5.00048208237,0
1539875285562413512,6.65148944,carbonZ_2018-10-18-11-04-08_1_engine_failure_with_emr_traj,engine,32.1499977112,-564.891235352,-250.093704224,120,-2.59007954597,-13.1609039307,-45.262802124,12.5509777069,-13.9339847565,5.02903270721,0
1539875285610238568,6.699314496,carbonZ_2018-10-18-11-04-08_1_engine_failure_with_emr_traj,engine,32.6599998474,-563.231445312,-248.724258423,122,-2.59007954597,-13.1609039307,-45.262802124,12.5538520813,-13.9116821289,4.99362850189,0
1539875285628943368,6.718019296,carbonZ_2018-10-18-11-04-08_1_engine_failure_with_emr_traj,engine,32.6599998474,-563.231445312,-248.724258423,122,-2.59007954597,-13.1609039307,-45.262802124,12.5623292923,-13.8923206329,4.97223615646,0
1539875285653039656,6.742115584,carbonZ_2018-10-18-11-04-08_1_engine_failure_with_emr_traj,engine,32.6599998474,-563.231445312,-248.724258423,122,-2.59007954597,-13.1609039307,-45.262802124,12.5623292923,-13.8923206329,4.97223615646,0
1539875285701511528,6.790587456,carbonZ_2018-10-18-11-04-08_1_engine_failure_with_emr_traj,engine,33.1699981689,-563.231445312,-247.354873657,123,-2.59007954597,-13.1609039307,-45.262802124,12.5883388519,-13.8336305618,4.84037351608,0
1539875285766765992,6.85584192,carbonZ_2018-10-18-11-04-08_1_engine_failure_with_emr_traj,engine,33.1699981689,-563.231445312,-247.354873657,123,1.09351718426,-11.0230560303,-45.3839759827,12.5953540802,-13.7652206421,4.84750413895,0
1539875285801841160,6.890917088,carbonZ_2018-10-18-11-04-08_1_engine_failure_with_emr_traj,engine,33.6699981689,-553.072570801,-245.993759155,125,1.09351718426,-11.0230560303,-45.3839759827,12.5976362228,-13.7351455688,4.68272590637,0
1539875285855413320,6.944489248,carbonZ_2018-10-18-11-04-08_1_engine_failure_with_emr_traj,engine,33.6699981689,-553.072570801,-245.993759155,125,1.09351718426,-11.0230560303,-45.3839759827,12.5850315094,-13.7640256882,4.33229017258,0
1539875285918234056,7.007309984,carbonZ_2018-10-18-11-04-08_1_engine_failure_with_emr_traj,engine,34.1499977112,-553.072570801,-244.649734497,127,1.09351718426,-11.0230560303,-45.3839759827,12.5745801926,-13.7813177109,4.2448682785,0
1539875285970836776,7.059912704,carbonZ_2018-10-18-11-04-08_1_engine_failure_with_emr_traj,engine,34.1499977112,-553.072570801,-244.649734497,127,1.09351718426,-11.0230560303,-45.3839759827,12.5275468826,-13.8331222534,3.94264483452,0
1539875286018053768,7.107129696,carbonZ_2018-10-18-11-04-08_1_engine_failure_with_emr_traj,engine,34.5699996948,-546.442993164,-243.297210693,129,1.09351718426,-11.0230560303,-45.3839759827,12.4745969772,-13.8911218643,3.70453095436,0
1539875286066888104,7.155964032,carbonZ_2018-10-18-11-04-08_1_engine_failure_with_emr_traj,engine,34.5699996948,-546.442993164,-243.297210693,129,1.09351718426,-11.0230560303,-45.3839759827,12.3844385147,-13.9989175797,3.3498108387,0
1539875286100759592,7.18983552,carbonZ_2018-10-18-11-04-08_1_engine_failure_with_emr_traj,engine,34.9399986267,-546.442993164,-241.927780151,131,-6.71683597565,-9.42531967163,-49.5483474731,12.308262825,-14.0739011765,3.1227478981,0
1539875286220746472,7.3098224,carbonZ_2018-10-18-11-04-08_1_engine_failure_with_emr_traj,engine,35.25,-548.804077148,-240.53302002,133,-6.71683597565,-9.42531967163,-49.5483474731,12.1159095764,-14.2610340118,2.71014904976,0
1539875286253716936,7.342792864,carbonZ_2018-10-18-11-04-08_1_engine_failure_with_emr_traj,engine,35.25,-548.804077148,-240.53302002,133,-6.71683597565,-9.42531967163,-49.5483474731,11.9954738617,-14.3657197952,2.49232363701,0
1539875286299984424,7.389060352,carbonZ_2018-10-18-11-04-08_1_engine_failure_with_emr_traj,engine,35.5200004578,-548.804077148,-239.121337891,135,-6.71683597565,-9.42531967163,-49.5483474731,11.9259061813,-14.4255084991,2.39937114716,0
1539875286370856968,7.459932896,carbonZ_2018-10-18-11-04-08_1_engine_failure_with_emr_traj,engine,35.5200004578,-548.804077148,-239.121337891,135,-6.71683597565,-9.42531967163,-49.5483474731,11.8500270844,-14.5076808929,2.30343985558,0
1539875286406903976,7.495979904,carbonZ_2018-10-18-11-04-08_1_engine_failure_with_emr_traj,engine,35.75,-524.434082031,-237.667251587,136,-6.71683597565,-9.42531967163,-49.5483474731,11.786980629,-14.5605535507,2.20178747177,0
1539875286470300136,7.559376064,carbonZ_2018-10-18-11-04-08_1_engine_failure_with_emr_traj,engine,35.75,-524.434082031,-237.667251587,136,-6.71683597565,-9.42531967163,-49.5483474731,11.7567930222,-14.5981340408,2.10666584969,0
1539875286507044360,7.596120288,carbonZ_2018-10-18-11-04-08_1_engine_failure_with_emr_traj,engine,35.969997406,-524.434082031,-236.213302612,138,-5.04919576645,-7.23685503006,-47.1024246216,11.7261924744,-14.6165246964,1.99010813236,0
1539875286546944520,7.636020448,carbonZ_2018-10-18-11-04-08_1_engine_failure_with_emr_traj,engine,35.969997406,-524.434082031,-236.213302612,138,-5.04919576645,-7.23685503006,-47.1024246216,11.6986923218,-14.6455287933,1.83192837238,0
1539875286580894120,7.669970048,carbonZ_2018-10-18-11-04-08_1_engine_failure_with_emr_traj,engine,35.969997406,-524.434082031,-236.213302612,138,-5.04919576645,-7.23685503006,-47.1024246216,11.6939277649,-14.6618738174,1.73681223392,0
1539875286659992264,7.749068192,carbonZ_2018-10-18-11-04-08_1_engine_failure_with_emr_traj,engine,36.1699981689,-523.130981445,-234.733917236,140,-5.04919576645,-7.23685503006,-47.1024246216,11.6726512909,-14.6823205948,1.51357293129,0
1539875286695570856,7.784646784,carbonZ_2018-10-18-11-04-08_1_engine_failure_with_emr_traj,engine,36.3400001526,-523.130981445,-233.263076782,142,-5.04919576645,-7.23685503006,-47.1024246216,11.6533517838,-14.6815013885,1.41704809666,0
1539875286781649192,7.87072512,carbonZ_2018-10-18-11-04-08_1_engine_failure_with_emr_traj,engine,36.3400001526,-523.130981445,-233.263076782,142,-5.04919576645,-7.23685503006,-47.1024246216,11.6616678238,-14.6498832703,1.44538605213,0
1539875286857921832,7.94699776,carbonZ_2018-10-18-11-04-08_1_engine_failure_with_emr_traj,engine,36.5099983215,-526.96282959,-231.792236328,144,1.56938874722,-4.00817251205,-46.4761924744,11.6845436096,-14.6083374023,1.46402859688,0
1539875286890466312,7.97954224,carbonZ_2018-10-18-11-04-08_1_engine_failure_with_emr_traj,engine,36.5099983215,-526.96282959,-231.792236328,144,1.56938874722,-4.00817251205,-46.4761924744,11.6907520294,-14.5880689621,1.43809294701,0
1539875286942255976,8.031331904,carbonZ_2018-10-18-11-04-08_1_engine_failure_with_emr_traj,engine,36.6800003052,-526.96282959,-230.338317871,146,1.56938874722,-4.00817251205,-46.4761924744,11.7328767776,-14.5395822525,1.29634344578,0
1539875286979104296,8.068180224,carbonZ_2018-10-18-11-04-08_1_engine_failure_with_emr_traj,engine,36.6800003052,-526.96282959,-230.338317871,146,1.56938874722,-4.00817251205,-46.4761924744,11.7496585846,-14.5043020248,1.18645191193,0
1539875287035040200,8.124116128,carbonZ_2018-10-18-11-04-08_1_engine_failure_with_emr_traj,engine,36.8400001526,-518.016052246,-228.884231567,148,1.56938874722,-4.00817251205,-46.4761924744,11.7922010422,-14.4364414215,0.961005330086,0
1539875287067578568,8.156654496,carbonZ_2018-10-18-11-04-08_1_engine_failure_with_emr_traj,engine,36.8400001526,-518.016052246,-228.884231567,148,1.56938874722,-4.00817251205,-46.4761924744,11.8079614639,-14.4143428802,0.881249725819,0
1539875287101176936,8.190252864,carbonZ_2018-10-18-11-04-08_1_engine_failure_with_emr_traj,engine,36.9799995422,-518.016052246,-227.447189331,150,5.81469583511,-0.827565550804,-47.0394706726,11.8427429199,-14.3557796478,0.641907572746,0
1539875287176659208,8.265735136,carbonZ_2018-10-18-11-04-08_1_engine_failure_with_emr_traj,engine,36.9799995422,-518.016052246,-227.447189331,150,5.81469583511,-0.827565550804,-47.0394706726,11.938706398,-14.1887540817,-0.124850846827,0
1539875287219636680,8.308712608,carbonZ_2018-10-18-11-04-08_1_engine_failure_with_emr_traj,engine,37.0499992371,-510.637664795,-226.027084351,152,5.81469583511,-0.827565550804,-47.0394706726,11.938706398,-14.1887540817,-0.124850846827,0
1539875287330123752,8.41919968,carbonZ_2018-10-18-11-04-08_1_engine_failure_with_emr_traj,engine,37.0499992371,-510.637664795,-224.623764038,153,5.81469583511,-0.827565550804,-47.0394706726,12.0262393951,-13.9730176926,-1.00141513348,0
1539875287384933096,8.474009024,carbonZ_2018-10-18-11-04-08_1_engine_failure_with_emr_traj,engine,37.0499992371,-510.637664795,-224.623764038,153,5.81469583511,-0.827565550804,-47.0394706726,12.0588941574,-13.8581924438,-1.49254095554,0
1539875287423314184,8.512390112,carbonZ_2018-10-18-11-04-08_1_engine_failure_with_emr_traj,engine,36.9799995422,-502.623565674,-223.254379272,155,5.81469583511,-0.827565550804,-47.0394706726,12.0642433167,-13.8228282928,-1.65648126602,0
1539875287468227016,8.557302944,carbonZ_2018-10-18-11-04-08_1_engine_failure_with_emr_traj,engine,36.9799995422,-502.623565674,-223.254379272,155,5.81469583511,-0.827565550804,-47.0394706726,12.0513868332,-13.7696933746,-1.97611320019,0
1539875287486251016,8.575326944,carbonZ_2018-10-18-11-04-08_1_engine_failure_with_emr_traj,engine,36.9799995422,-502.623565674,-223.254379272,155,6.31413602829,3.75536394119,-47.0633659363,12.0173625946,-13.7296075821,-2.33013534546,0
1539875287572842536,8.661918464,carbonZ_2018-10-18-11-04-08_1_engine_failure_with_emr_traj,engine,36.8099975586,-502.623565674,-221.893432617,157,6.31413602829,3.75536394119,-47.0633659363,11.9518499374,-13.6342258453,-3.28306269646,0
1539875287584889352,8.67396528,carbonZ_2018-10-18-11-04-08_1_engine_failure_with_emr_traj,engine,36.8099975586,-502.623565674,-221.893432617,157,6.31413602829,3.75536394119,-47.0633659363,11.9400987625,-13.6053123474,-3.49701118469,0
1539875287618765768,8.707841696,carbonZ_2018-10-18-11-04-08_1_engine_failure_with_emr_traj,engine,36.5400009155,-483.82244873,-220.557785034,159,6.31413602829,3.75536394119,-47.0633659363,11.8947725296,-13.5656652451,-3.87109160423,0
1539875287684659752,8.77373568,carbonZ_2018-10-18-11-04-08_1_engine_failure_with_emr_traj,engine,36.5400009155,-483.82244873,-220.557785034,159,6.31413602829,3.75536394119,-47.0633659363,11.8648614883,-13.4894313812,-4.24559879303,0
1539875287700607944,8.789683872,carbonZ_2018-10-18-11-04-08_1_engine_failure_with_emr_traj,engine,36.1699981689,-483.82244873,-219.239105225,161,6.31413602829,3.75536394119,-47.0633659363,11.8559303284,-13.4680700302,-4.33399581909,0
1539875287769784776,8.858860704,carbonZ_2018-10-18-11-04-08_1_engine_failure_with_emr_traj,engine,36.1699981689,-483.82244873,-219.239105225,161,6.31413602829,3.75536394119,-47.0633659363,11.828783989,-13.400686264,-4.54459524155,0
1539875287823769544,8.912845472,carbonZ_2018-10-18-11-04-08_1_engine_failure_with_emr_traj,engine,35.7299995422,-458.598327637,-217.920303345,163,6.31413602829,3.75536394119,-47.0633659363,11.8206100464,-13.3400468826,-4.53172636032,0
1539875287858570792,8.94764672,carbonZ_2018-10-18-11-04-08_1_engine_failure_with_emr_traj,engine,35.7299995422,-458.598327637,-217.920303345,163,6.31413602829,3.75536394119,-47.0633659363,11.8225336075,-13.3007774353,-4.48937416077,0
1539875287936299464,9.025375392,carbonZ_2018-10-18-11-04-08_1_engine_failure_with_emr_traj,engine,35.2799987793,-458.598327637,-216.610076904,164,3.24220848083,6.5685544014,-45.1222686768,11.8169393539,-13.1871042252,-4.47968769073,0
1539875287984142504,9.073218432,carbonZ_2018-10-18-11-04-08_1_engine_failure_with_emr_traj,engine,35.2799987793,-458.598327637,-216.610076904,164,3.24220848083,6.5685544014,-45.1222686768,11.8087968826,-13.1275835037,-4.45533561707,0
1539875288008190088,9.097266016,carbonZ_2018-10-18-11-04-08_1_engine_failure_with_emr_traj,engine,34.8299980164,-440.388305664,-215.308242798,166,3.24220848083,6.5685544014,-45.1222686768,11.8043661118,-13.0914287567,-4.46648645401,0
1539875288054639976,9.143715904,carbonZ_2018-10-18-11-04-08_1_engine_failure_with_emr_traj,engine,34.8299980164,-440.388305664,-215.308242798,166,3.24220848083,6.5685544014,-45.1222686768,11.806845665,-13.0018854141,-4.52328824997,0
1539875288087535912,9.17661184,carbonZ_2018-10-18-11-04-08_1_engine_failure_with_emr_traj,engine,34.8299980164,-440.388305664,-215.308242798,166,3.24220848083,6.5685544014,-45.1222686768,11.7993173599,-12.9161405563,-4.61051797867,0
1539875288150225544,9.239301472,carbonZ_2018-10-18-11-04-08_1_engine_failure_with_emr_traj,engine,34.3899993896,-440.388305664,-214.023376465,168,3.24220848083,6.5685544014,-45.1222686768,11.7923288345,-12.782166481,-4.67792510986,0
1539875288180594248,9.269670176,carbonZ_2018-10-18-11-04-08_1_engine_failure_with_emr_traj,engine,34.3899993896,-440.388305664,-214.023376465,168,3.24220848083,6.5685544014,-45.1222686768,11.8133544922,-12.6801919937,-4.69506168365,0
1539875288274336232,9.36341216,carbonZ_2018-10-18-11-04-08_1_engine_failure_with_emr_traj,engine,33.9599990845,-419.097320557,-212.755371094,170,8.24608421326,7.03641033173,-45.9680213928,11.8405628204,-12.46991539,-4.87484741211,0
1539875288289516584,9.378592512,carbonZ_2018-10-18-11-04-08_1_engine_failure_with_emr_traj,engine,33.9599990845,-419.097320557,-212.755371094,170,8.24608421326,7.03641033173,-45.9680213928,11.8661994934,-12.3954639435,-4.94383525848,0
1539875288360903304,9.449979232,carbonZ_2018-10-18-11-04-08_1_engine_failure_with_emr_traj,engine,33.5099983215,-419.097320557,-211.512771606,171,8.24608421326,7.03641033173,-45.9680213928,11.9388990402,-12.1169099808,-5.02906847,0
1539875288399966536,9.489042464,carbonZ_2018-10-18-11-04-08_1_engine_failure_with_emr_traj,engine,33.0400009155,-379.417053223,-210.303985596,173,8.24608421326,7.03641033173,-45.9680213928,11.9388990402,-12.1169099808,-5.02906847,0
1539875288461987336,9.551063264,carbonZ_2018-10-18-11-04-08_1_engine_failure_with_emr_traj,engine,33.0400009155,-379.417053223,-210.303985596,173,8.24608421326,7.03641033173,-45.9680213928,11.9671468735,-11.9396209717,-4.99108934402,0
1539875288490773352,9.57984928,carbonZ_2018-10-18-11-04-08_1_engine_failure_with_emr_traj,engine,33.0400009155,-379.417053223,-210.303985596,173,8.24608421326,7.03641033173,-45.9680213928,11.9786844254,-11.8850870132,-5.01032590866,0
1539875288550644360,9.639720288,carbonZ_2018-10-18-11-04-08_1_engine_failure_with_emr_traj,engine,32.5799980164,-379.417053223,-209.120407104,175,10.0424156189,7.66597795486,-48.6230773926,11.9757547379,-11.7161064148,-5.05852746964,0
1539875288598057320,9.687133248,carbonZ_2018-10-18-11-04-08_1_engine_failure_with_emr_traj,engine,32.0999984741,-353.303894043,-207.953887939,176,10.0424156189,7.66597795486,-48.6230773926,11.9603223801,-11.6509485245,-5.02871227264,0
1539875288640368616,9.729444544,carbonZ_2018-10-18-11-04-08_1_engine_failure_with_emr_traj,engine,32.0999984741,-353.303894043,-207.953887939,176,10.0424156189,7.66597795486,-48.6230773926,11.9547042847,-11.5835952759,-4.99426412582,0
1539875288678382728,9.767458656,carbonZ_2018-10-18-11-04-08_1_engine_failure_with_emr_traj,engine,32.0999984741,-353.303894043,-207.953887939,176,10.0424156189,7.66597795486,-48.6230773926,11.9232091904,-11.5380115509,-4.86846876144,0
1539875288771813288,9.860889216,carbonZ_2018-10-18-11-04-08_1_engine_failure_with_emr_traj,engine,31.6299991608,-353.303894043,-206.814453125,178,10.0424156189,7.66597795486,-48.6230773926,11.8755559921,-11.4568996429,-4.60764598846,0
1539875288789383752,9.87845968,carbonZ_2018-10-18-11-04-08_1_engine_failure_with_emr_traj,engine,31.6299991608,-353.303894043,-206.814453125,178,10.0424156189,7.66597795486,-48.6230773926,11.8525981903,-11.4250555038,-4.57987594604,0
1539875288863370856,9.952446784,carbonZ_2018-10-18-11-04-08_1_engine_failure_with_emr_traj,engine,31.1899986267,-317.180450439,-205.673217773,180,10.0424156189,7.66597795486,-48.6230773926,11.7869386673,-11.3424777985,-4.26816987991,0
1539875288882464040,9.971539968,carbonZ_2018-10-18-11-04-08_1_engine_failure_with_emr_traj,engine,31.1899986267,-317.180450439,-205.673217773,180,10.0424156189,7.66597795486,-48.6230773926,11.7740421295,-11.3238182068,-4.21637153625,0
1539875288947747944,10.036823872,carbonZ_2018-10-18-11-04-08_1_engine_failure_with_emr_traj,engine,30.7799987793,-317.180450439,-204.648681641,181,10.0424156189,7.66597795486,-48.6230773926,11.716050148,-11.254699707,-3.99750900269,0
1539875288991949864,10.081025792,carbonZ_2018-10-18-11-04-08_1_engine_failure_with_emr_traj,engine,30.4200000763,-293.47668457,-203.528381348,183,3.88037085533,4.48974943161,-49.7471313477,11.6935558319,-11.2215795517,-3.77115702629,0
1539875289055467112,10.14454304,carbonZ_2018-10-18-11-04-08_1_engine_failure_with_emr_traj,engine,30.4200000763,-293.47668457,-203.528381348,183,3.88037085533,4.48974943161,-49.7471313477,11.6274652481,-11.1307678223,-3.39562678337,0
1539875289102838824,10.191914752,carbonZ_2018-10-18-11-04-08_1_engine_failure_with_emr_traj,engine,30.0999984741,-293.47668457,-202.408157349,185,3.88037085533,4.48974943161,-49.7471313477,11.5956850052,-11.0912828445,-3.23149323463,0
1539875289171002952,10.26007888,carbonZ_2018-10-18-11-04-08_1_engine_failure_with_emr_traj,engine,30.0999984741,-293.47668457,-202.408157349,185,3.88037085533,4.48974943161,-49.7471313477,11.5674858093,-11.0331668854,-2.99162793159,0
1539875289182889224,10.271965152,carbonZ_2018-10-18-11-04-08_1_engine_failure_with_emr_traj,engine,30.0999984741,-293.47668457,-202.408157349,185,3.88037085533,4.48974943161,-49.7471313477,11.5454511642,-11.0161905289,-2.91865420341,0
1539875289239621192,10.32869712,carbonZ_2018-10-18-11-04-08_1_engine_failure_with_emr_traj,engine,29.8299999237,-273.488037109,-201.524490356,186,3.88037085533,4.48974943161,-49.7471313477,11.5149278641,-10.9500112534,-2.70415019989,0
1539875289280004424,10.369080352,carbonZ_2018-10-18-11-04-08_1_engine_failure_with_emr_traj,engine,29.5999984741,-273.488037109,-200.419876099,188,3.88037085533,4.48974943161,-49.7471313477,11.4878005981,-10.9112625122,-2.57069635391,0
1539875289320588872,10.4096648,carbonZ_2018-10-18-11-04-08_1_engine_failure_with_emr_traj,engine,29.5999984741,-273.488037109,-200.419876099,188,3.88037085533,4.48974943161,-49.7471313477,11.4645938873,-10.8744974136,-2.43525695801,0
1539875289362151144,10.451227072,carbonZ_2018-10-18-11-04-08_1_engine_failure_with_emr_traj,engine,29.5999984741,-273.488037109,-200.419876099,188,3.88037085533,4.48974943161,-49.7471313477,11.4206924438,-10.8348903656,-2.26250267029,0
1539875289412935208,10.502011136,carbonZ_2018-10-18-11-04-08_1_engine_failure_with_emr_traj,engine,29.3999996185,-247.872924805,-199.32371521,189,3.88037085533,4.48974943161,-49.7471313477,11.407409668,-10.8172054291,-2.19314837456,0
1539875289443480776,10.532556704,carbonZ_2018-10-18-11-04-08_1_engine_failure_with_emr_traj,engine,29.3999996185,-247.872924805,-199.32371521,189,1.97678613663,1.25159835815,-48.2029762268,11.3631229401,-10.7852163315,-2.00855875015,0
1539875289493394952,10.58247088,carbonZ_2018-10-18-11-04-08_1_engine_failure_with_emr_traj,engine,29.3999996185,-247.872924805,-199.32371521,189,1.97678613663,1.25159835815,-48.2029762268,11.3546800613,-10.7688159943,-1.92237102985,0
1539875289567692040,10.656767968,carbonZ_2018-10-18-11-04-08_1_engine_failure_with_emr_traj,engine,29.2199993134,-247.872924805,-198.397445679,191,1.97678613663,1.25159835815,-48.2029762268,11.3159198761,-10.7216396332,-1.68992257118,0
1539875289588404872,10.6774808,carbonZ_2018-10-18-11-04-08_1_engine_failure_with_emr_traj,engine,29.2199993134,-247.872924805,-198.397445679,191,1.97678613663,1.25159835815,-48.2029762268,11.3028907776,-10.7042751312,-1.65262234211,0
1539875289664694152,10.75377008,carbonZ_2018-10-18-11-04-08_1_engine_failure_with_emr_traj,engine,29.0799999237,-229.638671875,-197.302017212,192,1.97678613663,1.25159835815,-48.2029762268,11.287607193,-10.6732769012,-1.51749098301,0
1539875289706726152,10.79580208,carbonZ_2018-10-18-11-04-08_1_engine_failure_with_emr_traj,engine,28.9499988556,-229.638671875,-196.633117676,194,1.97678613663,1.25159835815,-48.2029762268,11.2679224014,-10.6326436996,-1.34439682961,0
1539875289772290088,10.861366016,carbonZ_2018-10-18-11-04-08_1_engine_failure_with_emr_traj,engine,28.9499988556,-229.638671875,-196.633117676,194,1.97678613663,1.25159835815,-48.2029762268,11.2181463242,-10.6088027954,-1.26326918602,0
1539875289842547784,10.931623712,carbonZ_2018-10-18-11-04-08_1_engine_failure_with_emr_traj,engine,28.8400001526,-211.472320557,-195.523605347,196,1.97678613663,1.25159835815,-48.2029762268,11.1887350082,-10.613524437,-1.26539969444,0
1539875289917801992,11.00687792,carbonZ_2018-10-18-11-04-08_1_engine_failure_with_emr_traj,engine,28.7299995422,-211.472320557,-194.414093018,197,1.97678613663,1.25159835815,-48.2029762268,11.1167192459,-10.6426115036,-1.27553606033,0
1539875289947028424,11.036104352,carbonZ_2018-10-18-11-04-08_1_engine_failure_with_emr_traj,engine,28.7299995422,-211.472320557,-194.414093018,197,-2.86598777771,-1.7166018486,-49.3308601379,11.0646190643,-10.6642570496,-1.28607177734,0
1539875289981450600,11.070526528,carbonZ_2018-10-18-11-04-08_1_engine_failure_with_emr_traj,engine,28.7299995422,-211.472320557,-194.414093018,197,-2.86598777771,-1.7166018486,-49.3308601379,11.0187444687,-10.6843147278,-1.26231753826,0
1539875290089755336,11.178831264,carbonZ_2018-10-18-11-04-08_1_engine_failure_with_emr_traj,engine,28.5999984741,-202.998535156,-193.774353027,199,-2.86598777771,-1.7166018486,-49.3308601379,10.9002285004,-10.7382450104,-1.14483058453,0
1539875290147997096,11.237073024,carbonZ_2018-10-18-11-04-08_1_engine_failure_with_emr_traj,engine,28.4799995422,-202.998535156,-192.625778198,200,-2.86598777771,-1.7166018486,-49.3308601379,10.8351593018,-10.7796039581,-1.05153572559,0
1539875290187279720,11.276355648,carbonZ_2018-10-18-11-04-08_1_engine_failure_with_emr_traj,engine,28.4799995422,-202.998535156,-192.625778198,200,-2.86598777771,-1.7166018486,-49.3308601379,10.800661087,-10.7962579727,-0.985273897648,0
1539875290244826760,11.333902688,carbonZ_2018-10-18-11-04-08_1_engine_failure_with_emr_traj,engine,28.3699989319,-194.66229248,-191.468795776,202,-1.59579753876,-4.13372850418,-48.9148826599,10.7526340485,-10.8290376663,-0.885722577572,0
1539875290324886216,11.413962144,carbonZ_2018-10-18-11-04-08_1_engine_failure_with_emr_traj,engine,28.2699985504,-194.66229248,-190.304916382,203,-1.59579753876,-4.13372850418,-48.9148826599,10.7050142288,-10.8453969955,-0.662983059883,0
1539875290381198216,11.470274144,carbonZ_2018-10-18-11-04-08_1_engine_failure_with_emr_traj,engine,28.2699985504,-194.66229248,-190.304916382,203,-1.59579753876,-4.13372850418,-48.9148826599,10.6953210831,-10.8542928696,-0.522402048111,0
1539875290398986152,11.48806208,carbonZ_2018-10-18-11-04-08_1_engine_failure_with_emr_traj,engine,28.2699985504,-194.66229248,-190.304916382,203,-1.59579753876,-4.13372850418,-48.9148826599,10.6864786148,-10.8630552292,-0.461812525988,0
1539875290436149064,11.525224992,carbonZ_2018-10-18-11-04-08_1_engine_failure_with_emr_traj,engine,28.1999988556,-181.504638672,-189.556976318,205,-1.59579753876,-4.13372850418,-48.9148826599,10.6783189774,-10.8595914841,-0.200869187713,0
1539875290495992744,11.585068672,carbonZ_2018-10-18-11-04-08_1_engine_failure_with_emr_traj,engine,28.1499996185,-181.504638672,-188.329208374,206,-1.59579753876,-4.13372850418,-48.9148826599,10.6753988266,-10.8650712967,-0.131747871637,0
1539875290549268552,11.63834448,carbonZ_2018-10-18-11-04-08_1_engine_failure_with_emr_traj,engine,28.1499996185,-181.504638672,-188.329208374,206,-1.59579753876,-4.13372850418,-48.9148826599,10.6778297424,-10.8606739044,0.0653983280063,0
1539875290600294504,11.689370432,carbonZ_2018-10-18-11-04-08_1_engine_failure_with_emr_traj,engine,28.1499996185,-185.696792603,-187.10144043,208,-1.59579753876,-4.13372850418,-48.9148826599,10.6862916946,-10.8472089767,0.303866326809,0
1539875290649806504,11.738882432,carbonZ_2018-10-18-11-04-08_1_engine_failure_with_emr_traj,engine,28.1499996185,-185.696792603,-187.10144043,208,-1.59579753876,-4.13372850418,-48.9148826599,10.6892518997,-10.829492569,0.453649550676,0
1539875290730686440,11.819762368,carbonZ_2018-10-18-11-04-08_1_engine_failure_with_emr_traj,engine,28.1800003052,-185.696792603,-185.638046265,209,4.56367874146,-7.43488121033,-44.9517021179,10.7268199921,-10.781879425,0.616100668907,0
1539875290786476936,11.875552864,carbonZ_2018-10-18-11-04-08_1_engine_failure_with_emr_traj,engine,28.2299995422,-184.717178345,-184.355255127,211,4.56367874146,-7.43488121033,-44.9517021179,10.7927265167,-10.7434692383,0.642683446407,0
1539875290857228072,11.946304,carbonZ_2018-10-18-11-04-08_1_engine_failure_with_emr_traj,engine,28.2299995422,-184.717178345,-184.355255127,211,4.56367874146,-7.43488121033,-44.9517021179,10.8831129074,-10.6964254379,0.580594301224,0
1539875290880718792,11.96979472,carbonZ_2018-10-18-11-04-08_1_engine_failure_with_emr_traj,engine,28.2299995422,-184.717178345,-184.355255127,211,4.56367874146,-7.43488121033,-44.9517021179,10.9541826248,-10.6531248093,0.534394621849,0
1539875290961749192,12.05082512,carbonZ_2018-10-18-11-04-08_1_engine_failure_with_emr_traj,engine,28.2899990082,-184.717178345,-182.717987061,212,4.56367874146,-7.43488121033,-44.9517021179,11.0908966064,-10.5678091049,0.479755878448,0
1539875291021740776,12.110816704,carbonZ_2018-10-18-11-04-08_1_engine_failure_with_emr_traj,engine,28.3299999237,-177.150909424,-181.42527771,214,4.56367874146,-7.43488121033,-44.9517021179,11.1919193268,-10.4987039566,0.455911040306,0
1539875291074287848,12.163363776,carbonZ_2018-10-18-11-04-08_1_engine_failure_with_emr_traj,engine,28.3299999237,-177.150909424,-181.42527771,214,4.56367874146,-7.43488121033,-44.9517021179,11.2599687576,-10.4551925659,0.447292983532,0
1539875291103940200,12.193016128,carbonZ_2018-10-18-11-04-08_1_engine_failure_with_emr_traj,engine,28.3299999237,-177.150909424,-181.42527771,214,12.1787080765,-7.91534805298,-44.3859901428,11.2911281586,-10.4390735626,0.435885608196,0
1539875291181730408,12.270806336,carbonZ_2018-10-18-11-04-08_1_engine_failure_with_emr_traj,engine,28.3699989319,-177.150909424,-180.144042969,215,12.1787080765,-7.91534805298,-44.3859901428,11.4025774002,-10.3522586823,0.487326472998,0
1539875291197962376,12.287038304,carbonZ_2018-10-18-11-04-08_1_engine_failure_with_emr_traj,engine,28.3699989319,-177.150909424,-180.144042969,215,12.1787080765,-7.91534805298,-44.3859901428,11.4223499298,-10.3409013748,0.530643939972,0
1539875291248427112,12.33750304,carbonZ_2018-10-18-11-04-08_1_engine_failure_with_emr_traj,engine,28.3999996185,-194.554901123,-177.434371948,217,12.1787080765,-7.91534805298,-44.3859901428,11.4660711288,-10.2914276123,0.730107545853,0
1539875291279661672,12.3687376,carbonZ_2018-10-18-11-04-08_1_engine_failure_with_emr_traj,engine,28.3999996185,-194.554901123,-177.434371948,217,12.1787080765,-7.91534805298,-44.3859901428,11.4908514023,-10.2653770447,0.852105796337,0
1539875291303669448,12.392745376,carbonZ_2018-10-18-11-04-08_1_engine_failure_with_emr_traj,engine,28.4499988556,-195.554931641,-176.121047974,219,12.1787080765,-7.91534805298,-44.3859901428,11.5131263733,-10.2338781357,0.94652557373,0
1539875291390017416,12.479093344,carbonZ_2018-10-18-11-04-08_1_engine_failure_with_emr_traj,engine,28.5299987793,-196.826553345,-172.565536499,220,12.1787080765,-7.91534805298,-44.3859901428,11.5763559341,-10.1732625961,1.12291872501,0
1539875291427217576,12.516293504,carbonZ_2018-10-18-11-04-08_1_engine_failure_with_emr_traj,engine,28.5299987793,-196.826553345,-172.565536499,220,10.6531772614,-8.29841136932,-44.4885978699,11.5763559341,-10.1732625961,1.12291872501,0
1539875291482144072,12.57122,carbonZ_2018-10-18-11-04-08_1_engine_failure_with_emr_traj,engine,28.5299987793,-196.826553345,-172.565536499,220,10.6531772614,-8.29841136932,-44.4885978699,11.6284589767,-10.1221494675,1.25220918655,0
1539875291503922120,12.592998048,carbonZ_2018-10-18-11-04-08_1_engine_failure_with_emr_traj,engine,28.6399993896,-195.826538086,-171.196456909,222,10.6531772614,-8.29841136932,-44.4885978699,11.6702413559,-10.0785713196,1.30678570271,0
1539875291562872328,12.651948256,carbonZ_2018-10-18-11-04-08_1_engine_failure_with_emr_traj,engine,28.6399993896,-195.826538086,-171.196456909,222,10.6531772614,-8.29841136932,-44.4885978699,11.7664966583,-9.98300361633,1.34398460388,0
1539875291615838344,12.704914272,carbonZ_2018-10-18-11-04-08_1_engine_failure_with_emr_traj,engine,28.7600002289,-192.167663574,-169.839202881,223,10.6531772614,-8.29841136932,-44.4885978699,11.8544378281,-9.91965675354,1.30322802067,0
1539875291657997128,12.747073056,carbonZ_2018-10-18-11-04-08_1_engine_failure_with_emr_traj,engine,28.7600002289,-192.167663574,-169.839202881,223,10.6531772614,-8.29841136932,-44.4885978699,12.0083189011,-9.82218837738,1.12915194035,0
1539875291705903560,12.794979488,carbonZ_2018-10-18-11-04-08_1_engine_failure_with_emr_traj,engine,28.8799991608,-192.167663574,-161.797592163,225,10.6531772614,-8.29841136932,-44.4885978699,12.0600624084,-9.7893447876,1.08241534233,0
1539875291765559944,12.854635872,carbonZ_2018-10-18-11-04-08_1_engine_failure_with_emr_traj,engine,28.8799991608,-192.167663574,-161.797592163,225,10.6531772614,-8.29841136932,-44.4885978699,12.3046283722,-9.6426897049,0.72520750761,0
1539875291782830088,12.871906016,carbonZ_2018-10-18-11-04-08_1_engine_failure_with_emr_traj,engine,28.8799991608,-192.167663574,-161.797592163,225,10.6531772614,-8.29841136932,-44.4885978699,12.3638238907,-9.6010684967,0.619951546192,0
1539875291854573864,12.943649792,carbonZ_2018-10-18-11-04-08_1_engine_failure_with_emr_traj,engine,28.9699993134,-192.886169434,-160.351791382,226,10.6531772614,-8.29841136932,-44.4885978699,12.5601177216,-9.46994495392,0.358947217464,0
1539875291884545704,12.973621632,carbonZ_2018-10-18-11-04-08_1_engine_failure_with_emr_traj,engine,28.9699993134,-192.886169434,-160.351791382,226,16.0814094543,-6.88052415848,-41.9886550903,12.6111888885,-9.4407749176,0.270459830761,0
1539875291950587112,13.03966304,carbonZ_2018-10-18-11-04-08_1_engine_failure_with_emr_traj,engine,29.0100002289,-192.886169434,-51.1955375671,228,16.0814094543,-6.88052415848,-41.9886550903,12.7803449631,-9.30721473694,0.17766572535,0
1539875291984525800,13.073601728,carbonZ_2018-10-18-11-04-08_1_engine_failure_with_emr_traj,engine,29.0100002289,-192.886169434,-51.1955375671,228,16.0814094543,-6.88052415848,-41.9886550903,12.8074798584,-9.2700548172,0.222953304648,0
1539875292064391080,13.153467008,carbonZ_2018-10-18-11-04-08_1_engine_failure_with_emr_traj,engine,29.0100002289,-215.009124756,-49.87084198,229,16.0814094543,-6.88052415848,-41.9886550903,12.9702539444,-9.11861801147,0.269164592028,0
1539875292079607912,13.16868384,carbonZ_2018-10-18-11-04-08_1_engine_failure_with_emr_traj,engine,29.0100002289,-215.009124756,-49.87084198,229,16.0814094543,-6.88052415848,-41.9886550903,13.0197191238,-9.07814788818,0.280164927244,0
1539875292129324200,13.218400128,carbonZ_2018-10-18-11-04-08_1_engine_failure_with_emr_traj,engine,29.0199985504,-215.009124756,-48.5350151062,231,16.0814094543,-6.88052415848,-41.9886550903,13.0895223618,-8.99210739136,0.398895382881,0
1539875292168356264,13.257432192,carbonZ_2018-10-18-11-04-08_1_engine_failure_with_emr_traj,engine,29.0199985504,-215.009124756,-48.5350151062,231,16.0814094543,-6.88052415848,-41.9886550903,13.1458864212,-8.92206287384,0.636714458466,0
1539875292192304232,13.28138016,carbonZ_2018-10-18-11-04-08_1_engine_failure_with_emr_traj,engine,29.0499992371,-230.145645142,-47.1769256592,232,16.0814094543,-6.88052415848,-41.9886550903,13.1458864212,-8.92206287384,0.636714458466,0
1539875292296277032,13.38535296,carbonZ_2018-10-18-11-04-08_1_engine_failure_with_emr_traj,engine,29.1199989319,-230.145645142,-45.8299674988,234,16.0814094543,-6.88052415848,-41.9886550903,13.368478775,-8.64774799347,1.05021107197,0
1539875292323275336,13.412351264,carbonZ_2018-10-18-11-04-08_1_engine_failure_with_emr_traj,engine,29.1199989319,-230.145645142,-45.8299674988,234,28.9995422363,-7.94277763367,-36.8428421021,13.4635848999,-8.5330581665,1.13042724133,0
1539875292372183784,13.461259712,carbonZ_2018-10-18-11-04-08_1_engine_failure_with_emr_traj,engine,29.1199989319,-230.145645142,-45.8299674988,234,28.9995422363,-7.94277763367,-36.8428421021,13.5527191162,-8.4242811203,1.26666772366,0
1539875292414570792,13.50364672,carbonZ_2018-10-18-11-04-08_1_engine_failure_with_emr_traj,engine,29.2399997711,-235.989959717,-44.4384841919,236,28.9995422363,-7.94277763367,-36.8428421021,13.6576604843,-8.30573940277,1.35920703411,0
1539875292454976872,13.5440528,carbonZ_2018-10-18-11-04-08_1_engine_failure_with_emr_traj,engine,29.2399997711,-235.989959717,-44.4384841919,236,28.9995422363,-7.94277763367,-36.8428421021,13.8669910431,-8.0629234314,1.41968178749,0
1539875292495000008,13.584075936,carbonZ_2018-10-18-11-04-08_1_engine_failure_with_emr_traj,engine,29.2399997711,-235.989959717,-44.4384841919,236,28.9995422363,-7.94277763367,-36.8428421021,13.9618396759,-7.97000265121,1.40708971024,0
1539875292559995464,13.649071392,carbonZ_2018-10-18-11-04-08_1_engine_failure_with_emr_traj,engine,29.3799991608,-235.989959717,-43.0024681091,237,28.9995422363,-7.94277763367,-36.8428421021,14.3064670563,-7.57920455933,1.41810429096,0
1539875292577671208,13.666747136,carbonZ_2018-10-18-11-04-08_1_engine_failure_with_emr_traj,engine,29.3799991608,-235.989959717,-43.0024681091,237,28.9995422363,-7.94277763367,-36.8428421021,14.4018230438,-7.47372484207,1.39152252674,0
1539875292654791016,13.743866944,carbonZ_2018-10-18-11-04-08_1_engine_failure_with_emr_traj,engine,29.5299987793,-232.457351685,-41.5553245544,239,28.9995422363,-7.94277763367,-36.8428421021,14.7225599289,-7.0800113678,1.28344166279,0
1539875292678287976,13.767363904,carbonZ_2018-10-18-11-04-08_1_engine_failure_with_emr_traj,engine,29.5299987793,-232.457351685,-41.5553245544,239,37.3919029236,-8.02864551544,-30.3331947327,14.9243249893,-6.83918428421,1.21681892872,0
1539875292775465928,13.864541856,carbonZ_2018-10-18-11-04-08_1_engine_failure_with_emr_traj,engine,29.6700000763,-232.457351685,-40.052520752,240,37.3919029236,-8.02864551544,-30.3331947327,15.2724704742,-6.35661268234,1.2032725811,0
1539875292799521832,13.88859776,carbonZ_2018-10-18-11-04-08_1_engine_failure_with_emr_traj,engine,29.6700000763,-232.457351685,-40.052520752,240,37.3919029236,-8.02864551544,-30.3331947327,15.3592882156,-6.21651411057,1.20512676239,0
1539875292861402696,13.950478624,carbonZ_2018-10-18-11-04-08_1_engine_failure_with_emr_traj,engine,29.7999992371,-242.853164673,-38.4717941284,242,37.3919029236,-8.02864551544,-30.3331947327,15.6163702011,-5.773914814,1.33568525314,0
1539875292885184008,13.974259936,carbonZ_2018-10-18-11-04-08_1_engine_failure_with_emr_traj,engine,29.9299983978,-242.853164673,-36.8910636902,243,37.3919029236,-8.02864551544,-30.3331947327,15.6940593719,-5.64092874527,1.35551142693,0
1539875292946529384,14.035605312,carbonZ_2018-10-18-11-04-08_1_engine_failure_with_emr_traj,engine,29.9299983978,-242.853164673,-36.8910636902,243,37.3919029236,-8.02864551544,-30.3331947327,15.9297599792,-5.20490169525,1.35393118858,0
1539875293006114120,14.095190048,carbonZ_2018-10-18-11-04-08_1_engine_failure_with_emr_traj,engine,30.0699996948,-265.365783691,-35.2435455322,245,40.7747154236,-7.80494070053,-24.4514293671,16.1719226837,-4.74257278442,1.32867765427,0
1539875293065953160,14.155029088,carbonZ_2018-10-18-11-04-08_1_engine_failure_with_emr_traj,engine,30.0699996948,-265.365783691,-35.2435455322,245,40.7747154236,-7.80494070053,-24.4514293671,16.4324932098,-4.22014522552,1.25756132603,0
1539875293091926856,14.181002784,carbonZ_2018-10-18-11-04-08_1_engine_failure_with_emr_traj,engine,30.0699996948,-265.365783691,-35.2435455322,245,40.7747154236,-7.80494070053,-24.4514293671,16.5094718933,-4.0526804924,1.24716353416,0
1539875293171507080,14.260583008,carbonZ_2018-10-18-11-04-08_1_engine_failure_with_emr_traj,engine,30.2099990845,-265.365783691,-33.5514984131,246,40.7747154236,-7.80494070053,-24.4514293671,16.8368530273,-3.33721208572,1.10784590244,0
1539875293194432456,14.283508384,carbonZ_2018-10-18-11-04-08_1_engine_failure_with_emr_traj,engine,30.2099990845,-265.365783691,-33.5514984131,246,40.7747154236,-7.80494070053,-24.4514293671,16.9135055542,-3.15788340569,1.07926476002,0
1539875293312317032,14.40139296,carbonZ_2018-10-18-11-04-08_1_engine_failure_with_emr_traj,engine,30.4599990845,-273.695953369,-30.0783519745,249,40.7747154236,-7.80494070053,-24.4514293671,17.3496208191,-2.03676486015,0.762522518635,0
1539875293379705576,14.468781504,carbonZ_2018-10-18-11-04-08_1_engine_failure_with_emr_traj,engine,30.4599990845,-273.695953369,-30.0783519745,249,41.8156089783,-5.2035946846,-16.5435600281,17.5625858307,-1.38260984421,0.632235169411,0
1539875293428331496,14.517407424,carbonZ_2018-10-18-11-04-08_1_engine_failure_with_emr_traj,engine,30.5399990082,-296.904937744,-28.3083820343,250,41.8156089783,-5.2035946846,-16.5435600281,17.652551651,-1.06581282616,0.557042181492,0
1539875293486932072,14.576008,carbonZ_2018-10-18-11-04-08_1_engine_failure_with_emr_traj,engine,30.5399990082,-296.904937744,-28.3083820343,250,41.8156089783,-5.2035946846,-16.5435600281,17.7920875549,-0.526849925518,0.453169643879,0
1539875293523869256,14.612945184,carbonZ_2018-10-18-11-04-08_1_engine_failure_with_emr_traj,engine,30.5999984741,-296.904937744,-26.4827537537,251,41.8156089783,-5.2035946846,-16.5435600281,17.8651351929,-0.200302511454,0.420976698399,0
1539875293576042120,14.665118048,carbonZ_2018-10-18-11-04-08_1_engine_failure_with_emr_traj,engine,30.6599998474,-322.392852783,-24.6793880463,252,41.3838348389,-5.439494133,-9.97721195221,18.0144863129,0.558104753494,0.306403487921,0
1539875293625612424,14.714688352,carbonZ_2018-10-18-11-04-08_1_engine_failure_with_emr_traj,engine,30.6599998474,-322.392852783,-24.6793880463,252,41.3838348389,-5.439494133,-9.97721195221,18.0144863129,0.558104753494,0.306403487921,0
1539875293681965736,14.771041664,carbonZ_2018-10-18-11-04-08_1_engine_failure_with_emr_traj,engine,30.6599998474,-322.392852783,-24.6793880463,252,41.3838348389,-5.439494133,-9.97721195221,18.1429080963,1.34544658661,0.214920833707,0
1539875293706249640,14.795325568,carbonZ_2018-10-18-11-04-08_1_engine_failure_with_emr_traj,engine,30.6999988556,-322.392852783,-22.831495285,254,41.3838348389,-5.439494133,-9.97721195221,18.1620559692,1.52167356014,0.196953848004,0
1539875293767414536,14.856490464,carbonZ_2018-10-18-11-04-08_1_engine_failure_with_emr_traj,engine,30.6999988556,-322.392852783,-22.831495285,254,41.3838348389,-5.439494133,-9.97721195221,18.2214126587,2.28736019135,0.156428530812,0
1539875293889807560,14.978883488,carbonZ_2018-10-18-11-04-08_1_engine_failure_with_emr_traj,engine,30.7299995422,-343.793487549,-21.016998291,255,41.3838348389,-5.439494133,-9.97721195221,18.2319335938,3.15023183823,0.307442963123,0
1539875293925195016,15.014270944,carbonZ_2018-10-18-11-04-08_1_engine_failure_with_emr_traj,engine,30.7600002289,-343.793487549,-19.1691055298,256,44.5000114441,-5.52368116379,0.652142167091,18.2245693207,3.48034477234,0.402037322521,0
1539875293974399240,15.063475168,carbonZ_2018-10-18-11-04-08_1_engine_failure_with_emr_traj,engine,30.7600002289,-343.793487549,-19.1691055298,256,44.5000114441,-5.52368116379,0.652142167091,18.2063503265,3.77748036385,0.519530653954,0
1539875293984778472,15.0738544,carbonZ_2018-10-18-11-04-08_1_engine_failure_with_emr_traj,engine,30.8199996948,-340.489379883,-17.3434753418,257,44.5000114441,-5.52368116379,0.652142167091,18.2063503265,3.77748036385,0.519530653954,0
1539875294088957864,15.178033792,carbonZ_2018-10-18-11-04-08_1_engine_failure_with_emr_traj,engine,30.8199996948,-340.489379883,-17.3434753418,257,44.5000114441,-5.52368116379,0.652142167091,18.1204624176,4.7029838562,0.945765912533,0
1539875294107068328,15.196144256,carbonZ_2018-10-18-11-04-08_1_engine_failure_with_emr_traj,engine,30.9099998474,-340.489379883,-15.5178470612,258,44.5000114441,-5.52368116379,0.652142167091,18.0854301453,5.04905414581,1.00106322765,0
1539875294191521640,15.280597568,carbonZ_2018-10-18-11-04-08_1_engine_failure_with_emr_traj,engine,30.9099998474,-340.489379883,-15.5178470612,258,44.5000114441,-5.52368116379,0.652142167091,18.0141334534,5.61232614517,1.0697081089,0
1539875294201842952,15.29091888,carbonZ_2018-10-18-11-04-08_1_engine_failure_with_emr_traj,engine,31.0299987793,-348.468383789,-13.7367458344,259,44.5000114441,-5.52368116379,0.652142167091,17.9866542816,5.8050031662,1.07121026516,0
1539875294280300136,15.369376064,carbonZ_2018-10-18-11-04-08_1_engine_failure_with_emr_traj,engine,31.0299987793,-348.468383789,-13.7367458344,259,44.5000114441,-5.52368116379,0.652142167091,17.8724403381,6.55747032166,1.00497305393,0
1539875294300372648,15.389448576,carbonZ_2018-10-18-11-04-08_1_engine_failure_with_emr_traj,engine,31.1599998474,-348.468383789,-11.9556436539,259,44.5000114441,-5.52368116379,0.652142167091,17.8394813538,6.76263237,0.95981836319,0
1539875294361421224,15.450497152,carbonZ_2018-10-18-11-04-08_1_engine_failure_with_emr_traj,engine,31.1599998474,-348.468383789,-11.9556436539,259,44.6550559998,0.0143059380352,9.52175235748,17.7255725861,7.39214038849,0.787134587765,0
1539875294450994984,15.540070912,carbonZ_2018-10-18-11-04-08_1_engine_failure_with_emr_traj,engine,31.2699985504,-346.810913086,-10.196805954,260,44.6550559998,0.0143059380352,9.52175235748,17.5808467865,8.1208190918,0.584412097931,0
1539875294505762600,15.594838528,carbonZ_2018-10-18-11-04-08_1_engine_failure_with_emr_traj,engine,31.359998703,-346.810913086,-8.46023178101,261,44.6550559998,0.0143059380352,9.52175235748,17.498090744,8.49507141113,0.578348755836,0
1539875294563064680,15.652140608,carbonZ_2018-10-18-11-04-08_1_engine_failure_with_emr_traj,engine,31.359998703,-346.810913086,-8.46023178101,261,44.6550559998,0.0143059380352,9.52175235748,17.3956489563,8.86063861847,0.545870959759,0
1539875294607208904,15.696284832,carbonZ_2018-10-18-11-04-08_1_engine_failure_with_emr_traj,engine,31.4299983978,-374.500274658,-6.75705385208,261,44.6550559998,0.0143059380352,9.52175235748,17.3125610352,9.13639163971,0.483862251043,0
1539875294662970440,15.752046368,carbonZ_2018-10-18-11-04-08_1_engine_failure_with_emr_traj,engine,31.4299983978,-374.500274658,-6.75705385208,261,44.6550559998,0.0143059380352,9.52175235748,17.182434082,9.56188964844,0.362199544907,0
1539875294724590248,15.813666176,carbonZ_2018-10-18-11-04-08_1_engine_failure_with_emr_traj,engine,31.4899997711,-374.500274658,-5.06500768661,262,44.6550559998,0.0143059380352,9.52175235748,17.0311527252,10.04185009,0.145281717181,0
1539875294774595304,15.863671232,carbonZ_2018-10-18-11-04-08_1_engine_failure_with_emr_traj,engine,31.4899997711,-374.500274658,-5.06500768661,262,44.6550559998,0.0143059380352,9.52175235748,16.9208889008,10.3504362106,-0.00686741154641,0
1539875294813760040,15.902835968,carbonZ_2018-10-18-11-04-08_1_engine_failure_with_emr_traj,engine,31.5100002289,-388.807861328,-3.39522480965,263,35.6228370667,-1.54823756218,18.7455215454,16.8155078888,10.6424102783,-0.096018627286,0
1539875294853279432,15.94235536,carbonZ_2018-10-18-11-04-08_1_engine_failure_with_emr_traj,engine,31.5100002289,-388.807861328,-3.39522480965,263,35.6228370667,-1.54823756218,18.7455215454,16.6347541809,11.1155290604,-0.1025358513,0
1539875294927185832,16.01626176,carbonZ_2018-10-18-11-04-08_1_engine_failure_with_emr_traj,engine,31.5199985504,-388.807861328,-1.74770581722,263,35.6228370667,-1.54823756218,18.7455215454,16.5263710022,11.3767518997,-0.0949185192585,0
1539875294965856008,16.054931936,carbonZ_2018-10-18-11-04-08_1_engine_failure_with_emr_traj,engine,31.5199985504,-388.807861328,-1.74770581722,263,35.6228370667,-1.54823756218,18.7455215454,16.4013500214,11.697851181,-0.182929575443,0
1539875295014182856,16.103258784,carbonZ_2018-10-18-11-04-08_1_engine_failure_with_emr_traj,engine,31.4899997711,-415.371337891,-0.122450731695,263,35.6228370667,-1.54823756218,18.7455215454,16.2626342773,12.0187711716,-0.280262321234,0
1539875295074234472,16.1633104,carbonZ_2018-10-18-11-04-08_1_engine_failure_with_emr_traj,engine,31.4899997711,-415.371337891,-0.122450731695,263,35.6228370667,-1.54823756218,18.7455215454,15.8897371292,12.8176498413,-0.518747746944,0
1539875295132893000,16.221968928,carbonZ_2018-10-18-11-04-08_1_engine_failure_with_emr_traj,engine,31.4499988556,-415.371337891,1.4805406332,264,35.6228370667,-1.54823756218,18.7455215454,15.8897371292,12.8176498413,-0.518747746944,0
1539875295169427656,16.258503584,carbonZ_2018-10-18-11-04-08_1_engine_failure_with_emr_traj,engine,31.4499988556,-415.371337891,1.4805406332,264,37.4164886475,-2.97275328636,28.8050003052,15.6487197876,13.2760953903,-0.653035104275,0
1539875295215819944,16.304895872,carbonZ_2018-10-18-11-04-08_1_engine_failure_with_emr_traj,engine,31.3899993896,-421.275909424,3.02787256241,264,37.4164886475,-2.97275328636,28.8050003052,15.4692678452,13.6041116714,-0.752238273621,0
1539875295260172136,16.349248064,carbonZ_2018-10-18-11-04-08_1_engine_failure_with_emr_traj,engine,31.3899993896,-421.275909424,3.02787256241,264,37.4164886475,-2.97275328636,28.8050003052,15.2020788193,14.0790224075,-0.893805384636,0
1539875295307397480,16.396473408,carbonZ_2018-10-18-11-04-08_1_engine_failure_with_emr_traj,engine,31.3099994659,-421.275909424,4.54180908203,264,37.4164886475,-2.97275328636,28.8050003052,15.0158214569,14.383228302,-0.982449173927,0
1539875295369982024,16.459057952,carbonZ_2018-10-18-11-04-08_1_engine_failure_with_emr_traj,engine,31.3099994659,-421.275909424,4.54180908203,264,37.4164886475,-2.97275328636,28.8050003052,14.7124204636,14.8403367996,-1.07360851765,0
1539875295440413448,16.529489376,carbonZ_2018-10-18-11-04-08_1_engine_failure_with_emr_traj,engine,31.1899986267,-434.901794434,5.98895406723,265,37.4164886475,-2.97275328636,28.8050003052,14.3605899811,15.3316984177,-1.04628670216,0
1539875295492655496,16.581731424,carbonZ_2018-10-18-11-04-08_1_engine_failure_with_emr_traj,engine,31.0799999237,-434.901794434,7.39157152176,265,41.3353691101,-1.67942130566,34.9307022095,14.1858320236,15.5770730972,-1.01761949062,0
1539875295510389128,16.599465056,carbonZ_2018-10-18-11-04-08_1_engine_failure_with_emr_traj,engine,31.0799999237,-434.901794434,7.39157152176,265,41.3353691101,-1.67942130566,34.9307022095,14.1002082825,15.686674118,-0.991487264633,0
1539875295559077576,16.648153504,carbonZ_2018-10-18-11-04-08_1_engine_failure_with_emr_traj,engine,31.0799999237,-434.901794434,7.39157152176,265,41.3353691101,-1.67942130566,34.9307022095,13.8752145767,15.9577951431,-0.859490573406,0
1539875295594133224,16.683209152,carbonZ_2018-10-18-11-04-08_1_engine_failure_with_emr_traj,engine,30.9799995422,-456.113830566,8.74966144562,265,41.3353691101,-1.67942130566,34.9307022095,13.8752145767,15.9577951431,-0.859490573406,0
1539875295689124808,16.778200736,carbonZ_2018-10-18-11-04-08_1_engine_failure_with_emr_traj,engine,30.9799995422,-456.113830566,8.74966144562,265,41.3353691101,-1.67942130566,34.9307022095,13.4456415176,16.4681224823,-0.587057650089,0
1539875295711847560,16.800923488,carbonZ_2018-10-18-11-04-08_1_engine_failure_with_emr_traj,engine,30.8999996185,-456.113830566,10.0743551254,265,41.3353691101,-1.67942130566,34.9307022095,13.3174095154,16.6104621887,-0.44381198287,0
1539875295772918472,16.8619944,carbonZ_2018-10-18-11-04-08_1_engine_failure_with_emr_traj,engine,30.8999996185,-456.113830566,10.0743551254,265,41.3353691101,-1.67942130566,34.9307022095,13.1918907166,16.7488899231,-0.292239189148,0
1539875295818276552,16.90735248,carbonZ_2018-10-18-11-04-08_1_engine_failure_with_emr_traj,engine,30.8499984741,-483.00112915,11.3545217514,265,41.3353691101,-1.67942130566,34.9307022095,13.0055437088,16.9440097809,-0.0827352851629,0
1539875295880871016,16.969946944,carbonZ_2018-10-18-11-04-08_1_engine_failure_with_emr_traj,engine,30.8499984741,-483.00112915,11.3545217514,265,41.3353691101,-1.67942130566,34.9307022095,12.7909631729,17.1795558929,0.118716217577,0
1539875295923423080,17.012499008,carbonZ_2018-10-18-11-04-08_1_engine_failure_with_emr_traj,engine,30.8400001526,-483.00112915,12.6235570908,265,41.3353691101,-1.67942130566,34.9307022095,12.6459760666,17.3247756958,0.25282600522,0
1539875295986269896,17.075345824,carbonZ_2018-10-18-11-04-08_1_engine_failure_with_emr_traj,engine,30.8799991608,-487.420074463,13.8480644226,265,42.852355957,-3.16869902611,45.682308197,12.3785638809,17.5862483978,0.387498706579,0
1539875296013772616,17.102848544,carbonZ_2018-10-18-11-04-08_1_engine_failure_with_emr_traj,engine,30.8799991608,-487.420074463,13.8480644226,265,42.852355957,-3.16869902611,45.682308197,12.2818460464,17.684179306,0.417418986559,0
1539875296053451592,17.14252752,carbonZ_2018-10-18-11-04-08_1_engine_failure_with_emr_traj,engine,30.8799991608,-487.420074463,13.8480644226,265,42.852355957,-3.16869902611,45.682308197,11.9700040817,17.984954834,0.463936001062,0
1539875296106218536,17.195294464,carbonZ_2018-10-18-11-04-08_1_engine_failure_with_emr_traj,engine,30.9299983978,-487.420074463,15.0280437469,265,42.852355957,-3.16869902611,45.682308197,11.7277145386,18.2097206116,0.464299619198,0
1539875296171003208,17.260079136,carbonZ_2018-10-18-11-04-08_1_engine_failure_with_emr_traj,engine,30.9299983978,-487.420074463,15.0280437469,265,42.852355957,-3.16869902611,45.682308197,11.2992534637,18.5899620056,0.589979529381,0
1539875296210715816,17.299791744,carbonZ_2018-10-18-11-04-08_1_engine_failure_with_emr_traj,engine,31.0,-497.249206543,16.1523647308,264,42.852355957,-3.16869902611,45.682308197,11.2029848099,18.6722640991,0.63313293457,0
1539875296318782216,17.407858144,carbonZ_2018-10-18-11-04-08_1_engine_failure_with_emr_traj,engine,31.0799999237,-497.249206543,17.2321567535,264,42.852355957,-3.16869902611,45.682308197,10.6939182281,19.0914115906,0.942814528942,0
1539875296363727464,17.452803392,carbonZ_2018-10-18-11-04-08_1_engine_failure_with_emr_traj,engine,31.0799999237,-497.249206543,17.2321567535,264,43.697013855,-4.50214958191,53.6721916199,10.3903579712,19.3217487335,1.11182284355,0
1539875296401370504,17.490446432,carbonZ_2018-10-18-11-04-08_1_engine_failure_with_emr_traj,engine,31.1899986267,-484.253112793,18.2451591492,264,43.697013855,-4.50214958191,53.6721916199,10.1536598206,19.5051670074,1.18549048901,0
1539875296453313288,17.542389216,carbonZ_2018-10-18-11-04-08_1_engine_failure_with_emr_traj,engine,31.1899986267,-484.253112793,18.2451591492,264,43.697013855,-4.50214958191,53.6721916199,9.7716293335,19.7834434509,1.22909104824,0
1539875296538812904,17.627888832,carbonZ_2018-10-18-11-04-08_1_engine_failure_with_emr_traj,engine,31.3199996948,-484.253112793,19.2136325836,264,43.697013855,-4.50214958191,53.6721916199,9.35667610168,20.0717372894,1.24231636524,0
1539875296574199176,17.663275104,carbonZ_2018-10-18-11-04-08_1_engine_failure_with_emr_traj,engine,31.3199996948,-484.253112793,19.2136325836,264,43.697013855,-4.50214958191,53.6721916199,9.08565711975,20.2568702698,1.24104058743,0
1539875296590988872,17.6800648,carbonZ_2018-10-18-11-04-08_1_engine_failure_with_emr_traj,engine,31.3199996948,-484.253112793,19.2136325836,264,43.697013855,-4.50214958191,53.6721916199,8.95859050751,20.3420600891,1.24256312847,0
1539875296640410824,17.729486752,carbonZ_2018-10-18-11-04-08_1_engine_failure_with_emr_traj,engine,31.4599990845,-481.542022705,20.104183197,263,43.697013855,-4.50214958191,53.6721916199,8.57222652435,20.5926876068,1.22565197945,0
1539875296655762152,17.74483808,carbonZ_2018-10-18-11-04-08_1_engine_failure_with_emr_traj,engine,31.4599990845,-481.542022705,20.104183197,263,43.697013855,-4.50214958191,53.6721916199,8.4476852417,20.6721916199,1.23057067394,0
1539875296700707784,17.789783712,carbonZ_2018-10-18-11-04-08_1_engine_failure_with_emr_traj,engine,31.5999984741,-481.542022705,20.93907547,263,43.697013855,-4.50214958191,53.6721916199,8.19600009918,20.8411960602,1.20719015598,0
1539875296778391208,17.867467136,carbonZ_2018-10-18-11-04-08_1_engine_failure_with_emr_traj,engine,31.5999984741,-481.542022705,20.93907547,263,42.9983978271,-3.271879673,62.3635406494,7.70310926437,21.1628875732,1.21355867386,0
1539875296813503336,17.902579264,carbonZ_2018-10-18-11-04-08_1_engine_failure_with_emr_traj,engine,31.7199993134,-494.697570801,21.6960430145,262,42.9983978271,-3.271879673,62.3635406494,7.59286117554,21.2319869995,1.2359265089,0
1539875296881591464,17.970667392,carbonZ_2018-10-18-11-04-08_1_engine_failure_with_emr_traj,engine,31.859998703,-494.697570801,22.3973522186,262,42.9983978271,-3.271879673,62.3635406494,7.08879613876,21.5317935944,1.31453156471,0
1539875296912431784,18.001507712,carbonZ_2018-10-18-11-04-08_1_engine_failure_with_emr_traj,engine,31.859998703,-494.697570801,22.3973522186,262,42.9983978271,-3.271879673,62.3635406494,6.95242977142,21.6107444763,1.32629847527,0
1539875296984179720,18.073255648,carbonZ_2018-10-18-11-04-08_1_engine_failure_with_emr_traj,engine,31.9899997711,-519.409179688,23.0318698883,261,42.9983978271,-3.271879673,62.3635406494,6.33491706848,21.9432125092,1.35835671425,0
1539875297048097352,18.13717328,carbonZ_2018-10-18-11-04-08_1_engine_failure_with_emr_traj,engine,31.9899997711,-519.409179688,23.0318698883,261,42.9983978271,-3.271879673,62.3635406494,5.86651945114,22.1701393127,1.39053213596,0
1539875297135130280,18.224206208,carbonZ_2018-10-18-11-04-08_1_engine_failure_with_emr_traj,engine,32.1399993896,-519.409179688,23.5884628296,260,42.9983978271,-3.271879673,62.3635406494,5.03056240082,22.5545482635,1.23677146435,0
1539875297170639208,18.259715136,carbonZ_2018-10-18-11-04-08_1_engine_failure_with_emr_traj,engine,32.1399993896,-519.409179688,23.5884628296,260,42.9983978271,-3.271879673,62.3635406494,4.6374168396,22.721862793,1.21717870235,0
1539875297188171528,18.277247456,carbonZ_2018-10-18-11-04-08_1_engine_failure_with_emr_traj,engine,32.1399993896,-519.409179688,23.5884628296,260,48.3413047791,-4.11608314514,74.0072021484,4.45482206345,22.7980289459,1.21851360798,0
1539875297241644168,18.330720096,carbonZ_2018-10-18-11-04-08_1_engine_failure_with_emr_traj,engine,32.2700004578,-535.740661621,24.03373909,260,48.3413047791,-4.11608314514,74.0072021484,3.89536786079,23.0226821899,1.21364784241,0
1539875297255640360,18.344716288,carbonZ_2018-10-18-11-04-08_1_engine_failure_with_emr_traj,engine,32.2700004578,-535.740661621,24.03373909,260,48.3413047791,-4.11608314514,74.0072021484,3.69669866562,23.0995349884,1.19249093533,0
1539875297299536328,18.388612256,carbonZ_2018-10-18-11-04-08_1_engine_failure_with_emr_traj,engine,32.3999977112,-535.740661621,24.3899593353,259,48.3413047791,-4.11608314514,74.0072021484,3.29009914398,23.2537708282,1.12862217426,0
1539875297360722408,18.449798336,carbonZ_2018-10-18-11-04-08_1_engine_failure_with_emr_traj,engine,32.3999977112,-535.740661621,24.3899593353,259,48.3413047791,-4.11608314514,74.0072021484,2.67328858376,23.4798126221,1.02188897133,0
1539875297410621832,18.49969776,carbonZ_2018-10-18-11-04-08_1_engine_failure_with_emr_traj,engine,32.5099983215,-557.541625977,24.6348609924,258,48.3413047791,-4.11608314514,74.0072021484,2.29023313522,23.6185722351,0.995981097221,0
1539875297506474760,18.595550688,carbonZ_2018-10-18-11-04-08_1_engine_failure_with_emr_traj,engine,32.6199989319,-557.541625977,24.7795753479,257,48.3413047791,-4.11608314514,74.0072021484,1.39656317234,23.8800430298,0.946778059006,0
1539875297588871208,18.677947136,carbonZ_2018-10-18-11-04-08_1_engine_failure_with_emr_traj,engine,32.6199989319,-557.541625977,24.7795753479,257,46.2640113831,-2.97131872177,82.6305084229,0.655333399773,24.0857410431,0.938277363777,0
1539875297616271048,18.705346976,carbonZ_2018-10-18-11-04-08_1_engine_failure_with_emr_traj,engine,32.719997406,-572.204040527,24.8241024017,256,46.2640113831,-2.97131872177,82.6305084229,0.172983750701,24.1826839447,0.813101232052,0
1539875297685993416,18.775069344,carbonZ_2018-10-18-11-04-08_1_engine_failure_with_emr_traj,engine,32.719997406,-572.204040527,24.8241024017,256,46.2640113831,-2.97131872177,82.6305084229,-0.55781441927,24.30727005,0.597773432732,0
1539875297709154792,18.79823072,carbonZ_2018-10-18-11-04-08_1_engine_failure_with_emr_traj,engine,32.8099975586,-572.204040527,24.7795753479,254,46.2640113831,-2.97131872177,82.6305084229,-0.797895789146,24.3460578918,0.53238517046,0
1539875297776538632,18.86561456,carbonZ_2018-10-18-11-04-08_1_engine_failure_with_emr_traj,engine,32.8099975586,-572.204040527,24.7795753479,254,46.2640113831,-2.97131872177,82.6305084229,-1.68777382374,24.4710845947,0.362381488085,0
1539875297828735592,18.91781152,carbonZ_2018-10-18-11-04-08_1_engine_failure_with_emr_traj,engine,32.8800010681,-601.312438965,24.6014652252,253,46.2640113831,-2.97131872177,82.6305084229,-2.12307143211,24.5100746155,0.26741039753,0
1539875297865318088,18.954394016,carbonZ_2018-10-18-11-04-08_1_engine_failure_with_emr_traj,engine,32.8800010681,-601.312438965,24.6014652252,253,46.2640113831,-2.97131872177,82.6305084229,-2.52894663811,24.5320167542,0.19779792428,0
1539875297895082632,18.98415856,carbonZ_2018-10-18-11-04-08_1_engine_failure_with_emr_traj,engine,32.9300003052,-601.312438965,24.3342990875,252,46.2640113831,-2.97131872177,82.6305084229,-2.95118355751,24.5434074402,0.095473587513,0
1539875297968141608,19.057217536,carbonZ_2018-10-18-11-04-08_1_engine_failure_with_emr_traj,engine,32.9300003052,-601.312438965,24.3342990875,252,44.0438652039,-1.57556343079,94.6146316528,-3.61758422852,24.5467662811,-0.122371718287,0
1539875297996062920,19.085138848,carbonZ_2018-10-18-11-04-08_1_engine_failure_with_emr_traj,engine,32.9399986267,-633.08581543,23.944683075,250,44.0438652039,-1.57556343079,94.6146316528,-3.80134224892,24.5447025299,-0.153457403183,0
1539875298084035720,19.173111648,carbonZ_2018-10-18-11-04-08_1_engine_failure_with_emr_traj,engine,32.9399986267,-633.08581543,23.944683075,250,44.0438652039,-1.57556343079,94.6146316528,-4.59630155563,24.4728298187,-0.140093639493,0
1539875298097427528,19.186503456,carbonZ_2018-10-18-11-04-08_1_engine_failure_with_emr_traj,engine,32.9500007629,-633.08581543,23.4660129547,249,44.0438652039,-1.57556343079,94.6146316528,-4.73889970779,24.452255249,-0.105331800878,0
1539875298215196040,19.304271968,carbonZ_2018-10-18-11-04-08_1_engine_failure_with_emr_traj,engine,32.9500007629,-638.980102539,22.8982868195,247,44.0438652039,-1.57556343079,94.6146316528,-5.73544120789,24.2950344086,-0.150277137756,0
1539875298291543688,19.380619616,carbonZ_2018-10-18-11-04-08_1_engine_failure_with_emr_traj,engine,32.9500007629,-638.980102539,22.8982868195,247,44.0438652039,-1.57556343079,94.6146316528,-6.40254545212,24.1247425079,-0.301346361637,0
1539875298308465864,19.397541792,carbonZ_2018-10-18-11-04-08_1_engine_failure_with_emr_traj,engine,32.9399986267,-638.980102539,22.2415046692,245,44.0438652039,-1.57556343079,94.6146316528,-6.55790281296,24.0766105652,-0.360697954893,0
1539875298379941320,19.469017248,carbonZ_2018-10-18-11-04-08_1_engine_failure_with_emr_traj,engine,32.9399986267,-638.980102539,22.2415046692,245,44.0438652039,-1.57556343079,94.6146316528,-7.00091266632,23.9162101746,-0.564276516438,0
1539875298402133416,19.491209344,carbonZ_2018-10-18-11-04-08_1_engine_failure_with_emr_traj,engine,32.9199981689,-630.178833008,21.4956684113,244,44.0438652039,-1.57556343079,94.6146316528,-7.41137456894,23.7526245117,-0.849143266678,0
1539875298458036072,19.547112,carbonZ_2018-10-18-11-04-08_1_engine_failure_with_emr_traj,engine,32.9199981689,-630.178833008,21.4956684113,244,28.8075141907,3.92941761017,103.994880676,-7.65575695038,23.6505069733,-1.05339634418,0
1539875298503772968,19.592848896,carbonZ_2018-10-18-11-04-08_1_engine_failure_with_emr_traj,engine,32.8600006104,-630.178833008,20.7053050995,242,28.8075141907,3.92941761017,103.994880676,-7.90126371384,23.5147399902,-1.24213016033,0
1539875298557752616,19.646828544,carbonZ_2018-10-18-11-04-08_1_engine_failure_with_emr_traj,engine,32.8600006104,-630.178833008,20.7053050995,242,28.8075141907,3.92941761017,103.994880676,-8.12472915649,23.3528251648,-1.50385046005,0
1539875298607406568,19.696482496,carbonZ_2018-10-18-11-04-08_1_engine_failure_with_emr_traj,engine,32.7399978638,-608.015808105,19.8815460205,240,28.8075141907,3.92941761017,103.994880676,-8.20066928864,23.2959423065,-1.57982695103,0
1539875298661373608,19.750449536,carbonZ_2018-10-18-11-04-08_1_engine_failure_with_emr_traj,engine,32.7399978638,-608.015808105,19.8815460205,240,28.8075141907,3.92941761017,103.994880676,-8.42053699493,23.1202430725,-1.85844969749,0
1539875298705969032,19.79504496,carbonZ_2018-10-18-11-04-08_1_engine_failure_with_emr_traj,engine,32.5699996948,-608.015808105,19.0355224609,239,28.8075141907,3.92941761017,103.994880676,-8.51699829102,23.0182437897,-1.96920883656,0
1539875298810154664,19.899230592,carbonZ_2018-10-18-11-04-08_1_engine_failure_with_emr_traj,engine,32.3699989319,-611.768737793,18.1672363281,237,28.8075141907,3.92941761017,103.994880676,-8.73714351654,22.7519741058,-2.11986684799,0
1539875298853367688,19.942443616,carbonZ_2018-10-18-11-04-08_1_engine_failure_with_emr_traj,engine,32.3699989319,-611.768737793,18.1672363281,237,28.8075141907,3.92941761017,103.994880676,-8.86392116547,22.5668849945,-2.12701749802,0
1539875298911208776,20.000284704,carbonZ_2018-10-18-11-04-08_1_engine_failure_with_emr_traj,engine,32.1599998474,-611.768737793,17.2878170013,235,10.675450325,3.87464880943,110.167533875,-8.86392116547,22.5668849945,-2.12701749802,0
1539875298988995848,20.078071776,carbonZ_2018-10-18-11-04-08_1_engine_failure_with_emr_traj,engine,32.1599998474,-611.768737793,17.2878170013,235,10.675450325,3.87464880943,110.167533875,-8.97678661346,22.2909507751,-2.52136111259,0
1539875299001024360,20.090100288,carbonZ_2018-10-18-11-04-08_1_engine_failure_with_emr_traj,engine,31.9299983978,-602.673706055,16.4083976746,234,10.675450325,3.87464880943,110.167533875,-8.97678661346,22.2909507751,-2.52136111259,0
1539875299090634824,20.179710752,carbonZ_2018-10-18-11-04-08_1_engine_failure_with_emr_traj,engine,31.9299983978,-602.673706055,16.4083976746,234,10.675450325,3.87464880943,110.167533875,-9.04226016998,22.0196628571,-2.87657117844,0
1539875299111068264,20.200144192,carbonZ_2018-10-18-11-04-08_1_engine_failure_with_emr_traj,engine,31.6499996185,-602.673706055,15.5178470612,232,10.675450325,3.87464880943,110.167533875,-9.04212856293,21.9701042175,-2.98019862175,0
1539875299146571944,20.235647872,carbonZ_2018-10-18-11-04-08_1_engine_failure_with_emr_traj,engine,31.6499996185,-602.673706055,15.5178470612,232,10.675450325,3.87464880943,110.167533875,-9.02294445038,21.8661956787,-3.18980813026,0
1539875299184055144,20.273131072,carbonZ_2018-10-18-11-04-08_1_engine_failure_with_emr_traj,engine,31.3299999237,-573.611816406,14.6384277344,230,10.675450325,3.87464880943,110.167533875,-8.99312877655,21.7665863037,-3.39242291451,0
1539875299259269768,20.348345696,carbonZ_2018-10-18-11-04-08_1_engine_failure_with_emr_traj,engine,31.3299999237,-573.611816406,14.6384277344,230,4.44958686829,5.96163749695,109.099555969,-8.93011856079,21.626909256,-3.63363862038,0
1539875299286907432,20.37598336,carbonZ_2018-10-18-11-04-08_1_engine_failure_with_emr_traj,engine,31.3299999237,-573.611816406,14.6384277344,230,4.44958686829,5.96163749695,109.099555969,-8.88404655457,21.5506839752,-3.72976946831,0
1539875299328561544,20.417637472,carbonZ_2018-10-18-11-04-08_1_engine_failure_with_emr_traj,engine,30.9699993134,-573.611816406,13.7590093613,229,4.44958686829,5.96163749695,109.099555969,-8.8126411438,21.485710144,-3.75376152992,0
1539875299399486024,20.488561952,carbonZ_2018-10-18-11-04-08_1_engine_failure_with_emr_traj,engine,30.5699996948,-527.079223633,12.9129858017,227,4.44958686829,5.96163749695,109.099555969,-8.61609077454,21.3712120056,-3.76094055176,0
1539875299450850088,20.539926016,carbonZ_2018-10-18-11-04-08_1_engine_failure_with_emr_traj,engine,30.5699996948,-527.079223633,12.9129858017,227,4.44958686829,5.96163749695,109.099555969,-8.42265605927,21.3074531555,-3.53965353966,0
1539875299512870440,20.601946368,carbonZ_2018-10-18-11-04-08_1_engine_failure_with_emr_traj,engine,30.1899986267,-527.079223633,12.0892267227,225,4.44958686829,5.96163749695,109.099555969,-8.32180023193,21.2823734283,-3.39622950554,0
1539875299595722312,20.68479824,carbonZ_2018-10-18-11-04-08_1_engine_failure_with_emr_traj,engine,29.8400001526,-488.315185547,11.2988624573,224,4.44958686829,5.96163749695,109.099555969,-8.15672492981,21.2428779602,-3.20199084282,0
1539875299602963784,20.692039712,carbonZ_2018-10-18-11-04-08_1_engine_failure_with_emr_traj,engine,29.8400001526,-488.315185547,11.2988624573,224,4.44958686829,5.96163749695,109.099555969,-8.09830951691,21.2387657166,-3.16730308533,0
1539875299657560776,20.746636704,carbonZ_2018-10-18-11-04-08_1_engine_failure_with_emr_traj,engine,29.8400001526,-488.315185547,11.2988624573,224,-13.5247497559,3.80034637451,108.557937622,-7.91082954407,21.1917610168,-3.16449904442,0
1539875299709042760,20.798118688,carbonZ_2018-10-18-11-04-08_1_engine_failure_with_emr_traj,engine,29.5199985504,-488.315185547,10.5418949127,223,-13.5247497559,3.80034637451,108.557937622,-7.78923606873,21.1648807526,-3.16666650772,0
1539875299746973192,20.83604912,carbonZ_2018-10-18-11-04-08_1_engine_failure_with_emr_traj,engine,29.5199985504,-488.315185547,10.5418949127,223,-13.5247497559,3.80034637451,108.557937622,-7.67880344391,21.148525238,-3.06034946442,0
1539875299780405800,20.869481728,carbonZ_2018-10-18-11-04-08_1_engine_failure_with_emr_traj,engine,29.2199993134,-454.87612915,9.8183221817,221,-13.5247497559,3.80034637451,108.557937622,-7.53398942947,21.1194152832,-2.80387711525,0
1539875299843634344,20.932710272,carbonZ_2018-10-18-11-04-08_1_engine_failure_with_emr_traj,engine,29.2199993134,-454.87612915,9.8183221817,221,-13.5247497559,3.80034637451,108.557937622,-7.48479223251,21.0959758759,-2.5213060379,0
1539875299852438216,20.941514144,carbonZ_2018-10-18-11-04-08_1_engine_failure_with_emr_traj,engine,29.2199993134,-454.87612915,9.8183221817,221,-13.5247497559,3.80034637451,108.557937622,-7.48479223251,21.0959758759,-2.5213060379,0
1539875299905964936,20.995040864,carbonZ_2018-10-18-11-04-08_1_engine_failure_with_emr_traj,engine,28.9699993134,-454.87612915,9.10588169098,220,-13.5247497559,3.80034637451,108.557937622,-7.4317073822,21.0682792664,-2.03533315659,0
1539875299968486920,21.057562848,carbonZ_2018-10-18-11-04-08_1_engine_failure_with_emr_traj,engine,28.9699993134,-454.87612915,9.10588169098,220,-13.5247497559,3.80034637451,108.557937622,-7.202439785,21.0391693115,-1.54774653912,0
1539875300099388264,21.188464192,carbonZ_2018-10-18-11-04-08_1_engine_failure_with_emr_traj,engine,28.6599998474,-431.063079834,7.73665952682,217,-13.5247497559,3.80034637451,108.557937622,-6.85221385956,21.0604782104,-1.34430384636,0
1539875300181226344,21.270302272,carbonZ_2018-10-18-11-04-08_1_engine_failure_with_emr_traj,engine,28.6599998474,-431.063079834,7.73665952682,217,-22.9052085876,0.272445887327,106.815002441,-6.70839071274,21.0499954224,-1.0628080368,0
1539875300202563400,21.291639328,carbonZ_2018-10-18-11-04-08_1_engine_failure_with_emr_traj,engine,28.6599998474,-431.063079834,7.73665952682,217,-22.9052085876,0.272445887327,106.815002441,-6.63127660751,21.0348796844,-0.820634961128,0
1539875300245720072,21.334796,carbonZ_2018-10-18-11-04-08_1_engine_failure_with_emr_traj,engine,28.5599994659,-415.104675293,7.09101057053,216,-22.9052085876,0.272445887327,106.815002441,-6.57631063461,21.015253067,-0.544887304306,0
1539875300278135528,21.367211456,carbonZ_2018-10-18-11-04-08_1_engine_failure_with_emr_traj,engine,28.5599994659,-415.104675293,7.09101057053,216,-22.9052085876,0.272445887327,106.815002441,-6.53075218201,21.0101470947,-0.236346304417,0
1539875300331331240,21.420407168,carbonZ_2018-10-18-11-04-08_1_engine_failure_with_emr_traj,engine,28.5199985504,-415.104675293,6.45649290085,215,-22.9052085876,0.272445887327,106.815002441,-6.49161529541,20.9908332825,0.0588414445519,0
1539875300359630856,21.448706784,carbonZ_2018-10-18-11-04-08_1_engine_failure_with_emr_traj,engine,28.5199985504,-415.104675293,6.45649290085,215,-22.9052085876,0.272445887327,106.815002441,-6.43748378754,20.9774723053,0.333780765533,0
1539875300422582504,21.511658432,carbonZ_2018-10-18-11-04-08_1_engine_failure_with_emr_traj,engine,28.5599994659,-402.439697266,5.82197570801,213,-22.9052085876,0.272445887327,106.815002441,-6.29988956451,20.9691429138,0.672981798649,0
1539875300459841000,21.548916928,carbonZ_2018-10-18-11-04-08_1_engine_failure_with_emr_traj,engine,28.5599994659,-402.439697266,5.82197570801,213,-22.9052085876,0.272445887327,106.815002441,-6.18647861481,20.9639377594,0.86270159483,0
1539875300522051496,21.611127424,carbonZ_2018-10-18-11-04-08_1_engine_failure_with_emr_traj,engine,28.6399993896,-402.439697266,5.20972204208,212,-22.9052085876,0.272445887327,106.815002441,-6.1016201973,20.9474411011,1.3226262331,0
1539875300609561960,21.698637888,carbonZ_2018-10-18-11-04-08_1_engine_failure_with_emr_traj,engine,28.7999992371,-385.397338867,4.60860013962,211,-22.9052085876,0.272445887327,106.815002441,-6.06308412552,20.9037761688,2.06948709488,0
1539875300680732264,21.769808192,carbonZ_2018-10-18-11-04-08_1_engine_failure_with_emr_traj,engine,28.7999992371,-385.397338867,4.60860013962,211,-23.8816871643,-4.850877285,101.539672852,-5.93464374542,20.8601818085,2.63754415512,0
1539875300731412360,21.820488288,carbonZ_2018-10-18-11-04-08_1_engine_failure_with_emr_traj,engine,29.0499992371,-385.397338867,4.00747823715,210,-23.8816871643,-4.850877285,101.539672852,-5.8644785881,20.850030899,2.94227099419,0
1539875300772264232,21.86134016,carbonZ_2018-10-18-11-04-08_1_engine_failure_with_emr_traj,engine,29.0499992371,-385.397338867,4.00747823715,210,-23.8816871643,-4.850877285,101.539672852,-5.81781578064,20.8269443512,3.27866435051,0
1539875300799039176,21.888115104,carbonZ_2018-10-18-11-04-08_1_engine_failure_with_emr_traj,engine,29.3899993896,-364.522155762,3.41748857498,209,-23.8816871643,-4.850877285,101.539672852,-5.68573999405,20.8069934845,3.57567310333,0
1539875300860602440,21.949678368,carbonZ_2018-10-18-11-04-08_1_engine_failure_with_emr_traj,engine,29.3899993896,-364.522155762,3.41748857498,209,-23.8816871643,-4.850877285,101.539672852,-5.32165384293,20.9071311951,3.26899218559,0
1539875300901087176,21.990163104,carbonZ_2018-10-18-11-04-08_1_engine_failure_with_emr_traj,engine,29.7600002289,-364.522155762,2.84976243973,208,-23.8816871643,-4.850877285,101.539672852,-5.32165384293,20.9071311951,3.26899218559,0
1539875300963649000,22.052724928,carbonZ_2018-10-18-11-04-08_1_engine_failure_with_emr_traj,engine,29.7600002289,-364.522155762,2.84976243973,208,-23.8816871643,-4.850877285,101.539672852,-4.82191133499,21.0477867126,2.83627128601,0
1539875300998771080,22.087847008,carbonZ_2018-10-18-11-04-08_1_engine_failure_with_emr_traj,engine,30.0900001526,-345.981201172,2.34882760048,207,-24.0999698639,-5.17773914337,97.785118103,-4.69976425171,21.0803890228,2.76300096512,0
1539875301072428872,22.1615048,carbonZ_2018-10-18-11-04-08_1_engine_failure_with_emr_traj,engine,30.0900001526,-345.981201172,2.34882760048,207,-24.0999698639,-5.17773914337,97.785118103,-4.2981762886,21.1292991638,2.68667411804,0
1539875301154783688,22.243859616,carbonZ_2018-10-18-11-04-08_1_engine_failure_with_emr_traj,engine,30.3799991608,-345.981201172,1.89242041111,206,-24.0999698639,-5.17773914337,97.785118103,-3.94458603859,21.1652145386,2.7653169632,0
1539875301183801256,22.272877184,carbonZ_2018-10-18-11-04-08_1_engine_failure_with_emr_traj,engine,30.3799991608,-345.981201172,1.89242041111,206,-24.0999698639,-5.17773914337,97.785118103,-3.73446154594,21.1926231384,2.77824282646,0
1539875301196244904,22.285320832,carbonZ_2018-10-18-11-04-08_1_engine_failure_with_emr_traj,engine,30.6499996185,-354.816253662,1.50280439854,205,-24.0999698639,-5.17773914337,97.785118103,-3.62877964973,21.2101955414,2.76856946945,0
1539875301279292168,22.368368096,carbonZ_2018-10-18-11-04-08_1_engine_failure_with_emr_traj,engine,30.6499996185,-354.816253662,1.50280439854,205,-24.0999698639,-5.17773914337,97.785118103,-3.21434020996,21.2723388672,2.63238787651,0
1539875301350222984,22.439298912,carbonZ_2018-10-18-11-04-08_1_engine_failure_with_emr_traj,engine,30.8899993896,-354.816253662,1.16884791851,204,-24.0999698639,-5.17773914337,97.785118103,-2.58552479744,21.3642349243,2.38594841957,0
1539875301384076360,22.473152288,carbonZ_2018-10-18-11-04-08_1_engine_failure_with_emr_traj,engine,30.8899993896,-354.816253662,1.16884791851,204,-29.8085575104,-5.34167814255,92.2327880859,-2.24275016785,21.4101753235,2.26039505005,0
1539875301400132904,22.489208832,carbonZ_2018-10-18-11-04-08_1_engine_failure_with_emr_traj,engine,31.109998703,-331.147186279,0.92394644022,204,-29.8085575104,-5.34167814255,92.2327880859,-2.08758163452,21.4222507477,2.21589565277,0
1539875301467077384,22.556153312,carbonZ_2018-10-18-11-04-08_1_engine_failure_with_emr_traj,engine,31.109998703,-331.147186279,0.92394644022,204,-29.8085575104,-5.34167814255,92.2327880859,-1.5635201931,21.478427887,1.9731606245,0
1539875301502097064,22.591172992,carbonZ_2018-10-18-11-04-08_1_engine_failure_with_emr_traj,engine,31.2899990082,-331.147186279,0.756968140602,203,-29.8085575104,-5.34167814255,92.2327880859,-1.20180642605,21.5144557953,1.80501949787,0
1539875301578091784,22.667167712,carbonZ_2018-10-18-11-04-08_1_engine_failure_with_emr_traj,engine,31.4099998474,-336.372375488,0.690176844597,203,-29.8085575104,-5.34167814255,92.2327880859,-0.339901924133,21.5959815979,1.37604475021,0
1539875301617657032,22.70673296,carbonZ_2018-10-18-11-04-08_1_engine_failure_with_emr_traj,engine,31.4099998474,-336.372375488,0.690176844597,203,-29.8085575104,-5.34167814255,92.2327880859,-0.339901924133,21.5959815979,1.37604475021,0
1539875301674261256,22.763337184,carbonZ_2018-10-18-11-04-08_1_engine_failure_with_emr_traj,engine,31.4099998474,-336.372375488,0.690176844597,203,-29.8085575104,-5.34167814255,92.2327880859,0.108488440514,21.6395320892,1.14810061455,0
1539875301703146920,22.792222848,carbonZ_2018-10-18-11-04-08_1_engine_failure_with_emr_traj,engine,31.5,-336.372375488,0.712440609932,202,-26.863910675,-3.62820506096,88.3301010132,0.372748315334,21.6699562073,1.03761649132,0
1539875301770926664,22.860002592,carbonZ_2018-10-18-11-04-08_1_engine_failure_with_emr_traj,engine,31.5,-336.372375488,0.712440609932,202,-26.863910675,-3.62820506096,88.3301010132,0.758618712425,21.6798248291,0.875153839588,0
1539875301795629640,22.884705568,carbonZ_2018-10-18-11-04-08_1_engine_failure_with_emr_traj,engine,31.5399990082,-349.642181396,0.792171239853,202,-26.863910675,-3.62820506096,88.3301010132,0.998424291611,21.6739788055,0.795959830284,0
1539875301874248488,22.963324416,carbonZ_2018-10-18-11-04-08_1_engine_failure_with_emr_traj,engine,31.5399990082,-349.642181396,0.792171239853,202,-26.863910675,-3.62820506096,88.3301010132,1.31929385662,21.6624774933,0.70297396183,0
1539875301901406888,22.990482816,carbonZ_2018-10-18-11-04-08_1_engine_failure_with_emr_traj,engine,31.5599994659,-349.642181396,0.937704443932,202,-26.863910675,-3.62820506096,88.3301010132,1.54011106491,21.657081604,0.575719296932,0
1539875301991463944,23.080539872,carbonZ_2018-10-18-11-04-08_1_engine_failure_with_emr_traj,engine,31.5599994659,-349.642181396,0.937704443932,202,-26.863910675,-3.62820506096,88.3301010132,1.99474275112,21.6261100769,0.175816655159,0
1539875302003689192,23.09276512,carbonZ_2018-10-18-11-04-08_1_engine_failure_with_emr_traj,engine,31.5499992371,-363.155548096,0.874179542065,202,-26.863910675,-3.62820506096,88.3301010132,1.99474275112,21.6261100769,0.175816655159,0
1539875302061961416,23.151037344,carbonZ_2018-10-18-11-04-08_1_engine_failure_with_emr_traj,engine,31.5499992371,-363.155548096,0.874179542065,202,-16.2171878815,-2.39606022835,83.2440338135,2.4019780159,21.6068115234,-0.302667140961,0
1539875302101241000,23.190316928,carbonZ_2018-10-18-11-04-08_1_engine_failure_with_emr_traj,engine,31.5,-363.155548096,1.13152515888,202,-16.2171878815,-2.39606022835,83.2440338135,2.58266830444,21.5837230682,-0.539646267891,0
1539875302189032008,23.278107936,carbonZ_2018-10-18-11-04-08_1_engine_failure_with_emr_traj,engine,31.5,-363.155548096,1.13152515888,202,-16.2171878815,-2.39606022835,83.2440338135,2.79323577881,21.5573730469,-0.911517441273,0
1539875302203598440,23.292674368,carbonZ_2018-10-18-11-04-08_1_engine_failure_with_emr_traj,engine,31.3799991608,-400.705535889,1.43330264091,202,-16.2171878815,-2.39606022835,83.2440338135,2.89851140976,21.5292053223,-1.11844336987,0
1539875302262274344,23.351350272,carbonZ_2018-10-18-11-04-08_1_engine_failure_with_emr_traj,engine,31.3799991608,-400.705535889,1.43330264091,202,-16.2171878815,-2.39606022835,83.2440338135,3.00612068176,21.4902801514,-1.39331161976,0
1539875302303679112,23.39275504,carbonZ_2018-10-18-11-04-08_1_engine_failure_with_emr_traj,engine,31.2099990845,-400.705535889,0.796400904655,202,-16.2171878815,-2.39606022835,83.2440338135,3.06518173218,21.4604148865,-1.59229707718,0
1539875302381652936,23.470728864,carbonZ_2018-10-18-11-04-08_1_engine_failure_with_emr_traj,engine,30.9799995422,-418.73626709,1.19230222702,202,-16.2171878815,-2.39606022835,83.2440338135,3.1108109951,21.4114151001,-2.12331008911,0
1539875302434683848,23.523759776,carbonZ_2018-10-18-11-04-08_1_engine_failure_with_emr_traj,engine,30.9799995422,-418.73626709,1.19230222702,202,-16.2171878815,-2.39606022835,83.2440338135,3.1108109951,21.4114151001,-2.12331008911,0
1539875302470133576,23.559209504,carbonZ_2018-10-18-11-04-08_1_engine_failure_with_emr_traj,engine,30.9799995422,-418.73626709,1.19230222702,202,-16.2171878815,-2.39606022835,83.2440338135,3.10653567314,21.3589439392,-2.41520953178,0
1539875302519923112,23.60899904,carbonZ_2018-10-18-11-04-08_1_engine_failure_with_emr_traj,engine,30.7099990845,-418.73626709,1.5877777338,202,-16.2171878815,-2.39606022835,83.2440338135,3.09822964668,21.3317737579,-2.46101570129,0
1539875302563641000,23.652716928,carbonZ_2018-10-18-11-04-08_1_engine_failure_with_emr_traj,engine,30.7099990845,-418.73626709,1.5877777338,202,-16.2171878815,-2.39606022835,83.2440338135,3.06625294685,21.2999362946,-2.51607728004,0
1539875302605683144,23.694759072,carbonZ_2018-10-18-11-04-08_1_engine_failure_with_emr_traj,engine,30.4099998474,-411.539642334,1.18127417564,202,5.90599536896,-1.68579351902,76.7274932861,3.03510212898,21.2679748535,-2.52485108376,0
1539875302717006568,23.806082496,carbonZ_2018-10-18-11-04-08_1_engine_failure_with_emr_traj,engine,30.109998703,-410.539611816,1.60371530056,202,5.90599536896,-1.68579351902,76.7274932861,2.96655726433,21.2135562897,-2.43566989899,0
1539875302717041992,23.80611792,carbonZ_2018-10-18-11-04-08_1_engine_failure_with_emr_traj,engine,30.109998703,-410.539611816,1.60371530056,202,5.90599536896,-1.68579351902,76.7274932861,2.96655726433,21.2135562897,-2.43566989899,0
1539875302767518472,23.8565944,carbonZ_2018-10-18-11-04-08_1_engine_failure_with_emr_traj,engine,30.109998703,-410.539611816,1.60371530056,202,5.90599536896,-1.68579351902,76.7274932861,2.91275453568,21.1515464783,-2.14275979996,0
1539875302827178408,23.916254336,carbonZ_2018-10-18-11-04-08_1_engine_failure_with_emr_traj,engine,29.8499984741,-398.534210205,-0.374179452658,202,5.90599536896,-1.68579351902,76.7274932861,2.8170902729,21.1074848175,-2.03937339783,0
1539875302873206312,23.96228224,carbonZ_2018-10-18-11-04-08_1_engine_failure_with_emr_traj,engine,29.8499984741,-398.534210205,-0.374179452658,202,5.90599536896,-1.68579351902,76.7274932861,2.74703454971,21.086353302,-2.0109744072,0
1539875302942530312,24.03160624,carbonZ_2018-10-18-11-04-08_1_engine_failure_with_emr_traj,engine,29.609998703,-398.534210205,0.220703393221,202,13.9399852753,-3.05996441841,77.7914886475,2.61346960068,21.0282211304,-1.75931203365,0
1539875302982597064,24.071672992,carbonZ_2018-10-18-11-04-08_1_engine_failure_with_emr_traj,engine,29.609998703,-398.534210205,0.220703393221,202,13.9399852753,-3.05996441841,77.7914886475,2.57415390015,21.013633728,-1.6620002985,0
1539875303000392424,24.089468352,carbonZ_2018-10-18-11-04-08_1_engine_failure_with_emr_traj,engine,29.4099998474,-388.954345703,-0.766461789608,202,13.9399852753,-3.05996441841,77.7914886475,2.49207186699,20.9857788086,-1.46244108677,0
1539875303067616168,24.156692096,carbonZ_2018-10-18-11-04-08_1_engine_failure_with_emr_traj,engine,29.4099998474,-388.954345703,-0.766461789608,202,13.9399852753,-3.05996441841,77.7914886475,2.3429210186,20.9594516754,-1.2217900753,0
1539875303128672264,24.217748192,carbonZ_2018-10-18-11-04-08_1_engine_failure_with_emr_traj,engine,29.2699985504,-388.954345703,-0.101383067667,203,13.9399852753,-3.05996441841,77.7914886475,2.19590163231,20.9341678619,-0.93690943718,0
1539875303185278184,24.274354112,carbonZ_2018-10-18-11-04-08_1_engine_failure_with_emr_traj,engine,29.2699985504,-388.954345703,-0.101383067667,203,13.9399852753,-3.05996441841,77.7914886475,1.97559213638,20.920124054,-0.76109457016,0
1539875303221675272,24.3107512,carbonZ_2018-10-18-11-04-08_1_engine_failure_with_emr_traj,engine,29.1700000763,-382.570251465,0.533461272717,203,13.9399852753,-3.05996441841,77.7914886475,1.81033504009,20.9116077423,-0.690789222717,0
1539875303270161704,24.359237632,carbonZ_2018-10-18-11-04-08_1_engine_failure_with_emr_traj,engine,29.1700000763,-382.570251465,0.533461272717,203,13.9399852753,-3.05996441841,77.7914886475,1.68637776375,20.8978328705,-0.498888283968,0
1539875303332532392,24.42160832,carbonZ_2018-10-18-11-04-08_1_engine_failure_with_emr_traj,engine,29.0999984741,-382.570251465,-1.16866087914,203,26.6240291595,-6.69602060318,82.857208252,1.52990937233,20.8667945862,-0.158236041665,0
1539875303393160200,24.482236128,carbonZ_2018-10-18-11-04-08_1_engine_failure_with_emr_traj,engine,29.0900001526,-366.271209717,-0.392527729273,203,26.6240291595,-6.69602060318,82.857208252,1.27143537998,20.82147789,0.429460406303,0
1539875303471526664,24.560602592,carbonZ_2018-10-18-11-04-08_1_engine_failure_with_emr_traj,engine,29.0900001526,-366.271209717,-0.392527729273,203,26.6240291595,-6.69602060318,82.857208252,1.16146922112,20.7964057922,0.66777908802,0
1539875303493949640,24.583025568,carbonZ_2018-10-18-11-04-08_1_engine_failure_with_emr_traj,engine,29.1499996185,-366.271209717,0.365700602531,203,26.6240291595,-6.69602060318,82.857208252,1.16146922112,20.7964057922,0.66777908802,0
1539875303572241288,24.661317216,carbonZ_2018-10-18-11-04-08_1_engine_failure_with_emr_traj,engine,29.1499996185,-366.271209717,0.365700602531,203,26.6240291595,-6.69602060318,82.857208252,0.912683725357,20.7599830627,1.25957250595,0
1539875303593264680,24.682340608,carbonZ_2018-10-18-11-04-08_1_engine_failure_with_emr_traj,engine,29.2699985504,-357.097045898,-2.89448857307,203,33.7050628662,-8.40069961548,85.2219619751,0.732949018478,20.7642612457,1.37782943249,0
1539875303707654792,24.79673072,carbonZ_2018-10-18-11-04-08_1_engine_failure_with_emr_traj,engine,29.4200000763,-357.097045898,-1.86029970646,203,33.7050628662,-8.40069961548,85.2219619751,0.194959059358,20.7943115234,1.50818693638,0
1539875303791051624,24.880127552,carbonZ_2018-10-18-11-04-08_1_engine_failure_with_emr_traj,engine,29.4200000763,-357.097045898,-1.86029970646,203,33.7050628662,-8.40069961548,85.2219619751,-0.209509268403,20.8297157288,1.62548553944,0
1539875303815664040,24.904739968,carbonZ_2018-10-18-11-04-08_1_engine_failure_with_emr_traj,engine,29.5900001526,-341.822631836,-2.60219025612,203,33.7050628662,-8.40069961548,85.2219619751,-0.327808022499,20.8372249603,1.64352405071,0
1539875303870122248,24.959198176,carbonZ_2018-10-18-11-04-08_1_engine_failure_with_emr_traj,engine,29.5900001526,-341.822631836,-2.60219025612,203,33.7050628662,-8.40069961548,85.2219619751,-0.650344312191,20.8617134094,1.72591459751,0
1539875303898463048,24.987538976,carbonZ_2018-10-18-11-04-08_1_engine_failure_with_emr_traj,engine,29.7799987793,-342.822631836,-1.51508951187,203,33.7050628662,-8.40069961548,85.2219619751,-0.818412482738,20.8725986481,1.85506391525,0
1539875303989300360,25.078376288,carbonZ_2018-10-18-11-04-08_1_engine_failure_with_emr_traj,engine,29.7799987793,-342.822631836,-1.51508951187,203,33.7050628662,-8.40069961548,85.2219619751,-1.20651865005,20.9036254883,2.06108832359,0
1539875304015340264,25.104416192,carbonZ_2018-10-18-11-04-08_1_engine_failure_with_emr_traj,engine,29.9799995422,-359.0597229,-3.08943939209,203,36.2900085449,-9.46070289612,90.5880813599,-1.20651865005,20.9036254883,2.06108832359,0
1539875304070994824,25.160070752,carbonZ_2018-10-18-11-04-08_1_engine_failure_with_emr_traj,engine,29.9799995422,-359.0597229,-3.08943939209,203,36.2900085449,-9.46070289612,90.5880813599,-1.59960651398,20.9307250977,2.236109972,0
1539875304104193736,25.193269664,carbonZ_2018-10-18-11-04-08_1_engine_failure_with_emr_traj,engine,30.1999988556,-358.059692383,-1.90934979916,203,36.2900085449,-9.46070289612,90.5880813599,-1.79817318916,20.9370765686,2.33207631111,0
1539875304154508648,25.243584576,carbonZ_2018-10-18-11-04-08_1_engine_failure_with_emr_traj,engine,30.1999988556,-358.059692383,-1.90934979916,203,36.2900085449,-9.46070289612,90.5880813599,-2.25887846947,20.9753818512,2.52044844627,0
1539875304262504360,25.351580288,carbonZ_2018-10-18-11-04-08_1_engine_failure_with_emr_traj,engine,30.4399986267,-359.958068848,-0.744161605835,203,36.2900085449,-9.46070289612,90.5880813599,-2.81863498688,21.0079898834,2.63433122635,0
1539875304324213256,25.413289184,carbonZ_2018-10-18-11-04-08_1_engine_failure_with_emr_traj,engine,30.7099990845,-359.958068848,-3.09572696686,203,36.2900085449,-9.46070289612,90.5880813599,-3.13128805161,21.0224380493,2.67386269569,0
1539875304375675656,25.464751584,carbonZ_2018-10-18-11-04-08_1_engine_failure_with_emr_traj,engine,30.7099990845,-359.958068848,-3.09572696686,203,41.9122657776,-11.0277891159,97.7518234253,-3.76024508476,21.0515956879,2.79201388359,0
1539875304409916392,25.49899232,carbonZ_2018-10-18-11-04-08_1_engine_failure_with_emr_traj,engine,30.9799995422,-367.62677002,-1.79726302624,202,41.9122657776,-11.0277891159,97.7518234253,-4.08397388458,21.0591678619,2.84272456169,0
1539875304485288232,25.57436416,carbonZ_2018-10-18-11-04-08_1_engine_failure_with_emr_traj,engine,30.9799995422,-367.62677002,-1.79726302624,202,41.9122657776,-11.0277891159,97.7518234253,-4.55970287323,21.0623188019,2.95943045616,0
1539875304517847496,25.606923424,carbonZ_2018-10-18-11-04-08_1_engine_failure_with_emr_traj,engine,31.2699985504,-367.62677002,-0.523646891117,202,41.9122657776,-11.0277891159,97.7518234253,-4.74583721161,21.0641345978,2.9731938839,0
1539875304581880840,25.670956768,carbonZ_2018-10-18-11-04-08_1_engine_failure_with_emr_traj,engine,31.2699985504,-367.62677002,-0.523646891117,202,41.9122657776,-11.0277891159,97.7518234253,-5.42055892944,21.0583171844,3.09678387642,0
1539875304603165128,25.692241056,carbonZ_2018-10-18-11-04-08_1_engine_failure_with_emr_traj,engine,31.5799999237,-386.871337891,-0.998183190823,202,41.9122657776,-11.0277891159,97.7518234253,-5.59958267212,21.0541763306,3.13675808907,0
1539875304661105672,25.7501816,carbonZ_2018-10-18-11-04-08_1_engine_failure_with_emr_traj,engine,31.5799999237,-386.871337891,-0.998183190823,202,41.9122657776,-11.0277891159,97.7518234253,-6.09182024002,21.0310134888,3.23752379417,0
1539875304771376104,25.860452032,carbonZ_2018-10-18-11-04-08_1_engine_failure_with_emr_traj,engine,31.9099998474,-386.871337891,0.305165141821,201,41.9122657776,-11.0277891159,97.7518234253,-6.83440589905,20.9946727753,3.46780991554,0
1539875304851596488,25.940672416,carbonZ_2018-10-18-11-04-08_1_engine_failure_with_emr_traj,engine,32.25,-398.913757324,-1.98978805542,201,47.6289710999,-9.14545822144,106.424850464,-7.505402565,20.9653148651,3.49736166,0
1539875304886532808,25.975608736,carbonZ_2018-10-18-11-04-08_1_engine_failure_with_emr_traj,engine,32.25,-398.913757324,-1.98978805542,201,47.6289710999,-9.14545822144,106.424850464,-7.92673683167,20.9417743683,3.40436220169,0
1539875304919041192,26.00811712,carbonZ_2018-10-18-11-04-08_1_engine_failure_with_emr_traj,engine,32.6100006104,-398.913757324,-0.538042545319,200,47.6289710999,-9.14545822144,106.424850464,-8.14284610748,20.9228782654,3.34767413139,0
1539875304957174056,26.046249984,carbonZ_2018-10-18-11-04-08_1_engine_failure_with_emr_traj,engine,32.6100006104,-398.913757324,-0.538042545319,200,47.6289710999,-9.14545822144,106.424850464,-8.96981239319,20.8591327667,3.15881872177,0
1539875305052156616,26.141232544,carbonZ_2018-10-18-11-04-08_1_engine_failure_with_emr_traj,engine,32.9500007629,-427.363952637,-0.989899337292,200,47.6289710999,-9.14545822144,106.424850464,-9.54042434692,20.7913646698,3.09221553802,0
1539875305075599848,26.164675776,carbonZ_2018-10-18-11-04-08_1_engine_failure_with_emr_traj,engine,32.9500007629,-427.363952637,-0.989899337292,200,47.6289710999,-9.14545822144,106.424850464,-9.73693752289,20.7645053864,3.06054925919,0
1539875305103712072,26.192788,carbonZ_2018-10-18-11-04-08_1_engine_failure_with_emr_traj,engine,33.2900009155,-427.363952637,0.501112818718,199,47.6289710999,-9.14545822144,106.424850464,-10.1364774704,20.702205658,3.00234770775,0
1539875305144921192,26.23399712,carbonZ_2018-10-18-11-04-08_1_engine_failure_with_emr_traj,engine,33.2900009155,-427.363952637,0.501112818718,199,47.6289710999,-9.14545822144,106.424850464,-10.5206632614,20.6350975037,2.9603972435,0
1539875305198260168,26.287336096,carbonZ_2018-10-18-11-04-08_1_engine_failure_with_emr_traj,engine,33.5999984741,-475.460632324,1.92096471786,199,47.6289710999,-9.14545822144,106.424850464,-10.9431362152,20.5478878021,2.88593316078,0
1539875305258929704,26.348005632,carbonZ_2018-10-18-11-04-08_1_engine_failure_with_emr_traj,engine,33.5999984741,-475.460632324,1.92096471786,199,41.1860466003,-9.34177589417,118.826423645,-11.9478597641,20.2744407654,2.5189499855,0
1539875305277696744,26.366772672,carbonZ_2018-10-18-11-04-08_1_engine_failure_with_emr_traj,engine,33.5999984741,-475.460632324,1.92096471786,199,41.1860466003,-9.34177589417,118.826423645,-11.9478597641,20.2744407654,2.5189499855,0
1539875305323891016,26.412966944,carbonZ_2018-10-18-11-04-08_1_engine_failure_with_emr_traj,engine,33.8800010681,-475.460632324,0.6546266675,198,41.1860466003,-9.34177589417,118.826423645,-12.9798469543,19.9295310974,2.10445284843,0
1539875305360857480,26.449933408,carbonZ_2018-10-18-11-04-08_1_engine_failure_with_emr_traj,engine,33.8800010681,-475.460632324,0.6546266675,198,41.1860466003,-9.34177589417,118.826423645,-12.9798469543,19.9295310974,2.10445284843,0
1539875305406443176,26.495519104,carbonZ_2018-10-18-11-04-08_1_engine_failure_with_emr_traj,engine,34.1100006104,-494.301422119,2.11998391151,197,41.1860466003,-9.34177589417,118.826423645,-13.6930932999,19.6632728577,1.84957265854,0
1539875305431341160,26.520417088,carbonZ_2018-10-18-11-04-08_1_engine_failure_with_emr_traj,engine,34.1100006104,-494.301422119,2.11998391151,197,41.1860466003,-9.34177589417,118.826423645,-14.4658718109,19.3420982361,1.44417691231,0
1539875305499180040,26.588255968,carbonZ_2018-10-18-11-04-08_1_engine_failure_with_emr_traj,engine,34.2900009155,-494.301422119,0.0178034827113,196,41.1860466003,-9.34177589417,118.826423645,-15.1622648239,18.9947986603,1.10712397099,0
1539875305564618536,26.653694464,carbonZ_2018-10-18-11-04-08_1_engine_failure_with_emr_traj,engine,34.2900009155,-494.301422119,0.0178034827113,196,41.1860466003,-9.34177589417,118.826423645,-15.4967975616,18.8145580292,1.04895544052,0
1539875305597440392,26.68651632,carbonZ_2018-10-18-11-04-08_1_engine_failure_with_emr_traj,engine,34.3999977112,-545.687133789,1.57661008835,195,41.1860466003,-9.34177589417,118.826423645,-15.7635154724,18.6649131775,1.07235586643,0
1539875305649153928,26.738229856,carbonZ_2018-10-18-11-04-08_1_engine_failure_with_emr_traj,engine,34.3999977112,-545.687133789,1.57661008835,195,40.9233474731,-4.17243146896,129.435501099,-16.0858898163,18.4657058716,0.972561299801,0
1539875305678476072,26.767552,carbonZ_2018-10-18-11-04-08_1_engine_failure_with_emr_traj,engine,34.3999977112,-545.687133789,1.57661008835,195,40.9233474731,-4.17243146896,129.435501099,-16.444726944,18.2304363251,0.804414629936,0
1539875305718073736,26.807149664,carbonZ_2018-10-18-11-04-08_1_engine_failure_with_emr_traj,engine,34.5099983215,-545.687133789,1.49054956436,194,40.9233474731,-4.17243146896,129.435501099,-16.8224239349,17.9703102112,0.586605370045,0
1539875305799285416,26.888361344,carbonZ_2018-10-18-11-04-08_1_engine_failure_with_emr_traj,engine,34.5799980164,-571.514160156,3.02554535866,192,40.9233474731,-4.17243146896,129.435501099,-17.5583438873,17.4310874939,0.171527996659,0
1539875305869416936,26.958492864,carbonZ_2018-10-18-11-04-08_1_engine_failure_with_emr_traj,engine,34.5799980164,-571.514160156,3.02554535866,192,40.9233474731,-4.17243146896,129.435501099,-18.067117691,17.0224266052,-0.0871140956879,0
1539875305896434312,26.98551024,carbonZ_2018-10-18-11-04-08_1_engine_failure_with_emr_traj,engine,34.6199989319,-571.514160156,4.46911811829,191,40.9233474731,-4.17243146896,129.435501099,-18.3812160492,16.7500209808,-0.248314887285,0
1539875305990284424,27.079360352,carbonZ_2018-10-18-11-04-08_1_engine_failure_with_emr_traj,engine,34.6199989319,-571.514160156,4.46911811829,191,40.9233474731,-4.17243146896,129.435501099,-18.9539871216,16.2107391357,-0.500196874142,0
1539875306014459240,27.103535168,carbonZ_2018-10-18-11-04-08_1_engine_failure_with_emr_traj,engine,34.6100006104,-592.263244629,3.58421897888,190,39.6767082214,-0.740779399872,138.734222412,-19.0834980011,16.0817146301,-0.5286039114,0
1539875306101927080,27.191003008,carbonZ_2018-10-18-11-04-08_1_engine_failure_with_emr_traj,engine,34.5799980164,-592.263244629,5.07493305206,188,39.6767082214,-0.740779399872,138.734222412,-19.4618110657,15.6731777191,-0.293296098709,0
1539875306188330568,27.277406496,carbonZ_2018-10-18-11-04-08_1_engine_failure_with_emr_traj,engine,34.5799980164,-592.263244629,5.07493305206,188,39.6767082214,-0.740779399872,138.734222412,-19.8323726654,15.2087907791,-0.26866170764,0
1539875306207889736,27.296965664,carbonZ_2018-10-18-11-04-08_1_engine_failure_with_emr_traj,engine,34.5599975586,-598.218322754,5.74930667877,187,39.6767082214,-0.740779399872,138.734222412,-19.9441509247,15.0585241318,-0.306020975113,0
1539875306279141800,27.368217728,carbonZ_2018-10-18-11-04-08_1_engine_failure_with_emr_traj,engine,34.5599975586,-598.218322754,5.74930667877,187,39.6767082214,-0.740779399872,138.734222412,-20.4191131592,14.3951005936,-0.53041779995,0
1539875306317370184,27.406446112,carbonZ_2018-10-18-11-04-08_1_engine_failure_with_emr_traj,engine,34.5200004578,-598.218322754,7.16759395599,185,39.6767082214,-0.740779399872,138.734222412,-20.6882762909,13.9973392487,-0.712362766266,0
1539875306357616072,27.446692,carbonZ_2018-10-18-11-04-08_1_engine_failure_with_emr_traj,engine,34.5200004578,-598.218322754,7.16759395599,185,39.6767082214,-0.740779399872,138.734222412,-20.9250926971,13.6226568222,-0.876995444298,0
1539875306419283400,27.508359328,carbonZ_2018-10-18-11-04-08_1_engine_failure_with_emr_traj,engine,34.4500007629,-592.117858887,8.49122047424,184,39.6767082214,-0.740779399872,138.734222412,-21.2272224426,13.1125068665,-1.03636109829,0
1539875306485833672,27.5749096,carbonZ_2018-10-18-11-04-08_1_engine_failure_with_emr_traj,engine,34.4500007629,-592.117858887,8.49122047424,184,43.5948753357,1.59657406807,150.217544556,-21.4727478027,12.6562004089,-1.11387240887,0
1539875306508267656,27.597343584,carbonZ_2018-10-18-11-04-08_1_engine_failure_with_emr_traj,engine,34.3600006104,-592.117858887,9.22446632385,182,43.5948753357,1.59657406807,150.217544556,-21.5468864441,12.5134077072,-1.13409304619,0
1539875306571588296,27.660664224,carbonZ_2018-10-18-11-04-08_1_engine_failure_with_emr_traj,engine,34.3600006104,-592.117858887,9.22446632385,182,43.5948753357,1.59657406807,150.217544556,-21.8048553467,11.9752435684,-1.24709951878,0
1539875306608472488,27.697548416,carbonZ_2018-10-18-11-04-08_1_engine_failure_with_emr_traj,engine,34.2399978638,-580.63104248,10.4236373901,181,43.5948753357,1.59657406807,150.217544556,-21.9868850708,11.5656032562,-1.34541416168,0
1539875306659647048,27.748722976,carbonZ_2018-10-18-11-04-08_1_engine_failure_with_emr_traj,engine,34.2399978638,-580.63104248,10.4236373901,181,43.5948753357,1.59657406807,150.217544556,-22.3563270569,10.6286087036,-1.44825804234,0
1539875306748159816,27.837235744,carbonZ_2018-10-18-11-04-08_1_engine_failure_with_emr_traj,engine,34.0999984741,-580.63104248,11.4202804565,179,43.5948753357,1.59657406807,150.217544556,-22.6007404327,9.9100856781,-1.51498603821,0
1539875306823074760,27.912150688,carbonZ_2018-10-18-11-04-08_1_engine_failure_with_emr_traj,engine,33.9599990845,-566.159423828,12.4254522324,177,43.5948753357,1.59657406807,150.217544556,-22.714302063,9.54337882996,-1.4133130312,0
1539875306843545320,27.932621248,carbonZ_2018-10-18-11-04-08_1_engine_failure_with_emr_traj,engine,33.9599990845,-566.159423828,12.4254522324,177,43.5948753357,1.59657406807,150.217544556,-22.714302063,9.54337882996,-1.4133130312,0
1539875306876694184,27.965770112,carbonZ_2018-10-18-11-04-08_1_engine_failure_with_emr_traj,engine,33.9599990845,-566.159423828,12.4254522324,177,45.3146209717,2.51615285873,159.964401245,-22.7592525482,9.39943599701,-1.242436409,0
1539875306989866344,28.078942272,carbonZ_2018-10-18-11-04-08_1_engine_failure_with_emr_traj,engine,33.8299980164,-566.159423828,13.3629961014,175,45.3146209717,2.51615285873,159.964401245,-22.8686618805,8.92165851593,-0.953760325909,0
1539875307038804360,28.127880288,carbonZ_2018-10-18-11-04-08_1_engine_failure_with_emr_traj,engine,33.7299995422,-538.583557129,14.2518749237,174,45.3146209717,2.51615285873,159.964401245,-22.9692192078,8.37107658386,-0.837927341461,0
1539875307067287944,28.156363872,carbonZ_2018-10-18-11-04-08_1_engine_failure_with_emr_traj,engine,33.7299995422,-538.583557129,14.2518749237,174,45.3146209717,2.51615285873,159.964401245,-22.9969596863,8.22539138794,-0.8214828372,0
1539875307116337416,28.205413344,carbonZ_2018-10-18-11-04-08_1_engine_failure_with_emr_traj,engine,33.6599998474,-538.583557129,15.0802745819,172,45.3146209717,2.51615285873,159.964401245,-23.0695343018,7.78153896332,-0.805521309376,0
1539875307183715688,28.272791616,carbonZ_2018-10-18-11-04-08_1_engine_failure_with_emr_traj,engine,33.6599998474,-538.583557129,15.0802745819,172,45.3146209717,2.51615285873,159.964401245,-23.1107959747,7.4696969986,-0.81212580204,0
1539875307229541928,28.318617856,carbonZ_2018-10-18-11-04-08_1_engine_failure_with_emr_traj,engine,33.5900001526,-521.812072754,15.8579673767,170,45.3146209717,2.51615285873,159.964401245,-23.141582489,7.21296358109,-0.732563555241,0
1539875307261295432,28.35037136,carbonZ_2018-10-18-11-04-08_1_engine_failure_with_emr_traj,engine,33.5900001526,-521.812072754,15.8579673767,170,44.9247741699,-0.096423484385,169.705307007,-23.141582489,7.21296358109,-0.732563555241,0
1539875307355160616,28.444236544,carbonZ_2018-10-18-11-04-08_1_engine_failure_with_emr_traj,engine,33.5499992371,-521.812072754,16.568025589,168,44.9247741699,-0.096423484385,169.705307007,-23.2566738129,5.82481908798,-0.644803762436,0
1539875307383952904,28.473028832,carbonZ_2018-10-18-11-04-08_1_engine_failure_with_emr_traj,engine,33.5499992371,-521.812072754,16.568025589,168,44.9247741699,-0.096423484385,169.705307007,-23.2566738129,5.82481908798,-0.644803762436,0
1539875307429443560,28.518519488,carbonZ_2018-10-18-11-04-08_1_engine_failure_with_emr_traj,engine,33.5299987793,-504.485900879,17.2020149231,167,44.9247741699,-0.096423484385,169.705307007,-23.2754631042,5.39462375641,-0.709703862667,0
1539875307457948648,28.547024576,carbonZ_2018-10-18-11-04-08_1_engine_failure_with_emr_traj,engine,33.5299987793,-504.485900879,17.2020149231,167,44.9247741699,-0.096423484385,169.705307007,-23.2877998352,4.95369529724,-0.785844385624,0
1539875307499818984,28.588894912,carbonZ_2018-10-18-11-04-08_1_engine_failure_with_emr_traj,engine,33.5,-504.485900879,17.7261047363,165,44.9247741699,-0.096423484385,169.705307007,-23.2939586639,4.28312969208,-0.931499660015,0
1539875307560510984,28.649586912,carbonZ_2018-10-18-11-04-08_1_engine_failure_with_emr_traj,engine,33.5,-504.485900879,17.7261047363,165,44.9247741699,-0.096423484385,169.705307007,-23.2734203339,3.54887676239,-1.13442516327,0
1539875307610024936,28.699100864,carbonZ_2018-10-18-11-04-08_1_engine_failure_with_emr_traj,engine,33.4399986267,-449.097839355,18.1234130859,163,44.9247741699,-0.096423484385,169.705307007,-23.2631816864,3.30351185799,-1.20058012009,0
1539875307680819304,28.769895232,carbonZ_2018-10-18-11-04-08_1_engine_failure_with_emr_traj,engine,33.4399986267,-449.097839355,18.1234130859,163,45.8226242065,0.864644825459,179.742523193,-23.196144104,2.33085227013,-1.46486592293,0
1539875307719435176,28.808511104,carbonZ_2018-10-18-11-04-08_1_engine_failure_with_emr_traj,engine,33.3600006104,-449.097839355,18.4023647308,161,45.8226242065,0.864644825459,179.742523193,-23.1484947205,1.83551871777,-1.60178697109,0
1539875307791559816,28.880635744,carbonZ_2018-10-18-11-04-08_1_engine_failure_with_emr_traj,engine,33.3600006104,-449.097839355,18.4023647308,161,45.8226242065,0.864644825459,179.742523193,-23.0507106781,1.14359033108,-1.75928199291,0
1539875307816806664,28.905882592,carbonZ_2018-10-18-11-04-08_1_engine_failure_with_emr_traj,engine,33.2299995422,-425.273132324,18.5460681915,159,45.8226242065,0.864644825459,179.742523193,-23.0507106781,1.14359033108,-1.75928199291,0
1539875307876377288,28.965453216,carbonZ_2018-10-18-11-04-08_1_engine_failure_with_emr_traj,engine,33.2299995422,-425.273132324,18.5460681915,159,45.8226242065,0.864644825459,179.742523193,-22.8908100128,0.309738069773,-1.92414033413,0
1539875307957599656,29.046675584,carbonZ_2018-10-18-11-04-08_1_engine_failure_with_emr_traj,engine,33.0799980164,-425.273132324,18.5714435577,157,45.8226242065,0.864644825459,179.742523193,-22.7097244263,-0.399983257055,-2.00903582573,0
1539875307982577096,29.071653024,carbonZ_2018-10-18-11-04-08_1_engine_failure_with_emr_traj,engine,33.0799980164,-425.273132324,18.5714435577,157,45.8226242065,0.864644825459,179.742523193,-22.6572875977,-0.568730056286,-2.02013087273,0
1539875308014208040,29.103283968,carbonZ_2018-10-18-11-04-08_1_engine_failure_with_emr_traj,engine,32.9099998474,-396.471008301,18.503818512,155,45.8226242065,0.864644825459,179.742523193,-22.603094101,-0.737261176109,-2.03214263916,0
1539875308078105768,29.167181696,carbonZ_2018-10-18-11-04-08_1_engine_failure_with_emr_traj,engine,32.9099998474,-396.471008301,18.503818512,155,43.4872169495,2.8059015274,-170.104095459,-22.3275623322,-1.50097715855,-2.06456708908,0
1539875308119328104,29.208404032,carbonZ_2018-10-18-11-04-08_1_engine_failure_with_emr_traj,engine,32.719997406,-396.471008301,18.3516635895,153,43.4872169495,2.8059015274,-170.104095459,-22.2214183807,-1.78104496002,-2.09732604027,0
1539875308167387528,29.256463456,carbonZ_2018-10-18-11-04-08_1_engine_failure_with_emr_traj,engine,32.719997406,-396.471008301,18.3516635895,153,43.4872169495,2.8059015274,-170.104095459,-22.1061611176,-2.03570485115,-2.12773752213,0
1539875308197729064,29.286804992,carbonZ_2018-10-18-11-04-08_1_engine_failure_with_emr_traj,engine,32.5299987793,-396.822540283,18.1318912506,151,43.4872169495,2.8059015274,-170.104095459,-21.9871177673,-2.29654312134,-2.2093167305,0
1539875308253822792,29.34289872,carbonZ_2018-10-18-11-04-08_1_engine_failure_with_emr_traj,engine,32.5299987793,-396.822540283,18.1318912506,151,43.4872169495,2.8059015274,-170.104095459,-21.7439231873,-2.81486129761,-2.37641358376,0
1539875308304624072,29.3937,carbonZ_2018-10-18-11-04-08_1_engine_failure_with_emr_traj,engine,32.3099975586,-396.822540283,17.8613910675,149,43.4872169495,2.8059015274,-170.104095459,-21.6941566467,-2.90751051903,-2.37587356567,0
1539875308402115656,29.491191584,carbonZ_2018-10-18-11-04-08_1_engine_failure_with_emr_traj,engine,32.0799980164,-364.303009033,17.540189743,147,31.6047019958,1.18251752853,-163.209442139,-21.4849586487,-3.25060749054,-2.35126018524,0
1539875308437164584,29.526240512,carbonZ_2018-10-18-11-04-08_1_engine_failure_with_emr_traj,engine,32.0799980164,-364.303009033,17.540189743,147,31.6047019958,1.18251752853,-163.209442139,-21.3679275513,-3.44816589355,-2.38848686218,0
1539875308506799656,29.595875584,carbonZ_2018-10-18-11-04-08_1_engine_failure_with_emr_traj,engine,31.8400001526,-364.303009033,17.1767063141,145,31.6047019958,1.18251752853,-163.209442139,-21.0994701385,-3.9295797348,-2.57750654221,0
1539875308591812104,29.680888032,carbonZ_2018-10-18-11-04-08_1_engine_failure_with_emr_traj,engine,31.5799999237,-341.807556152,16.7709579468,143,31.6047019958,1.18251752853,-163.209442139,-20.6976013184,-4.52058029175,-2.83113574982,0
1539875308662613576,29.751689504,carbonZ_2018-10-18-11-04-08_1_engine_failure_with_emr_traj,engine,31.5799999237,-341.807556152,16.7709579468,143,31.6047019958,1.18251752853,-163.209442139,-20.5027179718,-4.766705513,-2.89399194717,0
1539875308718521128,29.807597056,carbonZ_2018-10-18-11-04-08_1_engine_failure_with_emr_traj,engine,31.2899990082,-341.807556152,16.3229541779,141,31.6047019958,1.18251752853,-163.209442139,-20.4487285614,-4.83820772171,-2.89277029037,0
1539875308781156040,29.870231968,carbonZ_2018-10-18-11-04-08_1_engine_failure_with_emr_traj,engine,31.2899990082,-341.807556152,16.3229541779,141,31.6047019958,1.18251752853,-163.209442139,-20.2159843445,-5.04259729385,-2.80240106583,0
1539875308801073352,29.89014928,carbonZ_2018-10-18-11-04-08_1_engine_failure_with_emr_traj,engine,30.9899997711,-316.799163818,15.8411273956,139,31.6047019958,1.18251752853,-163.209442139,-20.167181015,-5.0993885994,-2.78735160828,0
1539875308909232872,29.9983088,carbonZ_2018-10-18-11-04-08_1_engine_failure_with_emr_traj,engine,30.6999988556,-316.799163818,15.3254947662,137,23.0179729462,1.05691981316,-156.897201538,-19.8967323303,-5.31003570557,-2.63663363457,0
1539875308950194472,30.0392704,carbonZ_2018-10-18-11-04-08_1_engine_failure_with_emr_traj,engine,30.6999988556,-316.799163818,15.3254947662,137,23.0179729462,1.05691981316,-156.897201538,-19.7360210419,-5.42783784866,-2.55727910995,0
1539875309017915592,30.10699152,carbonZ_2018-10-18-11-04-08_1_engine_failure_with_emr_traj,engine,30.4200000763,-285.723876953,14.8014030457,135,23.0179729462,1.05691981316,-156.897201538,-19.6372509003,-5.49783468246,-2.51301145554,0
1539875309060780296,30.149856224,carbonZ_2018-10-18-11-04-08_1_engine_failure_with_emr_traj,engine,30.4200000763,-285.723876953,14.8014030457,135,23.0179729462,1.05691981316,-156.897201538,-19.5065155029,-5.55965805054,-2.42970442772,0
1539875309129192264,30.218268192,carbonZ_2018-10-18-11-04-08_1_engine_failure_with_emr_traj,engine,30.1599998474,-285.723876953,14.2604036331,133,23.0179729462,1.05691981316,-156.897201538,-19.3687934875,-5.61189222336,-2.39601993561,0
1539875309172042600,30.261118528,carbonZ_2018-10-18-11-04-08_1_engine_failure_with_emr_traj,engine,30.1599998474,-285.723876953,14.2604036331,133,23.0179729462,1.05691981316,-156.897201538,-19.2817001343,-5.63571596146,-2.4063308239,0
1539875309203998696,30.293074624,carbonZ_2018-10-18-11-04-08_1_engine_failure_with_emr_traj,engine,29.9099998474,-254.013824463,13.7194166183,131,23.0179729462,1.05691981316,-156.897201538,-19.154668808,-5.6593132019,-2.42106342316,0
1539875309276596808,30.365672736,carbonZ_2018-10-18-11-04-08_1_engine_failure_with_emr_traj,engine,29.9099998474,-254.013824463,13.7194166183,131,23.0179729462,1.05691981316,-156.897201538,-19.0794181824,-5.67365980148,-2.41968011856,0
1539875309315473800,30.404549728,carbonZ_2018-10-18-11-04-08_1_engine_failure_with_emr_traj,engine,29.6499996185,-254.013824463,13.1784162521,129,11.9753875732,0.177082687616,-156.515014648,-18.9735546112,-5.67980480194,-2.36771321297,0
1539875309397451880,30.486527808,carbonZ_2018-10-18-11-04-08_1_engine_failure_with_emr_traj,engine,29.6499996185,-254.013824463,13.1784162521,129,11.9753875732,0.177082687616,-156.515014648,-18.8915405273,-5.65267276764,-2.26362586021,0
1539875309425524392,30.51460032,carbonZ_2018-10-18-11-04-08_1_engine_failure_with_emr_traj,engine,29.3999996185,-217.63381958,12.637421608,127,11.9753875732,0.177082687616,-156.515014648,-18.863571167,-5.64266204834,-2.23560571671,0
1539875309464389736,30.553465664,carbonZ_2018-10-18-11-04-08_1_engine_failure_with_emr_traj,engine,29.3999996185,-217.63381958,12.637421608,127,11.9753875732,0.177082687616,-156.515014648,-18.7857494354,-5.6107134819,-2.21423006058,0
1539875309499471624,30.588547552,carbonZ_2018-10-18-11-04-08_1_engine_failure_with_emr_traj,engine,29.1499996185,-217.63381958,12.0964212418,125,11.9753875732,0.177082687616,-156.515014648,-18.7427082062,-5.58612585068,-2.21560931206,0
1539875309564793384,30.653869312,carbonZ_2018-10-18-11-04-08_1_engine_failure_with_emr_traj,engine,29.1499996185,-217.63381958,12.0964212418,125,11.9753875732,0.177082687616,-156.515014648,-18.6738452911,-5.55105257034,-2.12869048119,0
1539875309642288296,30.731364224,carbonZ_2018-10-18-11-04-08_1_engine_failure_with_emr_traj,engine,28.9200000763,-189.538574219,11.5723352432,123,11.9753875732,0.177082687616,-156.515014648,-18.5962123871,-5.48511505127,-1.90457117558,0
1539875309675062728,30.764138656,carbonZ_2018-10-18-11-04-08_1_engine_failure_with_emr_traj,engine,28.9200000763,-189.538574219,11.5723352432,123,11.9753875732,0.177082687616,-156.515014648,-18.5584468842,-5.44770765305,-1.82441830635,0
1539875309724441640,30.813517568,carbonZ_2018-10-18-11-04-08_1_engine_failure_with_emr_traj,engine,28.6999988556,-189.538574219,11.0566949844,121,2.94002532959,-3.39909791946,-153.097198486,-18.5348644257,-5.40343904495,-1.74088251591,0
1539875309771092904,30.860168832,carbonZ_2018-10-18-11-04-08_1_engine_failure_with_emr_traj,engine,28.6999988556,-189.538574219,11.0566949844,121,2.94002532959,-3.39909791946,-153.097198486,-18.4950332642,-5.36334085464,-1.7152736187,0
1539875309805394184,30.894470112,carbonZ_2018-10-18-11-04-08_1_engine_failure_with_emr_traj,engine,28.5,-169.140625,10.5495061874,120,2.94002532959,-3.39909791946,-153.097198486,-18.4781513214,-5.35593605042,-1.71283519268,0
1539875309860601096,30.949677024,carbonZ_2018-10-18-11-04-08_1_engine_failure_with_emr_traj,engine,28.5,-169.140625,10.5495061874,120,2.94002532959,-3.39909791946,-153.097198486,-18.4373989105,-5.33360052109,-1.63578414917,0
1539875309926117672,31.0151936,carbonZ_2018-10-18-11-04-08_1_engine_failure_with_emr_traj,engine,28.3099994659,-169.140625,10.0507802963,118,2.94002532959,-3.39909791946,-153.097198486,-18.380695343,-5.30465650558,-1.44473934174,0
1539875309973189608,31.062265536,carbonZ_2018-10-18-11-04-08_1_engine_failure_with_emr_traj,engine,28.3099994659,-169.140625,10.0507802963,118,2.94002532959,-3.39909791946,-153.097198486,-18.3648586273,-5.2691988945,-1.24259114265,0
1539875309988714088,31.077790016,carbonZ_2018-10-18-11-04-08_1_engine_failure_with_emr_traj,engine,28.1499996185,-152.44178772,9.543592453,116,2.94002532959,-3.39909791946,-153.097198486,-18.3530235291,-5.24766588211,-1.12547624111,0
1539875310079606184,31.168682112,carbonZ_2018-10-18-11-04-08_1_engine_failure_with_emr_traj,engine,28.1499996185,-152.44178772,9.543592453,116,1.03460359573,-6.02893781662,-151.559387207,-18.3219051361,-5.12387657166,-0.418072789907,0
1539875310105713608,31.194789536,carbonZ_2018-10-18-11-04-08_1_engine_failure_with_emr_traj,engine,28.0399990082,-152.44178772,9.04486083984,114,1.03460359573,-6.02893781662,-151.559387207,-18.3157043457,-5.09416389465,-0.267332047224,0
1539875310157738600,31.246814528,carbonZ_2018-10-18-11-04-08_1_engine_failure_with_emr_traj,engine,28.0399990082,-152.44178772,9.04486083984,114,1.03460359573,-6.02893781662,-151.559387207,-18.2932624817,-5.04993009567,0.0310213770717,0
1539875310210951784,31.300027712,carbonZ_2018-10-18-11-04-08_1_engine_failure_with_emr_traj,engine,28.0199985504,-128.198059082,8.55457878113,112,1.03460359573,-6.02893781662,-151.559387207,-18.2648048401,-4.97846603394,0.514442920685,0
1539875310254545384,31.343621312,carbonZ_2018-10-18-11-04-08_1_engine_failure_with_emr_traj,engine,28.0199985504,-128.198059082,8.55457878113,112,1.03460359573,-6.02893781662,-151.559387207,-18.2420558929,-4.90184831619,0.810436606407,0
1539875310304329160,31.393405088,carbonZ_2018-10-18-11-04-08_1_engine_failure_with_emr_traj,engine,28.0699996948,-128.198059082,8.08120250702,111,1.03460359573,-6.02893781662,-151.559387207,-18.2298717499,-4.86157941818,0.970218718052,0
1539875310350169416,31.439245344,carbonZ_2018-10-18-11-04-08_1_engine_failure_with_emr_traj,engine,28.0699996948,-128.198059082,8.08120250702,111,1.03460359573,-6.02893781662,-151.559387207,-18.2350101471,-4.81268024445,1.12700462341,0
1539875310410875880,31.499951808,carbonZ_2018-10-18-11-04-08_1_engine_failure_with_emr_traj,engine,28.1700000763,-110.322761536,7.60783338547,109,-7.82279157639,-8.98376655579,-148.351638794,-18.2507209778,-4.72648096085,1.27480685711,0
1539875310440904904,31.529980832,carbonZ_2018-10-18-11-04-08_1_engine_failure_with_emr_traj,engine,28.1700000763,-110.322761536,7.60783338547,109,-7.82279157639,-8.98376655579,-148.351638794,-18.2376213074,-4.66341018677,1.4971653223,0
1539875310485326440,31.574402368,carbonZ_2018-10-18-11-04-08_1_engine_failure_with_emr_traj,engine,28.2999992371,-110.322761536,7.1513633728,107,-7.82279157639,-8.98376655579,-148.351638794,-18.2332229614,-4.64416456223,1.59641647339,0
1539875310561104840,31.650180768,carbonZ_2018-10-18-11-04-08_1_engine_failure_with_emr_traj,engine,28.2999992371,-110.322761536,7.1513633728,107,-7.82279157639,-8.98376655579,-148.351638794,-18.2185325623,-4.55828523636,1.89418005943,0
1539875310607160488,31.696236416,carbonZ_2018-10-18-11-04-08_1_engine_failure_with_emr_traj,engine,28.4799995422,-96.4996337891,6.7033495903,105,-7.82279157639,-8.98376655579,-148.351638794,-18.214635849,-4.52813577652,2.02680659294,0
1539875310638087912,31.72716384,carbonZ_2018-10-18-11-04-08_1_engine_failure_with_emr_traj,engine,28.4799995422,-96.4996337891,6.7033495903,105,-7.82279157639,-8.98376655579,-148.351638794,-18.229341507,-4.4768409729,2.12873339653,0
1539875310719374856,31.808450784,carbonZ_2018-10-18-11-04-08_1_engine_failure_with_emr_traj,engine,28.6700000763,-96.4996337891,6.26378631592,103,-7.82279157639,-8.98376655579,-148.351638794,-18.2522773743,-4.39989185333,2.27286744118,0
1539875310758446568,31.847522496,carbonZ_2018-10-18-11-04-08_1_engine_failure_with_emr_traj,engine,28.6700000763,-96.4996337891,6.26378631592,103,-7.82279157639,-8.98376655579,-148.351638794,-18.2822589874,-4.33525848389,2.40931081772,0
1539875310811196680,31.900272608,carbonZ_2018-10-18-11-04-08_1_engine_failure_with_emr_traj,engine,28.8999996185,-81.8197250366,5.82422208786,102,-7.82279157639,-8.98376655579,-148.351638794,-18.2822589874,-4.33525848389,2.40931081772,0
1539875310863030856,31.952106784,carbonZ_2018-10-18-11-04-08_1_engine_failure_with_emr_traj,engine,28.8999996185,-81.8197250366,5.82422208786,102,-7.82279157639,-8.98376655579,-148.351638794,-18.3180084229,-4.24737930298,2.58724880219,0
1539875310909009320,31.998085248,carbonZ_2018-10-18-11-04-08_1_engine_failure_with_emr_traj,engine,29.1399993896,-81.8197250366,5.3931145668,100,-7.82279157639,-8.98376655579,-148.351638794,-18.3349113464,-4.20136880875,2.64682149887,0
1539875310962233384,32.051309312,carbonZ_2018-10-18-11-04-08_1_engine_failure_with_emr_traj,engine,29.1399993896,-81.8197250366,5.3931145668,100,-8.26538276672,-11.6537590027,-150.284805298,-18.3719387054,-4.15266561508,2.70794081688,0
1539875310987703976,32.076779904,carbonZ_2018-10-18-11-04-08_1_engine_failure_with_emr_traj,engine,29.3999996185,-83.286857605,4.97890996933,98,-8.26538276672,-11.6537590027,-150.284805298,-18.402671814,-4.0992808342,2.77161884308,0
1539875311054477800,32.143553728,carbonZ_2018-10-18-11-04-08_1_engine_failure_with_emr_traj,engine,29.3999996185,-83.286857605,4.97890996933,98,-8.26538276672,-11.6537590027,-150.284805298,-18.473192215,-3.97939252853,2.91042208672,0
1539875311085349768,32.174425696,carbonZ_2018-10-18-11-04-08_1_engine_failure_with_emr_traj,engine,29.3999996185,-83.286857605,4.97890996933,98,-8.26538276672,-11.6537590027,-150.284805298,-18.5176715851,-3.91245341301,2.93214178085,0
1539875311180026408,32.269102336,carbonZ_2018-10-18-11-04-08_1_engine_failure_with_emr_traj,engine,29.6700000763,-83.286857605,4.56470680237,96,-8.26538276672,-11.6537590027,-150.284805298,-18.6124897003,-3.7781701088,3.00626134872,0
1539875311254517864,32.343593792,carbonZ_2018-10-18-11-04-08_1_engine_failure_with_emr_traj,engine,29.9499988556,-83.5275650024,4.17586088181,95,-8.26538276672,-11.6537590027,-150.284805298,-18.6709098816,-3.67495155334,3.07583737373,0
1539875311294134408,32.383210336,carbonZ_2018-10-18-11-04-08_1_engine_failure_with_emr_traj,engine,29.9499988556,-83.5275650024,4.17586088181,95,-8.26538276672,-11.6537590027,-150.284805298,-18.7227077484,-3.60118246078,3.11747312546,0
1539875311349775624,32.438851552,carbonZ_2018-10-18-11-04-08_1_engine_failure_with_emr_traj,engine,30.2399997711,-83.5275650024,3.80392217636,93,-10.7784423828,-11.7107915878,-153.641708374,-18.826751709,-3.43493962288,3.13459801674,0
1539875311418932808,32.508008736,carbonZ_2018-10-18-11-04-08_1_engine_failure_with_emr_traj,engine,30.5399990082,-88.8940811157,3.44043850899,91,-10.7784423828,-11.7107915878,-153.641708374,-18.8943595886,-3.35258436203,3.13812589645,0
1539875311437735912,32.52681184,carbonZ_2018-10-18-11-04-08_1_engine_failure_with_emr_traj,engine,30.5399990082,-88.8940811157,3.44043850899,91,-10.7784423828,-11.7107915878,-153.641708374,-18.9197883606,-3.31673812866,3.10072588921,0
1539875311479614216,32.568690144,carbonZ_2018-10-18-11-04-08_1_engine_failure_with_emr_traj,engine,30.8299999237,-88.8940811157,3.11076498032,90,-10.7784423828,-11.7107915878,-153.641708374,-19.0697002411,-3.22194933891,2.81804800034,0
1539875311520457928,32.609533856,carbonZ_2018-10-18-11-04-08_1_engine_failure_with_emr_traj,engine,30.8299999237,-88.8940811157,3.11076498032,90,-10.7784423828,-11.7107915878,-153.641708374,-19.1310958862,-3.19838142395,2.70898723602,0
1539875311583318056,32.672393984,carbonZ_2018-10-18-11-04-08_1_engine_failure_with_emr_traj,engine,30.8299999237,-88.8940811157,3.11076498032,90,-10.7784423828,-11.7107915878,-153.641708374,-19.3688850403,-3.12700533867,2.16807746887,0
1539875311619589928,32.708665856,carbonZ_2018-10-18-11-04-08_1_engine_failure_with_emr_traj,engine,31.0599994659,-88.4695053101,2.78109431267,88,-10.7784423828,-11.7107915878,-153.641708374,-19.4116706848,-3.11166143417,2.04997873306,0
1539875311683862472,32.7729384,carbonZ_2018-10-18-11-04-08_1_engine_failure_with_emr_traj,engine,31.0599994659,-88.4695053101,2.78109431267,88,-10.7784423828,-11.7107915878,-153.641708374,-19.556142807,-3.03541922569,1.8286151886,0
1539875311723811912,32.81288784,carbonZ_2018-10-18-11-04-08_1_engine_failure_with_emr_traj,engine,31.2399997711,-88.4695053101,2.46832680702,86,-10.7784423828,-11.7107915878,-153.641708374,-19.6185932159,-2.98184752464,1.71957945824,0
1539875311780138216,32.869214144,carbonZ_2018-10-18-11-04-08_1_engine_failure_with_emr_traj,engine,31.2399997711,-88.4695053101,2.46832680702,86,-10.7784423828,-11.7107915878,-153.641708374,-19.7210006714,-2.92440128326,1.60060572624,0
1539875311821291400,32.910367328,carbonZ_2018-10-18-11-04-08_1_engine_failure_with_emr_traj,engine,31.3699989319,-134.944335938,2.16401338577,85,-8.26682090759,-9.7777223587,-157.492492676,-19.7368068695,-2.9070148468,1.57901895046,0
1539875311852429640,32.941505568,carbonZ_2018-10-18-11-04-08_1_engine_failure_with_emr_traj,engine,31.3699989319,-134.944335938,2.16401338577,85,-8.26682090759,-9.7777223587,-157.492492676,-19.8241767883,-2.83412480354,1.50861513615,0
1539875311957136872,33.0462128,carbonZ_2018-10-18-11-04-08_1_engine_failure_with_emr_traj,engine,31.4899997711,-134.944335938,1.85969913006,83,-8.26682090759,-9.7777223587,-157.492492676,-19.9478569031,-2.72655177116,1.28685832024,0
1539875311991684552,33.08076048,carbonZ_2018-10-18-11-04-08_1_engine_failure_with_emr_traj,engine,31.5799999237,-153.759002686,1.57229101658,81,-8.26682090759,-9.7777223587,-157.492492676,-19.9948596954,-2.67240977287,1.24440407753,0
1539875312019458632,33.10853456,carbonZ_2018-10-18-11-04-08_1_engine_failure_with_emr_traj,engine,31.5799999237,-153.759002686,1.57229101658,81,-8.26682090759,-9.7777223587,-157.492492676,-20.019865036,-2.63567376137,1.21737957001,0
1539875312104301736,33.193377664,carbonZ_2018-10-18-11-04-08_1_engine_failure_with_emr_traj,engine,31.6700000763,-153.759002686,1.29333722591,79,-8.26682090759,-9.7777223587,-157.492492676,-20.1096286774,-2.41956710815,1.31522154808,0
1539875312185950088,33.275026016,carbonZ_2018-10-18-11-04-08_1_engine_failure_with_emr_traj,engine,31.6700000763,-153.759002686,1.29333722591,79,-8.26682090759,-9.7777223587,-157.492492676,-20.1880187988,-2.2199883461,1.37765073776,0
1539875312211653384,33.300729312,carbonZ_2018-10-18-11-04-08_1_engine_failure_with_emr_traj,engine,31.7699985504,-167.670822144,1.03974175453,78,-8.26682090759,-9.7777223587,-157.492492676,-20.2214279175,-2.13225626945,1.40238070488,0
1539875312268581832,33.35765776,carbonZ_2018-10-18-11-04-08_1_engine_failure_with_emr_traj,engine,31.7699985504,-167.670822144,1.03974175453,78,-10.6980743408,-8.25473308563,-163.529464722,-20.2526550293,-2.04666352272,1.44973027706,0
1539875312293072040,33.382147968,carbonZ_2018-10-18-11-04-08_1_engine_failure_with_emr_traj,engine,31.8799991608,-167.670822144,0.811505794525,76,-10.6980743408,-8.25473308563,-163.529464722,-20.28058815,-1.96422874928,1.51446640491,0
1539875312380947528,33.470023456,carbonZ_2018-10-18-11-04-08_1_engine_failure_with_emr_traj,engine,31.8799991608,-167.670822144,0.811505794525,76,-10.6980743408,-8.25473308563,-163.529464722,-20.4681186676,-1.62572538853,1.1287831068,0
1539875312449035464,33.538111392,carbonZ_2018-10-18-11-04-08_1_engine_failure_with_emr_traj,engine,32.0,-165.52772522,0.608629524708,75,-10.6980743408,-8.25473308563,-163.529464722,-20.4681186676,-1.62572538853,1.1287831068,0
1539875312532082152,33.62115808,carbonZ_2018-10-18-11-04-08_1_engine_failure_with_emr_traj,engine,32.0999984741,-165.52772522,0.431112617254,73,-10.6980743408,-8.25473308563,-163.529464722,-20.5545196533,-1.45334112644,0.751246452332,0
1539875312572228520,33.661304448,carbonZ_2018-10-18-11-04-08_1_engine_failure_with_emr_traj,engine,32.0999984741,-165.52772522,0.431112617254,73,-12.2312202454,-6.62107419968,-162.984985352,-20.5703792572,-1.30533349514,0.678358674049,0
1539875312604790152,33.69386608,carbonZ_2018-10-18-11-04-08_1_engine_failure_with_emr_traj,engine,32.1599998474,-168.790817261,0.278955221176,72,-12.2312202454,-6.62107419968,-162.984985352,-20.5769195557,-1.21414530277,0.71626996994,0
1539875312663978664,33.753054592,carbonZ_2018-10-18-11-04-08_1_engine_failure_with_emr_traj,engine,32.1599998474,-168.790817261,0.278955221176,72,-12.2312202454,-6.62107419968,-162.984985352,-20.5894012451,-1.12418222427,0.774883210659,0
1539875312727373832,33.81644976,carbonZ_2018-10-18-11-04-08_1_engine_failure_with_emr_traj,engine,32.219997406,-168.790817261,0.152157515287,70,-12.2312202454,-6.62107419968,-162.984985352,-20.6053218842,-0.97351205349,0.788562893867,0
1539875312772434760,33.861510688,carbonZ_2018-10-18-11-04-08_1_engine_failure_with_emr_traj,engine,32.219997406,-168.790817261,0.152157515287,70,-12.2312202454,-6.62107419968,-162.984985352,-20.6241912842,-0.860479295254,0.733166694641,0
1539875312814727240,33.903803168,carbonZ_2018-10-18-11-04-08_1_engine_failure_with_emr_traj,engine,32.2799987793,-175.339691162,0.0422660037875,69,-13.6559152603,-5.3655872345,-165.453323364,-20.6432476044,-0.7552754879,0.674467563629,0
1539875312856276264,33.945352192,carbonZ_2018-10-18-11-04-08_1_engine_failure_with_emr_traj,engine,32.2799987793,-175.339691162,0.0422660037875,69,-13.6559152603,-5.3655872345,-165.453323364,-20.6666793823,-0.608861029148,0.689720511436,0
1539875312906720904,33.995796832,carbonZ_2018-10-18-11-04-08_1_engine_failure_with_emr_traj,engine,32.3400001526,-175.339691162,-0.0422660037875,67,-13.6559152603,-5.3655872345,-165.453323364,-20.6751155853,-0.47014734149,0.695784151554,0
1539875312975196808,34.064272736,carbonZ_2018-10-18-11-04-08_1_engine_failure_with_emr_traj,engine,32.3400001526,-175.339691162,-0.0422660037875,67,-13.6559152603,-5.3655872345,-165.453323364,-20.6827049255,-0.383468657732,0.664122521877,0
1539875313012576168,34.101652096,carbonZ_2018-10-18-11-04-08_1_engine_failure_with_emr_traj,engine,32.3999977112,-169.206619263,-0.101438418031,66,-13.6559152603,-5.3655872345,-165.453323364,-20.6955184937,-0.24323938787,0.596827864647,0
1539875313059336584,34.148412512,carbonZ_2018-10-18-11-04-08_1_engine_failure_with_emr_traj,engine,32.3999977112,-169.206619263,-0.101438418031,66,-13.6559152603,-5.3655872345,-165.453323364,-20.690536499,-0.167658656836,0.672958850861,0
1539875313109315112,34.19839104,carbonZ_2018-10-18-11-04-08_1_engine_failure_with_emr_traj,engine,32.4599990845,-169.206619263,-0.143704518676,65,-13.6559152603,-5.3655872345,-165.453323364,-20.6869792938,-0.0807359144092,0.768559396267,0
1539875313173850920,34.262926848,carbonZ_2018-10-18-11-04-08_1_engine_failure_with_emr_traj,engine,32.4599990845,-169.206619263,-0.143704518676,65,-7.98675298691,-4.23375892639,-168.630752563,-20.6784934998,0.0190237872303,0.864547491074,0
1539875313212128552,34.30120448,carbonZ_2018-10-18-11-04-08_1_engine_failure_with_emr_traj,engine,32.5400009155,-163.241958618,-0.177517354488,64,-7.98675298691,-4.23375892639,-168.630752563,-20.6892795563,0.13695757091,0.820337712765,0
1539875313272341352,34.36141728,carbonZ_2018-10-18-11-04-08_1_engine_failure_with_emr_traj,engine,32.5400009155,-163.241958618,-0.177517354488,64,-7.98675298691,-4.23375892639,-168.630752563,-20.705488205,0.2641672194,0.614580631256,0
1539875313335397032,34.42447296,carbonZ_2018-10-18-11-04-08_1_engine_failure_with_emr_traj,engine,32.6100006104,-163.241958618,-0.205706194043,63,-7.98675298691,-4.23375892639,-168.630752563,-20.705488205,0.2641672194,0.614580631256,0
1539875313395141448,34.484217376,carbonZ_2018-10-18-11-04-08_1_engine_failure_with_emr_traj,engine,32.6800003052,-157.243164062,-0.195683404803,62,-7.98675298691,-4.23375892639,-168.630752563,-20.6877765656,0.350016444921,0.521955728531,0
1539875313485403496,34.574479424,carbonZ_2018-10-18-11-04-08_1_engine_failure_with_emr_traj,engine,32.6800003052,-157.243164062,-0.195683404803,62,-7.98675298691,-4.23375892639,-168.630752563,-20.6821498871,0.469769269228,0.223605558276,0
1539875313497219752,34.58629568,carbonZ_2018-10-18-11-04-08_1_engine_failure_with_emr_traj,engine,32.719997406,-157.243164062,-0.185660615563,60,-7.98675298691,-4.23375892639,-168.630752563,-20.677444458,0.510959744453,0.130818620324,0
1539875313583009736,34.672085664,carbonZ_2018-10-18-11-04-08_1_engine_failure_with_emr_traj,engine,32.719997406,-157.243164062,-0.185660615563,60,-5.18547344208,-3.09092617035,-169.451797485,-20.6506900787,0.606243431568,-0.247809916735,0
1539875313605960168,34.695036096,carbonZ_2018-10-18-11-04-08_1_engine_failure_with_emr_traj,engine,32.719997406,-163.792419434,-0.483856469393,60,-5.18547344208,-3.09092617035,-169.451797485,-20.6378211975,0.650483608246,-0.416873931885,0
1539875313663429000,34.752504928,carbonZ_2018-10-18-11-04-08_1_engine_failure_with_emr_traj,engine,32.719997406,-163.792419434,-0.483856469393,60,-5.18547344208,-3.09092617035,-169.451797485,-20.6212272644,0.688738524914,-0.638225078583,0
1539875313707112200,34.796188128,carbonZ_2018-10-18-11-04-08_1_engine_failure_with_emr_traj,engine,32.6599998474,-163.792419434,-0.421301484108,59,-5.18547344208,-3.09092617035,-169.451797485,-20.6067504883,0.721895158291,-0.81826710701,0
1539875313825422824,34.914498752,carbonZ_2018-10-18-11-04-08_1_engine_failure_with_emr_traj,engine,32.5499992371,-154.407684326,-0.768867313862,58,-5.18547344208,-3.09092617035,-169.451797485,-20.5186519623,0.717111647129,-1.13925158978,0
1539875313874633864,34.963709792,carbonZ_2018-10-18-11-04-08_1_engine_failure_with_emr_traj,engine,32.5499992371,-154.407684326,-0.768867313862,58,-5.18547344208,-3.09092617035,-169.451797485,-20.4276294708,0.673747181892,-1.13237857819,0
1539875313933519080,35.022595008,carbonZ_2018-10-18-11-04-08_1_engine_failure_with_emr_traj,engine,32.4199981689,-154.407684326,-0.671776294708,57,2.1450214386,-2.37842822075,-172.250457764,-20.4276294708,0.673747181892,-1.13237857819,0
1539875314012462344,35.101538272,carbonZ_2018-10-18-11-04-08_1_engine_failure_with_emr_traj,engine,32.2799987793,-142.338562012,-0.583134293556,56,2.1450214386,-2.37842822075,-172.250457764,-20.3148422241,0.586861133575,-1.5845502615,0
1539875314057127368,35.146203296,carbonZ_2018-10-18-11-04-08_1_engine_failure_with_emr_traj,engine,32.2799987793,-142.338562012,-0.583134293556,56,2.1450214386,-2.37842822075,-172.250457764,-20.2453098297,0.52775645256,-1.81816351414,0
1539875314125084136,35.214160064,carbonZ_2018-10-18-11-04-08_1_engine_failure_with_emr_traj,engine,32.0999984741,-142.338562012,-1.96262776852,56,2.1450214386,-2.37842822075,-172.250457764,-20.1708030701,0.515134513378,-1.90500938892,0
1539875314177033160,35.266109088,carbonZ_2018-10-18-11-04-08_1_engine_failure_with_emr_traj,engine,32.0999984741,-142.338562012,-1.96262776852,56,2.1450214386,-2.37842822075,-172.250457764,-20.1194934845,0.509025990963,-1.90205574036,0
1539875314202549736,35.291625664,carbonZ_2018-10-18-11-04-08_1_engine_failure_with_emr_traj,engine,31.8899993896,-142.101669312,-1.76313662529,55,2.1450214386,-2.37842822075,-172.250457764,-20.1194934845,0.509025990963,-1.90205574036,0
1539875314260552040,35.349627968,carbonZ_2018-10-18-11-04-08_1_engine_failure_with_emr_traj,engine,31.8899993896,-142.101669312,-1.76313662529,55,2.1450214386,-2.37842822075,-172.250457764,-20.0067443848,0.527059972286,-1.86890721321,0
1539875314301107912,35.39018384,carbonZ_2018-10-18-11-04-08_1_engine_failure_with_emr_traj,engine,31.6899986267,-142.101669312,-2.68977594376,55,2.1450214386,-2.37842822075,-172.250457764,-19.9415607452,0.556707143784,-1.76276814938,0
1539875314413531784,35.502607712,carbonZ_2018-10-18-11-04-08_1_engine_failure_with_emr_traj,engine,31.5100002289,-114.421272278,-2.39739322662,54,1.97629773617,-2.19470906258,-175.756500244,-19.8706111908,0.579881668091,-1.64961647987,0
1539875314458556712,35.54763264,carbonZ_2018-10-18-11-04-08_1_engine_failure_with_emr_traj,engine,31.5100002289,-114.421272278,-2.39739322662,54,1.97629773617,-2.19470906258,-175.756500244,-19.8123474121,0.57845133543,-1.58604490757,0
1539875314505060456,35.594136384,carbonZ_2018-10-18-11-04-08_1_engine_failure_with_emr_traj,engine,31.3400001526,-114.421272278,-2.10661506653,54,1.97629773617,-2.19470906258,-175.756500244,-19.7858867645,0.579521477222,-1.52008366585,0
1539875314573139336,35.662215264,carbonZ_2018-10-18-11-04-08_1_engine_failure_with_emr_traj,engine,31.3400001526,-114.421272278,-2.10661506653,54,1.97629773617,-2.19470906258,-175.756500244,-19.7364330292,0.555400967598,-1.43360745907,0
1539875314619889512,35.70896544,carbonZ_2018-10-18-11-04-08_1_engine_failure_with_emr_traj,engine,31.1899986267,-98.6473083496,-4.53885126114,53,1.97629773617,-2.19470906258,-175.756500244,-19.714471817,0.529503166676,-1.38735103607,0
1539875314661212040,35.750287968,carbonZ_2018-10-18-11-04-08_1_engine_failure_with_emr_traj,engine,31.1899986267,-98.6473083496,-4.53885126114,53,1.97629773617,-2.19470906258,-175.756500244,-19.6727561951,0.477647721767,-1.26116788387,0
1539875314736265736,35.825341664,carbonZ_2018-10-18-11-04-08_1_engine_failure_with_emr_traj,engine,31.0499992371,-98.6473083496,-4.00355768204,53,1.97629773617,-2.19470906258,-175.756500244,-19.6312847137,0.416495352983,-1.11125600338,0
1539875314767339464,35.856415392,carbonZ_2018-10-18-11-04-08_1_engine_failure_with_emr_traj,engine,31.0499992371,-98.6473083496,-4.00355768204,53,9.29534244537,-4.92678785324,-172.801223755,-19.6007518768,0.364825189114,-1.00684344769,0
1539875314776985224,35.866061152,carbonZ_2018-10-18-11-04-08_1_engine_failure_with_emr_traj,engine,31.0499992371,-98.6473083496,-4.00355768204,53,9.29534244537,-4.92678785324,-172.801223755,-19.6007518768,0.364825189114,-1.00684344769,0
1539875314837235272,35.9263112,carbonZ_2018-10-18-11-04-08_1_engine_failure_with_emr_traj,engine,30.9399986267,-92.3017501831,-6.85340356827,53,9.29534244537,-4.92678785324,-172.801223755,-19.5511436462,0.313676297665,-0.71166074276,0
1539875314870012648,35.959088576,carbonZ_2018-10-18-11-04-08_1_engine_failure_with_emr_traj,engine,30.9399986267,-92.3017501831,-6.85340356827,53,9.29534244537,-4.92678785324,-172.801223755,-19.5150279999,0.306450873613,-0.472169160843,0
1539875314925220072,36.014296,carbonZ_2018-10-18-11-04-08_1_engine_failure_with_emr_traj,engine,30.8799991608,-92.3017501831,-6.09087228775,53,9.29534244537,-4.92678785324,-172.801223755,-19.4774837494,0.285681277514,-0.174171850085,0
1539875314967166888,36.056242816,carbonZ_2018-10-18-11-04-08_1_engine_failure_with_emr_traj,engine,30.8799991608,-92.3017501831,-6.09087228775,53,9.29534244537,-4.92678785324,-172.801223755,-19.4582614899,0.259644210339,0.020445946604,0
1539875315064360232,36.15343616,carbonZ_2018-10-18-11-04-08_1_engine_failure_with_emr_traj,engine,30.8699989319,-83.286857605,-6.17311620712,53,9.29534244537,-4.92678785324,-172.801223755,-19.3997650146,0.187524661422,0.535944461823,0
1539875315122902568,36.211978496,carbonZ_2018-10-18-11-04-08_1_engine_failure_with_emr_traj,engine,30.9200000763,-83.286857605,-5.36484050751,53,18.6211471558,-8.21927928925,-170.262664795,-19.3796463013,0.125017359853,0.696626186371,0
1539875315172683624,36.261759552,carbonZ_2018-10-18-11-04-08_1_engine_failure_with_emr_traj,engine,30.9200000763,-83.286857605,-5.36484050751,53,18.6211471558,-8.21927928925,-170.262664795,-19.3571853638,0.0326859429479,0.963770449162,0
1539875315225181448,36.314257376,carbonZ_2018-10-18-11-04-08_1_engine_failure_with_emr_traj,engine,31.0100002289,-76.0814666748,-4.56701231003,53,18.6211471558,-8.21927928925,-170.262664795,-19.3260498047,-0.0316317789257,1.3441286087,0
1539875315258873768,36.347949696,carbonZ_2018-10-18-11-04-08_1_engine_failure_with_emr_traj,engine,31.0100002289,-76.0814666748,-4.56701231003,53,18.6211471558,-8.21927928925,-170.262664795,-19.3089733124,-0.0868111401796,1.5736951828,0
1539875315292284200,36.381360128,carbonZ_2018-10-18-11-04-08_1_engine_failure_with_emr_traj,engine,31.1700000763,-76.0814666748,-6.8965959549,53,18.6211471558,-8.21927928925,-170.262664795,-19.3089733124,-0.0868111401796,1.5736951828,0
1539875315373916232,36.46299216,carbonZ_2018-10-18-11-04-08_1_engine_failure_with_emr_traj,engine,31.1700000763,-76.0814666748,-6.8965959549,53,22.8779449463,-9.98204231262,-165.963973999,-19.2648735046,-0.431593716145,1.77046751976,0
1539875315412219144,36.501295072,carbonZ_2018-10-18-11-04-08_1_engine_failure_with_emr_traj,engine,31.359998703,-72.2282409668,-5.89193630219,53,22.8779449463,-9.98204231262,-165.963973999,-19.2594184875,-0.554061353207,1.89774036407,0
1539875315460313640,36.549389568,carbonZ_2018-10-18-11-04-08_1_engine_failure_with_emr_traj,engine,31.359998703,-72.2282409668,-5.89193630219,53,22.8779449463,-9.98204231262,-165.963973999,-19.2289714813,-0.74284106493,2.09218835831,0
1539875315492235528,36.581311456,carbonZ_2018-10-18-11-04-08_1_engine_failure_with_emr_traj,engine,31.5699996948,-72.2282409668,-4.92244815826,53,22.8779449463,-9.98204231262,-165.963973999,-19.2289714813,-0.74284106493,2.09218835831,0
1539875315581881928,36.670957856,carbonZ_2018-10-18-11-04-08_1_engine_failure_with_emr_traj,engine,31.5699996948,-72.2282409668,-4.92244815826,53,22.8779449463,-9.98204231262,-165.963973999,-19.1392688751,-1.2105243206,2.40084195137,0
1539875315605431464,36.694507392,carbonZ_2018-10-18-11-04-08_1_engine_failure_with_emr_traj,engine,31.8099994659,-79.4317245483,-5.4852104187,54,22.8779449463,-9.98204231262,-165.963973999,-19.1109809875,-1.37121486664,2.4966211319,0
1539875315655496840,36.744572768,carbonZ_2018-10-18-11-04-08_1_engine_failure_with_emr_traj,engine,31.8099994659,-79.4317245483,-5.4852104187,54,22.8779449463,-9.98204231262,-165.963973999,-19.076461792,-1.53041493893,2.58679914474,0
1539875315709925000,36.799000928,carbonZ_2018-10-18-11-04-08_1_engine_failure_with_emr_traj,engine,32.0699996948,-78.4317016602,-4.46712398529,54,22.8779449463,-9.98204231262,-165.963973999,-19.0468387604,-1.70847642422,2.64185237885,0
1539875315768296328,36.857372256,carbonZ_2018-10-18-11-04-08_1_engine_failure_with_emr_traj,engine,32.0699996948,-78.4317016602,-4.46712398529,54,22.8779449463,-9.98204231262,-165.963973999,-19.0015697479,-1.98183894157,2.71464300156,0
1539875315799864168,36.888940096,carbonZ_2018-10-18-11-04-08_1_engine_failure_with_emr_traj,engine,32.3499984741,-80.2528381348,-5.77913093567,54,29.0386314392,-10.0274600983,-161.005767822,-18.96758461,-2.15647482872,2.77288889885,0
1539875315849796648,36.938872576,carbonZ_2018-10-18-11-04-08_1_engine_failure_with_emr_traj,engine,32.3499984741,-80.2528381348,-5.77913093567,54,29.0386314392,-10.0274600983,-161.005767822,-18.9389076233,-2.33870697021,2.809258461,0
1539875315893295112,36.98237104,carbonZ_2018-10-18-11-04-08_1_engine_failure_with_emr_traj,engine,32.6399993896,-80.2528381348,-4.66845607758,54,29.0386314392,-10.0274600983,-161.005767822,-18.8873786926,-2.67456150055,2.75625324249,0
1539875315973546888,37.062622816,carbonZ_2018-10-18-11-04-08_1_engine_failure_with_emr_traj,engine,32.6399993896,-80.2528381348,-4.66845607758,54,29.0386314392,-10.0274600983,-161.005767822,-18.8456134796,-3.06116104126,2.62226986885,0
1539875315989414984,37.078490912,carbonZ_2018-10-18-11-04-08_1_engine_failure_with_emr_traj,engine,32.6399993896,-80.2528381348,-4.66845607758,54,29.0386314392,-10.0274600983,-161.005767822,-18.824432373,-3.19570636749,2.57211279869,0
1539875316028844360,37.117920288,carbonZ_2018-10-18-11-04-08_1_engine_failure_with_emr_traj,engine,32.9199981689,-91.7810440063,-5.15981054306,55,29.0386314392,-10.0274600983,-161.005767822,-18.7811584473,-3.52822542191,2.36701989174,0
1539875316103599880,37.192675808,carbonZ_2018-10-18-11-04-08_1_engine_failure_with_emr_traj,engine,33.1599998474,-91.7810440063,-4.03964710236,55,32.4434509277,-7.84684896469,-157.356323242,-18.6785163879,-4.16778659821,2.04500412941,0
1539875316188231208,37.277307136,carbonZ_2018-10-18-11-04-08_1_engine_failure_with_emr_traj,engine,33.1599998474,-91.7810440063,-4.03964710236,55,32.4434509277,-7.84684896469,-157.356323242,-18.5701313019,-4.71323537827,1.92305266857,0
1539875316203735368,37.292811296,carbonZ_2018-10-18-11-04-08_1_engine_failure_with_emr_traj,engine,33.3699989319,-115.215110779,-2.99269151688,55,32.4434509277,-7.84684896469,-157.356323242,-18.5380439758,-4.86148834229,1.88599896431,0
1539875316275563336,37.364639264,carbonZ_2018-10-18-11-04-08_1_engine_failure_with_emr_traj,engine,33.3699989319,-115.215110779,-2.99269151688,55,32.4434509277,-7.84684896469,-157.356323242,-18.4203929901,-5.35156822205,1.86055016518,0
1539875316333409384,37.422485312,carbonZ_2018-10-18-11-04-08_1_engine_failure_with_emr_traj,engine,33.5599975586,-115.215110779,-5.0249838829,56,32.4434509277,-7.84684896469,-157.356323242,-18.3563613892,-5.6164598465,1.85764706135,0
1539875316376574952,37.46565088,carbonZ_2018-10-18-11-04-08_1_engine_failure_with_emr_traj,engine,33.5599975586,-115.215110779,-5.0249838829,56,32.4434509277,-7.84684896469,-157.356323242,-18.255525589,-6.01846218109,1.87221574783,0
1539875316399988488,37.489064416,carbonZ_2018-10-18-11-04-08_1_engine_failure_with_emr_traj,engine,33.75,-156.77432251,-3.85252428055,56,32.4434509277,-7.84684896469,-157.356323242,-18.1823158264,-6.27187013626,1.89868283272,0
1539875316454129832,37.54320576,carbonZ_2018-10-18-11-04-08_1_engine_failure_with_emr_traj,engine,33.75,-156.77432251,-3.85252428055,56,40.1993484497,-7.57955408096,-149.257766724,-18.0844402313,-6.59283590317,1.8715596199,0
1539875316497528360,37.586604288,carbonZ_2018-10-18-11-04-08_1_engine_failure_with_emr_traj,engine,33.9300003052,-156.77432251,-5.20008277893,56,40.1993484497,-7.57955408096,-149.257766724,-17.9646396637,-6.94026660919,1.8000895977,0
1539875316610321096,37.699397024,carbonZ_2018-10-18-11-04-08_1_engine_failure_with_emr_traj,engine,34.1100006104,-182.864562988,-3.98276638985,56,40.1993484497,-7.57955408096,-149.257766724,-17.5763511658,-7.93091726303,1.6080121994,0
1539875316656598056,37.745673984,carbonZ_2018-10-18-11-04-08_1_engine_failure_with_emr_traj,engine,34.1100006104,-182.864562988,-3.98276638985,56,40.1993484497,-7.57955408096,-149.257766724,-17.2952098846,-8.54277610779,1.53086483479,0
1539875316692543528,37.781619456,carbonZ_2018-10-18-11-04-08_1_engine_failure_with_emr_traj,engine,34.2799987793,-182.864562988,-2.848341465,57,40.1993484497,-7.57955408096,-149.257766724,-16.9785079956,-9.15791797638,1.40494847298,0
1539875316786415880,37.875491808,carbonZ_2018-10-18-11-04-08_1_engine_failure_with_emr_traj,engine,34.2799987793,-182.864562988,-2.848341465,57,40.1993484497,-7.57955408096,-149.257766724,-16.6622982025,-9.74286270142,1.35453999043,0
1539875316798722536,37.887798464,carbonZ_2018-10-18-11-04-08_1_engine_failure_with_emr_traj,engine,34.4300003052,-227.475357056,-3.37885046005,57,40.1993484497,-7.57955408096,-149.257766724,-16.5591506958,-9.93237686157,1.32998502254,0
1539875316860765000,37.949840928,carbonZ_2018-10-18-11-04-08_1_engine_failure_with_emr_traj,engine,34.4300003052,-227.475357056,-3.37885046005,57,40.1993484497,-7.57955408096,-149.257766724,-16.2431964874,-10.4835176468,1.24634861946,0
1539875316896530056,37.985605984,carbonZ_2018-10-18-11-04-08_1_engine_failure_with_emr_traj,engine,34.5699996948,-227.475357056,-2.32031488419,57,40.1993484497,-7.57955408096,-149.257766724,-16.0496482849,-10.8068351746,1.18805420399,0
1539875316982403368,38.071479296,carbonZ_2018-10-18-11-04-08_1_engine_failure_with_emr_traj,engine,34.5699996948,-227.475357056,-2.32031488419,57,45.1037559509,-4.5475692749,-136.319320679,-15.6366024017,-11.4748668671,1.10012316704,0
1539875317007228040,38.096303968,carbonZ_2018-10-18-11-04-08_1_engine_failure_with_emr_traj,engine,34.7000007629,-270.308105469,-4.60260915756,57,45.1037559509,-4.5475692749,-136.319320679,-15.5329647064,-11.6293172836,1.06447207928,0
1539875317059827656,38.148903584,carbonZ_2018-10-18-11-04-08_1_engine_failure_with_emr_traj,engine,34.7000007629,-270.308105469,-4.60260915756,57,45.1037559509,-4.5475692749,-136.319320679,-15.211979866,-12.1036739349,0.998542368412,0
1539875317089735912,38.17881184,carbonZ_2018-10-18-11-04-08_1_engine_failure_with_emr_traj,engine,34.8299980164,-270.308105469,-3.46020913124,57,45.1037559509,-4.5475692749,-136.319320679,-14.9926614761,-12.4007959366,0.947835981846,0
1539875317172230632,38.26130656,carbonZ_2018-10-18-11-04-08_1_engine_failure_with_emr_traj,engine,34.8299980164,-270.308105469,-3.46020913124,57,45.1037559509,-4.5475692749,-136.319320679,-14.62088871,-12.8638973236,0.817568361759,0
1539875317194617928,38.283693856,carbonZ_2018-10-18-11-04-08_1_engine_failure_with_emr_traj,engine,34.9399986267,-302.882965088,-3.99455952644,57,45.1037559509,-4.5475692749,-136.319320679,-14.349319458,-13.1753950119,0.693618416786,0
1539875317280906408,38.369982336,carbonZ_2018-10-18-11-04-08_1_engine_failure_with_emr_traj,engine,34.9399986267,-302.882965088,-3.99455952644,57,45.1037559509,-4.5475692749,-136.319320679,-13.7649879456,-13.7833309174,0.351580679417,0
1539875317330940648,38.420016576,carbonZ_2018-10-18-11-04-08_1_engine_failure_with_emr_traj,engine,35.0200004578,-302.882965088,-2.88795280457,57,45.1037559509,-4.5475692749,-136.319320679,-13.4830169678,-14.052605629,0.208664596081,0
1539875317384702600,38.473778528,carbonZ_2018-10-18-11-04-08_1_engine_failure_with_emr_traj,engine,35.0200004578,-302.882965088,-2.88795280457,57,39.2184143066,-2.4323952198,-125.450454712,-13.1174297333,-14.394818306,0.0976097583771,0
1539875317401562696,38.490638624,carbonZ_2018-10-18-11-04-08_1_engine_failure_with_emr_traj,engine,35.0599975586,-335.285766602,-1.86993694305,57,39.2184143066,-2.4323952198,-125.450454712,-13.005604744,-14.4966077805,0.0816954374313,0
1539875317487174856,38.576250784,carbonZ_2018-10-18-11-04-08_1_engine_failure_with_emr_traj,engine,35.0599975586,-335.285766602,-1.86993694305,57,39.2184143066,-2.4323952198,-125.450454712,-12.5090055466,-14.9046697617,-0.00289661157876,0
1539875317499216584,38.588292512,carbonZ_2018-10-18-11-04-08_1_engine_failure_with_emr_traj,engine,35.0799980164,-335.285766602,-2.90101146698,57,39.2184143066,-2.4323952198,-125.450454712,-12.3760166168,-15.0024824142,-0.0237398874015,0
1539875317584582984,38.673658912,carbonZ_2018-10-18-11-04-08_1_engine_failure_with_emr_traj,engine,35.0799980164,-335.285766602,-2.90101146698,57,39.2184143066,-2.4323952198,-125.450454712,-11.7474718094,-15.4374790192,-0.0742361471057,0
1539875317635662888,38.724738816,carbonZ_2018-10-18-11-04-08_1_engine_failure_with_emr_traj,engine,35.0799980164,-358.77532959,-1.89183330536,57,39.2184143066,-2.4323952198,-125.450454712,-11.7474718094,-15.4374790192,-0.0742361471057,0
1539875317699662888,38.788738816,carbonZ_2018-10-18-11-04-08_1_engine_failure_with_emr_traj,engine,35.0799980164,-358.77532959,-0.934238910675,57,39.2184143066,-2.4323952198,-125.450454712,-11.1173038483,-15.8343334198,-0.0830422565341,0
1539875317784197096,38.873273024,carbonZ_2018-10-18-11-04-08_1_engine_failure_with_emr_traj,engine,35.0799980164,-358.77532959,-0.934238910675,57,39.2184143066,-2.4323952198,-125.450454712,-10.4140901566,-16.224187851,-0.325779110193,0
1539875317849349544,38.938425472,carbonZ_2018-10-18-11-04-08_1_engine_failure_with_emr_traj,engine,35.0799980164,-365.142242432,-1.90458583832,57,39.2184143066,-2.4323952198,-125.450454712,-9.71470451355,-16.5812282562,-0.763290643692,0
1539875317866906312,38.95598224,carbonZ_2018-10-18-11-04-08_1_engine_failure_with_emr_traj,engine,35.0799980164,-365.142242432,-1.90458583832,57,39.2184143066,-2.4323952198,-125.450454712,-9.71470451355,-16.5812282562,-0.763290643692,0
1539875317901279272,38.9903552,carbonZ_2018-10-18-11-04-08_1_engine_failure_with_emr_traj,engine,35.0200004578,-365.142242432,-0.98935854435,57,41.4015007019,-0.400383234024,-110.989746094,-9.03167629242,-16.8970546722,-1.12782144547,0
1539875317988601384,39.077677312,carbonZ_2018-10-18-11-04-08_1_engine_failure_with_emr_traj,engine,35.0200004578,-365.142242432,-0.98935854435,57,41.4015007019,-0.400383234024,-110.989746094,-8.16531085968,-17.2557296753,-1.5096540451,0
1539875317999568296,39.088644224,carbonZ_2018-10-18-11-04-08_1_engine_failure_with_emr_traj,engine,34.8999977112,-381.306091309,-0.802841484547,57,41.4015007019,-0.400383234024,-110.989746094,-7.96498966217,-17.3314056396,-1.58463776112,0
1539875318081316424,39.170392352,carbonZ_2018-10-18-11-04-08_1_engine_failure_with_emr_traj,engine,34.8999977112,-381.306091309,-0.802841484547,57,41.4015007019,-0.400383234024,-110.989746094,-7.21875286102,-17.5855751038,-1.81963217258,0
1539875318109082824,39.198158752,carbonZ_2018-10-18-11-04-08_1_engine_failure_with_emr_traj,engine,34.7399978638,-381.306091309,-0.0706315860152,56,41.4015007019,-0.400383234024,-110.989746094,-7.21875286102,-17.5855751038,-1.81963217258,0
1539875318187540264,39.276616192,carbonZ_2018-10-18-11-04-08_1_engine_failure_with_emr_traj,engine,34.7399978638,-381.306091309,-0.0706315860152,56,41.4015007019,-0.400383234024,-110.989746094,-6.37012958527,-17.8121929169,-2.0835776329,0
1539875318211591688,39.300667616,carbonZ_2018-10-18-11-04-08_1_engine_failure_with_emr_traj,engine,34.5400009155,-402.467346191,0.0903881564736,56,41.4015007019,-0.400383234024,-110.989746094,-6.20150279999,-17.8506450653,-2.13533854485,0
1539875318258490728,39.347566656,carbonZ_2018-10-18-11-04-08_1_engine_failure_with_emr_traj,engine,34.5400009155,-402.467346191,0.0903881564736,56,41.4015007019,-0.400383234024,-110.989746094,-5.66885948181,-17.9663314819,-2.31500911713,0
1539875318303884392,39.39296032,carbonZ_2018-10-18-11-04-08_1_engine_failure_with_emr_traj,engine,34.3099975586,-403.467376709,0.667784452438,56,39.181804657,2.86934113503,-103.450080872,-5.35284566879,-18.0285778046,-2.40843462944,0
1539875318390462952,39.47953888,carbonZ_2018-10-18-11-04-08_1_engine_failure_with_emr_traj,engine,34.3099975586,-403.467376709,0.667784452438,56,39.181804657,2.86934113503,-103.450080872,-4.68967342377,-18.1282234192,-2.63474845886,0
1539875318401449736,39.490525664,carbonZ_2018-10-18-11-04-08_1_engine_failure_with_emr_traj,engine,34.0499992371,-424.753753662,1.16725075245,56,39.181804657,2.86934113503,-103.450080872,-4.53208208084,-18.1475772858,-2.68181633949,0
1539875318489788552,39.57886448,carbonZ_2018-10-18-11-04-08_1_engine_failure_with_emr_traj,engine,34.0499992371,-424.753753662,1.16725075245,56,39.181804657,2.86934113503,-103.450080872,-4.00235319138,-18.1941375732,-2.75769615173,0
1539875318506778120,39.595854048,carbonZ_2018-10-18-11-04-08_1_engine_failure_with_emr_traj,engine,33.7700004578,-424.753753662,1.58292281628,55,39.181804657,2.86934113503,-103.450080872,-3.88327455521,-18.2020072937,-2.75921607018,0
1539875318575006440,39.664082368,carbonZ_2018-10-18-11-04-08_1_engine_failure_with_emr_traj,engine,33.7700004578,-424.753753662,1.58292281628,55,39.181804657,2.86934113503,-103.450080872,-3.54210448265,-18.2240886688,-2.74556517601,0
1539875318604989960,39.694065888,carbonZ_2018-10-18-11-04-08_1_engine_failure_with_emr_traj,engine,33.4799995422,-422.94329834,1.95011770725,55,39.181804657,2.86934113503,-103.450080872,-3.37306308746,-18.2293949127,-2.68883299828,0
1539875318692175368,39.781251296,carbonZ_2018-10-18-11-04-08_1_engine_failure_with_emr_traj,engine,33.2099990845,-422.94329834,2.27090454102,55,39.181804657,2.86934113503,-103.450080872,-3.03237962723,-18.2311649323,-2.53684067726,0
1539875318761484136,39.850560064,carbonZ_2018-10-18-11-04-08_1_engine_failure_with_emr_traj,engine,33.2099990845,-422.94329834,2.27090454102,55,31.5500926971,2.26218438148,-97.3468780518,-2.78044557571,-18.2192344666,-2.49398255348,0
1539875318778960424,39.868036352,carbonZ_2018-10-18-11-04-08_1_engine_failure_with_emr_traj,engine,33.2099990845,-422.94329834,2.27090454102,55,31.5500926971,2.26218438148,-97.3468780518,-2.62397813797,-18.1978912354,-2.47710466385,0
1539875318848019016,39.937094944,carbonZ_2018-10-18-11-04-08_1_engine_failure_with_emr_traj,engine,32.9599990845,-423.236846924,2.56033349037,55,31.5500926971,2.26218438148,-97.3468780518,-2.35441064835,-18.168428421,-2.54833865166,0
1539875318863037416,39.952113344,carbonZ_2018-10-18-11-04-08_1_engine_failure_with_emr_traj,engine,32.9599990845,-423.236846924,2.56033349037,55,31.5500926971,2.26218438148,-97.3468780518,-2.24980902672,-18.1651172638,-2.61097335815,0
1539875318899820584,39.988896512,carbonZ_2018-10-18-11-04-08_1_engine_failure_with_emr_traj,engine,32.7099990845,-423.236846924,2.82749867439,55,31.5500926971,2.26218438148,-97.3468780518,-2.00462889671,-18.1275253296,-2.67036581039,0
1539875318967926952,40.05700288,carbonZ_2018-10-18-11-04-08_1_engine_failure_with_emr_traj,engine,32.7099990845,-423.236846924,2.82749867439,55,31.5500926971,2.26218438148,-97.3468780518,-1.88876116276,-18.0920982361,-2.63184118271,0
1539875318990252328,40.079328256,carbonZ_2018-10-18-11-04-08_1_engine_failure_with_emr_traj,engine,32.4399986267,-412.676422119,3.05013632774,54,31.5500926971,2.26218438148,-97.3468780518,-1.83376204967,-18.0755023956,-2.60814595222,0
1539875319038503784,40.127579712,carbonZ_2018-10-18-11-04-08_1_engine_failure_with_emr_traj,engine,32.4399986267,-412.676422119,3.05013632774,54,31.5500926971,2.26218438148,-97.3468780518,-1.63912308216,-18.013458252,-2.41797661781,0
1539875319090984424,40.180060352,carbonZ_2018-10-18-11-04-08_1_engine_failure_with_emr_traj,engine,32.4399986267,-412.676422119,3.05013632774,54,22.4419517517,0.622304856777,-92.5033798218,-1.5901376009,-17.9957389832,-2.39242911339,0
1539875319150582056,40.239657984,carbonZ_2018-10-18-11-04-08_1_engine_failure_with_emr_traj,engine,32.1899986267,-412.676422119,3.25051021576,54,22.4419517517,0.622304856777,-92.5033798218,-1.32595551014,-17.9135704041,-2.20337176323,0
1539875319192367560,40.281443488,carbonZ_2018-10-18-11-04-08_1_engine_failure_with_emr_traj,engine,31.9499988556,-402.747161865,3.42862033844,54,22.4419517517,0.622304856777,-92.5033798218,-1.32595551014,-17.9135704041,-2.20337176323,0
1539875319264293128,40.353369056,carbonZ_2018-10-18-11-04-08_1_engine_failure_with_emr_traj,engine,31.9499988556,-402.747161865,3.42862033844,54,22.4419517517,0.622304856777,-92.5033798218,-1.17311024666,-17.8386554718,-2.00263977051,0
1539875319297453640,40.386529568,carbonZ_2018-10-18-11-04-08_1_engine_failure_with_emr_traj,engine,31.7299995422,-402.747161865,3.59559869766,54,22.4419517517,0.622304856777,-92.5033798218,-1.10299944878,-17.8099822998,-1.89699101448,0
1539875319338997480,40.428073408,carbonZ_2018-10-18-11-04-08_1_engine_failure_with_emr_traj,engine,31.7299995422,-402.747161865,3.59559869766,54,22.4419517517,0.622304856777,-92.5033798218,-1.04454803467,-17.7755527496,-1.781291008,0
1539875319397252552,40.48632848,carbonZ_2018-10-18-11-04-08_1_engine_failure_with_emr_traj,engine,31.5499992371,-419.209869385,3.75144505501,54,18.6240081787,-0.923222482204,-89.981803894,-0.972166597843,-17.7158756256,-1.63495755196,0
1539875319452420232,40.54149616,carbonZ_2018-10-18-11-04-08_1_engine_failure_with_emr_traj,engine,31.5499992371,-419.209869385,3.75144505501,54,18.6240081787,-0.923222482204,-89.981803894,-0.874971330166,-17.6507472992,-1.55523884296,0
1539875319500943272,40.5900192,carbonZ_2018-10-18-11-04-08_1_engine_failure_with_emr_traj,engine,31.3799991608,-419.209869385,3.87389588356,54,18.6240081787,-0.923222482204,-89.981803894,-0.874971330166,-17.6507472992,-1.55523884296,0
1539875319553612648,40.642688576,carbonZ_2018-10-18-11-04-08_1_engine_failure_with_emr_traj,engine,31.3799991608,-419.209869385,3.87389588356,54,18.6240081787,-0.923222482204,-89.981803894,-0.848936200142,-17.5967521667,-1.51569640636,0
1539875319588183112,40.67725904,carbonZ_2018-10-18-11-04-08_1_engine_failure_with_emr_traj,engine,31.2299995422,-409.037963867,4.00747823715,54,18.6240081787,-0.923222482204,-89.981803894,-0.851370513439,-17.5795269012,-1.45701813698,0
1539875319618815912,40.70789184,carbonZ_2018-10-18-11-04-08_1_engine_failure_with_emr_traj,engine,31.2299995422,-409.037963867,4.00747823715,54,18.6240081787,-0.923222482204,-89.981803894,-0.864477753639,-17.55443573,-1.27916967869,0
1539875319709378952,40.79845488,carbonZ_2018-10-18-11-04-08_1_engine_failure_with_emr_traj,engine,31.0999984741,-409.037963867,4.14106082916,54,18.6240081787,-0.923222482204,-89.981803894,-0.869387149811,-17.4934406281,-0.915258347988,0
1539875319773079912,40.86215584,carbonZ_2018-10-18-11-04-08_1_engine_failure_with_emr_traj,engine,31.0999984741,-409.037963867,4.14106082916,54,18.6240081787,-0.923222482204,-89.981803894,-0.847657322884,-17.4500484467,-0.727061808109,0
1539875319811010600,40.900086528,carbonZ_2018-10-18-11-04-08_1_engine_failure_with_emr_traj,engine,31.0100002289,-396.849243164,4.27464389801,55,9.25345897675,-4.81008863449,-85.1107406616,-0.82661896944,-17.4127445221,-0.59507137537,0
1539875319879995528,40.969071456,carbonZ_2018-10-18-11-04-08_1_engine_failure_with_emr_traj,engine,31.0100002289,-396.849243164,4.27464389801,55,9.25345897675,-4.81008863449,-85.1107406616,-0.797551751137,-17.3673934937,-0.356903344393,0
1539875319990998056,41.080073984,carbonZ_2018-10-18-11-04-08_1_engine_failure_with_emr_traj,engine,30.9399986267,-396.849243164,4.39709424973,55,9.25345897675,-4.81008863449,-85.1107406616,-0.733111560345,-17.3114337921,-0.248938292265,0
1539875320042620808,41.131696736,carbonZ_2018-10-18-11-04-08_1_engine_failure_with_emr_traj,engine,30.9099998474,-386.846343994,4.51954507828,55,9.25345897675,-4.81008863449,-85.1107406616,-0.70241689682,-17.2689495087,-0.0279511138797,0
1539875320077670120,41.166746048,carbonZ_2018-10-18-11-04-08_1_engine_failure_with_emr_traj,engine,30.9099998474,-386.846343994,4.51954507828,55,9.25345897675,-4.81008863449,-85.1107406616,-0.681270182133,-17.2357254028,0.144671529531,0
1539875320126321128,41.215397056,carbonZ_2018-10-18-11-04-08_1_engine_failure_with_emr_traj,engine,30.8899993896,-386.846343994,4.63086414337,56,9.25345897675,-4.81008863449,-85.1107406616,-0.673136949539,-17.2095680237,0.384621500969,0
1539875320202040264,41.291116192,carbonZ_2018-10-18-11-04-08_1_engine_failure_with_emr_traj,engine,30.9299983978,-375.66986084,4.73105096817,56,9.63122367859,-6.83160352707,-81.5618591309,-0.689817726612,-17.1417102814,1.11206293106,0
1539875320283097064,41.372172992,carbonZ_2018-10-18-11-04-08_1_engine_failure_with_emr_traj,engine,30.9299983978,-375.66986084,4.73105096817,56,9.63122367859,-6.83160352707,-81.5618591309,-0.625696718693,-17.0754146576,1.63412666321,0
1539875320309840488,41.398916416,carbonZ_2018-10-18-11-04-08_1_engine_failure_with_emr_traj,engine,31.0499992371,-375.66986084,4.83123779297,56,9.63122367859,-6.83160352707,-81.5618591309,-0.601650238037,-17.0659217834,1.73217022419,0
1539875320339446504,41.428522432,carbonZ_2018-10-18-11-04-08_1_engine_failure_with_emr_traj,engine,31.0499992371,-375.66986084,4.83123779297,56,9.63122367859,-6.83160352707,-81.5618591309,-0.526893496513,-17.0305728912,1.95066165924,0
1539875320388627400,41.477703328,carbonZ_2018-10-18-11-04-08_1_engine_failure_with_emr_traj,engine,31.2299995422,-337.184906006,4.90916109085,57,9.63122367859,-6.83160352707,-81.5618591309,-0.478692024946,-17.0031719208,2.0760076046,0
1539875320422077384,41.511153312,carbonZ_2018-10-18-11-04-08_1_engine_failure_with_emr_traj,engine,31.2299995422,-337.184906006,4.90916109085,57,9.63122367859,-6.83160352707,-81.5618591309,-0.437666147947,-16.9993553162,2.1473941803,0
1539875320463636680,41.552712608,carbonZ_2018-10-18-11-04-08_1_engine_failure_with_emr_traj,engine,31.2299995422,-337.184906006,4.90916109085,57,9.63122367859,-6.83160352707,-81.5618591309,-0.405991405249,-16.9826278687,2.16300773621,0
1539875320497186248,41.586262176,carbonZ_2018-10-18-11-04-08_1_engine_failure_with_emr_traj,engine,31.4499988556,-337.184906006,4.97595214844,57,11.2636194229,-6.96162939072,-80.7390136719,-0.38899192214,-16.9835166931,2.18604874611,0
1539875320561398856,41.650474784,carbonZ_2018-10-18-11-04-08_1_engine_failure_with_emr_traj,engine,31.4499988556,-337.184906006,4.97595214844,57,11.2636194229,-6.96162939072,-80.7390136719,-0.287530064583,-16.9641952515,2.2268576622,0
1539875320604208680,41.693284608,carbonZ_2018-10-18-11-04-08_1_engine_failure_with_emr_traj,engine,31.6799983978,-320.408630371,5.02048015594,58,11.2636194229,-6.96162939072,-80.7390136719,-0.227034196258,-16.9569149017,2.19360733032,0
1539875320653551112,41.74262704,carbonZ_2018-10-18-11-04-08_1_engine_failure_with_emr_traj,engine,31.6799983978,-320.408630371,5.02048015594,58,11.2636194229,-6.96162939072,-80.7390136719,-0.0619510933757,-16.9529590607,1.95965492725,0
1539875320687802728,41.776878656,carbonZ_2018-10-18-11-04-08_1_engine_failure_with_emr_traj,engine,31.8899993896,-320.408630371,5.04274368286,58,11.2636194229,-6.96162939072,-80.7390136719,-0.0619510933757,-16.9529590607,1.95965492725,0
1539875320746758344,41.835834272,carbonZ_2018-10-18-11-04-08_1_engine_failure_with_emr_traj,engine,31.8899993896,-320.408630371,5.04274368286,58,11.2636194229,-6.96162939072,-80.7390136719,0.0581963509321,-16.9608421326,1.79133105278,0
1539875320786306504,41.875382432,carbonZ_2018-10-18-11-04-08_1_engine_failure_with_emr_traj,engine,31.8899993896,-320.408630371,5.04274368286,58,11.2636194229,-6.96162939072,-80.7390136719,0.136954128742,-16.9573287964,1.70503532887,0
1539875320846162888,41.935238816,carbonZ_2018-10-18-11-04-08_1_engine_failure_with_emr_traj,engine,32.0699996948,-321.000305176,5.04274368286,59,10.0893640518,-5.57367563248,-81.1071395874,0.219825133681,-16.955280304,1.63824915886,0
1539875320888677768,41.977753696,carbonZ_2018-10-18-11-04-08_1_engine_failure_with_emr_traj,engine,32.219997406,-321.000305176,5.0316119194,59,10.0893640518,-5.57367563248,-81.1071395874,0.260843217373,-16.943025589,1.63038003445,0
1539875320946342088,42.035418016,carbonZ_2018-10-18-11-04-08_1_engine_failure_with_emr_traj,engine,32.219997406,-321.000305176,5.0316119194,59,10.0893640518,-5.57367563248,-81.1071395874,0.332630127668,-16.9314975739,1.59599542618,0
1539875321008984872,42.0980608,carbonZ_2018-10-18-11-04-08_1_engine_failure_with_emr_traj,engine,32.3600006104,-332.690429688,4.98708438873,60,10.0893640518,-5.57367563248,-81.1071395874,0.431519389153,-16.9135036469,1.5136090517,0
1539875321025619304,42.114695232,carbonZ_2018-10-18-11-04-08_1_engine_failure_with_emr_traj,engine,32.3600006104,-332.690429688,4.98708438873,60,10.0893640518,-5.57367563248,-81.1071395874,0.431519389153,-16.9135036469,1.5136090517,0
1539875321058852072,42.147928,carbonZ_2018-10-18-11-04-08_1_engine_failure_with_emr_traj,engine,32.3600006104,-332.690429688,4.98708438873,60,10.0893640518,-5.57367563248,-81.1071395874,0.519492149353,-16.9107685089,1.43989086151,0
1539875321111035624,42.200111552,carbonZ_2018-10-18-11-04-08_1_engine_failure_with_emr_traj,engine,32.4899978638,-332.690429688,4.93142461777,61,10.0893640518,-5.57367563248,-81.1071395874,0.568915486336,-16.8993968964,1.43320477009,0
1539875321206383592,42.29545952,carbonZ_2018-10-18-11-04-08_1_engine_failure_with_emr_traj,engine,32.6100006104,-325.763519287,4.86463356018,61,10.0014438629,-4.61251544952,-81.4599227905,0.65528523922,-16.8772697449,1.42880213261,0
1539875321288930888,42.378006816,carbonZ_2018-10-18-11-04-08_1_engine_failure_with_emr_traj,engine,32.6100006104,-325.763519287,4.86463356018,61,10.0014438629,-4.61251544952,-81.4599227905,0.709199666977,-16.8649559021,1.3942501545,0
1539875321303059464,42.392135392,carbonZ_2018-10-18-11-04-08_1_engine_failure_with_emr_traj,engine,32.7399978638,-325.763519287,4.77557849884,62,10.0014438629,-4.61251544952,-81.4599227905,0.722666919231,-16.854139328,1.39705073833,0
1539875321377705032,42.46678096,carbonZ_2018-10-18-11-04-08_1_engine_failure_with_emr_traj,engine,32.7399978638,-325.763519287,4.77557849884,62,10.0014438629,-4.61251544952,-81.4599227905,0.76335132122,-16.8461017609,1.36871159077,0
1539875321413964360,42.503040288,carbonZ_2018-10-18-11-04-08_1_engine_failure_with_emr_traj,engine,32.8699989319,-324.187072754,4.6865234375,63,10.0014438629,-4.61251544952,-81.4599227905,0.76335132122,-16.8461017609,1.36871159077,0
1539875321452321256,42.541397184,carbonZ_2018-10-18-11-04-08_1_engine_failure_with_emr_traj,engine,32.8699989319,-324.187072754,4.6865234375,63,10.0014438629,-4.61251544952,-81.4599227905,0.760606586933,-16.8635787964,1.07596504688,0
1539875321493205064,42.582280992,carbonZ_2018-10-18-11-04-08_1_engine_failure_with_emr_traj,engine,32.9799995422,-324.187072754,4.59746837616,63,10.0014438629,-4.61251544952,-81.4599227905,0.756713926792,-16.8886547089,0.852878093719,0
1539875321559358984,42.648434912,carbonZ_2018-10-18-11-04-08_1_engine_failure_with_emr_traj,engine,32.9799995422,-324.187072754,4.59746837616,63,10.0014438629,-4.61251544952,-81.4599227905,0.784839034081,-16.9285392761,0.481579810381,0
1539875321606533640,42.695609568,carbonZ_2018-10-18-11-04-08_1_engine_failure_with_emr_traj,engine,33.0400009155,-333.281311035,4.49728155136,64,10.0014438629,-4.61251544952,-81.4599227905,0.804255187511,-16.9283638,0.446793228388,0
1539875321639298248,42.728374176,carbonZ_2018-10-18-11-04-08_1_engine_failure_with_emr_traj,engine,33.0400009155,-333.281311035,4.49728155136,64,3.864579916,-4.43154859543,-78.0146179199,0.823684632778,-16.9330196381,0.344589650631,0
1539875321727510760,42.816586688,carbonZ_2018-10-18-11-04-08_1_engine_failure_with_emr_traj,engine,33.0599975586,-333.281311035,4.39709424973,65,3.864579916,-4.43154859543,-78.0146179199,0.860123753548,-16.9188995361,0.213119029999,0
1539875321750016776,42.839092704,carbonZ_2018-10-18-11-04-08_1_engine_failure_with_emr_traj,engine,33.0599975586,-333.281311035,4.39709424973,65,3.864579916,-4.43154859543,-78.0146179199,0.87323397398,-16.9219493866,0.160016685724,0
1539875321794533288,42.883609216,carbonZ_2018-10-18-11-04-08_1_engine_failure_with_emr_traj,engine,33.0599975586,-333.281311035,4.39709424973,65,3.864579916,-4.43154859543,-78.0146179199,0.906259417534,-16.9133663177,0.105779439211,0
1539875321852716264,42.941792192,carbonZ_2018-10-18-11-04-08_1_engine_failure_with_emr_traj,engine,33.0599975586,-341.465942383,4.28577566147,66,3.864579916,-4.43154859543,-78.0146179199,0.977780580521,-16.8824920654,-0.0100307315588,0
1539875321905309000,42.994384928,carbonZ_2018-10-18-11-04-08_1_engine_failure_with_emr_traj,engine,33.0599975586,-341.465942383,4.28577566147,66,3.864579916,-4.43154859543,-78.0146179199,0.991917908192,-16.8780612946,-0.0570188611746,0
1539875321923209512,43.01228544,carbonZ_2018-10-18-11-04-08_1_engine_failure_with_emr_traj,engine,33.0400009155,-341.465942383,4.17445659637,67,3.864579916,-4.43154859543,-78.0146179199,1.02706170082,-16.8646354675,-0.122316531837,0
1539875321967048168,43.056124096,carbonZ_2018-10-18-11-04-08_1_engine_failure_with_emr_traj,engine,33.0400009155,-341.465942383,4.17445659637,67,4.00906229019,-4.28192424774,-75.5938568115,1.07099604607,-16.8485832214,-0.171730801463,0
1539875322004905064,43.093980992,carbonZ_2018-10-18-11-04-08_1_engine_failure_with_emr_traj,engine,33.0,-332.920074463,4.04087400436,68,4.00906229019,-4.28192424774,-75.5938568115,1.12062478065,-16.8229866028,-0.170373216271,0
1539875322106742952,43.19581888,carbonZ_2018-10-18-11-04-08_1_engine_failure_with_emr_traj,engine,32.969997406,-332.920074463,3.8961596489,68,4.00906229019,-4.28192424774,-75.5938568115,1.18756008148,-16.7586460114,-0.087761618197,0
1539875322179324552,43.26840048,carbonZ_2018-10-18-11-04-08_1_engine_failure_with_emr_traj,engine,32.969997406,-332.920074463,3.8961596489,68,4.00906229019,-4.28192424774,-75.5938568115,1.2343044281,-16.7222576141,-0.179353430867,0
1539875322256798280,43.345874208,carbonZ_2018-10-18-11-04-08_1_engine_failure_with_emr_traj,engine,32.9500007629,-338.693054199,3.72918128967,69,4.00906229019,-4.28192424774,-75.5938568115,1.25417423248,-16.6989707947,-0.533724963665,0
1539875322281346280,43.370422208,carbonZ_2018-10-18-11-04-08_1_engine_failure_with_emr_traj,engine,32.9500007629,-338.693054199,3.72918128967,69,4.00906229019,-4.28192424774,-75.5938568115,1.25210893154,-16.7025432587,-0.644528746605,0
1539875322318306568,43.407382496,carbonZ_2018-10-18-11-04-08_1_engine_failure_with_emr_traj,engine,32.8899993896,-338.693054199,3.56220293045,70,2.77961111069,-2.42183303833,-77.7338867188,1.21696126461,-16.6790771484,-0.817166209221,0
1539875322378606728,43.467682656,carbonZ_2018-10-18-11-04-08_1_engine_failure_with_emr_traj,engine,32.8899993896,-338.693054199,3.56220293045,70,2.77961111069,-2.42183303833,-77.7338867188,1.19303870201,-16.6392402649,-0.776262223721,0
1539875322451511592,43.54058752,carbonZ_2018-10-18-11-04-08_1_engine_failure_with_emr_traj,engine,32.8099975586,-318.438903809,3.39522480965,71,2.77961111069,-2.42183303833,-77.7338867188,1.14540207386,-16.6047763824,-0.639294207096,0
1539875322466951912,43.55602784,carbonZ_2018-10-18-11-04-08_1_engine_failure_with_emr_traj,engine,32.8099975586,-318.438903809,3.39522480965,71,2.77961111069,-2.42183303833,-77.7338867188,1.13277292252,-16.588218689,-0.567337870598,0
1539875322518898792,43.60797472,carbonZ_2018-10-18-11-04-08_1_engine_failure_with_emr_traj,engine,32.75,-318.438903809,3.2393784523,72,2.77961111069,-2.42183303833,-77.7338867188,1.06866550446,-16.5580196381,-0.535552322865,0
1539875322572786248,43.661862176,carbonZ_2018-10-18-11-04-08_1_engine_failure_with_emr_traj,engine,32.75,-318.438903809,3.2393784523,72,2.77961111069,-2.42183303833,-77.7338867188,1.03949296474,-16.5321979523,-0.522135734558,0
1539875322617569608,43.706645536,carbonZ_2018-10-18-11-04-08_1_engine_failure_with_emr_traj,engine,32.6899986267,-317.483520508,3.09466385841,73,2.77961111069,-2.42183303833,-77.7338867188,0.998219132423,-16.5096416473,-0.499184340239,0
1539875322661517864,43.750593792,carbonZ_2018-10-18-11-04-08_1_engine_failure_with_emr_traj,engine,32.6899986267,-317.483520508,3.09466385841,73,-2.28361725807,-2.8920712471,-77.1318054199,0.925194919109,-16.4679298401,-0.487356454134,0
1539875322719904456,43.808980384,carbonZ_2018-10-18-11-04-08_1_engine_failure_with_emr_traj,engine,32.6399993896,-317.483520508,2.9610812664,74,-2.28361725807,-2.8920712471,-77.1318054199,0.895748615265,-16.4256134033,-0.507228434086,0
1539875322770476040,43.859551968,carbonZ_2018-10-18-11-04-08_1_engine_failure_with_emr_traj,engine,32.6399993896,-317.483520508,2.9610812664,74,-2.28361725807,-2.8920712471,-77.1318054199,0.88666677475,-16.4181289673,-0.5584872365,0
1539875322794771080,43.883847008,carbonZ_2018-10-18-11-04-08_1_engine_failure_with_emr_traj,engine,32.5999984741,-292.565734863,2.83863043785,75,-2.28361725807,-2.8920712471,-77.1318054199,0.877253592014,-16.3922939301,-0.681672215462,0
1539875322878997000,43.968072928,carbonZ_2018-10-18-11-04-08_1_engine_failure_with_emr_traj,engine,32.5999984741,-292.565734863,2.83863043785,75,-2.28361725807,-2.8920712471,-77.1318054199,0.865393161774,-16.3458957672,-0.800140023232,0
1539875322950532136,44.039608064,carbonZ_2018-10-18-11-04-08_1_engine_failure_with_emr_traj,engine,32.5299987793,-292.565734863,2.72731161118,76,-2.28361725807,-2.8920712471,-77.1318054199,0.837304413319,-16.2825946808,-0.840378701687,0
1539875322983132392,44.07220832,carbonZ_2018-10-18-11-04-08_1_engine_failure_with_emr_traj,engine,32.5299987793,-292.565734863,2.72731161118,76,-4.50429821014,-2.3162946701,-76.8361206055,0.820843577385,-16.2712173462,-0.903048813343,0
1539875323014830984,44.103906912,carbonZ_2018-10-18-11-04-08_1_engine_failure_with_emr_traj,engine,32.4500007629,-274.969665527,2.60486102104,77,-4.50429821014,-2.3162946701,-76.8361206055,0.792309045792,-16.2366695404,-0.994892716408,0
1539875323084379048,44.173454976,carbonZ_2018-10-18-11-04-08_1_engine_failure_with_emr_traj,engine,32.4500007629,-274.969665527,2.60486102104,77,-4.50429821014,-2.3162946701,-76.8361206055,0.682593524456,-16.1900730133,-1.21603810787,0
1539875323103042152,44.19211808,carbonZ_2018-10-18-11-04-08_1_engine_failure_with_emr_traj,engine,32.3499984741,-274.969665527,2.50467395782,78,-4.50429821014,-2.3162946701,-76.8361206055,0.655749320984,-16.183883667,-1.28630375862,0
1539875323184702920,44.273778848,carbonZ_2018-10-18-11-04-08_1_engine_failure_with_emr_traj,engine,32.2099990845,-263.885681152,2.40448713303,80,-4.50429821014,-2.3162946701,-76.8361206055,0.505748748779,-16.1521549225,-1.5441545248,0
1539875323252922696,44.341998624,carbonZ_2018-10-18-11-04-08_1_engine_failure_with_emr_traj,engine,32.2099990845,-263.885681152,2.40448713303,80,-4.50429821014,-2.3162946701,-76.8361206055,0.383386790752,-16.11992836,-1.73738014698,0
1539875323291743016,44.380818944,carbonZ_2018-10-18-11-04-08_1_engine_failure_with_emr_traj,engine,32.2099990845,-263.885681152,2.40448713303,80,-4.50429821014,-2.3162946701,-76.8361206055,0.291076213121,-16.1005516052,-1.84933948517,0
1539875323308077832,44.39715376,carbonZ_2018-10-18-11-04-08_1_engine_failure_with_emr_traj,engine,32.0400009155,-263.885681152,2.33769583702,81,-4.50429821014,-2.3162946701,-76.8361206055,0.239816382527,-16.0961513519,-1.90122032166,0
1539875323359367048,44.448442976,carbonZ_2018-10-18-11-04-08_1_engine_failure_with_emr_traj,engine,32.0400009155,-263.885681152,2.33769583702,81,-4.50429821014,-2.3162946701,-76.8361206055,0.0666857361794,-16.0594596863,-2.00403428078,0
1539875323393885768,44.482961696,carbonZ_2018-10-18-11-04-08_1_engine_failure_with_emr_traj,engine,31.8299999237,-244.653503418,2.29316830635,82,-4.50429821014,-2.3162946701,-76.8361206055,0.0666857361794,-16.0594596863,-2.00403428078,0
1539875323459578216,44.548654144,carbonZ_2018-10-18-11-04-08_1_engine_failure_with_emr_traj,engine,31.8299999237,-244.653503418,2.29316830635,82,-10.7165327072,-2.19160270691,-82.3396224976,-0.121121585369,-16.0283966064,-2.09392380714,0
1539875323506583656,44.595659584,carbonZ_2018-10-18-11-04-08_1_engine_failure_with_emr_traj,engine,31.6199989319,-244.653503418,2.27090454102,83,-10.7165327072,-2.19160270691,-82.3396224976,-0.21680778265,-16.0155334473,-2.10937738419,0
1539875323587023336,44.676099264,carbonZ_2018-10-18-11-04-08_1_engine_failure_with_emr_traj,engine,31.6199989319,-244.653503418,2.27090454102,83,-10.7165327072,-2.19160270691,-82.3396224976,-0.393279850483,-15.9741649628,-2.01640129089,0
1539875323616631848,44.705707776,carbonZ_2018-10-18-11-04-08_1_engine_failure_with_emr_traj,engine,31.3899993896,-234.766967773,2.28203630447,84,-10.7165327072,-2.19160270691,-82.3396224976,-0.463112324476,-15.936621666,-1.6658308506,0
1539875323703932168,44.793008096,carbonZ_2018-10-18-11-04-08_1_engine_failure_with_emr_traj,engine,31.2099990845,-234.766967773,2.30430006981,86,-10.7165327072,-2.19160270691,-82.3396224976,-0.493955612183,-15.8918771744,-1.0712531805,0
1539875323803619432,44.89269536,carbonZ_2018-10-18-11-04-08_1_engine_failure_with_emr_traj,engine,31.1199989319,-228.260421753,2.33769583702,87,-10.7165327072,-2.19160270691,-82.3396224976,-0.502570390701,-15.8246746063,-0.128668710589,0
1539875323853619944,44.942695872,carbonZ_2018-10-18-11-04-08_1_engine_failure_with_emr_traj,engine,31.1199989319,-228.260421753,2.33769583702,87,-10.7165327072,-2.19160270691,-82.3396224976,-0.484500169754,-15.7808876038,0.266442358494,0
1539875323920908232,45.00998416,carbonZ_2018-10-18-11-04-08_1_engine_failure_with_emr_traj,engine,31.1199989319,-228.260421753,2.37109136581,88,5.9760222435,-5.12563610077,-82.4247589111,-0.438445925713,-15.7279624939,0.56725269556,0
1539875323973926056,45.063001984,carbonZ_2018-10-18-11-04-08_1_engine_failure_with_emr_traj,engine,31.1199989319,-228.260421753,2.37109136581,88,5.9760222435,-5.12563610077,-82.4247589111,-0.374492138624,-15.6650009155,0.821908414364,0
1539875324010013672,45.0990896,carbonZ_2018-10-18-11-04-08_1_engine_failure_with_emr_traj,engine,31.1899986267,-213.416870117,2.37109136581,89,5.9760222435,-5.12563610077,-82.4247589111,-0.374492138624,-15.6650009155,0.821908414364,0
1539875324063365384,45.152441312,carbonZ_2018-10-18-11-04-08_1_engine_failure_with_emr_traj,engine,31.1899986267,-213.416870117,2.37109136581,89,5.9760222435,-5.12563610077,-82.4247589111,-0.32672816515,-15.599729538,1.21985459328,0
1539875324099474952,45.18855088,carbonZ_2018-10-18-11-04-08_1_engine_failure_with_emr_traj,engine,31.3199996948,-213.416870117,2.37109136581,91,5.9760222435,-5.12563610077,-82.4247589111,-0.31572920084,-15.5745792389,1.38866996765,0
1539875324182951976,45.272027904,carbonZ_2018-10-18-11-04-08_1_engine_failure_with_emr_traj,engine,31.3199996948,-213.416870117,2.37109136581,91,5.9760222435,-5.12563610077,-82.4247589111,-0.297475397587,-15.5205564499,1.71376180649,0
1539875324213147368,45.302223296,carbonZ_2018-10-18-11-04-08_1_engine_failure_with_emr_traj,engine,31.4899997711,-201.421356201,2.34882760048,92,5.9760222435,-5.12563610077,-82.4247589111,-0.301604121923,-15.4997587204,1.85203683376,0
1539875324315815752,45.40489168,carbonZ_2018-10-18-11-04-08_1_engine_failure_with_emr_traj,engine,31.6999988556,-201.421356201,2.32656383514,93,5.9760222435,-5.12563610077,-82.4247589111,-0.327457994223,-15.4687728882,2.0442006588,0
1539875324408581480,45.497657408,carbonZ_2018-10-18-11-04-08_1_engine_failure_with_emr_traj,engine,31.9200000763,-182.920257568,2.31543207169,94,6.56287956238,-6.86066150665,-83.1107177734,-0.369820475578,-15.4468173981,2.27122378349,0
1539875324460633448,45.549709376,carbonZ_2018-10-18-11-04-08_1_engine_failure_with_emr_traj,engine,31.9200000763,-182.920257568,2.31543207169,94,6.56287956238,-6.86066150665,-83.1107177734,-0.389812648296,-15.4272661209,2.51505732536,0
1539875324524691432,45.61376736,carbonZ_2018-10-18-11-04-08_1_engine_failure_with_emr_traj,engine,32.1800003052,-182.920257568,2.30430006981,96,6.56287956238,-6.86066150665,-83.1107177734,-0.385731190443,-15.4102802277,2.76163649559,0
1539875324562974152,45.65205008,carbonZ_2018-10-18-11-04-08_1_engine_failure_with_emr_traj,engine,32.1800003052,-182.920257568,2.30430006981,96,6.56287956238,-6.86066150665,-83.1107177734,-0.374899655581,-15.3993215561,2.90593242645,0
1539875324626687816,45.715763744,carbonZ_2018-10-18-11-04-08_1_engine_failure_with_emr_traj,engine,32.469997406,-175.693893433,2.29316830635,97,6.56287956238,-6.86066150665,-83.1107177734,-0.32900506258,-15.3783111572,3.08551692963,0
1539875324668309160,45.757385088,carbonZ_2018-10-18-11-04-08_1_engine_failure_with_emr_traj,engine,32.469997406,-175.693893433,2.29316830635,97,6.56287956238,-6.86066150665,-83.1107177734,-0.288776785135,-15.3790950775,3.1419467926,0
1539875324702724456,45.791800384,carbonZ_2018-10-18-11-04-08_1_engine_failure_with_emr_traj,engine,32.7999992371,-175.693893433,2.28203630447,98,4.40787315369,-8.66231536865,-77.1682815552,-0.235537618399,-15.3797445297,3.16709089279,0
1539875324805142408,45.894218336,carbonZ_2018-10-18-11-04-08_1_engine_failure_with_emr_traj,engine,33.1300010681,-173.323059082,2.25977253914,99,4.40787315369,-8.66231536865,-77.1682815552,-0.0573618002236,-15.3855838776,3.13433980942,0
1539875324883143400,45.972219328,carbonZ_2018-10-18-11-04-08_1_engine_failure_with_emr_traj,engine,33.4599990845,-173.323059082,2.21524500847,101,4.40787315369,-8.66231536865,-77.1682815552,0.110382281244,-15.4100914001,2.96170067787,0
1539875324920002600,46.009078528,carbonZ_2018-10-18-11-04-08_1_engine_failure_with_emr_traj,engine,33.4599990845,-173.323059082,2.21524500847,101,4.40787315369,-8.66231536865,-77.1682815552,0.143010467291,-15.416270256,2.91460943222,0
1539875324967624584,46.056700512,carbonZ_2018-10-18-11-04-08_1_engine_failure_with_emr_traj,engine,33.4599990845,-173.323059082,2.21524500847,101,4.40787315369,-8.66231536865,-77.1682815552,0.254950255156,-15.4265956879,2.83503055573,0
1539875325007977256,46.097053184,carbonZ_2018-10-18-11-04-08_1_engine_failure_with_emr_traj,engine,33.75,-178.912536621,2.13732194901,102,4.40787315369,-8.66231536865,-77.1682815552,0.318536490202,-15.4392023087,2.77051520348,0
1539875325074261320,46.163337248,carbonZ_2018-10-18-11-04-08_1_engine_failure_with_emr_traj,engine,33.75,-178.912536621,2.13732194901,102,4.40787315369,-8.66231536865,-77.1682815552,0.404563069344,-15.4622068405,2.69632005692,0
1539875325106318408,46.195394336,carbonZ_2018-10-18-11-04-08_1_engine_failure_with_emr_traj,engine,34.0299987793,-178.912536621,2.04826664925,103,7.35301017761,-6.15933513641,-77.2180633545,0.444186091423,-15.4666166306,2.65325331688,0
1539875325163853608,46.252929536,carbonZ_2018-10-18-11-04-08_1_engine_failure_with_emr_traj,engine,34.0299987793,-178.912536621,2.04826664925,103,7.35301017761,-6.15933513641,-77.2180633545,0.508711278439,-15.4856939316,2.61906576157,0
1539875325176790248,46.265866176,carbonZ_2018-10-18-11-04-08_1_engine_failure_with_emr_traj,engine,34.0299987793,-178.912536621,2.04826664925,103,7.35301017761,-6.15933513641,-77.2180633545,0.525631844997,-15.4947547913,2.57119059563,0
1539875325249805960,46.338881888,carbonZ_2018-10-18-11-04-08_1_engine_failure_with_emr_traj,engine,34.2999992371,-199.089050293,1.94807982445,104,7.35301017761,-6.15933513641,-77.2180633545,0.595607280731,-15.5315952301,2.43527841568,0
1539875325296233032,46.38530896,carbonZ_2018-10-18-11-04-08_1_engine_failure_with_emr_traj,engine,34.5499992371,-199.089050293,1.83676099777,106,7.35301017761,-6.15933513641,-77.2180633545,0.595607280731,-15.5315952301,2.43527841568,0
1539875325344133512,46.43320944,carbonZ_2018-10-18-11-04-08_1_engine_failure_with_emr_traj,engine,34.5499992371,-199.089050293,1.83676099777,106,7.35301017761,-6.15933513641,-77.2180633545,0.637305319309,-15.5436944962,2.3742249012,0
1539875325368604776,46.457680704,carbonZ_2018-10-18-11-04-08_1_engine_failure_with_emr_traj,engine,34.5499992371,-199.089050293,1.83676099777,106,7.35301017761,-6.15933513641,-77.2180633545,0.645424127579,-15.5433082581,2.37480330467,0
1539875325443883432,46.53295936,carbonZ_2018-10-18-11-04-08_1_engine_failure_with_emr_traj,engine,34.7900009155,-208.027832031,1.71431016922,107,4.36520385742,-4.08768844604,-77.8048400879,0.657520055771,-15.5664701462,2.31871604919,0
1539875325490603464,46.579679392,carbonZ_2018-10-18-11-04-08_1_engine_failure_with_emr_traj,engine,35.0200004578,-208.027832031,1.60299134254,108,4.36520385742,-4.08768844604,-77.8048400879,0.66040211916,-15.5732908249,2.27460408211,0
1539875325583661128,46.672737056,carbonZ_2018-10-18-11-04-08_1_engine_failure_with_emr_traj,engine,35.2399978638,-218.7421875,1.49167251587,110,4.36520385742,-4.08768844604,-77.8048400879,0.673567414284,-15.6056871414,2.01825547218,0
1539875325642470024,46.731545952,carbonZ_2018-10-18-11-04-08_1_engine_failure_with_emr_traj,engine,35.2399978638,-218.7421875,1.49167251587,110,4.36520385742,-4.08768844604,-77.8048400879,0.684722006321,-15.6175575256,1.95992648602,0
1539875325667454696,46.756530624,carbonZ_2018-10-18-11-04-08_1_engine_failure_with_emr_traj,engine,35.2399978638,-218.7421875,1.49167251587,110,4.36520385742,-4.08768844604,-77.8048400879,0.683150649071,-15.6281919479,1.86736321449,0
1539875325721815272,46.8108912,carbonZ_2018-10-18-11-04-08_1_engine_failure_with_emr_traj,engine,35.4300003052,-218.7421875,1.38035368919,111,4.36520385742,-4.08768844604,-77.8048400879,0.689581394196,-15.6435251236,1.7962808609,0
1539875325773902824,46.862978752,carbonZ_2018-10-18-11-04-08_1_engine_failure_with_emr_traj,engine,35.4300003052,-218.7421875,1.38035368919,111,4.36520385742,-4.08768844604,-77.8048400879,0.666110515594,-15.6629867554,1.63072216511,0
1539875325802433032,46.89150896,carbonZ_2018-10-18-11-04-08_1_engine_failure_with_emr_traj,engine,35.4300003052,-218.7421875,1.38035368919,111,-0.457921117544,-1.62731003761,-76.2985610962,0.661346495152,-15.6751785278,1.5423784256,0
1539875325835236392,46.92431232,carbonZ_2018-10-18-11-04-08_1_engine_failure_with_emr_traj,engine,35.5999984741,-218.772888184,1.26903486252,112,-0.457921117544,-1.62731003761,-76.2985610962,0.661346495152,-15.6751785278,1.5423784256,0
1539875325887034888,46.976110816,carbonZ_2018-10-18-11-04-08_1_engine_failure_with_emr_traj,engine,35.5999984741,-218.772888184,1.26903486252,112,-0.457921117544,-1.62731003761,-76.2985610962,0.52880859375,-15.7415180206,1.07054674625,0
1539875325904371400,46.993447328,carbonZ_2018-10-18-11-04-08_1_engine_failure_with_emr_traj,engine,35.7399978638,-218.772888184,1.17997980118,114,-0.457921117544,-1.62731003761,-76.2985610962,0.52880859375,-15.7415180206,1.07054674625,0
1539875325963343368,47.052419296,carbonZ_2018-10-18-11-04-08_1_engine_failure_with_emr_traj,engine,35.7399978638,-218.772888184,1.17997980118,114,-0.457921117544,-1.62731003761,-76.2985610962,0.410980373621,-15.774433136,0.865931987762,0
1539875325991052936,47.080128864,carbonZ_2018-10-18-11-04-08_1_engine_failure_with_emr_traj,engine,35.8299980164,-229.385955811,1.10205662251,115,-0.457921117544,-1.62731003761,-76.2985610962,0.372577905655,-15.7876787186,0.787332952023,0
1539875326052058856,47.141134784,carbonZ_2018-10-18-11-04-08_1_engine_failure_with_emr_traj,engine,35.8299980164,-229.385955811,1.10205662251,115,-0.457921117544,-1.62731003761,-76.2985610962,0.150588735938,-15.8405780792,0.47798794508,0
1539875326130974536,47.220050464,carbonZ_2018-10-18-11-04-08_1_engine_failure_with_emr_traj,engine,35.8899993896,-229.385955811,1.04639708996,116,-0.457921117544,-1.62731003761,-76.2985610962,-0.021329946816,-15.8784818649,0.267794251442,0
1539875326168665512,47.25774144,carbonZ_2018-10-18-11-04-08_1_engine_failure_with_emr_traj,engine,35.8899993896,-229.385955811,1.04639708996,116,-0.457921117544,-1.62731003761,-76.2985610962,-0.143796220422,-15.8994293213,0.171035528183,0
1539875326201150408,47.290226336,carbonZ_2018-10-18-11-04-08_1_engine_failure_with_emr_traj,engine,35.8899993896,-229.385955811,1.04639708996,116,-9.47250461578,1.559030056,-76.7554702759,-0.193627327681,-15.9068374634,0.129149869084,0
1539875326240850856,47.329926784,carbonZ_2018-10-18-11-04-08_1_engine_failure_with_emr_traj,engine,35.9099998474,-228.664398193,1.03526520729,118,-9.47250461578,1.559030056,-76.7554702759,-0.304827988148,-15.9304065704,0.0699389055371,0
1539875326262067592,47.35114352,carbonZ_2018-10-18-11-04-08_1_engine_failure_with_emr_traj,engine,35.9099998474,-228.664398193,1.03526520729,118,-9.47250461578,1.559030056,-76.7554702759,-0.347319960594,-15.9351272583,0.0451751463115,0
1539875326322675656,47.411751584,carbonZ_2018-10-18-11-04-08_1_engine_failure_with_emr_traj,engine,35.9099998474,-228.664398193,1.04639708996,119,-9.47250461578,1.559030056,-76.7554702759,-0.471952468157,-15.9457569122,-0.100370854139,0
1539875326378414984,47.467490912,carbonZ_2018-10-18-11-04-08_1_engine_failure_with_emr_traj,engine,35.9099998474,-228.664398193,1.04639708996,119,-9.47250461578,1.559030056,-76.7554702759,-0.522493004799,-15.9445590973,-0.182714298368,0
1539875326428909096,47.517985024,carbonZ_2018-10-18-11-04-08_1_engine_failure_with_emr_traj,engine,35.8999977112,-228.800201416,1.07979285717,121,-9.47250461578,1.559030056,-76.7554702759,-0.574176490307,-15.9449911118,-0.257391989231,0
1539875326451181064,47.540256992,carbonZ_2018-10-18-11-04-08_1_engine_failure_with_emr_traj,engine,35.8999977112,-228.800201416,1.07979285717,121,-9.47250461578,1.559030056,-76.7554702759,-0.598291397095,-15.9390201569,-0.331865429878,0
1539875326500863400,47.589939328,carbonZ_2018-10-18-11-04-08_1_engine_failure_with_emr_traj,engine,35.8699989319,-228.800201416,1.13545227051,122,-9.47250461578,1.559030056,-76.7554702759,-0.636269211769,-15.9261417389,-0.435803323984,0
1539875326571761096,47.660837024,carbonZ_2018-10-18-11-04-08_1_engine_failure_with_emr_traj,engine,35.8699989319,-228.800201416,1.13545227051,122,-9.47250461578,1.559030056,-76.7554702759,-0.671480238438,-15.8992195129,-0.6413859725,0
1539875326602351272,47.6914272,carbonZ_2018-10-18-11-04-08_1_engine_failure_with_emr_traj,engine,35.8299980164,-222.743408203,1.19111168385,124,-9.47250461578,1.559030056,-76.7554702759,-0.687524318695,-15.875702858,-0.760021209717,0
1539875326660905000,47.749980928,carbonZ_2018-10-18-11-04-08_1_engine_failure_with_emr_traj,engine,35.8299980164,-222.743408203,1.19111168385,124,-9.47250461578,1.559030056,-76.7554702759,-0.708764970303,-15.8347892761,-0.855376064777,0
1539875326694911688,47.783987616,carbonZ_2018-10-18-11-04-08_1_engine_failure_with_emr_traj,engine,35.75,-222.743408203,1.24677109718,125,0.635162830353,3.99672651291,-76.9831466675,-0.712981700897,-15.8083553314,-0.887460231781,0
1539875326781058504,47.870134432,carbonZ_2018-10-18-11-04-08_1_engine_failure_with_emr_traj,engine,35.6699981689,-135.483932495,1.31356239319,127,0.635162830353,3.99672651291,-76.9831466675,-0.737090885639,-15.7491731644,-0.746006906033,0
1539875326831113320,47.920189248,carbonZ_2018-10-18-11-04-08_1_engine_failure_with_emr_traj,engine,35.6699981689,-135.483932495,1.31356239319,127,0.635162830353,3.99672651291,-76.9831466675,-0.737090885639,-15.7491731644,-0.746006906033,0
1539875326858369320,47.947445248,carbonZ_2018-10-18-11-04-08_1_engine_failure_with_emr_traj,engine,35.6699981689,-135.483932495,1.31356239319,127,0.635162830353,3.99672651291,-76.9831466675,-0.772548735142,-15.7161512375,-0.56042188406,0
1539875326891146184,47.980222112,carbonZ_2018-10-18-11-04-08_1_engine_failure_with_emr_traj,engine,35.6100006104,-135.483932495,1.36922180653,128,0.635162830353,3.99672651291,-76.9831466675,-0.772548735142,-15.7161512375,-0.56042188406,0
1539875326990759560,48.079835488,carbonZ_2018-10-18-11-04-08_1_engine_failure_with_emr_traj,engine,35.6100006104,-135.483932495,1.36922180653,128,0.635162830353,3.99672651291,-76.9831466675,-0.814352333546,-15.6526584625,-0.524891734123,0
1539875327016310664,48.105386592,carbonZ_2018-10-18-11-04-08_1_engine_failure_with_emr_traj,engine,35.5699996948,-129.138946533,1.43601310253,129,0.635162830353,3.99672651291,-76.9831466675,-0.819247484207,-15.6390752792,-0.526149511337,0
1539875327059177288,48.148253216,carbonZ_2018-10-18-11-04-08_1_engine_failure_with_emr_traj,engine,35.5699996948,-129.138946533,1.43601310253,129,0.635162830353,3.99672651291,-76.9831466675,-0.839397132397,-15.5959873199,-0.494553357363,0
1539875327095625320,48.184701248,carbonZ_2018-10-18-11-04-08_1_engine_failure_with_emr_traj,engine,35.5299987793,-129.138946533,1.50280439854,131,1.63642084599,4.4042725563,-77.979927063,-0.857542455196,-15.5691308975,-0.458328932524,0
1539875327156054248,48.245130176,carbonZ_2018-10-18-11-04-08_1_engine_failure_with_emr_traj,engine,35.5299987793,-129.138946533,1.50280439854,131,1.63642084599,4.4042725563,-77.979927063,-0.864493370056,-15.509141922,-0.398935228586,0
1539875327214712104,48.303788032,carbonZ_2018-10-18-11-04-08_1_engine_failure_with_emr_traj,engine,35.5099983215,-111.848068237,1.56959569454,132,1.63642084599,4.4042725563,-77.979927063,-0.852431952953,-15.4797363281,-0.380601257086,0
1539875327259019432,48.34809536,carbonZ_2018-10-18-11-04-08_1_engine_failure_with_emr_traj,engine,35.5099983215,-111.848068237,1.56959569454,132,1.63642084599,4.4042725563,-77.979927063,-0.851694822311,-15.451004982,-0.31977301836,0
1539875327295438568,48.384514496,carbonZ_2018-10-18-11-04-08_1_engine_failure_with_emr_traj,engine,35.4899978638,-111.848068237,1.63638699055,134,1.63642084599,4.4042725563,-77.979927063,-0.852047324181,-15.4232778549,-0.274403035641,0
1539875327419546440,48.508622368,carbonZ_2018-10-18-11-04-08_1_engine_failure_with_emr_traj,engine,35.4799995422,-96.5391159058,1.70317828655,135,1.63642084599,4.4042725563,-77.979927063,-0.854192554951,-15.3283891678,-0.341618448496,0
1539875327480670216,48.569746144,carbonZ_2018-10-18-11-04-08_1_engine_failure_with_emr_traj,engine,35.4799995422,-96.5391159058,1.70317828655,135,1.63642084599,4.4042725563,-77.979927063,-0.852019429207,-15.2767133713,-0.354268968105,0
1539875327520879304,48.609955232,carbonZ_2018-10-18-11-04-08_1_engine_failure_with_emr_traj,engine,35.469997406,-96.5391159058,1.78110146523,137,2.72944664955,4.56101226807,-76.822593689,-0.826486587524,-15.2437162399,-0.344965696335,0
1539875327585991784,48.675067712,carbonZ_2018-10-18-11-04-08_1_engine_failure_with_emr_traj,engine,35.469997406,-96.5391159058,1.78110146523,137,2.72944664955,4.56101226807,-76.822593689,-0.798170745373,-15.1986322403,-0.228879868984,0
1539875327612306664,48.701382592,carbonZ_2018-10-18-11-04-08_1_engine_failure_with_emr_traj,engine,35.4599990845,-83.2361221313,1.83676099777,138,2.72944664955,4.56101226807,-76.822593689,-0.780158698559,-15.1852521896,-0.178767681122,0
1539875327653224136,48.742300064,carbonZ_2018-10-18-11-04-08_1_engine_failure_with_emr_traj,engine,35.4599990845,-83.2361221313,1.83676099777,138,2.72944664955,4.56101226807,-76.822593689,-0.74513232708,-15.1607971191,-0.084226809442,0
1539875327679064200,48.768140128,carbonZ_2018-10-18-11-04-08_1_engine_failure_with_emr_traj,engine,35.4599990845,-83.2361221313,1.83676099777,138,2.72944664955,4.56101226807,-76.822593689,-0.72125774622,-15.1393661499,0.0281682442874,0
1539875327768738184,48.857814112,carbonZ_2018-10-18-11-04-08_1_engine_failure_with_emr_traj,engine,35.469997406,-83.2361221313,1.90355229378,140,2.72944664955,4.56101226807,-76.822593689,-0.647318065166,-15.0908336639,0.119622126222,0
1539875327781453480,48.870529408,carbonZ_2018-10-18-11-04-08_1_engine_failure_with_emr_traj,engine,35.469997406,-83.2361221313,1.90355229378,140,2.72944664955,4.56101226807,-76.822593689,-0.637283086777,-15.0809469223,0.121077977121,0
1539875327864692968,48.953768896,carbonZ_2018-10-18-11-04-08_1_engine_failure_with_emr_traj,engine,35.4899978638,-78.4141540527,1.94807982445,141,2.72944664955,4.56101226807,-76.822593689,-0.591650605202,-15.0236310959,0.00123327260371,0
1539875327901900616,48.990976544,carbonZ_2018-10-18-11-04-08_1_engine_failure_with_emr_traj,engine,35.5099983215,-78.4141540527,1.98147547245,142,4.95693016052,5.0250711441,-77.6145172119,-0.592408239841,-14.9975538254,-0.07534904778,0
1539875327992863560,49.081939488,carbonZ_2018-10-18-11-04-08_1_engine_failure_with_emr_traj,engine,35.5099983215,-78.4141540527,1.98147547245,142,4.95693016052,5.0250711441,-77.6145172119,-0.599912822247,-14.9552593231,-0.178477793932,0
1539875328040057256,49.129133184,carbonZ_2018-10-18-11-04-08_1_engine_failure_with_emr_traj,engine,35.5200004578,-67.2433853149,2.01487112045,144,4.95693016052,5.0250711441,-77.6145172119,-0.600323796272,-14.9320430756,-0.222192794085,0
1539875328083136520,49.172212448,carbonZ_2018-10-18-11-04-08_1_engine_failure_with_emr_traj,engine,35.5200004578,-67.2433853149,2.01487112045,144,4.95693016052,5.0250711441,-77.6145172119,-0.608477652073,-14.9156894684,-0.234607324004,0
1539875328142287336,49.231363264,carbonZ_2018-10-18-11-04-08_1_engine_failure_with_emr_traj,engine,35.5099983215,-67.2433853149,2.05939865112,145,4.95693016052,5.0250711441,-77.6145172119,-0.618880152702,-14.8987197876,-0.222169891,0
1539875328175827400,49.264903328,carbonZ_2018-10-18-11-04-08_1_engine_failure_with_emr_traj,engine,35.5099983215,-67.2433853149,2.05939865112,145,4.95693016052,5.0250711441,-77.6145172119,-0.626473963261,-14.890001297,-0.192801043391,0
1539875328237625864,49.326701792,carbonZ_2018-10-18-11-04-08_1_engine_failure_with_emr_traj,engine,35.5,-58.2307815552,2.10392618179,147,4.95693016052,5.0250711441,-77.6145172119,-0.638225853443,-14.8840284348,-0.0476398952305,0
1539875328290989384,49.380065312,carbonZ_2018-10-18-11-04-08_1_engine_failure_with_emr_traj,engine,35.5,-58.2307815552,2.10392618179,147,4.95693016052,5.0250711441,-77.6145172119,-0.636814653873,-14.88580513,0.0655080899596,0
1539875328338063784,49.427139712,carbonZ_2018-10-18-11-04-08_1_engine_failure_with_emr_traj,engine,35.5,-58.2307815552,2.14845371246,148,2.31720209122,4.17675495148,-77.0078964233,-0.637661933899,-14.8817825317,0.252047330141,0
1539875328403226856,49.492302784,carbonZ_2018-10-18-11-04-08_1_engine_failure_with_emr_traj,engine,35.5299987793,-48.0871200562,2.19298124313,149,2.31720209122,4.17675495148,-77.0078964233,-0.622470676899,-14.8737049103,0.317180335522,0
1539875328460526280,49.549602208,carbonZ_2018-10-18-11-04-08_1_engine_failure_with_emr_traj,engine,35.5299987793,-48.0871200562,2.19298124313,149,2.31720209122,4.17675495148,-77.0078964233,-0.618028342724,-14.8679771423,0.35528203845,0
1539875328475155688,49.564231616,carbonZ_2018-10-18-11-04-08_1_engine_failure_with_emr_traj,engine,35.5299987793,-48.0871200562,2.19298124313,149,2.31720209122,4.17675495148,-77.0078964233,-0.603385686874,-14.8637886047,0.365415096283,0
1539875328570541800,49.659617728,carbonZ_2018-10-18-11-04-08_1_engine_failure_with_emr_traj,engine,35.5699996948,-48.0871200562,2.24864077568,151,2.31720209122,4.17675495148,-77.0078964233,-0.571401119232,-14.8467197418,0.398993998766,0
1539875328608520584,49.697596512,carbonZ_2018-10-18-11-04-08_1_engine_failure_with_emr_traj,engine,35.6300010681,-47.8597640991,2.29316830635,152,2.31720209122,4.17675495148,-77.0078964233,-0.538596212864,-14.8348255157,0.376808404922,0
1539875328623662312,49.71273824,carbonZ_2018-10-18-11-04-08_1_engine_failure_with_emr_traj,engine,35.6300010681,-47.8597640991,2.29316830635,152,2.31720209122,4.17675495148,-77.0078964233,-0.538596212864,-14.8348255157,0.376808404922,0
1539875328644102536,49.733178464,carbonZ_2018-10-18-11-04-08_1_engine_failure_with_emr_traj,engine,35.6300010681,-47.8597640991,2.29316830635,152,2.31720209122,4.17675495148,-77.0078964233,-0.527442336082,-14.8296928406,0.353032290936,0
1539875328701627112,49.79070304,carbonZ_2018-10-18-11-04-08_1_engine_failure_with_emr_traj,engine,35.6800003052,-47.8597640991,2.32656383514,154,3.56850242615,4.01671218872,-75.9807891846,-0.440306276083,-14.78444767,0.158630803227,0
1539875328780992936,49.870068864,carbonZ_2018-10-18-11-04-08_1_engine_failure_with_emr_traj,engine,35.6800003052,-47.8597640991,2.32656383514,154,3.56850242615,4.01671218872,-75.9807891846,-0.397820562124,-14.7695655823,0.0702323764563,0
1539875328811601160,49.900677088,carbonZ_2018-10-18-11-04-08_1_engine_failure_with_emr_traj,engine,35.7000007629,-47.4924087524,2.35995960236,155,3.56850242615,4.01671218872,-75.9807891846,-0.35953733325,-14.7493772507,0.0237690992653,0
1539875328878859432,49.96793536,carbonZ_2018-10-18-11-04-08_1_engine_failure_with_emr_traj,engine,35.7099990845,-47.4924087524,2.38222336769,156,3.56850242615,4.01671218872,-75.9807891846,-0.269213199615,-14.7160930634,-0.0493396893144,0
1539875328917578184,50.006654112,carbonZ_2018-10-18-11-04-08_1_engine_failure_with_emr_traj,engine,35.7099990845,-47.4924087524,2.38222336769,156,3.56850242615,4.01671218872,-75.9807891846,-0.239426314831,-14.6999502182,-0.0725544318557,0
1539875328992100872,50.0811768,carbonZ_2018-10-18-11-04-08_1_engine_failure_with_emr_traj,engine,35.7099990845,-47.4924087524,2.38222336769,156,3.56850242615,4.01671218872,-75.9807891846,-0.194678008556,-14.6765756607,-0.172144040465,0
1539875329010627112,50.09970304,carbonZ_2018-10-18-11-04-08_1_engine_failure_with_emr_traj,engine,35.7000007629,-42.7911758423,2.39335513115,158,3.56850242615,4.01671218872,-75.9807891846,-0.178147420287,-14.6692943573,-0.211571484804,0
1539875329068618344,50.157694272,carbonZ_2018-10-18-11-04-08_1_engine_failure_with_emr_traj,engine,35.7000007629,-42.7911758423,2.39335513115,158,3.56850242615,4.01671218872,-75.9807891846,-0.158970549703,-14.6425457001,-0.364866167307,0
1539875329092661224,50.181737152,carbonZ_2018-10-18-11-04-08_1_engine_failure_with_emr_traj,engine,35.6699981689,-42.7911758423,2.39335513115,159,4.76444244385,5.06205654144,-79.5918884277,-0.15821416676,-14.6357622147,-0.414241582155,0
1539875329173562568,50.262638496,carbonZ_2018-10-18-11-04-08_1_engine_failure_with_emr_traj,engine,35.6699981689,-42.7911758423,2.39335513115,159,4.76444244385,5.06205654144,-79.5918884277,-0.153808861971,-14.6062765121,-0.581442594528,0
1539875329188169064,50.277244992,carbonZ_2018-10-18-11-04-08_1_engine_failure_with_emr_traj,engine,35.6699981689,-42.7911758423,2.39335513115,159,4.76444244385,5.06205654144,-79.5918884277,-0.153808861971,-14.6062765121,-0.581442594528,0
1539875329215381544,50.304457472,carbonZ_2018-10-18-11-04-08_1_engine_failure_with_emr_traj,engine,35.6199989319,-38.1902694702,2.39335513115,161,4.76444244385,5.06205654144,-79.5918884277,-0.185891106725,-14.5883340836,-0.655479073524,0
1539875329273633448,50.362709376,carbonZ_2018-10-18-11-04-08_1_engine_failure_with_emr_traj,engine,35.6199989319,-38.1902694702,2.39335513115,161,4.76444244385,5.06205654144,-79.5918884277,-0.229237809777,-14.5747289658,-0.744768381119,0
1539875329346005704,50.435081632,carbonZ_2018-10-18-11-04-08_1_engine_failure_with_emr_traj,engine,35.5499992371,-38.1902694702,2.39335513115,162,4.76444244385,5.06205654144,-79.5918884277,-0.288183897734,-14.5669193268,-0.834636092186,0
1539875329360705096,50.449781024,carbonZ_2018-10-18-11-04-08_1_engine_failure_with_emr_traj,engine,35.5499992371,-38.1902694702,2.39335513115,162,4.76444244385,5.06205654144,-79.5918884277,-0.288183897734,-14.5669193268,-0.834636092186,0
1539875329417324680,50.506400608,carbonZ_2018-10-18-11-04-08_1_engine_failure_with_emr_traj,engine,35.469997406,-27.0812988281,2.41561889648,163,4.76444244385,5.06205654144,-79.5918884277,-0.298141390085,-14.566403389,-0.850464463234,0
1539875329459493608,50.548569536,carbonZ_2018-10-18-11-04-08_1_engine_failure_with_emr_traj,engine,35.469997406,-27.0812988281,2.41561889648,163,1.49049460888,4.73062801361,-80.6248626709,-0.357501029968,-14.571803093,-0.811800539494,0
1539875329508780200,50.597856128,carbonZ_2018-10-18-11-04-08_1_engine_failure_with_emr_traj,engine,35.3800010681,-27.0812988281,2.4490146637,165,1.49049460888,4.73062801361,-80.6248626709,-0.365464985371,-14.5750322342,-0.797273993492,0
1539875329560003400,50.649079328,carbonZ_2018-10-18-11-04-08_1_engine_failure_with_emr_traj,engine,35.3800010681,-27.0812988281,2.4490146637,165,1.49049460888,4.73062801361,-80.6248626709,-0.388474106789,-14.5861845016,-0.731300055981,0
1539875329602015720,50.691091648,carbonZ_2018-10-18-11-04-08_1_engine_failure_with_emr_traj,engine,35.2999992371,-26.7778396606,2.48241019249,166,1.49049460888,4.73062801361,-80.6248626709,-0.409385710955,-14.5940179825,-0.650447309017,0
1539875329662199816,50.751275744,carbonZ_2018-10-18-11-04-08_1_engine_failure_with_emr_traj,engine,35.2999992371,-26.7778396606,2.48241019249,166,1.49049460888,4.73062801361,-80.6248626709,-0.403825283051,-14.6001625061,-0.62622576952,0
1539875329701151048,50.790226976,carbonZ_2018-10-18-11-04-08_1_engine_failure_with_emr_traj,engine,35.2299995422,-26.7778396606,2.52693772316,167,1.49049460888,4.73062801361,-80.6248626709,-0.401562213898,-14.608669281,-0.567414879799,0
1539875329782880840,50.871956768,carbonZ_2018-10-18-11-04-08_1_engine_failure_with_emr_traj,engine,35.2299995422,-26.7778396606,2.52693772316,167,1.49049460888,4.73062801361,-80.6248626709,-0.376731187105,-14.6308059692,-0.398751139641,0
1539875329821094056,50.910169984,carbonZ_2018-10-18-11-04-08_1_engine_failure_with_emr_traj,engine,35.1800003052,-32.6772689819,2.57146525383,169,1.49049460888,4.73062801361,-80.6248626709,-0.368594765663,-14.6391468048,-0.356222718954,0
1539875329867781416,50.956857344,carbonZ_2018-10-18-11-04-08_1_engine_failure_with_emr_traj,engine,35.1800003052,-32.6772689819,2.57146525383,169,1.49049460888,4.73062801361,-80.6248626709,-0.348949164152,-14.6618566513,-0.161462545395,0
1539875329879402728,50.968478656,carbonZ_2018-10-18-11-04-08_1_engine_failure_with_emr_traj,engine,35.1800003052,-32.6772689819,2.57146525383,169,1.49049460888,4.73062801361,-80.6248626709,-0.337933093309,-14.668926239,-0.097545966506,0
1539875329953512264,51.042588192,carbonZ_2018-10-18-11-04-08_1_engine_failure_with_emr_traj,engine,35.1599998474,-32.6772689819,2.6159927845,170,6.42298078537,2.88750600815,-78.1712188721,-0.293196618557,-14.6957778931,0.0580635219812,0
1539875329980996872,51.0700728,carbonZ_2018-10-18-11-04-08_1_engine_failure_with_emr_traj,engine,35.1699981689,-30.1168441772,2.64938855171,172,6.42298078537,2.88750600815,-78.1712188721,-0.256334483624,-14.7177286148,0.200214222074,0
1539875330045741320,51.134817248,carbonZ_2018-10-18-11-04-08_1_engine_failure_with_emr_traj,engine,35.1699981689,-30.1168441772,2.64938855171,172,6.42298078537,2.88750600815,-78.1712188721,-0.209804847836,-14.7296257019,0.236280530691,0
1539875330054247784,51.143323712,carbonZ_2018-10-18-11-04-08_1_engine_failure_with_emr_traj,engine,35.1699981689,-30.1168441772,2.64938855171,172,6.42298078537,2.88750600815,-78.1712188721,-0.186448603868,-14.7357702255,0.24737457931,0
1539875330095901384,51.184977312,carbonZ_2018-10-18-11-04-08_1_engine_failure_with_emr_traj,engine,35.2000007629,-30.1168441772,2.66052031517,173,6.42298078537,2.88750600815,-78.1712188721,-0.150978058577,-14.747300148,0.271650761366,0
1539875330176281096,51.265357024,carbonZ_2018-10-18-11-04-08_1_engine_failure_with_emr_traj,engine,35.2000007629,-30.1168441772,2.66052031517,173,6.42298078537,2.88750600815,-78.1712188721,-0.0838457420468,-14.762550354,0.305905759335,0
1539875330207093096,51.296169024,carbonZ_2018-10-18-11-04-08_1_engine_failure_with_emr_traj,engine,35.2399978638,-38.4447097778,2.67165231705,175,6.42298078537,2.88750600815,-78.1712188721,-0.0317557156086,-14.7734422684,0.328071057796,0
1539875330254341224,51.343417152,carbonZ_2018-10-18-11-04-08_1_engine_failure_with_emr_traj,engine,35.2399978638,-38.4447097778,2.67165231705,175,6.42298078537,2.88750600815,-78.1712188721,0.02100786753,-14.7914018631,0.399958670139,0
1539875330300553160,51.389629088,carbonZ_2018-10-18-11-04-08_1_engine_failure_with_emr_traj,engine,35.2900009155,-38.4447097778,2.67165231705,176,6.42298078537,2.88750600815,-78.1712188721,0.0764079168439,-14.7994651794,0.421196430922,0
1539875330420507784,51.509583712,carbonZ_2018-10-18-11-04-08_1_engine_failure_with_emr_traj,engine,35.3400001526,-52.003288269,2.64938855171,177,10.2581863403,3.06147694588,-78.672668457,0.192167237401,-14.8239183426,0.428398191929,0
1539875330465156008,51.554231936,carbonZ_2018-10-18-11-04-08_1_engine_failure_with_emr_traj,engine,35.3400001526,-52.003288269,2.64938855171,177,10.2581863403,3.06147694588,-78.672668457,0.267464667559,-14.8377637863,0.42738083005,0
1539875330510157192,51.59923312,carbonZ_2018-10-18-11-04-08_1_engine_failure_with_emr_traj,engine,35.3899993896,-52.003288269,2.6159927845,179,10.2581863403,3.06147694588,-78.672668457,0.305469959974,-14.8455410004,0.429001063108,0
1539875330589742568,51.678818496,carbonZ_2018-10-18-11-04-08_1_engine_failure_with_emr_traj,engine,35.3899993896,-52.003288269,2.6159927845,179,10.2581863403,3.06147694588,-78.672668457,0.405491858721,-14.8566856384,0.398887962103,0
1539875330605902152,51.69497808,carbonZ_2018-10-18-11-04-08_1_engine_failure_with_emr_traj,engine,35.4300003052,-56.1275482178,2.57146525383,180,10.2581863403,3.06147694588,-78.672668457,0.426018685102,-14.8616199493,0.388730198145,0
1539875330647434728,51.736510656,carbonZ_2018-10-18-11-04-08_1_engine_failure_with_emr_traj,engine,35.4300003052,-56.1275482178,2.57146525383,180,10.2581863403,3.06147694588,-78.672668457,0.458190530539,-14.8702611923,0.388758927584,0
1539875330708829640,51.797905568,carbonZ_2018-10-18-11-04-08_1_engine_failure_with_emr_traj,engine,35.4799995422,-56.1275482178,2.52693772316,182,10.2581863403,3.06147694588,-78.672668457,0.515278279781,-14.8839979172,0.373919665813,0
1539875330749396040,51.838471968,carbonZ_2018-10-18-11-04-08_1_engine_failure_with_emr_traj,engine,35.4799995422,-56.1275482178,2.52693772316,182,10.2581863403,3.06147694588,-78.672668457,0.555551409721,-14.8962936401,0.353614091873,0
1539875330785876456,51.874952384,carbonZ_2018-10-18-11-04-08_1_engine_failure_with_emr_traj,engine,35.4799995422,-56.1275482178,2.52693772316,182,7.38361310959,3.42160630226,-78.6752471924,0.586322128773,-14.9101629257,0.324753433466,0
1539875330811676392,51.90075232,carbonZ_2018-10-18-11-04-08_1_engine_failure_with_emr_traj,engine,35.5099983215,-61.4137649536,2.46014642715,183,7.38361310959,3.42160630226,-78.6752471924,0.598665714264,-14.9162454605,0.309620827436,0
1539875330866624392,51.95570032,carbonZ_2018-10-18-11-04-08_1_engine_failure_with_emr_traj,engine,35.5099983215,-61.4137649536,2.46014642715,183,7.38361310959,3.42160630226,-78.6752471924,0.644038140774,-14.9339838028,0.262004584074,0
1539875330897088008,51.986163936,carbonZ_2018-10-18-11-04-08_1_engine_failure_with_emr_traj,engine,35.5400009155,-61.4137649536,2.39335513115,185,7.38361310959,3.42160630226,-78.6752471924,0.674910485744,-14.9494962692,0.243253067136,0
1539875331015711432,52.10478736,carbonZ_2018-10-18-11-04-08_1_engine_failure_with_emr_traj,engine,35.5499992371,-75.1251220703,2.31543207169,186,7.38361310959,3.42160630226,-78.6752471924,0.721545100212,-14.9944314957,0.221687659621,0
1539875331101044648,52.190120576,carbonZ_2018-10-18-11-04-08_1_engine_failure_with_emr_traj,engine,35.5699996948,-75.1251220703,2.2375087738,187,6.27016496658,3.55705404282,-78.5235824585,0.777713358402,-15.0324716568,0.164566218853,0
1539875331150830024,52.239905952,carbonZ_2018-10-18-11-04-08_1_engine_failure_with_emr_traj,engine,35.5699996948,-75.1251220703,2.2375087738,187,6.27016496658,3.55705404282,-78.5235824585,0.780292749405,-15.0475635529,0.141912922263,0
1539875331187317032,52.27639296,carbonZ_2018-10-18-11-04-08_1_engine_failure_with_emr_traj,engine,35.5699996948,-75.1251220703,2.2375087738,187,6.27016496658,3.55705404282,-78.5235824585,0.789071261883,-15.0632314682,0.101734578609,0
1539875331253440232,52.34251616,carbonZ_2018-10-18-11-04-08_1_engine_failure_with_emr_traj,engine,35.5699996948,-81.5958023071,2.15958571434,189,6.27016496658,3.55705404282,-78.5235824585,0.792241156101,-15.0992698669,0.0326322130859,0
1539875331292818152,52.38189408,carbonZ_2018-10-18-11-04-08_1_engine_failure_with_emr_traj,engine,35.5699996948,-81.5958023071,2.15958571434,189,6.27016496658,3.55705404282,-78.5235824585,0.788024663925,-15.1089630127,0.0196928270161,0
1539875331363504936,52.452580864,carbonZ_2018-10-18-11-04-08_1_engine_failure_with_emr_traj,engine,35.5699996948,-81.5958023071,2.07053041458,190,2.82794260979,3.62698316574,-78.2182846069,0.773667573929,-15.143198967,-0.107194572687,0
1539875331392520008,52.481595936,carbonZ_2018-10-18-11-04-08_1_engine_failure_with_emr_traj,engine,35.5499992371,-91.9296264648,1.99260735512,192,2.82794260979,3.62698316574,-78.2182846069,0.75313603878,-15.16157341,-0.200000554323,0
1539875331481391816,52.570467744,carbonZ_2018-10-18-11-04-08_1_engine_failure_with_emr_traj,engine,35.5499992371,-91.9296264648,1.99260735512,192,2.82794260979,3.62698316574,-78.2182846069,0.681146621704,-15.197561264,-0.377901613712,0
1539875331538589448,52.627665376,carbonZ_2018-10-18-11-04-08_1_engine_failure_with_emr_traj,engine,35.5200004578,-91.9296264648,1.92581605911,193,2.82794260979,3.62698316574,-78.2182846069,0.597403585911,-15.2305908203,-0.626173138618,0
1539875331613795048,52.702870976,carbonZ_2018-10-18-11-04-08_1_engine_failure_with_emr_traj,engine,35.4599990845,-93.3959960938,1.87015664577,195,2.82794260979,3.62698316574,-78.2182846069,0.511375010014,-15.254784584,-0.753691613674,0
1539875331665779432,52.75485536,carbonZ_2018-10-18-11-04-08_1_engine_failure_with_emr_traj,engine,35.4599990845,-93.3959960938,1.87015664577,195,2.82794260979,3.62698316574,-78.2182846069,0.453464359045,-15.2677993774,-0.839448690414,0
1539875331714640968,52.803716896,carbonZ_2018-10-18-11-04-08_1_engine_failure_with_emr_traj,engine,35.3699989319,-93.3959960938,1.8256291151,196,2.82794260979,3.62698316574,-78.2182846069,0.30207324028,-15.3010950089,-1.08080768585,0
1539875331773525480,52.862601408,carbonZ_2018-10-18-11-04-08_1_engine_failure_with_emr_traj,engine,35.3699989319,-93.3959960938,1.8256291151,196,2.82794260979,3.62698316574,-78.2182846069,0.30207324028,-15.3010950089,-1.08080768585,0
1539875331795985256,52.885061184,carbonZ_2018-10-18-11-04-08_1_engine_failure_with_emr_traj,engine,35.3699989319,-93.3959960938,1.8256291151,196,-7.13587856293,5.25892114639,-78.5225753784,0.220118895173,-15.3149280548,-1.17329585552,0
1539875331849792008,52.938867936,carbonZ_2018-10-18-11-04-08_1_engine_failure_with_emr_traj,engine,35.2399978638,-104.487419128,1.81449723244,198,-7.13587856293,5.25892114639,-78.5225753784,0.0991345643997,-15.3360071182,-1.307112813,0
1539875331894214760,52.983290688,carbonZ_2018-10-18-11-04-08_1_engine_failure_with_emr_traj,engine,35.0900001526,-104.487419128,1.81449723244,199,-7.13587856293,5.25892114639,-78.5225753784,-0.0117149893194,-15.3578996658,-1.40323126316,0
1539875331982822312,53.07189824,carbonZ_2018-10-18-11-04-08_1_engine_failure_with_emr_traj,engine,35.0900001526,-104.487419128,1.81449723244,199,-7.13587856293,5.25892114639,-78.5225753784,-0.159491673112,-15.3742074966,-1.50661349297,0
1539875332061566280,53.150642208,carbonZ_2018-10-18-11-04-08_1_engine_failure_with_emr_traj,engine,34.9099998474,-98.996925354,1.83676099777,201,-7.13587856293,5.25892114639,-78.5225753784,-0.290110588074,-15.3860683441,-1.5860080719,0
1539875332098094792,53.18717072,carbonZ_2018-10-18-11-04-08_1_engine_failure_with_emr_traj,engine,34.7299995422,-98.996925354,1.88128852844,202,-5.28716182709,5.63994693756,-80.3541793823,-0.328163087368,-15.3873443604,-1.59821546078,0
1539875332168197928,53.257273856,carbonZ_2018-10-18-11-04-08_1_engine_failure_with_emr_traj,engine,34.7299995422,-98.996925354,1.88128852844,202,-5.28716182709,5.63994693756,-80.3541793823,-0.467960894108,-15.3832902908,-1.84532523155,0
1539875332176469256,53.265545184,carbonZ_2018-10-18-11-04-08_1_engine_failure_with_emr_traj,engine,34.7299995422,-98.996925354,1.88128852844,202,-5.28716182709,5.63994693756,-80.3541793823,-0.507679998875,-15.3814573288,-1.92655014992,0
1539875332261567304,53.350643232,carbonZ_2018-10-18-11-04-08_1_engine_failure_with_emr_traj,engine,34.5299987793,-99.3757247925,1.93694794178,204,-5.28716182709,5.63994693756,-80.3541793823,-0.642157077789,-15.3748979568,-2.10773658752,0
1539875332283746920,53.372822848,carbonZ_2018-10-18-11-04-08_1_engine_failure_with_emr_traj,engine,34.5299987793,-99.3757247925,1.93694794178,204,-5.28716182709,5.63994693756,-80.3541793823,-0.669015944004,-15.3725910187,-2.14375114441,0
1539875332317315560,53.406391488,carbonZ_2018-10-18-11-04-08_1_engine_failure_with_emr_traj,engine,34.2999992371,-99.3757247925,2.01487112045,205,-5.28716182709,5.63994693756,-80.3541793823,-0.735724329948,-15.3698978424,-2.1790831089,0
1539875332362493992,53.45156992,carbonZ_2018-10-18-11-04-08_1_engine_failure_with_emr_traj,engine,34.2999992371,-99.3757247925,2.01487112045,205,-5.28716182709,5.63994693756,-80.3541793823,-0.790745437145,-15.3603458405,-2.28304314613,0
1539875332414018216,53.503094144,carbonZ_2018-10-18-11-04-08_1_engine_failure_with_emr_traj,engine,34.0499992371,-97.5406646729,2.10392618179,207,-5.28716182709,5.63994693756,-80.3541793823,-0.832405030727,-15.3524513245,-2.40137934685,0
1539875332457443368,53.546519296,carbonZ_2018-10-18-11-04-08_1_engine_failure_with_emr_traj,engine,34.0499992371,-97.5406646729,2.10392618179,207,-5.28716182709,5.63994693756,-80.3541793823,-0.903649151325,-15.336774826,-2.47290301323,0
1539875332491543144,53.580619072,carbonZ_2018-10-18-11-04-08_1_engine_failure_with_emr_traj,engine,33.7799987793,-97.5406646729,2.20411324501,208,1.38586592674,5.1170797348,-80.7855377197,-0.946492910385,-15.3132762909,-2.47102093697,0
1539875332564761544,53.653837472,carbonZ_2018-10-18-11-04-08_1_engine_failure_with_emr_traj,engine,33.7799987793,-97.5406646729,2.20411324501,208,1.38586592674,5.1170797348,-80.7855377197,-0.94875729084,-15.3050613403,-2.44063878059,0
1539875332612732360,53.701808288,carbonZ_2018-10-18-11-04-08_1_engine_failure_with_emr_traj,engine,33.5200004578,-87.8313064575,2.31543207169,210,1.38586592674,5.1170797348,-80.7855377197,-0.96991699934,-15.2907123566,-2.37286305428,0
1539875332665283144,53.754359072,carbonZ_2018-10-18-11-04-08_1_engine_failure_with_emr_traj,engine,33.5200004578,-87.8313064575,2.31543207169,210,1.38586592674,5.1170797348,-80.7855377197,-0.982967376709,-15.2732782364,-2.32166218758,0
1539875332677091880,53.766167808,carbonZ_2018-10-18-11-04-08_1_engine_failure_with_emr_traj,engine,33.5200004578,-87.8313064575,2.31543207169,210,1.38586592674,5.1170797348,-80.7855377197,-0.982967376709,-15.2732782364,-2.32166218758,0
1539875332717357736,53.806433664,carbonZ_2018-10-18-11-04-08_1_engine_failure_with_emr_traj,engine,33.2599983215,-87.8313064575,2.43788266182,211,1.38586592674,5.1170797348,-80.7855377197,-1.00031661987,-15.2497215271,-2.31300187111,0
1539875332773449320,53.862525248,carbonZ_2018-10-18-11-04-08_1_engine_failure_with_emr_traj,engine,33.2599983215,-87.8313064575,2.43788266182,211,1.38586592674,5.1170797348,-80.7855377197,-1.00978672504,-15.2374563217,-2.25034117699,0
1539875332820446696,53.909522624,carbonZ_2018-10-18-11-04-08_1_engine_failure_with_emr_traj,engine,33.0099983215,-77.0685195923,2.54920148849,213,1.38586592674,5.1170797348,-80.7855377197,-1.0193157196,-15.2143983841,-2.19413542747,0
1539875332874579368,53.963655296,carbonZ_2018-10-18-11-04-08_1_engine_failure_with_emr_traj,engine,33.0099983215,-77.0685195923,2.54920148849,213,1.38586592674,5.1170797348,-80.7855377197,-1.01294493675,-15.1898641586,-2.15164422989,0
1539875332913395400,54.002471328,carbonZ_2018-10-18-11-04-08_1_engine_failure_with_emr_traj,engine,32.7799987793,-77.0685195923,2.66052031517,214,3.41125893593,2.6873588562,-78.2883071899,-1.0067409277,-15.1801052094,-2.17435002327,0
1539875332966591208,54.055667136,carbonZ_2018-10-18-11-04-08_1_engine_failure_with_emr_traj,engine,32.7799987793,-77.0685195923,2.66052031517,214,3.41125893593,2.6873588562,-78.2883071899,-0.981103539467,-15.1447257996,-2.18123793602,0
1539875333028193192,54.11726912,carbonZ_2018-10-18-11-04-08_1_engine_failure_with_emr_traj,engine,32.5400009155,-69.1165924072,2.76070737839,216,3.41125893593,2.6873588562,-78.2883071899,-0.949537694454,-15.1052522659,-2.16931629181,0
1539875333066735528,54.155811456,carbonZ_2018-10-18-11-04-08_1_engine_failure_with_emr_traj,engine,32.5400009155,-69.1165924072,2.76070737839,216,3.41125893593,2.6873588562,-78.2883071899,-0.918815553188,-15.0894594193,-2.0886759758,0
1539875333103619080,54.192695008,carbonZ_2018-10-18-11-04-08_1_engine_failure_with_emr_traj,engine,32.3099975586,-69.1165924072,2.8608944416,217,3.41125893593,2.6873588562,-78.2883071899,-0.884472548962,-15.0543880463,-1.98398244381,0
1539875333153895720,54.242971648,carbonZ_2018-10-18-11-04-08_1_engine_failure_with_emr_traj,engine,32.3099975586,-69.1165924072,2.8608944416,217,3.41125893593,2.6873588562,-78.2883071899,-0.819588065147,-15.0080213547,-1.96375966072,0
1539875333200577096,54.289653024,carbonZ_2018-10-18-11-04-08_1_engine_failure_with_emr_traj,engine,32.0999984741,-62.62550354,2.93881750107,219,3.41125893593,2.6873588562,-78.2883071899,-0.774819195271,-14.9714593887,-1.85901510715,0
1539875333261642344,54.350718272,carbonZ_2018-10-18-11-04-08_1_engine_failure_with_emr_traj,engine,32.0999984741,-62.62550354,2.93881750107,219,3.41125893593,2.6873588562,-78.2883071899,-0.748709499836,-14.9363279343,-1.6136507988,0
1539875333301554216,54.390630144,carbonZ_2018-10-18-11-04-08_1_engine_failure_with_emr_traj,engine,31.8999996185,-62.62550354,3.00560879707,220,3.41125893593,2.6873588562,-78.2883071899,-0.734968602657,-14.9227190018,-1.54756700993,0
1539875333380210760,54.469286688,carbonZ_2018-10-18-11-04-08_1_engine_failure_with_emr_traj,engine,31.8999996185,-62.62550354,3.00560879707,220,8.49017810822,1.07907783985,-79.4982528687,-0.679184794426,-14.8807497025,-1.41635644436,0
1539875333392165896,54.481241824,carbonZ_2018-10-18-11-04-08_1_engine_failure_with_emr_traj,engine,31.7399997711,-52.561378479,3.07240009308,222,8.49017810822,1.07907783985,-79.4982528687,-0.657419025898,-14.8716363907,-1.34387040138,0
1539875333465045416,54.554121344,carbonZ_2018-10-18-11-04-08_1_engine_failure_with_emr_traj,engine,31.7399997711,-52.561378479,3.07240009308,222,8.49017810822,1.07907783985,-79.4982528687,-0.635688066483,-14.8368091583,-1.07479906082,0
1539875333562255752,54.65133168,carbonZ_2018-10-18-11-04-08_1_engine_failure_with_emr_traj,engine,31.609998703,-52.561378479,3.11692762375,223,8.49017810822,1.07907783985,-79.4982528687,-0.637549161911,-14.7761774063,-0.660707473755,0
1539875333627700456,54.716776384,carbonZ_2018-10-18-11-04-08_1_engine_failure_with_emr_traj,engine,31.5299987793,-41.0829544067,3.16145515442,224,8.49017810822,1.07907783985,-79.4982528687,-0.652642607689,-14.7562398911,-0.476894974709,0
1539875333679297160,54.768373088,carbonZ_2018-10-18-11-04-08_1_engine_failure_with_emr_traj,engine,31.5299987793,-41.0829544067,3.16145515442,224,8.49017810822,1.07907783985,-79.4982528687,-0.663716435432,-14.7224769592,-0.313500285149,0
1539875333710566440,54.799642368,carbonZ_2018-10-18-11-04-08_1_engine_failure_with_emr_traj,engine,31.4799995422,-41.0829544067,3.21711468697,226,8.49017810822,1.07907783985,-79.4982528687,-0.660392820835,-14.7138547897,-0.221094295382,0
1539875333760848104,54.849924032,carbonZ_2018-10-18-11-04-08_1_engine_failure_with_emr_traj,engine,31.4799995422,-41.0829544067,3.21711468697,226,3.73627090454,-0.749948084354,-80.3319778442,-0.672698795795,-14.6830978394,-0.0584865137935,0
1539875333788293064,54.877368992,carbonZ_2018-10-18-11-04-08_1_engine_failure_with_emr_traj,engine,31.4599990845,-32.0199966431,3.28390598297,227,3.73627090454,-0.749948084354,-80.3319778442,-0.666190207005,-14.6779689789,-0.0184176135808,0
1539875333824207176,54.913283104,carbonZ_2018-10-18-11-04-08_1_engine_failure_with_emr_traj,engine,31.4599990845,-32.0199966431,3.28390598297,227,3.73627090454,-0.749948084354,-80.3319778442,-0.658695697784,-14.6608438492,0.0451311394572,0
1539875333880826696,54.969902624,carbonZ_2018-10-18-11-04-08_1_engine_failure_with_emr_traj,engine,31.4599990845,-32.0199966431,3.28390598297,227,3.73627090454,-0.749948084354,-80.3319778442,-0.645010590553,-14.6361846924,0.140928447247,0
1539875333904436200,54.993512128,carbonZ_2018-10-18-11-04-08_1_engine_failure_with_emr_traj,engine,31.4699993134,-32.0199966431,3.3395652771,229,3.73627090454,-0.749948084354,-80.3319778442,-0.625477612019,-14.6279993057,0.18470467627,0
1539875333948650344,55.037726272,carbonZ_2018-10-18-11-04-08_1_engine_failure_with_emr_traj,engine,31.4699993134,-32.0199966431,3.3395652771,229,3.73627090454,-0.749948084354,-80.3319778442,-0.57024282217,-14.6097536087,0.285040467978,0
1539875333997756360,55.086832288,carbonZ_2018-10-18-11-04-08_1_engine_failure_with_emr_traj,engine,31.4899997711,-22.2330093384,3.39522480965,230,3.73627090454,-0.749948084354,-80.3319778442,-0.57024282217,-14.6097536087,0.285040467978,0
1539875334081980520,55.171056448,carbonZ_2018-10-18-11-04-08_1_engine_failure_with_emr_traj,engine,31.4899997711,-22.2330093384,3.39522480965,230,3.73627090454,-0.749948084354,-80.3319778442,-0.44859200716,-14.5783023834,0.444353461266,0
1539875334167819112,55.25689504,carbonZ_2018-10-18-11-04-08_1_engine_failure_with_emr_traj,engine,31.5299987793,-22.2330093384,3.43975234032,232,3.73627090454,-0.749948084354,-80.3319778442,-0.345762312412,-14.557592392,0.587097406387,0
1539875334193810888,55.282886816,carbonZ_2018-10-18-11-04-08_1_engine_failure_with_emr_traj,engine,31.5299987793,-22.2330093384,3.43975234032,232,5.44461297989,-2.51064991951,-79.3007202148,-0.320144504309,-14.5564489365,0.638344705105,0
1539875334229853736,55.318929664,carbonZ_2018-10-18-11-04-08_1_engine_failure_with_emr_traj,engine,31.5699996948,-16.4087295532,3.47314786911,233,5.44461297989,-2.51064991951,-79.3007202148,-0.273069530725,-14.5411872864,0.727198660374,0
1539875334298427816,55.387503744,carbonZ_2018-10-18-11-04-08_1_engine_failure_with_emr_traj,engine,31.6299991608,-16.4087295532,3.49541163445,234,5.44461297989,-2.51064991951,-79.3007202148,-0.248174116015,-14.5329675674,0.79674166441,0
1539875334317712168,55.406788096,carbonZ_2018-10-18-11-04-08_1_engine_failure_with_emr_traj,engine,31.6299991608,-16.4087295532,3.49541163445,234,5.44461297989,-2.51064991951,-79.3007202148,-0.23424038291,-14.5278196335,0.835651874542,0
1539875334367202760,55.456278688,carbonZ_2018-10-18-11-04-08_1_engine_failure_with_emr_traj,engine,31.6299991608,-16.4087295532,3.49541163445,234,5.44461297989,-2.51064991951,-79.3007202148,-0.215665191412,-14.5248060226,0.877794384956,0
1539875334395177352,55.48425328,carbonZ_2018-10-18-11-04-08_1_engine_failure_with_emr_traj,engine,31.6999988556,-23.8006591797,3.51767539978,236,5.44461297989,-2.51064991951,-79.3007202148,-0.201597243547,-14.5248403549,0.883593022823,0
1539875334466661416,55.555737344,carbonZ_2018-10-18-11-04-08_1_engine_failure_with_emr_traj,engine,31.6999988556,-23.8006591797,3.51767539978,236,5.44461297989,-2.51064991951,-79.3007202148,-0.18412694335,-14.5176382065,0.945461332798,0
1539875334553643208,55.642719136,carbonZ_2018-10-18-11-04-08_1_engine_failure_with_emr_traj,engine,31.7799987793,-23.8006591797,3.51767539978,237,5.44461297989,-2.51064991951,-79.3007202148,-0.185405954719,-14.515083313,1.03547251225,0
1539875334582461512,55.67153744,carbonZ_2018-10-18-11-04-08_1_engine_failure_with_emr_traj,engine,31.859998703,-17.1499252319,3.52880740166,239,4.18895626068,-2.55954957008,-83.5064315796,-0.188523218036,-14.5132102966,1.06983113289,0
1539875334593020584,55.682096512,carbonZ_2018-10-18-11-04-08_1_engine_failure_with_emr_traj,engine,31.859998703,-17.1499252319,3.52880740166,239,4.18895626068,-2.55954957008,-83.5064315796,-0.183470204473,-14.5164899826,1.08835601807,0
1539875334667833160,55.756909088,carbonZ_2018-10-18-11-04-08_1_engine_failure_with_emr_traj,engine,31.9599990845,-17.1499252319,3.53993916512,240,4.18895626068,-2.55954957008,-83.5064315796,-0.185962989926,-14.5162734985,1.21950435638,0
1539875334751608904,55.840684832,carbonZ_2018-10-18-11-04-08_1_engine_failure_with_emr_traj,engine,31.9599990845,-17.1499252319,3.53993916512,240,4.18895626068,-2.55954957008,-83.5064315796,-0.176552936435,-14.5135116577,1.33523309231,0
1539875334768810664,55.857886592,carbonZ_2018-10-18-11-04-08_1_engine_failure_with_emr_traj,engine,31.9599990845,-17.1499252319,3.53993916512,240,4.18895626068,-2.55954957008,-83.5064315796,-0.176552936435,-14.5135116577,1.33523309231,0
1539875334823225512,55.91230144,carbonZ_2018-10-18-11-04-08_1_engine_failure_with_emr_traj,engine,32.0699996948,-19.6769714355,3.55107116699,242,4.18895626068,-2.55954957008,-83.5064315796,-0.16393995285,-14.5218420029,1.46812081337,0
1539875334866816968,55.955892896,carbonZ_2018-10-18-11-04-08_1_engine_failure_with_emr_traj,engine,32.0699996948,-19.6769714355,3.55107116699,242,4.18895626068,-2.55954957008,-83.5064315796,-0.164606317878,-14.5180072784,1.55795478821,0
1539875334912007944,56.001083872,carbonZ_2018-10-18-11-04-08_1_engine_failure_with_emr_traj,engine,32.2099990845,-19.6769714355,3.57333493233,243,4.18895626068,-2.55954957008,-83.5064315796,-0.173057675362,-14.5221500397,1.63845252991,0
1539875334958739880,56.047815808,carbonZ_2018-10-18-11-04-08_1_engine_failure_with_emr_traj,engine,32.2099990845,-19.6769714355,3.57333493233,243,4.18895626068,-2.55954957008,-83.5064315796,-0.176337361336,-14.5450105667,1.7898671627,0
1539875335001644232,56.09072016,carbonZ_2018-10-18-11-04-08_1_engine_failure_with_emr_traj,engine,32.3600006104,-24.7997283936,3.5844669342,244,4.18895626068,-2.55954957008,-83.5064315796,-0.176352337003,-14.5451173782,1.84089553356,0
1539875335107247944,56.196323872,carbonZ_2018-10-18-11-04-08_1_engine_failure_with_emr_traj,engine,32.5400009155,-24.7997283936,3.59559869766,246,5.47790813446,-3.69281864166,-82.2358703613,-0.172466978431,-14.5774364471,1.94179439545,0
1539875335191153672,56.2802296,carbonZ_2018-10-18-11-04-08_1_engine_failure_with_emr_traj,engine,32.5400009155,-24.7997283936,3.59559869766,246,5.47790813446,-3.69281864166,-82.2358703613,-0.158232524991,-14.6181735992,1.95686793327,0
1539875335220820808,56.309896736,carbonZ_2018-10-18-11-04-08_1_engine_failure_with_emr_traj,engine,32.719997406,-31.6444396973,3.60673069954,247,5.47790813446,-3.69281864166,-82.2358703613,-0.161404311657,-14.6187601089,1.99133479595,0
1539875335284031048,56.373106976,carbonZ_2018-10-18-11-04-08_1_engine_failure_with_emr_traj,engine,32.719997406,-31.6444396973,3.60673069954,247,5.47790813446,-3.69281864166,-82.2358703613,-0.141255453229,-14.6645793915,1.99208343029,0
1539875335299052168,56.388128096,carbonZ_2018-10-18-11-04-08_1_engine_failure_with_emr_traj,engine,32.9099998474,-31.6444396973,3.62899446487,249,5.47790813446,-3.69281864166,-82.2358703613,-0.141255453229,-14.6645793915,1.99208343029,0
1539875335361323752,56.45039968,carbonZ_2018-10-18-11-04-08_1_engine_failure_with_emr_traj,engine,32.9099998474,-31.6444396973,3.62899446487,249,5.47790813446,-3.69281864166,-82.2358703613,-0.145770207047,-14.7107896805,1.94073092937,0
1539875335399789768,56.488865696,carbonZ_2018-10-18-11-04-08_1_engine_failure_with_emr_traj,engine,33.0900001526,-35.1623535156,3.64012622833,250,5.47790813446,-3.69281864166,-82.2358703613,-0.149161696434,-14.7494745255,1.89979028702,0
1539875335464733320,56.553809248,carbonZ_2018-10-18-11-04-08_1_engine_failure_with_emr_traj,engine,33.0900001526,-35.1623535156,3.64012622833,250,3.01612949371,-3.18485617638,-78.8498077393,-0.149586677551,-14.7793931961,1.83372819424,0
1539875335509938120,56.599014048,carbonZ_2018-10-18-11-04-08_1_engine_failure_with_emr_traj,engine,33.2700004578,-35.1623535156,3.65125823021,252,3.01612949371,-3.18485617638,-78.8498077393,-0.165263742208,-14.7999763489,1.77050685883,0
1539875335572484232,56.66156016,carbonZ_2018-10-18-11-04-08_1_engine_failure_with_emr_traj,engine,33.2700004578,-35.1623535156,3.65125823021,252,3.01612949371,-3.18485617638,-78.8498077393,-0.17158177495,-14.8611059189,1.59844148159,0
1539875335623801896,56.712877824,carbonZ_2018-10-18-11-04-08_1_engine_failure_with_emr_traj,engine,33.4199981689,-42.0196533203,3.66238999367,253,3.01612949371,-3.18485617638,-78.8498077393,-0.176140710711,-14.8848590851,1.51961112022,0
1539875335689153416,56.778229344,carbonZ_2018-10-18-11-04-08_1_engine_failure_with_emr_traj,engine,33.4199981689,-42.0196533203,3.66238999367,253,3.01612949371,-3.18485617638,-78.8498077393,-0.169620856643,-14.9279222488,1.42509126663,0
1539875335707932072,56.797008,carbonZ_2018-10-18-11-04-08_1_engine_failure_with_emr_traj,engine,33.5499992371,-42.0196533203,3.67352199554,255,3.01612949371,-3.18485617638,-78.8498077393,-0.176886752248,-14.9357843399,1.42219114304,0
1539875335753227496,56.842303424,carbonZ_2018-10-18-11-04-08_1_engine_failure_with_emr_traj,engine,33.5499992371,-42.0196533203,3.67352199554,255,3.01612949371,-3.18485617638,-78.8498077393,-0.164083406329,-14.9641952515,1.37751853466,0
1539875335810570888,56.899646816,carbonZ_2018-10-18-11-04-08_1_engine_failure_with_emr_traj,engine,33.6699981689,-58.4495544434,3.684653759,256,1.85196101665,-1.97347128391,-76.5996170044,-0.141504108906,-15.0102005005,1.33043622971,0
1539875335867590696,56.956666624,carbonZ_2018-10-18-11-04-08_1_engine_failure_with_emr_traj,engine,33.6699981689,-58.4495544434,3.684653759,256,1.85196101665,-1.97347128391,-76.5996170044,-0.141504108906,-15.0102005005,1.33043622971,0
1539875335924877672,57.0139536,carbonZ_2018-10-18-11-04-08_1_engine_failure_with_emr_traj,engine,33.7900009155,-58.4495544434,3.69578576088,257,1.85196101665,-1.97347128391,-76.5996170044,-0.117952227592,-15.0470113754,1.26179075241,0
1539875335981653896,57.070729824,carbonZ_2018-10-18-11-04-08_1_engine_failure_with_emr_traj,engine,33.7900009155,-58.4495544434,3.69578576088,257,1.85196101665,-1.97347128391,-76.5996170044,-0.108197748661,-15.0793952942,1.25045776367,0
1539875336052320040,57.141395968,carbonZ_2018-10-18-11-04-08_1_engine_failure_with_emr_traj,engine,33.8899993896,-68.7084197998,3.69578576088,259,1.85196101665,-1.97347128391,-76.5996170044,-0.109583809972,-15.1153593063,1.37829303741,0
1539875336100072552,57.18914848,carbonZ_2018-10-18-11-04-08_1_engine_failure_with_emr_traj,engine,34.0099983215,-68.7084197998,3.69578576088,261,1.85196101665,-1.97347128391,-76.5996170044,-0.122323833406,-15.1278057098,1.45274710655,0
1539875336155957000,57.245032928,carbonZ_2018-10-18-11-04-08_1_engine_failure_with_emr_traj,engine,34.0099983215,-68.7084197998,3.69578576088,261,1.85196101665,-1.97347128391,-76.5996170044,-0.113159358501,-15.1444616318,1.50293016434,0
1539875336210295272,57.2993712,carbonZ_2018-10-18-11-04-08_1_engine_failure_with_emr_traj,engine,34.1399993896,-69.5201873779,3.69578576088,262,1.85196101665,-1.97347128391,-76.5996170044,-0.108628891408,-15.1569843292,1.55157029629,0
1539875336244424200,57.333500128,carbonZ_2018-10-18-11-04-08_1_engine_failure_with_emr_traj,engine,34.1399993896,-69.5201873779,3.69578576088,262,4.35715150833,-0.404578149319,-75.2124328613,-0.0836826637387,-15.1624717712,1.45236074924,0
1539875336282683368,57.371759296,carbonZ_2018-10-18-11-04-08_1_engine_failure_with_emr_traj,engine,34.1399993896,-69.5201873779,3.69578576088,262,4.35715150833,-0.404578149319,-75.2124328613,-0.000244651921093,-15.1721315384,1.04095709324,0
1539875336342395688,57.431471616,carbonZ_2018-10-18-11-04-08_1_engine_failure_with_emr_traj,engine,34.2700004578,-69.5201873779,3.69578576088,263,4.35715150833,-0.404578149319,-75.2124328613,0.237704142928,-15.1706352234,0.233521670103,0
1539875336387979848,57.477055776,carbonZ_2018-10-18-11-04-08_1_engine_failure_with_emr_traj,engine,34.2999992371,-74.8638153076,3.66238999367,265,4.35715150833,-0.404578149319,-75.2124328613,0.586958706379,-15.1186981201,-0.571904122829,0
1539875336465960680,57.555036608,carbonZ_2018-10-18-11-04-08_1_engine_failure_with_emr_traj,engine,34.2999992371,-74.8638153076,3.66238999367,265,4.35715150833,-0.404578149319,-75.2124328613,0.77367913723,-15.0827589035,-0.787679135799,0
1539875336505233256,57.594309184,carbonZ_2018-10-18-11-04-08_1_engine_failure_with_emr_traj,engine,34.2399978638,-74.8638153076,3.59559869766,266,4.35715150833,-0.404578149319,-75.2124328613,0.95664781332,-15.0299119949,-0.973846793175,0
1539875336552528552,57.64160448,carbonZ_2018-10-18-11-04-08_1_engine_failure_with_emr_traj,engine,34.2399978638,-74.8638153076,3.59559869766,266,4.35715150833,-0.404578149319,-75.2124328613,1.24077343941,-14.9671049118,-1.19669294357,0
1539875336621879144,57.710955072,carbonZ_2018-10-18-11-04-08_1_engine_failure_with_emr_traj,engine,34.1100006104,-88.9961242676,3.44864320755,268,4.35715150833,-0.404578149319,-75.2124328613,1.36069512367,-14.9267311096,-1.28362154961,0
1539875336649852776,57.738928704,carbonZ_2018-10-18-11-04-08_1_engine_failure_with_emr_traj,engine,34.1100006104,-88.9961242676,3.44864320755,268,4.35715150833,-0.404578149319,-75.2124328613,1.36069512367,-14.9267311096,-1.28362154961,0
1539875336691176136,57.780252064,carbonZ_2018-10-18-11-04-08_1_engine_failure_with_emr_traj,engine,34.1100006104,-88.9961242676,3.44864320755,268,4.35715150833,-0.404578149319,-75.2124328613,1.44034123421,-14.8953094482,-1.30899429321,0
1539875336741223080,57.830299008,carbonZ_2018-10-18-11-04-08_1_engine_failure_with_emr_traj,engine,33.9500007629,-88.9961242676,3.29361176491,269,12.4135313034,4.5738825798,-80.9028015137,1.48034274578,-14.8566532135,-1.36780834198,0
1539875336783788616,57.872864544,carbonZ_2018-10-18-11-04-08_1_engine_failure_with_emr_traj,engine,33.9500007629,-88.9961242676,3.29361176491,269,12.4135313034,4.5738825798,-80.9028015137,1.51490736008,-14.8256111145,-1.45033621788,0
1539875336796586984,57.885662912,carbonZ_2018-10-18-11-04-08_1_engine_failure_with_emr_traj,engine,33.7799987793,-85.0248336792,2.94380068779,271,12.4135313034,4.5738825798,-80.9028015137,1.51814591885,-14.8117799759,-1.47851705551,0
1539875336858226440,57.947302368,carbonZ_2018-10-18-11-04-08_1_engine_failure_with_emr_traj,engine,33.7799987793,-85.0248336792,2.94380068779,271,12.4135313034,4.5738825798,-80.9028015137,1.48100614548,-14.7691173553,-1.49262154102,0
1539875336908779240,57.997855168,carbonZ_2018-10-18-11-04-08_1_engine_failure_with_emr_traj,engine,33.6100006104,-85.0248336792,2.77669668198,272,12.4135313034,4.5738825798,-80.9028015137,1.48100614548,-14.7691173553,-1.49262154102,0
1539875337004836776,58.093912704,carbonZ_2018-10-18-11-04-08_1_engine_failure_with_emr_traj,engine,33.4500007629,-76.1468887329,2.32929730415,274,12.4135313034,4.5738825798,-80.9028015137,1.3467168808,-14.7391004562,-1.25450837612,0
1539875337053142696,58.142218624,carbonZ_2018-10-18-11-04-08_1_engine_failure_with_emr_traj,engine,33.4500007629,-76.1468887329,2.32929730415,274,12.4135313034,4.5738825798,-80.9028015137,1.26402664185,-14.7370843887,-0.921240091324,0
1539875337120882760,58.209958688,carbonZ_2018-10-18-11-04-08_1_engine_failure_with_emr_traj,engine,33.3299980164,-76.1468887329,2.22506904602,275,0.726874411106,2.82702589035,-82.5464935303,1.23994243145,-14.7468481064,-0.739376842976,0
1539875337172192808,58.261268736,carbonZ_2018-10-18-11-04-08_1_engine_failure_with_emr_traj,engine,33.3299980164,-76.1468887329,2.22506904602,275,0.726874411106,2.82702589035,-82.5464935303,1.19752526283,-14.7579889297,-0.511462748051,0
1539875337220682600,58.309758528,carbonZ_2018-10-18-11-04-08_1_engine_failure_with_emr_traj,engine,33.2599983215,-65.5715942383,2.14260029793,276,0.726874411106,2.82702589035,-82.5464935303,1.1549448967,-14.7673168182,-0.234770789742,0
1539875337267167080,58.356243008,carbonZ_2018-10-18-11-04-08_1_engine_failure_with_emr_traj,engine,33.2599983215,-65.5715942383,2.14260029793,276,0.726874411106,2.82702589035,-82.5464935303,1.1251937151,-14.7821722031,-0.0983021631837,0
1539875337328233512,58.41730944,carbonZ_2018-10-18-11-04-08_1_engine_failure_with_emr_traj,engine,33.25,-65.5715942383,1.57272791862,278,0.726874411106,2.82702589035,-82.5464935303,1.08797228336,-14.798116684,0.0698782503605,0
1539875337365723528,58.454799456,carbonZ_2018-10-18-11-04-08_1_engine_failure_with_emr_traj,engine,33.25,-65.5715942383,1.57272791862,278,0.726874411106,2.82702589035,-82.5464935303,1.06460666656,-14.8160619736,0.227175891399,0
1539875337384066088,58.473142016,carbonZ_2018-10-18-11-04-08_1_engine_failure_with_emr_traj,engine,33.2799987793,-70.2163696289,1.54369974136,279,0.726874411106,2.82702589035,-82.5464935303,1.02752292156,-14.8248090744,0.388414263725,0
1539875337482527176,58.571603104,carbonZ_2018-10-18-11-04-08_1_engine_failure_with_emr_traj,engine,33.2799987793,-70.2163696289,1.54369974136,279,-1.91104471684,0.582257926464,-77.5723190308,0.951804161072,-14.8728990555,0.675087749958,0
1539875337522970536,58.612046464,carbonZ_2018-10-18-11-04-08_1_engine_failure_with_emr_traj,engine,33.3499984741,-70.2163696289,0.274778336287,281,-1.91104471684,0.582257926464,-77.5723190308,0.896418750286,-14.8950157166,0.773907959461,0
1539875337593150472,58.6822264,carbonZ_2018-10-18-11-04-08_1_engine_failure_with_emr_traj,engine,33.4500007629,-72.4096298218,0.345101505518,282,-1.91104471684,0.582257926464,-77.5723190308,0.790479540825,-14.9733228683,0.969605445862,0
1539875337663072296,58.752148224,carbonZ_2018-10-18-11-04-08_1_engine_failure_with_emr_traj,engine,33.4500007629,-72.4096298218,0.345101505518,282,-1.91104471684,0.582257926464,-77.5723190308,0.747151970863,-14.9956970215,1.02683198452,0
1539875337706800936,58.795876864,carbonZ_2018-10-18-11-04-08_1_engine_failure_with_emr_traj,engine,33.5599975586,-72.4096298218,0.426510572433,284,-1.91104471684,0.582257926464,-77.5723190308,0.718335270882,-15.0283937454,1.05790364742,0
1539875337779405256,58.868481184,carbonZ_2018-10-18-11-04-08_1_engine_failure_with_emr_traj,engine,33.5599975586,-72.4096298218,0.426510572433,284,-1.91104471684,0.582257926464,-77.5723190308,0.65135204792,-15.0807285309,1.13325488567,0
1539875337794704616,58.883780544,carbonZ_2018-10-18-11-04-08_1_engine_failure_with_emr_traj,engine,33.6899986267,-74.1325378418,-0.624881088734,285,-1.91104471684,0.582257926464,-77.5723190308,0.629985392094,-15.0922021866,1.16787445545,0
1539875337903108936,58.992184864,carbonZ_2018-10-18-11-04-08_1_engine_failure_with_emr_traj,engine,33.8199996948,-73.1325149536,-0.460183531046,287,-1.91104471684,0.582257926464,-77.5723190308,0.563270807266,-15.1615562439,1.20984470844,0
1539875337965783848,59.054859776,carbonZ_2018-10-18-11-04-08_1_engine_failure_with_emr_traj,engine,33.8199996948,-73.1325149536,-0.460183531046,287,-1.91120278835,-0.130707830191,-74.0049362183,0.528739511967,-15.1927108765,1.25780034065,0
1539875338013000264,59.102076192,carbonZ_2018-10-18-11-04-08_1_engine_failure_with_emr_traj,engine,33.9500007629,-89.4950866699,-0.29315328598,288,-1.91120278835,-0.130707830191,-74.0049362183,0.523549616337,-15.212726593,1.24239575863,0
1539875338055395528,59.144471456,carbonZ_2018-10-18-11-04-08_1_engine_failure_with_emr_traj,engine,33.9500007629,-89.4950866699,-0.29315328598,288,-1.91120278835,-0.130707830191,-74.0049362183,0.497235506773,-15.2366895676,1.23564660549,0
1539875338150359720,59.239435648,carbonZ_2018-10-18-11-04-08_1_engine_failure_with_emr_traj,engine,34.0900001526,-89.4950866699,-2.24540138245,290,-1.91120278835,-0.130707830191,-74.0049362183,0.482887417078,-15.2692470551,1.12687289715,0
1539875338167944520,59.257020448,carbonZ_2018-10-18-11-04-08_1_engine_failure_with_emr_traj,engine,34.0900001526,-89.4950866699,-2.24540138245,290,-1.91120278835,-0.130707830191,-74.0049362183,0.488783061504,-15.2887763977,1.0346006155,0
1539875338243280872,59.3323568,carbonZ_2018-10-18-11-04-08_1_engine_failure_with_emr_traj,engine,34.2000007629,-99.2710113525,-1.94102680683,291,-1.91120278835,-0.130707830191,-74.0049362183,0.46717774868,-15.316742897,0.943606972694,0
1539875338276845192,59.36592112,carbonZ_2018-10-18-11-04-08_1_engine_failure_with_emr_traj,engine,34.2000007629,-99.2710113525,-1.94102680683,291,-1.91120278835,-0.130707830191,-74.0049362183,0.464188069105,-15.3321704865,0.857848346233,0
1539875338300596456,59.389672384,carbonZ_2018-10-18-11-04-08_1_engine_failure_with_emr_traj,engine,34.2999992371,-99.2710113525,-2.42166376114,293,-1.91120278835,-0.130707830191,-74.0049362183,0.464188069105,-15.3321704865,0.857848346233,0
1539875338367001608,59.456077536,carbonZ_2018-10-18-11-04-08_1_engine_failure_with_emr_traj,engine,34.2999992371,-99.2710113525,-2.42166376114,293,2.6084420681,1.1020771265,-74.8966445923,0.43707215786,-15.3531827927,0.68025302887,0
1539875338421996424,59.511072352,carbonZ_2018-10-18-11-04-08_1_engine_failure_with_emr_traj,engine,34.3699989319,-105.012893677,-2.06452322006,294,2.6084420681,1.1020771265,-74.8966445923,0.440800786018,-15.3647708893,0.507888555527,0
1539875338462357800,59.551433728,carbonZ_2018-10-18-11-04-08_1_engine_failure_with_emr_traj,engine,34.3699989319,-105.012893677,-2.06452322006,294,2.6084420681,1.1020771265,-74.8966445923,0.428951412439,-15.370098114,0.377102345228,0
1539875338515397352,59.60447328,carbonZ_2018-10-18-11-04-08_1_engine_failure_with_emr_traj,engine,34.4099998474,-105.012893677,-5.14769458771,296,2.6084420681,1.1020771265,-74.8966445923,0.444852858782,-15.3745241165,0.164746180177,0
1539875338561023432,59.65009936,carbonZ_2018-10-18-11-04-08_1_engine_failure_with_emr_traj,engine,34.4099998474,-105.012893677,-5.14769458771,296,2.6084420681,1.1020771265,-74.8966445923,0.456971347332,-15.3790159225,0.0600476376712,0
1539875338629367112,59.71844304,carbonZ_2018-10-18-11-04-08_1_engine_failure_with_emr_traj,engine,34.4199981689,-107.660865784,-4.58257627487,297,2.6084420681,1.1020771265,-74.8966445923,0.477733969688,-15.377122879,-0.0713184252381,0
1539875338668476520,59.757552448,carbonZ_2018-10-18-11-04-08_1_engine_failure_with_emr_traj,engine,34.4199981689,-107.660865784,-4.58257627487,297,2.6084420681,1.1020771265,-74.8966445923,0.52195084095,-15.369559288,-0.160480350256,0
1539875338708038056,59.797113984,carbonZ_2018-10-18-11-04-08_1_engine_failure_with_emr_traj,engine,34.3999977112,-107.660865784,-4.02769947052,299,2.6084420681,1.1020771265,-74.8966445923,0.565823316574,-15.3595466614,-0.23648917675,0
1539875338777993768,59.867069696,carbonZ_2018-10-18-11-04-08_1_engine_failure_with_emr_traj,engine,34.3999977112,-107.660865784,-4.02769947052,299,9.73891067505,2.6991789341,-74.3807983398,0.684251129627,-15.3369922638,-0.316299587488,0
1539875338835424616,59.924500544,carbonZ_2018-10-18-11-04-08_1_engine_failure_with_emr_traj,engine,34.3699989319,-113.423538208,-4.31535005569,300,9.73891067505,2.6991789341,-74.3807983398,0.787826657295,-15.3137388229,-0.359132349491,0
1539875338873784776,59.962860704,carbonZ_2018-10-18-11-04-08_1_engine_failure_with_emr_traj,engine,34.3699989319,-113.423538208,-4.31535005569,300,9.73891067505,2.6991789341,-74.3807983398,0.822302877903,-15.304101944,-0.36328998208,0
1539875338904670280,59.993746208,carbonZ_2018-10-18-11-04-08_1_engine_failure_with_emr_traj,engine,34.3199996948,-113.423538208,-3.73341679573,302,9.73891067505,2.6991789341,-74.3807983398,0.904442727566,-15.2831869125,-0.352594912052,0
1539875338958820712,60.04789664,carbonZ_2018-10-18-11-04-08_1_engine_failure_with_emr_traj,engine,34.3199996948,-113.423538208,-3.73341679573,302,9.73891067505,2.6991789341,-74.3807983398,1.02593064308,-15.2531061172,-0.331513434649,0
1539875339006336776,60.095412704,carbonZ_2018-10-18-11-04-08_1_engine_failure_with_emr_traj,engine,34.2799987793,-109.831809998,-6.65749883652,303,9.73891067505,2.6991789341,-74.3807983398,1.11729681492,-15.22498703,-0.371227174997,0
1539875339057678280,60.146754208,carbonZ_2018-10-18-11-04-08_1_engine_failure_with_emr_traj,engine,34.2799987793,-109.831809998,-6.65749883652,303,9.73891067505,2.6991789341,-74.3807983398,1.29204154015,-15.1673278809,-0.482572615147,0
1539875339103644616,60.192720544,carbonZ_2018-10-18-11-04-08_1_engine_failure_with_emr_traj,engine,34.2299995422,-109.831809998,-5.92661571503,305,9.73891067505,2.6991789341,-74.3807983398,1.43840718269,-15.1098079681,-0.563848853111,0
1539875339170728968,60.259804896,carbonZ_2018-10-18-11-04-08_1_engine_failure_with_emr_traj,engine,34.2299995422,-109.831809998,-5.92661571503,305,9.73891067505,2.6991789341,-74.3807983398,1.55329620838,-15.0651884079,-0.609689116478,0
1539875339200756680,60.289832608,carbonZ_2018-10-18-11-04-08_1_engine_failure_with_emr_traj,engine,34.2299995422,-109.831809998,-5.92661571503,305,18.1024856567,3.72938323021,-71.7972869873,1.60854172707,-15.0437545776,-0.635348677635,0
1539875339229709544,60.318785472,carbonZ_2018-10-18-11-04-08_1_engine_failure_with_emr_traj,engine,34.1699981689,-109.749221802,-5.23761749268,306,18.1024856567,3.72938323021,-71.7972869873,1.60854172707,-15.0437545776,-0.635348677635,0
1539875339265053288,60.354129216,carbonZ_2018-10-18-11-04-08_1_engine_failure_with_emr_traj,engine,34.1699981689,-109.749221802,-5.23761749268,306,18.1024856567,3.72938323021,-71.7972869873,1.86222934723,-14.9413375854,-0.704653918743,0
1539875339344118472,60.4331944,carbonZ_2018-10-18-11-04-08_1_engine_failure_with_emr_traj,engine,34.1100006104,-109.749221802,-5.42807912827,308,18.1024856567,3.72938323021,-71.7972869873,2.03095793724,-14.8826208115,-0.720936894417,0
1539875339385216328,60.474292256,carbonZ_2018-10-18-11-04-08_1_engine_failure_with_emr_traj,engine,34.1100006104,-109.749221802,-5.42807912827,308,18.1024856567,3.72938323021,-71.7972869873,2.13465833664,-14.8428812027,-0.728284478188,0
1539875339447025672,60.5361016,carbonZ_2018-10-18-11-04-08_1_engine_failure_with_emr_traj,engine,34.0400009155,-99.3007659912,-4.74246120453,309,18.1024856567,3.72938323021,-71.7972869873,2.34703707695,-14.7581367493,-0.803108096123,0
1539875339460416040,60.549491968,carbonZ_2018-10-18-11-04-08_1_engine_failure_with_emr_traj,engine,34.0400009155,-99.3007659912,-4.74246120453,309,18.1024856567,3.72938323021,-71.7972869873,2.49410796165,-14.699005127,-0.852129638195,0
1539875339515985928,60.605061856,carbonZ_2018-10-18-11-04-08_1_engine_failure_with_emr_traj,engine,33.969997406,-99.3007659912,-5.75638914108,310,18.1024856567,3.72938323021,-71.7972869873,2.63728928566,-14.6386919022,-0.872237980366,0
1539875339590981608,60.680057536,carbonZ_2018-10-18-11-04-08_1_engine_failure_with_emr_traj,engine,33.969997406,-99.3007659912,-5.75638914108,310,24.08203125,3.90715646744,-67.6380767822,2.87199783325,-14.5496664047,-0.852567076683,0
1539875339620991784,60.710067712,carbonZ_2018-10-18-11-04-08_1_engine_failure_with_emr_traj,engine,33.8899993896,-29.7822952271,-5.05962181091,312,24.08203125,3.90715646744,-67.6380767822,3.00408649445,-14.5020313263,-0.792598605156,0
1539875339667958344,60.757034272,carbonZ_2018-10-18-11-04-08_1_engine_failure_with_emr_traj,engine,33.8899993896,-29.7822952271,-5.05962181091,312,24.08203125,3.90715646744,-67.6380767822,3.10536837578,-14.4710159302,-0.667027771473,0
1539875339706806248,60.795882176,carbonZ_2018-10-18-11-04-08_1_engine_failure_with_emr_traj,engine,33.8199996948,-29.7822952271,-4.39405488968,313,24.08203125,3.90715646744,-67.6380767822,3.27183032036,-14.4142971039,-0.63563233614,0
1539875339785934024,60.875009952,carbonZ_2018-10-18-11-04-08_1_engine_failure_with_emr_traj,engine,33.8199996948,-29.7822952271,-4.39405488968,313,24.08203125,3.90715646744,-67.6380767822,3.70427322388,-14.2280225754,-0.839045703411,0
1539875339826121992,60.91519792,carbonZ_2018-10-18-11-04-08_1_engine_failure_with_emr_traj,engine,33.75,-12.7101898193,-5.35562372208,314,24.08203125,3.90715646744,-67.6380767822,3.91358876228,-14.1326656342,-0.92424595356,0
1539875339867555656,60.956631584,carbonZ_2018-10-18-11-04-08_1_engine_failure_with_emr_traj,engine,33.75,-12.7101898193,-5.35562372208,314,24.08203125,3.90715646744,-67.6380767822,4.11193799973,-14.0443267822,-0.990877449512,0
1539875339919604680,61.008680608,carbonZ_2018-10-18-11-04-08_1_engine_failure_with_emr_traj,engine,33.6599998474,-12.7101898193,-4.69998598099,316,24.08203125,3.90715646744,-67.6380767822,4.34451436996,-13.9292907715,-1.02346801758,0
1539875339957018408,61.046094336,carbonZ_2018-10-18-11-04-08_1_engine_failure_with_emr_traj,engine,33.6599998474,-12.7101898193,-4.69998598099,316,24.08203125,3.90715646744,-67.6380767822,4.51249551773,-13.8418560028,-1.05073153973,0
1539875340020937064,61.110012992,carbonZ_2018-10-18-11-04-08_1_engine_failure_with_emr_traj,engine,33.5499992371,-20.302772522,-5.70727777481,317,25.7694797516,4.86067152023,-64.6069946289,4.69469499588,-13.7448568344,-1.13044524193,0
1539875340063050600,61.152126528,carbonZ_2018-10-18-11-04-08_1_engine_failure_with_emr_traj,engine,33.5499992371,-20.302772522,-5.70727777481,317,25.7694797516,4.86067152023,-64.6069946289,4.95559644699,-13.5929317474,-1.24948430061,0
1539875340110629320,61.199705248,carbonZ_2018-10-18-11-04-08_1_engine_failure_with_emr_traj,engine,33.4399986267,-19.3027496338,-5.04440593719,318,25.7694797516,4.86067152023,-64.6069946289,5.30527877808,-13.3861579895,-1.39561545849,0
1539875340164256168,61.253332096,carbonZ_2018-10-18-11-04-08_1_engine_failure_with_emr_traj,engine,33.4399986267,-19.3027496338,-5.04440593719,318,25.7694797516,4.86067152023,-64.6069946289,5.37839794159,-13.3397092819,-1.41499233246,0
1539875340206106856,61.295182784,carbonZ_2018-10-18-11-04-08_1_engine_failure_with_emr_traj,engine,33.2999992371,-13.3693695068,-6.95228672028,320,25.7694797516,4.86067152023,-64.6069946289,5.52398061752,-13.2513532639,-1.42529153824,0
1539875340269074024,61.358149952,carbonZ_2018-10-18-11-04-08_1_engine_failure_with_emr_traj,engine,33.2999992371,-13.3693695068,-6.95228672028,320,25.7694797516,4.86067152023,-64.6069946289,5.75895929337,-13.104186058,-1.4450905323,0
1539875340314297608,61.403373536,carbonZ_2018-10-18-11-04-08_1_engine_failure_with_emr_traj,engine,33.1499977112,-13.3693695068,-6.25020837784,321,25.7694797516,4.86067152023,-64.6069946289,6.0302271843,-12.9247694016,-1.40058994293,0
1539875340369683240,61.458759168,carbonZ_2018-10-18-11-04-08_1_engine_failure_with_emr_traj,engine,33.1499977112,-13.3693695068,-6.25020837784,321,25.7694797516,4.86067152023,-64.6069946289,6.09333133698,-12.8787975311,-1.39396309853,0
1539875340400350952,61.48942688,carbonZ_2018-10-18-11-04-08_1_engine_failure_with_emr_traj,engine,33.0,-9.04884338379,-5.58855247498,322,25.7694797516,4.86067152023,-64.6069946289,6.20410966873,-12.7926025391,-1.38830077648,0
1539875340455744168,61.544820096,carbonZ_2018-10-18-11-04-08_1_engine_failure_with_emr_traj,engine,33.0,-9.04884338379,-5.58855247498,322,26.2881507874,5.5067076683,-61.3722686768,6.37165498734,-12.6716785431,-1.36846709251,0
1539875340526575752,61.61565168,carbonZ_2018-10-18-11-04-08_1_engine_failure_with_emr_traj,engine,32.8499984741,-9.04884338379,-6.61936950684,323,26.2881507874,5.5067076683,-61.3722686768,6.46582221985,-12.6031150818,-1.31511044502,0
1539875340561505544,61.650581472,carbonZ_2018-10-18-11-04-08_1_engine_failure_with_emr_traj,engine,32.8499984741,-9.04884338379,-6.61936950684,323,26.2881507874,5.5067076683,-61.3722686768,6.61102342606,-12.4870166779,-1.25436675549,0
1539875340615969160,61.705045088,carbonZ_2018-10-18-11-04-08_1_engine_failure_with_emr_traj,engine,32.7099990845,1.31101608276,-5.92921352386,324,26.2881507874,5.5067076683,-61.3722686768,6.76519203186,-12.3731517792,-1.19580388069,0
1539875340666611080,61.755687008,carbonZ_2018-10-18-11-04-08_1_engine_failure_with_emr_traj,engine,32.7099990845,1.31101608276,-5.92921352386,324,26.2881507874,5.5067076683,-61.3722686768,6.90803670883,-12.2621250153,-1.15772902966,0
1539875340722991400,61.812067328,carbonZ_2018-10-18-11-04-08_1_engine_failure_with_emr_traj,engine,32.5799980164,1.31101608276,-7.8362288475,325,26.2881507874,5.5067076683,-61.3722686768,6.90803670883,-12.2621250153,-1.15772902966,0
1539875340758263400,61.847339328,carbonZ_2018-10-18-11-04-08_1_engine_failure_with_emr_traj,engine,32.5799980164,1.31101608276,-7.8362288475,325,26.2881507874,5.5067076683,-61.3722686768,7.03601884842,-12.1680898666,-1.08073985577,0
1539875340795007368,61.884083296,carbonZ_2018-10-18-11-04-08_1_engine_failure_with_emr_traj,engine,32.469997406,0.755977630615,-7.06962156296,326,25.858417511,2.95355725288,-57.2458572388,7.12934398651,-12.1022834778,-1.03589916229,0
1539875340817803624,61.906879552,carbonZ_2018-10-18-11-04-08_1_engine_failure_with_emr_traj,engine,32.469997406,0.755977630615,-7.06962156296,326,25.858417511,2.95355725288,-57.2458572388,7.23052358627,-12.0371313095,-0.974531412125,0
1539875340873095048,61.962170976,carbonZ_2018-10-18-11-04-08_1_engine_failure_with_emr_traj,engine,32.469997406,0.755977630615,-7.06962156296,326,25.858417511,2.95355725288,-57.2458572388,7.37404727936,-11.9428768158,-0.839104890823,0
1539875340921727176,62.010803104,carbonZ_2018-10-18-11-04-08_1_engine_failure_with_emr_traj,engine,32.3699989319,0.755977630615,-7.19446229935,328,25.858417511,2.95355725288,-57.2458572388,7.47030591965,-11.8854398727,-0.725705802441,0
1539875340994198024,62.083273952,carbonZ_2018-10-18-11-04-08_1_engine_failure_with_emr_traj,engine,32.3699989319,0.755977630615,-7.19446229935,328,25.858417511,2.95355725288,-57.2458572388,7.6257276535,-11.7990970612,-0.525698184967,0
1539875341012897800,62.101973728,carbonZ_2018-10-18-11-04-08_1_engine_failure_with_emr_traj,engine,32.2999992371,-39.6226882935,-6.42361211777,329,25.858417511,2.95355725288,-57.2458572388,7.67274808884,-11.7669229507,-0.468631118536,0
1539875341038425128,62.127501056,carbonZ_2018-10-18-11-04-08_1_engine_failure_with_emr_traj,engine,32.2999992371,-39.6226882935,-6.42361211777,329,25.858417511,2.95355725288,-57.2458572388,7.81780052185,-11.6843833923,-0.413041085005,0
1539875341079886920,62.168962848,carbonZ_2018-10-18-11-04-08_1_engine_failure_with_emr_traj,engine,32.2999992371,-39.6226882935,-6.42361211777,329,25.858417511,2.95355725288,-57.2458572388,7.94756174088,-11.5968666077,-0.348876059055,0
1539875341141762088,62.230838016,carbonZ_2018-10-18-11-04-08_1_engine_failure_with_emr_traj,engine,32.25,-39.6226882935,-5.67734193802,330,27.0137939453,-0.364258140326,-51.6242790222,8.14654922485,-11.4655199051,-0.262309700251,0
1539875341233985928,62.323061856,carbonZ_2018-10-18-11-04-08_1_engine_failure_with_emr_traj,engine,32.219997406,-40.435218811,-6.61795949936,331,27.0137939453,-0.364258140326,-51.6242790222,8.38389110565,-11.3218345642,-0.113304279745,0
1539875341269968104,62.359044032,carbonZ_2018-10-18-11-04-08_1_engine_failure_with_emr_traj,engine,32.219997406,-40.435218811,-6.61795949936,331,27.0137939453,-0.364258140326,-51.6242790222,8.49180221558,-11.247877121,-0.0566944293678,0
1539875341319941096,62.409017024,carbonZ_2018-10-18-11-04-08_1_engine_failure_with_emr_traj,engine,32.2099990845,-40.435218811,-5.84901189804,332,27.0137939453,-0.364258140326,-51.6242790222,8.60383796692,-11.1776323318,0.00692059379071,0
1539875341372857896,62.461933824,carbonZ_2018-10-18-11-04-08_1_engine_failure_with_emr_traj,engine,32.2099990845,-40.435218811,-5.84901189804,332,27.0137939453,-0.364258140326,-51.6242790222,8.78423786163,-11.053401947,0.162296846509,0
1539875341405764392,62.49484032,carbonZ_2018-10-18-11-04-08_1_engine_failure_with_emr_traj,engine,32.2099990845,-62.8046035767,-6.7549200058,333,27.0137939453,-0.364258140326,-51.6242790222,8.87343597412,-10.9923419952,0.24873059988,0
1539875341463418216,62.552494144,carbonZ_2018-10-18-11-04-08_1_engine_failure_with_emr_traj,engine,32.2099990845,-62.8046035767,-6.7549200058,333,27.0137939453,-0.364258140326,-51.6242790222,8.9582118988,-10.9287147522,0.339355796576,0
1539875341524516200,62.613592128,carbonZ_2018-10-18-11-04-08_1_engine_failure_with_emr_traj,engine,32.2299995422,-63.8046264648,-5.9581656456,334,27.0137939453,-0.364258140326,-51.6242790222,9.09496116638,-10.8313951492,0.485398620367,0
1539875341560084616,62.649160544,carbonZ_2018-10-18-11-04-08_1_engine_failure_with_emr_traj,engine,32.2299995422,-63.8046264648,-5.9581656456,334,26.674243927,-1.82684636116,-47.3214645386,9.20067977905,-10.7588529587,0.570333182812,0
1539875341606205096,62.695281024,carbonZ_2018-10-18-11-04-08_1_engine_failure_with_emr_traj,engine,32.2799987793,-59.6702575684,-6.76022386551,335,26.674243927,-1.82684636116,-47.3214645386,9.30127906799,-10.6745862961,0.635185360909,0
1539875341633665960,62.722741888,carbonZ_2018-10-18-11-04-08_1_engine_failure_with_emr_traj,engine,32.2799987793,-59.6702575684,-6.76022386551,335,26.674243927,-1.82684636116,-47.3214645386,9.44086456299,-10.5710554123,0.666380226612,0
1539875341687292072,62.776368,carbonZ_2018-10-18-11-04-08_1_engine_failure_with_emr_traj,engine,32.2799987793,-59.6702575684,-6.76022386551,335,26.674243927,-1.82684636116,-47.3214645386,9.65486621857,-10.4037179947,0.702039182186,0
1539875341739250952,62.82832688,carbonZ_2018-10-18-11-04-08_1_engine_failure_with_emr_traj,engine,32.3400001526,-59.6702575684,-5.93370389938,336,26.674243927,-1.82684636116,-47.3214645386,9.87629413605,-10.2150697708,0.729709506035,0
1539875341776376232,62.86545216,carbonZ_2018-10-18-11-04-08_1_engine_failure_with_emr_traj,engine,32.3400001526,-59.6702575684,-5.93370389938,336,26.674243927,-1.82684636116,-47.3214645386,9.95807361603,-10.1443433762,0.715528964996,0
1539875341821626728,62.910702656,carbonZ_2018-10-18-11-04-08_1_engine_failure_with_emr_traj,engine,32.4099998474,-78.9777755737,-5.1474313736,336,26.674243927,-1.82684636116,-47.3214645386,10.1809778214,-9.95845508575,0.740000665188,0
1539875341874556680,62.963632608,carbonZ_2018-10-18-11-04-08_1_engine_failure_with_emr_traj,engine,32.4099998474,-78.9777755737,-5.1474313736,336,30.174123764,-2.12019538879,-42.5578651428,10.4097166061,-9.76042366028,0.736780703068,0
1539875341949853832,63.03892976,carbonZ_2018-10-18-11-04-08_1_engine_failure_with_emr_traj,engine,32.4799995422,-78.9777755737,-6.48228311539,337,30.174123764,-2.12019538879,-42.5578651428,10.6448707581,-9.55003929138,0.713841915131,0
1539875341987502120,63.076578048,carbonZ_2018-10-18-11-04-08_1_engine_failure_with_emr_traj,engine,32.4799995422,-78.9777755737,-6.48228311539,337,30.174123764,-2.12019538879,-42.5578651428,10.7342472076,-9.4755897522,0.711796164513,0
1539875342039381768,63.128457696,carbonZ_2018-10-18-11-04-08_1_engine_failure_with_emr_traj,engine,32.5400009155,-74.4853973389,-5.67246246338,338,30.174123764,-2.12019538879,-42.5578651428,10.9761695862,-9.24067497253,0.667485594749,0
1539875342059430792,63.14850672,carbonZ_2018-10-18-11-04-08_1_engine_failure_with_emr_traj,engine,32.5400009155,-74.4853973389,-5.67246246338,338,30.174123764,-2.12019538879,-42.5578651428,11.1668462753,-9.06324481964,0.613407313824,0
1539875342129902088,63.218978016,carbonZ_2018-10-18-11-04-08_1_engine_failure_with_emr_traj,engine,32.5999984741,-74.4853973389,-5.51495170593,339,30.174123764,-2.12019538879,-42.5578651428,11.3223524094,-8.90423870087,0.578491151333,0
1539875342162865416,63.251941344,carbonZ_2018-10-18-11-04-08_1_engine_failure_with_emr_traj,engine,32.5999984741,-74.4853973389,-5.51495170593,339,31.8369998932,-0.798127889633,-38.8955154419,11.5037136078,-8.72012901306,0.517186105251,0
1539875342246255208,63.335331136,carbonZ_2018-10-18-11-04-08_1_engine_failure_with_emr_traj,engine,32.6399993896,-90.0638580322,-4.77138900757,340,31.8369998932,-0.798127889633,-38.8955154419,11.8093585968,-8.39797878265,0.407472401857,0
1539875342303576776,63.392652704,carbonZ_2018-10-18-11-04-08_1_engine_failure_with_emr_traj,engine,32.6599998474,-90.0638580322,-5.08825445175,340,31.8369998932,-0.798127889633,-38.8955154419,12.0143690109,-8.17336273193,0.312977492809,0
1539875342351890728,63.440966656,carbonZ_2018-10-18-11-04-08_1_engine_failure_with_emr_traj,engine,32.6599998474,-90.0638580322,-5.08825445175,340,31.8369998932,-0.798127889633,-38.8955154419,12.2276439667,-7.93346452713,0.204363897443,0
1539875342433762472,63.5228384,carbonZ_2018-10-18-11-04-08_1_engine_failure_with_emr_traj,engine,32.6699981689,-107.286071777,-4.39163684845,341,31.8369998932,-0.798127889633,-38.8955154419,12.5441837311,-7.55883169174,0.0163341127336,0
1539875342494298056,63.583373984,carbonZ_2018-10-18-11-04-08_1_engine_failure_with_emr_traj,engine,32.6699981689,-107.286071777,-4.39163684845,341,31.8369998932,-0.798127889633,-38.8955154419,12.5441837311,-7.55883169174,0.0163341127336,0
1539875342527523272,63.6165992,carbonZ_2018-10-18-11-04-08_1_engine_failure_with_emr_traj,engine,32.6499977112,-107.286071777,-3.72176933289,342,31.8369998932,-0.798127889633,-38.8955154419,12.701420784,-7.36771249771,-0.00986857898533,0
1539875342594339464,63.683415392,carbonZ_2018-10-18-11-04-08_1_engine_failure_with_emr_traj,engine,32.6499977112,-107.286071777,-3.72176933289,342,31.8369998932,-0.798127889633,-38.8955154419,12.8501491547,-7.16658782959,-0.0465899892151,0
1539875342614250760,63.703326688,carbonZ_2018-10-18-11-04-08_1_engine_failure_with_emr_traj,engine,32.6300010681,-121.882820129,-3.09624624252,342,27.8587360382,-1.17398321629,-32.1173820496,12.9008951187,-7.09832000732,-0.0534252971411,0
1539875342690087432,63.77916336,carbonZ_2018-10-18-11-04-08_1_engine_failure_with_emr_traj,engine,32.6300010681,-121.882820129,-3.09624624252,342,27.8587360382,-1.17398321629,-32.1173820496,13.0952062607,-6.81741666794,-0.111070424318,0
1539875342720081800,63.809157728,carbonZ_2018-10-18-11-04-08_1_engine_failure_with_emr_traj,engine,32.5900001526,-121.882820129,-3.19406819344,343,27.8587360382,-1.17398321629,-32.1173820496,13.1986131668,-6.67032670975,-0.132863730192,0
1539875342779582600,63.868658528,carbonZ_2018-10-18-11-04-08_1_engine_failure_with_emr_traj,engine,32.5900001526,-121.882820129,-3.19406819344,343,27.8587360382,-1.17398321629,-32.1173820496,13.3302650452,-6.46141815186,-0.157585889101,0
1539875342798526792,63.88760272,carbonZ_2018-10-18-11-04-08_1_engine_failure_with_emr_traj,engine,32.5499992371,-132.909011841,-2.58854222298,344,27.8587360382,-1.17398321629,-32.1173820496,13.3822374344,-6.37410593033,-0.190319061279,0
1539875342883255400,63.972331328,carbonZ_2018-10-18-11-04-08_1_engine_failure_with_emr_traj,engine,32.5499992371,-132.909011841,-2.58854222298,344,27.8587360382,-1.17398321629,-32.1173820496,13.5726690292,-6.04415750504,-0.277215510607,0
1539875342918624520,64.007700448,carbonZ_2018-10-18-11-04-08_1_engine_failure_with_emr_traj,engine,32.5099983215,-132.909011841,-2.48047876358,344,27.8587360382,-1.17398321629,-32.1173820496,13.6156291962,-5.96148586273,-0.293515920639,0
1539875342956475944,64.045551872,carbonZ_2018-10-18-11-04-08_1_engine_failure_with_emr_traj,engine,32.5099983215,-132.909011841,-2.48047876358,344,27.8587360382,-1.17398321629,-32.1173820496,13.7980651855,-5.59709596634,-0.404854744673,0
1539875342999194344,64.088270272,carbonZ_2018-10-18-11-04-08_1_engine_failure_with_emr_traj,engine,32.4599990845,-147.698028564,-1.94157898426,345,27.8587360382,-1.17398321629,-32.1173820496,13.8852739334,-5.41286849976,-0.449456423521,0
1539875343077962504,64.167038432,carbonZ_2018-10-18-11-04-08_1_engine_failure_with_emr_traj,engine,32.4599990845,-147.698028564,-1.94157898426,345,26.2564220428,-1.57087242603,-22.7199459076,13.9999065399,-5.13936471939,-0.517818629742,0
1539875343106517064,64.195592992,carbonZ_2018-10-18-11-04-08_1_engine_failure_with_emr_traj,engine,32.3999977112,-147.698028564,-1.7288724184,345,26.2564220428,-1.57087242603,-22.7199459076,14.0465354919,-5.0428571701,-0.543244659901,0
1539875343151842920,64.240918848,carbonZ_2018-10-18-11-04-08_1_engine_failure_with_emr_traj,engine,32.3999977112,-147.698028564,-1.7288724184,345,26.2564220428,-1.57087242603,-22.7199459076,14.1485843658,-4.76233482361,-0.623207449913,0
1539875343205659688,64.294735616,carbonZ_2018-10-18-11-04-08_1_engine_failure_with_emr_traj,engine,32.3299980164,-158.05758667,-1.26552069187,345,26.2564220428,-1.57087242603,-22.7199459076,14.2245779037,-4.5552778244,-0.725601136684,0
1539875343287184616,64.376260544,carbonZ_2018-10-18-11-04-08_1_engine_failure_with_emr_traj,engine,32.3299980164,-158.05758667,-1.26552069187,345,26.2564220428,-1.57087242603,-22.7199459076,14.3562908173,-4.15311479568,-0.908832132816,0
1539875343317117736,64.406193664,carbonZ_2018-10-18-11-04-08_1_engine_failure_with_emr_traj,engine,32.2299995422,-158.05758667,-0.870680749416,346,26.2564220428,-1.57087242603,-22.7199459076,14.3898534775,-4.05166101456,-0.951177000999,0
1539875343387378984,64.476454912,carbonZ_2018-10-18-11-04-08_1_engine_failure_with_emr_traj,engine,32.2299995422,-158.05758667,-0.870680749416,346,26.2564220428,-1.57087242603,-22.7199459076,14.5100774765,-3.64135861397,-1.11359882355,0
1539875343403073160,64.492149088,carbonZ_2018-10-18-11-04-08_1_engine_failure_with_emr_traj,engine,32.1100006104,-162.538528442,-0.507192671299,346,26.2564220428,-1.57087242603,-22.7199459076,14.5371360779,-3.53391957283,-1.15878236294,0
1539875343463093416,64.552169344,carbonZ_2018-10-18-11-04-08_1_engine_failure_with_emr_traj,engine,32.1100006104,-162.538528442,-0.507192671299,346,26.2564220428,-1.57087242603,-22.7199459076,14.604388237,-3.25473666191,-1.23226702213,0
1539875343499498696,64.588574624,carbonZ_2018-10-18-11-04-08_1_engine_failure_with_emr_traj,engine,31.9699993134,-162.538528442,-0.19442383945,346,26.2564220428,-1.57087242603,-22.7199459076,14.632598877,-3.08386707306,-1.25996315479,0
1539875343576793000,64.665868928,carbonZ_2018-10-18-11-04-08_1_engine_failure_with_emr_traj,engine,31.9699993134,-162.538528442,-0.19442383945,346,25.4894542694,1.70343434811,-18.002407074,14.7001771927,-2.66371250153,-1.3507194519,0
1539875343621533544,64.710609472,carbonZ_2018-10-18-11-04-08_1_engine_failure_with_emr_traj,engine,31.8199996948,-155.309875488,0.0760788470507,346,25.4894542694,1.70343434811,-18.002407074,14.7001771927,-2.66371250153,-1.3507194519,0
1539875343666867080,64.755943008,carbonZ_2018-10-18-11-04-08_1_engine_failure_with_emr_traj,engine,31.8199996948,-155.309875488,0.0760788470507,346,25.4894542694,1.70343434811,-18.002407074,14.7225904465,-2.44891786575,-1.36899971962,0
1539875343705703016,64.794778944,carbonZ_2018-10-18-11-04-08_1_engine_failure_with_emr_traj,engine,31.6599998474,-155.309875488,0.304315388203,347,25.4894542694,1.70343434811,-18.002407074,14.7432937622,-2.30171942711,-1.38748109341,0
1539875343784682152,64.87375808,carbonZ_2018-10-18-11-04-08_1_engine_failure_with_emr_traj,engine,31.6599998474,-155.309875488,0.304315388203,347,25.4894542694,1.70343434811,-18.002407074,14.7421283722,-2.09079194069,-1.24268341064,0
1539875343840558664,64.929634592,carbonZ_2018-10-18-11-04-08_1_engine_failure_with_emr_traj,engine,31.5,-152.825546265,0.507192254066,347,25.4894542694,1.70343434811,-18.002407074,14.7472887039,-1.92811024189,-1.17456078529,0
1539875343885301896,64.974377824,carbonZ_2018-10-18-11-04-08_1_engine_failure_with_emr_traj,engine,31.5,-152.825546265,0.507192254066,347,25.4894542694,1.70343434811,-18.002407074,14.7489547729,-1.82560288906,-1.17605495453,0
1539875343924686632,65.01376256,carbonZ_2018-10-18-11-04-08_1_engine_failure_with_emr_traj,engine,31.359998703,-152.825546265,0.68470954895,347,25.4894542694,1.70343434811,-18.002407074,14.7479362488,-1.73733341694,-1.15819275379,0
1539875343959878824,65.048954752,carbonZ_2018-10-18-11-04-08_1_engine_failure_with_emr_traj,engine,31.359998703,-152.825546265,0.68470954895,347,25.4894542694,1.70343434811,-18.002407074,14.7359638214,-1.65116357803,-1.13804852962,0
1539875343998887944,65.087963872,carbonZ_2018-10-18-11-04-08_1_engine_failure_with_emr_traj,engine,31.2099990845,-146.977233887,0.836867272854,347,17.3334789276,1.39687669277,-14.940495491,14.7249975204,-1.58202528954,-1.07844531536,0
1539875344089565640,65.178641568,carbonZ_2018-10-18-11-04-08_1_engine_failure_with_emr_traj,engine,31.2099990845,-146.977233887,0.836867272854,347,17.3334789276,1.39687669277,-14.940495491,14.6999378204,-1.42424440384,-1.04738175869,0
1539875344130087080,65.219163008,carbonZ_2018-10-18-11-04-08_1_engine_failure_with_emr_traj,engine,31.0900001526,-146.977233887,0.989024460316,347,17.3334789276,1.39687669277,-14.940495491,14.6878995895,-1.34560871124,-1.05336999893,0
1539875344169193352,65.25826928,carbonZ_2018-10-18-11-04-08_1_engine_failure_with_emr_traj,engine,31.0900001526,-146.977233887,0.989024460316,347,17.3334789276,1.39687669277,-14.940495491,14.6713943481,-1.28448474407,-1.00650238991,0
1539875344204763560,65.293839488,carbonZ_2018-10-18-11-04-08_1_engine_failure_with_emr_traj,engine,30.9599990845,-139.188766479,1.11582243443,347,17.3334789276,1.39687669277,-14.940495491,14.6539878845,-1.22201991081,-0.961538374424,0
1539875344269851112,65.35892704,carbonZ_2018-10-18-11-04-08_1_engine_failure_with_emr_traj,engine,30.9599990845,-139.188766479,1.11582243443,347,17.3334789276,1.39687669277,-14.940495491,14.6161851883,-1.09434437752,-0.834802508354,0
1539875344379822184,65.468898112,carbonZ_2018-10-18-11-04-08_1_engine_failure_with_emr_traj,engine,30.8499984741,-139.188766479,1.23416638374,347,17.3334789276,1.39687669277,-14.940495491,14.5882177353,-1.02979838848,-0.74372112751,0
1539875344392405224,65.481481152,carbonZ_2018-10-18-11-04-08_1_engine_failure_with_emr_traj,engine,30.75,-195.426940918,1.35251116753,347,17.3334789276,1.39687669277,-14.940495491,14.5776910782,-1.01824474335,-0.739823102951,0
1539875344446189288,65.535265216,carbonZ_2018-10-18-11-04-08_1_engine_failure_with_emr_traj,engine,30.75,-195.426940918,1.35251116753,347,17.3334789276,1.39687669277,-14.940495491,14.5510663986,-0.97983956337,-0.650789797306,0
1539875344480891592,65.56996752,carbonZ_2018-10-18-11-04-08_1_engine_failure_with_emr_traj,engine,30.75,-195.426940918,1.35251116753,347,17.3334789276,1.39687669277,-14.940495491,14.5318489075,-0.966022729874,-0.576089262962,0
1539875344539572584,65.628648512,carbonZ_2018-10-18-11-04-08_1_engine_failure_with_emr_traj,engine,30.6700000763,-195.426940918,1.45394957066,348,5.38581418991,-1.16896247864,-10.6984853745,14.491191864,-0.942011117935,-0.404883801937,0
1539875344571322216,65.660398144,carbonZ_2018-10-18-11-04-08_1_engine_failure_with_emr_traj,engine,30.6700000763,-195.426940918,1.45394957066,348,5.38581418991,-1.16896247864,-10.6984853745,14.491191864,-0.942011117935,-0.404883801937,0
1539875344622853960,65.711929888,carbonZ_2018-10-18-11-04-08_1_engine_failure_with_emr_traj,engine,30.5999984741,-184.769256592,1.56384038925,348,5.38581418991,-1.16896247864,-10.6984853745,14.4677381516,-0.90749078989,-0.284266382456,0
1539875344662219816,65.751295744,carbonZ_2018-10-18-11-04-08_1_engine_failure_with_emr_traj,engine,30.5999984741,-184.769256592,1.56384038925,348,5.38581418991,-1.16896247864,-10.6984853745,14.4602174759,-0.883445680141,-0.23827560246,0
1539875344705866056,65.794941984,carbonZ_2018-10-18-11-04-08_1_engine_failure_with_emr_traj,engine,30.5499992371,-184.769256592,1.6737319231,348,5.38581418991,-1.16896247864,-10.6984853745,14.4498577118,-0.854173481464,-0.205514669418,0
1539875344791549928,65.880625856,carbonZ_2018-10-18-11-04-08_1_engine_failure_with_emr_traj,engine,30.5499992371,-184.769256592,1.6737319231,348,5.38581418991,-1.16896247864,-10.6984853745,14.4202699661,-0.801484405994,0.00362578313798,0
1539875344827796072,65.916872,carbonZ_2018-10-18-11-04-08_1_engine_failure_with_emr_traj,engine,30.5100002289,-171.545791626,1.76671600342,348,5.38581418991,-1.16896247864,-10.6984853745,14.4092769623,-0.774068415165,0.0762388110161,0
1539875344908698152,65.99777408,carbonZ_2018-10-18-11-04-08_1_engine_failure_with_emr_traj,engine,30.5,-171.545791626,1.85970115662,348,5.38581418991,-1.16896247864,-10.6984853745,14.3971071243,-0.727358162403,0.212109297514,0
1539875344982239176,66.071315104,carbonZ_2018-10-18-11-04-08_1_engine_failure_with_emr_traj,engine,30.5,-171.545791626,1.85970115662,348,6.79440259933,-2.6490149498,-9.44463443756,14.3864002228,-0.685052633286,0.273522436619,0
1539875345011791432,66.10086736,carbonZ_2018-10-18-11-04-08_1_engine_failure_with_emr_traj,engine,30.5100002289,-176.834869385,1.94423305988,348,6.79440259933,-2.6490149498,-9.44463443756,14.3838443756,-0.668306231499,0.303592443466,0
1539875345060884968,66.149960896,carbonZ_2018-10-18-11-04-08_1_engine_failure_with_emr_traj,engine,30.5100002289,-176.834869385,1.94423305988,348,6.79440259933,-2.6490149498,-9.44463443756,14.3761749268,-0.643125295639,0.395402401686,0
1539875345131207336,66.220283264,carbonZ_2018-10-18-11-04-08_1_engine_failure_with_emr_traj,engine,30.5299987793,-176.834869385,2.02876400948,348,6.79440259933,-2.6490149498,-9.44463443756,14.3733882904,-0.637069761753,0.515558421612,0
1539875345167952584,66.257028512,carbonZ_2018-10-18-11-04-08_1_engine_failure_with_emr_traj,engine,30.5299987793,-176.834869385,2.02876400948,348,6.79440259933,-2.6490149498,-9.44463443756,14.3681650162,-0.633894026279,0.574926316738,0
1539875345227211432,66.31628736,carbonZ_2018-10-18-11-04-08_1_engine_failure_with_emr_traj,engine,30.5599994659,-167.023849487,2.10484266281,348,3.95103096962,-3.35521268845,-10.3603544235,14.3666553497,-0.647503554821,0.643557727337,0
1539875345273767752,66.36284368,carbonZ_2018-10-18-11-04-08_1_engine_failure_with_emr_traj,engine,30.5599994659,-167.023849487,2.10484266281,348,3.95103096962,-3.35521268845,-10.3603544235,14.3760652542,-0.654762148857,0.674943029881,0
1539875345357862920,66.446938848,carbonZ_2018-10-18-11-04-08_1_engine_failure_with_emr_traj,engine,30.5999984741,-167.023849487,2.18092012405,349,3.95103096962,-3.35521268845,-10.3603544235,14.3848161697,-0.655399739742,0.674218654633,0
1539875345382183656,66.471259584,carbonZ_2018-10-18-11-04-08_1_engine_failure_with_emr_traj,engine,30.5999984741,-167.023849487,2.18092012405,349,3.95103096962,-3.35521268845,-10.3603544235,14.4026432037,-0.665221869946,0.659144699574,0
1539875345414059688,66.503135616,carbonZ_2018-10-18-11-04-08_1_engine_failure_with_emr_traj,engine,30.6499996185,-170.421783447,2.26545166969,349,3.95103096962,-3.35521268845,-10.3603544235,14.4149093628,-0.668356478214,0.636648654938,0
1539875345480174376,66.569250304,carbonZ_2018-10-18-11-04-08_1_engine_failure_with_emr_traj,engine,30.6499996185,-170.421783447,2.26545166969,349,3.95103096962,-3.35521268845,-10.3603544235,14.4359207153,-0.682113647461,0.651496946812,0
1539875345503951080,66.593027008,carbonZ_2018-10-18-11-04-08_1_engine_failure_with_emr_traj,engine,30.6999988556,-170.421783447,2.34998345375,349,3.95103096962,-3.35521268845,-10.3603544235,14.4367694855,-0.681772112846,0.64621835947,0
1539875345573230792,66.66230672,carbonZ_2018-10-18-11-04-08_1_engine_failure_with_emr_traj,engine,30.6999988556,-170.421783447,2.34998345375,349,3.95103096962,-3.35521268845,-10.3603544235,14.4527111053,-0.706065416336,0.678720355034,0
1539875345589957064,66.679032992,carbonZ_2018-10-18-11-04-08_1_engine_failure_with_emr_traj,engine,30.7399997711,-175.532150269,2.43451476097,349,1.00249123573,-4.44613933563,-10.2801208496,14.460226059,-0.706832766533,0.724546551704,0
1539875345667253768,66.756329696,carbonZ_2018-10-18-11-04-08_1_engine_failure_with_emr_traj,engine,30.7399997711,-175.532150269,2.43451476097,349,1.00249123573,-4.44613933563,-10.2801208496,14.4736528397,-0.727720201015,0.819045543671,0
1539875345698465192,66.78754112,carbonZ_2018-10-18-11-04-08_1_engine_failure_with_emr_traj,engine,30.7899990082,-175.532150269,2.51904559135,349,1.00249123573,-4.44613933563,-10.2801208496,14.4807319641,-0.723718583584,0.852596640587,0
1539875345763742376,66.852818304,carbonZ_2018-10-18-11-04-08_1_engine_failure_with_emr_traj,engine,30.7899990082,-175.532150269,2.51904559135,349,1.00249123573,-4.44613933563,-10.2801208496,14.5126314163,-0.726942896843,0.914582431316,0
1539875345782002280,66.871078208,carbonZ_2018-10-18-11-04-08_1_engine_failure_with_emr_traj,engine,30.7899990082,-175.532150269,2.51904559135,349,1.00249123573,-4.44613933563,-10.2801208496,14.5185289383,-0.720705509186,0.954820156097,0
1539875345881358216,66.970434144,carbonZ_2018-10-18-11-04-08_1_engine_failure_with_emr_traj,engine,30.8499984741,-190.26965332,2.60357713699,349,1.00249123573,-4.44613933563,-10.2801208496,14.5411758423,-0.729691743851,1.10477685928,0
1539875345970956072,67.060032,carbonZ_2018-10-18-11-04-08_1_engine_failure_with_emr_traj,engine,30.9200000763,-190.26965332,2.68810892105,349,1.00249123573,-4.44613933563,-10.2801208496,14.5608949661,-0.760412991047,1.15629804134,0
1539875345994806760,67.083882688,carbonZ_2018-10-18-11-04-08_1_engine_failure_with_emr_traj,engine,31.0100002289,-193.550491333,2.77264094353,350,1.00249123573,-4.44613933563,-10.2801208496,14.5627231598,-0.759527206421,1.14273810387,0
1539875346038287272,67.1273632,carbonZ_2018-10-18-11-04-08_1_engine_failure_with_emr_traj,engine,31.0100002289,-193.550491333,2.77264094353,350,4.62826776505,-5.84406518936,-10.2734451294,14.5978937149,-0.75956004858,1.12990856171,0
1539875346144760040,67.233835968,carbonZ_2018-10-18-11-04-08_1_engine_failure_with_emr_traj,engine,31.0999984741,-193.550491333,2.85717058182,350,4.62826776505,-5.84406518936,-10.2734451294,14.6476402283,-0.742002129555,1.08841860294,0
1539875346197905000,67.286980928,carbonZ_2018-10-18-11-04-08_1_engine_failure_with_emr_traj,engine,31.1899986267,-189.504821777,2.94170212746,350,4.62826776505,-5.84406518936,-10.2734451294,14.6710300446,-0.707500338554,1.08624255657,0
1539875346239413640,67.328489568,carbonZ_2018-10-18-11-04-08_1_engine_failure_with_emr_traj,engine,31.1899986267,-189.504821777,2.94170212746,350,4.62826776505,-5.84406518936,-10.2734451294,14.6917648315,-0.68323045969,1.10047864914,0
1539875346277640680,67.366716608,carbonZ_2018-10-18-11-04-08_1_engine_failure_with_emr_traj,engine,31.1899986267,-189.504821777,2.94170212746,350,4.62826776505,-5.84406518936,-10.2734451294,14.715798378,-0.653083086014,1.10314023495,0
1539875346367843400,67.456919328,carbonZ_2018-10-18-11-04-08_1_engine_failure_with_emr_traj,engine,31.2799987793,-189.504821777,3.01777935028,350,4.62826776505,-5.84406518936,-10.2734451294,14.767326355,-0.580525457859,1.09247207642,0
1539875346395527176,67.484603104,carbonZ_2018-10-18-11-04-08_1_engine_failure_with_emr_traj,engine,31.3799991608,-206.180755615,3.08540487289,350,4.62826776505,-5.84406518936,-10.2734451294,14.797876358,-0.528835475445,1.04142165184,0
1539875346468020040,67.557095968,carbonZ_2018-10-18-11-04-08_1_engine_failure_with_emr_traj,engine,31.3799991608,-206.180755615,3.08540487289,350,4.62826776505,-5.84406518936,-10.2734451294,14.8440570831,-0.446421414614,0.9430077672,0
1539875346491671176,67.580747104,carbonZ_2018-10-18-11-04-08_1_engine_failure_with_emr_traj,engine,31.3799991608,-206.180755615,3.08540487289,350,4.62826776505,-5.84406518936,-10.2734451294,14.8711843491,-0.421282082796,0.873841524124,0
1539875346525095848,67.614171776,carbonZ_2018-10-18-11-04-08_1_engine_failure_with_emr_traj,engine,31.4599990845,-206.180755615,3.13612246513,350,7.00813674927,-5.72321796417,-8.32522964478,14.913933754,-0.374268233776,0.725669324398,0
1539875346584339112,67.67341504,carbonZ_2018-10-18-11-04-08_1_engine_failure_with_emr_traj,engine,31.5199985504,-215.166290283,3.16993498802,351,7.00813674927,-5.72321796417,-8.32522964478,14.9694709778,-0.301488727331,0.485301136971,0
1539875346619006952,67.70808288,carbonZ_2018-10-18-11-04-08_1_engine_failure_with_emr_traj,engine,31.5199985504,-215.166290283,3.16993498802,351,7.00813674927,-5.72321796417,-8.32522964478,15.0018644333,-0.261699050665,0.388396799564,0
1539875346658783464,67.747859392,carbonZ_2018-10-18-11-04-08_1_engine_failure_with_emr_traj,engine,31.5199985504,-215.166290283,3.16993498802,351,7.00813674927,-5.72321796417,-8.32522964478,15.0268535614,-0.231704086065,0.356905460358,0
1539875346727527464,67.816603392,carbonZ_2018-10-18-11-04-08_1_engine_failure_with_emr_traj,engine,31.5499992371,-215.166290283,3.19529294968,351,7.00813674927,-5.72321796417,-8.32522964478,15.0629768372,-0.211022108793,0.300408482552,0
1539875346766962888,67.856038816,carbonZ_2018-10-18-11-04-08_1_engine_failure_with_emr_traj,engine,31.5499992371,-215.166290283,3.19529294968,351,7.00813674927,-5.72321796417,-8.32522964478,15.0745944977,-0.205543488264,0.306108832359,0
1539875346799390408,67.888466336,carbonZ_2018-10-18-11-04-08_1_engine_failure_with_emr_traj,engine,31.5599994659,-229.40234375,3.20374584198,351,7.00813674927,-5.72321796417,-8.32522964478,15.0763463974,-0.211046338081,0.374546945095,0
1539875346890122504,67.979198432,carbonZ_2018-10-18-11-04-08_1_engine_failure_with_emr_traj,engine,31.5599994659,-229.40234375,3.20374584198,351,7.00813674927,-5.72321796417,-8.32522964478,15.0732002258,-0.218122720718,0.497265815735,0
1539875346913769544,68.002845472,carbonZ_2018-10-18-11-04-08_1_engine_failure_with_emr_traj,engine,31.5900001526,-229.40234375,3.2121989727,351,7.00813674927,-5.72321796417,-8.32522964478,15.0692577362,-0.215963438153,0.527252852917,0
1539875346952866760,68.041942688,carbonZ_2018-10-18-11-04-08_1_engine_failure_with_emr_traj,engine,31.5900001526,-229.40234375,3.2121989727,351,5.1760840416,-5.09454727173,-9.63937473297,15.0717382431,-0.218028068542,0.577099025249,0
1539875346983619720,68.072695648,carbonZ_2018-10-18-11-04-08_1_engine_failure_with_emr_traj,engine,31.6299991608,-238.986206055,3.22910404205,351,5.1760840416,-5.09454727173,-9.63937473297,15.0739326477,-0.218260169029,0.640335381031,0
1539875347047696712,68.13677264,carbonZ_2018-10-18-11-04-08_1_engine_failure_with_emr_traj,engine,31.6299991608,-238.986206055,3.22910404205,351,5.1760840416,-5.09454727173,-9.63937473297,15.0740814209,-0.218375146389,0.703033149242,0
1539875347080016104,68.169092032,carbonZ_2018-10-18-11-04-08_1_engine_failure_with_emr_traj,engine,31.6299991608,-238.986206055,3.22910404205,351,5.1760840416,-5.09454727173,-9.63937473297,15.0765686035,-0.228001594543,0.765959084034,0
1539875347132212872,68.2212888,carbonZ_2018-10-18-11-04-08_1_engine_failure_with_emr_traj,engine,31.6899986267,-238.986206055,3.24601054192,351,5.1760840416,-5.09454727173,-9.63937473297,15.0795269012,-0.243394866586,0.804012298584,0
1539875347170975240,68.260051168,carbonZ_2018-10-18-11-04-08_1_engine_failure_with_emr_traj,engine,31.6899986267,-238.986206055,3.24601054192,351,5.1760840416,-5.09454727173,-9.63937473297,15.0877065659,-0.277465045452,0.768426060677,0
1539875347223192680,68.312268608,carbonZ_2018-10-18-11-04-08_1_engine_failure_with_emr_traj,engine,31.7699985504,-244.750976562,3.26291489601,352,5.1760840416,-5.09454727173,-9.63937473297,15.1032867432,-0.34870326519,0.59470641613,0
1539875347271336104,68.360412032,carbonZ_2018-10-18-11-04-08_1_engine_failure_with_emr_traj,engine,31.7699985504,-244.750976562,3.26291489601,352,5.1760840416,-5.09454727173,-9.63937473297,15.1097202301,-0.39976221323,0.511344611645,0
1539875347312784264,68.401860192,carbonZ_2018-10-18-11-04-08_1_engine_failure_with_emr_traj,engine,31.8199996948,-244.750976562,3.30518054962,352,5.1760840416,-5.09454727173,-9.63937473297,15.1112136841,-0.445064812899,0.465822309256,0
1539875347391799816,68.480875744,carbonZ_2018-10-18-11-04-08_1_engine_failure_with_emr_traj,engine,31.8199996948,-244.750976562,3.30518054962,352,-6.17755937576,-4.0636510849,-7.80429983139,15.1156606674,-0.537427783012,0.295007050037,0
1539875347417700648,68.506776576,carbonZ_2018-10-18-11-04-08_1_engine_failure_with_emr_traj,engine,31.859998703,-244.678497314,3.35589718819,352,-6.17755937576,-4.0636510849,-7.80429983139,15.1193399429,-0.563303112984,0.231720596552,0
1539875347470507400,68.559583328,carbonZ_2018-10-18-11-04-08_1_engine_failure_with_emr_traj,engine,31.859998703,-244.678497314,3.35589718819,352,-6.17755937576,-4.0636510849,-7.80429983139,15.1214609146,-0.604845225811,0.1309068501,0
1539875347507156520,68.596232448,carbonZ_2018-10-18-11-04-08_1_engine_failure_with_emr_traj,engine,31.8799991608,-244.678497314,3.41506910324,352,-6.17755937576,-4.0636510849,-7.80429983139,15.123916626,-0.6377415061,0.0456779785454,0
1539875347570222152,68.65929808,carbonZ_2018-10-18-11-04-08_1_engine_failure_with_emr_traj,engine,31.8799991608,-244.678497314,3.41506910324,352,-6.17755937576,-4.0636510849,-7.80429983139,15.1382350922,-0.684288859367,-0.10575953871,0
1539875347608704168,68.697780096,carbonZ_2018-10-18-11-04-08_1_engine_failure_with_emr_traj,engine,31.8699989319,-256.169891357,3.49114727974,353,-6.17755937576,-4.0636510849,-7.80429983139,15.1442241669,-0.704653322697,-0.210874468088,0
1539875347665604872,68.7546808,carbonZ_2018-10-18-11-04-08_1_engine_failure_with_emr_traj,engine,31.8699989319,-256.169891357,3.49114727974,353,-6.17755937576,-4.0636510849,-7.80429983139,15.1380281448,-0.726181089878,-0.34653878212,0
1539875347722207016,68.811282944,carbonZ_2018-10-18-11-04-08_1_engine_failure_with_emr_traj,engine,31.8400001526,-256.169891357,3.5672249794,353,-2.14565563202,-3.06369590759,-10.5284729004,15.1327075958,-0.726925492287,-0.392132550478,0
1539875347765116680,68.854192608,carbonZ_2018-10-18-11-04-08_1_engine_failure_with_emr_traj,engine,31.8400001526,-256.169891357,3.5672249794,353,-2.14565563202,-3.06369590759,-10.5284729004,15.111661911,-0.74587136507,-0.416188299656,0
1539875347823317896,68.912393824,carbonZ_2018-10-18-11-04-08_1_engine_failure_with_emr_traj,engine,31.7999992371,-253.815078735,3.6433031559,353,-2.14565563202,-3.06369590759,-10.5284729004,15.096824646,-0.756375908852,-0.432615309954,0
1539875347906686280,68.995762208,carbonZ_2018-10-18-11-04-08_1_engine_failure_with_emr_traj,engine,31.7600002289,-253.815078735,3.71937847137,353,-2.14565563202,-3.06369590759,-10.5284729004,15.0607585907,-0.793394744396,-0.43941321969,0
1539875347980288904,69.069364832,carbonZ_2018-10-18-11-04-08_1_engine_failure_with_emr_traj,engine,31.7600002289,-253.815078735,3.71937847137,353,-2.14565563202,-3.06369590759,-10.5284729004,15.0317907333,-0.833174407482,-0.581095516682,0
1539875348016160008,69.105235936,carbonZ_2018-10-18-11-04-08_1_engine_failure_with_emr_traj,engine,31.7199993134,-251.61151123,3.80390954018,354,-2.14565563202,-3.06369590759,-10.5284729004,15.0197839737,-0.838531136513,-0.634483397007,0
1539875348079216424,69.168292352,carbonZ_2018-10-18-11-04-08_1_engine_failure_with_emr_traj,engine,31.7199993134,-251.61151123,3.80390954018,354,-2.14565563202,-3.06369590759,-10.5284729004,14.9941196442,-0.877317965031,-0.922790229321,0
1539875348106990952,69.19606688,carbonZ_2018-10-18-11-04-08_1_engine_failure_with_emr_traj,engine,31.6499996185,-251.61151123,3.87998795509,354,-2.14565563202,-3.06369590759,-10.5284729004,14.9932231903,-0.89251190424,-0.989049315453,0
1539875348183154440,69.272230368,carbonZ_2018-10-18-11-04-08_1_engine_failure_with_emr_traj,engine,31.6499996185,-251.61151123,3.87998795509,354,2.02972817421,-2.18949317932,-14.6440706253,14.9654111862,-0.910153031349,-1.1084061861,0
1539875348210676968,69.299752896,carbonZ_2018-10-18-11-04-08_1_engine_failure_with_emr_traj,engine,31.5599994659,-244.075775146,3.96451854706,354,2.02972817421,-2.18949317932,-14.6440706253,14.9507904053,-0.915513932705,-1.15848219395,0
1539875348266281608,69.355357536,carbonZ_2018-10-18-11-04-08_1_engine_failure_with_emr_traj,engine,31.5599994659,-244.075775146,3.96451854706,354,2.02972817421,-2.18949317932,-14.6440706253,14.931429863,-0.887944579124,-1.1757568121,0
1539875348314208520,69.403284448,carbonZ_2018-10-18-11-04-08_1_engine_failure_with_emr_traj,engine,31.4399986267,-244.075775146,4.05750322342,355,2.02972817421,-2.18949317932,-14.6440706253,14.9276380539,-0.881358981133,-1.19765067101,0
1539875348401863912,69.49093984,carbonZ_2018-10-18-11-04-08_1_engine_failure_with_emr_traj,engine,31.3199996948,-244.033432007,4.14203262329,355,2.02972817421,-2.18949317932,-14.6440706253,14.9085617065,-0.800965607166,-1.24138855934,0
1539875348472494024,69.561569952,carbonZ_2018-10-18-11-04-08_1_engine_failure_with_emr_traj,engine,31.3199996948,-244.033432007,4.14203262329,355,6.22140216827,-3.10233163834,-13.3400506973,14.8878498077,-0.769428193569,-1.11235189438,0
1539875348494204520,69.583280448,carbonZ_2018-10-18-11-04-08_1_engine_failure_with_emr_traj,engine,31.1999988556,-244.033432007,4.21811103821,355,6.22140216827,-3.10233163834,-13.3400506973,14.8761940002,-0.752247035503,-1.0863275528,0
1539875348583527176,69.672603104,carbonZ_2018-10-18-11-04-08_1_engine_failure_with_emr_traj,engine,31.1999988556,-244.033432007,4.21811103821,355,6.22140216827,-3.10233163834,-13.3400506973,14.8651342392,-0.65946495533,-1.02543509007,0
1539875348611976712,69.70105264,carbonZ_2018-10-18-11-04-08_1_engine_failure_with_emr_traj,engine,31.0900001526,-239.057159424,4.28573608398,356,6.22140216827,-3.10233163834,-13.3400506973,14.86769104,-0.63659709692,-1.04964315891,0
1539875348682114984,69.771190912,carbonZ_2018-10-18-11-04-08_1_engine_failure_with_emr_traj,engine,31.0900001526,-239.057159424,4.28573608398,356,6.22140216827,-3.10233163834,-13.3400506973,14.8696470261,-0.51222640276,-1.0722001791,0
1539875348710466216,69.799542144,carbonZ_2018-10-18-11-04-08_1_engine_failure_with_emr_traj,engine,30.9799995422,-239.057159424,4.33645105362,356,6.22140216827,-3.10233163834,-13.3400506973,14.8696146011,-0.498662620783,-1.00406849384,0
1539875348755831560,69.844907488,carbonZ_2018-10-18-11-04-08_1_engine_failure_with_emr_traj,engine,30.9799995422,-239.057159424,4.33645105362,356,6.22140216827,-3.10233163834,-13.3400506973,14.8492078781,-0.466955274343,-0.877541542053,0
1539875348794650728,69.883726656,carbonZ_2018-10-18-11-04-08_1_engine_failure_with_emr_traj,engine,30.8999996185,-224.65914917,4.37026357651,356,6.22140216827,-3.10233163834,-13.3400506973,14.8329572678,-0.396649301052,-0.748166620731,0
1539875348848665192,69.93774112,carbonZ_2018-10-18-11-04-08_1_engine_failure_with_emr_traj,engine,30.8999996185,-224.65914917,4.37026357651,356,6.22140216827,-3.10233163834,-13.3400506973,14.8124456406,-0.29248124361,-0.679636776447,0
1539875348926631048,70.015706976,carbonZ_2018-10-18-11-04-08_1_engine_failure_with_emr_traj,engine,30.8299999237,-224.65914917,4.38716840744,357,6.22140216827,-3.10233163834,-13.3400506973,14.8124456406,-0.29248124361,-0.679636776447,0
1539875348994142536,70.083218464,carbonZ_2018-10-18-11-04-08_1_engine_failure_with_emr_traj,engine,30.8299999237,-224.65914917,4.38716840744,357,6.22140216827,-3.10233163834,-13.3400506973,14.8108272552,-0.227576375008,-0.700644016266,0
1539875349043232520,70.132308448,carbonZ_2018-10-18-11-04-08_1_engine_failure_with_emr_traj,engine,30.7699985504,-225.226013184,4.40407419205,357,7.04537630081,-3.53129863739,-12.7779216766,14.8119974136,-0.1717158705,-0.750011384487,0
1539875349147413064,70.236488992,carbonZ_2018-10-18-11-04-08_1_engine_failure_with_emr_traj,engine,30.7099990845,-225.226013184,4.41252756119,357,7.04537630081,-3.53129863739,-12.7779216766,14.7996416092,-0.0632121488452,-0.862913548946,0
1539875349183422152,70.27249808,carbonZ_2018-10-18-11-04-08_1_engine_failure_with_emr_traj,engine,30.7099990845,-225.226013184,4.41252756119,357,7.04537630081,-3.53129863739,-12.7779216766,14.7929449081,-0.012126725167,-0.927231192589,0
1539875349243526632,70.33260256,carbonZ_2018-10-18-11-04-08_1_engine_failure_with_emr_traj,engine,30.6299991608,-220.60585022,4.3956193924,357,7.04537630081,-3.53129863739,-12.7779216766,14.8031644821,0.0773210301995,-1.01628744602,0
1539875349288417992,70.37749392,carbonZ_2018-10-18-11-04-08_1_engine_failure_with_emr_traj,engine,30.6299991608,-220.60585022,4.3956193924,357,7.04537630081,-3.53129863739,-12.7779216766,14.8047733307,0.155911371112,-1.10827994347,0
1539875349348296168,70.437372096,carbonZ_2018-10-18-11-04-08_1_engine_failure_with_emr_traj,engine,30.5299987793,-220.60585022,4.37871360779,358,7.04537630081,-3.53129863739,-12.7779216766,14.804816246,0.271776169538,-1.01731693745,0
1539875349408176232,70.49725216,carbonZ_2018-10-18-11-04-08_1_engine_failure_with_emr_traj,engine,30.4299983978,-223.961639404,4.33644580841,358,7.04537630081,-3.53129863739,-12.7779216766,14.7931556702,0.37332713604,-0.781787633896,0
1539875349434094920,70.523170848,carbonZ_2018-10-18-11-04-08_1_engine_failure_with_emr_traj,engine,30.4299983978,-223.961639404,4.33644580841,358,7.04537630081,-3.53129863739,-12.7779216766,14.7809648514,0.413240730762,-0.695911228657,0
1539875349466327720,70.555403648,carbonZ_2018-10-18-11-04-08_1_engine_failure_with_emr_traj,engine,30.4299983978,-223.961639404,4.33644580841,358,16.5637874603,-5.14995765686,-11.9941682816,14.7837591171,0.481005817652,-0.511620342731,0
1539875349503436072,70.592512,carbonZ_2018-10-18-11-04-08_1_engine_failure_with_emr_traj,engine,30.359998703,-223.961639404,4.27727365494,358,16.5637874603,-5.14995765686,-11.9941682816,14.778834343,0.564777314663,-0.364618092775,0
1539875349588757800,70.677833728,carbonZ_2018-10-18-11-04-08_1_engine_failure_with_emr_traj,engine,30.359998703,-223.961639404,4.27727365494,358,16.5637874603,-5.14995765686,-11.9941682816,14.7915945053,0.771334111691,-0.16231970489,0
1539875349605977448,70.695053376,carbonZ_2018-10-18-11-04-08_1_engine_failure_with_emr_traj,engine,30.3299999237,-224.654388428,4.18428754807,358,16.5637874603,-5.14995765686,-11.9941682816,14.801815033,0.818061470985,-0.136515602469,0
1539875349685097736,70.774173664,carbonZ_2018-10-18-11-04-08_1_engine_failure_with_emr_traj,engine,30.3299999237,-224.654388428,4.18428754807,358,16.5637874603,-5.14995765686,-11.9941682816,14.8346672058,0.993027091026,-0.0805218666792,0
1539875349715172040,70.804247968,carbonZ_2018-10-18-11-04-08_1_engine_failure_with_emr_traj,engine,30.3199996948,-224.654388428,4.0743970871,359,16.5637874603,-5.14995765686,-11.9941682816,14.8367481232,1.04223632812,-0.0915446057916,0
1539875349755784072,70.84486,carbonZ_2018-10-18-11-04-08_1_engine_failure_with_emr_traj,engine,30.3199996948,-224.654388428,4.0743970871,359,16.5637874603,-5.14995765686,-11.9941682816,14.8759040833,1.19332027435,-0.101307764649,0
1539875349816184360,70.905260288,carbonZ_2018-10-18-11-04-08_1_engine_failure_with_emr_traj,engine,30.3199996948,-216.601379395,3.93914723396,359,16.5637874603,-5.14995765686,-11.9941682816,14.8851776123,1.26610863209,-0.0728597119451,0
1539875349862155944,70.951231872,carbonZ_2018-10-18-11-04-08_1_engine_failure_with_emr_traj,engine,30.3199996948,-216.601379395,3.93914723396,359,11.5946741104,-5.07453536987,-12.665810585,14.8933496475,1.33430182934,-0.00452969688922,0
1539875349900884584,70.989960512,carbonZ_2018-10-18-11-04-08_1_engine_failure_with_emr_traj,engine,30.3199996948,-216.601379395,3.7954428196,359,11.5946741104,-5.07453536987,-12.665810585,14.9004592896,1.34433412552,0.00849917903543,0
1539875349991558504,71.080634432,carbonZ_2018-10-18-11-04-08_1_engine_failure_with_emr_traj,engine,30.3199996948,-216.601379395,3.7954428196,359,11.5946741104,-5.07453536987,-12.665810585,14.9139766693,1.39566719532,0.0645890682936,0
1539875350019240456,71.108316384,carbonZ_2018-10-18-11-04-08_1_engine_failure_with_emr_traj,engine,30.3199996948,-234.849365234,3.64328670502,359,11.5946741104,-5.07453536987,-12.665810585,14.9192171097,1.39790225029,0.0712719932199,0
1539875350062722664,71.151798592,carbonZ_2018-10-18-11-04-08_1_engine_failure_with_emr_traj,engine,30.3199996948,-234.849365234,3.64328670502,359,11.5946741104,-5.07453536987,-12.665810585,14.9343538284,1.37984323502,0.142282873392,0
1539875350123993480,71.213069408,carbonZ_2018-10-18-11-04-08_1_engine_failure_with_emr_traj,engine,30.3299999237,-234.849365234,3.49113130569,359,11.5946741104,-5.07453536987,-12.665810585,14.9301490784,1.36192584038,0.153351485729,0
1539875350186323208,71.275399136,carbonZ_2018-10-18-11-04-08_1_engine_failure_with_emr_traj,engine,30.3299999237,-234.849365234,3.49113130569,359,3.5278813839,-6.52472114563,-12.1254396439,14.9313526154,1.31079697609,0.172966465354,0
1539875350201032456,71.290108384,carbonZ_2018-10-18-11-04-08_1_engine_failure_with_emr_traj,engine,30.3400001526,-234.984970093,3.34742641449,360,3.5278813839,-6.52472114563,-12.1254396439,14.938249588,1.28653776646,0.196095272899,0
1539875350302339848,71.391415776,carbonZ_2018-10-18-11-04-08_1_engine_failure_with_emr_traj,engine,30.359998703,-234.984970093,3.2206299305,360,3.5278813839,-6.52472114563,-12.1254396439,14.94926548,1.21397769451,0.22644713521,0
1539875350364543624,71.453619552,carbonZ_2018-10-18-11-04-08_1_engine_failure_with_emr_traj,engine,30.359998703,-234.984970093,3.2206299305,360,3.5278813839,-6.52472114563,-12.1254396439,14.9544363022,1.19209527969,0.349791020155,0
1539875350421807720,71.510883648,carbonZ_2018-10-18-11-04-08_1_engine_failure_with_emr_traj,engine,30.3799991608,-237.869262695,3.11073803902,360,1.41657137871,-8.55027198792,-9.28246688843,14.9513902664,1.17893576622,0.541536390781,0
1539875350459800584,71.548876512,carbonZ_2018-10-18-11-04-08_1_engine_failure_with_emr_traj,engine,30.3799991608,-237.869262695,3.11073803902,360,1.41657137871,-8.55027198792,-9.28246688843,14.9582662582,1.16578197479,0.623294770718,0
1539875350497917928,71.586993856,carbonZ_2018-10-18-11-04-08_1_engine_failure_with_emr_traj,engine,30.4399986267,-237.869262695,3.00084781647,360,1.41657137871,-8.55027198792,-9.28246688843,14.9712085724,1.147808671,0.711225986481,0
1539875350565602056,71.654677984,carbonZ_2018-10-18-11-04-08_1_engine_failure_with_emr_traj,engine,30.4399986267,-237.869262695,3.00084781647,360,1.41657137871,-8.55027198792,-9.28246688843,14.9899730682,1.13981235027,0.819561839104,0
1539875350595931880,71.685007808,carbonZ_2018-10-18-11-04-08_1_engine_failure_with_emr_traj,engine,30.5100002289,-230.704498291,2.89095592499,361,1.41657137871,-8.55027198792,-9.28246688843,14.9990510941,1.13842320442,0.88597881794,0
1539875350683375624,71.772451552,carbonZ_2018-10-18-11-04-08_1_engine_failure_with_emr_traj,engine,30.5100002289,-230.704498291,2.89095592499,361,1.41657137871,-8.55027198792,-9.28246688843,15.0324163437,1.1138137579,1.00047850609,0
1539875350762130952,71.85120688,carbonZ_2018-10-18-11-04-08_1_engine_failure_with_emr_traj,engine,30.609998703,-230.704498291,2.78106570244,361,1.41657137871,-8.55027198792,-9.28246688843,15.0497016907,1.10509431362,1.13140571117,0
1539875350791778056,71.880853984,carbonZ_2018-10-18-11-04-08_1_engine_failure_with_emr_traj,engine,30.609998703,-230.704498291,2.78106570244,361,1.41657137871,-8.55027198792,-9.28246688843,15.0538959503,1.11118960381,1.18079686165,0
1539875350816487848,71.905563776,carbonZ_2018-10-18-11-04-08_1_engine_failure_with_emr_traj,engine,30.7199993134,-231.167602539,2.67117547989,361,1.41657137871,-8.55027198792,-9.28246688843,15.0719366074,1.10007870197,1.26037967205,0
1539875350897048360,71.986124288,carbonZ_2018-10-18-11-04-08_1_engine_failure_with_emr_traj,engine,30.7199993134,-231.167602539,2.67117547989,361,1.41657137871,-8.55027198792,-9.28246688843,15.1017341614,1.06805515289,1.28120541573,0
1539875350915714824,72.004790752,carbonZ_2018-10-18-11-04-08_1_engine_failure_with_emr_traj,engine,30.859998703,-231.167602539,2.56128501892,361,-3.27937793732,-9.00959587097,-7.49423217773,15.1017341614,1.06805515289,1.28120541573,0
1539875350986071048,72.075146976,carbonZ_2018-10-18-11-04-08_1_engine_failure_with_emr_traj,engine,30.859998703,-231.167602539,2.56128501892,361,-3.27937793732,-9.00959587097,-7.49423217773,15.1464214325,1.0177410841,1.31916928291,0
1539875351001376360,72.090452288,carbonZ_2018-10-18-11-04-08_1_engine_failure_with_emr_traj,engine,30.9899997711,-242.312805176,2.45984816551,362,-3.27937793732,-9.00959587097,-7.49423217773,15.1666297913,0.998478412628,1.31010651588,0
1539875351069646632,72.15872256,carbonZ_2018-10-18-11-04-08_1_engine_failure_with_emr_traj,engine,30.9899997711,-242.312805176,2.45984816551,362,-3.27937793732,-9.00959587097,-7.49423217773,15.2140617371,0.94017213583,1.24133348465,0
1539875351108133032,72.19720896,carbonZ_2018-10-18-11-04-08_1_engine_failure_with_emr_traj,engine,31.1199989319,-242.312805176,2.35840892792,362,-3.27937793732,-9.00959587097,-7.49423217773,15.2415781021,0.8919891119,1.22337114811,0
1539875351154844296,72.243920224,carbonZ_2018-10-18-11-04-08_1_engine_failure_with_emr_traj,engine,31.1199989319,-242.312805176,2.35840892792,362,-3.27937793732,-9.00959587097,-7.49423217773,15.2742242813,0.850856781006,1.13515734673,0
1539875351207797064,72.296872992,carbonZ_2018-10-18-11-04-08_1_engine_failure_with_emr_traj,engine,31.2399997711,-254.348937988,2.27387809753,362,-3.27937793732,-9.00959587097,-7.49423217773,15.335059166,0.805887341499,0.986081004143,0
1539875351245428232,72.33450416,carbonZ_2018-10-18-11-04-08_1_engine_failure_with_emr_traj,engine,31.2399997711,-254.348937988,2.27387809753,362,-3.27937793732,-9.00959587097,-7.49423217773,15.362033844,0.782510280609,0.928844094276,0
1539875351279084456,72.368160384,carbonZ_2018-10-18-11-04-08_1_engine_failure_with_emr_traj,engine,31.2399997711,-254.348937988,2.27387809753,362,-2.81345081329,-8.11653709412,-10.6253910065,15.3917102814,0.753735780716,0.886660456657,0
1539875351351539400,72.440615328,carbonZ_2018-10-18-11-04-08_1_engine_failure_with_emr_traj,engine,31.3400001526,-254.348937988,2.18934726715,363,-2.81345081329,-8.11653709412,-10.6253910065,15.4442501068,0.635575532913,0.812870740891,0
1539875351385807624,72.474883552,carbonZ_2018-10-18-11-04-08_1_engine_failure_with_emr_traj,engine,31.3400001526,-254.348937988,2.18934726715,363,-2.81345081329,-8.11653709412,-10.6253910065,15.4462394714,0.598247826099,0.774670541286,0
1539875351451021960,72.540097888,carbonZ_2018-10-18-11-04-08_1_engine_failure_with_emr_traj,engine,31.4099998474,-263.040924072,2.12172198296,363,-2.81345081329,-8.11653709412,-10.6253910065,15.4678182602,0.342559963465,0.644018411636,0
1539875351519907048,72.608982976,carbonZ_2018-10-18-11-04-08_1_engine_failure_with_emr_traj,engine,31.4699993134,-263.040924072,2.07945680618,364,-2.81345081329,-8.11653709412,-10.6253910065,15.4707975388,0.124501280487,0.565847754478,0
1539875351556634952,72.64571088,carbonZ_2018-10-18-11-04-08_1_engine_failure_with_emr_traj,engine,31.4699993134,-263.040924072,2.07945680618,364,-2.81345081329,-8.11653709412,-10.6253910065,15.4707975388,0.124501280487,0.565847754478,0
1539875351594751784,72.683827712,carbonZ_2018-10-18-11-04-08_1_engine_failure_with_emr_traj,engine,31.5199985504,-268.993377686,2.07100200653,364,-2.81345081329,-8.11653709412,-10.6253910065,15.4691209793,-0.0932008102536,0.531743586063,0
1539875351664730152,72.75380608,carbonZ_2018-10-18-11-04-08_1_engine_failure_with_emr_traj,engine,31.5199985504,-268.993377686,2.07100200653,364,-12.8955192566,-7.75758647919,-13.1575555801,15.4610538483,-0.267788916826,0.562119305134,0
1539875351693226728,72.782302656,carbonZ_2018-10-18-11-04-08_1_engine_failure_with_emr_traj,engine,31.5199985504,-268.993377686,2.07100200653,364,-12.8955192566,-7.75758647919,-13.1575555801,15.4576339722,-0.320666968822,0.579215049744,0
1539875351763389256,72.852465184,carbonZ_2018-10-18-11-04-08_1_engine_failure_with_emr_traj,engine,31.5699996948,-268.993377686,2.09636116028,364,-12.8955192566,-7.75758647919,-13.1575555801,15.45246315,-0.486075460911,0.706085264683,0
1539875351782287944,72.871363872,carbonZ_2018-10-18-11-04-08_1_engine_failure_with_emr_traj,engine,31.5699996948,-268.993377686,2.09636116028,364,-12.8955192566,-7.75758647919,-13.1575555801,15.455488205,-0.53223067522,0.72460526228,0
1539875351833993192,72.92306912,carbonZ_2018-10-18-11-04-08_1_engine_failure_with_emr_traj,engine,31.6199989319,-279.398162842,2.1555325985,365,-12.8955192566,-7.75758647919,-13.1575555801,15.4683589935,-0.636484920979,0.775768756866,0
1539875351877947720,72.967023648,carbonZ_2018-10-18-11-04-08_1_engine_failure_with_emr_traj,engine,31.6199989319,-279.398162842,2.1555325985,365,-12.8955192566,-7.75758647919,-13.1575555801,15.4726314545,-0.699560821056,0.783727228642,0
1539875351962846536,73.051922464,carbonZ_2018-10-18-11-04-08_1_engine_failure_with_emr_traj,engine,31.6899986267,-279.398162842,2.23160982132,366,-12.8955192566,-7.75758647919,-13.1575555801,15.5135612488,-0.813657701015,0.821398794651,0
1539875352000830920,73.089906848,carbonZ_2018-10-18-11-04-08_1_engine_failure_with_emr_traj,engine,31.7699985504,-283.529663086,2.32459354401,366,-12.8955192566,-7.75758647919,-13.1575555801,15.5135612488,-0.813657701015,0.821398794651,0
1539875352061969704,73.151045632,carbonZ_2018-10-18-11-04-08_1_engine_failure_with_emr_traj,engine,31.7699985504,-283.529663086,2.32459354401,366,-12.8955192566,-7.75758647919,-13.1575555801,15.5533638,-0.885595858097,0.761754214764,0
1539875352079566120,73.168642048,carbonZ_2018-10-18-11-04-08_1_engine_failure_with_emr_traj,engine,31.7699985504,-283.529663086,2.32459354401,366,-12.8955192566,-7.75758647919,-13.1575555801,15.571721077,-0.893843531609,0.757889270782,0
1539875352140619080,73.229695008,carbonZ_2018-10-18-11-04-08_1_engine_failure_with_emr_traj,engine,31.8499984741,-283.529663086,2.41943621635,367,-2.55590343475,-6.97193098068,-12.5482501984,15.6089220047,-0.933305442333,0.673352897167,0
1539875352198565192,73.28764112,carbonZ_2018-10-18-11-04-08_1_engine_failure_with_emr_traj,engine,31.9099998474,-286.868103027,2.52128791809,367,-2.55590343475,-6.97193098068,-12.5482501984,15.6561565399,-0.967644929886,0.558752477169,0
1539875352291786216,73.380862144,carbonZ_2018-10-18-11-04-08_1_engine_failure_with_emr_traj,engine,31.9099998474,-286.868103027,2.52128791809,367,-2.55590343475,-6.97193098068,-12.5482501984,15.7172660828,-0.997443139553,0.358147323132,0
1539875352318473384,73.407549312,carbonZ_2018-10-18-11-04-08_1_engine_failure_with_emr_traj,engine,31.9599990845,-286.868103027,2.61468601227,368,-2.55590343475,-6.97193098068,-12.5482501984,15.7561693192,-1.04104375839,0.24184115231,0
1539875352380088072,73.469164,carbonZ_2018-10-18-11-04-08_1_engine_failure_with_emr_traj,engine,31.9599990845,-286.868103027,2.61468601227,368,-2.55590343475,-6.97193098068,-12.5482501984,15.7850894928,-1.06514537334,0.151278480887,0
1539875352418226760,73.507302688,carbonZ_2018-10-18-11-04-08_1_engine_failure_with_emr_traj,engine,31.9799995422,-312.015533447,2.59882354736,368,3.08220481873,-6.13838338852,-15.9447813034,15.8138456345,-1.09413790703,0.0585534758866,0
1539875352509073384,73.598149312,carbonZ_2018-10-18-11-04-08_1_engine_failure_with_emr_traj,engine,31.9799995422,-312.015533447,2.70915937424,369,3.08220481873,-6.13838338852,-15.9447813034,15.8680648804,-1.16350150108,-0.0898500457406,0
1539875352551547016,73.640622944,carbonZ_2018-10-18-11-04-08_1_engine_failure_with_emr_traj,engine,31.9799995422,-312.015533447,2.70915937424,369,3.08220481873,-6.13838338852,-15.9447813034,15.9007358551,-1.20454490185,-0.1241447106,0
1539875352600560808,73.689636736,carbonZ_2018-10-18-11-04-08_1_engine_failure_with_emr_traj,engine,31.9599990845,-320.696655273,2.59023427963,370,3.08220481873,-6.13838338852,-15.9447813034,15.9259719849,-1.21700656414,-0.144867762923,0
1539875352654373896,73.743449824,carbonZ_2018-10-18-11-04-08_1_engine_failure_with_emr_traj,engine,31.9599990845,-320.696655273,2.59023427963,370,3.08220481873,-6.13838338852,-15.9447813034,15.967414856,-1.24381697178,-0.176518321037,0
1539875352722585480,73.811661408,carbonZ_2018-10-18-11-04-08_1_engine_failure_with_emr_traj,engine,31.9399986267,-320.696655273,2.73428559303,370,3.08220481873,-6.13838338852,-15.9447813034,16.0081596375,-1.24734389782,-0.169607311487,0
1539875352789188008,73.878263936,carbonZ_2018-10-18-11-04-08_1_engine_failure_with_emr_traj,engine,31.9399986267,-320.696655273,2.73428559303,370,3.08220481873,-6.13838338852,-15.9447813034,16.0498600006,-1.2305495739,-0.144008904696,0
1539875352812846664,73.901922592,carbonZ_2018-10-18-11-04-08_1_engine_failure_with_emr_traj,engine,31.9099998474,-344.367218018,2.8785161972,371,6.09700059891,-6.59257888794,-14.5830774307,16.0665168762,-1.22683286667,-0.138627409935,0
1539875352865067912,73.95414384,carbonZ_2018-10-18-11-04-08_1_engine_failure_with_emr_traj,engine,31.9099998474,-344.367218018,2.8785161972,371,6.09700059891,-6.59257888794,-14.5830774307,16.11860466,-1.19274628162,-0.11377517134,0
1539875352903316936,73.992392864,carbonZ_2018-10-18-11-04-08_1_engine_failure_with_emr_traj,engine,31.8899993896,-344.367218018,2.30049180984,372,6.09700059891,-6.59257888794,-14.5830774307,16.1523742676,-1.16084849834,-0.14113779366,0
1539875352945651016,74.034726944,carbonZ_2018-10-18-11-04-08_1_engine_failure_with_emr_traj,engine,31.8899993896,-344.367218018,2.30049180984,372,6.09700059891,-6.59257888794,-14.5830774307,16.1982402802,-1.10438966751,-0.206547215581,0
1539875353010466728,74.099542656,carbonZ_2018-10-18-11-04-08_1_engine_failure_with_emr_traj,engine,31.859998703,-351.944732666,2.47955036163,372,6.09700059891,-6.59257888794,-14.5830774307,16.2760696411,-1.01154756546,-0.320160508156,0
1539875353028766952,74.11784288,carbonZ_2018-10-18-11-04-08_1_engine_failure_with_emr_traj,engine,31.859998703,-351.944732666,2.47955036163,372,6.09700059891,-6.59257888794,-14.5830774307,16.2917175293,-0.969599366188,-0.333516746759,0
1539875353081713320,74.170789248,carbonZ_2018-10-18-11-04-08_1_engine_failure_with_emr_traj,engine,31.859998703,-351.944732666,2.47955036163,372,10.7889356613,-6.5376033783,-12.3980522156,16.3309860229,-0.898908257484,-0.253523111343,0
1539875353106497576,74.195573504,carbonZ_2018-10-18-11-04-08_1_engine_failure_with_emr_traj,engine,31.8199996948,-351.944732666,1.85296654701,373,10.7889356613,-6.5376033783,-12.3980522156,16.3465976715,-0.878630518913,-0.217759937048,0
1539875353161791624,74.250867552,carbonZ_2018-10-18-11-04-08_1_engine_failure_with_emr_traj,engine,31.8199996948,-351.944732666,1.85296654701,373,10.7889356613,-6.5376033783,-12.3980522156,16.3783988953,-0.795626223087,-0.184851869941,0
1539875353207081992,74.29615792,carbonZ_2018-10-18-11-04-08_1_engine_failure_with_emr_traj,engine,31.7899990082,-367.253112793,2.05593061447,374,10.7889356613,-6.5376033783,-12.3980522156,16.4036235809,-0.751435041428,-0.0960574671626,0
1539875353240330632,74.32940656,carbonZ_2018-10-18-11-04-08_1_engine_failure_with_emr_traj,engine,31.7899990082,-367.253112793,2.05593061447,374,10.7889356613,-6.5376033783,-12.3980522156,16.4238052368,-0.706367611885,-0.021790958941,0
1539875353322064968,74.411140896,carbonZ_2018-10-18-11-04-08_1_engine_failure_with_emr_traj,engine,31.7699985504,-367.253112793,1.18921339512,374,10.7889356613,-6.5376033783,-12.3980522156,16.5051651001,-0.527121007442,0.040214587003,0
1539875353382962312,74.47203824,carbonZ_2018-10-18-11-04-08_1_engine_failure_with_emr_traj,engine,31.7699985504,-367.253112793,1.18921339512,374,10.7889356613,-6.5376033783,-12.3980522156,16.5410232544,-0.391199350357,0.141794547439,0
1539875353433285832,74.52236176,carbonZ_2018-10-18-11-04-08_1_engine_failure_with_emr_traj,engine,31.7699985504,-377.729614258,1.43260967731,375,10.7889356613,-6.5376033783,-12.3980522156,16.5612258911,-0.307608038187,0.298389703035,0
1539875353513201096,74.602277024,carbonZ_2018-10-18-11-04-08_1_engine_failure_with_emr_traj,engine,31.7999992371,-377.729614258,-0.441022276878,376,17.3431854248,-7.03964757919,-9.8226442337,16.5778484344,-0.120112709701,0.508176743984,0
1539875353594106728,74.683182656,carbonZ_2018-10-18-11-04-08_1_engine_failure_with_emr_traj,engine,31.859998703,-388.550567627,-0.116308629513,376,17.3431854248,-7.03964757919,-9.8226442337,16.6383609772,0.234192833304,0.862707018852,0
1539875353657888136,74.746964064,carbonZ_2018-10-18-11-04-08_1_engine_failure_with_emr_traj,engine,31.859998703,-388.550567627,-0.116308629513,376,17.3431854248,-7.03964757919,-9.8226442337,16.6542377472,0.387283682823,1.07884645462,0
1539875353683765768,74.772841696,carbonZ_2018-10-18-11-04-08_1_engine_failure_with_emr_traj,engine,31.859998703,-388.550567627,-0.116308629513,376,17.3431854248,-7.03964757919,-9.8226442337,16.655040741,0.434738308191,1.16248512268,0
1539875353754652744,74.843728672,carbonZ_2018-10-18-11-04-08_1_engine_failure_with_emr_traj,engine,31.9599990845,-388.550567627,0.18473559618,377,17.3431854248,-7.03964757919,-9.8226442337,16.7058982849,0.6342664361,1.33723402023,0
1539875353779477224,74.868553152,carbonZ_2018-10-18-11-04-08_1_engine_failure_with_emr_traj,engine,31.9599990845,-388.550567627,0.18473559618,377,17.3431854248,-7.03964757919,-9.8226442337,16.7528114319,0.799258112907,1.26611852646,0
1539875353838266792,74.92734272,carbonZ_2018-10-18-11-04-08_1_engine_failure_with_emr_traj,engine,32.0999984741,-395.891174316,-1.1291475296,377,17.3431854248,-7.03964757919,-9.8226442337,16.808429718,0.966856062412,1.15642869473,0
1539875353882523816,74.971599744,carbonZ_2018-10-18-11-04-08_1_engine_failure_with_emr_traj,engine,32.0999984741,-395.891174316,-1.1291475296,377,17.3431854248,-7.03964757919,-9.8226442337,16.8606796265,1.13061523438,1.03641927242,0
1539875353922021544,75.011097472,carbonZ_2018-10-18-11-04-08_1_engine_failure_with_emr_traj,engine,32.2299995422,-394.891174316,-0.784158468246,378,20.0293655396,-4.60288047791,-12.090927124,16.9012756348,1.25714981556,0.928022444248,0
1539875353953227912,75.04230384,carbonZ_2018-10-18-11-04-08_1_engine_failure_with_emr_traj,engine,32.2299995422,-394.891174316,-0.784158468246,378,20.0293655396,-4.60288047791,-12.090927124,16.9611320496,1.41883075237,0.740569531918,0
1539875354017261992,75.10633792,carbonZ_2018-10-18-11-04-08_1_engine_failure_with_emr_traj,engine,32.3299980164,-397.485534668,-2.99598789215,378,20.0293655396,-4.60288047791,-12.090927124,16.9608078003,1.43539786339,0.732404828072,0
1539875354065024392,75.15410032,carbonZ_2018-10-18-11-04-08_1_engine_failure_with_emr_traj,engine,32.3299980164,-397.485534668,-2.99598789215,378,20.0293655396,-4.60288047791,-12.090927124,16.9517154694,1.44620215893,0.955028951168,0
1539875354106700968,75.195776896,carbonZ_2018-10-18-11-04-08_1_engine_failure_with_emr_traj,engine,32.4300003052,-397.485534668,-2.51218342781,379,20.0293655396,-4.60288047791,-12.090927124,16.9355716705,1.43420028687,1.21787238121,0
1539875354211791656,75.300867584,carbonZ_2018-10-18-11-04-08_1_engine_failure_with_emr_traj,engine,32.5699996948,-432.124511719,-3.77109265327,379,20.0293655396,-4.60288047791,-12.090927124,16.9065246582,1.43096315861,1.88671958447,0
1539875354282507688,75.371583616,carbonZ_2018-10-18-11-04-08_1_engine_failure_with_emr_traj,engine,32.5699996948,-432.124511719,-3.77109265327,379,20.0293655396,-4.60288047791,-12.090927124,16.9250011444,1.55728268623,2.18032264709,0
1539875354305988072,75.395064,carbonZ_2018-10-18-11-04-08_1_engine_failure_with_emr_traj,engine,32.7700004578,-432.124511719,-3.16259479523,380,20.0293655396,-4.60288047791,-12.090927124,16.9486465454,1.67668628693,2.21466732025,0
1539875354383459016,75.472534944,carbonZ_2018-10-18-11-04-08_1_engine_failure_with_emr_traj,engine,32.7700004578,-432.124511719,-3.16259479523,380,20.0293655396,-4.60288047791,-12.090927124,16.979019165,1.86997115612,2.29048776627,0
1539875354422251624,75.511327552,carbonZ_2018-10-18-11-04-08_1_engine_failure_with_emr_traj,engine,33.0099983215,-416.079711914,-2.57417607307,380,19.7057476044,-7.24789714813,-4.57979106903,17.003080368,2.0010535717,2.31732654572,0
1539875354484311400,75.573387328,carbonZ_2018-10-18-11-04-08_1_engine_failure_with_emr_traj,engine,33.0099983215,-416.079711914,-2.57417607307,380,19.7057476044,-7.24789714813,-4.57979106903,17.0504970551,2.22646641731,2.25910520554,0
1539875354507823240,75.596899168,carbonZ_2018-10-18-11-04-08_1_engine_failure_with_emr_traj,engine,33.2700004578,-416.079711914,-4.48806905746,381,19.7057476044,-7.24789714813,-4.57979106903,17.0504970551,2.22646641731,2.25910520554,0
1539875354566861160,75.655937088,carbonZ_2018-10-18-11-04-08_1_engine_failure_with_emr_traj,engine,33.2700004578,-416.079711914,-4.48806905746,381,19.7057476044,-7.24789714813,-4.57979106903,17.1194705963,2.56261849403,1.95298862457,0
1539875354616836840,75.705912768,carbonZ_2018-10-18-11-04-08_1_engine_failure_with_emr_traj,engine,33.4899978638,-430.083862305,-3.79670953751,381,19.7057476044,-7.24789714813,-4.57979106903,17.195608139,2.93592619896,1.59446978569,0
1539875354658155560,75.747231488,carbonZ_2018-10-18-11-04-08_1_engine_failure_with_emr_traj,engine,33.4899978638,-430.083862305,-3.79670953751,381,19.7057476044,-7.24789714813,-4.57979106903,17.2522277832,3.31388640404,1.28654897213,0
1539875354699695624,75.788771552,carbonZ_2018-10-18-11-04-08_1_engine_failure_with_emr_traj,engine,33.6599998474,-430.083862305,-3.14353179932,382,19.7057476044,-7.24789714813,-4.57979106903,17.2900562286,3.5529153347,1.10680949688,0
1539875354787409416,75.876485344,carbonZ_2018-10-18-11-04-08_1_engine_failure_with_emr_traj,engine,33.6599998474,-430.083862305,-3.14353179932,382,19.7057476044,-7.24789714813,-4.57979106903,17.3590564728,3.97247219086,0.808512806892,0
1539875354809693256,75.898769184,carbonZ_2018-10-18-11-04-08_1_engine_failure_with_emr_traj,engine,33.7700004578,-457.41998291,-4.11761426926,382,24.073720932,-4.54586219788,-0.243488669395,17.3965148926,4.1627907753,0.603306829929,0
1539875354865940520,75.955016448,carbonZ_2018-10-18-11-04-08_1_engine_failure_with_emr_traj,engine,33.7700004578,-457.41998291,-4.11761426926,382,24.073720932,-4.54586219788,-0.243488669395,17.4283313751,4.3387761116,0.397243320942,0
1539875354941868008,76.030943936,carbonZ_2018-10-18-11-04-08_1_engine_failure_with_emr_traj,engine,33.8299980164,-458.41998291,-3.43786096573,382,24.073720932,-4.54586219788,-0.243488669395,17.4854984283,4.68062543869,-0.127435490489,0
1539875354966357096,76.055433024,carbonZ_2018-10-18-11-04-08_1_engine_failure_with_emr_traj,engine,33.8299980164,-458.41998291,-3.43786096573,382,24.073720932,-4.54586219788,-0.243488669395,17.4854984283,4.68062543869,-0.127435490489,0
1539875355005700072,76.094776,carbonZ_2018-10-18-11-04-08_1_engine_failure_with_emr_traj,engine,33.8199996948,-489.555938721,-5.15742635727,383,24.073720932,-4.54586219788,-0.243488669395,17.5166606903,4.85107946396,-0.41210269928,0
1539875355059487080,76.148563008,carbonZ_2018-10-18-11-04-08_1_engine_failure_with_emr_traj,engine,33.8199996948,-489.555938721,-5.15742635727,383,24.073720932,-4.54586219788,-0.243488669395,17.5604496002,5.18916368484,-0.789738178253,0
1539875355123817192,76.21289312,carbonZ_2018-10-18-11-04-08_1_engine_failure_with_emr_traj,engine,33.7599983215,-488.555908203,-4.37930107117,383,24.073720932,-4.54586219788,-0.243488669395,17.5730514526,5.40768098831,-0.863796174526,0
1539875355178405768,76.267481696,carbonZ_2018-10-18-11-04-08_1_engine_failure_with_emr_traj,engine,33.7599983215,-488.555908203,-4.37930107117,383,24.073720932,-4.54586219788,-0.243488669395,17.5846538544,5.6515173912,-0.882475137711,0
1539875355226880328,76.315956256,carbonZ_2018-10-18-11-04-08_1_engine_failure_with_emr_traj,engine,33.6699981689,-512.343994141,-6.08144378662,383,24.073720932,-4.54586219788,-0.243488669395,17.5801753998,5.79856014252,-0.838095247746,0
1539875355284134728,76.373210656,carbonZ_2018-10-18-11-04-08_1_engine_failure_with_emr_traj,engine,33.6699981689,-512.343994141,-6.08144378662,383,20.385723114,-4.2873749733,7.04408407211,17.5747299194,6.02433347702,-0.768235266209,0
1539875355301724680,76.390800608,carbonZ_2018-10-18-11-04-08_1_engine_failure_with_emr_traj,engine,33.5799980164,-512.343994141,-5.15207099915,383,20.385723114,-4.2873749733,7.04408407211,17.5780200958,6.11174631119,-0.751132249832,0
1539875355352740072,76.441816,carbonZ_2018-10-18-11-04-08_1_engine_failure_with_emr_traj,engine,33.5799980164,-512.343994141,-5.15207099915,383,20.385723114,-4.2873749733,7.04408407211,17.552192688,6.43662309647,-0.70205950737,0
1539875355411163016,76.500238944,carbonZ_2018-10-18-11-04-08_1_engine_failure_with_emr_traj,engine,33.5099983215,-501.934234619,-4.2507276535,384,20.385723114,-4.2873749733,7.04408407211,17.5239963531,6.72167253494,-0.764153242111,0
1539875355457818216,76.546894144,carbonZ_2018-10-18-11-04-08_1_engine_failure_with_emr_traj,engine,33.5099983215,-501.934234619,-4.2507276535,384,20.385723114,-4.2873749733,7.04408407211,17.5151081085,6.84226465225,-0.819610893726,0
1539875355525282920,76.614358848,carbonZ_2018-10-18-11-04-08_1_engine_failure_with_emr_traj,engine,33.4300003052,-501.934234619,-4.91449165344,384,20.385723114,-4.2873749733,7.04408407211,17.4766712189,7.187479496,-1.03324246407,0
1539875355591235656,76.680311584,carbonZ_2018-10-18-11-04-08_1_engine_failure_with_emr_traj,engine,33.3400001526,-512.885253906,-3.97163033485,384,20.385723114,-4.2873749733,7.04408407211,17.4187984467,7.52078676224,-1.21129059792,0
1539875355610621224,76.699697152,carbonZ_2018-10-18-11-04-08_1_engine_failure_with_emr_traj,engine,33.3400001526,-512.885253906,-3.97163033485,384,20.385723114,-4.2873749733,7.04408407211,17.3848152161,7.71789455414,-1.30851876736,0
1539875355676840232,76.76591616,carbonZ_2018-10-18-11-04-08_1_engine_failure_with_emr_traj,engine,33.3400001526,-512.885253906,-3.97163033485,384,25.1803913116,-1.58223748207,10.0719614029,17.334690094,7.90842533112,-1.39586722851,0
1539875355704123112,76.79319904,carbonZ_2018-10-18-11-04-08_1_engine_failure_with_emr_traj,engine,33.219997406,-512.885253906,-5.42655706406,384,25.1803913116,-1.58223748207,10.0719614029,17.2936439514,8.08384227753,-1.45153343678,0
1539875355780902984,76.869978912,carbonZ_2018-10-18-11-04-08_1_engine_failure_with_emr_traj,engine,33.219997406,-512.885253906,-5.42655706406,384,25.1803913116,-1.58223748207,10.0719614029,17.2228755951,8.31391811371,-1.47164714336,0
1539875355789943496,76.879019424,carbonZ_2018-10-18-11-04-08_1_engine_failure_with_emr_traj,engine,33.219997406,-512.885253906,-5.42655706406,384,25.1803913116,-1.58223748207,10.0719614029,17.2089881897,8.39567756653,-1.48567581177,0
1539875355836257224,76.925333152,carbonZ_2018-10-18-11-04-08_1_engine_failure_with_emr_traj,engine,33.0799980164,-523.53918457,-4.37976980209,384,25.1803913116,-1.58223748207,10.0719614029,17.1542396545,8.55673694611,-1.37152934074,0
1539875355889140488,76.978216416,carbonZ_2018-10-18-11-04-08_1_engine_failure_with_emr_traj,engine,33.0799980164,-523.53918457,-4.37976980209,384,25.1803913116,-1.58223748207,10.0719614029,17.1299781799,8.63989257812,-1.21498918533,0
1539875355927980584,77.017056512,carbonZ_2018-10-18-11-04-08_1_engine_failure_with_emr_traj,engine,32.9500007629,-523.53918457,-6.75825738907,384,27.4917850494,-0.952491879463,11.2549238205,17.0908756256,8.72449016571,-0.937998533249,0
1539875355988475048,77.077550976,carbonZ_2018-10-18-11-04-08_1_engine_failure_with_emr_traj,engine,32.9500007629,-523.53918457,-6.75825738907,384,27.4917850494,-0.952491879463,11.2549238205,17.0592727661,8.80238246918,-0.790428221226,0
1539875356011485448,77.100561376,carbonZ_2018-10-18-11-04-08_1_engine_failure_with_emr_traj,engine,32.8600006104,-528.612548828,-5.53462028503,384,27.4917850494,-0.952491879463,11.2549238205,17.0416660309,8.83355617523,-0.723095118999,0
1539875356099528872,77.1886048,carbonZ_2018-10-18-11-04-08_1_engine_failure_with_emr_traj,engine,32.7900009155,-528.612548828,-4.32454872131,384,27.4917850494,-0.952491879463,11.2549238205,16.9186038971,9.21775436401,-0.615810751915,0
1539875356183383720,77.272459648,carbonZ_2018-10-18-11-04-08_1_engine_failure_with_emr_traj,engine,32.7900009155,-528.612548828,-4.32454872131,384,27.4917850494,-0.952491879463,11.2549238205,16.7929859161,9.72292900085,-0.772862434387,0
1539875356208104872,77.2971808,carbonZ_2018-10-18-11-04-08_1_engine_failure_with_emr_traj,engine,32.7399978638,-525.996398926,-4.83199930191,384,27.4917850494,-0.952491879463,11.2549238205,16.7467365265,9.85873413086,-0.791323363781,0
1539875356231857064,77.320932992,carbonZ_2018-10-18-11-04-08_1_engine_failure_with_emr_traj,engine,32.7399978638,-525.996398926,-4.83199930191,384,27.4917850494,-0.952491879463,11.2549238205,16.7467365265,9.85873413086,-0.791323363781,0
1539875356289271464,77.378347392,carbonZ_2018-10-18-11-04-08_1_engine_failure_with_emr_traj,engine,32.7399978638,-525.996398926,-4.83199930191,384,27.4917850494,-0.952491879463,11.2549238205,16.5868167877,10.382021904,-0.836282908916,0
1539875356344126824,77.433202752,carbonZ_2018-10-18-11-04-08_1_engine_failure_with_emr_traj,engine,32.6699981689,-525.996398926,-3.56880784035,384,35.6779136658,-3.28525781631,18.2646064758,16.4656105042,10.7091970444,-0.720758318901,0
1539875356430799784,77.519875712,carbonZ_2018-10-18-11-04-08_1_engine_failure_with_emr_traj,engine,32.6100006104,-529.805541992,-4.86086797714,384,35.6779136658,-3.28525781631,18.2646064758,16.317773819,11.1199388504,-0.49976336956,0
1539875356452126504,77.541202432,carbonZ_2018-10-18-11-04-08_1_engine_failure_with_emr_traj,engine,32.6100006104,-529.805541992,-4.86086797714,384,35.6779136658,-3.28525781631,18.2646064758,16.2563800812,11.2731437683,-0.340989470482,0
1539875356489245288,77.578321216,carbonZ_2018-10-18-11-04-08_1_engine_failure_with_emr_traj,engine,32.6100006104,-529.805541992,-4.86086797714,384,35.6779136658,-3.28525781631,18.2646064758,16.2140960693,11.3767366409,-0.309963256121,0
1539875356551853160,77.640929088,carbonZ_2018-10-18-11-04-08_1_engine_failure_with_emr_traj,engine,32.5599975586,-530.805603027,-3.52270007133,384,35.6779136658,-3.28525781631,18.2646064758,16.0464248657,11.8381462097,-0.219639033079,0
1539875356625790312,77.71486624,carbonZ_2018-10-18-11-04-08_1_engine_failure_with_emr_traj,engine,32.5499992371,-545.421020508,-2.25538134575,383,35.6779136658,-3.28525781631,18.2646064758,15.930065155,12.1260118484,-0.0530259758234,0
1539875356668151688,77.757227616,carbonZ_2018-10-18-11-04-08_1_engine_failure_with_emr_traj,engine,32.5499992371,-545.421020508,-2.25538134575,383,35.6779136658,-3.28525781631,18.2646064758,15.8524637222,12.2764863968,0.118015632033,0
1539875356699267176,77.788343104,carbonZ_2018-10-18-11-04-08_1_engine_failure_with_emr_traj,engine,32.5599975586,-545.421020508,-2.44366717339,383,35.6779136658,-3.28525781631,18.2646064758,15.7916030884,12.4314069748,0.273902386427,0
1539875356765773672,77.8548496,carbonZ_2018-10-18-11-04-08_1_engine_failure_with_emr_traj,engine,32.5599975586,-545.421020508,-2.44366717339,383,42.6269340515,-3.37714910507,23.3482761383,15.6988401413,12.643702507,0.533684372902,0
1539875356779367784,77.868443712,carbonZ_2018-10-18-11-04-08_1_engine_failure_with_emr_traj,engine,32.5599975586,-545.421020508,-2.44366717339,383,42.6269340515,-3.37714910507,23.3482761383,15.6618204117,12.7246284485,0.626673161983,0
1539875356846251208,77.935327136,carbonZ_2018-10-18-11-04-08_1_engine_failure_with_emr_traj,engine,32.6100006104,-554.32623291,-1.12706446648,383,42.6269340515,-3.37714910507,23.3482761383,15.5272064209,13.0241441727,0.819286763668,0
1539875356881635976,77.970711904,carbonZ_2018-10-18-11-04-08_1_engine_failure_with_emr_traj,engine,32.6100006104,-554.32623291,-1.12706446648,383,42.6269340515,-3.37714910507,23.3482761383,15.4162158966,13.2881364822,0.878051996231,0
1539875356963897928,78.052973856,carbonZ_2018-10-18-11-04-08_1_engine_failure_with_emr_traj,engine,32.7099990845,-554.32623291,-1.7053912878,382,42.6269340515,-3.37714910507,23.3482761383,15.2085762024,13.7814893723,1.04337561131,0
1539875357003539976,78.092615904,carbonZ_2018-10-18-11-04-08_1_engine_failure_with_emr_traj,engine,32.8199996948,-561.941345215,-0.317001998425,382,42.6269340515,-3.37714910507,23.3482761383,15.0804615021,14.0884466171,1.25005078316,0
1539875357128999656,78.218075584,carbonZ_2018-10-18-11-04-08_1_engine_failure_with_emr_traj,engine,32.9799995422,-561.941345215,1.05389499664,381,42.6269340515,-3.37714910507,23.3482761383,14.8172492981,14.6660518646,1.51113438606,0
1539875357163853864,78.252929792,carbonZ_2018-10-18-11-04-08_1_engine_failure_with_emr_traj,engine,32.9799995422,-561.941345215,1.05389499664,381,45.6585350037,-4.84114646912,31.5107803345,14.683678627,14.9377756119,1.58478081226,0
1539875357205674600,78.294750528,carbonZ_2018-10-18-11-04-08_1_engine_failure_with_emr_traj,engine,33.1599998474,-583.066772461,1.04418432713,381,45.6585350037,-4.84114646912,31.5107803345,14.5529851913,15.200211525,1.62697505951,0
1539875357242253896,78.331329824,carbonZ_2018-10-18-11-04-08_1_engine_failure_with_emr_traj,engine,33.1599998474,-583.066772461,1.04418432713,381,45.6585350037,-4.84114646912,31.5107803345,14.392824173,15.5083293915,1.66370749474,0
1539875357311883048,78.400958976,carbonZ_2018-10-18-11-04-08_1_engine_failure_with_emr_traj,engine,33.3400001526,-583.066772461,2.41617035866,380,45.6585350037,-4.84114646912,31.5107803345,14.1540927887,15.9451217651,1.7362190485,0
1539875357357133064,78.446208992,carbonZ_2018-10-18-11-04-08_1_engine_failure_with_emr_traj,engine,33.3400001526,-583.066772461,2.41617035866,380,45.6585350037,-4.84114646912,31.5107803345,13.9115695953,16.3693466187,1.78910696507,0
1539875357381115016,78.470190944,carbonZ_2018-10-18-11-04-08_1_engine_failure_with_emr_traj,engine,33.3400001526,-583.066772461,2.41617035866,380,45.6585350037,-4.84114646912,31.5107803345,13.8210887909,16.5202827454,1.80530810356,0
1539875357434139912,78.52321584,carbonZ_2018-10-18-11-04-08_1_engine_failure_with_emr_traj,engine,33.5400009155,-590.059448242,3.18242692947,380,45.6585350037,-4.84114646912,31.5107803345,13.5411195755,16.9847545624,1.81509113312,0
1539875357477565160,78.566641088,carbonZ_2018-10-18-11-04-08_1_engine_failure_with_emr_traj,engine,33.5400009155,-590.059448242,3.18242692947,380,47.0875434875,-5.46547937393,40.0287971497,13.336148262,17.3069896698,1.78836393356,0
1539875357547952040,78.637027968,carbonZ_2018-10-18-11-04-08_1_engine_failure_with_emr_traj,engine,33.75,-589.059448242,4.4880490303,379,47.0875434875,-5.46547937393,40.0287971497,13.0097007751,17.7810020447,1.75859498978,0
1539875357657095208,78.746171136,carbonZ_2018-10-18-11-04-08_1_engine_failure_with_emr_traj,engine,33.9500007629,-615.011962891,5.34496116638,378,47.0875434875,-5.46547937393,40.0287971497,12.3360624313,18.7151985168,1.6998487711,0
1539875357713047208,78.802123136,carbonZ_2018-10-18-11-04-08_1_engine_failure_with_emr_traj,engine,34.1399993896,-615.011962891,6.58793830872,377,47.0875434875,-5.46547937393,40.0287971497,11.7368183136,19.4775772095,1.50112330914,0
1539875357759585704,78.848661632,carbonZ_2018-10-18-11-04-08_1_engine_failure_with_emr_traj,engine,34.1399993896,-615.011962891,6.58793830872,377,47.0875434875,-5.46547937393,40.0287971497,11.7368183136,19.4775772095,1.50112330914,0
1539875357788958120,78.878034048,carbonZ_2018-10-18-11-04-08_1_engine_failure_with_emr_traj,engine,34.3099975586,-645.216369629,7.75275325775,376,47.0875434875,-5.46547937393,40.0287971497,11.2306098938,20.0542354584,1.31991279125,0
1539875357848509480,78.937585408,carbonZ_2018-10-18-11-04-08_1_engine_failure_with_emr_traj,engine,34.3099975586,-645.216369629,7.75275325775,376,47.0875434875,-5.46547937393,40.0287971497,10.6773300171,20.6405277252,1.21146285534,0
1539875357900157800,78.989233728,carbonZ_2018-10-18-11-04-08_1_engine_failure_with_emr_traj,engine,34.3099975586,-645.216369629,7.75275325775,376,47.0875434875,-5.46547937393,40.0287971497,10.6773300171,20.6405277252,1.21146285534,0
1539875357942516520,79.031592448,carbonZ_2018-10-18-11-04-08_1_engine_failure_with_emr_traj,engine,34.4599990845,-645.216369629,8.77192497253,375,46.8755378723,-5.20181465149,51.8642158508,10.310716629,21.0142498016,1.19871199131,0
1539875357982820616,79.071896544,carbonZ_2018-10-18-11-04-08_1_engine_failure_with_emr_traj,engine,34.5999984741,-654.397583008,9.77379417419,374,46.8755378723,-5.20181465149,51.8642158508,10.0543651581,21.2672843933,1.18795573711,0
1539875358043819432,79.13289536,carbonZ_2018-10-18-11-04-08_1_engine_failure_with_emr_traj,engine,34.5999984741,-654.397583008,9.77379417419,374,46.8755378723,-5.20181465149,51.8642158508,9.65093135834,21.6539497375,1.19277381897,0
1539875358075873128,79.164949056,carbonZ_2018-10-18-11-04-08_1_engine_failure_with_emr_traj,engine,34.5999984741,-654.397583008,9.77379417419,374,46.8755378723,-5.20181465149,51.8642158508,9.30228328705,21.9575901031,1.16286957264,0
1539875358142155880,79.231231808,carbonZ_2018-10-18-11-04-08_1_engine_failure_with_emr_traj,engine,34.7399978638,-654.397583008,10.7088727951,373,46.8755378723,-5.20181465149,51.8642158508,8.36783123016,22.6712818146,0.902655780315,0
1539875358217791528,79.306867456,carbonZ_2018-10-18-11-04-08_1_engine_failure_with_emr_traj,engine,34.8699989319,-682.937438965,11.5548963547,371,46.8755378723,-5.20181465149,51.8642158508,7.3402056694,23.3780231476,0.632392883301,0
1539875358282851656,79.371927584,carbonZ_2018-10-18-11-04-08_1_engine_failure_with_emr_traj,engine,34.8699989319,-682.937438965,11.5548963547,371,46.8755378723,-5.20181465149,51.8642158508,6.84542131424,23.7009048462,0.521160721779,0
1539875358297929128,79.387005056,carbonZ_2018-10-18-11-04-08_1_engine_failure_with_emr_traj,engine,34.969997406,-682.937438965,12.2673368454,370,46.8755378723,-5.20181465149,51.8642158508,6.84542131424,23.7009048462,0.521160721779,0
1539875358368710632,79.45778656,carbonZ_2018-10-18-11-04-08_1_engine_failure_with_emr_traj,engine,34.969997406,-682.937438965,12.2673368454,370,46.8755378723,-5.20181465149,51.8642158508,5.95663309097,24.2474479675,0.467678159475,0
1539875358422233128,79.511309056,carbonZ_2018-10-18-11-04-08_1_engine_failure_with_emr_traj,engine,35.0299987793,-683.017333984,12.8461952209,368,48.2000770569,-2.63976860046,65.8859710693,5.26904916763,24.5895690918,0.389784514904,0
1539875358449188136,79.538264064,carbonZ_2018-10-18-11-04-08_1_engine_failure_with_emr_traj,engine,35.0299987793,-683.017333984,12.8461952209,368,48.2000770569,-2.63976860046,65.8859710693,5.26904916763,24.5895690918,0.389784514904,0
1539875358503989192,79.59306512,carbonZ_2018-10-18-11-04-08_1_engine_failure_with_emr_traj,engine,35.0999984741,-683.017333984,13.3026018143,366,48.2000770569,-2.63976860046,65.8859710693,4.29151678085,25.0605926514,0.152202934027,0
1539875358553626504,79.642702432,carbonZ_2018-10-18-11-04-08_1_engine_failure_with_emr_traj,engine,35.0999984741,-683.017333984,13.3026018143,366,48.2000770569,-2.63976860046,65.8859710693,3.55951523781,25.3306617737,-0.101667754352,0
1539875358595226056,79.684301984,carbonZ_2018-10-18-11-04-08_1_engine_failure_with_emr_traj,engine,35.1100006104,-714.517944336,13.6254262924,364,48.2000770569,-2.63976860046,65.8859710693,3.07228255272,25.5220432281,-0.313858449459,0
1539875358667099528,79.756175456,carbonZ_2018-10-18-11-04-08_1_engine_failure_with_emr_traj,engine,35.1100006104,-714.517944336,13.6254262924,364,48.2000770569,-2.63976860046,65.8859710693,2.41595458984,25.729101181,-0.621565997601,0
1539875358709713288,79.798789216,carbonZ_2018-10-18-11-04-08_1_engine_failure_with_emr_traj,engine,35.0900001526,-714.517944336,13.8369321823,362,48.2000770569,-2.63976860046,65.8859710693,2.06083250046,25.849149704,-0.750826001167,0
1539875358753262888,79.842338816,carbonZ_2018-10-18-11-04-08_1_engine_failure_with_emr_traj,engine,35.0900001526,-714.517944336,13.8369321823,362,48.2000770569,-2.63976860046,65.8859710693,1.23014259338,26.0722618103,-1.02968966961,0
1539875358831174888,79.920250816,carbonZ_2018-10-18-11-04-08_1_engine_failure_with_emr_traj,engine,35.0099983215,-737.825805664,13.9482517242,360,42.0003967285,2.96435499191,74.3255233765,0.633022904396,26.1900920868,-1.197458148,0
1539875358858229608,79.947305536,carbonZ_2018-10-18-11-04-08_1_engine_failure_with_emr_traj,engine,35.0099983215,-737.825805664,13.9482517242,360,42.0003967285,2.96435499191,74.3255233765,0.633022904396,26.1900920868,-1.197458148,0
1539875358896670312,79.98574624,carbonZ_2018-10-18-11-04-08_1_engine_failure_with_emr_traj,engine,34.9099998474,-737.825805664,13.9705152512,358,42.0003967285,2.96435499191,74.3255233765,0.188167929649,26.2541179657,-1.22605073452,0
1539875358954069160,80.043145088,carbonZ_2018-10-18-11-04-08_1_engine_failure_with_emr_traj,engine,34.9099998474,-737.825805664,13.9705152512,358,42.0003967285,2.96435499191,74.3255233765,-0.0791315659881,26.2773151398,-1.22636580467,0
1539875358989273992,80.07834992,carbonZ_2018-10-18-11-04-08_1_engine_failure_with_emr_traj,engine,34.7999992371,-751.918395996,13.914855957,356,42.0003967285,2.96435499191,74.3255233765,-0.365413367748,26.2893543243,-1.23981940746,0
1539875359026159336,80.115235264,carbonZ_2018-10-18-11-04-08_1_engine_failure_with_emr_traj,engine,34.7999992371,-751.918395996,13.914855957,356,42.0003967285,2.96435499191,74.3255233765,-0.783555328846,26.2973365784,-1.23148918152,0
1539875359057256616,80.146332544,carbonZ_2018-10-18-11-04-08_1_engine_failure_with_emr_traj,engine,34.7999992371,-751.918395996,13.914855957,356,42.0003967285,2.96435499191,74.3255233765,-0.939491927624,26.2981796265,-1.24403321743,0
1539875359097223848,80.186299776,carbonZ_2018-10-18-11-04-08_1_engine_failure_with_emr_traj,engine,34.6899986267,-751.918395996,13.8035364151,354,39.6442642212,2.42013072968,80.4713821411,-1.25585365295,26.2956581116,-1.27714037895,0
1539875359163906696,80.252982624,carbonZ_2018-10-18-11-04-08_1_engine_failure_with_emr_traj,engine,34.6899986267,-751.918395996,13.8035364151,354,39.6442642212,2.42013072968,80.4713821411,-1.7650822401,26.2735309601,-1.39651584625,0
1539875359215222728,80.304298656,carbonZ_2018-10-18-11-04-08_1_engine_failure_with_emr_traj,engine,34.5599975586,-745.159179688,13.6254262924,352,39.6442642212,2.42013072968,80.4713821411,-2.05556249619,26.2514762878,-1.4150942564,0
1539875359253408616,80.342484544,carbonZ_2018-10-18-11-04-08_1_engine_failure_with_emr_traj,engine,34.5599975586,-745.159179688,13.6254262924,352,39.6442642212,2.42013072968,80.4713821411,-2.56287384033,26.2042007446,-1.5760768652,0
1539875359301568072,80.390644,carbonZ_2018-10-18-11-04-08_1_engine_failure_with_emr_traj,engine,34.4099998474,-745.159179688,13.380525589,350,39.6442642212,2.42013072968,80.4713821411,-3.06087851524,26.1329212189,-1.7744795084,0
1539875359364415464,80.453491392,carbonZ_2018-10-18-11-04-08_1_engine_failure_with_emr_traj,engine,34.4099998474,-745.159179688,13.380525589,350,39.6442642212,2.42013072968,80.4713821411,-3.38018059731,26.0713348389,-1.91415190697,0
1539875359395876200,80.484952128,carbonZ_2018-10-18-11-04-08_1_engine_failure_with_emr_traj,engine,34.2299995422,-753.499023438,13.0465688705,347,39.6442642212,2.42013072968,80.4713821411,-3.70457577705,26.006061554,-2.04591584206,0
1539875359471568552,80.56064448,carbonZ_2018-10-18-11-04-08_1_engine_failure_with_emr_traj,engine,34.2299995422,-753.499023438,13.0465688705,347,39.6442642212,2.42013072968,80.4713821411,-4.3747754097,25.831489563,-2.2139685154,0
1539875359517991272,80.6070672,carbonZ_2018-10-18-11-04-08_1_engine_failure_with_emr_traj,engine,34.0200004578,-753.499023438,12.6458206177,345,39.6442642212,2.42013072968,80.4713821411,-4.3747754097,25.831489563,-2.2139685154,0
1539875359578308040,80.667383968,carbonZ_2018-10-18-11-04-08_1_engine_failure_with_emr_traj,engine,34.0200004578,-753.499023438,12.6458206177,345,39.6442642212,2.42013072968,80.4713821411,-4.70333242416,25.7126121521,-2.2550110817,0
1539875359588638600,80.677714528,carbonZ_2018-10-18-11-04-08_1_engine_failure_with_emr_traj,engine,34.0200004578,-753.499023438,12.6458206177,345,31.3850231171,4.08089447021,89.8483657837,-4.92784309387,25.6305541992,-2.30798792839,0
1539875359662921800,80.751997728,carbonZ_2018-10-18-11-04-08_1_engine_failure_with_emr_traj,engine,33.7900009155,-723.991027832,12.1782817841,343,31.3850231171,4.08089447021,89.8483657837,-5.20393180847,25.5063514709,-2.35913467407,0
1539875359678924424,80.768000352,carbonZ_2018-10-18-11-04-08_1_engine_failure_with_emr_traj,engine,33.5599975586,-723.991027832,11.6662149429,340,31.3850231171,4.08089447021,89.8483657837,-5.20393180847,25.5063514709,-2.35913467407,0
1539875359751182088,80.840258016,carbonZ_2018-10-18-11-04-08_1_engine_failure_with_emr_traj,engine,33.5599975586,-723.991027832,11.6662149429,340,31.3850231171,4.08089447021,89.8483657837,-5.61008548737,25.2840194702,-2.53045868874,0
1539875359799551112,80.88862704,carbonZ_2018-10-18-11-04-08_1_engine_failure_with_emr_traj,engine,33.2999992371,-691.551574707,11.109621048,338,31.3850231171,4.08089447021,89.8483657837,-5.75542020798,25.1802463531,-2.66736650467,0
1539875359845725512,80.93480144,carbonZ_2018-10-18-11-04-08_1_engine_failure_with_emr_traj,engine,33.2999992371,-691.551574707,11.109621048,338,31.3850231171,4.08089447021,89.8483657837,-5.92456293106,25.0879230499,-2.8782749176,0
1539875359873773448,80.962849376,carbonZ_2018-10-18-11-04-08_1_engine_failure_with_emr_traj,engine,33.2999992371,-691.551574707,11.109621048,338,31.3850231171,4.08089447021,89.8483657837,-6.04762840271,24.9773845673,-3.05626821518,0
1539875359921616008,81.010691936,carbonZ_2018-10-18-11-04-08_1_engine_failure_with_emr_traj,engine,33.0200004578,-691.551574707,10.5307626724,336,31.3850231171,4.08089447021,89.8483657837,-6.14533472061,24.889629364,-3.18019080162,0
1539875359961598120,81.050674048,carbonZ_2018-10-18-11-04-08_1_engine_failure_with_emr_traj,engine,33.0200004578,-691.551574707,10.5307626724,336,31.3850231171,4.08089447021,89.8483657837,-6.18755245209,24.7987670898,-3.22737407684,0
1539875360007319112,81.09639504,carbonZ_2018-10-18-11-04-08_1_engine_failure_with_emr_traj,engine,32.6899986267,-660.869628906,9.92964076996,333,14.4996089935,3.86287546158,94.8101806641,-6.2152056694,24.7043018341,-3.22486829758,0
1539875360066955752,81.15603168,carbonZ_2018-10-18-11-04-08_1_engine_failure_with_emr_traj,engine,32.6899986267,-660.869628906,9.92964076996,333,14.4996089935,3.86287546158,94.8101806641,-6.28173685074,24.4949359894,-3.36180758476,0
1539875360118422344,81.207498272,carbonZ_2018-10-18-11-04-08_1_engine_failure_with_emr_traj,engine,32.3499984741,-660.869628906,9.31738758087,331,14.4996089935,3.86287546158,94.8101806641,-6.28173685074,24.4949359894,-3.36180758476,0
1539875360195792136,81.284868064,carbonZ_2018-10-18-11-04-08_1_engine_failure_with_emr_traj,engine,31.9899997711,-623.926940918,8.70513343811,329,14.4996089935,3.86287546158,94.8101806641,-6.29439783096,24.3269481659,-3.51106071472,0
1539875360213197064,81.302272992,carbonZ_2018-10-18-11-04-08_1_engine_failure_with_emr_traj,engine,31.9899997711,-623.926940918,8.70513343811,329,14.4996089935,3.86287546158,94.8101806641,-6.28836345673,24.2870731354,-3.44719934464,0
1539875360255462056,81.344537984,carbonZ_2018-10-18-11-04-08_1_engine_failure_with_emr_traj,engine,31.9899997711,-623.926940918,8.70513343811,329,14.4996089935,3.86287546158,94.8101806641,-6.26739215851,24.1731815338,-3.44297409058,0
1539875360310885512,81.39996144,carbonZ_2018-10-18-11-04-08_1_engine_failure_with_emr_traj,engine,31.6299991608,-623.926940918,8.11514377594,327,14.4996089935,3.86287546158,94.8101806641,-6.24392127991,24.1105766296,-3.3086335659,0
1539875360358771784,81.447847712,carbonZ_2018-10-18-11-04-08_1_engine_failure_with_emr_traj,engine,31.6299991608,-623.926940918,8.11514377594,327,14.4996089935,3.86287546158,94.8101806641,-6.17801380157,24.0191822052,-3.02138757706,0
1539875360400757544,81.489833472,carbonZ_2018-10-18-11-04-08_1_engine_failure_with_emr_traj,engine,31.2899990082,-605.857849121,7.53628587723,325,14.4996089935,3.86287546158,94.8101806641,-6.13658332825,23.9636135101,-2.77362275124,0
1539875360447793896,81.536869824,carbonZ_2018-10-18-11-04-08_1_engine_failure_with_emr_traj,engine,31.2899990082,-605.857849121,7.53628587723,325,14.4996089935,3.86287546158,94.8101806641,-6.09538507462,23.9044494629,-2.54624199867,0
1539875360498395656,81.587471584,carbonZ_2018-10-18-11-04-08_1_engine_failure_with_emr_traj,engine,31.0100002289,-605.857849121,6.96855974197,322,-1.61267364025,0.857919275761,100.756904602,-6.00081634521,23.8249168396,-2.3319106102,0
1539875360558917896,81.647993824,carbonZ_2018-10-18-11-04-08_1_engine_failure_with_emr_traj,engine,31.0100002289,-605.857849121,6.96855974197,322,-1.61267364025,0.857919275761,100.756904602,-5.85494232178,23.7074832916,-2.17759799957,0
1539875360593091560,81.682167488,carbonZ_2018-10-18-11-04-08_1_engine_failure_with_emr_traj,engine,30.7799987793,-573.728149414,6.41196537018,320,-1.61267364025,0.857919275761,100.756904602,-5.85494232178,23.7074832916,-2.17759799957,0
1539875360647462888,81.736538816,carbonZ_2018-10-18-11-04-08_1_engine_failure_with_emr_traj,engine,30.7799987793,-573.728149414,6.41196537018,320,-1.61267364025,0.857919275761,100.756904602,-5.76046991348,23.6171398163,-2.01785731316,0
1539875360759185320,81.848261248,carbonZ_2018-10-18-11-04-08_1_engine_failure_with_emr_traj,engine,30.5699996948,-573.728149414,5.86650323868,318,-1.61267364025,0.857919275761,100.756904602,-5.60026741028,23.4647903442,-1.83251106739,0
1539875360784783304,81.873859232,carbonZ_2018-10-18-11-04-08_1_engine_failure_with_emr_traj,engine,30.5699996948,-573.728149414,5.86650323868,318,-1.61267364025,0.857919275761,100.756904602,-5.53007698059,23.3746910095,-1.57468318939,0
1539875360842521384,81.931597312,carbonZ_2018-10-18-11-04-08_1_engine_failure_with_emr_traj,engine,30.3899993896,-543.979858398,5.34330463409,316,-1.61267364025,0.857919275761,100.756904602,-5.50296545029,23.3189582825,-1.31354963779,0
1539875360886054696,81.975130624,carbonZ_2018-10-18-11-04-08_1_engine_failure_with_emr_traj,engine,30.3899993896,-543.979858398,5.34330463409,316,-1.61267364025,0.857919275761,100.756904602,-5.48408079147,23.2602748871,-1.04640030861,0
1539875360963815816,82.052891744,carbonZ_2018-10-18-11-04-08_1_engine_failure_with_emr_traj,engine,30.25,-543.979858398,4.83123779297,314,-13.4647350311,-0.369981318712,102.463035583,-5.36759614944,23.1754436493,-0.702058196068,0
1539875360985270120,82.074346048,carbonZ_2018-10-18-11-04-08_1_engine_failure_with_emr_traj,engine,30.25,-543.979858398,4.83123779297,314,-13.4647350311,-0.369981318712,102.463035583,-5.31788063049,23.1597709656,-0.658239483833,0
1539875361041232360,82.130308288,carbonZ_2018-10-18-11-04-08_1_engine_failure_with_emr_traj,engine,30.1700000763,-508.946228027,4.31917142868,312,-13.4647350311,-0.369981318712,102.463035583,-5.13894414902,23.1048431396,-0.570171952248,0
1539875361084481384,82.173557312,carbonZ_2018-10-18-11-04-08_1_engine_failure_with_emr_traj,engine,30.1700000763,-508.946228027,4.31917142868,312,-13.4647350311,-0.369981318712,102.463035583,-5.01481485367,23.0617046356,-0.540987253189,0
1539875361111952392,82.20102832,carbonZ_2018-10-18-11-04-08_1_engine_failure_with_emr_traj,engine,30.1199989319,-508.946228027,3.82936835289,310,-13.4647350311,-0.369981318712,102.463035583,-4.95102357864,23.0496902466,-0.51550835371,0
1539875361165601736,82.254677664,carbonZ_2018-10-18-11-04-08_1_engine_failure_with_emr_traj,engine,30.1199989319,-508.946228027,3.82936835289,310,-13.4647350311,-0.369981318712,102.463035583,-4.76635122299,22.9961280823,-0.4384970963,0
1539875361177286184,82.266362112,carbonZ_2018-10-18-11-04-08_1_engine_failure_with_emr_traj,engine,30.1199989319,-508.946228027,3.82936835289,310,-13.4647350311,-0.369981318712,102.463035583,-4.70209217072,22.9783782959,-0.410663932562,0
1539875361257193480,82.346269408,carbonZ_2018-10-18-11-04-08_1_engine_failure_with_emr_traj,engine,30.0799999237,-483.609771729,3.37296104431,308,-13.4647350311,-0.369981318712,102.463035583,-4.4165263176,22.9080924988,-0.295912742615,0
1539875361280191272,82.3692672,carbonZ_2018-10-18-11-04-08_1_engine_failure_with_emr_traj,engine,30.0499992371,-483.609771729,2.92768573761,306,-13.4647350311,-0.369981318712,102.463035583,-4.4165263176,22.9080924988,-0.295912742615,0
1539875361331739432,82.42081536,carbonZ_2018-10-18-11-04-08_1_engine_failure_with_emr_traj,engine,30.0499992371,-483.609771729,2.92768573761,306,-13.4647350311,-0.369981318712,102.463035583,-4.22823429108,22.86469841,-0.120765075088,0
1539875361374382280,82.463458208,carbonZ_2018-10-18-11-04-08_1_engine_failure_with_emr_traj,engine,30.0499992371,-483.609771729,2.92768573761,306,-21.4720802307,-1.75888812542,97.5310134888,-4.01729249954,22.8242454529,0.0260852966458,0
1539875361448033064,82.537108992,carbonZ_2018-10-18-11-04-08_1_engine_failure_with_emr_traj,engine,30.0399990082,-454.939849854,2.53806972504,304,-21.4720802307,-1.75888812542,97.5310134888,-3.7893204689,22.79088974,0.134658917785,0
1539875361480779176,82.569855104,carbonZ_2018-10-18-11-04-08_1_engine_failure_with_emr_traj,engine,30.0399990082,-454.939849854,2.53806972504,304,-21.4720802307,-1.75888812542,97.5310134888,-3.65087270737,22.761636734,0.210438624024,0
1539875361510147496,82.599223424,carbonZ_2018-10-18-11-04-08_1_engine_failure_with_emr_traj,engine,30.0399990082,-454.939849854,2.1707174778,302,-21.4720802307,-1.75888812542,97.5310134888,-3.58315205574,22.7527694702,0.255758017302,0
1539875361563492712,82.65256864,carbonZ_2018-10-18-11-04-08_1_engine_failure_with_emr_traj,engine,30.0399990082,-454.939849854,2.1707174778,302,-21.4720802307,-1.75888812542,97.5310134888,-3.39144945145,22.7079200745,0.387673288584,0
1539875361606061352,82.69513728,carbonZ_2018-10-18-11-04-08_1_engine_failure_with_emr_traj,engine,30.0699996948,-432.661621094,1.84789288044,300,-21.4720802307,-1.75888812542,97.5310134888,-3.27822208405,22.6752147675,0.475746393204,0
1539875361677612808,82.766688736,carbonZ_2018-10-18-11-04-08_1_engine_failure_with_emr_traj,engine,30.0699996948,-432.661621094,1.84789288044,300,-21.4720802307,-1.75888812542,97.5310134888,-3.10286688805,22.6253643036,0.764305770397,0
1539875361740254600,82.829330528,carbonZ_2018-10-18-11-04-08_1_engine_failure_with_emr_traj,engine,30.109998703,-432.661621094,1.53620004654,298,-21.4720802307,-1.75888812542,97.5310134888,-2.97591638565,22.5763874054,1.16089046001,0
1539875361806716104,82.895792032,carbonZ_2018-10-18-11-04-08_1_engine_failure_with_emr_traj,engine,30.1999988556,-414.798919678,1.25790297985,296,-19.3189048767,-5.00495195389,94.1100082397,-2.91205310822,22.5480289459,1.33825826645,0
1539875361907570344,82.996646272,carbonZ_2018-10-18-11-04-08_1_engine_failure_with_emr_traj,engine,30.3400001526,-414.798919678,0.979605853558,294,-19.3189048767,-5.00495195389,94.1100082397,-2.72573661804,22.5002346039,1.77583968639,0
1539875361961612936,83.050688864,carbonZ_2018-10-18-11-04-08_1_engine_failure_with_emr_traj,engine,30.3400001526,-414.798919678,0.979605853558,294,-19.3189048767,-5.00495195389,94.1100082397,-2.56844830513,22.4470405579,2.06014680862,0
1539875361991624040,83.080699968,carbonZ_2018-10-18-11-04-08_1_engine_failure_with_emr_traj,engine,30.5199985504,-398.488433838,0.712440609932,293,-19.3189048767,-5.00495195389,94.1100082397,-2.56844830513,22.4470405579,2.06014680862,0
1539875362071885896,83.160961824,carbonZ_2018-10-18-11-04-08_1_engine_failure_with_emr_traj,engine,30.5199985504,-398.488433838,0.712440609932,293,-19.3189048767,-5.00495195389,94.1100082397,-2.38993310928,22.4058208466,2.26044750214,0
1539875362112952200,83.202028128,carbonZ_2018-10-18-11-04-08_1_engine_failure_with_emr_traj,engine,30.7299995422,-398.488433838,0.467539161444,291,-19.3189048767,-5.00495195389,94.1100082397,-2.26189398766,22.4103679657,2.28337574005,0
1539875362164991496,83.254067424,carbonZ_2018-10-18-11-04-08_1_engine_failure_with_emr_traj,engine,30.7299995422,-398.488433838,0.467539161444,291,-19.3189048767,-5.00495195389,94.1100082397,-2.06523108482,22.4111862183,2.23696613312,0
1539875362220779848,83.309855776,carbonZ_2018-10-18-11-04-08_1_engine_failure_with_emr_traj,engine,30.9499988556,-389.69152832,0.244901463389,289,-15.1392049789,-7.12167167664,88.4410400391,-1.88158392906,22.4079723358,2.20411467552,0
1539875362265136008,83.354211936,carbonZ_2018-10-18-11-04-08_1_engine_failure_with_emr_traj,engine,30.9499988556,-389.69152832,0.244901463389,289,-15.1392049789,-7.12167167664,88.4410400391,-1.76703488827,22.3960800171,2.19668912888,0
1539875362283970376,83.373046304,carbonZ_2018-10-18-11-04-08_1_engine_failure_with_emr_traj,engine,30.9499988556,-389.69152832,0.244901463389,289,-15.1392049789,-7.12167167664,88.4410400391,-1.71590220928,22.4003067017,2.21399688721,0
1539875362360698344,83.449774272,carbonZ_2018-10-18-11-04-08_1_engine_failure_with_emr_traj,engine,31.1599998474,-389.69152832,0.0556594207883,287,-15.1392049789,-7.12167167664,88.4410400391,-1.5037997961,22.3797950745,2.25325584412,0
1539875362407720648,83.496796576,carbonZ_2018-10-18-11-04-08_1_engine_failure_with_emr_traj,engine,31.3799991608,-383.658599854,-0.111318841577,286,-15.1392049789,-7.12167167664,88.4410400391,-1.40057504177,22.366727829,2.30039167404,0
1539875362422484072,83.51156,carbonZ_2018-10-18-11-04-08_1_engine_failure_with_emr_traj,engine,31.3799991608,-383.658599854,-0.111318841577,286,-15.1392049789,-7.12167167664,88.4410400391,-1.34215390682,22.3639240265,2.32392454147,0
1539875362474507560,83.563583488,carbonZ_2018-10-18-11-04-08_1_engine_failure_with_emr_traj,engine,31.3799991608,-383.658599854,-0.111318841577,286,-15.1392049789,-7.12167167664,88.4410400391,-1.23987936974,22.349937439,2.3690123558,0
1539875362494735624,83.583811552,carbonZ_2018-10-18-11-04-08_1_engine_failure_with_emr_traj,engine,31.5900001526,-383.658599854,-0.256033331156,284,-15.1392049789,-7.12167167664,88.4410400391,-1.12844455242,22.3438873291,2.40433049202,0
1539875362605947592,83.69502352,carbonZ_2018-10-18-11-04-08_1_engine_failure_with_emr_traj,engine,31.8199996948,-382.248504639,-0.367352187634,282,-13.838965416,-7.46989345551,84.7185516357,-0.839337527752,22.322517395,2.40091753006,0
1539875362715238344,83.804314272,carbonZ_2018-10-18-11-04-08_1_engine_failure_with_emr_traj,engine,32.0499992371,-382.248504639,-0.456407278776,281,-13.838965416,-7.46989345551,84.7185516357,-0.57676756382,22.3080196381,2.43953704834,0
1539875362785135976,83.874211904,carbonZ_2018-10-18-11-04-08_1_engine_failure_with_emr_traj,engine,32.0499992371,-382.248504639,-0.456407278776,281,-13.838965416,-7.46989345551,84.7185516357,-0.396816730499,22.2897186279,2.51826000214,0
1539875362805153384,83.894229312,carbonZ_2018-10-18-11-04-08_1_engine_failure_with_emr_traj,engine,32.2799987793,-334.596618652,-0.523198544979,279,-13.838965416,-7.46989345551,84.7185516357,-0.34299710393,22.2884273529,2.52308797836,0
1539875362861692520,83.950768448,carbonZ_2018-10-18-11-04-08_1_engine_failure_with_emr_traj,engine,32.2799987793,-334.596618652,-0.523198544979,279,-13.838965416,-7.46989345551,84.7185516357,-0.221507534385,22.282453537,2.56850647926,0
1539875362900265576,83.989341504,carbonZ_2018-10-18-11-04-08_1_engine_failure_with_emr_traj,engine,32.5200004578,-334.596618652,-0.567726135254,277,-12.3405160904,-6.9678068161,83.4611968994,-0.0837401002645,22.2789859772,2.52784895897,0
1539875362970082152,84.05915808,carbonZ_2018-10-18-11-04-08_1_engine_failure_with_emr_traj,engine,32.5200004578,-334.596618652,-0.567726135254,277,-12.3405160904,-6.9678068161,83.4611968994,-0.00319651374593,22.2759857178,2.47092795372,0
1539875363004082504,84.093158432,carbonZ_2018-10-18-11-04-08_1_engine_failure_with_emr_traj,engine,32.75,-330.651275635,-0.589989900589,276,-12.3405160904,-6.9678068161,83.4611968994,0.0797642469406,22.2781772614,2.39558243752,0
1539875363071858696,84.160934624,carbonZ_2018-10-18-11-04-08_1_engine_failure_with_emr_traj,engine,32.75,-330.651275635,-0.589989900589,276,-12.3405160904,-6.9678068161,83.4611968994,0.235129609704,22.2884807587,2.22537779808,0
1539875363168015368,84.257091296,carbonZ_2018-10-18-11-04-08_1_engine_failure_with_emr_traj,engine,32.969997406,-330.651275635,-0.601121783257,274,-12.3405160904,-6.9678068161,83.4611968994,0.32550817728,22.2943134308,2.15004706383,0
1539875363206556168,84.295632096,carbonZ_2018-10-18-11-04-08_1_engine_failure_with_emr_traj,engine,33.1699981689,-334.110839844,-0.589989900589,273,-12.3405160904,-6.9678068161,83.4611968994,0.430856823921,22.2840805054,2.02311849594,0
1539875363280837512,84.36991344,carbonZ_2018-10-18-11-04-08_1_engine_failure_with_emr_traj,engine,33.1699981689,-334.110839844,-0.589989900589,273,-7.30252218246,-5.45972108841,80.9686508179,0.527240633965,22.2896900177,1.88211452961,0
1539875363301857928,84.390933856,carbonZ_2018-10-18-11-04-08_1_engine_failure_with_emr_traj,engine,33.3499984741,-334.110839844,-0.567726135254,271,-7.30252218246,-5.45972108841,80.9686508179,0.549968481064,22.2851161957,1.86226129532,0
1539875363351625640,84.440701568,carbonZ_2018-10-18-11-04-08_1_engine_failure_with_emr_traj,engine,33.3499984741,-334.110839844,-0.567726135254,271,-7.30252218246,-5.45972108841,80.9686508179,0.61955678463,22.2838249207,1.70426881313,0
1539875363401283848,84.490359776,carbonZ_2018-10-18-11-04-08_1_engine_failure_with_emr_traj,engine,33.5099983215,-338.775268555,-0.545462369919,270,-7.30252218246,-5.45972108841,80.9686508179,0.705960452557,22.2896137238,1.49424660206,0
1539875363479527144,84.568603072,carbonZ_2018-10-18-11-04-08_1_engine_failure_with_emr_traj,engine,33.5099983215,-338.775268555,-0.545462369919,270,-7.30252218246,-5.45972108841,80.9686508179,0.789007008076,22.2805175781,1.26567006111,0
1539875363513667528,84.602743456,carbonZ_2018-10-18-11-04-08_1_engine_failure_with_emr_traj,engine,33.6399993896,-338.775268555,-0.500934779644,268,-7.30252218246,-5.45972108841,80.9686508179,0.814915418625,22.2771034241,1.20525467396,0
1539875363569384264,84.658460192,carbonZ_2018-10-18-11-04-08_1_engine_failure_with_emr_traj,engine,33.6399993896,-338.775268555,-0.500934779644,268,-7.30252218246,-5.45972108841,80.9686508179,0.891325950623,22.2665843964,0.96727591753,0
1539875363609971016,84.699046944,carbonZ_2018-10-18-11-04-08_1_engine_failure_with_emr_traj,engine,33.7299995422,-332.904998779,-0.445275366306,267,-7.30252218246,-5.45972108841,80.9686508179,0.947750329971,22.2484531403,0.805609107018,0
1539875363684063368,84.773139296,carbonZ_2018-10-18-11-04-08_1_engine_failure_with_emr_traj,engine,33.7299995422,-332.904998779,-0.445275366306,267,-7.30252218246,-5.45972108841,80.9686508179,1.05153226852,22.2238025665,0.542865514755,0
1539875363716907816,84.805983744,carbonZ_2018-10-18-11-04-08_1_engine_failure_with_emr_traj,engine,33.7799987793,-332.904998779,-0.367352187634,266,-2.35318589211,-2.58044314384,75.6481323242,1.09359395504,22.2019138336,0.497874140739,0
1539875363813701896,84.902777824,carbonZ_2018-10-18-11-04-08_1_engine_failure_with_emr_traj,engine,33.7999992371,-311.335174561,-0.289429008961,264,-2.35318589211,-2.58044314384,75.6481323242,1.16988384724,22.147315979,0.399661183357,0
1539875363876274856,84.965350784,carbonZ_2018-10-18-11-04-08_1_engine_failure_with_emr_traj,engine,33.7999992371,-311.335174561,-0.289429008961,264,-2.35318589211,-2.58044314384,75.6481323242,1.21507143974,22.1121120453,0.361830592155,0
1539875363906077672,84.9951536,carbonZ_2018-10-18-11-04-08_1_engine_failure_with_emr_traj,engine,33.8199996948,-311.335174561,-0.200373917818,263,-2.35318589211,-2.58044314384,75.6481323242,1.24820566177,22.0956535339,0.317163378,0
1539875363966820488,85.055896416,carbonZ_2018-10-18-11-04-08_1_engine_failure_with_emr_traj,engine,33.8199996948,-311.335174561,-0.200373917818,263,-2.35318589211,-2.58044314384,75.6481323242,1.28033614159,22.0580368042,0.286504000425,0
1539875364000225512,85.08930144,carbonZ_2018-10-18-11-04-08_1_engine_failure_with_emr_traj,engine,33.8400001526,-309.298522949,-0.111318841577,262,-2.35318589211,-2.58044314384,75.6481323242,1.30008459091,22.0409965515,0.260351628065,0
1539875364057028456,85.146104384,carbonZ_2018-10-18-11-04-08_1_engine_failure_with_emr_traj,engine,33.8400001526,-309.298522949,-0.111318841577,262,-2.35318589211,-2.58044314384,75.6481323242,1.34327208996,22.0100498199,0.153137713671,0
1539875364108661288,85.197737216,carbonZ_2018-10-18-11-04-08_1_engine_failure_with_emr_traj,engine,33.8400001526,-309.298522949,-0.0222637690604,260,-2.35318589211,-2.58044314384,75.6481323242,1.36982178688,21.9968280792,0.0684423372149,0
1539875364144980424,85.234056352,carbonZ_2018-10-18-11-04-08_1_engine_failure_with_emr_traj,engine,33.8400001526,-309.298522949,-0.0222637690604,260,-0.324848383665,-1.49144208431,75.7971496582,1.3909689188,21.9730129242,-0.0318596847355,0
1539875364224444456,85.313520384,carbonZ_2018-10-18-11-04-08_1_engine_failure_with_emr_traj,engine,33.8199996948,-304.465484619,0.077923193574,259,-0.324848383665,-1.49144208431,75.7971496582,1.42042863369,21.9440898895,-0.293637990952,0
1539875364303591496,85.392667424,carbonZ_2018-10-18-11-04-08_1_engine_failure_with_emr_traj,engine,33.7700004578,-304.465484619,0.166978269815,258,-0.324848383665,-1.49144208431,75.7971496582,1.43907141685,21.9208068848,-0.486545979977,0
1539875364386385128,85.475461056,carbonZ_2018-10-18-11-04-08_1_engine_failure_with_emr_traj,engine,33.7700004578,-304.465484619,0.166978269815,258,-0.324848383665,-1.49144208431,75.7971496582,1.44599020481,21.8832473755,-0.622471749783,0
1539875364449785512,85.53886144,carbonZ_2018-10-18-11-04-08_1_engine_failure_with_emr_traj,engine,33.7000007629,-302.801513672,0.267165243626,256,-0.324848383665,-1.49144208431,75.7971496582,1.42736971378,21.849822998,-0.705458521843,0
1539875364476958088,85.566034016,carbonZ_2018-10-18-11-04-08_1_engine_failure_with_emr_traj,engine,33.7000007629,-302.801513672,0.267165243626,256,1.14488017559,-0.51411652565,77.2953643799,1.40943229198,21.8196334839,-0.780824303627,0
1539875364574325192,85.66340112,carbonZ_2018-10-18-11-04-08_1_engine_failure_with_emr_traj,engine,33.6100006104,-302.801513672,0.367352187634,255,1.14488017559,-0.51411652565,77.2953643799,1.3867585659,21.7948589325,-0.907820224762,0
1539875364589276936,85.678352864,carbonZ_2018-10-18-11-04-08_1_engine_failure_with_emr_traj,engine,33.6100006104,-302.801513672,0.367352187634,255,1.14488017559,-0.51411652565,77.2953643799,1.38188624382,21.783493042,-0.959485828876,0
1539875364659459784,85.748535712,carbonZ_2018-10-18-11-04-08_1_engine_failure_with_emr_traj,engine,33.5,-300.521484375,0.456407278776,254,1.14488017559,-0.51411652565,77.2953643799,1.34587824345,21.7448482513,-1.01820266247,0
1539875364683181256,85.772257184,carbonZ_2018-10-18-11-04-08_1_engine_failure_with_emr_traj,engine,33.5,-300.521484375,0.456407278776,254,1.14488017559,-0.51411652565,77.2953643799,1.33996260166,21.7313346863,-1.03756117821,0
1539875364719961032,85.80903696,carbonZ_2018-10-18-11-04-08_1_engine_failure_with_emr_traj,engine,33.3899993896,-300.521484375,0.545462369919,253,1.14488017559,-0.51411652565,77.2953643799,1.31622850895,21.7166748047,-1.07219159603,0
1539875364824459240,85.913535168,carbonZ_2018-10-18-11-04-08_1_engine_failure_with_emr_traj,engine,33.2700004578,-291.488067627,0.623385548592,251,1.14488017559,-0.51411652565,77.2953643799,1.22318458557,21.6604366302,-1.14040064812,0
1539875364873588872,85.9626648,carbonZ_2018-10-18-11-04-08_1_engine_failure_with_emr_traj,engine,33.2700004578,-291.488067627,0.623385548592,251,5.16865682602,-0.172150015831,77.6674423218,1.16257512569,21.6319789886,-1.12111997604,0
1539875364907500392,85.99657632,carbonZ_2018-10-18-11-04-08_1_engine_failure_with_emr_traj,engine,33.1399993896,-291.488067627,0.690176844597,250,5.16865682602,-0.172150015831,77.6674423218,1.1474865675,21.6355876923,-1.12903022766,0
1539875364990738536,86.079814464,carbonZ_2018-10-18-11-04-08_1_engine_failure_with_emr_traj,engine,33.0099983215,-282.975769043,0.756968140602,249,5.16865682602,-0.172150015831,77.6674423218,1.06270456314,21.5963859558,-1.10366690159,0
1539875365067556072,86.156632,carbonZ_2018-10-18-11-04-08_1_engine_failure_with_emr_traj,engine,32.8899993896,-282.975769043,0.801495671272,248,5.16865682602,-0.172150015831,77.6674423218,0.953206658363,21.5455207825,-0.949923276901,0
1539875365118464456,86.207540384,carbonZ_2018-10-18-11-04-08_1_engine_failure_with_emr_traj,engine,32.8899993896,-282.975769043,0.801495671272,248,5.16865682602,-0.172150015831,77.6674423218,0.953206658363,21.5455207825,-0.949923276901,0
1539875365178598216,86.267674144,carbonZ_2018-10-18-11-04-08_1_engine_failure_with_emr_traj,engine,32.8899993896,-282.975769043,0.801495671272,248,6.62592077255,-0.775410890579,77.7160339355,0.881780743599,21.5368328094,-0.81970757246,0
1539875365208497224,86.297573152,carbonZ_2018-10-18-11-04-08_1_engine_failure_with_emr_traj,engine,32.7999992371,-280.829437256,0.846023201942,246,6.62592077255,-0.775410890579,77.7160339355,0.831182360649,21.5270709991,-0.732872843742,0
1539875365273855944,86.362931872,carbonZ_2018-10-18-11-04-08_1_engine_failure_with_emr_traj,engine,32.7999992371,-280.829437256,0.846023201942,246,6.62592077255,-0.775410890579,77.7160339355,0.737858057022,21.5060997009,-0.59523242712,0
1539875365321914760,86.410990688,carbonZ_2018-10-18-11-04-08_1_engine_failure_with_emr_traj,engine,32.719997406,-280.829437256,0.868286967278,245,6.62592077255,-0.775410890579,77.7160339355,0.702067315578,21.4933376312,-0.514751911163,0
1539875365388659368,86.477735296,carbonZ_2018-10-18-11-04-08_1_engine_failure_with_emr_traj,engine,32.719997406,-280.829437256,0.868286967278,245,6.62592077255,-0.775410890579,77.7160339355,0.639225959778,21.4612770081,-0.390324234962,0
1539875365400707464,86.489783392,carbonZ_2018-10-18-11-04-08_1_engine_failure_with_emr_traj,engine,32.6599998474,-277.699859619,0.890550732613,244,6.62592077255,-0.775410890579,77.7160339355,0.627941071987,21.4627475739,-0.342918694019,0
1539875365460514120,86.549590048,carbonZ_2018-10-18-11-04-08_1_engine_failure_with_emr_traj,engine,32.6599998474,-277.699859619,0.890550732613,244,6.62592077255,-0.775410890579,77.7160339355,0.586155712605,21.4246711731,-0.150984346867,0
1539875365500562920,86.589638848,carbonZ_2018-10-18-11-04-08_1_engine_failure_with_emr_traj,engine,32.6300010681,-277.699859619,0.901682674885,243,6.62592077255,-0.775410890579,77.7160339355,0.560628771782,21.405040741,-0.138145059347,0
1539875365587329192,86.67640512,carbonZ_2018-10-18-11-04-08_1_engine_failure_with_emr_traj,engine,32.6100006104,-204.091827393,0.912814557552,242,6.62592077255,-0.775410890579,77.7160339355,0.490595161915,21.3695526123,-0.182534456253,0
1539875365649941960,86.739017888,carbonZ_2018-10-18-11-04-08_1_engine_failure_with_emr_traj,engine,32.6100006104,-204.091827393,0.912814557552,242,5.61986398697,-2.09159779549,76.7479553223,0.455925375223,21.351682663,-0.237791419029,0
1539875365674552072,86.763628,carbonZ_2018-10-18-11-04-08_1_engine_failure_with_emr_traj,engine,32.6100006104,-204.091827393,0.912814557552,242,5.61986398697,-2.09159779549,76.7479553223,0.440372407436,21.3344554901,-0.254626899958,0
1539875365751496520,86.840572448,carbonZ_2018-10-18-11-04-08_1_engine_failure_with_emr_traj,engine,32.5799980164,-204.091827393,0.912814557552,240,5.61986398697,-2.09159779549,76.7479553223,0.415968984365,21.3120098114,-0.22420334816,0
1539875365790697544,86.879773472,carbonZ_2018-10-18-11-04-08_1_engine_failure_with_emr_traj,engine,32.5499992371,-192.936889648,0.912814557552,239,5.61986398697,-2.09159779549,76.7479553223,0.405965089798,21.3010540009,-0.19269746542,0
1539875365855320168,86.944396096,carbonZ_2018-10-18-11-04-08_1_engine_failure_with_emr_traj,engine,32.5499992371,-192.936889648,0.912814557552,239,5.61986398697,-2.09159779549,76.7479553223,0.41949480772,21.2697238922,-0.105402633548,0
1539875365908820552,86.99789648,carbonZ_2018-10-18-11-04-08_1_engine_failure_with_emr_traj,engine,32.5200004578,-192.936889648,0.92394644022,238,5.61986398697,-2.09159779549,76.7479553223,0.432984113693,21.2589416504,-0.201906472445,0
1539875365944885768,87.033961696,carbonZ_2018-10-18-11-04-08_1_engine_failure_with_emr_traj,engine,32.5200004578,-192.936889648,0.92394644022,238,5.61986398697,-2.09159779549,76.7479553223,0.458287715912,21.2470245361,-0.254379540682,0
1539875365987755624,87.076831552,carbonZ_2018-10-18-11-04-08_1_engine_failure_with_emr_traj,engine,32.5200004578,-192.936889648,0.92394644022,238,5.61986398697,-2.09159779549,76.7479553223,0.501361608505,21.2295074463,-0.253932803869,0
1539875366014308488,87.103384416,carbonZ_2018-10-18-11-04-08_1_engine_failure_with_emr_traj,engine,32.4899978638,-191.269104004,0.935078322887,237,0.050891097635,-3.66849207878,78.7928543091,0.529069006443,21.2187252045,-0.270604103804,0
1539875366035970920,87.125046848,carbonZ_2018-10-18-11-04-08_1_engine_failure_with_emr_traj,engine,32.4899978638,-191.269104004,0.935078322887,237,0.050891097635,-3.66849207878,78.7928543091,0.563693106174,21.2109642029,-0.306364834309,0
1539875366071291336,87.160367264,carbonZ_2018-10-18-11-04-08_1_engine_failure_with_emr_traj,engine,32.4899978638,-191.269104004,0.935078322887,237,0.050891097635,-3.66849207878,78.7928543091,0.585125148296,21.2052555084,-0.352295815945,0
1539875366161100584,87.250176512,carbonZ_2018-10-18-11-04-08_1_engine_failure_with_emr_traj,engine,32.4500007629,-191.269104004,0.96847397089,236,0.050891097635,-3.66849207878,78.7928543091,0.601732313633,21.1932239532,-0.412134736776,0
1539875366209093960,87.298169888,carbonZ_2018-10-18-11-04-08_1_engine_failure_with_emr_traj,engine,32.3999977112,-188.288497925,1.00186955929,235,0.050891097635,-3.66849207878,78.7928543091,0.608706116676,21.1899547577,-0.436330199242,0
1539875366231404680,87.320480608,carbonZ_2018-10-18-11-04-08_1_engine_failure_with_emr_traj,engine,32.3999977112,-188.288497925,1.00186955929,235,0.050891097635,-3.66849207878,78.7928543091,0.622481584549,21.1926822662,-0.487402558327,0
1539875366278461320,87.367537248,carbonZ_2018-10-18-11-04-08_1_engine_failure_with_emr_traj,engine,32.3999977112,-188.288497925,1.00186955929,235,0.050891097635,-3.66849207878,78.7928543091,0.664348781109,21.202249527,-0.629942536354,0
1539875366368493192,87.45756912,carbonZ_2018-10-18-11-04-08_1_engine_failure_with_emr_traj,engine,32.3400001526,-188.288497925,1.04639708996,234,0.050891097635,-3.66849207878,78.7928543091,0.694427967072,21.2066879272,-0.770839691162,0
1539875366381405256,87.470481184,carbonZ_2018-10-18-11-04-08_1_engine_failure_with_emr_traj,engine,32.3400001526,-188.288497925,1.04639708996,234,0.050891097635,-3.66849207878,78.7928543091,0.71702682972,21.2095069885,-0.823491632938,0
1539875366436669096,87.525745024,carbonZ_2018-10-18-11-04-08_1_engine_failure_with_emr_traj,engine,32.2599983215,-187.464904785,1.10205662251,233,0.050891097635,-3.66849207878,78.7928543091,0.760571300983,21.2072162628,-0.911234140396,0
1539875366473412520,87.562488448,carbonZ_2018-10-18-11-04-08_1_engine_failure_with_emr_traj,engine,32.2599983215,-187.464904785,1.10205662251,233,-1.35165154934,-4.05142736435,81.7935409546,0.803054273129,21.2081298828,-0.991814315319,0
1539875366521616424,87.610692352,carbonZ_2018-10-18-11-04-08_1_engine_failure_with_emr_traj,engine,32.1499977112,-187.464904785,1.15771603584,232,-1.35165154934,-4.05142736435,81.7935409546,0.843777656555,21.2092781067,-1.0604609251,0
1539875366564066824,87.653142752,carbonZ_2018-10-18-11-04-08_1_engine_failure_with_emr_traj,engine,32.1499977112,-187.464904785,1.15771603584,232,-1.35165154934,-4.05142736435,81.7935409546,0.88365393877,21.2055339813,-1.10732281208,0
1539875366578139272,87.6672152,carbonZ_2018-10-18-11-04-08_1_engine_failure_with_emr_traj,engine,32.0299987793,-193.822296143,1.22450733185,231,-1.35165154934,-4.05142736435,81.7935409546,0.88365393877,21.2055339813,-1.10732281208,0
1539875366670147080,87.759223008,carbonZ_2018-10-18-11-04-08_1_engine_failure_with_emr_traj,engine,32.0299987793,-193.822296143,1.22450733185,231,-1.35165154934,-4.05142736435,81.7935409546,0.945524930954,21.1819496155,-0.580549895763,0
1539875366742513576,87.831589504,carbonZ_2018-10-18-11-04-08_1_engine_failure_with_emr_traj,engine,31.9200000763,-193.822296143,1.30243051052,230,-1.35165154934,-4.05142736435,81.7935409546,0.945524930954,21.1819496155,-0.580549895763,0
1539875366787439624,87.876515552,carbonZ_2018-10-18-11-04-08_1_engine_failure_with_emr_traj,engine,31.9200000763,-193.822296143,1.30243051052,230,-0.510575473309,-4.59223222733,82.7584686279,0.936771094799,21.1712093353,-0.290726780891,0
1539875366817641960,87.906717888,carbonZ_2018-10-18-11-04-08_1_engine_failure_with_emr_traj,engine,31.859998703,-200.959197998,1.38035368919,229,-0.510575473309,-4.59223222733,82.7584686279,0.924076080322,21.1706161499,-0.223462387919,0
1539875366850162024,87.939237952,carbonZ_2018-10-18-11-04-08_1_engine_failure_with_emr_traj,engine,31.859998703,-200.959197998,1.38035368919,229,-0.510575473309,-4.59223222733,82.7584686279,0.924076080322,21.1706161499,-0.223462387919,0
1539875366894173256,87.983249184,carbonZ_2018-10-18-11-04-08_1_engine_failure_with_emr_traj,engine,31.8299999237,-200.959197998,1.45827686787,228,-0.510575473309,-4.59223222733,82.7584686279,0.897033929825,21.1785259247,-0.157165274024,0
1539875366946074152,88.03515008,carbonZ_2018-10-18-11-04-08_1_engine_failure_with_emr_traj,engine,31.8299999237,-200.959197998,1.45827686787,228,-0.510575473309,-4.59223222733,82.7584686279,0.867291510105,21.1979312897,-0.164373710752,0
1539875367011004296,88.100080224,carbonZ_2018-10-18-11-04-08_1_engine_failure_with_emr_traj,engine,31.8099994659,-192.353439331,1.52506816387,227,-0.510575473309,-4.59223222733,82.7584686279,0.81182551384,21.2120494843,-0.164974331856,0
1539875367045809480,88.134885408,carbonZ_2018-10-18-11-04-08_1_engine_failure_with_emr_traj,engine,31.8099994659,-192.353439331,1.52506816387,227,-0.510575473309,-4.59223222733,82.7584686279,0.778562903404,21.2208480835,-0.116838157177,0
1539875367083917384,88.172993312,carbonZ_2018-10-18-11-04-08_1_engine_failure_with_emr_traj,engine,31.8099994659,-192.353439331,1.52506816387,227,-0.510575473309,-4.59223222733,82.7584686279,0.748142421246,21.2172088623,-0.00755687383935,0
1539875367131305256,88.220381184,carbonZ_2018-10-18-11-04-08_1_engine_failure_with_emr_traj,engine,31.7999992371,-192.353439331,1.59185945988,226,-0.510575473309,-4.59223222733,82.7584686279,0.717653572559,21.2155990601,0.119926415384,0
1539875367166300136,88.255376064,carbonZ_2018-10-18-11-04-08_1_engine_failure_with_emr_traj,engine,31.7999992371,-192.353439331,1.59185945988,226,6.56903219223,-4.93847799301,82.3028488159,0.692495882511,21.2154579163,0.221693783998,0
1539875367224817256,88.313893184,carbonZ_2018-10-18-11-04-08_1_engine_failure_with_emr_traj,engine,31.8099994659,-198.51361084,1.64751887321,225,6.56903219223,-4.93847799301,82.3028488159,0.665444016457,21.2198867798,0.363018721342,0
1539875367295337896,88.384413824,carbonZ_2018-10-18-11-04-08_1_engine_failure_with_emr_traj,engine,31.8099994659,-198.51361084,1.64751887321,225,6.56903219223,-4.93847799301,82.3028488159,0.654139757156,21.223487854,0.479668647051,0
1539875367312571528,88.401647456,carbonZ_2018-10-18-11-04-08_1_engine_failure_with_emr_traj,engine,31.8400001526,-198.51361084,1.69204640388,224,6.56903219223,-4.93847799301,82.3028488159,0.649245917797,21.2303771973,0.511103153229,0
1539875367343189320,88.432265248,carbonZ_2018-10-18-11-04-08_1_engine_failure_with_emr_traj,engine,31.8400001526,-198.51361084,1.69204640388,224,6.56903219223,-4.93847799301,82.3028488159,0.640814304352,21.2360534668,0.539974868298,0
1539875367426315912,88.51539184,carbonZ_2018-10-18-11-04-08_1_engine_failure_with_emr_traj,engine,31.8999996185,-195.256622314,1.73657393456,223,6.56903219223,-4.93847799301,82.3028488159,0.611011147499,21.2422084808,0.668309509754,0
1539875367438199688,88.527275616,carbonZ_2018-10-18-11-04-08_1_engine_failure_with_emr_traj,engine,31.8999996185,-195.256622314,1.73657393456,223,6.56903219223,-4.93847799301,82.3028488159,0.616653740406,21.2494163513,0.707396686077,0
1539875367507765064,88.596840992,carbonZ_2018-10-18-11-04-08_1_engine_failure_with_emr_traj,engine,31.9699993134,-195.256622314,1.78110146523,222,6.56903219223,-4.93847799301,82.3028488159,0.610365211964,21.2538414001,0.837815821171,0
1539875367563420392,88.65249632,carbonZ_2018-10-18-11-04-08_1_engine_failure_with_emr_traj,engine,31.9699993134,-195.256622314,1.78110146523,222,6.56903219223,-4.93847799301,82.3028488159,0.603201627731,21.2544460297,0.934346854687,0
1539875367609296168,88.698372096,carbonZ_2018-10-18-11-04-08_1_engine_failure_with_emr_traj,engine,32.0599975586,-195.90625,1.8256291151,221,4.88827800751,-5.82118606567,80.5022125244,0.596800923347,21.2684364319,1.08444499969,0
1539875367659923752,88.74899968,carbonZ_2018-10-18-11-04-08_1_engine_failure_with_emr_traj,engine,32.0599975586,-195.90625,1.8256291151,221,4.88827800751,-5.82118606567,80.5022125244,0.596800923347,21.2684364319,1.08444499969,0
1539875367679317928,88.768393856,carbonZ_2018-10-18-11-04-08_1_engine_failure_with_emr_traj,engine,32.0599975586,-195.90625,1.8256291151,221,4.88827800751,-5.82118606567,80.5022125244,0.590366065502,21.2655887604,1.17840707302,0
1539875367745425224,88.834501152,carbonZ_2018-10-18-11-04-08_1_engine_failure_with_emr_traj,engine,32.1599998474,-195.90625,1.87015664577,220,4.88827800751,-5.82118606567,80.5022125244,0.564155936241,21.2759075165,1.26092863083,0
1539875367782394408,88.871470336,carbonZ_2018-10-18-11-04-08_1_engine_failure_with_emr_traj,engine,32.1599998474,-195.90625,1.87015664577,220,4.88827800751,-5.82118606567,80.5022125244,0.563677668571,21.2886199951,1.22082006931,0
1539875367851171208,88.940247136,carbonZ_2018-10-18-11-04-08_1_engine_failure_with_emr_traj,engine,32.2900009155,-202.557189941,1.92581605911,220,4.88827800751,-5.82118606567,80.5022125244,0.559303343296,21.321308136,1.07410252094,0
1539875367906111112,88.99518704,carbonZ_2018-10-18-11-04-08_1_engine_failure_with_emr_traj,engine,32.3999977112,-202.557189941,1.97034358978,219,4.88827800751,-5.82118606567,80.5022125244,0.575264453888,21.3408050537,0.97379219532,0
1539875367985843656,89.074919584,carbonZ_2018-10-18-11-04-08_1_engine_failure_with_emr_traj,engine,32.3999977112,-202.557189941,1.97034358978,219,-1.4310053587,-6.00161838531,81.1688537598,0.633179664612,21.3882884979,0.678299486637,0
1539875368056930056,89.146005984,carbonZ_2018-10-18-11-04-08_1_engine_failure_with_emr_traj,engine,32.4899978638,-199.484436035,2.02600288391,218,-1.4310053587,-6.00161838531,81.1688537598,0.742519438267,21.4260368347,0.438124716282,0
1539875368098897608,89.187973536,carbonZ_2018-10-18-11-04-08_1_engine_failure_with_emr_traj,engine,32.5499992371,-199.484436035,2.09279417992,217,-1.4310053587,-6.00161838531,81.1688537598,0.815330445766,21.4419784546,0.313541799784,0
1539875368143067208,89.232143136,carbonZ_2018-10-18-11-04-08_1_engine_failure_with_emr_traj,engine,32.5499992371,-199.484436035,2.09279417992,217,-1.4310053587,-6.00161838531,81.1688537598,0.899181246758,21.4553222656,0.203982874751,0
1539875368175102408,89.264178336,carbonZ_2018-10-18-11-04-08_1_engine_failure_with_emr_traj,engine,32.5499992371,-199.484436035,2.09279417992,217,-1.4310053587,-6.00161838531,81.1688537598,0.98172467947,21.464597702,0.102002844214,0
1539875368236002120,89.325078048,carbonZ_2018-10-18-11-04-08_1_engine_failure_with_emr_traj,engine,32.5699996948,-217.023468018,2.18184947968,217,-1.4310053587,-6.00161838531,81.1688537598,1.0991743803,21.4681224823,-0.019258370623,0
1539875368309052008,89.398127936,carbonZ_2018-10-18-11-04-08_1_engine_failure_with_emr_traj,engine,32.5699996948,-217.023468018,2.30430006981,216,-1.4310053587,-6.00161838531,81.1688537598,1.22270083427,21.4813461304,-0.186200410128,0
1539875368344740872,89.4338168,carbonZ_2018-10-18-11-04-08_1_engine_failure_with_emr_traj,engine,32.5699996948,-217.023468018,2.30430006981,216,-1.4310053587,-6.00161838531,81.1688537598,1.32255578041,21.4929771423,-0.370491057634,0
1539875368372328168,89.461404096,carbonZ_2018-10-18-11-04-08_1_engine_failure_with_emr_traj,engine,32.5699996948,-217.023468018,2.30430006981,216,-6.26737833023,-5.17883443832,80.6209335327,1.4275188446,21.5064048767,-0.584263205528,0
1539875368407480040,89.496555968,carbonZ_2018-10-18-11-04-08_1_engine_failure_with_emr_traj,engine,32.5299987793,-231.273834229,2.43788266182,215,-6.26737833023,-5.17883443832,80.6209335327,1.47777283192,21.5082645416,-0.693942308426,0
1539875368459824968,89.548900896,carbonZ_2018-10-18-11-04-08_1_engine_failure_with_emr_traj,engine,32.5299987793,-231.273834229,2.43788266182,215,-6.26737833023,-5.17883443832,80.6209335327,1.68954396248,21.519329071,-1.08808863163,0
1539875368510534184,89.599610112,carbonZ_2018-10-18-11-04-08_1_engine_failure_with_emr_traj,engine,32.4399986267,-231.273834229,2.6159927845,215,-6.26737833023,-5.17883443832,80.6209335327,1.73340749741,21.5150032043,-1.1174441576,0
1539875368598592072,89.687668,carbonZ_2018-10-18-11-04-08_1_engine_failure_with_emr_traj,engine,32.3199996948,-242.030914307,2.81636667252,214,-6.26737833023,-5.17883443832,80.6209335327,1.85714399815,21.4817428589,-0.989755153656,0
1539875368611795176,89.700871104,carbonZ_2018-10-18-11-04-08_1_engine_failure_with_emr_traj,engine,32.3199996948,-242.030914307,2.81636667252,214,-6.26737833023,-5.17883443832,80.6209335327,1.87107586861,21.4733505249,-0.928569316864,0
1539875368628483336,89.717559264,carbonZ_2018-10-18-11-04-08_1_engine_failure_with_emr_traj,engine,32.3199996948,-242.030914307,2.81636667252,214,-6.26737833023,-5.17883443832,80.6209335327,1.87107586861,21.4733505249,-0.928569316864,0
1539875368706145896,89.795221824,carbonZ_2018-10-18-11-04-08_1_engine_failure_with_emr_traj,engine,32.2099990845,-242.030914307,3.02787256241,214,-6.26737833023,-5.17883443832,80.6209335327,1.93319487572,21.4460468292,-0.772363483906,0
1539875368758187176,89.847263104,carbonZ_2018-10-18-11-04-08_1_engine_failure_with_emr_traj,engine,32.2099990845,-242.030914307,3.02787256241,214,-6.26737833023,-5.17883443832,80.6209335327,1.95832383633,21.4239139557,-0.677197873592,0
1539875368770571240,89.859647168,carbonZ_2018-10-18-11-04-08_1_engine_failure_with_emr_traj,engine,32.2099990845,-242.030914307,3.02787256241,214,-6.26737833023,-5.17883443832,80.6209335327,1.95832383633,21.4239139557,-0.677197873592,0
1539875368838728456,89.927804384,carbonZ_2018-10-18-11-04-08_1_engine_failure_with_emr_traj,engine,32.1399993896,-251.250274658,3.2393784523,213,-6.26737833023,-5.17883443832,80.6209335327,1.94516527653,21.4197063446,-0.885003566742,0
1539875368871205160,89.960281088,carbonZ_2018-10-18-11-04-08_1_engine_failure_with_emr_traj,engine,32.1399993896,-251.250274658,3.2393784523,213,3.64096713066,-4.56424283981,84.6783752441,1.92573678493,21.4146404266,-0.963440477848,0
1539875368959066600,90.048142528,carbonZ_2018-10-18-11-04-08_1_engine_failure_with_emr_traj,engine,32.0499992371,-251.250274658,3.46201610565,213,3.64096713066,-4.56424283981,84.6783752441,1.87129235268,21.389995575,-0.966973900795,0
1539875368981014120,90.070090048,carbonZ_2018-10-18-11-04-08_1_engine_failure_with_emr_traj,engine,31.9599990845,-241.506774902,3.66238999367,212,3.64096713066,-4.56424283981,84.6783752441,1.83929502964,21.3715839386,-0.884048521519,0
1539875369037437096,90.126513024,carbonZ_2018-10-18-11-04-08_1_engine_failure_with_emr_traj,engine,31.9599990845,-241.506774902,3.66238999367,212,3.64096713066,-4.56424283981,84.6783752441,1.78967559338,21.3511447906,-0.645870685577,0
1539875369071855496,90.160931424,carbonZ_2018-10-18-11-04-08_1_engine_failure_with_emr_traj,engine,31.9599990845,-241.506774902,3.66238999367,212,3.64096713066,-4.56424283981,84.6783752441,1.7624437809,21.34375,-0.551087260246,0
1539875369148437000,90.237512928,carbonZ_2018-10-18-11-04-08_1_engine_failure_with_emr_traj,engine,31.8899993896,-241.506774902,3.85163211823,212,3.64096713066,-4.56424283981,84.6783752441,1.68848538399,21.3120479584,-0.315411180258,0
1539875369180876264,90.269952192,carbonZ_2018-10-18-11-04-08_1_engine_failure_with_emr_traj,engine,31.8899993896,-241.506774902,3.85163211823,212,3.64096713066,-4.56424283981,84.6783752441,1.60864281654,21.3054237366,-0.167638257146,0
1539875369231865448,90.320941376,carbonZ_2018-10-18-11-04-08_1_engine_failure_with_emr_traj,engine,31.859998703,-236.547470093,4.02974224091,211,3.64096713066,-4.56424283981,84.6783752441,1.55058217049,21.2954750061,-0.0779626071453,0
1539875369273126952,90.36220288,carbonZ_2018-10-18-11-04-08_1_engine_failure_with_emr_traj,engine,31.859998703,-236.547470093,4.02974224091,211,3.64096713066,-4.56424283981,84.6783752441,1.49423992634,21.2816677094,0.0287069883198,0
1539875369375474568,90.464550496,carbonZ_2018-10-18-11-04-08_1_engine_failure_with_emr_traj,engine,31.859998703,-236.547470093,4.18558835983,211,3.64096713066,-4.56424283981,84.6783752441,1.32357740402,21.2821941376,0.0836962759495,0
1539875369401428872,90.4905048,carbonZ_2018-10-18-11-04-08_1_engine_failure_with_emr_traj,engine,31.8799991608,-223.359298706,4.30803918839,210,16.3151741028,-5.50431871414,87.0062561035,1.20008993149,21.2872180939,0.0167262088507,0
1539875369454164872,90.5432408,carbonZ_2018-10-18-11-04-08_1_engine_failure_with_emr_traj,engine,31.8799991608,-223.359298706,4.30803918839,210,16.3151741028,-5.50431871414,87.0062561035,1.01345646381,21.3050384521,-0.109647527337,0
1539875369512509960,90.601585888,carbonZ_2018-10-18-11-04-08_1_engine_failure_with_emr_traj,engine,31.8899993896,-223.359298706,4.41935825348,210,16.3151741028,-5.50431871414,87.0062561035,0.886328399181,21.3288536072,-0.257442057133,0
1539875369527496808,90.616572736,carbonZ_2018-10-18-11-04-08_1_engine_failure_with_emr_traj,engine,31.8899993896,-223.359298706,4.41935825348,210,16.3151741028,-5.50431871414,87.0062561035,0.817664980888,21.3332138062,-0.335683077574,0
1539875369587159368,90.676235296,carbonZ_2018-10-18-11-04-08_1_engine_failure_with_emr_traj,engine,31.8899993896,-223.359298706,4.41935825348,210,16.3151741028,-5.50431871414,87.0062561035,0.638120889664,21.3649864197,-0.560006022453,0
1539875369618416488,90.707492416,carbonZ_2018-10-18-11-04-08_1_engine_failure_with_emr_traj,engine,31.859998703,-211.783599854,4.47501754761,209,16.3151741028,-5.50431871414,87.0062561035,0.586719214916,21.3759765625,-0.612905085087,0
1539875369662534088,90.751610016,carbonZ_2018-10-18-11-04-08_1_engine_failure_with_emr_traj,engine,31.859998703,-211.783599854,4.47501754761,209,16.3151741028,-5.50431871414,87.0062561035,0.448938816786,21.390203476,-0.808922529221,0
1539875369684487976,90.773563904,carbonZ_2018-10-18-11-04-08_1_engine_failure_with_emr_traj,engine,31.859998703,-211.783599854,4.47501754761,209,16.3151741028,-5.50431871414,87.0062561035,0.417412221432,21.4006538391,-0.87161886692,0
1539875369731893960,90.820969888,carbonZ_2018-10-18-11-04-08_1_engine_failure_with_emr_traj,engine,31.7999992371,-211.783599854,4.51954507828,209,16.3151741028,-5.50431871414,87.0062561035,0.347214519978,21.4082584381,-0.969486415386,0
1539875369797217032,90.88629296,carbonZ_2018-10-18-11-04-08_1_engine_failure_with_emr_traj,engine,31.6999988556,-213.636779785,4.53067684174,208,10.7705841064,-5.16550397873,88.6110839844,0.259612411261,21.422410965,-1.0318120718,0
1539875369822989128,90.912065056,carbonZ_2018-10-18-11-04-08_1_engine_failure_with_emr_traj,engine,31.6999988556,-213.636779785,4.53067684174,208,10.7705841064,-5.16550397873,88.6110839844,0.229506120086,21.4175014496,-1.02854406834,0
1539875369835086664,90.924162592,carbonZ_2018-10-18-11-04-08_1_engine_failure_with_emr_traj,engine,31.6999988556,-213.636779785,4.53067684174,208,10.7705841064,-5.16550397873,88.6110839844,0.185935899615,21.4177951813,-0.976552546024,0
1539875369898900040,90.987975968,carbonZ_2018-10-18-11-04-08_1_engine_failure_with_emr_traj,engine,31.5900001526,-213.636779785,4.53067684174,208,10.7705841064,-5.16550397873,88.6110839844,0.119547046721,21.4026966095,-0.87702280283,0
1539875369945696744,91.034772672,carbonZ_2018-10-18-11-04-08_1_engine_failure_with_emr_traj,engine,31.5900001526,-213.636779785,4.53067684174,208,10.7705841064,-5.16550397873,88.6110839844,0.0783452093601,21.3977165222,-0.762010574341,0
1539875369995064328,91.084140256,carbonZ_2018-10-18-11-04-08_1_engine_failure_with_emr_traj,engine,31.5,-216.529846191,4.53067684174,208,10.7705841064,-5.16550397873,88.6110839844,0.0418880470097,21.3934059143,-0.648898601532,0
1539875370037724360,91.126800288,carbonZ_2018-10-18-11-04-08_1_engine_failure_with_emr_traj,engine,31.5,-216.529846191,4.53067684174,208,10.7705841064,-5.16550397873,88.6110839844,-0.0124426539987,21.377117157,-0.428432077169,0
1539875370078982600,91.168058528,carbonZ_2018-10-18-11-04-08_1_engine_failure_with_emr_traj,engine,31.5,-216.529846191,4.53067684174,208,10.7705841064,-5.16550397873,88.6110839844,-0.0438795946538,21.3671875,-0.281758159399,0
1539875370139032776,91.228108704,carbonZ_2018-10-18-11-04-08_1_engine_failure_with_emr_traj,engine,31.4399986267,-216.529846191,4.51954507828,207,10.7705841064,-5.16550397873,88.6110839844,-0.111782103777,21.3385429382,0.0233807358891,0
1539875370198564776,91.287640704,carbonZ_2018-10-18-11-04-08_1_engine_failure_with_emr_traj,engine,31.4299983978,-207.646560669,4.49728155136,207,10.7705841064,-5.16550397873,88.6110839844,-0.119785994291,21.3417053223,0.096849553287,0
1539875370225702440,91.314778368,carbonZ_2018-10-18-11-04-08_1_engine_failure_with_emr_traj,engine,31.4299983978,-207.646560669,4.49728155136,207,11.3550033569,-6.57665061951,90.708770752,-0.161568716168,21.3274269104,0.219924122095,0
1539875370283367752,91.37244368,carbonZ_2018-10-18-11-04-08_1_engine_failure_with_emr_traj,engine,31.4299983978,-207.646560669,4.49728155136,207,11.3550033569,-6.57665061951,90.708770752,-0.220526665449,21.3167419434,0.40280765295,0
1539875370329153832,91.41822976,carbonZ_2018-10-18-11-04-08_1_engine_failure_with_emr_traj,engine,31.4599990845,-207.646560669,4.48614931107,206,11.3550033569,-6.57665061951,90.708770752,-0.27487179637,21.3077335358,0.495834857225,0
1539875370381342536,91.470418464,carbonZ_2018-10-18-11-04-08_1_engine_failure_with_emr_traj,engine,31.4599990845,-207.646560669,4.48614931107,206,11.3550033569,-6.57665061951,90.708770752,-0.354766249657,21.2978591919,0.607237815857,0
1539875370422459336,91.511535264,carbonZ_2018-10-18-11-04-08_1_engine_failure_with_emr_traj,engine,31.5199985504,-196.240997314,4.45275402069,206,11.3550033569,-6.57665061951,90.708770752,-0.398479819298,21.3013000488,0.695455551147,0
1539875370481713480,91.570789408,carbonZ_2018-10-18-11-04-08_1_engine_failure_with_emr_traj,engine,31.5999984741,-196.240997314,4.40400218964,206,11.3550033569,-6.57665061951,90.708770752,-0.513279974461,21.2897815704,0.823282539845,0
1539875370515528712,91.60460464,carbonZ_2018-10-18-11-04-08_1_engine_failure_with_emr_traj,engine,31.5999984741,-196.240997314,4.40400218964,206,11.3550033569,-6.57665061951,90.708770752,-0.513279974461,21.2897815704,0.823282539845,0
1539875370567356776,91.656432704,carbonZ_2018-10-18-11-04-08_1_engine_failure_with_emr_traj,engine,31.5999984741,-196.240997314,4.40400218964,206,10.6052656174,-7.22199249268,91.3889694214,-0.593807280064,21.2969493866,0.882976055145,0
1539875370634299816,91.723375744,carbonZ_2018-10-18-11-04-08_1_engine_failure_with_emr_traj,engine,31.6899986267,-193.346405029,4.35984659195,205,10.6052656174,-7.22199249268,91.3889694214,-0.68707627058,21.2968864441,0.917390227318,0
1539875370654186216,91.743262144,carbonZ_2018-10-18-11-04-08_1_engine_failure_with_emr_traj,engine,31.6899986267,-193.346405029,4.35984659195,205,10.6052656174,-7.22199249268,91.3889694214,-0.779368340969,21.2974319458,0.939942002296,0
1539875370754097800,91.843173728,carbonZ_2018-10-18-11-04-08_1_engine_failure_with_emr_traj,engine,31.7899990082,-193.346405029,4.17814779282,205,10.6052656174,-7.22199249268,91.3889694214,-0.970784425735,21.3104858398,1.02158522606,0
1539875370771631784,91.860707712,carbonZ_2018-10-18-11-04-08_1_engine_failure_with_emr_traj,engine,31.7899990082,-193.346405029,4.17814779282,205,10.6052656174,-7.22199249268,91.3889694214,-1.06552541256,21.3070487976,1.0448012352,0
1539875370787123816,91.876199744,carbonZ_2018-10-18-11-04-08_1_engine_failure_with_emr_traj,engine,31.8999996185,-182.288742065,4.09932327271,204,10.6052656174,-7.22199249268,91.3889694214,-1.09365928173,21.3157978058,1.06970727444,0
1539875370865990504,91.955066432,carbonZ_2018-10-18-11-04-08_1_engine_failure_with_emr_traj,engine,31.8999996185,-182.288742065,4.09932327271,204,10.6052656174,-7.22199249268,91.3889694214,-1.17833757401,21.3389644623,0.978259265423,0
1539875370903951912,91.99302784,carbonZ_2018-10-18-11-04-08_1_engine_failure_with_emr_traj,engine,32.0099983215,-182.288742065,3.99823474884,204,10.6052656174,-7.22199249268,91.3889694214,-1.17831349373,21.3595695496,1.00499820709,0
1539875370973124872,92.0622008,carbonZ_2018-10-18-11-04-08_1_engine_failure_with_emr_traj,engine,32.1100006104,-178.328323364,3.51637792587,204,10.6052656174,-7.22199249268,91.3889694214,-1.20586812496,21.3771343231,1.14815485477,0
1539875371071584552,92.16066048,carbonZ_2018-10-18-11-04-08_1_engine_failure_with_emr_traj,engine,32.1100006104,-178.328323364,3.51637792587,204,9.35925674438,-6.87411880493,87.6503448486,-1.22537386417,21.3924884796,1.19402825832,0
1539875371128749192,92.21782512,carbonZ_2018-10-18-11-04-08_1_engine_failure_with_emr_traj,engine,32.2299995422,-178.328323364,3.441385746,203,9.35925674438,-6.87411880493,87.6503448486,-1.25340163708,21.4147968292,1.22999715805,0
1539875371161434920,92.250510848,carbonZ_2018-10-18-11-04-08_1_engine_failure_with_emr_traj,engine,32.2299995422,-178.328323364,3.441385746,203,9.35925674438,-6.87411880493,87.6503448486,-1.27452027798,21.4298706055,1.31788372993,0
1539875371198290728,92.287366656,carbonZ_2018-10-18-11-04-08_1_engine_failure_with_emr_traj,engine,32.3499984741,-189.731414795,2.1437895298,203,9.35925674438,-6.87411880493,87.6503448486,-1.28717982769,21.45170784,1.40173900127,0
1539875371268277768,92.357353696,carbonZ_2018-10-18-11-04-08_1_engine_failure_with_emr_traj,engine,32.3499984741,-189.731414795,2.1437895298,203,9.35925674438,-6.87411880493,87.6503448486,-1.2857093811,21.4852161407,1.44827127457,0
1539875371303360584,92.392436512,carbonZ_2018-10-18-11-04-08_1_engine_failure_with_emr_traj,engine,32.4899978638,-189.731414795,2.18704271317,203,9.35925674438,-6.87411880493,87.6503448486,-1.27652192116,21.5235691071,1.43639588356,0
1539875371386379912,92.47545584,carbonZ_2018-10-18-11-04-08_1_engine_failure_with_emr_traj,engine,32.4899978638,-189.731414795,2.18704271317,203,9.35925674438,-6.87411880493,87.6503448486,-1.2019469738,21.6032371521,1.36064851284,0
1539875371403983560,92.493059488,carbonZ_2018-10-18-11-04-08_1_engine_failure_with_emr_traj,engine,32.6199989319,-194.610214233,2.24204325676,203,0.865339994431,-7.70458936691,88.4467010498,-1.18253827095,21.6152439117,1.34646189213,0
1539875371463901736,92.552977664,carbonZ_2018-10-18-11-04-08_1_engine_failure_with_emr_traj,engine,32.6199989319,-194.610214233,2.24204325676,203,0.865339994431,-7.70458936691,88.4467010498,-1.11214184761,21.6819667816,1.20646429062,0
1539875371552774632,92.64185056,carbonZ_2018-10-18-11-04-08_1_engine_failure_with_emr_traj,engine,32.75,-194.610214233,0.821006298065,202,0.865339994431,-7.70458936691,88.4467010498,-1.03420245647,21.7657794952,1.04327178001,0
1539875371610841160,92.699917088,carbonZ_2018-10-18-11-04-08_1_engine_failure_with_emr_traj,engine,32.8400001526,-210.789489746,1.06122517586,202,0.865339994431,-7.70458936691,88.4467010498,-0.974647819996,21.8251953125,0.981144547462,0
1539875371653967336,92.743043264,carbonZ_2018-10-18-11-04-08_1_engine_failure_with_emr_traj,engine,32.8400001526,-210.789489746,1.06122517586,202,0.865339994431,-7.70458936691,88.4467010498,-0.93119430542,21.8657894135,1.01886940002,0
1539875371695561960,92.784637888,carbonZ_2018-10-18-11-04-08_1_engine_failure_with_emr_traj,engine,32.9300003052,-210.789489746,1.31491732597,202,0.865339994431,-7.70458936691,88.4467010498,-0.899125218391,21.8926181793,1.06253182888,0
1539875371826362408,92.915438336,carbonZ_2018-10-18-11-04-08_1_engine_failure_with_emr_traj,engine,33.0200004578,-233.077819824,-1.03372561932,202,-0.318183600903,-7.88526630402,90.1992797852,-0.820040822029,21.9638767242,1.18755948544,0
1539875371860473064,92.949548992,carbonZ_2018-10-18-11-04-08_1_engine_failure_with_emr_traj,engine,33.0200004578,-233.077819824,-1.03372561932,202,-0.318183600903,-7.88526630402,90.1992797852,-0.808700025082,21.9797420502,1.27174305916,0
1539875371895870568,92.984946496,carbonZ_2018-10-18-11-04-08_1_engine_failure_with_emr_traj,engine,33.1199989319,-233.077819824,-0.495804160833,202,-0.318183600903,-7.88526630402,90.1992797852,-0.804516792297,21.995174408,1.36002671719,0
1539875371967882408,93.056958336,carbonZ_2018-10-18-11-04-08_1_engine_failure_with_emr_traj,engine,33.1199989319,-233.077819824,-0.495804160833,202,-0.318183600903,-7.88526630402,90.1992797852,-0.789610445499,22.0251331329,1.42535376549,0
1539875372008175720,93.097251648,carbonZ_2018-10-18-11-04-08_1_engine_failure_with_emr_traj,engine,33.2399978638,-240.99407959,-2.25847911835,202,-0.318183600903,-7.88526630402,90.1992797852,-0.805537283421,22.0764808655,1.4109287262,0
1539875372058368808,93.147444736,carbonZ_2018-10-18-11-04-08_1_engine_failure_with_emr_traj,engine,33.2399978638,-240.99407959,-2.25847911835,202,-0.318183600903,-7.88526630402,90.1992797852,-0.83599448204,22.0973243713,1.40389919281,0
1539875372105007112,93.19408304,carbonZ_2018-10-18-11-04-08_1_engine_failure_with_emr_traj,engine,33.3699989319,-240.99407959,-1.48405563831,202,-0.318183600903,-7.88526630402,90.1992797852,-0.866766691208,22.1136875153,1.3878428936,0
1539875372163003912,93.25207984,carbonZ_2018-10-18-11-04-08_1_engine_failure_with_emr_traj,engine,33.3699989319,-240.99407959,-1.48405563831,202,-0.318183600903,-7.88526630402,90.1992797852,-0.979348301888,22.1724834442,1.1357742548,0
1539875372193656520,93.282732448,carbonZ_2018-10-18-11-04-08_1_engine_failure_with_emr_traj,engine,33.4899978638,-245.974151611,-3.11133217812,202,11.6643466949,-6.70041656494,92.5229034424,-1.06113195419,22.2052230835,1.04268300533,0
1539875372253884136,93.342960064,carbonZ_2018-10-18-11-04-08_1_engine_failure_with_emr_traj,engine,33.4899978638,-245.974151611,-3.11133217812,202,11.6643466949,-6.70041656494,92.5229034424,-1.21980381012,22.2484741211,0.889432787895,0
1539875372301868840,93.390944768,carbonZ_2018-10-18-11-04-08_1_engine_failure_with_emr_traj,engine,33.5900001526,-245.974151611,-2.15288567543,202,11.6643466949,-6.70041656494,92.5229034424,-1.35470592976,22.2772331238,0.771455109119,0
1539875372362966024,93.452041952,carbonZ_2018-10-18-11-04-08_1_engine_failure_with_emr_traj,engine,33.5900001526,-245.974151611,-2.15288567543,202,11.6643466949,-6.70041656494,92.5229034424,-1.6091439724,22.3043670654,0.759562551975,0
1539875372383762056,93.472837984,carbonZ_2018-10-18-11-04-08_1_engine_failure_with_emr_traj,engine,33.6599998474,-257.256500244,-1.22400856018,202,11.6643466949,-6.70041656494,92.5229034424,-1.6091439724,22.3043670654,0.759562551975,0
1539875372457695368,93.546771296,carbonZ_2018-10-18-11-04-08_1_engine_failure_with_emr_traj,engine,33.6599998474,-257.256500244,-1.22400856018,202,11.6643466949,-6.70041656494,92.5229034424,-2.07762432098,22.3655376434,0.406107276678,0
1539875372566540328,93.655616256,carbonZ_2018-10-18-11-04-08_1_engine_failure_with_emr_traj,engine,33.7099990845,-257.256500244,-3.40695524216,202,11.6643466949,-6.70041656494,92.5229034424,-2.87393712997,22.4142971039,-0.243683412671,0
1539875372625784552,93.71486048,carbonZ_2018-10-18-11-04-08_1_engine_failure_with_emr_traj,engine,33.6899986267,-261.348327637,-2.3079354763,202,11.6643466949,-6.70041656494,92.5229034424,-3.3610560894,22.4122276306,-0.53033387661,0
1539875372664387880,93.753463808,carbonZ_2018-10-18-11-04-08_1_engine_failure_with_emr_traj,engine,33.6899986267,-261.348327637,-2.3079354763,202,30.7200088501,-3.20560503006,93.8350753784,-3.68402290344,22.3951587677,-0.670578300953,0
1539875372714509864,93.803585792,carbonZ_2018-10-18-11-04-08_1_engine_failure_with_emr_traj,engine,33.6300010681,-261.348327637,-3.72357106209,201,30.7200088501,-3.20560503006,93.8350753784,-4.17267656326,22.3700313568,-0.835213601589,0
1539875372760898952,93.84997488,carbonZ_2018-10-18-11-04-08_1_engine_failure_with_emr_traj,engine,33.6300010681,-261.348327637,-3.72357106209,201,30.7200088501,-3.20560503006,93.8350753784,-4.47953701019,22.3468666077,-0.899868249893,0
1539875372803214056,93.892289984,carbonZ_2018-10-18-11-04-08_1_engine_failure_with_emr_traj,engine,33.5400009155,-266.472229004,-2.55913186073,201,30.7200088501,-3.20560503006,93.8350753784,-4.79196882248,22.3229217529,-0.946488618851,0
1539875372882472584,93.971548512,carbonZ_2018-10-18-11-04-08_1_engine_failure_with_emr_traj,engine,33.5400009155,-266.472229004,-2.55913186073,201,30.7200088501,-3.20560503006,93.8350753784,-5.27806663513,22.2674846649,-0.899374365807,0
1539875372908201352,93.99727728,carbonZ_2018-10-18-11-04-08_1_engine_failure_with_emr_traj,engine,33.4300003052,-266.472229004,-1.45834100246,201,36.7267112732,-0.170163378119,93.8283615112,-5.40064287186,22.2555732727,-0.87580037117,0
1539875372975237672,94.0643136,carbonZ_2018-10-18-11-04-08_1_engine_failure_with_emr_traj,engine,33.4300003052,-266.472229004,-1.45834100246,201,36.7267112732,-0.170163378119,93.8283615112,-5.75503540039,22.2054805756,-0.824698984623,0
1539875372994851944,94.083927872,carbonZ_2018-10-18-11-04-08_1_engine_failure_with_emr_traj,engine,33.3400001526,-254.21333313,-2.69466280937,200,36.7267112732,-0.170163378119,93.8283615112,-6.01154327393,22.1670265198,-0.817070066929,0
1539875373061289640,94.150365568,carbonZ_2018-10-18-11-04-08_1_engine_failure_with_emr_traj,engine,33.3400001526,-254.21333313,-2.69466280937,200,36.7267112732,-0.170163378119,93.8283615112,-6.43191146851,22.1149368286,-0.808021903038,0
1539875373090307016,94.179382944,carbonZ_2018-10-18-11-04-08_1_engine_failure_with_emr_traj,engine,33.25,-253.213317871,-1.49404263496,200,36.7267112732,-0.170163378119,93.8283615112,-6.43191146851,22.1149368286,-0.808021903038,0
1539875373159761256,94.248837184,carbonZ_2018-10-18-11-04-08_1_engine_failure_with_emr_traj,engine,33.25,-253.213317871,-1.49404263496,200,36.7267112732,-0.170163378119,93.8283615112,-6.93003082275,22.0410461426,-0.57623231411,0
1539875373190170280,94.279246208,carbonZ_2018-10-18-11-04-08_1_engine_failure_with_emr_traj,engine,33.1899986267,-175.804138184,-3.60281300545,200,36.7267112732,-0.170163378119,93.8283615112,-6.93003082275,22.0410461426,-0.57623231411,0
1539875373272586920,94.361662848,carbonZ_2018-10-18-11-04-08_1_engine_failure_with_emr_traj,engine,33.1899986267,-175.804138184,-3.60281300545,200,36.7267112732,-0.170163378119,93.8283615112,-7.2765955925,21.9624824524,-0.166772127151,0
1539875373325903240,94.414979168,carbonZ_2018-10-18-11-04-08_1_engine_failure_with_emr_traj,engine,33.1599998474,-175.804138184,-2.19559931755,199,44.9681167603,0.0369449183345,97.2099685669,-7.49884653091,21.9329204559,0.10204680264,0
1539875373358687272,94.4477632,carbonZ_2018-10-18-11-04-08_1_engine_failure_with_emr_traj,engine,33.1599998474,-175.804138184,-2.19559931755,199,44.9681167603,0.0369449183345,97.2099685669,-7.73290967941,21.9041576385,0.357846707106,0
1539875373405862632,94.49493856,carbonZ_2018-10-18-11-04-08_1_engine_failure_with_emr_traj,engine,33.1800003052,-185.696411133,-0.807819366455,199,44.9681167603,0.0369449183345,97.2099685669,-7.79939460754,21.8945484161,0.447300642729,0
1539875373453176904,94.542252832,carbonZ_2018-10-18-11-04-08_1_engine_failure_with_emr_traj,engine,33.1800003052,-185.696411133,-0.807819366455,199,44.9681167603,0.0369449183345,97.2099685669,-8.19909667969,21.8371620178,0.703475058079,0
1539875373535387176,94.624463104,carbonZ_2018-10-18-11-04-08_1_engine_failure_with_emr_traj,engine,33.2399978638,-185.696411133,-1.87026500702,198,44.9681167603,0.0369449183345,97.2099685669,-8.80301570892,21.7356967926,0.912432610989,0
1539875373618777992,94.70785392,carbonZ_2018-10-18-11-04-08_1_engine_failure_with_emr_traj,engine,33.3299980164,-184.979064941,-0.343782871962,198,44.9681167603,0.0369449183345,97.2099685669,-9.22536849976,21.6464366913,0.977491140366,0
1539875373707347752,94.79642368,carbonZ_2018-10-18-11-04-08_1_engine_failure_with_emr_traj,engine,33.4500007629,-184.979064941,1.14924573898,198,44.9681167603,0.0369449183345,97.2099685669,-9.77335548401,21.5200576782,0.94026863575,0
1539875373766830984,94.855906912,carbonZ_2018-10-18-11-04-08_1_engine_failure_with_emr_traj,engine,33.4500007629,-184.979064941,1.14924573898,198,44.0167045593,-4.31749820709,109.924201965,-10.3082866669,21.3756160736,0.906003057957,0
1539875373785773064,94.874848992,carbonZ_2018-10-18-11-04-08_1_engine_failure_with_emr_traj,engine,33.5699996948,-181.844329834,-1.64062654972,197,44.0167045593,-4.31749820709,109.924201965,-10.6888132095,21.262845993,0.867296040058,0
1539875373870972264,94.960048192,carbonZ_2018-10-18-11-04-08_1_engine_failure_with_emr_traj,engine,33.6699981689,-181.844329834,0.040646713227,196,44.0167045593,-4.31749820709,109.924201965,-11.6004304886,20.9416732788,0.741754829884,0
1539875373914779720,95.003855648,carbonZ_2018-10-18-11-04-08_1_engine_failure_with_emr_traj,engine,33.6699981689,-181.844329834,0.040646713227,196,44.0167045593,-4.31749820709,109.924201965,-11.6004304886,20.9416732788,0.741754829884,0
1539875373989270088,95.078346016,carbonZ_2018-10-18-11-04-08_1_engine_failure_with_emr_traj,engine,33.75,-203.29208374,-0.10731870681,196,44.0167045593,-4.31749820709,109.924201965,-12.3172035217,20.6547794342,0.587809205055,0
1539875374005080488,95.094156416,carbonZ_2018-10-18-11-04-08_1_engine_failure_with_emr_traj,engine,33.75,-203.29208374,-0.10731870681,196,44.0167045593,-4.31749820709,109.924201965,-12.5438127518,20.5589351654,0.498929232359,0
1539875374085444328,95.174520256,carbonZ_2018-10-18-11-04-08_1_engine_failure_with_emr_traj,engine,33.7999992371,-203.29208374,1.55109536648,195,44.0167045593,-4.31749820709,109.924201965,-13.6715679169,20.0156879425,0.114647403359,0
1539875374199453352,95.28852928,carbonZ_2018-10-18-11-04-08_1_engine_failure_with_emr_traj,engine,33.8199996948,-208.448974609,3.13896632195,194,44.0167045593,-4.31749820709,109.924201965,-14.3559303284,19.6276912689,-0.0430842638016,0
1539875374281333096,95.370409024,carbonZ_2018-10-18-11-04-08_1_engine_failure_with_emr_traj,engine,33.8199996948,-208.448974609,3.13896632195,194,44.2015037537,-2.63835954666,122.278007507,-14.749994278,19.3674087524,0.120010353625,0
1539875374304818312,95.39389424,carbonZ_2018-10-18-11-04-08_1_engine_failure_with_emr_traj,engine,33.8299980164,-208.448974609,2.40772199631,193,44.2015037537,-2.63835954666,122.278007507,-14.9177856445,19.2543869019,0.0620636790991,0
1539875374351733992,95.44080992,carbonZ_2018-10-18-11-04-08_1_engine_failure_with_emr_traj,engine,33.8299980164,-208.448974609,2.40772199631,193,44.2015037537,-2.63835954666,122.278007507,-15.5294952393,18.8435649872,-0.178619205952,0
1539875374411007624,95.500083552,carbonZ_2018-10-18-11-04-08_1_engine_failure_with_emr_traj,engine,33.8199996948,-226.159851074,4.03096866608,192,44.2015037537,-2.63835954666,122.278007507,-15.9231367111,18.5440559387,-0.296216994524,0
1539875374435946312,95.52502224,carbonZ_2018-10-18-11-04-08_1_engine_failure_with_emr_traj,engine,33.8199996948,-226.159851074,4.03096866608,192,44.2015037537,-2.63835954666,122.278007507,-16.2678985596,18.255739212,-0.338413923979,0
1539875374525261928,95.614337856,carbonZ_2018-10-18-11-04-08_1_engine_failure_with_emr_traj,engine,33.7900009155,-226.159851074,3.68625402451,191,44.2015037537,-2.63835954666,122.278007507,-16.932472229,17.6480350494,-0.362202763557,0
1539875374555974088,95.645050016,carbonZ_2018-10-18-11-04-08_1_engine_failure_with_emr_traj,engine,33.7900009155,-226.159851074,3.68625402451,191,44.2015037537,-2.63835954666,122.278007507,-17.0758495331,17.5033779144,-0.366983234882,0
1539875374628942408,95.718018336,carbonZ_2018-10-18-11-04-08_1_engine_failure_with_emr_traj,engine,33.7599983215,-238.105010986,5.26131486893,190,44.8295402527,-1.336165905,131.802764893,-17.7338142395,16.8413066864,-0.438573539257,0
1539875374640687368,95.729763296,carbonZ_2018-10-18-11-04-08_1_engine_failure_with_emr_traj,engine,33.7599983215,-238.105010986,5.26131486893,190,44.8295402527,-1.336165905,131.802764893,-17.9042224884,16.6578636169,-0.465941727161,0
1539875374702757320,95.791833248,carbonZ_2018-10-18-11-04-08_1_engine_failure_with_emr_traj,engine,33.719997406,-238.105010986,5.82315969467,189,44.8295402527,-1.336165905,131.802764893,-18.3584117889,16.1511516571,-0.522746920586,0
1539875374751734024,95.840809952,carbonZ_2018-10-18-11-04-08_1_engine_failure_with_emr_traj,engine,33.719997406,-238.105010986,5.82315969467,189,44.8295402527,-1.336165905,131.802764893,-18.8291549683,15.5908651352,-0.647507250309,0
1539875374804502056,95.893577984,carbonZ_2018-10-18-11-04-08_1_engine_failure_with_emr_traj,engine,33.6599998474,-233.865737915,7.27781057358,187,44.8295402527,-1.336165905,131.802764893,-19.0908641815,15.2465343475,-0.70161986351,0
1539875374842158568,95.931234496,carbonZ_2018-10-18-11-04-08_1_engine_failure_with_emr_traj,engine,33.6599998474,-233.865737915,7.27781057358,187,44.8295402527,-1.336165905,131.802764893,-19.3120746613,14.9450721741,-0.738162875175,0
1539875374874596264,95.963672192,carbonZ_2018-10-18-11-04-08_1_engine_failure_with_emr_traj,engine,33.6599998474,-233.865737915,7.27781057358,187,44.8295402527,-1.336165905,131.802764893,-19.5073795319,14.6657438278,-0.734879553318,0
1539875374954931688,96.044007616,carbonZ_2018-10-18-11-04-08_1_engine_failure_with_emr_traj,engine,33.5799980164,-233.865737915,8.6371307373,186,44.8295402527,-1.336165905,131.802764893,-19.7452392578,14.3010797501,-0.712205350399,0
1539875374980665064,96.069740992,carbonZ_2018-10-18-11-04-08_1_engine_failure_with_emr_traj,engine,33.5,-263.662353516,9.14292526245,185,45.3351974487,5.35101747513,137.329040527,-19.885345459,14.0558204651,-0.722870588303,0
1539875375061536712,96.15061264,carbonZ_2018-10-18-11-04-08_1_engine_failure_with_emr_traj,engine,33.5,-263.662353516,9.14292526245,185,45.3351974487,5.35101747513,137.329040527,-20.1938037872,13.5433540344,-0.73367112875,0
1539875375091143144,96.180219072,carbonZ_2018-10-18-11-04-08_1_engine_failure_with_emr_traj,engine,33.4199981689,-264.662353516,10.4376926422,183,45.3351974487,5.35101747513,137.329040527,-20.3218688965,13.3315782547,-0.696865856647,0
1539875375156632136,96.245708064,carbonZ_2018-10-18-11-04-08_1_engine_failure_with_emr_traj,engine,33.4199981689,-264.662353516,10.4376926422,183,45.3351974487,5.35101747513,137.329040527,-20.5093097687,13.0020904541,-0.630578041077,0
1539875375196284360,96.285360288,carbonZ_2018-10-18-11-04-08_1_engine_failure_with_emr_traj,engine,33.3400001526,-268.762573242,11.3990774155,182,45.3351974487,5.35101747513,137.329040527,-20.6302642822,12.7911863327,-0.560765743256,0
1539875375255626888,96.344702816,carbonZ_2018-10-18-11-04-08_1_engine_failure_with_emr_traj,engine,33.3400001526,-268.762573242,11.3990774155,182,45.3351974487,5.35101747513,137.329040527,-20.7885532379,12.5009155273,-0.43226313591,0
1539875375283334440,96.372410368,carbonZ_2018-10-18-11-04-08_1_engine_failure_with_emr_traj,engine,33.3400001526,-268.762573242,11.3990774155,182,45.3351974487,5.35101747513,137.329040527,-20.8494663239,12.393828392,-0.392734020948,0
1539875375379254472,96.4683304,carbonZ_2018-10-18-11-04-08_1_engine_failure_with_emr_traj,engine,33.25,-278.380584717,13.7869529724,179,45.3351974487,5.35101747513,137.329040527,-21.1103439331,11.9100599289,-0.103487022221,0
1539875375447596712,96.53667264,carbonZ_2018-10-18-11-04-08_1_engine_failure_with_emr_traj,engine,33.25,-278.380584717,13.7869529724,179,42.9046134949,-0.150858595967,147.971374512,-21.2394943237,11.6588659286,0.152710884809,0
1539875375472538696,96.561614624,carbonZ_2018-10-18-11-04-08_1_engine_failure_with_emr_traj,engine,33.25,-278.380584717,13.7869529724,179,42.9046134949,-0.150858595967,147.971374512,-21.3436927795,11.4614343643,0.290458887815,0
1539875375546812968,96.635888896,carbonZ_2018-10-18-11-04-08_1_engine_failure_with_emr_traj,engine,33.2599983215,-277.380554199,14.9281177521,177,42.9046134949,-0.150858595967,147.971374512,-21.5346641541,11.0666666031,0.580649137497,0
1539875375577953352,96.66702928,carbonZ_2018-10-18-11-04-08_1_engine_failure_with_emr_traj,engine,33.2599983215,-277.380554199,14.9281177521,177,42.9046134949,-0.150858595967,147.971374512,-21.5971183777,10.9495286942,0.629571378231,0
1539875375673840040,96.762915968,carbonZ_2018-10-18-11-04-08_1_engine_failure_with_emr_traj,engine,33.2999992371,-292.786224365,16.0354690552,176,42.9046134949,-0.150858595967,147.971374512,-21.8694133759,10.3762807846,0.896326243877,0
1539875375762055112,96.85113104,carbonZ_2018-10-18-11-04-08_1_engine_failure_with_emr_traj,engine,33.3800010681,-292.786224365,17.0921115875,174,42.9046134949,-0.150858595967,147.971374512,-22.1076908112,9.85076713562,1.03703343868,0
1539875375798249224,96.887325152,carbonZ_2018-10-18-11-04-08_1_engine_failure_with_emr_traj,engine,33.4799995422,-309.306518555,18.0895729065,173,45.1603279114,-1.09703171253,155.839508057,-22.236246109,9.54671096802,1.0590416193,0
1539875375837269384,96.926345312,carbonZ_2018-10-18-11-04-08_1_engine_failure_with_emr_traj,engine,33.4799995422,-309.306518555,18.0895729065,173,45.1603279114,-1.09703171253,155.839508057,-22.3550071716,9.26321029663,1.07428205013,0
1539875375875143720,96.964219648,carbonZ_2018-10-18-11-04-08_1_engine_failure_with_emr_traj,engine,33.5900001526,-309.306518555,19.019411087,171,45.1603279114,-1.09703171253,155.839508057,-22.4813785553,8.94917011261,1.08666718006,0
1539875375919264680,97.008340608,carbonZ_2018-10-18-11-04-08_1_engine_failure_with_emr_traj,engine,33.5900001526,-309.306518555,19.019411087,171,45.1603279114,-1.09703171253,155.839508057,-22.6024703979,8.63656425476,1.09068918228,0
1539875375988754056,97.077829984,carbonZ_2018-10-18-11-04-08_1_engine_failure_with_emr_traj,engine,33.7000007629,-326.69354248,19.864730835,169,45.1603279114,-1.09703171253,155.839508057,-22.7701091766,8.15467071533,1.05751430988,0
1539875376057562824,97.146638752,carbonZ_2018-10-18-11-04-08_1_engine_failure_with_emr_traj,engine,33.7000007629,-326.69354248,19.864730835,169,45.1603279114,-1.09703171253,155.839508057,-22.9965400696,7.45421504974,0.975504457951,0
1539875376148119432,97.23719536,carbonZ_2018-10-18-11-04-08_1_engine_failure_with_emr_traj,engine,33.8099975586,-326.69354248,20.6255073547,168,45.1603279114,-1.09703171253,155.839508057,-23.1786594391,6.7983880043,0.923714458942,0
1539875376200418216,97.289494144,carbonZ_2018-10-18-11-04-08_1_engine_failure_with_emr_traj,engine,33.9099998474,-353.784362793,21.2933101654,166,44.0865402222,0.47785165906,164.199737549,-23.3062591553,6.27487802505,0.883339166641,0
1539875376275504712,97.36458064,carbonZ_2018-10-18-11-04-08_1_engine_failure_with_emr_traj,engine,33.9099998474,-353.784362793,21.2933101654,166,44.0865402222,0.47785165906,164.199737549,-23.4600563049,5.55430698395,0.807769298553,0
1539875376306420232,97.39549616,carbonZ_2018-10-18-11-04-08_1_engine_failure_with_emr_traj,engine,34.0,-353.784362793,21.8765735626,164,44.0865402222,0.47785165906,164.199737549,-23.5320243835,5.16825246811,0.750156700611,0
1539875376384801416,97.473877344,carbonZ_2018-10-18-11-04-08_1_engine_failure_with_emr_traj,engine,34.0,-353.784362793,21.8765735626,164,44.0865402222,0.47785165906,164.199737549,-23.630487442,4.56907653809,0.69042724371,0
1539875376412937064,97.502012992,carbonZ_2018-10-18-11-04-08_1_engine_failure_with_emr_traj,engine,34.0799980164,-374.924285889,22.3584156036,162,44.0865402222,0.47785165906,164.199737549,-23.630487442,4.56907653809,0.69042724371,0
1539875376463141352,97.55221728,carbonZ_2018-10-18-11-04-08_1_engine_failure_with_emr_traj,engine,34.0799980164,-374.924285889,22.3584156036,162,44.0865402222,0.47785165906,164.199737549,-23.7362499237,3.84734320641,0.695522665977,0
1539875376502620936,97.591696864,carbonZ_2018-10-18-11-04-08_1_engine_failure_with_emr_traj,engine,34.1499977112,-374.924285889,22.74725914,160,49.4194641113,1.02424740791,172.200042725,-23.7730979919,3.53354597092,0.72892087698,0
1539875376567194376,97.656270304,carbonZ_2018-10-18-11-04-08_1_engine_failure_with_emr_traj,engine,34.1499977112,-374.924285889,22.74725914,160,49.4194641113,1.02424740791,172.200042725,-23.8131809235,3.04995441437,0.81090426445,0
1539875376593914280,97.682990208,carbonZ_2018-10-18-11-04-08_1_engine_failure_with_emr_traj,engine,34.2299995422,-404.411682129,23.051568985,158,49.4194641113,1.02424740791,172.200042725,-23.8413734436,2.73257732391,0.860976755619,0
1539875376707790728,97.796866656,carbonZ_2018-10-18-11-04-08_1_engine_failure_with_emr_traj,engine,34.3299980164,-404.411682129,23.2629165649,156,49.4194641113,1.02424740791,172.200042725,-23.9258594513,1.7887314558,0.842496693134,0
1539875376762409640,97.851485568,carbonZ_2018-10-18-11-04-08_1_engine_failure_with_emr_traj,engine,34.3299980164,-404.411682129,23.2629165649,156,49.4194641113,1.02424740791,172.200042725,-24.0019931793,1.02051091194,0.823051929474,0
1539875376796093160,97.885169088,carbonZ_2018-10-18-11-04-08_1_engine_failure_with_emr_traj,engine,34.4199981689,-423.431213379,23.3812599182,154,49.4194641113,1.02424740791,172.200042725,-24.0184116364,0.836794614792,0.834793746471,0
1539875376879384136,97.968460064,carbonZ_2018-10-18-11-04-08_1_engine_failure_with_emr_traj,engine,34.4199981689,-423.431213379,23.3812599182,154,49.4194641113,1.02424740791,172.200042725,-24.0536937714,0.146549254656,0.848060667515,0
1539875376900823976,97.989899904,carbonZ_2018-10-18-11-04-08_1_engine_failure_with_emr_traj,engine,34.5299987793,-423.431213379,23.4150886536,152,49.4194641113,1.02424740791,172.200042725,-24.0542812347,-0.0323001928627,0.83966422081,0
1539875376944914760,98.033990688,carbonZ_2018-10-18-11-04-08_1_engine_failure_with_emr_traj,engine,34.5299987793,-423.431213379,23.4150886536,152,45.8313446045,-0.431222230196,-175.869888306,-24.0556964874,-0.390756040812,0.811620473862,0
1539875376987860808,98.076936736,carbonZ_2018-10-18-11-04-08_1_engine_failure_with_emr_traj,engine,34.5299987793,-423.431213379,23.4150886536,152,45.8313446045,-0.431222230196,-175.869888306,-24.0607872009,-0.72956609726,0.787432789803,0
1539875377032465320,98.121541248,carbonZ_2018-10-18-11-04-08_1_engine_failure_with_emr_traj,engine,34.6399993896,-472.315612793,23.3559169769,150,45.8313446045,-0.431222230196,-175.869888306,-24.0604343414,-1.22732818127,0.751748740673,0
1539875377066989128,98.156065056,carbonZ_2018-10-18-11-04-08_1_engine_failure_with_emr_traj,engine,34.6399993896,-472.315612793,23.3559169769,150,45.8313446045,-0.431222230196,-175.869888306,-24.0566539764,-1.39526188374,0.73778039217,0
1539875377093832712,98.18290864,carbonZ_2018-10-18-11-04-08_1_engine_failure_with_emr_traj,engine,34.75,-472.315612793,23.2122154236,148,45.8313446045,-0.431222230196,-175.869888306,-24.0355243683,-1.72413766384,0.694651424885,0
1539875377179437576,98.268513504,carbonZ_2018-10-18-11-04-08_1_engine_failure_with_emr_traj,engine,34.8400001526,-506.072814941,22.9839954376,146,45.8313446045,-0.431222230196,-175.869888306,-23.9655971527,-2.35486292839,0.582743227482,0
1539875377211645064,98.300720992,carbonZ_2018-10-18-11-04-08_1_engine_failure_with_emr_traj,engine,34.8400001526,-506.072814941,22.9839954376,146,45.8313446045,-0.431222230196,-175.869888306,-23.9429244995,-2.50775051117,0.549118697643,0
1539875377266537032,98.35561296,carbonZ_2018-10-18-11-04-08_1_engine_failure_with_emr_traj,engine,34.8400001526,-506.072814941,22.9839954376,146,45.8313446045,-0.431222230196,-175.869888306,-23.8105983734,-3.24607992172,0.376799345016,0
1539875377315016648,98.404092576,carbonZ_2018-10-18-11-04-08_1_engine_failure_with_emr_traj,engine,34.9199981689,-506.072814941,22.6881351471,144,45.8313446045,-0.431222230196,-175.869888306,-23.8105983734,-3.24607992172,0.376799345016,0
1539875377361304968,98.450380896,carbonZ_2018-10-18-11-04-08_1_engine_failure_with_emr_traj,engine,34.9199981689,-506.072814941,22.6881351471,144,35.7118110657,-1.01708042622,-164.887329102,-23.6762466431,-3.82988476753,0.170424208045,0
1539875377428080712,98.51715664,carbonZ_2018-10-18-11-04-08_1_engine_failure_with_emr_traj,engine,34.9799995422,-535.240966797,22.3162193298,141,35.7118110657,-1.01708042622,-164.887329102,-23.6061172485,-4.09875679016,0.0669006854296,0
1539875377468494184,98.557570112,carbonZ_2018-10-18-11-04-08_1_engine_failure_with_emr_traj,engine,34.9799995422,-535.240966797,22.3162193298,141,35.7118110657,-1.01708042622,-164.887329102,-23.5294055939,-4.35766983032,-0.0621173419058,0
1539875377497412520,98.586488448,carbonZ_2018-10-18-11-04-08_1_engine_failure_with_emr_traj,engine,35.0,-535.240966797,21.876657486,139,35.7118110657,-1.01708042622,-164.887329102,-23.4444847107,-4.61166381836,-0.166584998369,0
1539875377561156296,98.650232224,carbonZ_2018-10-18-11-04-08_1_engine_failure_with_emr_traj,engine,35.0,-535.240966797,21.876657486,139,35.7118110657,-1.01708042622,-164.887329102,-23.279964447,-5.06543302536,-0.302898257971,0
1539875377588041224,98.677117152,carbonZ_2018-10-18-11-04-08_1_engine_failure_with_emr_traj,engine,35.0,-542.018676758,21.3779373169,137,35.7118110657,-1.01708042622,-164.887329102,-23.2396316528,-5.16414642334,-0.316181182861,0
1539875377687365320,98.776441248,carbonZ_2018-10-18-11-04-08_1_engine_failure_with_emr_traj,engine,35.0,-542.018676758,21.3779373169,137,35.7118110657,-1.01708042622,-164.887329102,-23.0429592133,-5.63029146194,-0.505472898483,0
1539875377708072392,98.79714832,carbonZ_2018-10-18-11-04-08_1_engine_failure_with_emr_traj,engine,34.969997406,-542.018676758,20.8284835815,135,35.7118110657,-1.01708042622,-164.887329102,-22.9882392883,-5.75360965729,-0.564087927341,0
1539875377760179720,98.849255648,carbonZ_2018-10-18-11-04-08_1_engine_failure_with_emr_traj,engine,34.969997406,-542.018676758,20.8284835815,135,28.9030971527,-0.400312542915,-156.546676636,-22.8311157227,-6.08113765717,-0.732295453548,0
1539875377793827368,98.882903296,carbonZ_2018-10-18-11-04-08_1_engine_failure_with_emr_traj,engine,34.9300003052,-558.801635742,20.2198600769,132,28.9030971527,-0.400312542915,-156.546676636,-22.7217845917,-6.28765201569,-0.85129147768,0
1539875377852867272,98.9419432,carbonZ_2018-10-18-11-04-08_1_engine_failure_with_emr_traj,engine,34.9300003052,-558.801635742,20.2198600769,132,28.9030971527,-0.400312542915,-156.546676636,-22.5539646149,-6.58426761627,-1.01814782619,0
1539875377895945064,98.985020992,carbonZ_2018-10-18-11-04-08_1_engine_failure_with_emr_traj,engine,34.8499984741,-558.801635742,19.5605335236,130,28.9030971527,-0.400312542915,-156.546676636,-22.4611740112,-6.72448396683,-1.05796802044,0
1539875377965183880,99.054259808,carbonZ_2018-10-18-11-04-08_1_engine_failure_with_emr_traj,engine,34.8499984741,-558.801635742,19.5605335236,130,28.9030971527,-0.400312542915,-156.546676636,-22.3225250244,-6.919257164,-1.04378175735,0
1539875377993304424,99.082380352,carbonZ_2018-10-18-11-04-08_1_engine_failure_with_emr_traj,engine,34.75,-558.132385254,18.8673782349,128,28.9030971527,-0.400312542915,-156.546676636,-22.2773017883,-6.98107004166,-1.03311491013,0
1539875378068223304,99.157299232,carbonZ_2018-10-18-11-04-08_1_engine_failure_with_emr_traj,engine,34.75,-558.132385254,18.8673782349,128,28.9030971527,-0.400312542915,-156.546676636,-22.1413135529,-7.13369560242,-0.804081499577,0
1539875378121332392,99.21040832,carbonZ_2018-10-18-11-04-08_1_engine_failure_with_emr_traj,engine,34.6699981689,-558.132385254,18.1404209137,126,19.5110931396,1.62203383446,-152.206665039,-22.0284519196,-7.23323249817,-0.749948978424,0
1539875378195760296,99.284836224,carbonZ_2018-10-18-11-04-08_1_engine_failure_with_emr_traj,engine,34.6100006104,-556.991577148,17.4049968719,124,19.5110931396,1.62203383446,-152.206665039,-21.8992118835,-7.34255886078,-0.827483892441,0
1539875378210513992,99.29958992,carbonZ_2018-10-18-11-04-08_1_engine_failure_with_emr_traj,engine,34.6100006104,-556.991577148,17.4049968719,124,19.5110931396,1.62203383446,-152.206665039,-21.854341507,-7.373919487,-0.895033419132,0
1539875378290825832,99.37990176,carbonZ_2018-10-18-11-04-08_1_engine_failure_with_emr_traj,engine,34.6100006104,-556.991577148,17.4049968719,124,19.5110931396,1.62203383446,-152.206665039,-21.7376041412,-7.45089626312,-1.14077365398,0
1539875378307895720,99.396971648,carbonZ_2018-10-18-11-04-08_1_engine_failure_with_emr_traj,engine,34.5299987793,-556.991577148,16.6611213684,121,19.5110931396,1.62203383446,-152.206665039,-21.6717319489,-7.45309782028,-1.34965097904,0
1539875378372116136,99.461192064,carbonZ_2018-10-18-11-04-08_1_engine_failure_with_emr_traj,engine,34.5299987793,-556.991577148,16.6611213684,121,19.5110931396,1.62203383446,-152.206665039,-21.5865936279,-7.45742607117,-1.73340809345,0
1539875378417914632,99.50699056,carbonZ_2018-10-18-11-04-08_1_engine_failure_with_emr_traj,engine,34.3899993896,-539.995788574,15.9172639847,119,19.5110931396,1.62203383446,-152.206665039,-21.4781608582,-7.47212409973,-2.31221103668,0
1539875378479439496,99.568515424,carbonZ_2018-10-18-11-04-08_1_engine_failure_with_emr_traj,engine,34.3899993896,-539.995788574,15.9172639847,119,19.5110931396,1.62203383446,-152.206665039,-21.3597450256,-7.45869112015,-2.63800740242,0
1539875378517577576,99.606653504,carbonZ_2018-10-18-11-04-08_1_engine_failure_with_emr_traj,engine,34.1699981689,-539.995788574,15.1733884811,117,19.5110931396,1.62203383446,-152.206665039,-21.3597450256,-7.45869112015,-2.63800740242,0
1539875378588252072,99.677328,carbonZ_2018-10-18-11-04-08_1_engine_failure_with_emr_traj,engine,34.1699981689,-539.995788574,15.1733884811,117,4.69975996017,2.72179698944,-147.382171631,-21.2638187408,-7.42406606674,-2.64468431473,0
1539875378597144808,99.686220736,carbonZ_2018-10-18-11-04-08_1_engine_failure_with_emr_traj,engine,33.9099998474,-531.937194824,14.4295120239,115,4.69975996017,2.72179698944,-147.382171631,-21.2366123199,-7.41854429245,-2.61506724358,0
1539875378674509256,99.763585184,carbonZ_2018-10-18-11-04-08_1_engine_failure_with_emr_traj,engine,33.9099998474,-531.937194824,14.4295120239,115,4.69975996017,2.72179698944,-147.382171631,-21.1549186707,-7.41552591324,-2.63772821426,0
1539875378749700456,99.838776384,carbonZ_2018-10-18-11-04-08_1_engine_failure_with_emr_traj,engine,33.6399993896,-531.937194824,13.7025470734,113,4.69975996017,2.72179698944,-147.382171631,-21.0819091797,-7.40648508072,-2.79262137413,0
1539875378764550088,99.853626016,carbonZ_2018-10-18-11-04-08_1_engine_failure_with_emr_traj,engine,33.6399993896,-531.937194824,13.7025470734,113,4.69975996017,2.72179698944,-147.382171631,-21.0141735077,-7.37411403656,-2.9150454998,0
1539875378794783336,99.883859264,carbonZ_2018-10-18-11-04-08_1_engine_failure_with_emr_traj,engine,33.3499984741,-492.816162109,12.9671239853,111,4.69975996017,2.72179698944,-147.382171631,-20.9982280731,-7.35268878937,-2.96594715118,0
1539875378849006792,99.93808272,carbonZ_2018-10-18-11-04-08_1_engine_failure_with_emr_traj,engine,33.3499984741,-492.816162109,12.9671239853,111,4.69975996017,2.72179698944,-147.382171631,-20.9357681274,-7.25523710251,-2.9401743412,0
1539875378899172232,99.98824816,carbonZ_2018-10-18-11-04-08_1_engine_failure_with_emr_traj,engine,33.0499992371,-492.816162109,12.2486124039,108,4.69975996017,2.72179698944,-147.382171631,-20.9306564331,-7.21643877029,-2.92752599716,0
1539875378993057672,100.0821336,carbonZ_2018-10-18-11-04-08_1_engine_failure_with_emr_traj,engine,33.0499992371,-492.816162109,12.2486124039,108,-5.54676437378,2.86288738251,-146.355407715,-20.91132164,-7.0588593483,-2.59550881386,0
1539875379021927176,100.111003104,carbonZ_2018-10-18-11-04-08_1_engine_failure_with_emr_traj,engine,32.75,-457.922363281,11.5470018387,106,-5.54676437378,2.86288738251,-146.355407715,-20.9159603119,-7.00643777847,-2.48850393295,0
1539875379068995720,100.158071648,carbonZ_2018-10-18-11-04-08_1_engine_failure_with_emr_traj,engine,32.75,-457.922363281,11.5470018387,106,-5.54676437378,2.86288738251,-146.355407715,-20.9159164429,-6.9006819725,-2.05344367027,0
1539875379095166056,100.184241984,carbonZ_2018-10-18-11-04-08_1_engine_failure_with_emr_traj,engine,32.5,-457.922363281,10.8622970581,104,-5.54676437378,2.86288738251,-146.355407715,-20.9308547974,-6.79075098038,-1.62919437885,0
1539875379196598632,100.28567456,carbonZ_2018-10-18-11-04-08_1_engine_failure_with_emr_traj,engine,32.3299980164,-445.363433838,10.2029628754,102,-5.54676437378,2.86288738251,-146.355407715,-20.9272632599,-6.62244033813,-1.18655157089,0
1539875379257174984,100.346250912,carbonZ_2018-10-18-11-04-08_1_engine_failure_with_emr_traj,engine,32.3299980164,-445.363433838,10.2029628754,102,-5.54676437378,2.86288738251,-146.355407715,-20.9172801971,-6.43291807175,-0.893548071384,0
1539875379312322792,100.40139872,carbonZ_2018-10-18-11-04-08_1_engine_failure_with_emr_traj,engine,32.219997406,-445.363433838,9.56052303314,100,-5.54676437378,2.86288738251,-146.355407715,-20.9319324493,-6.37475299835,-0.853172361851,1
1539875379375503080,100.464579008,carbonZ_2018-10-18-11-04-08_1_engine_failure_with_emr_traj,engine,32.219997406,-445.363433838,9.56052303314,100,-5.54676437378,2.86288738251,-146.355407715,-20.9434700012,-6.17924928665,-0.861976385117,1
1539875379387272456,100.476348384,carbonZ_2018-10-18-11-04-08_1_engine_failure_with_emr_traj,engine,32.219997406,-445.363433838,9.56052303314,100,-5.54676437378,2.86288738251,-146.355407715,-20.9560699463,-6.11082410812,-0.875115096569,1
1539875379450244968,100.539320896,carbonZ_2018-10-18-11-04-08_1_engine_failure_with_emr_traj,engine,32.1399993896,-432.013702393,8.94344520569,98,-14.5424184799,1.06401526928,-144.11177063,-20.9655227661,-5.89205598831,-0.996623814106,1
1539875379468967176,100.558043104,carbonZ_2018-10-18-11-04-08_1_engine_failure_with_emr_traj,engine,32.1399993896,-432.013702393,8.94344520569,98,-14.5424184799,1.06401526928,-144.11177063,-20.9655227661,-5.89205598831,-0.996623814106,1
1539875379520223528,100.609299456,carbonZ_2018-10-18-11-04-08_1_engine_failure_with_emr_traj,engine,32.0599975586,-432.013702393,8.36017799377,96,-14.5424184799,1.06401526928,-144.11177063,-20.9781761169,-5.61152601242,-1.13606441021,1
1539875379568160904,100.657236832,carbonZ_2018-10-18-11-04-08_1_engine_failure_with_emr_traj,engine,32.0599975586,-432.013702393,8.36017799377,96,-14.5424184799,1.06401526928,-144.11177063,-20.9694366455,-5.47909832001,-1.14039337635,1
1539875379592922728,100.681998656,carbonZ_2018-10-18-11-04-08_1_engine_failure_with_emr_traj,engine,31.9499988556,-314.965637207,7.81072664261,94,-14.5424184799,1.06401526928,-144.11177063,-20.9502334595,-5.36108350754,-1.10034763813,1
1539875379668488200,100.757564128,carbonZ_2018-10-18-11-04-08_1_engine_failure_with_emr_traj,engine,31.9499988556,-314.965637207,7.81072664261,94,-14.5424184799,1.06401526928,-144.11177063,-20.8879623413,-5.24018526077,-0.933466315269,1
1539875379749644232,100.83872016,carbonZ_2018-10-18-11-04-08_1_engine_failure_with_emr_traj,engine,31.8400001526,-314.965637207,7.28663015366,92,-16.110578537,-0.470043897629,-144.567108154,-20.7581272125,-5.04491090775,-0.713819742203,1
1539875379798130568,100.887206496,carbonZ_2018-10-18-11-04-08_1_engine_failure_with_emr_traj,engine,31.7399997711,-276.58404541,6.78789615631,91,-16.110578537,-0.470043897629,-144.567108154,-20.7581272125,-5.04491090775,-0.713819742203,1
1539875379874648808,100.963724736,carbonZ_2018-10-18-11-04-08_1_engine_failure_with_emr_traj,engine,31.7399997711,-276.58404541,6.78789615631,91,-16.110578537,-0.470043897629,-144.567108154,-20.6190376282,-4.84408044815,-0.369983881712,1
1539875379914498280,101.003574208,carbonZ_2018-10-18-11-04-08_1_engine_failure_with_emr_traj,engine,31.6700000763,-276.58404541,6.29761219025,89,-16.110578537,-0.470043897629,-144.567108154,-20.5859012604,-4.74298620224,-0.250664979219,1
1539875379961352328,101.050428256,carbonZ_2018-10-18-11-04-08_1_engine_failure_with_emr_traj,engine,31.6700000763,-276.58404541,6.29761219025,89,-16.110578537,-0.470043897629,-144.567108154,-20.5424499512,-4.57921695709,-0.161975473166,1
1539875379991772744,101.080848672,carbonZ_2018-10-18-11-04-08_1_engine_failure_with_emr_traj,engine,31.6299991608,-239.673797607,5.83268785477,87,-12.2257661819,-4.03834676743,-151.869140625,-20.5122966766,-4.48114490509,-0.153023034334,1
1539875380109573416,101.198649344,carbonZ_2018-10-18-11-04-08_1_engine_failure_with_emr_traj,engine,31.5999984741,-239.673797607,5.38467502594,85,-12.2257661819,-4.03834676743,-151.869140625,-20.4229602814,-4.23322534561,-0.0545164011419,1
1539875380164703144,101.253779072,carbonZ_2018-10-18-11-04-08_1_engine_failure_with_emr_traj,engine,31.5999984741,-239.673797607,5.38467502594,85,-12.2257661819,-4.03834676743,-151.869140625,-20.3656768799,-4.08234405518,0.103393808007,1
1539875380199279944,101.288355872,carbonZ_2018-10-18-11-04-08_1_engine_failure_with_emr_traj,engine,31.5900001526,-189.378173828,4.96201610565,83,-12.2257661819,-4.03834676743,-151.869140625,-20.3314342499,-3.96575069427,0.111864097416,1
1539875380285358152,101.37443408,carbonZ_2018-10-18-11-04-08_1_engine_failure_with_emr_traj,engine,31.5900001526,-189.378173828,4.96201610565,83,-12.2257661819,-4.03834676743,-151.869140625,-20.3102550507,-3.67340064049,-0.033446919173,1
1539875380329615144,101.418691072,carbonZ_2018-10-18-11-04-08_1_engine_failure_with_emr_traj,engine,31.5699996948,-189.378173828,4.56472015381,82,-12.2257661819,-4.03834676743,-151.869140625,-20.2900886536,-3.53492331505,-0.0198479816318,1
1539875380365286824,101.454362752,carbonZ_2018-10-18-11-04-08_1_engine_failure_with_emr_traj,engine,31.5699996948,-189.378173828,4.56472015381,82,-14.7378940582,-5.89862203598,-159.534210205,-20.2403011322,-3.3319849968,0.00131200021133,1
1539875380417887976,101.506963904,carbonZ_2018-10-18-11-04-08_1_engine_failure_with_emr_traj,engine,31.5499992371,-97.1284866333,4.20123338699,80,-14.7378940582,-5.89862203598,-159.534210205,-20.1966133118,-3.19937300682,0.125326707959,1
1539875380450790216,101.539866144,carbonZ_2018-10-18-11-04-08_1_engine_failure_with_emr_traj,engine,31.5499992371,-97.1284866333,4.20123338699,80,-14.7378940582,-5.89862203598,-159.534210205,-20.151014328,-3.0677895546,0.31587639451,1
1539875380510425256,101.599501184,carbonZ_2018-10-18-11-04-08_1_engine_failure_with_emr_traj,engine,31.5499992371,-97.1284866333,3.87155890465,78,-14.7378940582,-5.89862203598,-159.534210205,-20.1143169403,-2.93510770798,0.496819227934,1
1539875380562375880,101.651451808,carbonZ_2018-10-18-11-04-08_1_engine_failure_with_emr_traj,engine,31.5499992371,-97.1284866333,3.87155890465,78,-14.7378940582,-5.89862203598,-159.534210205,-20.0452899933,-2.74720239639,0.715647757053,1
1539875380652192648,101.741268576,carbonZ_2018-10-18-11-04-08_1_engine_failure_with_emr_traj,engine,31.5900001526,-44.1562652588,3.5841524601,77,-14.7378940582,-5.89862203598,-159.534210205,-19.9720058441,-2.48269891739,0.86381149292,1
1539875380674922856,101.763998784,carbonZ_2018-10-18-11-04-08_1_engine_failure_with_emr_traj,engine,31.5900001526,-44.1562652588,3.5841524601,77,-14.7378940582,-5.89862203598,-159.534210205,-19.9621677399,-2.41424798965,0.876423835754,1
1539875380726047560,101.815123488,carbonZ_2018-10-18-11-04-08_1_engine_failure_with_emr_traj,engine,31.6499996185,-44.1562652588,3.33055663109,75,-14.7378940582,-5.89862203598,-159.534210205,-19.9333381653,-2.23147535324,0.857090950012,1
1539875380790876232,101.87995216,carbonZ_2018-10-18-11-04-08_1_engine_failure_with_emr_traj,engine,31.7299995422,-8.40663909912,3.10232257843,74,-13.8893480301,-5.59719896317,-160.357681274,-19.8837833405,-2.08138036728,0.856421709061,1
1539875380801243016,101.890318944,carbonZ_2018-10-18-11-04-08_1_engine_failure_with_emr_traj,engine,31.7299995422,-8.40663909912,3.10232257843,74,-13.8893480301,-5.59719896317,-160.357681274,-19.8694286346,-2.02863836288,0.857152223587,1
1539875380873850792,101.96292672,carbonZ_2018-10-18-11-04-08_1_engine_failure_with_emr_traj,engine,31.7299995422,-8.40663909912,3.10232257843,74,-13.8893480301,-5.59719896317,-160.357681274,-19.8210792542,-1.89806270599,0.906302988529,1
1539875380901030088,101.990106016,carbonZ_2018-10-18-11-04-08_1_engine_failure_with_emr_traj,engine,31.7999992371,-8.40663909912,2.89944577217,72,-13.8893480301,-5.59719896317,-160.357681274,-19.76861763,-1.76967811584,0.874556183815,1
1539875380992927432,102.08200336,carbonZ_2018-10-18-11-04-08_1_engine_failure_with_emr_traj,engine,31.7999992371,-8.40663909912,2.89944577217,72,-13.8893480301,-5.59719896317,-160.357681274,-19.7298965454,-1.61873233318,0.776307582855,1
1539875381005901096,102.094977024,carbonZ_2018-10-18-11-04-08_1_engine_failure_with_emr_traj,engine,31.8699989319,21.0264205933,2.71347689629,71,-13.8893480301,-5.59719896317,-160.357681274,-19.7152080536,-1.5726929903,0.752796947956,1
1539875381069583400,102.158659328,carbonZ_2018-10-18-11-04-08_1_engine_failure_with_emr_traj,engine,31.8699989319,21.0264205933,2.71347689629,71,-13.8893480301,-5.59719896317,-160.357681274,-19.6572132111,-1.4458783865,0.729285955429,1
1539875381107940232,102.19701616,carbonZ_2018-10-18-11-04-08_1_engine_failure_with_emr_traj,engine,31.9299983978,21.0264205933,2.55286598206,70,-9.05435085297,-4.64556360245,-160.542037964,-19.624628067,-1.35360002518,0.7799680233,1
1539875381180197768,102.269273696,carbonZ_2018-10-18-11-04-08_1_engine_failure_with_emr_traj,engine,31.9299983978,21.0264205933,2.55286598206,70,-9.05435085297,-4.64556360245,-160.542037964,-19.5198192596,-1.21732985973,0.942120313644,1
1539875381238988968,102.328064896,carbonZ_2018-10-18-11-04-08_1_engine_failure_with_emr_traj,engine,31.9899997711,55.2527427673,2.40070843697,68,-9.05435085297,-4.64556360245,-160.542037964,-19.4452342987,-1.11852800846,1.10720324516,1
1539875381312362600,102.401438528,carbonZ_2018-10-18-11-04-08_1_engine_failure_with_emr_traj,engine,32.0599975586,55.2527427673,2.26545882225,67,-9.05435085297,-4.64556360245,-160.542037964,-19.3621196747,-1.04624080658,1.28088772297,1
1539875381368522408,102.457598336,carbonZ_2018-10-18-11-04-08_1_engine_failure_with_emr_traj,engine,32.0599975586,55.2527427673,2.26545882225,67,-9.05435085297,-4.64556360245,-160.542037964,-19.2873344421,-0.967960953712,1.37761962414,1
1539875381390461768,102.479537696,carbonZ_2018-10-18-11-04-08_1_engine_failure_with_emr_traj,engine,32.0599975586,55.2527427673,2.26545882225,67,-9.05435085297,-4.64556360245,-160.542037964,-19.2629413605,-0.94768345356,1.3948611021,1
1539875381466965640,102.556041568,carbonZ_2018-10-18-11-04-08_1_engine_failure_with_emr_traj,engine,32.1699981689,79.6359100342,2.13866066933,66,-9.05435085297,-4.64556360245,-160.542037964,-19.1662788391,-0.864609479904,1.45682561398,1
1539875381504444904,102.593520832,carbonZ_2018-10-18-11-04-08_1_engine_failure_with_emr_traj,engine,32.1699981689,79.6359100342,2.13866066933,66,-4.39521360397,-5.10140609741,-161.405441284,-19.1474571228,-0.842127144337,1.43416845798,1
1539875381528377096,102.617453024,carbonZ_2018-10-18-11-04-08_1_engine_failure_with_emr_traj,engine,32.2900009155,79.6359100342,2.01924777031,65,-4.39521360397,-5.10140609741,-161.405441284,-19.1474571228,-0.842127144337,1.43416845798,1
1539875381580365800,102.669441728,carbonZ_2018-10-18-11-04-08_1_engine_failure_with_emr_traj,engine,32.2900009155,79.6359100342,2.01924777031,65,-4.39521360397,-5.10140609741,-161.405441284,-19.0604553223,-0.76248139143,1.40634143353,1
1539875381622294024,102.711369952,carbonZ_2018-10-18-11-04-08_1_engine_failure_with_emr_traj,engine,32.4099998474,111.818122864,1.90943837166,64,-4.39521360397,-5.10140609741,-161.405441284,-18.9796333313,-0.722278118134,1.42806088924,1
1539875381669397448,102.758473376,carbonZ_2018-10-18-11-04-08_1_engine_failure_with_emr_traj,engine,32.4099998474,111.818122864,1.90943837166,64,-4.39521360397,-5.10140609741,-161.405441284,-18.9258613586,-0.688509166241,1.53782260418,1
1539875381711465608,102.800541536,carbonZ_2018-10-18-11-04-08_1_engine_failure_with_emr_traj,engine,32.5400009155,111.818122864,1.79962837696,63,-4.39521360397,-5.10140609741,-161.405441284,-18.8635807037,-0.674030721188,1.61581981182,1
1539875381752072680,102.841148608,carbonZ_2018-10-18-11-04-08_1_engine_failure_with_emr_traj,engine,32.5400009155,111.818122864,1.79962837696,63,-4.39521360397,-5.10140609741,-161.405441284,-18.776134491,-0.651633501053,1.70771300793,1
1539875381822955912,102.91203184,carbonZ_2018-10-18-11-04-08_1_engine_failure_with_emr_traj,engine,32.6800003052,133.334533691,1.61037421227,62,-2.78177332878,-5.48818492889,-163.031936646,-18.7199268341,-0.641035676003,1.62080645561,1
1539875381867483848,102.956559776,carbonZ_2018-10-18-11-04-08_1_engine_failure_with_emr_traj,engine,32.6800003052,133.334533691,1.61037421227,62,-2.78177332878,-5.48818492889,-163.031936646,-18.7152462006,-0.630260944366,1.38612294197,1
1539875381909699240,102.998775168,carbonZ_2018-10-18-11-04-08_1_engine_failure_with_emr_traj,engine,32.8099975586,133.334533691,1.51520323753,61,-2.78177332878,-5.48818492889,-163.031936646,-18.6852226257,-0.625465869904,0.971916794777,1
1539875381969751528,103.058827456,carbonZ_2018-10-18-11-04-08_1_engine_failure_with_emr_traj,engine,32.8099975586,133.334533691,1.51520323753,61,-2.78177332878,-5.48818492889,-163.031936646,-18.6555919647,-0.612124204636,0.8626999259,1
1539875382012565096,103.101641024,carbonZ_2018-10-18-11-04-08_1_engine_failure_with_emr_traj,engine,32.8899993896,166.603561401,0.865037500858,60,-2.78177332878,-5.48818492889,-163.031936646,-18.634973526,-0.608650028706,0.817615807056,1
1539875382071179784,103.160255712,carbonZ_2018-10-18-11-04-08_1_engine_failure_with_emr_traj,engine,32.8899993896,166.603561401,0.865037500858,60,-2.78177332878,-5.48818492889,-163.031936646,-18.5851726532,-0.565863132477,0.71245265007,1
1539875382100465160,103.189541088,carbonZ_2018-10-18-11-04-08_1_engine_failure_with_emr_traj,engine,32.9399986267,165.603546143,0.80373698473,59,-2.78177332878,-5.48818492889,-163.031936646,-18.5557060242,-0.543306946754,0.615227520466,1
1539875382168431720,103.257507648,carbonZ_2018-10-18-11-04-08_1_engine_failure_with_emr_traj,engine,32.9399986267,165.603546143,0.80373698473,59,-2.78177332878,-5.48818492889,-163.031936646,-18.5154247284,-0.51140242815,0.52858376503,1
1539875382225585224,103.314661152,carbonZ_2018-10-18-11-04-08_1_engine_failure_with_emr_traj,engine,32.9599990845,154.949371338,0.152584418654,58,-2.78177332878,-5.48818492889,-163.031936646,-18.4672222137,-0.491171449423,0.496819287539,1
1539875382272454856,103.361530784,carbonZ_2018-10-18-11-04-08_1_engine_failure_with_emr_traj,engine,32.9599990845,154.949371338,0.152584418654,58,-0.817289412022,-5.67204427719,-166.773269653,-18.4376106262,-0.466832816601,0.506662786007,1
1539875382298839112,103.38791504,carbonZ_2018-10-18-11-04-08_1_engine_failure_with_emr_traj,engine,32.9599990845,155.949401855,0.15458188951,58,-0.817289412022,-5.67204427719,-166.773269653,-18.3864059448,-0.419639289379,0.575870037079,1
1539875382354583496,103.443659424,carbonZ_2018-10-18-11-04-08_1_engine_failure_with_emr_traj,engine,32.9599990845,155.949401855,0.15458188951,58,-0.817289412022,-5.67204427719,-166.773269653,-18.3202342987,-0.389597028494,0.718554198742,1
1539875382395959464,103.485035392,carbonZ_2018-10-18-11-04-08_1_engine_failure_with_emr_traj,engine,32.9799995422,176.12953186,0.154854640365,57,-0.817289412022,-5.67204427719,-166.773269653,-18.2996768951,-0.378340691328,0.789219141006,1
1539875382464852200,103.553928128,carbonZ_2018-10-18-11-04-08_1_engine_failure_with_emr_traj,engine,32.9799995422,176.12953186,0.154854640365,57,-0.817289412022,-5.67204427719,-166.773269653,-18.2415523529,-0.344596505165,0.917811691761,1
1539875382500249064,103.589324992,carbonZ_2018-10-18-11-04-08_1_engine_failure_with_emr_traj,engine,33.0200004578,176.12953186,-1.14096057415,56,-0.817289412022,-5.67204427719,-166.773269653,-18.2106704712,-0.313860833645,1.00678157806,1
1539875382602750856,103.691826784,carbonZ_2018-10-18-11-04-08_1_engine_failure_with_emr_traj,engine,33.0900001526,195.407577515,-1.02328836918,56,-1.34831237793,-6.38689279556,-164.978790283,-18.1520900726,-0.287608921528,1.10190236568,1
1539875382616739272,103.7058152,carbonZ_2018-10-18-11-04-08_1_engine_failure_with_emr_traj,engine,33.0900001526,195.407577515,-1.02328836918,56,-1.34831237793,-6.38689279556,-164.978790283,-18.1375331879,-0.283661991358,1.11761510372,1
1539875382663591016,103.752666944,carbonZ_2018-10-18-11-04-08_1_engine_failure_with_emr_traj,engine,33.0900001526,195.407577515,-1.02328836918,56,-1.34831237793,-6.38689279556,-164.978790283,-18.0784549713,-0.269969314337,1.17051112652,1
1539875382702311432,103.79138736,carbonZ_2018-10-18-11-04-08_1_engine_failure_with_emr_traj,engine,33.1800003052,195.407577515,-0.893588066101,55,-1.34831237793,-6.38689279556,-164.978790283,-18.06199646,-0.269324749708,1.17487716675,1
1539875382761452040,103.850527968,carbonZ_2018-10-18-11-04-08_1_engine_failure_with_emr_traj,engine,33.1800003052,195.407577515,-0.893588066101,55,-1.34831237793,-6.38689279556,-164.978790283,-18.0062522888,-0.290132850409,1.2016954422,1
1539875382811403912,103.90047984,carbonZ_2018-10-18-11-04-08_1_engine_failure_with_emr_traj,engine,33.2700004578,214.464096069,-1.87747967243,55,-1.34831237793,-6.38689279556,-164.978790283,-17.9396839142,-0.326163202524,1.2755382061,1
1539875382884597256,103.973673184,carbonZ_2018-10-18-11-04-08_1_engine_failure_with_emr_traj,engine,33.3800010681,214.464096069,-1.65985071659,54,-1.34831237793,-6.38689279556,-164.978790283,-17.8608722687,-0.345871567726,1.50144815445,1
1539875382925765672,104.0148416,carbonZ_2018-10-18-11-04-08_1_engine_failure_with_emr_traj,engine,33.3800010681,214.464096069,-1.65985071659,54,-1.34831237793,-6.38689279556,-164.978790283,-17.8093986511,-0.360843837261,1.64680922031,1
1539875382965973384,104.055049312,carbonZ_2018-10-18-11-04-08_1_engine_failure_with_emr_traj,engine,33.3800010681,214.464096069,-1.65985071659,54,-1.34831237793,-6.38689279556,-164.978790283,-17.7478370667,-0.384803920984,1.78198826313,1
1539875383008467496,104.097543424,carbonZ_2018-10-18-11-04-08_1_engine_failure_with_emr_traj,engine,33.5200004578,221.709350586,-3.50722408295,54,0.992910027504,-6.2391295433,-165.092788696,-17.7269573212,-0.394885629416,1.82612144947,1
1539875383060461000,104.149536928,carbonZ_2018-10-18-11-04-08_1_engine_failure_with_emr_traj,engine,33.5200004578,221.709350586,-3.50722408295,54,0.992910027504,-6.2391295433,-165.092788696,-17.6744155884,-0.40450617671,1.99245369434,1
1539875383104395144,104.193471072,carbonZ_2018-10-18-11-04-08_1_engine_failure_with_emr_traj,engine,33.6899986267,220.709320068,-3.14305067062,54,0.992910027504,-6.2391295433,-165.092788696,-17.6455230713,-0.395409554243,2.11135911942,1
1539875383160135912,104.24921184,carbonZ_2018-10-18-11-04-08_1_engine_failure_with_emr_traj,engine,33.6899986267,220.709320068,-3.14305067062,54,0.992910027504,-6.2391295433,-165.092788696,-17.6053199768,-0.392032057047,2.1775200367,1
1539875383204117608,104.293193536,carbonZ_2018-10-18-11-04-08_1_engine_failure_with_emr_traj,engine,33.8899993896,244.535736084,-5.18365526199,54,0.992910027504,-6.2391295433,-165.092788696,-17.5901908875,-0.380731225014,2.13695907593,1
1539875383257094568,104.346170496,carbonZ_2018-10-18-11-04-08_1_engine_failure_with_emr_traj,engine,33.8899993896,244.535736084,-5.18365526199,54,-0.179001495242,-5.41039037704,-168.602249146,-17.5978889465,-0.372279524803,1.87985610962,1
1539875383359464648,104.448540576,carbonZ_2018-10-18-11-04-08_1_engine_failure_with_emr_traj,engine,34.0799980164,244.535736084,-4.63892650604,53,-0.179001495242,-5.41039037704,-168.602249146,-17.6231575012,-0.408758223057,1.34417188168,1
1539875383382241640,104.471317568,carbonZ_2018-10-18-11-04-08_1_engine_failure_with_emr_traj,engine,34.0799980164,244.535736084,-4.63892650604,53,-0.179001495242,-5.41039037704,-168.602249146,-17.6176261902,-0.442769557238,1.1219162941,1
1539875383417314728,104.506390656,carbonZ_2018-10-18-11-04-08_1_engine_failure_with_emr_traj,engine,34.2099990845,257.174407959,-4.0902094841,53,-0.179001495242,-5.41039037704,-168.602249146,-17.6036224365,-0.489945441484,0.894970834255,1
1539875383462109992,104.55118592,carbonZ_2018-10-18-11-04-08_1_engine_failure_with_emr_traj,engine,34.2099990845,257.174407959,-4.0902094841,53,-0.179001495242,-5.41039037704,-168.602249146,-17.5936012268,-0.537678420544,0.675692915916,1
1539875383504192840,104.593268768,carbonZ_2018-10-18-11-04-08_1_engine_failure_with_emr_traj,engine,34.2799987793,257.174407959,-5.89546060562,53,-0.179001495242,-5.41039037704,-168.602249146,-17.5579395294,-0.62699919939,0.420493990183,1
1539875383551418088,104.640494016,carbonZ_2018-10-18-11-04-08_1_engine_failure_with_emr_traj,engine,34.2799987793,257.174407959,-5.89546060562,53,-0.179001495242,-5.41039037704,-168.602249146,-17.5242862701,-0.703720152378,0.278104454279,1
1539875383618637192,104.70771312,carbonZ_2018-10-18-11-04-08_1_engine_failure_with_emr_traj,engine,34.2799987793,245.899108887,-5.21023893356,53,-0.179001495242,-5.41039037704,-168.602249146,-17.4733943939,-0.813907682896,0.108843535185,1
1539875383667011464,104.756087392,carbonZ_2018-10-18-11-04-08_1_engine_failure_with_emr_traj,engine,34.2799987793,245.899108887,-5.21023893356,53,-0.179001495242,-5.41039037704,-168.602249146,-17.4197635651,-0.920980989933,-0.0133727742359,1
1539875383711985192,104.80106112,carbonZ_2018-10-18-11-04-08_1_engine_failure_with_emr_traj,engine,34.2599983215,245.899108887,-6.11402654648,53,-0.179001495242,-5.41039037704,-168.602249146,-17.4004402161,-0.951765656471,-0.0434591844678,1
1539875383786205736,104.875281664,carbonZ_2018-10-18-11-04-08_1_engine_failure_with_emr_traj,engine,34.2599983215,245.899108887,-6.11402654648,53,11.6185941696,-2.79584980011,-172.90838623,-17.3186721802,-1.09661972523,-0.149128749967,1
1539875383802766792,104.89184272,carbonZ_2018-10-18-11-04-08_1_engine_failure_with_emr_traj,engine,34.2000007629,253.49130249,-5.34163713455,53,11.6185941696,-2.79584980011,-172.90838623,-17.2954425812,-1.14418208599,-0.173306614161,1
1539875383878175272,104.9672512,carbonZ_2018-10-18-11-04-08_1_engine_failure_with_emr_traj,engine,34.2000007629,253.49130249,-5.34163713455,53,11.6185941696,-2.79584980011,-172.90838623,-17.2097225189,-1.32073259354,-0.280572354794,1
1539875383917413128,105.006489056,carbonZ_2018-10-18-11-04-08_1_engine_failure_with_emr_traj,engine,34.1399993896,253.49130249,-4.57081413269,53,11.6185941696,-2.79584980011,-172.90838623,-17.1888771057,-1.36015117168,-0.30103802681,1
1539875384012396328,105.101472256,carbonZ_2018-10-18-11-04-08_1_engine_failure_with_emr_traj,engine,34.0599975586,327.5574646,-6.10414075851,53,11.6185941696,-2.79584980011,-172.90838623,-17.080915451,-1.63229393959,-0.427434176207,1
1539875384082419176,105.171495104,carbonZ_2018-10-18-11-04-08_1_engine_failure_with_emr_traj,engine,34.0599975586,327.5574646,-6.10414075851,53,11.6185941696,-2.79584980011,-172.90838623,-16.9918746948,-1.86173760891,-0.494105607271,1
1539875384108008872,105.1970848,carbonZ_2018-10-18-11-04-08_1_engine_failure_with_emr_traj,engine,33.9799995422,327.5574646,-5.23799085617,53,11.6185941696,-2.79584980011,-172.90838623,-16.970746994,-1.90859389305,-0.498949587345,1
1539875384165562728,105.254638656,carbonZ_2018-10-18-11-04-08_1_engine_failure_with_emr_traj,engine,33.9799995422,327.5574646,-5.23799085617,53,11.6185941696,-2.79584980011,-172.90838623,-16.8749809265,-2.1386256218,-0.516400694847,1
1539875384212322376,105.301398304,carbonZ_2018-10-18-11-04-08_1_engine_failure_with_emr_traj,engine,33.8999977112,330.827606201,-4.39889383316,54,20.8534698486,-2.63856315613,-171.746856689,-16.8509502411,-2.19160699844,-0.512399613857,1
1539875384237213448,105.326289376,carbonZ_2018-10-18-11-04-08_1_engine_failure_with_emr_traj,engine,33.8999977112,330.827606201,-4.39889383316,54,20.8534698486,-2.63856315613,-171.746856689,-16.8059444427,-2.28583884239,-0.497138559818,1
1539875384291900808,105.380976736,carbonZ_2018-10-18-11-04-08_1_engine_failure_with_emr_traj,engine,33.8099975586,330.827606201,-6.67476892471,54,20.8534698486,-2.63856315613,-171.746856689,-16.7078323364,-2.45525431633,-0.409338533878,1
1539875384348514184,105.437590112,carbonZ_2018-10-18-11-04-08_1_engine_failure_with_emr_traj,engine,33.8099975586,330.827606201,-6.67476892471,54,20.8534698486,-2.63856315613,-171.746856689,-16.6600914001,-2.51343154907,-0.305869936943,1
1539875384409956616,105.499032544,carbonZ_2018-10-18-11-04-08_1_engine_failure_with_emr_traj,engine,33.75,333.937164307,-5.69383049011,54,20.8534698486,-2.63856315613,-171.746856689,-16.6098957062,-2.57661604881,-0.196084395051,1
1539875384431828072,105.520904,carbonZ_2018-10-18-11-04-08_1_engine_failure_with_emr_traj,engine,33.75,333.937164307,-5.69383049011,54,20.8534698486,-2.63856315613,-171.746856689,-16.5634784698,-2.62862706184,-0.0629968121648,1
1539875384527102440,105.616178368,carbonZ_2018-10-18-11-04-08_1_engine_failure_with_emr_traj,engine,33.719997406,333.937164307,-5.50316143036,54,20.8534698486,-2.63856315613,-171.746856689,-16.4676914215,-2.73280358315,0.19085906446,1
1539875384628855816,105.717931744,carbonZ_2018-10-18-11-04-08_1_engine_failure_with_emr_traj,engine,33.719997406,344.572540283,-4.50810194016,55,20.8534698486,-2.63856315613,-171.746856689,-16.3532352448,-2.92543125153,0.385217577219,1
1539875384657958920,105.747034848,carbonZ_2018-10-18-11-04-08_1_engine_failure_with_emr_traj,engine,33.719997406,344.572540283,-4.50810194016,55,20.8534698486,-2.63856315613,-171.746856689,-16.3094215393,-2.99775791168,0.452599734068,1
1539875384683359688,105.772435616,carbonZ_2018-10-18-11-04-08_1_engine_failure_with_emr_traj,engine,33.719997406,344.572540283,-4.50810194016,55,22.0126419067,-6.80227804184,-161.49029541,-16.2831363678,-3.04037904739,0.496861249208,1
1539875384715718248,105.804794176,carbonZ_2018-10-18-11-04-08_1_engine_failure_with_emr_traj,engine,33.75,344.572540283,-3.50014877319,55,22.0126419067,-6.80227804184,-161.49029541,-16.2181415558,-3.12791967392,0.674304008484,1
1539875384757852552,105.84692848,carbonZ_2018-10-18-11-04-08_1_engine_failure_with_emr_traj,engine,33.75,344.572540283,-3.50014877319,55,22.0126419067,-6.80227804184,-161.49029541,-16.1910057068,-3.16335654259,0.738662540913,1
1539875384818043432,105.90711936,carbonZ_2018-10-18-11-04-08_1_engine_failure_with_emr_traj,engine,33.7999992371,365.146148682,-5.68117141724,55,22.0126419067,-6.80227804184,-161.49029541,-16.125125885,-3.27087712288,0.885906934738,1
1539875384865126760,105.954202688,carbonZ_2018-10-18-11-04-08_1_engine_failure_with_emr_traj,engine,33.7999992371,365.146148682,-5.68117141724,55,22.0126419067,-6.80227804184,-161.49029541,-16.0793571472,-3.34336590767,0.983404934406,1
1539875384909954248,105.999030176,carbonZ_2018-10-18-11-04-08_1_engine_failure_with_emr_traj,engine,33.8899993896,366.146179199,-5.4207482338,56,22.0126419067,-6.80227804184,-161.49029541,-16.0281734467,-3.40971279144,1.12009453773,1
1539875384965310280,106.054386208,carbonZ_2018-10-18-11-04-08_1_engine_failure_with_emr_traj,engine,33.8899993896,366.146179199,-5.4207482338,56,22.4877128601,-8.74276447296,-153.2449646,-15.93612957,-3.5289721489,1.34016382694,1
1539875385016313960,106.105389888,carbonZ_2018-10-18-11-04-08_1_engine_failure_with_emr_traj,engine,34.0200004578,392.153839111,-4.2526922226,56,22.4877128601,-8.74276447296,-153.2449646,-15.8574028015,-3.65344595909,1.4341186285,1
1539875385078148136,106.167224064,carbonZ_2018-10-18-11-04-08_1_engine_failure_with_emr_traj,engine,34.0200004578,392.153839111,-4.2526922226,56,22.4877128601,-8.74276447296,-153.2449646,-15.6912240982,-3.91518783569,1.61358785629,1
1539875385113118888,106.202194816,carbonZ_2018-10-18-11-04-08_1_engine_failure_with_emr_traj,engine,34.1800003052,392.153839111,-3.14515209198,57,22.4877128601,-8.74276447296,-153.2449646,-15.641951561,-3.99212956429,1.64990758896,1
1539875385155091560,106.244167488,carbonZ_2018-10-18-11-04-08_1_engine_failure_with_emr_traj,engine,34.1800003052,392.153839111,-3.14515209198,57,22.4877128601,-8.74276447296,-153.2449646,-15.430814743,-4.33673095703,1.7579523325,1
1539875385192212520,106.281288448,carbonZ_2018-10-18-11-04-08_1_engine_failure_with_emr_traj,engine,34.3600006104,400.189483643,-5.55317306519,57,22.4877128601,-8.74276447296,-153.2449646,-15.430814743,-4.33673095703,1.7579523325,1
1539875385270594280,106.359670208,carbonZ_2018-10-18-11-04-08_1_engine_failure_with_emr_traj,engine,34.3600006104,400.189483643,-5.55317306519,57,22.4877128601,-8.74276447296,-153.2449646,-15.1781330109,-4.74087285995,1.79772973061,1
1539875385290501800,106.379577728,carbonZ_2018-10-18-11-04-08_1_engine_failure_with_emr_traj,engine,34.5499992371,399.189483643,-4.3799033165,57,22.4877128601,-8.74276447296,-153.2449646,-15.1781330109,-4.74087285995,1.79772973061,1
1539875385388197032,106.47727296,carbonZ_2018-10-18-11-04-08_1_engine_failure_with_emr_traj,engine,34.5499992371,399.189483643,-4.3799033165,57,35.8312835693,-7.05237340927,-141.702789307,-14.6964416504,-5.44893741608,1.73977696896,1
1539875385399857256,106.488933184,carbonZ_2018-10-18-11-04-08_1_engine_failure_with_emr_traj,engine,34.7399978638,432.58380127,-4.17222642899,58,35.8312835693,-7.05237340927,-141.702789307,-14.6140909195,-5.56777095795,1.71587181091,1
1539875385464017512,106.55309344,carbonZ_2018-10-18-11-04-08_1_engine_failure_with_emr_traj,engine,34.7399978638,432.58380127,-4.17222642899,58,35.8312835693,-7.05237340927,-141.702789307,-14.3192596436,-5.96619129181,1.62482261658,1
1539875385508856488,106.597932416,carbonZ_2018-10-18-11-04-08_1_engine_failure_with_emr_traj,engine,34.9199981689,433.583831787,-3.07234477997,58,35.8312835693,-7.05237340927,-141.702789307,-14.1267318726,-6.20080852509,1.59399354458,1
1539875385562291208,106.651367136,carbonZ_2018-10-18-11-04-08_1_engine_failure_with_emr_traj,engine,34.9199981689,433.583831787,-3.07234477997,58,35.8312835693,-7.05237340927,-141.702789307,-13.8038454056,-6.5693192482,1.57086646557,1
1539875385622299144,106.711375072,carbonZ_2018-10-18-11-04-08_1_engine_failure_with_emr_traj,engine,35.0799980164,428.977966309,-2.0634534359,58,35.8312835693,-7.05237340927,-141.702789307,-13.4625577927,-6.92426681519,1.57244849205,1
1539875385667704552,106.75678048,carbonZ_2018-10-18-11-04-08_1_engine_failure_with_emr_traj,engine,35.0799980164,428.977966309,-2.0634534359,58,35.8312835693,-7.05237340927,-141.702789307,-13.221118927,-7.15400123596,1.58711791039,1
1539875385748813128,106.837889056,carbonZ_2018-10-18-11-04-08_1_engine_failure_with_emr_traj,engine,35.2399978638,428.977966309,-3.82367062569,58,35.8312835693,-7.05237340927,-141.702789307,-12.7208137512,-7.59555482864,1.62300252914,1
1539875385787249032,106.87632496,carbonZ_2018-10-18-11-04-08_1_engine_failure_with_emr_traj,engine,35.2399978638,428.977966309,-3.82367062569,58,35.8312835693,-7.05237340927,-141.702789307,-12.4606151581,-7.80831670761,1.64245355129,1
1539875385813715560,106.902791488,carbonZ_2018-10-18-11-04-08_1_engine_failure_with_emr_traj,engine,35.3999977112,424.166870117,-2.87065625191,59,35.8312835693,-7.05237340927,-141.702789307,-12.3149614334,-7.9210357666,1.65091443062,1
1539875385897014184,106.986090112,carbonZ_2018-10-18-11-04-08_1_engine_failure_with_emr_traj,engine,35.5699996948,424.166870117,-3.77833867073,59,45.2559814453,-2.00213837624,-127.131622314,-11.6319885254,-8.41377067566,1.67443990707,1
1539875385952761448,107.041837376,carbonZ_2018-10-18-11-04-08_1_engine_failure_with_emr_traj,engine,35.5699996948,424.166870117,-3.77833867073,59,45.2559814453,-2.00213837624,-127.131622314,-11.0546340942,-8.78120708466,1.67060625553,1
1539875386013151816,107.102227744,carbonZ_2018-10-18-11-04-08_1_engine_failure_with_emr_traj,engine,35.7299995422,427.653503418,-2.90367484093,59,45.2559814453,-2.00213837624,-127.131622314,-10.7461481094,-8.97019672394,1.64067208767,1
1539875386066472968,107.155548896,carbonZ_2018-10-18-11-04-08_1_engine_failure_with_emr_traj,engine,35.7299995422,427.653503418,-2.90367484093,59,45.2559814453,-2.00213837624,-127.131622314,-10.4463396072,-9.14009380341,1.61623156071,1
1539875386102504744,107.191580672,carbonZ_2018-10-18-11-04-08_1_engine_failure_with_emr_traj,engine,35.8899993896,427.653503418,-2.09645581245,59,45.2559814453,-2.00213837624,-127.131622314,-9.97171401978,-9.38731002808,1.57096993923,1
1539875386170136712,107.25921264,carbonZ_2018-10-18-11-04-08_1_engine_failure_with_emr_traj,engine,35.8899993896,427.653503418,-2.09645581245,59,45.2559814453,-2.00213837624,-127.131622314,-9.6577205658,-9.5328130722,1.54997503757,1
1539875386203348328,107.292424256,carbonZ_2018-10-18-11-04-08_1_engine_failure_with_emr_traj,engine,36.0299987793,425.864135742,-2.19190526009,59,41.339756012,-1.16607534885,-113.704284668,-9.35581874847,-9.65894031525,1.54403233528,1
1539875386279565288,107.368641216,carbonZ_2018-10-18-11-04-08_1_engine_failure_with_emr_traj,engine,36.0299987793,425.864135742,-2.19190526009,59,41.339756012,-1.16607534885,-113.704284668,-8.75237846375,-9.88505458832,1.53115332127,1
1539875386317913032,107.40698896,carbonZ_2018-10-18-11-04-08_1_engine_failure_with_emr_traj,engine,36.1800003052,425.864135742,-1.51469361782,59,41.339756012,-1.16607534885,-113.704284668,-8.44967460632,-9.99303817749,1.51022732258,1
1539875386380707112,107.46978304,carbonZ_2018-10-18-11-04-08_1_engine_failure_with_emr_traj,engine,36.3199996948,415.570648193,-3.1029279232,59,41.339756012,-1.16607534885,-113.704284668,-7.98119783401,-10.1428174973,1.4567732811,1
1539875386412167560,107.501243488,carbonZ_2018-10-18-11-04-08_1_engine_failure_with_emr_traj,engine,36.3199996948,415.570648193,-3.1029279232,59,41.339756012,-1.16607534885,-113.704284668,-7.83532333374,-10.1843481064,1.44181346893,1
1539875386478939112,107.56801504,carbonZ_2018-10-18-11-04-08_1_engine_failure_with_emr_traj,engine,36.3199996948,415.570648193,-3.1029279232,59,41.339756012,-1.16607534885,-113.704284668,-7.28308105469,-10.3054533005,1.41176450253,1
1539875386506086760,107.595162688,carbonZ_2018-10-18-11-04-08_1_engine_failure_with_emr_traj,engine,36.4500007629,414.570617676,-2.49855947495,59,41.339756012,-1.16607534885,-113.704284668,-7.1611456871,-10.3226480484,1.43165040016,1
1539875386547877832,107.63695376,carbonZ_2018-10-18-11-04-08_1_engine_failure_with_emr_traj,engine,36.4500007629,414.570617676,-2.49855947495,59,41.339756012,-1.16607534885,-113.704284668,-6.95029973984,-10.3426122665,1.48849821091,1
1539875386584779464,107.673855392,carbonZ_2018-10-18-11-04-08_1_engine_failure_with_emr_traj,engine,36.4500007629,414.570617676,-2.49855947495,59,34.9477882385,-1.24277758598,-99.1983108521,-6.729991436,-10.3633966446,1.53646051884,1
1539875386634520808,107.723596736,carbonZ_2018-10-18-11-04-08_1_engine_failure_with_emr_traj,engine,36.5799980164,407.920257568,-1.95232617855,58,34.9477882385,-1.24277758598,-99.1983108521,-6.38483858109,-10.3938236237,1.57487738132,1
1539875386677099752,107.76617568,carbonZ_2018-10-18-11-04-08_1_engine_failure_with_emr_traj,engine,36.5799980164,407.920257568,-1.95232617855,58,34.9477882385,-1.24277758598,-99.1983108521,-6.15041828156,-10.4152402878,1.57712554932,1
1539875386714900392,107.80397632,carbonZ_2018-10-18-11-04-08_1_engine_failure_with_emr_traj,engine,36.7299995422,407.920257568,-2.05881762505,58,34.9477882385,-1.24277758598,-99.1983108521,-6.03513145447,-10.4253091812,1.56951653957,1
1539875386754909352,107.84398528,carbonZ_2018-10-18-11-04-08_1_engine_failure_with_emr_traj,engine,36.7299995422,407.920257568,-2.05881762505,58,34.9477882385,-1.24277758598,-99.1983108521,-5.56361484528,-10.4605112076,1.49275898933,1
1539875386821632968,107.910708896,carbonZ_2018-10-18-11-04-08_1_engine_failure_with_emr_traj,engine,36.8699989319,424.101348877,-1.59580826759,58,29.3272209167,-1.09955060482,-92.2707214355,-5.34158706665,-10.4687337875,1.4426214695,1
1539875386945810952,108.03488688,carbonZ_2018-10-18-11-04-08_1_engine_failure_with_emr_traj,engine,37.0,424.101348877,-1.68485748768,58,29.3272209167,-1.09955060482,-92.2707214355,-4.69476079941,-10.4784660339,1.20836806297,1
1539875387009312328,108.098388256,carbonZ_2018-10-18-11-04-08_1_engine_failure_with_emr_traj,engine,37.1100006104,423.707397461,-1.30080974102,58,29.3272209167,-1.09955060482,-92.2707214355,-4.27472114563,-10.4691066742,1.00653541088,1
1539875387105613992,108.19468992,carbonZ_2018-10-18-11-04-08_1_engine_failure_with_emr_traj,engine,37.1899986267,423.707397461,-0.960605084896,57,29.3272209167,-1.09955060482,-92.2707214355,-3.89385771751,-10.4427118301,0.831899702549,1
1539875387213840168,108.302916096,carbonZ_2018-10-18-11-04-08_1_engine_failure_with_emr_traj,engine,37.25,424.247375488,-1.78802394867,57,20.6956233978,-0.00639796629548,-81.9024887085,-3.38196372986,-10.3631505966,0.675216972828,1
1539875387283689480,108.372765408,carbonZ_2018-10-18-11-04-08_1_engine_failure_with_emr_traj,engine,37.25,424.247375488,-1.78802394867,57,20.6956233978,-0.00639796629548,-81.9024887085,-3.14408349991,-10.3076019287,0.652409672737,1
1539875387302800296,108.391876224,carbonZ_2018-10-18-11-04-08_1_engine_failure_with_emr_traj,engine,37.2900009155,425.247375488,-1.47916471958,57,20.6956233978,-0.00639796629548,-81.9024887085,-3.08025789261,-10.2884397507,0.672639191151,1
1539875387376627336,108.465703264,carbonZ_2018-10-18-11-04-08_1_engine_failure_with_emr_traj,engine,37.2900009155,425.247375488,-1.47916471958,57,20.6956233978,-0.00639796629548,-81.9024887085,-2.81296014786,-10.1955442429,0.745431959629,1
1539875387391637320,108.480713248,carbonZ_2018-10-18-11-04-08_1_engine_failure_with_emr_traj,engine,37.3400001526,425.832763672,-1.46512210369,56,20.6956233978,-0.00639796629548,-81.9024887085,-2.81296014786,-10.1955442429,0.745431959629,1
1539875387468711304,108.557787232,carbonZ_2018-10-18-11-04-08_1_engine_failure_with_emr_traj,engine,37.3400001526,425.832763672,-1.46512210369,56,20.6956233978,-0.00639796629548,-81.9024887085,-2.51320528984,-10.1149091721,0.766296207905,1
1539875387507620680,108.596696608,carbonZ_2018-10-18-11-04-08_1_engine_failure_with_emr_traj,engine,37.3999977112,424.832733154,-1.2243437767,56,20.6956233978,-0.00639796629548,-81.9024887085,-2.34459447861,-10.081908226,0.709099173546,1
1539875387557928520,108.647004448,carbonZ_2018-10-18-11-04-08_1_engine_failure_with_emr_traj,engine,37.3999977112,424.832733154,-1.2243437767,56,22.0774173737,-0.823895573616,-76.6194152832,-1.98210418224,-9.99512577057,0.542197048664,1
1539875387592536680,108.681612608,carbonZ_2018-10-18-11-04-08_1_engine_failure_with_emr_traj,engine,37.4599990845,421.099182129,-1.18916034698,56,22.0774173737,-0.823895573616,-76.6194152832,-1.98210418224,-9.99512577057,0.542197048664,1
1539875387638329960,108.727405888,carbonZ_2018-10-18-11-04-08_1_engine_failure_with_emr_traj,engine,37.4599990845,421.099182129,-1.18916034698,56,22.0774173737,-0.823895573616,-76.6194152832,-1.75838220119,-9.91743850708,0.468090236187,1
1539875387689259464,108.778335392,carbonZ_2018-10-18-11-04-08_1_engine_failure_with_emr_traj,engine,37.5,422.099212646,-1.01928126812,56,22.0774173737,-0.823895573616,-76.6194152832,-1.50309872627,-9.79906654358,0.448944926262,1
1539875387765541352,108.85461728,carbonZ_2018-10-18-11-04-08_1_engine_failure_with_emr_traj,engine,37.5,422.099212646,-1.01928126812,56,22.0774173737,-0.823895573616,-76.6194152832,-1.39157032967,-9.73353099823,0.446225404739,1
1539875387796356360,108.885432288,carbonZ_2018-10-18-11-04-08_1_engine_failure_with_emr_traj,engine,37.5299987793,418.580993652,-0.882723689079,55,22.0774173737,-0.823895573616,-76.6194152832,-1.33471751213,-9.70081233978,0.443669170141,1
1539875387864256648,108.953332576,carbonZ_2018-10-18-11-04-08_1_engine_failure_with_emr_traj,engine,37.5299987793,418.580993652,-0.882723689079,55,22.0774173737,-0.823895573616,-76.6194152832,-1.14188289642,-9.57866382599,0.439808249474,1
1539875387894098728,108.983174656,carbonZ_2018-10-18-11-04-08_1_engine_failure_with_emr_traj,engine,37.5599975586,418.580993652,-0.95054769516,55,15.4117431641,2.09354615211,-72.7198028564,-1.05298268795,-9.5196428299,0.430236309767,1
1539875387966312392,109.05538832,carbonZ_2018-10-18-11-04-08_1_engine_failure_with_emr_traj,engine,37.5599975586,418.580993652,-0.95054769516,55,15.4117431641,2.09354615211,-72.7198028564,-0.932740211487,-9.42519855499,0.371158212423,1
1539875387998551304,109.087627232,carbonZ_2018-10-18-11-04-08_1_engine_failure_with_emr_traj,engine,37.5900001526,434.63772583,-0.840539991856,55,15.4117431641,2.09354615211,-72.7198028564,-0.901306092739,-9.39525032043,0.37286233902,1
1539875388061048264,109.150124192,carbonZ_2018-10-18-11-04-08_1_engine_failure_with_emr_traj,engine,37.5900001526,434.63772583,-0.840539991856,55,15.4117431641,2.09354615211,-72.7198028564,-0.771372497082,-9.27848243713,0.31214889884,1
1539875388074991656,109.164067584,carbonZ_2018-10-18-11-04-08_1_engine_failure_with_emr_traj,engine,37.5900001526,434.63772583,-0.840539991856,55,15.4117431641,2.09354615211,-72.7198028564,-0.735121130943,-9.24781703949,0.286042034626,1
1539875388158219464,109.247295392,carbonZ_2018-10-18-11-04-08_1_engine_failure_with_emr_traj,engine,37.6199989319,434.63772583,-0.752771556377,54,15.4117431641,2.09354615211,-72.7198028564,-0.635890483856,-9.12644863129,0.233298644423,1
1539875388178359144,109.267435072,carbonZ_2018-10-18-11-04-08_1_engine_failure_with_emr_traj,engine,37.6299972534,445.915588379,-0.701308727264,54,15.4117431641,2.09354615211,-72.7198028564,-0.635890483856,-9.12644863129,0.233298644423,1
1539875388240460680,109.329536608,carbonZ_2018-10-18-11-04-08_1_engine_failure_with_emr_traj,engine,37.6299972534,445.915588379,-0.701308727264,54,15.4117431641,2.09354615211,-72.7198028564,-0.544668912888,-8.97226905823,0.183325961232,1
1539875388277760648,109.366836576,carbonZ_2018-10-18-11-04-08_1_engine_failure_with_emr_traj,engine,37.6299972534,445.915588379,-0.701308727264,54,15.4117431641,2.09354615211,-72.7198028564,-0.526472270489,-8.94271564484,0.158577308059,1
1539875388348959144,109.438035072,carbonZ_2018-10-18-11-04-08_1_engine_failure_with_emr_traj,engine,37.6399993896,445.915588379,-0.623385548592,54,15.4117431641,2.09354615211,-72.7198028564,-0.482882469893,-8.8551530838,0.102898038924,1
1539875388382574824,109.471650752,carbonZ_2018-10-18-11-04-08_1_engine_failure_with_emr_traj,engine,37.6399993896,445.915588379,-0.623385548592,54,6.28119277954,4.78616142273,-68.8585205078,-0.459319889545,-8.78975391388,0.0729106888175,1
1539875388405565000,109.494640928,carbonZ_2018-10-18-11-04-08_1_engine_failure_with_emr_traj,engine,37.6399993896,464.410888672,-0.556594252586,54,6.28119277954,4.78616142273,-68.8585205078,-0.449020504951,-8.75872325897,0.0627916231751,1
1539875388464589928,109.553665856,carbonZ_2018-10-18-11-04-08_1_engine_failure_with_emr_traj,engine,37.6399993896,464.410888672,-0.556594252586,54,6.28119277954,4.78616142273,-68.8585205078,-0.430862694979,-8.66629695892,0.0880462825298,1
1539875388508244648,109.597320576,carbonZ_2018-10-18-11-04-08_1_engine_failure_with_emr_traj,engine,37.6399993896,464.410888672,-0.489802926779,53,6.28119277954,4.78616142273,-68.8585205078,-0.419146209955,-8.6032705307,0.123092859983,1
1539875388559999208,109.649075136,carbonZ_2018-10-18-11-04-08_1_engine_failure_with_emr_traj,engine,37.6399993896,464.410888672,-0.489802926779,53,6.28119277954,4.78616142273,-68.8585205078,-0.413526535034,-8.51183795929,0.143354639411,1
1539875388606020840,109.695096768,carbonZ_2018-10-18-11-04-08_1_engine_failure_with_emr_traj,engine,37.6399993896,474.203857422,-0.411879718304,53,6.28119277954,4.78616142273,-68.8585205078,-0.409641087055,-8.45248699188,0.162209674716,1
1539875388665169128,109.754245056,carbonZ_2018-10-18-11-04-08_1_engine_failure_with_emr_traj,engine,37.6399993896,474.203857422,-0.411879718304,53,6.28119277954,4.78616142273,-68.8585205078,-0.405257821083,-8.36891460419,0.200012922287,1
1539875388699087560,109.788163488,carbonZ_2018-10-18-11-04-08_1_engine_failure_with_emr_traj,engine,37.6399993896,474.203857422,-0.345088422298,53,6.28119277954,4.78616142273,-68.8585205078,-0.403031885624,-8.31110286713,0.218349918723,1
1539875388773280168,109.862356096,carbonZ_2018-10-18-11-04-08_1_engine_failure_with_emr_traj,engine,37.6399993896,474.203857422,-0.345088422298,53,2.13259363174,5.72601366043,-68.0988769531,-0.417456626892,-8.16921138763,0.252981245518,1
1539875388817739656,109.906815584,carbonZ_2018-10-18-11-04-08_1_engine_failure_with_emr_traj,engine,37.6599998474,495.421600342,-0.278297126293,53,2.13259363174,5.72601366043,-68.0988769531,-0.417456626892,-8.16921138763,0.252981245518,1
1539875388876155240,109.965231168,carbonZ_2018-10-18-11-04-08_1_engine_failure_with_emr_traj,engine,37.6599998474,495.421600342,-0.278297126293,53,2.13259363174,5.72601366043,-68.0988769531,-0.447221785784,-8.05776882172,0.273849904537,1
1539875388903505160,109.992581088,carbonZ_2018-10-18-11-04-08_1_engine_failure_with_emr_traj,engine,37.6800003052,495.421600342,-0.211505800486,53,2.13259363174,5.72601366043,-68.0988769531,-0.455052405596,-8.02872371674,0.279432684183,1
1539875388980383752,110.06945968,carbonZ_2018-10-18-11-04-08_1_engine_failure_with_emr_traj,engine,37.6800003052,495.421600342,-0.211505800486,53,2.13259363174,5.72601366043,-68.0988769531,-0.49925366044,-7.9166841507,0.334498643875,1
1539875388992141896,110.081217824,carbonZ_2018-10-18-11-04-08_1_engine_failure_with_emr_traj,engine,37.7000007629,515.954772949,-0.133582621813,52,2.13259363174,5.72601366043,-68.0988769531,-0.511811614037,-7.89039468765,0.361441791058,1
1539875389094718664,110.183794592,carbonZ_2018-10-18-11-04-08_1_engine_failure_with_emr_traj,engine,37.7399978638,515.954772949,-0.0556594207883,52,2.13259363174,5.72601366043,-68.0988769531,-0.563769638538,-7.7470998764,0.451702773571,1
1539875389154533128,110.243609056,carbonZ_2018-10-18-11-04-08_1_engine_failure_with_emr_traj,engine,37.7399978638,515.954772949,-0.0556594207883,52,2.13259363174,5.72601366043,-68.0988769531,-0.615643620491,-7.6294002533,0.532917320728,1
1539875389200628808,110.289704736,carbonZ_2018-10-18-11-04-08_1_engine_failure_with_emr_traj,engine,37.7900009155,545.425292969,0.0333956554532,52,2.13259363174,5.72601366043,-68.0988769531,-0.627144575119,-7.59945201874,0.559264302254,1
1539875389262258952,110.35133488,carbonZ_2018-10-18-11-04-08_1_engine_failure_with_emr_traj,engine,37.7900009155,545.425292969,0.0333956554532,52,-0.201623290777,6.7784075737,-70.7693786621,-0.669745266438,-7.51192235947,0.651690721512,1
1539875389300469864,110.389545792,carbonZ_2018-10-18-11-04-08_1_engine_failure_with_emr_traj,engine,37.8499984741,545.425292969,0.122450731695,52,-0.201623290777,6.7784075737,-70.7693786621,-0.700708150864,-7.45667076111,0.734215438366,1
1539875389382769704,110.471845632,carbonZ_2018-10-18-11-04-08_1_engine_failure_with_emr_traj,engine,37.8499984741,545.425292969,0.122450731695,52,-0.201623290777,6.7784075737,-70.7693786621,-0.769977867603,-7.3478512764,0.90866714716,1
1539875389429369256,110.518445184,carbonZ_2018-10-18-11-04-08_1_engine_failure_with_emr_traj,engine,37.9300003052,576.114624023,0.222637683153,52,-0.201623290777,6.7784075737,-70.7693786621,-0.81012827158,-7.30153989792,0.963080406189,1
1539875389459726568,110.548802496,carbonZ_2018-10-18-11-04-08_1_engine_failure_with_emr_traj,engine,37.9300003052,576.114624023,0.222637683153,52,-0.201623290777,6.7784075737,-70.7693786621,-0.87764954567,-7.23922252655,1.01868653297,1
1539875389521724904,110.610800832,carbonZ_2018-10-18-11-04-08_1_engine_failure_with_emr_traj,engine,38.0299987793,576.114624023,0.333956539631,52,-0.201623290777,6.7784075737,-70.7693786621,-0.91610366106,-7.20288610458,1.04910814762,1
1539875389558037672,110.6471136,carbonZ_2018-10-18-11-04-08_1_engine_failure_with_emr_traj,engine,38.0299987793,576.114624023,0.333956539631,52,-0.201623290777,6.7784075737,-70.7693786621,-0.968184888363,-7.16328287125,1.07124471664,1
1539875389646259560,110.735335488,carbonZ_2018-10-18-11-04-08_1_engine_failure_with_emr_traj,engine,38.1399993896,604.783447266,0.456407278776,52,-0.201623290777,6.7784075737,-70.7693786621,-1.05985641479,-7.09145641327,1.09839391708,1
1539875389672226504,110.761302432,carbonZ_2018-10-18-11-04-08_1_engine_failure_with_emr_traj,engine,38.1399993896,604.783447266,0.456407278776,52,-2.87613940239,8.44779872894,-74.4113235474,-1.08361494541,-7.07259130478,1.09990608692,1
1539875389708731208,110.797807136,carbonZ_2018-10-18-11-04-08_1_engine_failure_with_emr_traj,engine,38.25,604.783447266,0.589989900589,52,-2.87613940239,8.44779872894,-74.4113235474,-1.13033366203,-7.03927373886,1.10507774353,1
1539875389754530248,110.843606176,carbonZ_2018-10-18-11-04-08_1_engine_failure_with_emr_traj,engine,38.25,604.783447266,0.589989900589,52,-2.87613940239,8.44779872894,-74.4113235474,-1.21967196465,-6.96504974365,1.13004410267,1
1539875389805761960,110.894837888,carbonZ_2018-10-18-11-04-08_1_engine_failure_with_emr_traj,engine,38.3699989319,625.176513672,0.734704375267,52,-2.87613940239,8.44779872894,-74.4113235474,-1.2449901104,-6.94669914246,1.12502896786,1
1539875389887082792,110.97615872,carbonZ_2018-10-18-11-04-08_1_engine_failure_with_emr_traj,engine,38.4899978638,625.176513672,0.890550732613,52,-2.87613940239,8.44779872894,-74.4113235474,-1.36831593513,-6.83364915848,1.14372980595,1
1539875389986382280,111.075458208,carbonZ_2018-10-18-11-04-08_1_engine_failure_with_emr_traj,engine,38.4899978638,625.176513672,0.890550732613,52,-2.87613940239,8.44779872894,-74.4113235474,-1.42640662193,-6.77424097061,1.16895020008,1
1539875390008771432,111.09784736,carbonZ_2018-10-18-11-04-08_1_engine_failure_with_emr_traj,engine,38.5999984741,650.005249023,1.05752897263,52,-1.8630335331,7.82267951965,-75.7588500977,-1.44397878647,-6.75306081772,1.16552090645,1
1539875390092744328,111.181820256,carbonZ_2018-10-18-11-04-08_1_engine_failure_with_emr_traj,engine,38.719997406,650.005249023,1.22450733185,52,-1.8630335331,7.82267951965,-75.7588500977,-1.51241540909,-6.66677188873,1.14418137074,1
1539875390154592104,111.243668032,carbonZ_2018-10-18-11-04-08_1_engine_failure_with_emr_traj,engine,38.719997406,650.005249023,1.22450733185,52,-1.8630335331,7.82267951965,-75.7588500977,-1.54695248604,-6.60864257812,1.0949819088,1
1539875390202413640,111.291489568,carbonZ_2018-10-18-11-04-08_1_engine_failure_with_emr_traj,engine,38.8299980164,671.994689941,1.40261745453,52,-1.8630335331,7.82267951965,-75.7588500977,-1.56193649769,-6.56959819794,1.08054530621,1
1539875390279109640,111.368185568,carbonZ_2018-10-18-11-04-08_1_engine_failure_with_emr_traj,engine,38.8299980164,671.994689941,1.40261745453,52,-1.8630335331,7.82267951965,-75.7588500977,-1.57932925224,-6.50015878677,1.08402645588,1
1539875390299395720,111.388471648,carbonZ_2018-10-18-11-04-08_1_engine_failure_with_emr_traj,engine,38.9300003052,671.994689941,1.56959569454,52,-1.8630335331,7.82267951965,-75.7588500977,-1.57484972477,-6.48483657837,1.07448387146,1
1539875390358926056,111.448001984,carbonZ_2018-10-18-11-04-08_1_engine_failure_with_emr_traj,engine,38.9300003052,671.994689941,1.56959569454,52,2.62624716759,4.683116436,-76.1483612061,-1.57016420364,-6.44518852234,1.08738398552,1
1539875390384135272,111.4732112,carbonZ_2018-10-18-11-04-08_1_engine_failure_with_emr_traj,engine,39.0400009155,689.794616699,1.74770581722,52,2.62624716759,4.683116436,-76.1483612061,-1.56389081478,-6.43231916428,1.08964085579,1
1539875390450001224,111.539077152,carbonZ_2018-10-18-11-04-08_1_engine_failure_with_emr_traj,engine,39.0400009155,689.794616699,1.74770581722,52,2.62624716759,4.683116436,-76.1483612061,-1.53112792969,-6.3771314621,1.1613047123,1
1539875390552154600,111.641230528,carbonZ_2018-10-18-11-04-08_1_engine_failure_with_emr_traj,engine,39.1499977112,689.794616699,1.91468417645,52,2.62624716759,4.683116436,-76.1483612061,-1.49173116684,-6.35001373291,1.20357525349,1
1539875390580802504,111.669878432,carbonZ_2018-10-18-11-04-08_1_engine_failure_with_emr_traj,engine,39.1499977112,689.794616699,1.91468417645,52,2.62624716759,4.683116436,-76.1483612061,-1.46194171906,-6.33111524582,1.244561553,1
1539875390602184616,111.691260544,carbonZ_2018-10-18-11-04-08_1_engine_failure_with_emr_traj,engine,39.2599983215,693.189880371,2.08166241646,53,2.62624716759,4.683116436,-76.1483612061,-1.45054626465,-6.32272338867,1.25591111183,1
1539875390668178152,111.75725408,carbonZ_2018-10-18-11-04-08_1_engine_failure_with_emr_traj,engine,39.2599983215,693.189880371,2.08166241646,53,2.62624716759,4.683116436,-76.1483612061,-1.40236401558,-6.2979888916,1.28613960743,1
1539875390718216808,111.807292736,carbonZ_2018-10-18-11-04-08_1_engine_failure_with_emr_traj,engine,39.3799972534,693.189880371,2.22637701035,53,7.75732517242,2.49958109856,-77.5536804199,-1.35137450695,-6.26031827927,1.33903431892,1
1539875390770393704,111.859469632,carbonZ_2018-10-18-11-04-08_1_engine_failure_with_emr_traj,engine,39.3799972534,693.189880371,2.22637701035,53,7.75732517242,2.49958109856,-77.5536804199,-1.3225389719,-6.23553800583,1.37868499756,1
1539875390812158152,111.90123408,carbonZ_2018-10-18-11-04-08_1_engine_failure_with_emr_traj,engine,39.5200004578,690.89453125,2.35995960236,53,7.75732517242,2.49958109856,-77.5536804199,-1.31533420086,-6.22458457947,1.40093874931,1
1539875390856133064,111.945208992,carbonZ_2018-10-18-11-04-08_1_engine_failure_with_emr_traj,engine,39.5200004578,690.89453125,2.35995960236,53,7.75732517242,2.49958109856,-77.5536804199,-1.28266584873,-6.18268918991,1.46435940266,1
1539875390926003624,112.015079552,carbonZ_2018-10-18-11-04-08_1_engine_failure_with_emr_traj,engine,39.6599998474,690.89453125,2.48241019249,53,7.75732517242,2.49958109856,-77.5536804199,-1.24776315689,-6.14443922043,1.48827946186,1
1539875390966840744,112.055916672,carbonZ_2018-10-18-11-04-08_1_engine_failure_with_emr_traj,engine,39.6599998474,690.89453125,2.48241019249,53,7.75732517242,2.49958109856,-77.5536804199,-1.2132846117,-6.10387659073,1.4692813158,1
1539875391006434984,112.095510912,carbonZ_2018-10-18-11-04-08_1_engine_failure_with_emr_traj,engine,39.8099975586,696.014709473,2.60486102104,53,7.75732517242,2.49958109856,-77.5536804199,-1.21093547344,-6.0892996788,1.45819556713,1
1539875391061037256,112.150113184,carbonZ_2018-10-18-11-04-08_1_engine_failure_with_emr_traj,engine,39.8099975586,696.014709473,2.60486102104,53,7.75732517242,2.49958109856,-77.5536804199,-1.18223655224,-6.02527713776,1.40406489372,1
1539875391127176872,112.2162528,carbonZ_2018-10-18-11-04-08_1_engine_failure_with_emr_traj,engine,39.9599990845,696.014709473,2.71617984772,53,7.75732517242,2.49958109856,-77.5536804199,-1.17181253433,-5.99051952362,1.37785315514,1
1539875391209319976,112.298395904,carbonZ_2018-10-18-11-04-08_1_engine_failure_with_emr_traj,engine,40.0900001526,710.770202637,2.82749867439,53,4.32824325562,7.33446216583,-75.6908721924,-1.17482459545,-5.90897274017,1.32965409756,1
1539875391254327880,112.343403808,carbonZ_2018-10-18-11-04-08_1_engine_failure_with_emr_traj,engine,40.0900001526,710.770202637,2.82749867439,53,4.32824325562,7.33446216583,-75.6908721924,-1.1761841774,-5.83651924133,1.29311096668,1
1539875391321572808,112.410648736,carbonZ_2018-10-18-11-04-08_1_engine_failure_with_emr_traj,engine,40.2299995422,710.770202637,2.93881750107,53,4.32824325562,7.33446216583,-75.6908721924,-1.18842637539,-5.76721763611,1.27477586269,1
1539875391385628296,112.474704224,carbonZ_2018-10-18-11-04-08_1_engine_failure_with_emr_traj,engine,40.2299995422,710.770202637,2.93881750107,53,4.32824325562,7.33446216583,-75.6908721924,-1.20315122604,-5.6974401474,1.30217587948,1
1539875391411067720,112.500143648,carbonZ_2018-10-18-11-04-08_1_engine_failure_with_emr_traj,engine,40.3499984741,715.205688477,3.05013632774,53,4.32824325562,7.33446216583,-75.6908721924,-1.208512187,-5.67311811447,1.30169141293,1
1539875391452833224,112.541909152,carbonZ_2018-10-18-11-04-08_1_engine_failure_with_emr_traj,engine,40.3499984741,715.205688477,3.05013632774,53,4.32824325562,7.33446216583,-75.6908721924,-1.20808029175,-5.60705327988,1.32900822163,1
1539875391494557864,112.583633792,carbonZ_2018-10-18-11-04-08_1_engine_failure_with_emr_traj,engine,40.4799995422,715.205688477,3.1725871563,53,4.32824325562,7.33446216583,-75.6908721924,-1.21520745754,-5.56384134293,1.33827209473,1
1539875391562301064,112.651376992,carbonZ_2018-10-18-11-04-08_1_engine_failure_with_emr_traj,engine,40.4799995422,715.205688477,3.1725871563,53,4.32824325562,7.33446216583,-75.6908721924,-1.21946692467,-5.50344181061,1.38257062435,1
1539875391608209768,112.697285696,carbonZ_2018-10-18-11-04-08_1_engine_failure_with_emr_traj,engine,40.6199989319,746.148986816,3.28390598297,54,4.32824325562,7.33446216583,-75.6908721924,-1.2184766531,-5.46393966675,1.40158736706,1
1539875391652955912,112.74203184,carbonZ_2018-10-18-11-04-08_1_engine_failure_with_emr_traj,engine,40.6199989319,746.148986816,3.28390598297,54,3.85445213318,6.13666439056,-69.7757339478,-1.19260084629,-5.38834285736,1.47561430931,1
1539875391720262056,112.809337984,carbonZ_2018-10-18-11-04-08_1_engine_failure_with_emr_traj,engine,40.7599983215,746.148986816,3.39522480965,54,3.85445213318,6.13666439056,-69.7757339478,-1.18112802505,-5.35526227951,1.50522279739,1
1539875391759936872,112.8490128,carbonZ_2018-10-18-11-04-08_1_engine_failure_with_emr_traj,engine,40.7599983215,746.148986816,3.39522480965,54,3.85445213318,6.13666439056,-69.7757339478,-1.15219068527,-5.32102155685,1.52641248703,1
1539875391807836936,112.896912864,carbonZ_2018-10-18-11-04-08_1_engine_failure_with_emr_traj,engine,40.9199981689,747.572509766,3.50654363632,54,3.85445213318,6.13666439056,-69.7757339478,-1.1201851368,-5.2834239006,1.54096806049,1
1539875391840375752,112.92945168,carbonZ_2018-10-18-11-04-08_1_engine_failure_with_emr_traj,engine,40.9199981689,747.572509766,3.50654363632,54,3.85445213318,6.13666439056,-69.7757339478,-1.09547495842,-5.24654197693,1.58483278751,1
1539875391895541928,112.984617856,carbonZ_2018-10-18-11-04-08_1_engine_failure_with_emr_traj,engine,41.0799980164,747.572509766,3.60673069954,54,3.85445213318,6.13666439056,-69.7757339478,-1.04154670238,-5.1919093132,1.62552285194,1
1539875391988287496,113.077363424,carbonZ_2018-10-18-11-04-08_1_engine_failure_with_emr_traj,engine,41.0799980164,747.572509766,3.60673069954,54,8.29402446747,3.68508386612,-68.7738571167,-0.952038824558,-5.1137752533,1.68860697746,1
1539875392083328840,113.172404768,carbonZ_2018-10-18-11-04-08_1_engine_failure_with_emr_traj,engine,41.25,768.078918457,3.684653759,54,8.29402446747,3.68508386612,-68.7738571167,-0.820419788361,-5.00675868988,1.83022797108,1
1539875392161017704,113.250093632,carbonZ_2018-10-18-11-04-08_1_engine_failure_with_emr_traj,engine,41.4300003052,768.078918457,3.75144505501,54,8.29402446747,3.68508386612,-68.7738571167,-0.752671480179,-4.94624710083,1.94218587875,1
1539875392177232552,113.26630848,carbonZ_2018-10-18-11-04-08_1_engine_failure_with_emr_traj,engine,41.6199989319,771.685668945,3.80710458755,54,8.29402446747,3.68508386612,-68.7738571167,-0.752671480179,-4.94624710083,1.94218587875,1
1539875392212302728,113.301378656,carbonZ_2018-10-18-11-04-08_1_engine_failure_with_emr_traj,engine,41.6199989319,771.685668945,3.80710458755,54,8.29402446747,3.68508386612,-68.7738571167,-0.653220832348,-4.86618232727,2.05594611168,1
1539875392254661928,113.343737856,carbonZ_2018-10-18-11-04-08_1_engine_failure_with_emr_traj,engine,41.6199989319,771.685668945,3.80710458755,54,8.29402446747,3.68508386612,-68.7738571167,-0.595571041107,-4.82651758194,2.07857513428,1
1539875392295459176,113.384535104,carbonZ_2018-10-18-11-04-08_1_engine_failure_with_emr_traj,engine,41.8299980164,771.685668945,3.85163211823,54,14.6729354858,5.31909561157,-69.2947158813,-0.506801843643,-4.76331138611,2.10174155235,1
1539875392359171240,113.448247168,carbonZ_2018-10-18-11-04-08_1_engine_failure_with_emr_traj,engine,41.8299980164,771.685668945,3.85163211823,54,14.6729354858,5.31909561157,-69.2947158813,-0.447505354881,-4.71665477753,2.11979436874,1
1539875392410617000,113.499692928,carbonZ_2018-10-18-11-04-08_1_engine_failure_with_emr_traj,engine,42.0499992371,772.607421875,3.88502764702,54,14.6729354858,5.31909561157,-69.2947158813,-0.399870365858,-4.67139482498,2.14087438583,1
1539875392453297032,113.54237296,carbonZ_2018-10-18-11-04-08_1_engine_failure_with_emr_traj,engine,42.0499992371,772.607421875,3.88502764702,54,14.6729354858,5.31909561157,-69.2947158813,-0.332414001226,-4.59878444672,2.1655960083,1
1539875392610494408,113.699570336,carbonZ_2018-10-18-11-04-08_1_engine_failure_with_emr_traj,engine,42.5,774.985473633,3.90729141235,55,14.6729354858,5.31909561157,-69.2947158813,-0.229109570384,-4.4018368721,2.22997164726,1
1539875392667520936,113.756596864,carbonZ_2018-10-18-11-04-08_1_engine_failure_with_emr_traj,engine,42.5,774.985473633,3.90729141235,55,9.84566688538,9.98655033112,-65.4698257446,-0.216882064939,-4.32194375992,2.28884840012,1
1539875392700658728,113.789734656,carbonZ_2018-10-18-11-04-08_1_engine_failure_with_emr_traj,engine,42.719997406,774.985473633,3.91842341423,55,9.84566688538,9.98655033112,-65.4698257446,-0.21524810791,-4.27842617035,2.33644962311,1
1539875392776481416,113.865557344,carbonZ_2018-10-18-11-04-08_1_engine_failure_with_emr_traj,engine,42.9599990845,697.838378906,3.92955517769,55,9.84566688538,9.98655033112,-65.4698257446,-0.214210897684,-4.20103693008,2.42029571533,1
1539875392806165832,113.89524176,carbonZ_2018-10-18-11-04-08_1_engine_failure_with_emr_traj,engine,42.9599990845,697.838378906,3.92955517769,55,9.84566688538,9.98655033112,-65.4698257446,-0.210670173168,-4.18463993073,2.4411137104,1
1539875392847318248,113.936394176,carbonZ_2018-10-18-11-04-08_1_engine_failure_with_emr_traj,engine,42.9599990845,697.838378906,3.92955517769,55,9.84566688538,9.98655033112,-65.4698257446,-0.209243193269,-4.12298202515,2.5087044239,1
1539875392900385832,113.98946176,carbonZ_2018-10-18-11-04-08_1_engine_failure_with_emr_traj,engine,43.2099990845,697.838378906,3.94068717957,55,9.84566688538,9.98655033112,-65.4698257446,-0.210558503866,-4.10659313202,2.51634192467,1
1539875392983486728,114.072562656,carbonZ_2018-10-18-11-04-08_1_engine_failure_with_emr_traj,engine,43.2099990845,697.838378906,3.94068717957,55,9.84566688538,9.98655033112,-65.4698257446,-0.2006008178,-4.04230594635,2.64073443413,1
1539875393014998536,114.104074464,carbonZ_2018-10-18-11-04-08_1_engine_failure_with_emr_traj,engine,43.469997406,694.571228027,3.95181894302,55,9.84566688538,9.98655033112,-65.4698257446,-0.2006008178,-4.04230594635,2.64073443413,1
1539875393055049768,114.144125696,carbonZ_2018-10-18-11-04-08_1_engine_failure_with_emr_traj,engine,43.469997406,694.571228027,3.95181894302,55,3.9549446106,0.955459237099,-56.1311416626,-0.190749719739,-4.01099395752,2.86424827576,1
1539875393097233672,114.1863096,carbonZ_2018-10-18-11-04-08_1_engine_failure_with_emr_traj,engine,43.75,694.571228027,3.95181894302,55,3.9549446106,0.955459237099,-56.1311416626,-0.155581325293,-4.00733041763,3.02530694008,1
1539875393214050728,114.303126656,carbonZ_2018-10-18-11-04-08_1_engine_failure_with_emr_traj,engine,44.0599975586,708.585327148,3.95181894302,55,3.9549446106,0.955459237099,-56.1311416626,-0.0757882297039,-4.02035713196,3.36777639389,1
1539875393249962952,114.33903888,carbonZ_2018-10-18-11-04-08_1_engine_failure_with_emr_traj,engine,44.0599975586,708.585327148,3.95181894302,55,3.9549446106,0.955459237099,-56.1311416626,-0.0421923659742,-4.03314256668,3.50405812263,1
1539875393329743080,114.418819008,carbonZ_2018-10-18-11-04-08_1_engine_failure_with_emr_traj,engine,44.3999977112,708.585327148,3.94068717957,55,3.9549446106,0.955459237099,-56.1311416626,0.04122107476,-4.05567121506,3.67435622215,1
1539875393368697576,114.457773504,carbonZ_2018-10-18-11-04-08_1_engine_failure_with_emr_traj,engine,44.3999977112,708.585327148,3.94068717957,55,3.9549446106,0.955459237099,-56.1311416626,0.115256398916,-4.0729341507,3.78159308434,1
1539875393411762024,114.500837952,carbonZ_2018-10-18-11-04-08_1_engine_failure_with_emr_traj,engine,44.7700004578,732.562255859,3.90729141235,55,3.9549446106,0.955459237099,-56.1311416626,0.176228761673,-4.10142850876,3.89134931564,1
1539875393479031144,114.568107072,carbonZ_2018-10-18-11-04-08_1_engine_failure_with_emr_traj,engine,44.7700004578,732.562255859,3.90729141235,55,6.29416799545,-12.9617071152,-49.7266159058,0.334995448589,-4.14826822281,4.09063005447,1
1539875393498014440,114.587090368,carbonZ_2018-10-18-11-04-08_1_engine_failure_with_emr_traj,engine,45.1800003052,732.562255859,3.85163211823,55,6.29416799545,-12.9617071152,-49.7266159058,0.378474116325,-4.17176294327,4.11291122437,1
