timestamp_ns,time_sec,flight_id,fault_type,alt_error,aspd_error,xtrack_error,wp_dist,nav_roll,nav_pitch,nav_yaw,nav_x,nav_y,nav_z,label_anomaly
1538768543774366759,0.0,carbonZ_2018-10-05-14-37-22_3_left_aileron_failure,aileron,8.03999996185,252.816482544,10.4296751022,157,-10.1209888458,-0.92239689827,119.168876648,-6.65363168716,14.5048685074,-0.932133734226,0
1538768543806143559,0.0317768,carbonZ_2018-10-05-14-37-22_3_left_aileron_failure,aileron,8.03999996185,252.816482544,10.4296751022,157,-10.1209888458,-0.92239689827,119.168876648,-6.51091241837,14.6043462753,-0.840141832829,0
1538768543861433607,0.087066848,carbonZ_2018-10-05-14-37-22_3_left_aileron_failure,aileron,7.91999959946,245.186035156,9.88959121704,155,-10.1209888458,-0.92239689827,119.168876648,-6.40410661697,14.6804141998,-0.819193661213,0
1538768543919767751,0.145400992,carbonZ_2018-10-05-14-37-22_3_left_aileron_failure,aileron,7.91999959946,245.186035156,9.88959121704,155,-10.1209888458,-0.92239689827,119.168876648,-6.18012475967,14.8396682739,-0.823823451996,0
1538768543970416775,0.196050016,carbonZ_2018-10-05-14-37-22_3_left_aileron_failure,aileron,7.81999969482,245.186035156,9.3712053299,154,-10.1209888458,-0.92239689827,119.168876648,-6.06863975525,14.9159011841,-0.803367495537,0
1538768544023901095,0.249534336,carbonZ_2018-10-05-14-37-22_3_left_aileron_failure,aileron,7.81999969482,245.186035156,9.3712053299,154,-10.1209888458,-0.92239689827,119.168876648,-5.97050523758,14.9857988358,-0.766215801239,0
1538768544068226823,0.293860064,carbonZ_2018-10-05-14-37-22_3_left_aileron_failure,aileron,7.73999977112,230.009933472,10.3677988052,152,-10.1209888458,-0.92239689827,119.168876648,-5.87554836273,15.0491638184,-0.704787254333,0
1538768544146445639,0.37207888,carbonZ_2018-10-05-14-37-22_3_left_aileron_failure,aileron,7.73999977112,230.009933472,10.3677988052,152,-10.1209888458,-0.92239689827,119.168876648,-5.74024248123,15.1401157379,-0.602720499039,0
1538768544186350439,0.41198368,carbonZ_2018-10-05-14-37-22_3_left_aileron_failure,aileron,7.65999984741,230.009933472,9.78650665283,151,-15.6135835648,-2.10915803909,118.737892151,-5.65814113617,15.1964664459,-0.525906324387,0
1538768544248191271,0.473824512,carbonZ_2018-10-05-14-37-22_3_left_aileron_failure,aileron,7.59999990463,225.076385498,9.23853492737,149,-15.6135835648,-2.10915803909,118.737892151,-5.47047138214,15.320309639,-0.378284811974,0
1538768544263144039,0.48877728,carbonZ_2018-10-05-14-37-22_3_left_aileron_failure,aileron,7.59999990463,225.076385498,9.23853492737,149,-15.6135835648,-2.10915803909,118.737892151,-5.42194700241,15.3472709656,-0.34619513154,0
1538768544337328551,0.562961792,carbonZ_2018-10-05-14-37-22_3_left_aileron_failure,aileron,7.55999994278,225.076385498,10.7614574432,147,-15.6135835648,-2.10915803909,118.737892151,-5.28044271469,15.4387865067,-0.232347860932,0
1538768544371693383,0.597326624,carbonZ_2018-10-05-14-37-22_3_left_aileron_failure,aileron,7.55999994278,225.076385498,10.7614574432,147,-15.6135835648,-2.10915803909,118.737892151,-5.20174217224,15.4924449921,-0.134271517396,0
1538768544425543495,0.651176736,carbonZ_2018-10-05-14-37-22_3_left_aileron_failure,aileron,7.55999994278,225.076385498,10.7614574432,147,-15.6135835648,-2.10915803909,118.737892151,-5.07682752609,15.5735435486,0.0183508060873,0
1538768544471627911,0.697261152,carbonZ_2018-10-05-14-37-22_3_left_aileron_failure,aileron,7.53999996185,219.632141113,10.0954523087,146,-15.6135835648,-2.10915803909,118.737892151,-4.99405908585,15.6209135056,0.102428115904,0
1538768544555730151,0.781363392,carbonZ_2018-10-05-14-37-22_3_left_aileron_failure,aileron,7.55999994278,219.632141113,10.8194169998,144,-17.4897174835,-2.86817264557,115.724975586,-4.81683063507,15.7327699661,0.291418284178,0
1538768544635728263,0.861361504,carbonZ_2018-10-05-14-37-22_3_left_aileron_failure,aileron,7.55999994278,219.632141113,10.8194169998,144,-17.4897174835,-2.86817264557,115.724975586,-4.60665559769,15.8612031937,0.455370903015,0
1538768544652230439,0.87786368,carbonZ_2018-10-05-14-37-22_3_left_aileron_failure,aileron,7.59999990463,211.570739746,10.0851192474,142,-17.4897174835,-2.86817264557,115.724975586,-4.55376768112,15.8909368515,0.478352546692,0
1538768544686027751,0.911660992,carbonZ_2018-10-05-14-37-22_3_left_aileron_failure,aileron,7.59999990463,211.570739746,10.0851192474,142,-17.4897174835,-2.86817264557,115.724975586,-4.3745470047,15.9921522141,0.542831599712,0
1538768544729116583,0.954749824,carbonZ_2018-10-05-14-37-22_3_left_aileron_failure,aileron,7.59999990463,211.570739746,10.0851192474,142,-17.4897174835,-2.86817264557,115.724975586,-4.24816799164,16.0623378754,0.595421969891,0
1538768544776209831,1.001843072,carbonZ_2018-10-05-14-37-22_3_left_aileron_failure,aileron,7.64999961853,211.570739746,12.2056179047,141,-17.4897174835,-2.86817264557,115.724975586,-4.17946004868,16.0987892151,0.605714261532,0
1538768544818929991,1.044563232,carbonZ_2018-10-05-14-37-22_3_left_aileron_failure,aileron,7.64999961853,211.570739746,12.2056179047,141,-19.3852157593,-3.50648212433,110.370758057,-3.88092255592,16.2558555603,0.665029525757,0
1538768544877903175,1.103536416,carbonZ_2018-10-05-14-37-22_3_left_aileron_failure,aileron,7.71000003815,196.015640259,11.3093652725,139,-19.3852157593,-3.50648212433,110.370758057,-3.79259061813,16.2964477539,0.668950080872,0
1538768544929842535,1.155475776,carbonZ_2018-10-05-14-37-22_3_left_aileron_failure,aileron,7.71000003815,196.015640259,11.3093652725,139,-19.3852157593,-3.50648212433,110.370758057,-3.53664898872,16.4206447601,0.700298666954,0
1538768544996999015,1.222632256,carbonZ_2018-10-05-14-37-22_3_left_aileron_failure,aileron,7.77999973297,196.015640259,10.4420185089,137,-19.3852157593,-3.50648212433,110.370758057,-3.24545311928,16.5542793274,0.710308015347,0
1538768545024206727,1.249839968,carbonZ_2018-10-05-14-37-22_3_left_aileron_failure,aileron,7.77999973297,196.015640259,10.4420185089,137,-19.3852157593,-3.50648212433,110.370758057,-3.04201316833,16.642074585,0.736127793789,0
1538768545093868359,1.3195016,carbonZ_2018-10-05-14-37-22_3_left_aileron_failure,aileron,7.84999990463,183.704376221,10.9947490692,136,-19.3852157593,-3.50648212433,110.370758057,-2.74013257027,16.7615718842,0.778033912182,0
1538768545151704007,1.377337248,carbonZ_2018-10-05-14-37-22_3_left_aileron_failure,aileron,7.91999959946,183.704376221,10.1097726822,134,-19.3852157593,-3.50648212433,110.370758057,-2.42617940903,16.8837871552,0.820095658302,0
1538768545197858823,1.423492064,carbonZ_2018-10-05-14-37-22_3_left_aileron_failure,aileron,7.91999959946,183.704376221,10.1097726822,134,-19.3852157593,-3.50648212433,110.370758057,-2.10073256493,17.0046386719,0.878680288792,0
1538768545239692327,1.465325568,carbonZ_2018-10-05-14-37-22_3_left_aileron_failure,aileron,7.91999959946,183.704376221,10.1097726822,134,-19.3852157593,-3.50648212433,110.370758057,-1.99055612087,17.0400505066,0.897462129593,0
1538768545285306567,1.510939808,carbonZ_2018-10-05-14-37-22_3_left_aileron_failure,aileron,8.01000022888,160.642242432,12.1192092896,132,-29.0421695709,-3.34060668945,103.745773315,-1.77249002457,17.114944458,0.948058247566,0
1538768545328480871,1.554114112,carbonZ_2018-10-05-14-37-22_3_left_aileron_failure,aileron,8.01000022888,160.642242432,12.1192092896,132,-29.0421695709,-3.34060668945,103.745773315,-1.46062886715,17.213596344,1.02739870548,0
1538768545384508295,1.610141536,carbonZ_2018-10-05-14-37-22_3_left_aileron_failure,aileron,8.0999994278,160.642242432,11.0957736969,131,-29.0421695709,-3.34060668945,103.745773315,-1.13277924061,17.3124961853,1.10621070862,0
1538768545420285735,1.645918976,carbonZ_2018-10-05-14-37-22_3_left_aileron_failure,aileron,8.0999994278,160.642242432,11.0957736969,131,-29.0421695709,-3.34060668945,103.745773315,-0.914667546749,17.3726806641,1.16841518879,0
1538768545512212519,1.73784576,carbonZ_2018-10-05-14-37-22_3_left_aileron_failure,aileron,8.21000003815,136.109161377,12.4017677307,129,-29.0421695709,-3.34060668945,103.745773315,-0.46138176322,17.4871730804,1.26296806335,0
1538768545547031559,1.7726648,carbonZ_2018-10-05-14-37-22_3_left_aileron_failure,aileron,8.32999992371,136.109161377,11.3166656494,127,-29.0421695709,-3.34060668945,103.745773315,-0.339211910963,17.5182418823,1.27952551842,0
1538768545584714375,1.810347616,carbonZ_2018-10-05-14-37-22_3_left_aileron_failure,aileron,8.32999992371,136.109161377,11.3166656494,127,-29.0421695709,-3.34060668945,103.745773315,-0.092332534492,17.574760437,1.29722845554,0
1538768545640509799,1.86614304,carbonZ_2018-10-05-14-37-22_3_left_aileron_failure,aileron,8.47000026703,112.307449341,10.2874088287,126,-29.0421695709,-3.34060668945,103.745773315,0.565387010574,17.706615448,1.31769788265,0
1538768545708571623,1.934204864,carbonZ_2018-10-05-14-37-22_3_left_aileron_failure,aileron,8.47000026703,112.307449341,10.2874088287,126,-34.2661323547,-1.92180478573,96.1183700562,0.565387010574,17.706615448,1.31769788265,0
1538768545752980903,1.978614144,carbonZ_2018-10-05-14-37-22_3_left_aileron_failure,aileron,8.5999994278,112.307449341,10.7236194611,124,-34.2661323547,-1.92180478573,96.1183700562,1.14251053333,17.7979011536,1.30752944946,0
1538768545818624391,2.044257632,carbonZ_2018-10-05-14-37-22_3_left_aileron_failure,aileron,8.5999994278,112.307449341,10.7236194611,124,-34.2661323547,-1.92180478573,96.1183700562,1.58340120316,17.8536586761,1.293648839,0
1538768545832993447,2.058626688,carbonZ_2018-10-05-14-37-22_3_left_aileron_failure,aileron,8.73999977112,98.4985351562,9.69180679321,123,-34.2661323547,-1.92180478573,96.1183700562,1.58340120316,17.8536586761,1.293648839,0
1538768545893451495,2.119084736,carbonZ_2018-10-05-14-37-22_3_left_aileron_failure,aileron,8.73999977112,98.4985351562,9.69180679321,123,-34.2661323547,-1.92180478573,96.1183700562,2.21260929108,17.9125747681,1.23653769493,0
1538768545921800999,2.14743424,carbonZ_2018-10-05-14-37-22_3_left_aileron_failure,aileron,8.73999977112,98.4985351562,9.69180679321,123,-34.2661323547,-1.92180478573,96.1183700562,2.53455162048,17.9302463531,1.20032799244,0
1538768545980444103,2.206077344,carbonZ_2018-10-05-14-37-22_3_left_aileron_failure,aileron,8.86999988556,98.4985351562,8.70195770264,121,-34.2661323547,-1.92180478573,96.1183700562,3.02539944649,17.950220108,1.18866407871,0
1538768546030569607,2.256202848,carbonZ_2018-10-05-14-37-22_3_left_aileron_failure,aileron,8.86999988556,98.4985351562,8.70195770264,121,-34.2661323547,-1.92180478573,96.1183700562,3.35298538208,17.952917099,1.18841326237,0
1538768546070838183,2.296471424,carbonZ_2018-10-05-14-37-22_3_left_aileron_failure,aileron,8.98999977112,73.9803314209,10.4892215729,120,-36.9472236633,-1.7618983984,85.955871582,3.65304684639,17.9514007568,1.19811785221,0
1538768546146838375,2.372471616,carbonZ_2018-10-05-14-37-22_3_left_aileron_failure,aileron,9.10999965668,73.9803314209,9.40865421295,118,-36.9472236633,-1.7618983984,85.955871582,4.29291152954,17.9228687286,1.21178328991,0
1538768546171407591,2.397040832,carbonZ_2018-10-05-14-37-22_3_left_aileron_failure,aileron,9.10999965668,73.9803314209,9.40865421295,118,-36.9472236633,-1.7618983984,85.955871582,4.4608168602,17.9132423401,1.22045171261,0
1538768546227748711,2.453381952,carbonZ_2018-10-05-14-37-22_3_left_aileron_failure,aileron,9.10999965668,73.9803314209,9.40865421295,118,-36.9472236633,-1.7618983984,85.955871582,5.1711397171,17.8458843231,1.19633924961,0
1538768546262548423,2.488181664,carbonZ_2018-10-05-14-37-22_3_left_aileron_failure,aileron,9.23999977112,39.9708747864,9.80169296265,117,-36.9472236633,-1.7618983984,85.955871582,5.34442281723,17.8259944916,1.18947339058,0
1538768546338881511,2.564514752,carbonZ_2018-10-05-14-37-22_3_left_aileron_failure,aileron,9.36999988556,39.9708747864,8.72587776184,115,-36.9472236633,-1.7618983984,85.955871582,5.88304281235,17.7477798462,1.17275953293,0
1538768546369377159,2.5950104,carbonZ_2018-10-05-14-37-22_3_left_aileron_failure,aileron,9.36999988556,39.9708747864,8.72587776184,115,-36.9472236633,-1.7618983984,85.955871582,6.24477767944,17.6863765717,1.17345416546,0
1538768546425847463,2.651480704,carbonZ_2018-10-05-14-37-22_3_left_aileron_failure,aileron,9.36999988556,39.9708747864,8.72587776184,115,-36.9472236633,-1.7618983984,85.955871582,6.75610971451,17.5884151459,1.17003488541,0
1538768546470714983,2.696348224,carbonZ_2018-10-05-14-37-22_3_left_aileron_failure,aileron,9.5,14.2134666443,10.6642026901,114,-39.008140564,-1.10524904728,73.982749939,7.11096525192,17.5110836029,1.16436338425,0
1538768546546536327,2.772169568,carbonZ_2018-10-05-14-37-22_3_left_aileron_failure,aileron,9.63000011444,14.2134666443,9.4968957901,113,-39.008140564,-1.10524904728,73.982749939,7.77312040329,17.3401660919,1.17077958584,0
1538768546589556487,2.815189728,carbonZ_2018-10-05-14-37-22_3_left_aileron_failure,aileron,9.63000011444,14.2134666443,9.4968957901,113,-39.008140564,-1.10524904728,73.982749939,8.12385845184,17.2389450073,1.16024184227,0
1538768546637053351,2.862686592,carbonZ_2018-10-05-14-37-22_3_left_aileron_failure,aileron,9.63000011444,14.2134666443,9.4968957901,113,-39.008140564,-1.10524904728,73.982749939,8.46976566315,17.1325092316,1.13427174091,0
1538768546664278407,2.889911648,carbonZ_2018-10-05-14-37-22_3_left_aileron_failure,aileron,9.76999950409,-17.2391891479,8.39245700836,112,-39.008140564,-1.10524904728,73.982749939,8.8324213028,17.0136833191,1.10193347931,0
1538768546743576327,2.969209568,carbonZ_2018-10-05-14-37-22_3_left_aileron_failure,aileron,9.88999938965,-17.2391891479,10.3472137451,111,-39.008140564,-1.10524904728,73.982749939,9.39317989349,16.8100204468,1.01158297062,0
1538768546797034439,3.02266768,carbonZ_2018-10-05-14-37-22_3_left_aileron_failure,aileron,9.88999938965,-17.2391891479,10.3472137451,111,-39.612537384,-0.143510058522,65.2311782837,9.95030403137,16.5891590118,0.931222915649,0
1538768546841016519,3.06664976,carbonZ_2018-10-05-14-37-22_3_left_aileron_failure,aileron,10.0,-62.7180099487,9.16276550293,110,-39.612537384,-0.143510058522,65.2311782837,10.3170490265,16.4337730408,0.880903661251,0
1538768546863842343,3.089475584,carbonZ_2018-10-05-14-37-22_3_left_aileron_failure,aileron,10.0,-62.7180099487,9.16276550293,110,-39.612537384,-0.143510058522,65.2311782837,10.7059659958,16.2606105804,0.809222519398,0
1538768546946476071,3.172109312,carbonZ_2018-10-05-14-37-22_3_left_aileron_failure,aileron,10.0,-62.7180099487,9.16276550293,110,-39.612537384,-0.143510058522,65.2311782837,11.278134346,15.9823913574,0.693214356899,0
1538768546988070919,3.21370416,carbonZ_2018-10-05-14-37-22_3_left_aileron_failure,aileron,10.1099996567,-62.7180099487,8.02148532867,109,-39.612537384,-0.143510058522,65.2311782837,11.6500892639,15.7882995605,0.631229996681,0
1538768547051351047,3.276984288,carbonZ_2018-10-05-14-37-22_3_left_aileron_failure,aileron,10.1899995804,-108.003616333,7.6879734993,108,-39.612537384,-0.143510058522,65.2311782837,12.3593416214,15.3828554153,0.532491326332,0
1538768547065483623,3.291116864,carbonZ_2018-10-05-14-37-22_3_left_aileron_failure,aileron,10.1899995804,-108.003616333,7.6879734993,108,-39.612537384,-0.143510058522,65.2311782837,12.526140213,15.2787227631,0.511337697506,0
1538768547140754023,3.366387264,carbonZ_2018-10-05-14-37-22_3_left_aileron_failure,aileron,10.1899995804,-108.003616333,7.6879734993,108,-39.612537384,-0.143510058522,65.2311782837,13.043431282,14.9406995773,0.463787049055,0
1538768547179836103,3.405469344,carbonZ_2018-10-05-14-37-22_3_left_aileron_failure,aileron,10.2600002289,-108.003616333,6.65758466721,108,-41.1722145081,0.647962868214,53.2578735352,13.3709115982,14.7146244049,0.453812509775,0
1538768547264427943,3.490061184,carbonZ_2018-10-05-14-37-22_3_left_aileron_failure,aileron,10.3299999237,-147.004516602,9.00852584839,107,-41.1722145081,0.647962868214,53.2578735352,14.1827278137,14.1115493774,0.436788886786,0
1538768547339509479,3.56514272,carbonZ_2018-10-05-14-37-22_3_left_aileron_failure,aileron,10.3299999237,-147.004516602,9.00852584839,107,-41.1722145081,0.647962868214,53.2578735352,14.6322555542,13.7448072433,0.452426195145,0
1538768547366516711,3.592149952,carbonZ_2018-10-05-14-37-22_3_left_aileron_failure,aileron,10.3999996185,-147.004516602,7.85735940933,107,-41.1722145081,0.647962868214,53.2578735352,15.0858325958,13.3518028259,0.48346298933,0
1538768547419230887,3.644864128,carbonZ_2018-10-05-14-37-22_3_left_aileron_failure,aileron,10.3999996185,-147.004516602,7.85735940933,107,-41.1722145081,0.647962868214,53.2578735352,15.5295438766,12.9550800323,0.51429027319,0
1538768547579413127,3.805046368,carbonZ_2018-10-05-14-37-22_3_left_aileron_failure,aileron,10.5399999619,-170.990753174,7.27452135086,107,-45.227935791,1.50564146042,42.198513031,16.4030857086,12.0820293427,0.539030492306,0
1538768547620480711,3.846113952,carbonZ_2018-10-05-14-37-22_3_left_aileron_failure,aileron,10.5399999619,-170.990753174,7.27452135086,107,-45.227935791,1.50564146042,42.198513031,16.8243961334,11.6329250336,0.542636334896,0
1538768547664532295,3.890165536,carbonZ_2018-10-05-14-37-22_3_left_aileron_failure,aileron,10.6199998856,-208.476638794,6.24821424484,107,-45.227935791,1.50564146042,42.198513031,17.1228752136,11.2865447998,0.531315982342,0
1538768547755549191,3.981182432,carbonZ_2018-10-05-14-37-22_3_left_aileron_failure,aileron,10.6999998093,-208.476638794,6.31409358978,107,-45.227935791,1.50564146042,42.198513031,17.6713809967,10.6174621582,0.530369520187,0
1538768547790245063,4.015878304,carbonZ_2018-10-05-14-37-22_3_left_aileron_failure,aileron,10.6999998093,-208.476638794,6.31409358978,107,-45.227935791,1.50564146042,42.198513031,17.9292316437,10.2867307663,0.546346068382,0
1538768547835513575,4.061146816,carbonZ_2018-10-05-14-37-22_3_left_aileron_failure,aileron,10.6999998093,-208.476638794,6.31409358978,107,-46.1705322266,1.53285121918,32.0993347168,18.1716747284,9.94183254242,0.574168562889,0
1538768547866470183,4.092103424,carbonZ_2018-10-05-14-37-22_3_left_aileron_failure,aileron,10.779999733,-242.252349854,5.36071014404,108,-46.1705322266,1.53285121918,32.0993347168,18.420539856,9.58107948303,0.589292645454,0
1538768547942999623,4.168632864,carbonZ_2018-10-05-14-37-22_3_left_aileron_failure,aileron,10.8599996567,-242.252349854,5.19199371338,108,-46.1705322266,1.53285121918,32.0993347168,18.7599010468,9.04806423187,0.619951725006,0
1538768547981438375,4.207071616,carbonZ_2018-10-05-14-37-22_3_left_aileron_failure,aileron,10.8599996567,-242.252349854,5.19199371338,108,-46.1705322266,1.53285121918,32.0993347168,18.9944248199,8.6737165451,0.642501413822,0
1538768548005177959,4.2308112,carbonZ_2018-10-05-14-37-22_3_left_aileron_failure,aileron,10.8599996567,-242.252349854,5.19199371338,108,-46.1705322266,1.53285121918,32.0993347168,19.2002315521,8.30992698669,0.654395639896,0
1538768548046539111,4.272172352,carbonZ_2018-10-05-14-37-22_3_left_aileron_failure,aileron,10.9499998093,-286.040893555,4.35944414139,109,-46.1705322266,1.53285121918,32.0993347168,19.4065647125,7.93684434891,0.67637360096,0
1538768548146430023,4.372063264,carbonZ_2018-10-05-14-37-22_3_left_aileron_failure,aileron,10.9499998093,-286.040893555,4.35944414139,109,-46.1705322266,1.53285121918,32.0993347168,19.7813091278,7.17961120605,0.679313182831,0
1538768548160261415,4.385894656,carbonZ_2018-10-05-14-37-22_3_left_aileron_failure,aileron,11.0500001907,-286.040893555,3.62818622589,110,-46.1705322266,1.53285121918,32.0993347168,19.8838691711,6.95925617218,0.665789306164,0
1538768548207619047,4.433252288,carbonZ_2018-10-05-14-37-22_3_left_aileron_failure,aileron,11.0500001907,-286.040893555,3.62818622589,110,-46.9478034973,1.72396457195,20.7861804962,20.2685203552,6.07812356949,0.57514321804,0
1538768548245247111,4.470880352,carbonZ_2018-10-05-14-37-22_3_left_aileron_failure,aileron,11.1399993896,-314.21585083,3.13480329514,111,-46.9478034973,1.72396457195,20.7861804962,20.3493652344,5.85976076126,0.554094731808,0
1538768548317177991,4.542811232,carbonZ_2018-10-05-14-37-22_3_left_aileron_failure,aileron,11.1399993896,-314.21585083,3.13480329514,111,-46.9478034973,1.72396457195,20.7861804962,20.6621284485,4.95017576218,0.440474778414,0
1538768548365796231,4.591429472,carbonZ_2018-10-05-14-37-22_3_left_aileron_failure,aileron,11.2199993134,-314.21585083,2.6030728817,112,-46.9478034973,1.72396457195,20.7861804962,20.7320098877,4.71753358841,0.421543240547,0
1538768548427991495,4.653624736,carbonZ_2018-10-05-14-37-22_3_left_aileron_failure,aileron,11.2199993134,-314.21585083,2.6030728817,112,-46.9478034973,1.72396457195,20.7861804962,20.9595489502,3.83051347733,0.301705032587,0
1538768548442668263,4.668301504,carbonZ_2018-10-05-14-37-22_3_left_aileron_failure,aileron,11.2899999619,-353.923797607,2.19782853127,113,-46.9478034973,1.72396457195,20.7861804962,21.0093212128,3.60595917702,0.261483281851,0
1538768548503092903,4.728726144,carbonZ_2018-10-05-14-37-22_3_left_aileron_failure,aileron,11.2899999619,-353.923797607,2.19782853127,113,-46.9478034973,1.72396457195,20.7861804962,21.0993785858,3.14686512947,0.165702998638,0
1538768548544098087,4.769731328,carbonZ_2018-10-05-14-37-22_3_left_aileron_failure,aileron,11.2899999619,-353.923797607,2.19782853127,113,-42.6097984314,2.6966252327,8.80005836487,21.1857681274,2.67716431618,0.0714813694358,0
1538768548572241063,4.797874304,carbonZ_2018-10-05-14-37-22_3_left_aileron_failure,aileron,11.3400001526,-353.923797607,1.89351379871,114,-42.6097984314,2.6966252327,8.80005836487,21.2406730652,2.22776532173,-0.0216650534421,0
1538768548656345255,4.881978496,carbonZ_2018-10-05-14-37-22_3_left_aileron_failure,aileron,11.3599996567,-378.508178711,1.70754265785,116,-42.6097984314,2.6966252327,8.80005836487,21.3185806274,1.35757255554,-0.220806241035,0
1538768548707272839,4.93290608,carbonZ_2018-10-05-14-37-22_3_left_aileron_failure,aileron,11.3599996567,-378.508178711,1.70754265785,116,-42.6097984314,2.6966252327,8.80005836487,21.3399410248,0.722215294838,-0.352471977472,0
1538768548750350151,4.975983392,carbonZ_2018-10-05-14-37-22_3_left_aileron_failure,aileron,11.3599996567,-378.508178711,1.61455762386,117,-42.6097984314,2.6966252327,8.80005836487,21.3383197784,0.347714304924,-0.406647950411,0
1538768548785863431,5.011496672,carbonZ_2018-10-05-14-37-22_3_left_aileron_failure,aileron,11.3599996567,-378.508178711,1.61455762386,117,-42.6097984314,2.6966252327,8.80005836487,21.3278236389,0.176376566291,-0.435170322657,0
1538768548851238311,5.076871552,carbonZ_2018-10-05-14-37-22_3_left_aileron_failure,aileron,11.3299999237,-401.137359619,1.63991725445,119,-42.6097984314,2.6966252327,8.80005836487,21.2744522095,-0.539666235447,-0.585851371288,0
1538768548907610727,5.133243968,carbonZ_2018-10-05-14-37-22_3_left_aileron_failure,aileron,11.3299999237,-401.137359619,1.63991725445,119,-42.6097984314,2.6966252327,8.80005836487,21.216878891,-1.01935052872,-0.720503091812,0
1538768548961124263,5.186757504,carbonZ_2018-10-05-14-37-22_3_left_aileron_failure,aileron,11.279999733,-401.137359619,1.74135375023,120,-30.7523975372,5.18451166153,-3.36451387405,21.1592674255,-1.32674968243,-0.802974641323,0
1538768548988215655,5.213848896,carbonZ_2018-10-05-14-37-22_3_left_aileron_failure,aileron,11.279999733,-401.137359619,1.74135375023,120,-30.7523975372,5.18451166153,-3.36451387405,21.1254138947,-1.47653079033,-0.865553200245,0
1538768549022087655,5.247720896,carbonZ_2018-10-05-14-37-22_3_left_aileron_failure,aileron,11.279999733,-401.137359619,1.74135375023,120,-30.7523975372,5.18451166153,-3.36451387405,21.0316524506,-1.89774906635,-1.02826154232,0
1538768549070999207,5.296632448,carbonZ_2018-10-05-14-37-22_3_left_aileron_failure,aileron,11.1899995804,-418.10723877,1.90196382999,122,-30.7523975372,5.18451166153,-3.36451387405,20.9495220184,-2.18053817749,-1.15038597584,0
1538768549133836327,5.359469568,carbonZ_2018-10-05-14-37-22_3_left_aileron_failure,aileron,11.1899995804,-418.10723877,1.90196382999,122,-30.7523975372,5.18451166153,-3.36451387405,20.7750244141,-2.6758415699,-1.37282729149,0
1538768549176711751,5.402344992,carbonZ_2018-10-05-14-37-22_3_left_aileron_failure,aileron,11.0799999237,-418.10723877,2.13019871712,124,-30.7523975372,5.18451166153,-3.36451387405,20.6845703125,-2.88303518295,-1.46475505829,0
1538768549250998759,5.476632,carbonZ_2018-10-05-14-37-22_3_left_aileron_failure,aileron,10.9200000763,-439.593505859,2.40070009232,126,-30.7523975372,5.18451166153,-3.36451387405,20.5407047272,-3.16178655624,-1.58718645573,0
1538768549264375591,5.490008832,carbonZ_2018-10-05-14-37-22_3_left_aileron_failure,aileron,10.9200000763,-439.593505859,2.40070009232,126,-30.7523975372,5.18451166153,-3.36451387405,20.4902114868,-3.25324201584,-1.61622393131,0
1538768549338184103,5.563817344,carbonZ_2018-10-05-14-37-22_3_left_aileron_failure,aileron,10.75,-439.593505859,2.71346735954,128,-30.7523975372,5.18451166153,-3.36451387405,20.3057117462,-3.52212548256,-1.72022235394,0
1538768549390622727,5.616255968,carbonZ_2018-10-05-14-37-22_3_left_aileron_failure,aileron,10.75,-439.593505859,2.71346735954,128,-30.7523975372,5.18451166153,-3.36451387405,20.2068138123,-3.64395618439,-1.8124653101,0
1538768549448682759,5.674316,carbonZ_2018-10-05-14-37-22_3_left_aileron_failure,aileron,10.5399999619,-425.670440674,3.04313755035,129,-13.6981229782,8.15944671631,-9.07053089142,20.0560188293,-3.80426573753,-1.96630036831,0
1538768549463811751,5.689444992,carbonZ_2018-10-05-14-37-22_3_left_aileron_failure,aileron,10.5399999619,-425.670440674,3.04313755035,129,-13.6981229782,8.15944671631,-9.07053089142,20.0071334839,-3.84858441353,-2.01044344902,0
1538768549534673319,5.76030656,carbonZ_2018-10-05-14-37-22_3_left_aileron_failure,aileron,10.5399999619,-425.670440674,3.04313755035,129,-13.6981229782,8.15944671631,-9.07053089142,19.8693733215,-3.95321035385,-2.10262966156,0
1538768549594749351,5.820382592,carbonZ_2018-10-05-14-37-22_3_left_aileron_failure,aileron,10.3199996948,-425.670440674,3.39817047119,131,-13.6981229782,8.15944671631,-9.07053089142,19.7450027466,-3.98836016655,-2.14797592163,0
1538768549676400423,5.902033664,carbonZ_2018-10-05-14-37-22_3_left_aileron_failure,aileron,10.0699996948,-403.475189209,3.73629617691,133,-13.6981229782,8.15944671631,-9.07053089142,19.5961933136,-3.99174499512,-2.1887011528,0
1538768549763538855,5.989172096,carbonZ_2018-10-05-14-37-22_3_left_aileron_failure,aileron,9.81999969482,-403.475189209,4.09132909775,135,-13.6981229782,8.15944671631,-9.07053089142,19.4562263489,-3.96827483177,-2.18058800697,0
1538768549782380999,6.00801424,carbonZ_2018-10-05-14-37-22_3_left_aileron_failure,aileron,9.81999969482,-403.475189209,4.09132909775,135,0.725924789906,8.43155288696,-9.85511493683,19.3965415955,-3.93017601967,-2.15059876442,0
1538768549823635527,6.049268768,carbonZ_2018-10-05-14-37-22_3_left_aileron_failure,aileron,9.81999969482,-403.475189209,4.09132909775,135,0.725924789906,8.43155288696,-9.85511493683,19.3420848846,-3.88950705528,-2.12056350708,0
1538768549858326887,6.083960128,carbonZ_2018-10-05-14-37-22_3_left_aileron_failure,aileron,9.56999969482,-383.990478516,4.41254901886,136,0.725924789906,8.43155288696,-9.85511493683,19.2606906891,-3.81551194191,-2.06491017342,0
1538768549941578599,6.16721184,carbonZ_2018-10-05-14-37-22_3_left_aileron_failure,aileron,9.31999969482,-383.990478516,4.73376512527,138,0.725924789906,8.43155288696,-9.85511493683,19.2104072571,-3.76714205742,-2.0125207901,0
1538768549964488615,6.190121856,carbonZ_2018-10-05-14-37-22_3_left_aileron_failure,aileron,9.31999969482,-383.990478516,4.73376512527,138,0.725924789906,8.43155288696,-9.85511493683,19.1659832001,-3.69596719742,-1.95603907108,0
1538768550023179079,6.24881232,carbonZ_2018-10-05-14-37-22_3_left_aileron_failure,aileron,9.31999969482,-383.990478516,4.73376512527,138,0.725924789906,8.43155288696,-9.85511493683,19.0830421448,-3.55339407921,-1.82873809338,0
1538768550072560615,6.298193856,carbonZ_2018-10-05-14-37-22_3_left_aileron_failure,aileron,9.09000015259,-350.854675293,5.0211725235,140,0.725924789906,8.43155288696,-9.85511493683,19.063375473,-3.51628017426,-1.79502427578,0
1538768550134109511,6.359742752,carbonZ_2018-10-05-14-37-22_3_left_aileron_failure,aileron,9.09000015259,-350.854675293,5.0211725235,140,0.725924789906,8.43155288696,-9.85511493683,19.0056686401,-3.41327261925,-1.68620848656,0
1538768550179648295,6.405281536,carbonZ_2018-10-05-14-37-22_3_left_aileron_failure,aileron,8.86999988556,-350.854675293,5.30012655258,142,11.5625429153,7.18252372742,-11.4071884155,18.9692554474,-3.33668780327,-1.62092864513,0
1538768550219822311,6.445455552,carbonZ_2018-10-05-14-37-22_3_left_aileron_failure,aileron,8.86999988556,-350.854675293,5.30012655258,142,11.5625429153,7.18252372742,-11.4071884155,18.9214878082,-3.19837856293,-1.51739239693,0
1538768550300301991,6.525935232,carbonZ_2018-10-05-14-37-22_3_left_aileron_failure,aileron,8.67000007629,-325.980957031,5.54526281357,143,11.5625429153,7.18252372742,-11.4071884155,18.8783512115,-3.05197095871,-1.41935825348,0
1538768550363963367,6.589596608,carbonZ_2018-10-05-14-37-22_3_left_aileron_failure,aileron,8.5,-325.980957031,5.78195095062,145,11.5625429153,7.18252372742,-11.4071884155,18.8390884399,-2.90149569511,-1.35839819908,0
1538768550383132615,6.608765856,carbonZ_2018-10-05-14-37-22_3_left_aileron_failure,aileron,8.5,-325.980957031,5.78195095062,145,11.5625429153,7.18252372742,-11.4071884155,18.8246688843,-2.84399795532,-1.34113037586,0
1538768550426629543,6.652262784,carbonZ_2018-10-05-14-37-22_3_left_aileron_failure,aileron,8.5,-325.980957031,5.78195095062,145,11.5625429153,7.18252372742,-11.4071884155,18.7885570526,-2.6833562851,-1.29174101353,0
1538768550498578919,6.72421216,carbonZ_2018-10-05-14-37-22_3_left_aileron_failure,aileron,8.32999992371,-301.141357422,5.97637081146,147,11.5625429153,7.18252372742,-11.4071884155,18.7510929108,-2.52729344368,-1.23580110073,0
1538768550548973319,6.77460656,carbonZ_2018-10-05-14-37-22_3_left_aileron_failure,aileron,8.32999992371,-301.141357422,5.97637081146,147,11.5625429153,7.18252372742,-11.4071884155,18.7241306305,-2.44668030739,-1.18385386467,0
1538768550572831207,6.798464448,carbonZ_2018-10-05-14-37-22_3_left_aileron_failure,aileron,8.1799993515,-301.141357422,6.16233968735,148,16.5210857391,5.3972234726,-11.8061008453,18.7039871216,-2.35622739792,-1.13483440876,0
1538768550636100455,6.861733696,carbonZ_2018-10-05-14-37-22_3_left_aileron_failure,aileron,8.1799993515,-301.141357422,6.16233968735,148,16.5210857391,5.3972234726,-11.8061008453,18.6708488464,-2.23164844513,-1.06295704842,0
1538768550655246631,6.880879872,carbonZ_2018-10-05-14-37-22_3_left_aileron_failure,aileron,8.03999996185,-283.158294678,6.31449604034,150,16.5210857391,5.3972234726,-11.8061008453,18.6708488464,-2.23164844513,-1.06295704842,0
1538768550741122279,6.96675552,carbonZ_2018-10-05-14-37-22_3_left_aileron_failure,aileron,7.90999984741,-283.158294678,6.46664857864,152,16.5210857391,5.3972234726,-11.8061008453,18.6207714081,-2.04667854309,-0.89278113842,0
1538768550793277319,7.01891056,carbonZ_2018-10-05-14-37-22_3_left_aileron_failure,aileron,7.90999984741,-283.158294678,6.46664857864,152,16.5210857391,5.3972234726,-11.8061008453,18.6026153564,-1.956859231,-0.833477795124,0
1538768550835915271,7.061548512,carbonZ_2018-10-05-14-37-22_3_left_aileron_failure,aileron,7.7999997139,-259.186553955,6.58499193192,153,16.5210857391,5.3972234726,-11.8061008453,18.5815944672,-1.83585143089,-0.705924272537,0
1538768550875476647,7.101109888,carbonZ_2018-10-05-14-37-22_3_left_aileron_failure,aileron,7.7999997139,-259.186553955,6.58499193192,153,16.5210857391,5.3972234726,-11.8061008453,18.5682239532,-1.76072454453,-0.601833820343,0
1538768550942891751,7.168524992,carbonZ_2018-10-05-14-37-22_3_left_aileron_failure,aileron,7.71999979019,-259.186553955,6.70870542526,155,16.5210857391,5.3972234726,-11.8061008453,18.5580596924,-1.64155054092,-0.411866009235,0
1538768550970941063,7.196574304,carbonZ_2018-10-05-14-37-22_3_left_aileron_failure,aileron,7.71999979019,-259.186553955,6.70870542526,155,16.5210857391,5.3972234726,-11.8061008453,18.5564727783,-1.55057728291,-0.255688786507,0
1538768551027588423,7.253221664,carbonZ_2018-10-05-14-37-22_3_left_aileron_failure,aileron,7.71999979019,-259.186553955,6.70870542526,155,17.7477321625,0.90748488903,-7.83254766464,18.5605335236,-1.39596176147,-0.0480078160763,0
1538768551105303687,7.330936928,carbonZ_2018-10-05-14-37-22_3_left_aileron_failure,aileron,7.67999982834,-244.946670532,6.80131435394,157,17.7477321625,0.90748488903,-7.83254766464,18.5723228455,-1.1882673502,0.157366767526,0
1538768551150955495,7.376588736,carbonZ_2018-10-05-14-37-22_3_left_aileron_failure,aileron,7.65999984741,-244.946670532,6.93729782104,158,17.7477321625,0.90748488903,-7.83254766464,18.5824432373,-1.07811570168,0.242713183165,0
1538768551179447687,7.405080928,carbonZ_2018-10-05-14-37-22_3_left_aileron_failure,aileron,7.65999984741,-244.946670532,6.93729782104,158,17.7477321625,0.90748488903,-7.83254766464,18.5867462158,-1.02426958084,0.272597134113,0
1538768551240268391,7.465901632,carbonZ_2018-10-05-14-37-22_3_left_aileron_failure,aileron,7.67999982834,-238.638885498,6.97496652603,160,17.7477321625,0.90748488903,-7.83254766464,18.6075820923,-0.78848439455,0.371075034142,0
1538768551266129863,7.491763104,carbonZ_2018-10-05-14-37-22_3_left_aileron_failure,aileron,7.67999982834,-238.638885498,6.97496652603,160,17.7477321625,0.90748488903,-7.83254766464,18.6075820923,-0.78848439455,0.371075034142,0
1538768551340963399,7.56659664,carbonZ_2018-10-05-14-37-22_3_left_aileron_failure,aileron,7.71000003815,-238.638885498,7.0042090416,161,17.7477321625,0.90748488903,-7.83254766464,18.6211776733,-0.584185361862,0.482804834843,0
1538768551386529351,7.612162592,carbonZ_2018-10-05-14-37-22_3_left_aileron_failure,aileron,7.71000003815,-238.638885498,7.0042090416,161,17.7477321625,0.90748488903,-7.83254766464,18.6355724335,-0.445730268955,0.624982774258,0
1538768551432099879,7.65773312,carbonZ_2018-10-05-14-37-22_3_left_aileron_failure,aileron,7.71000003815,-238.638885498,7.0042090416,161,18.839012146,-0.655590772629,-6.21794843674,18.6443462372,-0.360949754715,0.717118144035,0
1538768551471558631,7.697191872,carbonZ_2018-10-05-14-37-22_3_left_aileron_failure,aileron,7.75999975204,-229.146575928,7.29407453537,163,18.839012146,-0.655590772629,-6.21794843674,18.65001297,-0.266908407211,0.796272754669,0
1538768551526702343,7.752335584,carbonZ_2018-10-05-14-37-22_3_left_aileron_failure,aileron,7.75999975204,-229.146575928,7.29407453537,163,18.839012146,-0.655590772629,-6.21794843674,18.6604194641,-0.133540645242,0.890279173851,0
1538768551573546407,7.799179648,carbonZ_2018-10-05-14-37-22_3_left_aileron_failure,aileron,7.82999992371,-228.14654541,7.24876022339,165,18.839012146,-0.655590772629,-6.21794843674,18.6698932648,-0.0435544028878,0.955795884132,0
1538768551630636647,7.856269888,carbonZ_2018-10-05-14-37-22_3_left_aileron_failure,aileron,7.90999984741,-230.342483521,7.18620491028,166,18.839012146,-0.655590772629,-6.21794843674,18.6859703064,0.103406101465,1.0190025568,0
1538768551642660999,7.86829424,carbonZ_2018-10-05-14-37-22_3_left_aileron_failure,aileron,7.90999984741,-230.342483521,7.18620491028,166,18.839012146,-0.655590772629,-6.21794843674,18.6859703064,0.103406101465,1.0190025568,0
1538768551727972391,7.953605632,carbonZ_2018-10-05-14-37-22_3_left_aileron_failure,aileron,8.01000022888,-230.342483521,7.50308656693,168,18.839012146,-0.655590772629,-6.21794843674,18.7095985413,0.31318500638,1.13645339012,0
1538768551765497863,7.991131104,carbonZ_2018-10-05-14-37-22_3_left_aileron_failure,aileron,8.01000022888,-230.342483521,7.50308656693,168,18.839012146,-0.655590772629,-6.21794843674,18.7144889832,0.354926645756,1.16405963898,0
1538768551842470599,8.06810384,carbonZ_2018-10-05-14-37-22_3_left_aileron_failure,aileron,8.01000022888,-230.342483521,7.50308656693,168,18.839012146,-0.655590772629,-6.21794843674,18.7308998108,0.494427889585,1.28488457203,0
1538768551867328743,8.092961984,carbonZ_2018-10-05-14-37-22_3_left_aileron_failure,aileron,8.11999988556,-218.989181519,7.36374139786,170,15.0699243546,-1.64750790596,-4.71939468384,18.7308998108,0.494427889585,1.28488457203,0
1538768551934446951,8.160080192,carbonZ_2018-10-05-14-37-22_3_left_aileron_failure,aileron,8.11999988556,-218.989181519,7.36374139786,170,15.0699243546,-1.64750790596,-4.71939468384,18.7520198822,0.642945230007,1.37952685356,0
1538768551953245319,8.17887856,carbonZ_2018-10-05-14-37-22_3_left_aileron_failure,aileron,8.23999977112,-218.989181519,8.71216678619,171,15.0699243546,-1.64750790596,-4.71939468384,18.7568626404,0.671654939651,1.38735365868,0
1538768552028419655,8.254052896,carbonZ_2018-10-05-14-37-22_3_left_aileron_failure,aileron,8.23999977112,-218.989181519,8.71216678619,171,15.0699243546,-1.64750790596,-4.71939468384,18.7784919739,0.781199038029,1.4245673418,0
1538768552048412519,8.27404576,carbonZ_2018-10-05-14-37-22_3_left_aileron_failure,aileron,8.36999988556,-222.008895874,8.42363834381,173,15.0699243546,-1.64750790596,-4.71939468384,18.7784919739,0.781199038029,1.4245673418,0
1538768552096812423,8.322445664,carbonZ_2018-10-05-14-37-22_3_left_aileron_failure,aileron,8.36999988556,-222.008895874,8.42363834381,173,15.0699243546,-1.64750790596,-4.71939468384,18.7975006104,0.887182056904,1.46441757679,0
1538768552139664775,8.365298016,carbonZ_2018-10-05-14-37-22_3_left_aileron_failure,aileron,8.36999988556,-222.008895874,8.42363834381,173,15.0699243546,-1.64750790596,-4.71939468384,18.8011951447,0.912341356277,1.47268354893,0
1538768552200553575,8.426186816,carbonZ_2018-10-05-14-37-22_3_left_aileron_failure,aileron,8.5,-222.008895874,9.27463722229,174,15.0699243546,-1.64750790596,-4.71939468384,18.8185806274,0.985042631626,1.49309623241,0
1538768552239388423,8.465021664,carbonZ_2018-10-05-14-37-22_3_left_aileron_failure,aileron,8.63999938965,-228.685943604,8.88394260406,176,9.09715843201,-2.33702993393,-2.26670360565,18.8299427032,1.03060507774,1.48333489895,0
1538768552266121735,8.491754976,carbonZ_2018-10-05-14-37-22_3_left_aileron_failure,aileron,8.63999938965,-228.685943604,8.88394260406,176,9.09715843201,-2.33702993393,-2.26670360565,18.8412094116,1.06675493717,1.4824744463,0
1538768552361414215,8.587047456,carbonZ_2018-10-05-14-37-22_3_left_aileron_failure,aileron,8.77999973297,-228.685943604,8.48653697968,178,9.09715843201,-2.33702993393,-2.26670360565,18.8589992523,1.12819314003,1.48440468311,0
1538768552376722919,8.60235616,carbonZ_2018-10-05-14-37-22_3_left_aileron_failure,aileron,8.77999973297,-228.685943604,8.48653697968,178,9.09715843201,-2.33702993393,-2.26670360565,18.863910675,1.14293551445,1.4804135561,0
1538768552424820711,8.650453952,carbonZ_2018-10-05-14-37-22_3_left_aileron_failure,aileron,8.77999973297,-228.685943604,8.48653697968,178,9.09715843201,-2.33702993393,-2.26670360565,18.8779506683,1.1795219183,1.46129894257,0
1538768552471428295,8.697061536,carbonZ_2018-10-05-14-37-22_3_left_aileron_failure,aileron,8.90999984741,-228.301055908,10.7843751907,179,9.09715843201,-2.33702993393,-2.26670360565,18.8877773285,1.19669175148,1.43329429626,0
1538768552504657799,8.73029104,carbonZ_2018-10-05-14-37-22_3_left_aileron_failure,aileron,8.90999984741,-228.301055908,10.7843751907,179,9.09715843201,-2.33702993393,-2.26670360565,18.8973884583,1.21187257767,1.3996835947,0
1538768552574594151,8.800227392,carbonZ_2018-10-05-14-37-22_3_left_aileron_failure,aileron,9.05000019073,-227.301025391,10.145699501,181,9.09715843201,-2.33702993393,-2.26670360565,18.9119777679,1.21408593655,1.33998644352,0
1538768552591228615,8.816861856,carbonZ_2018-10-05-14-37-22_3_left_aileron_failure,aileron,9.05000019073,-227.301025391,10.145699501,181,9.09715843201,-2.33702993393,-2.26670360565,18.9151611328,1.21369826794,1.31808125973,0
1538768552661334471,8.886967712,carbonZ_2018-10-05-14-37-22_3_left_aileron_failure,aileron,9.17000007629,-227.337646484,10.2366695404,183,1.76129150391,-1.32750368118,-1.26223433018,18.9249725342,1.1865478754,1.25548183918,0
1538768552688232679,8.91386592,carbonZ_2018-10-05-14-37-22_3_left_aileron_failure,aileron,9.17000007629,-227.337646484,10.2366695404,183,1.76129150391,-1.32750368118,-1.26223433018,18.9314975739,1.16085267067,1.21459662914,0
1538768552733677351,8.959310592,carbonZ_2018-10-05-14-37-22_3_left_aileron_failure,aileron,9.17000007629,-227.337646484,10.2366695404,183,1.76129150391,-1.32750368118,-1.26223433018,18.9352855682,1.13314723969,1.17066693306,0
1538768552797097063,9.022730304,carbonZ_2018-10-05-14-37-22_3_left_aileron_failure,aileron,9.27999973297,-227.337646484,9.55142784119,184,1.76129150391,-1.32750368118,-1.26223433018,18.9394283295,1.06981182098,1.119140625,0
1538768552846464391,9.072097632,carbonZ_2018-10-05-14-37-22_3_left_aileron_failure,aileron,9.38000011444,-232.110778809,11.7711582184,186,1.76129150391,-1.32750368118,-1.26223433018,18.94165802,0.971161186695,1.0470354557,0
1538768552897980999,9.12361424,carbonZ_2018-10-05-14-37-22_3_left_aileron_failure,aileron,9.38000011444,-232.110778809,11.7711582184,186,1.76129150391,-1.32750368118,-1.26223433018,18.94165802,0.971161186695,1.0470354557,0
1538768552940800455,9.166433696,carbonZ_2018-10-05-14-37-22_3_left_aileron_failure,aileron,9.38000011444,-232.110778809,11.7711582184,186,1.76129150391,-1.32750368118,-1.26223433018,18.9368782043,0.870481729507,0.990811228752,0
1538768552967286855,9.192920096,carbonZ_2018-10-05-14-37-22_3_left_aileron_failure,aileron,9.46999931335,-232.110778809,10.8645162582,188,1.76129150391,-1.32750368118,-1.26223433018,18.9326000214,0.790568172932,0.940891027451,0
1538768553024738823,9.250372064,carbonZ_2018-10-05-14-37-22_3_left_aileron_failure,aileron,9.46999931335,-232.110778809,10.8645162582,188,-9.23113059998,0.0825668498874,-2.89901328087,18.921289444,0.646981179714,0.884067118168,0
1538768553079546599,9.30517984,carbonZ_2018-10-05-14-37-22_3_left_aileron_failure,aileron,9.55999946594,-239.480209351,9.98829936981,189,-9.23113059998,0.0825668498874,-2.89901328087,18.9112071991,0.543838799,0.847375869751,0
1538768553161187143,9.386820384,carbonZ_2018-10-05-14-37-22_3_left_aileron_failure,aileron,9.63000011444,-239.480209351,11.22108078,191,-9.23113059998,0.0825668498874,-2.89901328087,18.8846988678,0.323639005423,0.790773749352,0
1538768553179101639,9.40473488,carbonZ_2018-10-05-14-37-22_3_left_aileron_failure,aileron,9.63000011444,-239.480209351,11.22108078,191,-9.23113059998,0.0825668498874,-2.89901328087,18.8775959015,0.257637888193,0.777822077274,0
1538768553239483751,9.465116992,carbonZ_2018-10-05-14-37-22_3_left_aileron_failure,aileron,9.63000011444,-239.480209351,11.22108078,191,-9.23113059998,0.0825668498874,-2.89901328087,18.854511261,0.0591906458139,0.736783087254,0
1538768553276301479,9.50193472,carbonZ_2018-10-05-14-37-22_3_left_aileron_failure,aileron,9.69999980927,-233.430480957,10.2456493378,193,-15.9078073502,0.836137115955,-5.31741714478,18.8333625793,-0.0989915132523,0.701932787895,0
1538768553329043015,9.554676256,carbonZ_2018-10-05-14-37-22_3_left_aileron_failure,aileron,9.69999980927,-233.430480957,10.2456493378,193,-15.9078073502,0.836137115955,-5.31741714478,18.8006896973,-0.330484181643,0.65972417593,0
1538768553379382823,9.605016064,carbonZ_2018-10-05-14-37-22_3_left_aileron_failure,aileron,9.76000022888,-233.430480957,10.6624011993,194,-15.9078073502,0.836137115955,-5.31741714478,18.7584381104,-0.587403416634,0.625846862793,0
1538768553430227495,9.655860736,carbonZ_2018-10-05-14-37-22_3_left_aileron_failure,aileron,9.76000022888,-233.430480957,10.6624011993,194,-15.9078073502,0.836137115955,-5.31741714478,18.7279853821,-0.777437388897,0.618728399277,0
1538768553471328679,9.69696192,carbonZ_2018-10-05-14-37-22_3_left_aileron_failure,aileron,9.81999969482,-229.878616333,9.64520549774,196,-15.9078073502,0.836137115955,-5.31741714478,18.6961917877,-0.962679803371,0.618098139763,0
1538768553556492839,9.78212608,carbonZ_2018-10-05-14-37-22_3_left_aileron_failure,aileron,9.81999969482,-229.878616333,9.64520549774,196,-15.9078073502,0.836137115955,-5.31741714478,18.6437892914,-1.25520658493,0.621395528316,0
1538768553596167975,9.821801216,carbonZ_2018-10-05-14-37-22_3_left_aileron_failure,aileron,9.88000011444,-229.878616333,11.5001363754,198,-24.5505714417,1.2924631834,-9.34366703033,18.5916748047,-1.57601344585,0.621123969555,0
1538768553632501479,9.85813472,carbonZ_2018-10-05-14-37-22_3_left_aileron_failure,aileron,9.88000011444,-229.878616333,11.5001363754,198,-24.5505714417,1.2924631834,-9.34366703033,18.5508556366,-1.81323051453,0.619956672192,0
1538768553683245863,9.908879104,carbonZ_2018-10-05-14-37-22_3_left_aileron_failure,aileron,9.93999958038,-246.086700439,10.3619098663,200,-24.5505714417,1.2924631834,-9.34366703033,18.5109558105,-2.02812242508,0.632520914078,0
1538768553728291271,9.953924512,carbonZ_2018-10-05-14-37-22_3_left_aileron_failure,aileron,9.93999958038,-246.086700439,10.3619098663,200,-24.5505714417,1.2924631834,-9.34366703033,18.4419288635,-2.37743449211,0.66562718153,0
1538768553777677127,10.003310368,carbonZ_2018-10-05-14-37-22_3_left_aileron_failure,aileron,10.0,-246.086700439,9.25570678711,202,-24.5505714417,1.2924631834,-9.34366703033,18.39585495,-2.61094307899,0.696559667587,0
1538768553821846343,10.047479584,carbonZ_2018-10-05-14-37-22_3_left_aileron_failure,aileron,10.0,-246.086700439,9.25570678711,202,-24.5505714417,1.2924631834,-9.34366703033,18.3231010437,-2.97574925423,0.741223573685,0
1538768553891081959,10.1167152,carbonZ_2018-10-05-14-37-22_3_left_aileron_failure,aileron,10.0699996948,-241.789825439,11.1275777817,203,-24.5505714417,1.2924631834,-9.34366703033,18.2389507294,-3.35036540031,0.783250331879,0
1538768553923253863,10.148887104,carbonZ_2018-10-05-14-37-22_3_left_aileron_failure,aileron,10.0699996948,-241.789825439,11.1275777817,203,-24.5505714417,1.2924631834,-9.34366703033,18.1825714111,-3.58845973015,0.815688669682,0
1538768553996318311,10.221951552,carbonZ_2018-10-05-14-37-22_3_left_aileron_failure,aileron,10.1499996185,-242.789840698,9.9224319458,205,-24.5505714417,1.2924631834,-9.34366703033,18.0938129425,-3.98219156265,0.861703336239,0
1538768554040471303,10.266104544,carbonZ_2018-10-05-14-37-22_3_left_aileron_failure,aileron,10.1499996185,-242.789840698,9.9224319458,205,-24.5505714417,1.2924631834,-9.34366703033,18.0297050476,-4.25301980972,0.880701303482,0
1538768554082340999,10.30797424,carbonZ_2018-10-05-14-37-22_3_left_aileron_failure,aileron,10.2399997711,-255.854614258,10.282752037,207,-33.0583839417,0.893683612347,-17.2883930206,17.9612426758,-4.52219247818,0.871834158897,0
1538768554183573351,10.409206592,carbonZ_2018-10-05-14-37-22_3_left_aileron_failure,aileron,10.3299999237,-254.85458374,9.10114765167,209,-33.0583839417,0.893683612347,-17.2883930206,17.7263851166,-5.37986755371,0.812679767609,0
1538768554242537863,10.468171104,carbonZ_2018-10-05-14-37-22_3_left_aileron_failure,aileron,10.3299999237,-254.85458374,9.10114765167,209,-33.0583839417,0.893683612347,-17.2883930206,17.6318759918,-5.68081045151,0.75685441494,0
1538768554298174119,10.52380736,carbonZ_2018-10-05-14-37-22_3_left_aileron_failure,aileron,10.4200000763,-276.700408936,7.94805049896,211,-33.0583839417,0.893683612347,-17.2883930206,17.4731807709,-6.15190601349,0.640975475311,0
1538768554326291271,10.551924512,carbonZ_2018-10-05-14-37-22_3_left_aileron_failure,aileron,10.4200000763,-276.700408936,7.94805049896,211,-33.0583839417,0.893683612347,-17.2883930206,17.3644046783,-6.45264101028,0.561453580856,0
1538768554370424359,10.5960576,carbonZ_2018-10-05-14-37-22_3_left_aileron_failure,aileron,10.4899997711,-276.700408936,9.81723022461,213,-33.7427482605,0.697549581528,-24.901473999,17.2385597229,-6.78473329544,0.49965852499,0
1538768554423197415,10.648830656,carbonZ_2018-10-05-14-37-22_3_left_aileron_failure,aileron,10.5500001907,-301.349243164,8.59702682495,215,-33.7427482605,0.697549581528,-24.901473999,17.0500869751,-7.24578046799,0.423696905375,0
1538768554476885031,10.702518272,carbonZ_2018-10-05-14-37-22_3_left_aileron_failure,aileron,10.5500001907,-301.349243164,8.59702682495,215,-33.7427482605,0.697549581528,-24.901473999,16.9105491638,-7.55917215347,0.386895388365,0
1538768554509430503,10.735063744,carbonZ_2018-10-05-14-37-22_3_left_aileron_failure,aileron,10.5500001907,-301.349243164,8.59702682495,215,-33.7427482605,0.697549581528,-24.901473999,16.6948108673,-8.00797462463,0.351374655962,0
1538768554565523527,10.791156768,carbonZ_2018-10-05-14-37-22_3_left_aileron_failure,aileron,10.5900001526,-301.349243164,8.97322273254,216,-33.7427482605,0.697549581528,-24.901473999,16.6193332672,-8.16498279572,0.345538049936,0
1538768554633986151,10.859619392,carbonZ_2018-10-05-14-37-22_3_left_aileron_failure,aileron,10.6199998856,-328.871520996,7.78517436981,218,-33.7427482605,0.697549581528,-24.901473999,16.1998748779,-8.95771598816,0.350205242634,0
1538768554695375431,10.921008672,carbonZ_2018-10-05-14-37-22_3_left_aileron_failure,aileron,10.6199998856,-328.871520996,7.78517436981,218,-39.7016944885,-0.138728931546,-33.7866973877,15.8426437378,-9.56043624878,0.407096207142,0
1538768554730887847,10.956521088,carbonZ_2018-10-05-14-37-22_3_left_aileron_failure,aileron,10.6199998856,-328.871520996,7.78517436981,218,-39.7016944885,-0.138728931546,-33.7866973877,15.8426437378,-9.56043624878,0.407096207142,0
1538768554757737959,10.9833712,carbonZ_2018-10-05-14-37-22_3_left_aileron_failure,aileron,10.6700000763,-328.871520996,6.63955497742,220,-39.7016944885,-0.138728931546,-33.7866973877,15.7488260269,-9.71405696869,0.437674283981,0
1538768554824591207,11.050224448,carbonZ_2018-10-05-14-37-22_3_left_aileron_failure,aileron,10.6700000763,-328.871520996,6.63955497742,220,-39.7016944885,-0.138728931546,-33.7866973877,15.3643121719,-10.3178091049,0.513915359974,0
1538768554864860455,11.090493696,carbonZ_2018-10-05-14-37-22_3_left_aileron_failure,aileron,10.7399997711,-321.789733887,8.61805534363,222,-39.7016944885,-0.138728931546,-33.7866973877,15.3643121719,-10.3178091049,0.513915359974,0
1538768554962425639,11.18805888,carbonZ_2018-10-05-14-37-22_3_left_aileron_failure,aileron,10.8199996948,-321.789733887,7.4103975296,224,-39.7016944885,-0.138728931546,-33.7866973877,14.7181224823,-11.237531662,0.589595854282,0
1538768555006634471,11.232267712,carbonZ_2018-10-05-14-37-22_3_left_aileron_failure,aileron,10.8199996948,-321.789733887,7.4103975296,224,-43.0795593262,-0.381812155247,-42.8714370728,14.4831447601,-11.5617380142,0.603845596313,0
1538768555020084103,11.245717344,carbonZ_2018-10-05-14-37-22_3_left_aileron_failure,aileron,10.8199996948,-321.789733887,7.4103975296,224,-43.0795593262,-0.381812155247,-42.8714370728,14.2281322479,-11.8756256104,0.611194193363,0
1538768555066616455,11.292249696,carbonZ_2018-10-05-14-37-22_3_left_aileron_failure,aileron,10.9099998474,-352.478210449,6.29321813583,226,-43.0795593262,-0.381812155247,-42.8714370728,13.958937645,-12.2031555176,0.598427593708,0
1538768555157716999,11.38335024,carbonZ_2018-10-05-14-37-22_3_left_aileron_failure,aileron,11.0,-352.478210449,7.50272941589,228,-43.0795593262,-0.381812155247,-42.8714370728,13.4273843765,-12.8191680908,0.588628709316,0
1538768555172801639,11.39843488,carbonZ_2018-10-05-14-37-22_3_left_aileron_failure,aileron,11.0,-352.478210449,7.50272941589,228,-43.0795593262,-0.381812155247,-42.8714370728,13.298661232,-12.9663419724,0.586466431618,0
1538768555291427303,11.517060544,carbonZ_2018-10-05-14-37-22_3_left_aileron_failure,aileron,11.0999994278,-367.695983887,8.02546405792,229,-43.0795593262,-0.381812155247,-42.8714370728,12.4807434082,-13.8164510727,0.570557117462,0
1538768555337619591,11.563252832,carbonZ_2018-10-05-14-37-22_3_left_aileron_failure,aileron,11.0999994278,-367.695983887,8.02546405792,229,-43.0795593262,-0.381812155247,-42.8714370728,12.2007369995,-14.0836935043,0.558356225491,0
1538768555368120199,11.59375344,carbonZ_2018-10-05-14-37-22_3_left_aileron_failure,aileron,11.1999998093,-368.696014404,6.86354255676,231,-43.277507782,-0.115210458636,-53.7729263306,11.8930444717,-14.369846344,0.544638514519,0
1538768555422231015,11.647864256,carbonZ_2018-10-05-14-37-22_3_left_aileron_failure,aileron,11.1999998093,-368.696014404,6.86354255676,231,-43.277507782,-0.115210458636,-53.7729263306,11.4222555161,-14.7777194977,0.513874948025,0
1538768555468587911,11.694221152,carbonZ_2018-10-05-14-37-22_3_left_aileron_failure,aileron,11.2899999619,-378.804199219,5.79537200928,233,-43.277507782,-0.115210458636,-53.7729263306,11.0818090439,-15.0451917648,0.476281911135,0
1538768555525431847,11.751065088,carbonZ_2018-10-05-14-37-22_3_left_aileron_failure,aileron,11.2899999619,-378.804199219,5.79537200928,233,-43.277507782,-0.115210458636,-53.7729263306,10.5766201019,-15.4155035019,0.469871938229,0
1538768555583146119,11.80877936,carbonZ_2018-10-05-14-37-22_3_left_aileron_failure,aileron,11.3899993896,-378.804199219,7.97742700577,234,-43.277507782,-0.115210458636,-53.7729263306,10.2276268005,-15.6580915451,0.454249948263,0
1538768555625932999,11.85156624,carbonZ_2018-10-05-14-37-22_3_left_aileron_failure,aileron,11.3899993896,-378.804199219,7.97742700577,234,-43.277507782,-0.115210458636,-53.7729263306,9.86536216736,-15.8962278366,0.420798569918,0
1538768555651628263,11.877261504,carbonZ_2018-10-05-14-37-22_3_left_aileron_failure,aileron,11.4699993134,-396.93069458,6.8639998436,236,-43.277507782,-0.115210458636,-53.7729263306,9.48811340332,-16.1282310486,0.390579491854,0
1538768555757142951,11.982776192,carbonZ_2018-10-05-14-37-22_3_left_aileron_failure,aileron,11.5500001907,-396.93069458,5.8107252121,238,-43.277507782,-0.115210458636,-53.7729263306,8.52446460724,-16.6709289551,0.352980613708,0
1538768555827454919,12.05308816,carbonZ_2018-10-05-14-37-22_3_left_aileron_failure,aileron,11.5500001907,-396.93069458,5.8107252121,238,-44.3538284302,-0.162489235401,-68.799331665,7.71777963638,-17.0800685883,0.33131942153,0
1538768555858941671,12.084574912,carbonZ_2018-10-05-14-37-22_3_left_aileron_failure,aileron,11.6300001144,-414.711761475,5.62108659744,239,-44.3538284302,-0.162489235401,-68.799331665,7.50596570969,-17.1687412262,0.316081523895,0
1538768555949938087,12.175571328,carbonZ_2018-10-05-14-37-22_3_left_aileron_failure,aileron,11.6300001144,-414.711761475,5.62108659744,239,-44.3538284302,-0.162489235401,-68.799331665,6.60827159882,-17.5392379761,0.208783760667,0
1538768555978924967,12.204558208,carbonZ_2018-10-05-14-37-22_3_left_aileron_failure,aileron,11.6999998093,-414.711761475,4.71186876297,240,-44.3538284302,-0.162489235401,-68.799331665,6.13236188889,-17.7184047699,0.14022347331,0
1538768555992776071,12.218409312,carbonZ_2018-10-05-14-37-22_3_left_aileron_failure,aileron,11.6999998093,-414.711761475,4.71186876297,240,-44.3538284302,-0.162489235401,-68.799331665,5.67845249176,-17.8806324005,0.106592968106,0
1538768556020127367,12.245760608,carbonZ_2018-10-05-14-37-22_3_left_aileron_failure,aileron,11.6999998093,-414.711761475,4.71186876297,240,-44.3538284302,-0.162489235401,-68.799331665,5.45781040192,-17.9474849701,0.102888375521,0
1538768556069740647,12.295373888,carbonZ_2018-10-05-14-37-22_3_left_aileron_failure,aileron,11.7599992752,-429.046447754,6.94754886627,242,-45.9153900146,0.983869671822,-77.7969284058,5.05429887772,-18.0704746246,0.119947172701,0
1538768556121511207,12.347144448,carbonZ_2018-10-05-14-37-22_3_left_aileron_failure,aileron,11.7599992752,-429.046447754,6.94754886627,242,-45.9153900146,0.983869671822,-77.7969284058,4.16973829269,-18.3132095337,0.0939829573035,0
1538768556180926567,12.406559808,carbonZ_2018-10-05-14-37-22_3_left_aileron_failure,aileron,11.8199996948,-429.046447754,6.01562786102,243,-45.9153900146,0.983869671822,-77.7969284058,3.92905926704,-18.3620204926,0.0800272449851,0
1538768556244218535,12.469851776,carbonZ_2018-10-05-14-37-22_3_left_aileron_failure,aileron,11.8599996567,-439.39151001,6.71062278748,244,-45.9153900146,0.983869671822,-77.7969284058,2.98234629631,-18.5590286255,-0.027917092666,0
1538768556259725959,12.4853592,carbonZ_2018-10-05-14-37-22_3_left_aileron_failure,aileron,11.8599996567,-439.39151001,6.71062278748,244,-45.9153900146,0.983869671822,-77.7969284058,2.98234629631,-18.5590286255,-0.027917092666,0
1538768556349071655,12.574704896,carbonZ_2018-10-05-14-37-22_3_left_aileron_failure,aileron,11.8999996185,-439.39151001,5.88689994812,245,-45.9153900146,0.983869671822,-77.7969284058,2.11068606377,-18.6879463196,-0.0874756723642,0
1538768556379791239,12.60542448,carbonZ_2018-10-05-14-37-22_3_left_aileron_failure,aileron,11.8999996185,-439.39151001,5.88689994812,245,-45.9153900146,0.983869671822,-77.7969284058,1.66319525242,-18.7373142242,-0.122532121837,0
1538768556419766375,12.645399616,carbonZ_2018-10-05-14-37-22_3_left_aileron_failure,aileron,11.8999996185,-439.39151001,5.88689994812,245,-45.9153900146,0.983869671822,-77.7969284058,1.22410881519,-18.772819519,-0.159798279405,0
1538768556455965959,12.6815992,carbonZ_2018-10-05-14-37-22_3_left_aileron_failure,aileron,11.9299993515,-451.836212158,5.14975643158,246,-44.0209274292,3.01174426079,-89.8309402466,0.80190038681,-18.7942676544,-0.188904643059,0
1538768556501639047,12.727272288,carbonZ_2018-10-05-14-37-22_3_left_aileron_failure,aileron,11.9299993515,-451.836212158,5.14975643158,246,-44.0209274292,3.01174426079,-89.8309402466,0.16714605689,-18.8045749664,-0.246175885201,0
1538768556556378055,12.782011296,carbonZ_2018-10-05-14-37-22_3_left_aileron_failure,aileron,11.9499998093,-451.836212158,6.91175365448,247,-44.0209274292,3.01174426079,-89.8309402466,-0.280314534903,-18.7903709412,-0.317179709673,0
1538768556605476327,12.831109568,carbonZ_2018-10-05-14-37-22_3_left_aileron_failure,aileron,11.9499998093,-451.836212158,6.91175365448,247,-44.0209274292,3.01174426079,-89.8309402466,-0.953857958317,-18.7539615631,-0.451117008924,0
1538768556671532135,12.897165376,carbonZ_2018-10-05-14-37-22_3_left_aileron_failure,aileron,11.9600000381,-464.923675537,6.18146848679,248,-44.0209274292,3.01174426079,-89.8309402466,-1.60413873196,-18.6854419708,-0.595403194427,0
1538768556746682151,12.972315392,carbonZ_2018-10-05-14-37-22_3_left_aileron_failure,aileron,11.9399995804,-464.923675537,6.89558935165,249,-44.0209274292,3.01174426079,-89.8309402466,-2.50135731697,-18.5290813446,-0.795814871788,0
1538768556815704327,13.041337568,carbonZ_2018-10-05-14-37-22_3_left_aileron_failure,aileron,11.9399995804,-464.923675537,6.89558935165,249,-44.0209274292,3.01174426079,-89.8309402466,-3.16623568535,-18.3798847198,-1.00138163567,0
1538768556849614759,13.075248,carbonZ_2018-10-05-14-37-22_3_left_aileron_failure,aileron,11.8800001144,-467.373657227,6.2591085434,249,-38.8122520447,4.738966465,-103.006790161,-3.81961584091,-18.2039241791,-1.24142467976,0
1538768556902944295,13.128577536,carbonZ_2018-10-05-14-37-22_3_left_aileron_failure,aileron,11.8800001144,-467.373657227,6.2591085434,249,-38.8122520447,4.738966465,-103.006790161,-4.25626182556,-18.0715332031,-1.3949239254,0
1538768556976883271,13.202516512,carbonZ_2018-10-05-14-37-22_3_left_aileron_failure,aileron,11.7899999619,-467.373657227,6.33489990234,250,-38.8122520447,4.738966465,-103.006790161,-4.82804393768,-17.8684902191,-1.58909726143,0
1538768557009402631,13.235035872,carbonZ_2018-10-05-14-37-22_3_left_aileron_failure,aileron,11.7899999619,-467.373657227,6.33489990234,250,-38.8122520447,4.738966465,-103.006790161,-5.19330120087,-17.7273159027,-1.7021869421,0
1538768557021869735,13.247502976,carbonZ_2018-10-05-14-37-22_3_left_aileron_failure,aileron,11.7899999619,-467.373657227,6.33489990234,250,-38.8122520447,4.738966465,-103.006790161,-5.3848900795,-17.6401309967,-1.75849342346,0
1538768557065429543,13.291062784,carbonZ_2018-10-05-14-37-22_3_left_aileron_failure,aileron,11.6599998474,-453.235229492,5.86335802078,250,-38.8122520447,4.738966465,-103.006790161,-5.87459278107,-17.4109916687,-1.87148404121,0
1538768557167557895,13.393191136,carbonZ_2018-10-05-14-37-22_3_left_aileron_failure,aileron,11.5,-453.235229492,5.98328876495,251,-38.8122520447,4.738966465,-103.006790161,-6.47239542007,-17.0962181091,-2.00312948227,0
1538768557258810727,13.484443968,carbonZ_2018-10-05-14-37-22_3_left_aileron_failure,aileron,11.3099994659,-446.637329102,5.65779542923,251,-38.8122520447,4.738966465,-103.006790161,-7.08382129669,-16.7270698547,-2.24950885773,0
1538768557284464679,13.51009792,carbonZ_2018-10-05-14-37-22_3_left_aileron_failure,aileron,11.3099994659,-446.637329102,5.65779542923,251,-32.9690933228,6.36782646179,-114.694725037,-7.22563171387,-16.6304397583,-2.30907273293,0
1538768557348201127,13.573834368,carbonZ_2018-10-05-14-37-22_3_left_aileron_failure,aileron,11.0900001526,-446.637329102,5.41639518738,251,-32.9690933228,6.36782646179,-114.694725037,-7.64009141922,-16.3426742554,-2.47809839249,0
1538768557373274919,13.59890816,carbonZ_2018-10-05-14-37-22_3_left_aileron_failure,aileron,11.0900001526,-446.637329102,5.41639518738,251,-32.9690933228,6.36782646179,-114.694725037,-7.90134048462,-16.1373500824,-2.59495353699,0
1538768557423693671,13.649326912,carbonZ_2018-10-05-14-37-22_3_left_aileron_failure,aileron,11.0900001526,-446.637329102,5.41639518738,251,-32.9690933228,6.36782646179,-114.694725037,-8.27609443665,-15.8317499161,-2.82668471336,0
1538768557472936487,13.698569728,carbonZ_2018-10-05-14-37-22_3_left_aileron_failure,aileron,10.8299999237,-415.982818604,5.40775442123,251,-32.9690933228,6.36782646179,-114.694725037,-8.46007633209,-15.6487836838,-2.9318857193,0
1538768557538148071,13.763781312,carbonZ_2018-10-05-14-37-22_3_left_aileron_failure,aileron,10.5500001907,-415.982818604,5.31083774567,252,-32.9690933228,6.36782646179,-114.694725037,-8.72534942627,-15.3662128448,-3.13145327568,0
1538768557562452679,13.78808592,carbonZ_2018-10-05-14-37-22_3_left_aileron_failure,aileron,10.5500001907,-415.982818604,5.31083774567,252,-32.9690933228,6.36782646179,-114.694725037,-8.72534942627,-15.3662128448,-3.13145327568,0
1538768557611454215,13.837087456,carbonZ_2018-10-05-14-37-22_3_left_aileron_failure,aileron,10.5500001907,-415.982818604,5.31083774567,252,-32.9690933228,6.36782646179,-114.694725037,-8.99989128113,-15.0073366165,-3.35937428474,0
1538768557669801159,13.8954344,carbonZ_2018-10-05-14-37-22_3_left_aileron_failure,aileron,10.2100000381,-418.717956543,5.25120306015,252,-32.9690933228,6.36782646179,-114.694725037,-9.10372447968,-14.8444128036,-3.39865541458,0
1538768557702829415,13.928462656,carbonZ_2018-10-05-14-37-22_3_left_aileron_failure,aileron,10.2100000381,-418.717956543,5.25120306015,252,-22.5522899628,7.55996847153,-122.433982849,-9.24602127075,-14.6189575195,-3.43124127388,0
1538768557798728391,14.024361632,carbonZ_2018-10-05-14-37-22_3_left_aileron_failure,aileron,9.88000011444,-418.717956543,5.25523138046,252,-22.5522899628,7.55996847153,-122.433982849,-9.42093086243,-14.3188066483,-3.47357940674,0
1538768557824001223,14.049634464,carbonZ_2018-10-05-14-37-22_3_left_aileron_failure,aileron,9.88000011444,-418.717956543,5.25523138046,252,-22.5522899628,7.55996847153,-122.433982849,-9.4882850647,-14.1793966293,-3.5024907589,0
1538768557861810471,14.087443712,carbonZ_2018-10-05-14-37-22_3_left_aileron_failure,aileron,9.51999950409,-384.689331055,5.26769590378,252,-22.5522899628,7.55996847153,-122.433982849,-9.51801013947,-14.1119804382,-3.51965808868,0
1538768557905124935,14.130758176,carbonZ_2018-10-05-14-37-22_3_left_aileron_failure,aileron,9.51999950409,-384.689331055,5.26769590378,252,-22.5522899628,7.55996847153,-122.433982849,-9.5796995163,-13.9279680252,-3.56168651581,0
1538768557981044327,14.206677568,carbonZ_2018-10-05-14-37-22_3_left_aileron_failure,aileron,9.14999961853,-384.689331055,5.31074857712,252,-22.5522899628,7.55996847153,-122.433982849,-9.60998535156,-13.7621479034,-3.60925364494,0
1538768558018536999,14.24417024,carbonZ_2018-10-05-14-37-22_3_left_aileron_failure,aileron,9.14999961853,-384.689331055,5.31074857712,252,-22.5522899628,7.55996847153,-122.433982849,-9.60866260529,-13.6634740829,-3.64066743851,0
1538768558070299047,14.295932288,carbonZ_2018-10-05-14-37-22_3_left_aileron_failure,aileron,8.76999950409,-345.140441895,5.35009384155,252,-6.64738130569,7.11398267746,-127.805450439,-9.59039497375,-13.536151886,-3.68273639679,0
1538768558108231527,14.333864768,carbonZ_2018-10-05-14-37-22_3_left_aileron_failure,aileron,8.76999950409,-345.140441895,5.35009384155,252,-6.64738130569,7.11398267746,-127.805450439,-9.58311462402,-13.4502773285,-3.7051448822,0
1538768558173842279,14.39947552,carbonZ_2018-10-05-14-37-22_3_left_aileron_failure,aileron,8.38999938965,-345.140441895,5.39989948273,252,-6.64738130569,7.11398267746,-127.805450439,-9.55543231964,-13.3453979492,-3.69566917419,0
1538768558203853351,14.429486592,carbonZ_2018-10-05-14-37-22_3_left_aileron_failure,aileron,8.38999938965,-345.140441895,5.39989948273,252,-6.64738130569,7.11398267746,-127.805450439,-9.53954410553,-13.3147296906,-3.69312238693,0
1538768558221883239,14.44751648,carbonZ_2018-10-05-14-37-22_3_left_aileron_failure,aileron,8.38999938965,-345.140441895,5.39989948273,252,-6.64738130569,7.11398267746,-127.805450439,-9.50378704071,-13.2577495575,-3.69200205803,0
1538768558293182663,14.518815904,carbonZ_2018-10-05-14-37-22_3_left_aileron_failure,aileron,8.0,-308.91494751,5.44276380539,252,-6.64738130569,7.11398267746,-127.805450439,-9.44942378998,-13.1825456619,-3.64816975594,0
1538768558340466215,14.566099456,carbonZ_2018-10-05-14-37-22_3_left_aileron_failure,aileron,8.0,-308.91494751,5.44276380539,252,-6.64738130569,7.11398267746,-127.805450439,-9.40314865112,-13.1359405518,-3.61373758316,0
1538768558442214375,14.667847616,carbonZ_2018-10-05-14-37-22_3_left_aileron_failure,aileron,7.60999965668,-308.91494751,5.49010801315,252,2.25886511803,6.04156208038,-128.516723633,-9.25924682617,-13.062494278,-3.58303260803,0
1538768558483421927,14.709055168,carbonZ_2018-10-05-14-37-22_3_left_aileron_failure,aileron,7.23000001907,-281.200805664,5.51746845245,252,2.25886511803,6.04156208038,-128.516723633,-9.20282173157,-13.0365123749,-3.56586575508,0
1538768558526643431,14.752276672,carbonZ_2018-10-05-14-37-22_3_left_aileron_failure,aileron,6.84999990463,-281.200805664,5.54097318649,252,2.25886511803,6.04156208038,-128.516723633,-9.11091136932,-13.0032892227,-3.49981617928,0
1538768558587110407,14.812743648,carbonZ_2018-10-05-14-37-22_3_left_aileron_failure,aileron,6.84999990463,-281.200805664,5.54097318649,252,2.25886511803,6.04156208038,-128.516723633,-9.01551246643,-12.9881982803,-3.34488105774,0
1538768558620557063,14.846190304,carbonZ_2018-10-05-14-37-22_3_left_aileron_failure,aileron,6.84999990463,-281.200805664,5.54097318649,252,2.25886511803,6.04156208038,-128.516723633,-8.95588302612,-12.9790735245,-3.20602679253,0
1538768558673248359,14.8988816,carbonZ_2018-10-05-14-37-22_3_left_aileron_failure,aileron,6.48999977112,-254.316329956,5.54309606552,252,2.25886511803,6.04156208038,-128.516723633,-8.873919487,-12.9672632217,-2.95763540268,0
1538768558741498215,14.967131456,carbonZ_2018-10-05-14-37-22_3_left_aileron_failure,aileron,6.48999977112,-254.316329956,5.54309606552,252,7.02466630936,3.5660674572,-128.017944336,-8.82884502411,-12.9613218307,-2.78919458389,0
1538768558822308135,15.047941376,carbonZ_2018-10-05-14-37-22_3_left_aileron_failure,aileron,6.17000007629,-254.316329956,5.54276180267,252,7.02466630936,3.5660674572,-128.017944336,-8.72605133057,-12.9517974854,-2.43034791946,0
1538768558873616039,15.09924928,carbonZ_2018-10-05-14-37-22_3_left_aileron_failure,aileron,5.88999986649,-235.165405273,5.52850866318,252,7.02466630936,3.5660674572,-128.017944336,-8.67983913422,-12.9514560699,-2.25838494301,0
1538768558879148775,15.104782016,carbonZ_2018-10-05-14-37-22_3_left_aileron_failure,aileron,5.88999986649,-235.165405273,5.52850866318,252,7.02466630936,3.5660674572,-128.017944336,-8.65256690979,-12.9505205154,-2.17557859421,0
1538768558958239207,15.183872448,carbonZ_2018-10-05-14-37-22_3_left_aileron_failure,aileron,5.65000009537,-235.165405273,5.51811075211,253,7.02466630936,3.5660674572,-128.017944336,-8.54339790344,-12.9587287903,-1.86145269871,0
1538768558999894375,15.225527616,carbonZ_2018-10-05-14-37-22_3_left_aileron_failure,aileron,5.65000009537,-235.165405273,5.51811075211,253,9.9445848465,1.16974127293,-127.854431152,-8.44841861725,-12.9717788696,-1.62447679043,0
1538768559044928775,15.270562016,carbonZ_2018-10-05-14-37-22_3_left_aileron_failure,aileron,5.65000009537,-235.165405273,5.51811075211,253,9.9445848465,1.16974127293,-127.854431152,-8.42276096344,-12.979016304,-1.5267649889,0
1538768559077880135,15.303513376,carbonZ_2018-10-05-14-37-22_3_left_aileron_failure,aileron,5.46999979019,-219.28729248,5.48097515106,253,9.9445848465,1.16974127293,-127.854431152,-8.42276096344,-12.979016304,-1.5267649889,0
1538768559136524711,15.362157952,carbonZ_2018-10-05-14-37-22_3_left_aileron_failure,aileron,5.31999969482,-219.28729248,5.44981956482,253,9.9445848465,1.16974127293,-127.854431152,-8.26936244965,-13.0073699951,-1.08426713943,0
1538768559181401735,15.407034976,carbonZ_2018-10-05-14-37-22_3_left_aileron_failure,aileron,5.31999969482,-219.28729248,5.44981956482,253,9.9445848465,1.16974127293,-127.854431152,-8.21419239044,-13.0229530334,-0.896714866161,0
1538768559257236871,15.482870112,carbonZ_2018-10-05-14-37-22_3_left_aileron_failure,aileron,5.23000001907,-206.820098877,5.3942861557,253,9.9445848465,1.16974127293,-127.854431152,-8.11719417572,-13.0461835861,-0.552634477615,0
1538768559279151399,15.50478464,carbonZ_2018-10-05-14-37-22_3_left_aileron_failure,aileron,5.23000001907,-206.820098877,5.3942861557,253,9.9445848465,1.16974127293,-127.854431152,-8.08791923523,-13.0530500412,-0.478980213404,0
1538768559322770727,15.548403968,carbonZ_2018-10-05-14-37-22_3_left_aileron_failure,aileron,5.23000001907,-206.820098877,5.3942861557,253,12.5506916046,-1.2269974947,-128.523284912,-7.99118280411,-13.0950393677,-0.355925351381,0
1538768559367586439,15.59321968,carbonZ_2018-10-05-14-37-22_3_left_aileron_failure,aileron,5.17000007629,-206.820098877,5.3328332901,253,12.5506916046,-1.2269974947,-128.523284912,-7.91833972931,-13.1337900162,-0.310921609402,0
1538768559420213831,15.645847072,carbonZ_2018-10-05-14-37-22_3_left_aileron_failure,aileron,5.17000007629,-206.820098877,5.3328332901,253,12.5506916046,-1.2269974947,-128.523284912,-7.81137514114,-13.1951465607,-0.2391102314,0
1538768559490246951,15.715880192,carbonZ_2018-10-05-14-37-22_3_left_aileron_failure,aileron,5.13999986649,-190.479095459,5.24387454987,254,12.5506916046,-1.2269974947,-128.523284912,-7.71876049042,-13.2397203445,-0.117776244879,0
1538768559527856327,15.753489568,carbonZ_2018-10-05-14-37-22_3_left_aileron_failure,aileron,5.13999986649,-190.479095459,5.24387454987,254,12.5506916046,-1.2269974947,-128.523284912,-7.67420005798,-13.2601642609,0.0200109221041,0
1538768559579502343,15.805135584,carbonZ_2018-10-05-14-37-22_3_left_aileron_failure,aileron,5.10999965668,-190.479095459,5.15906095505,254,12.5506916046,-1.2269974947,-128.523284912,-7.62895774841,-13.2775068283,0.171377822757,0
1538768559606245223,15.831878464,carbonZ_2018-10-05-14-37-22_3_left_aileron_failure,aileron,5.10999965668,-190.479095459,5.15906095505,254,12.5506916046,-1.2269974947,-128.523284912,-7.56527519226,-13.3106966019,0.412282109261,0
1538768559658305383,15.883938624,carbonZ_2018-10-05-14-37-22_3_left_aileron_failure,aileron,5.11999988556,-185.087005615,5.06230688095,254,12.5506916046,-1.2269974947,-128.523284912,-7.51998281479,-13.3368444443,0.53776216507,0
1538768559763461607,15.989094848,carbonZ_2018-10-05-14-37-22_3_left_aileron_failure,aileron,5.15000009537,-185.087005615,4.9546122551,255,12.5506916046,-1.2269974947,-128.523284912,-7.42389392853,-13.4107303619,0.674800336361,0
1538768559786218151,16.011851392,carbonZ_2018-10-05-14-37-22_3_left_aileron_failure,aileron,5.15000009537,-185.087005615,4.9546122551,255,12.5506916046,-1.2269974947,-128.523284912,-7.40065288544,-13.434378624,0.681333720684,0
1538768559833756871,16.059390112,carbonZ_2018-10-05-14-37-22_3_left_aileron_failure,aileron,5.21000003815,-141.9012146,4.82403945923,255,11.9710245132,-4.55849838257,-128.99256897,-7.30815887451,-13.5241737366,0.722381353378,0
1538768559872891239,16.09852448,carbonZ_2018-10-05-14-37-22_3_left_aileron_failure,aileron,5.21000003815,-141.9012146,4.82403945923,255,11.9710245132,-4.55849838257,-128.99256897,-7.27080106735,-13.5544147491,0.784252583981,0
1538768559927836103,16.153469344,carbonZ_2018-10-05-14-37-22_3_left_aileron_failure,aileron,5.21000003815,-141.9012146,4.82403945923,255,11.9710245132,-4.55849838257,-128.99256897,-7.23384094238,-13.5867824554,0.82611310482,0
1538768559993083463,16.218716704,carbonZ_2018-10-05-14-37-22_3_left_aileron_failure,aileron,5.26999998093,-141.9012146,4.70180082321,255,11.9710245132,-4.55849838257,-128.99256897,-7.19893312454,-13.6217479706,0.92033457756,0
1538768560035995751,16.261628992,carbonZ_2018-10-05-14-37-22_3_left_aileron_failure,aileron,5.32999992371,-139.902114868,4.55730676651,256,11.9710245132,-4.55849838257,-128.99256897,-7.18600797653,-13.6332044601,1.00628507137,0
1538768560063485671,16.289118912,carbonZ_2018-10-05-14-37-22_3_left_aileron_failure,aileron,5.32999992371,-139.902114868,4.55730676651,256,11.9710245132,-4.55849838257,-128.99256897,-7.17611694336,-13.6442832947,1.10995662212,0
1538768560150579207,16.376212448,carbonZ_2018-10-05-14-37-22_3_left_aileron_failure,aileron,5.42000007629,-139.902114868,4.41493844986,256,11.9710245132,-4.55849838257,-128.99256897,-7.15930461884,-13.6676492691,1.19047522545,0
1538768560185837031,16.411470272,carbonZ_2018-10-05-14-37-22_3_left_aileron_failure,aileron,5.42000007629,-139.902114868,4.41493844986,256,4.52139997482,-6.54166603088,-127.979286194,-7.13819074631,-13.6950521469,1.22912788391,0
1538768560252722759,16.478356,carbonZ_2018-10-05-14-37-22_3_left_aileron_failure,aileron,5.51999998093,-141.391372681,4.27988529205,256,4.52139997482,-6.54166603088,-127.979286194,-7.12123823166,-13.7207899094,1.34683597088,0
1538768560290863431,16.516496672,carbonZ_2018-10-05-14-37-22_3_left_aileron_failure,aileron,5.51999998093,-141.391372681,4.27988529205,256,4.52139997482,-6.54166603088,-127.979286194,-7.11138963699,-13.7309169769,1.43231523037,0
1538768560372085767,16.597719008,carbonZ_2018-10-05-14-37-22_3_left_aileron_failure,aileron,5.63999986649,-141.391372681,4.13587141037,257,4.52139997482,-6.54166603088,-127.979286194,-7.08968544006,-13.7504634857,1.55773878098,0
1538768560392680455,16.618313696,carbonZ_2018-10-05-14-37-22_3_left_aileron_failure,aileron,5.63999986649,-141.391372681,4.13587141037,257,4.52139997482,-6.54166603088,-127.979286194,-7.07205486298,-13.7674951553,1.62959444523,0
1538768560425618951,16.651252192,carbonZ_2018-10-05-14-37-22_3_left_aileron_failure,aileron,5.63999986649,-141.391372681,4.13587141037,257,4.52139997482,-6.54166603088,-127.979286194,-7.05391454697,-13.7801952362,1.70985591412,0
1538768560473106887,16.698740128,carbonZ_2018-10-05-14-37-22_3_left_aileron_failure,aileron,5.77999973297,-144.261932373,4.00404644012,257,4.52139997482,-6.54166603088,-127.979286194,-7.04104757309,-13.7924947739,1.7856746912,0
1538768560496201255,16.721834496,carbonZ_2018-10-05-14-37-22_3_left_aileron_failure,aileron,5.77999973297,-144.261932373,4.00404644012,257,4.52139997482,-6.54166603088,-127.979286194,-7.03111505508,-13.8055467606,1.85349869728,0
1538768560566424903,16.792058144,carbonZ_2018-10-05-14-37-22_3_left_aileron_failure,aileron,5.94000005722,-144.261932373,3.86851263046,258,3.55753064156,-7.40065002441,-126.755851746,-7.02295064926,-13.8256158829,1.92558813095,0
1538768560624444359,16.8500776,carbonZ_2018-10-05-14-37-22_3_left_aileron_failure,aileron,5.94000005722,-144.261932373,3.86851263046,258,3.55753064156,-7.40065002441,-126.755851746,-7.01328897476,-13.8401861191,1.99913239479,0
1538768560661677351,16.887310592,carbonZ_2018-10-05-14-37-22_3_left_aileron_failure,aileron,6.11999988556,-144.980239868,3.72710466385,258,3.55753064156,-7.40065002441,-126.755851746,-7.01433897018,-13.8476238251,2.02789020538,0
1538768560730708295,16.956341536,carbonZ_2018-10-05-14-37-22_3_left_aileron_failure,aileron,6.11999988556,-144.980239868,3.72710466385,258,3.55753064156,-7.40065002441,-126.755851746,-7.01818275452,-13.8668193817,2.11282062531,0
1538768560789895655,17.015528896,carbonZ_2018-10-05-14-37-22_3_left_aileron_failure,aileron,6.30999994278,-144.980239868,3.5826113224,259,3.55753064156,-7.40065002441,-126.755851746,-7.03115987778,-13.8676357269,2.1420686245,0
1538768560813975591,17.039608832,carbonZ_2018-10-05-14-37-22_3_left_aileron_failure,aileron,6.30999994278,-144.980239868,3.5826113224,259,3.55753064156,-7.40065002441,-126.755851746,-7.04827070236,-13.8709602356,2.18023920059,0
1538768560888069895,17.113703136,carbonZ_2018-10-05-14-37-22_3_left_aileron_failure,aileron,6.51999998093,-144.414703369,3.45637249947,259,3.55753064156,-7.40065002441,-126.755851746,-7.09677171707,-13.8614692688,2.27539587021,0
1538768560948139367,17.173772608,carbonZ_2018-10-05-14-37-22_3_left_aileron_failure,aileron,6.51999998093,-144.414703369,3.45637249947,259,3.55753064156,-7.40065002441,-126.755851746,-7.13554954529,-13.8518199921,2.32510447502,0
1538768560966578887,17.192212128,carbonZ_2018-10-05-14-37-22_3_left_aileron_failure,aileron,6.73000001907,-144.414703369,3.32131958008,260,0.378701269627,-6.94690752029,-127.958442688,-7.13554954529,-13.8518199921,2.32510447502,0
1538768561012713479,17.23834672,carbonZ_2018-10-05-14-37-22_3_left_aileron_failure,aileron,6.73000001907,-144.414703369,3.32131958008,260,0.378701269627,-6.94690752029,-127.958442688,-7.16957569122,-13.8435974121,2.33862662315,0
1538768561075511111,17.301144352,carbonZ_2018-10-05-14-37-22_3_left_aileron_failure,aileron,6.94999980927,-148.757171631,3.20962452888,260,0.378701269627,-6.94690752029,-127.958442688,-7.21596097946,-13.831741333,2.37028002739,0
1538768561105724999,17.33135824,carbonZ_2018-10-05-14-37-22_3_left_aileron_failure,aileron,6.94999980927,-148.757171631,3.20962452888,260,0.378701269627,-6.94690752029,-127.958442688,-7.25312137604,-13.826757431,2.37339615822,0
1538768561183365511,17.408998752,carbonZ_2018-10-05-14-37-22_3_left_aileron_failure,aileron,7.17999982834,-148.757171631,3.10438895226,260,0.378701269627,-6.94690752029,-127.958442688,-7.29877853394,-13.8248682022,2.351552248,0
1538768561211464167,17.437097408,carbonZ_2018-10-05-14-37-22_3_left_aileron_failure,aileron,7.17999982834,-148.757171631,3.10438895226,260,0.378701269627,-6.94690752029,-127.958442688,-7.33388853073,-13.8217086792,2.31173348427,0
1538768561255459143,17.481092384,carbonZ_2018-10-05-14-37-22_3_left_aileron_failure,aileron,7.40999984741,-155.267333984,3.00613617897,261,0.378701269627,-6.94690752029,-127.958442688,-7.3666639328,-13.8210496902,2.27062559128,0
1538768561302834151,17.528467392,carbonZ_2018-10-05-14-37-22_3_left_aileron_failure,aileron,7.40999984741,-155.267333984,3.00613617897,261,0.378701269627,-6.94690752029,-127.958442688,-7.41992092133,-13.8123035431,2.21481132507,0
1538768561389565895,17.615199136,carbonZ_2018-10-05-14-37-22_3_left_aileron_failure,aileron,7.61999988556,-155.267333984,2.93109679222,261,-0.610686182976,-5.99057865143,-127.797210693,-7.49491596222,-13.794960022,2.17558765411,0
1538768561449740071,17.675373312,carbonZ_2018-10-05-14-37-22_3_left_aileron_failure,aileron,7.82999992371,-161.577224731,2.85220217705,262,-0.610686182976,-5.99057865143,-127.797210693,-7.55264806747,-13.7783994675,2.1499042511,0
1538768561509404647,17.735037888,carbonZ_2018-10-05-14-37-22_3_left_aileron_failure,aileron,7.82999992371,-161.577224731,2.85220217705,262,-0.610686182976,-5.99057865143,-127.797210693,-7.60569953918,-13.7644052505,2.12322378159,0
1538768561558414215,17.784047456,carbonZ_2018-10-05-14-37-22_3_left_aileron_failure,aileron,8.03999996185,-161.577224731,2.79666829109,262,-0.610686182976,-5.99057865143,-127.797210693,-7.6354598999,-13.7549180984,2.11972546577,0
1538768561622477671,17.848110912,carbonZ_2018-10-05-14-37-22_3_left_aileron_failure,aileron,8.03999996185,-161.577224731,2.79666829109,262,-0.610686182976,-5.99057865143,-127.797210693,-7.71703195572,-13.7458429337,1.9830634594,0
1538768561670594535,17.896227776,carbonZ_2018-10-05-14-37-22_3_left_aileron_failure,aileron,8.23999977112,-168.059356689,2.73863267899,263,-0.610686182976,-5.99057865143,-127.797210693,-7.75432825089,-13.746011734,1.9067581892,0
1538768561710876391,17.936509632,carbonZ_2018-10-05-14-37-22_3_left_aileron_failure,aileron,8.23999977112,-168.059356689,2.73863267899,263,-0.610686182976,-5.99057865143,-127.797210693,-7.79174518585,-13.7370061874,1.84714174271,0
1538768561752783687,17.978416928,carbonZ_2018-10-05-14-37-22_3_left_aileron_failure,aileron,8.42000007629,-168.059356689,2.70149898529,263,-0.610686182976,-5.99057865143,-127.797210693,-7.84826517105,-13.7275934219,1.77234089375,0
1538768561822996103,18.048629344,carbonZ_2018-10-05-14-37-22_3_left_aileron_failure,aileron,8.42000007629,-168.059356689,2.70149898529,263,-1.50120413303,-4.77351951599,-128.369338989,-7.89889097214,-13.7115468979,1.75336790085,0
1538768561861849639,18.08748288,carbonZ_2018-10-05-14-37-22_3_left_aileron_failure,aileron,8.59000015259,-175.162322998,2.67365789413,264,-1.50120413303,-4.77351951599,-128.369338989,-7.91734981537,-13.7042341232,1.76368784904,0
1538768561930707655,18.156340896,carbonZ_2018-10-05-14-37-22_3_left_aileron_failure,aileron,8.59000015259,-175.162322998,2.67365789413,264,-1.50120413303,-4.77351951599,-128.369338989,-7.97814512253,-13.6735506058,1.79204261303,0
1538768561955391559,18.1810248,carbonZ_2018-10-05-14-37-22_3_left_aileron_failure,aileron,8.76000022888,-175.162322998,2.65140390396,264,-1.50120413303,-4.77351951599,-128.369338989,-7.97814512253,-13.6735506058,1.79204261303,0
1538768562047804455,18.273437696,carbonZ_2018-10-05-14-37-22_3_left_aileron_failure,aileron,8.9299993515,-184.586914062,2.65650963783,264,-1.50120413303,-4.77351951599,-128.369338989,-8.06819248199,-13.618844986,1.81886482239,0
1538768562115074151,18.340707392,carbonZ_2018-10-05-14-37-22_3_left_aileron_failure,aileron,8.9299993515,-184.586914062,2.65650963783,264,-1.50120413303,-4.77351951599,-128.369338989,-8.10968017578,-13.5949440002,1.77847909927,0
1538768562157478215,18.383111456,carbonZ_2018-10-05-14-37-22_3_left_aileron_failure,aileron,9.0999994278,-184.586914062,2.64919447899,265,-1.50120413303,-4.77351951599,-128.369338989,-8.13959503174,-13.5733165741,1.73735582829,0
1538768562207378055,18.433011296,carbonZ_2018-10-05-14-37-22_3_left_aileron_failure,aileron,9.0999994278,-184.586914062,2.64919447899,265,-1.37975668907,-3.66405153275,-129.629943848,-8.18465709686,-13.5435237885,1.69569659233,0
1538768562225251367,18.450884608,carbonZ_2018-10-05-14-37-22_3_left_aileron_failure,aileron,9.0999994278,-184.586914062,2.64919447899,265,-1.37975668907,-3.66405153275,-129.629943848,-8.19938468933,-13.5344285965,1.68232619762,0
1538768562267319815,18.492953056,carbonZ_2018-10-05-14-37-22_3_left_aileron_failure,aileron,9.27999973297,-180.94367981,2.66821908951,265,-1.37975668907,-3.66405153275,-129.629943848,-8.22905158997,-13.5106210709,1.64175260067,0
1538768562364432231,18.590065472,carbonZ_2018-10-05-14-37-22_3_left_aileron_failure,aileron,9.44999980927,-180.94367981,2.69109940529,266,-1.37975668907,-3.66405153275,-129.629943848,-8.30626106262,-13.4520139694,1.48465442657,0
1538768562469302759,18.694936,carbonZ_2018-10-05-14-37-22_3_left_aileron_failure,aileron,9.60999965668,-180.208206177,2.73348498344,266,-1.37975668907,-3.66405153275,-129.629943848,-8.37784099579,-13.3948421478,1.23384273052,0
1538768562527124967,18.752758208,carbonZ_2018-10-05-14-37-22_3_left_aileron_failure,aileron,9.60999965668,-180.208206177,2.73348498344,266,-1.37975668907,-3.66405153275,-129.629943848,-8.41770935059,-13.346824646,1.11796414852,0
1538768562583213127,18.808846368,carbonZ_2018-10-05-14-37-22_3_left_aileron_failure,aileron,9.75,-180.208206177,2.78082942963,267,-1.01082408428,-1.4365285635,-130.968154907,-8.45359992981,-13.3088321686,1.01343917847,0
1538768562609211751,18.834844992,carbonZ_2018-10-05-14-37-22_3_left_aileron_failure,aileron,9.75,-180.208206177,2.78082942963,267,-1.01082408428,-1.4365285635,-130.968154907,-8.4844493866,-13.2755327225,0.882187128067,0
1538768562663225127,18.888858368,carbonZ_2018-10-05-14-37-22_3_left_aileron_failure,aileron,9.85999965668,-177.194793701,2.85191059113,267,-1.01082408428,-1.4365285635,-130.968154907,-8.53666782379,-13.2123069763,0.677899360657,0
1538768562701686215,18.927319456,carbonZ_2018-10-05-14-37-22_3_left_aileron_failure,aileron,9.85999965668,-177.194793701,2.85191059113,267,-1.01082408428,-1.4365285635,-130.968154907,-8.56290054321,-13.1743736267,0.547316551208,0
1538768562757135527,18.982768768,carbonZ_2018-10-05-14-37-22_3_left_aileron_failure,aileron,9.93999958038,-177.194793701,2.9211575985,267,-1.01082408428,-1.4365285635,-130.968154907,-8.58967685699,-13.135269165,0.417775213718,0
1538768562805502535,19.031135776,carbonZ_2018-10-05-14-37-22_3_left_aileron_failure,aileron,9.93999958038,-177.194793701,2.9211575985,267,-1.01082408428,-1.4365285635,-130.968154907,-8.64787769318,-13.0538606644,0.204573780298,0
1538768562821827463,19.047460704,carbonZ_2018-10-05-14-37-22_3_left_aileron_failure,aileron,9.93999958038,-177.194793701,2.9211575985,267,-1.01082408428,-1.4365285635,-130.968154907,-8.66347122192,-13.029299736,0.145035043359,0
1538768562897979431,19.123612672,carbonZ_2018-10-05-14-37-22_3_left_aileron_failure,aileron,9.98999977112,-174.048233032,2.99971747398,268,-1.01082408428,-1.4365285635,-130.968154907,-8.71109867096,-12.9488554001,0.00399371609092,0
1538768562926268039,19.15190128,carbonZ_2018-10-05-14-37-22_3_left_aileron_failure,aileron,9.98999977112,-174.048233032,2.99971747398,268,-1.01082408428,-1.4365285635,-130.968154907,-8.73119354248,-12.9049987793,-0.0620009340346,0
1538768562975763207,19.201396448,carbonZ_2018-10-05-14-37-22_3_left_aileron_failure,aileron,10.0,-174.048233032,3.09184575081,268,-2.21479773521,0.859996080399,-132.632949829,-8.76432704926,-12.8516426086,-0.12671430409,0
1538768563023141255,19.248774496,carbonZ_2018-10-05-14-37-22_3_left_aileron_failure,aileron,10.0,-174.048233032,3.09184575081,268,-2.21479773521,0.859996080399,-132.632949829,-8.80715942383,-12.7595710754,-0.223327562213,0
1538768563095731719,19.32136496,carbonZ_2018-10-05-14-37-22_3_left_aileron_failure,aileron,10.0,-168.836791992,3.22839403152,269,-2.21479773521,0.859996080399,-132.632949829,-8.82157421112,-12.7203035355,-0.241430640221,0
1538768563129184263,19.354817504,carbonZ_2018-10-05-14-37-22_3_left_aileron_failure,aileron,10.0,-168.836791992,3.22839403152,269,-2.21479773521,0.859996080399,-132.632949829,-8.83533573151,-12.6775426865,-0.271314561367,0
1538768563186721351,19.412354592,carbonZ_2018-10-05-14-37-22_3_left_aileron_failure,aileron,9.97999954224,-168.836791992,3.34884023666,269,-2.21479773521,0.859996080399,-132.632949829,-8.8571844101,-12.6179943085,-0.331513673067,0
1538768563217557031,19.443190272,carbonZ_2018-10-05-14-37-22_3_left_aileron_failure,aileron,9.97999954224,-168.836791992,3.34884023666,269,-2.21479773521,0.859996080399,-132.632949829,-8.87379360199,-12.5608901978,-0.376103639603,0
1538768563260237959,19.4858712,carbonZ_2018-10-05-14-37-22_3_left_aileron_failure,aileron,9.94999980927,-156.731033325,3.49095463753,269,-2.21479773521,0.859996080399,-132.632949829,-8.87379360199,-12.5608901978,-0.376103639603,0
1538768563335930663,19.561563904,carbonZ_2018-10-05-14-37-22_3_left_aileron_failure,aileron,9.94999980927,-156.731033325,3.49095463753,269,0.0893103256822,1.71355628967,-133.284347534,-8.87694549561,-12.4917068481,-0.492262989283,0
1538768563374828615,19.600461856,carbonZ_2018-10-05-14-37-22_3_left_aileron_failure,aileron,9.92000007629,-156.731033325,3.62980270386,270,0.0893103256822,1.71355628967,-133.284347534,-8.87694549561,-12.4917068481,-0.492262989283,0
1538768563433500903,19.659134144,carbonZ_2018-10-05-14-37-22_3_left_aileron_failure,aileron,9.92000007629,-156.731033325,3.62980270386,270,0.0893103256822,1.71355628967,-133.284347534,-8.8734998703,-12.4085912704,-0.642491400242,0
1538768563488320679,19.71395392,carbonZ_2018-10-05-14-37-22_3_left_aileron_failure,aileron,9.86999988556,-144.192123413,3.78704977036,270,0.0893103256822,1.71355628967,-133.284347534,-8.86717128754,-12.3647603989,-0.71618103981,0
1538768563518697703,19.744330944,carbonZ_2018-10-05-14-37-22_3_left_aileron_failure,aileron,9.86999988556,-144.192123413,3.78704977036,270,0.0893103256822,1.71355628967,-133.284347534,-8.86250686646,-12.3168077469,-0.761749744415,0
1538768563586933255,19.812566496,carbonZ_2018-10-05-14-37-22_3_left_aileron_failure,aileron,9.80999946594,-144.192123413,3.93703818321,271,0.0893103256822,1.71355628967,-133.284347534,-8.86257743835,-12.2855987549,-0.744762837887,0
1538768563633133479,19.85876672,carbonZ_2018-10-05-14-37-22_3_left_aileron_failure,aileron,9.80999946594,-144.192123413,3.93703818321,271,0.0893103256822,1.71355628967,-133.284347534,-8.8594417572,-12.2408027649,-0.719267189503,0
1538768563667282343,19.892915584,carbonZ_2018-10-05-14-37-22_3_left_aileron_failure,aileron,9.75,-136.615570068,4.09924507141,271,0.0893103256822,1.71355628967,-133.284347534,-8.8594417572,-12.2408027649,-0.719267189503,0
1538768563728384455,19.954017696,carbonZ_2018-10-05-14-37-22_3_left_aileron_failure,aileron,9.75,-136.615570068,4.09924507141,271,3.11550617218,1.92230594158,-135.354385376,-8.8564119339,-12.1826028824,-0.694621562958,0
1538768563782691239,20.00832448,carbonZ_2018-10-05-14-37-22_3_left_aileron_failure,aileron,9.68999958038,-136.615570068,4.25601291656,271,3.11550617218,1.92230594158,-135.354385376,-8.85301113129,-12.1309747696,-0.691574633121,0
1538768563823948359,20.0495816,carbonZ_2018-10-05-14-37-22_3_left_aileron_failure,aileron,9.68999958038,-136.615570068,4.25601291656,271,3.11550617218,1.92230594158,-135.354385376,-8.85183334351,-12.1163234711,-0.690783023834,0
1538768563865346311,20.090979552,carbonZ_2018-10-05-14-37-22_3_left_aileron_failure,aileron,9.63000011444,-122.340583801,4.42996644974,272,3.11550617218,1.92230594158,-135.354385376,-8.84336280823,-12.0998973846,-0.69340723753,0
1538768563935132679,20.16076592,carbonZ_2018-10-05-14-37-22_3_left_aileron_failure,aileron,9.63000011444,-122.340583801,4.42996644974,272,3.11550617218,1.92230594158,-135.354385376,-8.81846904755,-12.0822820663,-0.73039662838,0
1538768563985471879,20.21110512,carbonZ_2018-10-05-14-37-22_3_left_aileron_failure,aileron,9.56999969482,-122.340583801,4.59073543549,272,3.11550617218,1.92230594158,-135.354385376,-8.80635547638,-12.0556411743,-0.736766159534,0
1538768564024415143,20.250048384,carbonZ_2018-10-05-14-37-22_3_left_aileron_failure,aileron,9.51000022888,-102.808570862,4.75585651398,273,3.11550617218,1.92230594158,-135.354385376,-8.78692245483,-12.0375099182,-0.739547967911,0
1538768564065426503,20.291059744,carbonZ_2018-10-05-14-37-22_3_left_aileron_failure,aileron,9.51000022888,-102.808570862,4.75585651398,273,3.11550617218,1.92230594158,-135.354385376,-8.77995014191,-12.0317602158,-0.729531943798,0
1538768564148339815,20.373973056,carbonZ_2018-10-05-14-37-22_3_left_aileron_failure,aileron,9.44999980927,-102.808570862,4.90718603134,273,5.78921031952,1.5230396986,-135.847290039,-8.75891017914,-12.0007791519,-0.668794095516,0
1538768564208923719,20.43455696,carbonZ_2018-10-05-14-37-22_3_left_aileron_failure,aileron,9.44999980927,-102.808570862,4.90718603134,273,5.78921031952,1.5230396986,-135.847290039,-8.74577140808,-11.9779777527,-0.609562516212,0
1538768564263639399,20.48927264,carbonZ_2018-10-05-14-37-22_3_left_aileron_failure,aileron,9.39999961853,-98.0434417725,5.08888626099,273,5.78921031952,1.5230396986,-135.847290039,-8.73658180237,-11.9674043655,-0.560559630394,0
1538768564286110247,20.511743488,carbonZ_2018-10-05-14-37-22_3_left_aileron_failure,aileron,9.39999961853,-98.0434417725,5.08888626099,273,5.78921031952,1.5230396986,-135.847290039,-8.72035312653,-11.959736824,-0.520719647408,0
1538768564328819975,20.554453216,carbonZ_2018-10-05-14-37-22_3_left_aileron_failure,aileron,9.39999961853,-98.0434417725,5.08888626099,273,5.78921031952,1.5230396986,-135.847290039,-8.70792198181,-11.9422292709,-0.451475054026,0
1538768564391554631,20.617187872,carbonZ_2018-10-05-14-37-22_3_left_aileron_failure,aileron,9.35999965668,-98.0434417725,5.240213871,274,5.78921031952,1.5230396986,-135.847290039,-8.69933605194,-11.9337100983,-0.401688009501,0
1538768564460477415,20.686110656,carbonZ_2018-10-05-14-37-22_3_left_aileron_failure,aileron,9.34000015259,-86.3496780396,5.40546321869,274,5.78921031952,1.5230396986,-135.847290039,-8.68046092987,-11.9097957611,-0.262103229761,0
1538768564563759623,20.789392864,carbonZ_2018-10-05-14-37-22_3_left_aileron_failure,aileron,9.32999992371,-86.3496780396,5.547352314,275,6.24107503891,0.458150953054,-135.008651733,-8.64935493469,-11.8973903656,-0.0918391868472,0
1538768564640248935,20.865882176,carbonZ_2018-10-05-14-37-22_3_left_aileron_failure,aileron,9.32999992371,-86.3496780396,5.547352314,275,6.24107503891,0.458150953054,-135.008651733,-8.6434803009,-11.8972120285,-0.06063298136,0
1538768564665074535,20.890707776,carbonZ_2018-10-05-14-37-22_3_left_aileron_failure,aileron,9.32999992371,-75.8337020874,5.71199512482,275,6.24107503891,0.458150953054,-135.008651733,-8.63327884674,-11.8972129822,0.00311974063516,0
1538768564726117927,20.951751168,carbonZ_2018-10-05-14-37-22_3_left_aileron_failure,aileron,9.32999992371,-75.8337020874,5.71199512482,275,6.24107503891,0.458150953054,-135.008651733,-8.60525512695,-11.9093809128,0.10437771678,0
1538768564785937511,21.011570752,carbonZ_2018-10-05-14-37-22_3_left_aileron_failure,aileron,9.3499994278,-75.8337020874,5.85836362839,276,6.24107503891,0.458150953054,-135.008651733,-8.59282875061,-11.9153795242,0.175860434771,0
1538768564837881095,21.063514336,carbonZ_2018-10-05-14-37-22_3_left_aileron_failure,aileron,9.3499994278,-75.8337020874,5.85836362839,276,6.24107503891,0.458150953054,-135.008651733,-8.56632614136,-11.9312973022,0.27785846591,0
1538768564864631399,21.09026464,carbonZ_2018-10-05-14-37-22_3_left_aileron_failure,aileron,9.38000011444,-72.3920822144,5.99347114563,276,7.61517333984,-0.639029562473,-133.532653809,-8.54907798767,-11.9409599304,0.34015250206,0
1538768564978139975,21.203773216,carbonZ_2018-10-05-14-37-22_3_left_aileron_failure,aileron,9.4299993515,-72.3920822144,6.12592077255,277,7.61517333984,-0.639029562473,-133.532653809,-8.49385738373,-11.9807443619,0.469482541084,0
1538768565027934279,21.25356752,carbonZ_2018-10-05-14-37-22_3_left_aileron_failure,aileron,9.48999977112,-69.1452026367,6.25328493118,277,7.61517333984,-0.639029562473,-133.532653809,-8.44377040863,-12.0208854675,0.546163141727,0
1538768565118359943,21.343993184,carbonZ_2018-10-05-14-37-22_3_left_aileron_failure,aileron,9.48999977112,-69.1452026367,6.25328493118,277,7.61517333984,-0.639029562473,-133.532653809,-8.40027141571,-12.0549907684,0.598428249359,0
1538768565142444807,21.368078048,carbonZ_2018-10-05-14-37-22_3_left_aileron_failure,aileron,9.48999977112,-69.1452026367,6.25328493118,277,7.61517333984,-0.639029562473,-133.532653809,-8.38388061523,-12.0689067841,0.610896766186,0
1538768565177691175,21.403324416,carbonZ_2018-10-05-14-37-22_3_left_aileron_failure,aileron,9.55000019073,-69.1452026367,6.36237335205,278,9.83909130096,-0.957241594791,-132.754165649,-8.35051059723,-12.0964956284,0.637414574623,0
1538768565236191975,21.461825216,carbonZ_2018-10-05-14-37-22_3_left_aileron_failure,aileron,9.55000019073,-69.1452026367,6.36237335205,278,9.83909130096,-0.957241594791,-132.754165649,-8.30198097229,-12.1385688782,0.661022365093,0
1538768565269502567,21.495135808,carbonZ_2018-10-05-14-37-22_3_left_aileron_failure,aileron,9.63000011444,-67.2281265259,6.4764213562,278,9.83909130096,-0.957241594791,-132.754165649,-8.26519584656,-12.1714353561,0.659357309341,0
1538768565335277415,21.560910656,carbonZ_2018-10-05-14-37-22_3_left_aileron_failure,aileron,9.63000011444,-67.2281265259,6.4764213562,278,9.83909130096,-0.957241594791,-132.754165649,-8.20755004883,-12.2235631943,0.647307038307,0
1538768565388557319,21.61419056,carbonZ_2018-10-05-14-37-22_3_left_aileron_failure,aileron,9.69999980927,-67.2281265259,6.55028533936,279,9.83909130096,-0.957241594791,-132.754165649,-8.14522266388,-12.2793827057,0.626082539558,0
1538768565435167591,21.660800832,carbonZ_2018-10-05-14-37-22_3_left_aileron_failure,aileron,9.69999980927,-67.2281265259,6.55028533936,279,9.83909130096,-0.957241594791,-132.754165649,-8.09650039673,-12.3205385208,0.617572903633,0
1538768565503543143,21.729176384,carbonZ_2018-10-05-14-37-22_3_left_aileron_failure,aileron,9.76999950409,53.09715271,6.63649368286,279,12.1020545959,-0.519283592701,-132.537506104,-8.03274059296,-12.3719511032,0.612652301788,0
1538768565530959975,21.756593216,carbonZ_2018-10-05-14-37-22_3_left_aileron_failure,aileron,9.76999950409,53.09715271,6.63649368286,279,12.1020545959,-0.519283592701,-132.537506104,-7.9881196022,-12.4063806534,0.611061215401,0
1538768565569704327,21.795337568,carbonZ_2018-10-05-14-37-22_3_left_aileron_failure,aileron,9.82999992371,53.09715271,6.68881702423,280,12.1020545959,-0.519283592701,-132.537506104,-7.94708061218,-12.4373626709,0.603368222713,0
1538768565671956519,21.89758976,carbonZ_2018-10-05-14-37-22_3_left_aileron_failure,aileron,9.88999938965,55.4588317871,6.73774719238,281,12.1020545959,-0.519283592701,-132.537506104,-7.84640836716,-12.5092372894,0.553849697113,0
1538768565766258311,21.991891552,carbonZ_2018-10-05-14-37-22_3_left_aileron_failure,aileron,9.93999958038,55.4588317871,6.77275514603,281,12.1020545959,-0.519283592701,-132.537506104,-7.74555540085,-12.5798892975,0.45881780982,0
1538768565834097831,22.059731072,carbonZ_2018-10-05-14-37-22_3_left_aileron_failure,aileron,9.93999958038,55.4588317871,6.77275514603,281,11.0076169968,0.249296352267,-131.975997925,-7.68807220459,-12.6201038361,0.392303943634,0
1538768565893049319,22.11868256,carbonZ_2018-10-05-14-37-22_3_left_aileron_failure,aileron,9.97999954224,57.4750900269,6.78645801544,282,11.0076169968,0.249296352267,-131.975997925,-7.63393640518,-12.6563558578,0.315382778645,0
1538768565947670151,22.173303392,carbonZ_2018-10-05-14-37-22_3_left_aileron_failure,aileron,9.97999954224,57.4750900269,6.78645801544,282,11.0076169968,0.249296352267,-131.975997925,-7.59774494171,-12.6795282364,0.265845090151,0
1538768566011236487,22.236869728,carbonZ_2018-10-05-14-37-22_3_left_aileron_failure,aileron,10.0199995041,57.4750900269,6.79362726212,283,11.0076169968,0.249296352267,-131.975997925,-7.53516435623,-12.7156839371,0.192583665252,0
1538768566054560807,22.280194048,carbonZ_2018-10-05-14-37-22_3_left_aileron_failure,aileron,10.0399999619,54.7101020813,6.80419111252,283,11.0076169968,0.249296352267,-131.975997925,-7.50952243805,-12.7291440964,0.159588128328,0
1538768566067090855,22.292724096,carbonZ_2018-10-05-14-37-22_3_left_aileron_failure,aileron,10.0399999619,54.7101020813,6.80419111252,283,11.0076169968,0.249296352267,-131.975997925,-7.50952243805,-12.7291440964,0.159588128328,0
1538768566134456007,22.360089248,carbonZ_2018-10-05-14-37-22_3_left_aileron_failure,aileron,10.0399999619,54.7101020813,6.80419111252,283,8.4891204834,0.759039223194,-130.90574646,-7.42757368088,-12.7713041306,0.0643756762147,0
1538768566217880263,22.443513504,carbonZ_2018-10-05-14-37-22_3_left_aileron_failure,aileron,10.0500001907,54.7101020813,6.79295969009,284,8.4891204834,0.759039223194,-130.90574646,-7.39505386353,-12.7816572189,0.018197035417,0
1538768566234642567,22.460275808,carbonZ_2018-10-05-14-37-22_3_left_aileron_failure,aileron,10.0500001907,54.7101020813,6.79295969009,284,8.4891204834,0.759039223194,-130.90574646,-7.3824839592,-12.785036087,0.00224334606901,0
1538768566268447943,22.494081184,carbonZ_2018-10-05-14-37-22_3_left_aileron_failure,aileron,10.0500001907,56.5521240234,6.78077077866,285,8.4891204834,0.759039223194,-130.90574646,-7.36068916321,-12.7914400101,-0.019347447902,0
1538768566340425863,22.566059104,carbonZ_2018-10-05-14-37-22_3_left_aileron_failure,aileron,10.0500001907,56.5521240234,6.78077077866,285,8.4891204834,0.759039223194,-130.90574646,-7.33042001724,-12.7985448837,-0.00910630449653,0
1538768566384238055,22.609871296,carbonZ_2018-10-05-14-37-22_3_left_aileron_failure,aileron,10.0500001907,56.5521240234,6.7622795105,285,8.4891204834,0.759039223194,-130.90574646,-7.30348348618,-12.7953147888,0.00428427103907,0
1538768566448987751,22.674620992,carbonZ_2018-10-05-14-37-22_3_left_aileron_failure,aileron,10.0399999619,58.5593223572,6.75552988052,286,8.4891204834,0.759039223194,-130.90574646,-7.28073406219,-12.8013343811,-0.0160476416349,0
1538768566460510503,22.686143744,carbonZ_2018-10-05-14-37-22_3_left_aileron_failure,aileron,10.0399999619,58.5593223572,6.75552988052,286,8.4891204834,0.759039223194,-130.90574646,-7.26606225967,-12.8079833984,-0.020947445184,0
1538768566554527303,22.780160544,carbonZ_2018-10-05-14-37-22_3_left_aileron_failure,aileron,10.0399999619,58.5593223572,6.72772598267,287,8.4891204834,0.759039223194,-130.90574646,-7.22280693054,-12.8207473755,-0.0782460421324,0
1538768566579511111,22.805144352,carbonZ_2018-10-05-14-37-22_3_left_aileron_failure,aileron,10.0399999619,58.5593223572,6.72772598267,287,6.777592659,1.10759234428,-129.988647461,-7.20204305649,-12.8252277374,-0.112637415528,0
1538768566622454343,22.848087584,carbonZ_2018-10-05-14-37-22_3_left_aileron_failure,aileron,10.0399999619,58.5593223572,6.72772598267,287,6.777592659,1.10759234428,-129.988647461,-7.17778396606,-12.8326454163,-0.137194737792,0
1538768566686516647,22.912149888,carbonZ_2018-10-05-14-37-22_3_left_aileron_failure,aileron,10.029999733,61.4640235901,6.69713592529,288,6.777592659,1.10759234428,-129.988647461,-7.15294122696,-12.8352518082,-0.166174218059,0
1538768566735560199,22.96119344,carbonZ_2018-10-05-14-37-22_3_left_aileron_failure,aileron,10.029999733,61.4640235901,6.69713592529,288,6.777592659,1.10759234428,-129.988647461,-7.1363530159,-12.8380708694,-0.166931346059,0
1538768566773603527,22.999236768,carbonZ_2018-10-05-14-37-22_3_left_aileron_failure,aileron,10.0100002289,61.4640235901,6.66920614243,288,6.777592659,1.10759234428,-129.988647461,-7.12137794495,-12.8340816498,-0.169493675232,0
1538768566854896999,23.08053024,carbonZ_2018-10-05-14-37-22_3_left_aileron_failure,aileron,9.97999954224,69.372177124,6.64309597015,289,6.777592659,1.10759234428,-129.988647461,-7.08802175522,-12.8322629929,-0.213302612305,0
1538768566871935623,23.097568864,carbonZ_2018-10-05-14-37-22_3_left_aileron_failure,aileron,9.97999954224,69.372177124,6.64309597015,289,6.777592659,1.10759234428,-129.988647461,-7.07816362381,-12.833902359,-0.223946809769,0
1538768566929011719,23.15464496,carbonZ_2018-10-05-14-37-22_3_left_aileron_failure,aileron,9.97999954224,69.372177124,6.64309597015,289,6.777592659,1.10759234428,-129.988647461,-7.04225921631,-12.8415727615,-0.258485496044,0
1538768566989067399,23.21470064,carbonZ_2018-10-05-14-37-22_3_left_aileron_failure,aileron,9.94999980927,69.372177124,6.60306596756,290,6.0023431778,1.15886104107,-130.288406372,-7.0259847641,-12.8308486938,-0.28473547101,0
1538768567036796647,23.262429888,carbonZ_2018-10-05-14-37-22_3_left_aileron_failure,aileron,9.94999980927,69.372177124,6.60306596756,290,6.0023431778,1.15886104107,-130.288406372,-7.01316785812,-12.8262805939,-0.288048386574,0
1538768567057479911,23.283113152,carbonZ_2018-10-05-14-37-22_3_left_aileron_failure,aileron,9.92000007629,68.7166213989,6.56134271622,291,6.0023431778,1.15886104107,-130.288406372,-7.00074148178,-12.8201608658,-0.302927196026,0
1538768567134201959,23.3598352,carbonZ_2018-10-05-14-37-22_3_left_aileron_failure,aileron,9.92000007629,68.7166213989,6.56134271622,291,6.0023431778,1.15886104107,-130.288406372,-6.98114156723,-12.8143644333,-0.330672115088,0
1538768567173986567,23.399619808,carbonZ_2018-10-05-14-37-22_3_left_aileron_failure,aileron,9.88000011444,68.7166213989,6.51187372208,291,6.0023431778,1.15886104107,-130.288406372,-6.97046232224,-12.806643486,-0.335746049881,0
1538768567237539207,23.463172448,carbonZ_2018-10-05-14-37-22_3_left_aileron_failure,aileron,9.88000011444,68.7166213989,6.51187372208,291,6.0023431778,1.15886104107,-130.288406372,-6.95071601868,-12.7982387543,-0.339403927326,0
1538768567270355911,23.495989152,carbonZ_2018-10-05-14-37-22_3_left_aileron_failure,aileron,9.8499994278,75.7863998413,6.47571659088,292,5.47631549835,1.21643102169,-130.526123047,-6.94216966629,-12.7920246124,-0.344103932381,0
1538768567328566375,23.554199616,carbonZ_2018-10-05-14-37-22_3_left_aileron_failure,aileron,9.8499994278,75.7863998413,6.47571659088,292,5.47631549835,1.21643102169,-130.526123047,-6.92280864716,-12.7851133347,-0.353359133005,0
1538768567387526695,23.613159936,carbonZ_2018-10-05-14-37-22_3_left_aileron_failure,aileron,9.81999969482,75.7863998413,6.42576742172,293,5.47631549835,1.21643102169,-130.526123047,-6.91011190414,-12.7697544098,-0.36752986908,0
1538768567489207847,23.714841088,carbonZ_2018-10-05-14-37-22_3_left_aileron_failure,aileron,9.77999973297,87.8337860107,6.38525772095,294,5.47631549835,1.21643102169,-130.526123047,-6.89870405197,-12.7391929626,-0.358102172613,0
1538768567584559015,23.810192256,carbonZ_2018-10-05-14-37-22_3_left_aileron_failure,aileron,9.73999977112,87.8337860107,6.33240127563,295,5.47631549835,1.21643102169,-130.526123047,-6.89000940323,-12.7145719528,-0.339476525784,0
1538768567634294343,23.859927584,carbonZ_2018-10-05-14-37-22_3_left_aileron_failure,aileron,9.73999977112,87.8337860107,6.33240127563,295,5.47631549835,1.21643102169,-130.526123047,-6.88217163086,-12.7025270462,-0.303997725248,0
1538768567655696167,23.881329408,carbonZ_2018-10-05-14-37-22_3_left_aileron_failure,aileron,9.69999980927,82.5603485107,6.291410923,295,4.4454293251,0.981238543987,-130.472640991,-6.87846279144,-12.6913051605,-0.284773230553,0
1538768567749035207,23.974668448,carbonZ_2018-10-05-14-37-22_3_left_aileron_failure,aileron,9.67000007629,82.5603485107,6.24642181396,296,4.4454293251,0.981238543987,-130.472640991,-6.87602853775,-12.6695489883,-0.261916726828,0
1538768567801319623,24.026952864,carbonZ_2018-10-05-14-37-22_3_left_aileron_failure,aileron,9.67000007629,82.5603485107,6.24642181396,296,4.4454293251,0.981238543987,-130.472640991,-6.88473653793,-12.6383686066,-0.249632820487,0
1538768567865501287,24.091134528,carbonZ_2018-10-05-14-37-22_3_left_aileron_failure,aileron,9.63999938965,93.6505279541,6.2148733139,297,4.4454293251,0.981238543987,-130.472640991,-6.89100837708,-12.6211128235,-0.238506257534,0
1538768567881420935,24.107054176,carbonZ_2018-10-05-14-37-22_3_left_aileron_failure,aileron,9.63999938965,93.6505279541,6.2148733139,297,4.4454293251,0.981238543987,-130.472640991,-6.89100837708,-12.6211128235,-0.238506257534,0
1538768567942102407,24.167735648,carbonZ_2018-10-05-14-37-22_3_left_aileron_failure,aileron,9.61999988556,93.6505279541,6.16044282913,298,4.4454293251,0.981238543987,-130.472640991,-6.89985799789,-12.5929164886,-0.196029260755,0
1538768567969205223,24.194838464,carbonZ_2018-10-05-14-37-22_3_left_aileron_failure,aileron,9.61999988556,93.6505279541,6.16044282913,298,4.4454293251,0.981238543987,-130.472640991,-6.91903352737,-12.5632429123,-0.164039582014,0
1538768568056089287,24.281722528,carbonZ_2018-10-05-14-37-22_3_left_aileron_failure,aileron,9.5999994278,95.0029373169,6.14487028122,299,4.4454293251,0.981238543987,-130.472640991,-6.95864963531,-12.5144453049,-0.118061847985,0
1538768568078024231,24.303657472,carbonZ_2018-10-05-14-37-22_3_left_aileron_failure,aileron,9.5999994278,95.0029373169,6.14487028122,299,2.57903146744,0.541167736053,-130.343612671,-6.98237752914,-12.4870023727,-0.0937084555626,0
1538768568155088263,24.380721504,carbonZ_2018-10-05-14-37-22_3_left_aileron_failure,aileron,9.59000015259,95.0029373169,6.12276029587,299,2.57903146744,0.541167736053,-130.343612671,-7.00293540955,-12.4654808044,-0.0675071552396,0
1538768568180367943,24.406001184,carbonZ_2018-10-05-14-37-22_3_left_aileron_failure,aileron,9.59000015259,95.0029373169,6.12276029587,299,2.57903146744,0.541167736053,-130.343612671,-7.01705551147,-12.445069313,-0.0467435456812,0
1538768568219478791,24.445112032,carbonZ_2018-10-05-14-37-22_3_left_aileron_failure,aileron,9.59000015259,95.0029373169,6.12276029587,299,2.57903146744,0.541167736053,-130.343612671,-7.06148910522,-12.394698143,-0.0336568243802,0
1538768568259703623,24.485336864,carbonZ_2018-10-05-14-37-22_3_left_aileron_failure,aileron,9.57999992371,101.952270508,6.10465049744,300,2.57903146744,0.541167736053,-130.343612671,-7.07147264481,-12.3845367432,-0.03669225052,0
1538768568341247239,24.56688048,carbonZ_2018-10-05-14-37-22_3_left_aileron_failure,aileron,9.56999969482,101.952270508,6.09537506104,301,2.57903146744,0.541167736053,-130.343612671,-7.09729576111,-12.3598804474,-0.0476863235235,0
1538768568398539655,24.624172896,carbonZ_2018-10-05-14-37-22_3_left_aileron_failure,aileron,9.56999969482,101.952270508,6.09537506104,301,2.57903146744,0.541167736053,-130.343612671,-7.13090372086,-12.3316497803,-0.0331064462662,0
1538768568451184807,24.676818048,carbonZ_2018-10-05-14-37-22_3_left_aileron_failure,aileron,9.56999969482,141.009048462,6.09614658356,302,2.57903146744,0.541167736053,-130.343612671,-7.15680170059,-12.3083686829,-0.0122956326231,0
1538768568481771591,24.707404832,carbonZ_2018-10-05-14-37-22_3_left_aileron_failure,aileron,9.56999969482,141.009048462,6.09614658356,302,2.57903146744,0.541167736053,-130.343612671,-7.16944694519,-12.2972078323,-0.00581470690668,0
1538768568503096391,24.728729632,carbonZ_2018-10-05-14-37-22_3_left_aileron_failure,aileron,9.56999969482,141.009048462,6.09614658356,302,0.484878212214,-0.194207042456,-128.570526123,-7.1910610199,-12.2813215256,0.0108783058822,0
1538768568625763879,24.85139712,carbonZ_2018-10-05-14-37-22_3_left_aileron_failure,aileron,9.56999969482,141.009048462,6.08565568924,302,0.484878212214,-0.194207042456,-128.570526123,-7.25805330276,-12.2416286469,0.0137986801565,0
1538768568663381223,24.889014464,carbonZ_2018-10-05-14-37-22_3_left_aileron_failure,aileron,9.56999969482,139.20135498,6.10482692719,303,0.484878212214,-0.194207042456,-128.570526123,-7.30163908005,-12.2219114304,-0.00723305065185,0
1538768568701171559,24.9268048,carbonZ_2018-10-05-14-37-22_3_left_aileron_failure,aileron,9.56999969482,139.20135498,6.10482692719,303,0.484878212214,-0.194207042456,-128.570526123,-7.32865047455,-12.2101612091,-0.0391925908625,0
1538768568740986983,24.966620224,carbonZ_2018-10-05-14-37-22_3_left_aileron_failure,aileron,9.56999969482,139.20135498,6.10482692719,303,0.484878212214,-0.194207042456,-128.570526123,-7.34683132172,-12.2017993927,-0.0568514019251,0
1538768568778701543,25.004334784,carbonZ_2018-10-05-14-37-22_3_left_aileron_failure,aileron,9.55999946594,139.20135498,6.11055707932,304,0.484878212214,-0.194207042456,-128.570526123,-7.38168096542,-12.180773735,-0.0819920748472,0
1538768568834002311,25.059635552,carbonZ_2018-10-05-14-37-22_3_left_aileron_failure,aileron,9.55000019073,145.035736084,6.13795471191,305,0.484878212214,-0.194207042456,-128.570526123,-7.42732143402,-12.158821106,-0.0959856808186,0
1538768568868364615,25.093997856,carbonZ_2018-10-05-14-37-22_3_left_aileron_failure,aileron,9.55000019073,145.035736084,6.13795471191,305,0.484878212214,-0.194207042456,-128.570526123,-7.45637226105,-12.14523983,-0.0889192223549,0
1538768568957186023,25.182819264,carbonZ_2018-10-05-14-37-22_3_left_aileron_failure,aileron,9.53999996185,145.035736084,6.17152547836,306,-0.333678424358,-0.525947570801,-128.643554688,-7.49189853668,-12.1410131454,-0.0658479183912,0
1538768568978163559,25.2037968,carbonZ_2018-10-05-14-37-22_3_left_aileron_failure,aileron,9.53999996185,145.035736084,6.17152547836,306,-0.333678424358,-0.525947570801,-128.643554688,-7.50121116638,-12.1413173676,-0.0521705076098,0
1538768569024813863,25.250447104,carbonZ_2018-10-05-14-37-22_3_left_aileron_failure,aileron,9.53999996185,145.035736084,6.17152547836,306,-0.333678424358,-0.525947570801,-128.643554688,-7.51865005493,-12.1443281174,0.00477735791355,0
1538768569058856071,25.284489312,carbonZ_2018-10-05-14-37-22_3_left_aileron_failure,aileron,9.51999950409,141.710479736,6.20897054672,306,-0.333678424358,-0.525947570801,-128.643554688,-7.52946424484,-12.1493501663,0.0726444274187,0
1538768569138158375,25.363791616,carbonZ_2018-10-05-14-37-22_3_left_aileron_failure,aileron,9.51999950409,141.710479736,6.2380604744,307,-0.333678424358,-0.525947570801,-128.643554688,-7.53760099411,-12.1605205536,0.231183215976,0
1538768569186733159,25.4123664,carbonZ_2018-10-05-14-37-22_3_left_aileron_failure,aileron,9.51999950409,141.710479736,6.2380604744,307,-0.333678424358,-0.525947570801,-128.643554688,-7.54401683807,-12.1664552689,0.315886259079,0
1538768569205743303,25.431376544,carbonZ_2018-10-05-14-37-22_3_left_aileron_failure,aileron,9.51999950409,141.710479736,6.2380604744,307,-0.333678424358,-0.525947570801,-128.643554688,-7.54542064667,-12.1878004074,0.361489027739,0
1538768569271210343,25.496843584,carbonZ_2018-10-05-14-37-22_3_left_aileron_failure,aileron,9.53999996185,139.234924316,6.27368354797,308,-0.333678424358,-0.525947570801,-128.643554688,-7.55217981339,-12.1971063614,0.369608312845,0
1538768569380108295,25.605741536,carbonZ_2018-10-05-14-37-22_3_left_aileron_failure,aileron,9.56999969482,139.234924316,6.29829454422,309,5.95734071732,-1.15096080303,-130.993331909,-7.56466960907,-12.2181377411,0.454410463572,0
1538768569421086247,25.646719488,carbonZ_2018-10-05-14-37-22_3_left_aileron_failure,aileron,9.56999969482,139.234924316,6.29829454422,309,5.95734071732,-1.15096080303,-130.993331909,-7.58015537262,-12.2208814621,0.486919492483,0
1538768569503157703,25.728790944,carbonZ_2018-10-05-14-37-22_3_left_aileron_failure,aileron,9.60999965668,132.35836792,6.33682537079,310,5.95734071732,-1.15096080303,-130.993331909,-7.59385156631,-12.2266340256,0.499552994967,0
1538768569571729415,25.797362656,carbonZ_2018-10-05-14-37-22_3_left_aileron_failure,aileron,9.65999984741,132.35836792,6.35634851456,310,5.95734071732,-1.15096080303,-130.993331909,-7.62406587601,-12.229590416,0.489469796419,0
1538768569627498759,25.853132,carbonZ_2018-10-05-14-37-22_3_left_aileron_failure,aileron,9.71000003815,129.329971313,6.39039707184,311,5.95734071732,-1.15096080303,-130.993331909,-7.6434969902,-12.2418498993,0.478392034769,0
1538768569671017511,25.896650752,carbonZ_2018-10-05-14-37-22_3_left_aileron_failure,aileron,9.71000003815,129.329971313,6.39039707184,311,5.95734071732,-1.15096080303,-130.993331909,-7.64806890488,-12.2462291718,0.473658770323,0
1538768569723222023,25.948855264,carbonZ_2018-10-05-14-37-22_3_left_aileron_failure,aileron,9.71000003815,129.329971313,6.39039707184,311,6.0289607048,-1.23527109623,-131.448425293,-7.64831447601,-12.2762403488,0.447737663984,0
1538768569792643911,26.018277152,carbonZ_2018-10-05-14-37-22_3_left_aileron_failure,aileron,9.75,129.329971313,6.41718912125,312,6.0289607048,-1.23527109623,-131.448425293,-7.64793968201,-12.2835321426,0.447037100792,0
1538768569818194567,26.043827808,carbonZ_2018-10-05-14-37-22_3_left_aileron_failure,aileron,9.75,129.329971313,6.41718912125,312,6.0289607048,-1.23527109623,-131.448425293,-7.64847898483,-12.2933444977,0.46750330925,0
1538768569855897255,26.081530496,carbonZ_2018-10-05-14-37-22_3_left_aileron_failure,aileron,9.77999973297,124.296478271,6.44627952576,313,6.0289607048,-1.23527109623,-131.448425293,-7.64513683319,-12.3074884415,0.502805769444,0
1538768569905991911,26.131625152,carbonZ_2018-10-05-14-37-22_3_left_aileron_failure,aileron,9.77999973297,124.296478271,6.44627952576,313,6.0289607048,-1.23527109623,-131.448425293,-7.63432788849,-12.3322200775,0.558287680149,0
1538768569954921415,26.180554656,carbonZ_2018-10-05-14-37-22_3_left_aileron_failure,aileron,9.82999992371,124.296478271,6.47028160095,314,6.0289607048,-1.23527109623,-131.448425293,-7.62920379639,-12.3479576111,0.582039535046,0
1538768570031887751,26.257520992,carbonZ_2018-10-05-14-37-22_3_left_aileron_failure,aileron,9.82999992371,124.296478271,6.47028160095,314,7.97080850601,-1.42118895054,-129.246047974,-7.60639572144,-12.3959436417,0.568327188492,0
1538768570061821095,26.287454336,carbonZ_2018-10-05-14-37-22_3_left_aileron_failure,aileron,9.88000011444,118.463134766,6.49537181854,315,7.97080850601,-1.42118895054,-129.246047974,-7.59884214401,-12.4105415344,0.557004451752,0
1538768570101397831,26.327031072,carbonZ_2018-10-05-14-37-22_3_left_aileron_failure,aileron,9.88000011444,118.463134766,6.49537181854,315,7.97080850601,-1.42118895054,-129.246047974,-7.56573057175,-12.4674968719,0.535549938679,0
1538768570153657959,26.3792912,carbonZ_2018-10-05-14-37-22_3_left_aileron_failure,aileron,9.9299993515,118.463134766,6.5065407753,315,7.97080850601,-1.42118895054,-129.246047974,-7.54315328598,-12.4966592789,0.541544377804,0
1538768570211955527,26.437588768,carbonZ_2018-10-05-14-37-22_3_left_aileron_failure,aileron,9.9299993515,118.463134766,6.5065407753,315,7.97080850601,-1.42118895054,-129.246047974,-7.51458501816,-12.536113739,0.558275818825,0
1538768570248005543,26.473638784,carbonZ_2018-10-05-14-37-22_3_left_aileron_failure,aileron,9.97999954224,118.283370972,6.50597286224,316,7.97080850601,-1.42118895054,-129.246047974,-7.50128507614,-12.5527210236,0.564874768257,0
1538768570303358247,26.528991488,carbonZ_2018-10-05-14-37-22_3_left_aileron_failure,aileron,9.97999954224,118.283370972,6.50597286224,316,7.97080850601,-1.42118895054,-129.246047974,-7.45318889618,-12.6087017059,0.552597463131,0
1538768570358297671,26.583930912,carbonZ_2018-10-05-14-37-22_3_left_aileron_failure,aileron,10.029999733,118.283370972,6.49874305725,317,7.97080850601,-1.42118895054,-129.246047974,-7.42046499252,-12.645611763,0.537056922913,0
1538768570406186983,26.631820224,carbonZ_2018-10-05-14-37-22_3_left_aileron_failure,aileron,10.029999733,118.283370972,6.49874305725,317,7.97080850601,-1.42118895054,-129.246047974,-7.36354494095,-12.7038736343,0.516842842102,0
1538768570460519975,26.686153216,carbonZ_2018-10-05-14-37-22_3_left_aileron_failure,aileron,10.0799999237,112.374786377,6.48085927963,318,10.1903038025,-0.51572573185,-127.280479431,-7.30362510681,-12.7593383789,0.492299616337,0
1538768570508616423,26.734249664,carbonZ_2018-10-05-14-37-22_3_left_aileron_failure,aileron,10.0799999237,112.374786377,6.48085927963,318,10.1903038025,-0.51572573185,-127.280479431,-7.26073360443,-12.7987413406,0.484536379576,0
1538768570549993799,26.77562704,carbonZ_2018-10-05-14-37-22_3_left_aileron_failure,aileron,10.1199998856,112.374786377,6.43538951874,319,10.1903038025,-0.51572573185,-127.280479431,-7.22597551346,-12.8281030655,0.468515187502,0
1538768570697756391,26.923389632,carbonZ_2018-10-05-14-37-22_3_left_aileron_failure,aileron,10.1599998474,105.697250366,6.37418079376,320,10.1903038025,-0.51572573185,-127.280479431,-7.09056758881,-12.9322633743,0.404763251543,0
1538768570733704551,26.959337792,carbonZ_2018-10-05-14-37-22_3_left_aileron_failure,aileron,10.1999998093,105.697250366,6.30230951309,321,10.1903038025,-0.51572573185,-127.280479431,-7.05654811859,-12.9542627335,0.380192965269,0
1538768570771570087,26.997203328,carbonZ_2018-10-05-14-37-22_3_left_aileron_failure,aileron,10.1999998093,105.697250366,6.30230951309,321,10.1903038025,-0.51572573185,-127.280479431,-7.0224480629,-12.9746322632,0.360268652439,0
1538768570808831207,27.034464448,carbonZ_2018-10-05-14-37-22_3_left_aileron_failure,aileron,10.1999998093,105.697250366,6.30230951309,321,10.1903038025,-0.51572573185,-127.280479431,-6.98394727707,-12.9968328476,0.305866837502,0
1538768570847830311,27.073463552,carbonZ_2018-10-05-14-37-22_3_left_aileron_failure,aileron,10.2199993134,102.269935608,6.22995901108,322,10.1903038025,-0.51572573185,-127.280479431,-6.96400690079,-13.0085868835,0.279539197683,0
1538768570906668039,27.13230128,carbonZ_2018-10-05-14-37-22_3_left_aileron_failure,aileron,10.2199993134,102.269935608,6.22995901108,322,10.0784597397,1.44141864777,-128.015457153,-6.89663124084,-13.0427894592,0.202345520258,0
1538768570961207943,27.186841184,carbonZ_2018-10-05-14-37-22_3_left_aileron_failure,aileron,10.2399997711,102.269935608,6.14247512817,323,10.0784597397,1.44141864777,-128.015457153,-6.86848402023,-13.0546226501,0.178168669343,0
1538768571012488679,27.23812192,carbonZ_2018-10-05-14-37-22_3_left_aileron_failure,aileron,10.2399997711,102.269935608,6.14247512817,323,10.0784597397,1.44141864777,-128.015457153,-6.81196212769,-13.0757646561,0.151612639427,0
1538768571048606919,27.27424016,carbonZ_2018-10-05-14-37-22_3_left_aileron_failure,aileron,10.25,102.226165771,6.05620622635,324,10.0784597397,1.44141864777,-128.015457153,-6.78724241257,-13.0829076767,0.142802149057,0
1538768571105418087,27.331051328,carbonZ_2018-10-05-14-37-22_3_left_aileron_failure,aileron,10.25,102.226165771,6.05620622635,324,10.0784597397,1.44141864777,-128.015457153,-6.76424455643,-13.0876350403,0.13018861413,0
1538768571153488295,27.379121536,carbonZ_2018-10-05-14-37-22_3_left_aileron_failure,aileron,10.2600002289,102.226165771,5.95553636551,325,10.0784597397,1.44141864777,-128.015457153,-6.74201059341,-13.0908708572,0.113385766745,0
1538768571213914599,27.43954784,carbonZ_2018-10-05-14-37-22_3_left_aileron_failure,aileron,10.2600002289,102.226165771,5.95553636551,325,10.0784597397,1.44141864777,-128.015457153,-6.71288204193,-13.0898981094,0.0852406546474,0
1538768571265973479,27.49160672,carbonZ_2018-10-05-14-37-22_3_left_aileron_failure,aileron,10.2600002289,107.449249268,5.86369943619,326,6.9150056839,2.3383243084,-126.933982849,-6.68765354156,-13.0802049637,0.0383810661733,0
1538768571331410887,27.557044128,carbonZ_2018-10-05-14-37-22_3_left_aileron_failure,aileron,10.2600002289,107.449249268,5.75854921341,327,6.9150056839,2.3383243084,-126.933982849,-6.67361354828,-13.0756187439,-0.0261472109705,0
1538768571375719687,27.601352928,carbonZ_2018-10-05-14-37-22_3_left_aileron_failure,aileron,10.2600002289,107.449249268,5.75854921341,327,6.9150056839,2.3383243084,-126.933982849,-6.66685628891,-13.0714845657,-0.0713397711515,0
1538768571402337095,27.627970336,carbonZ_2018-10-05-14-37-22_3_left_aileron_failure,aileron,10.2600002289,107.449249268,5.75854921341,327,6.9150056839,2.3383243084,-126.933982849,-6.64654684067,-13.0512475967,-0.175519779325,0
1538768571442578279,27.66821152,carbonZ_2018-10-05-14-37-22_3_left_aileron_failure,aileron,10.25,175.916290283,5.65993356705,328,6.9150056839,2.3383243084,-126.933982849,-6.64297580719,-13.0446557999,-0.193250879645,0
1538768571501236007,27.726869248,carbonZ_2018-10-05-14-37-22_3_left_aileron_failure,aileron,10.25,175.916290283,5.65993356705,328,6.9150056839,2.3383243084,-126.933982849,-6.63910770416,-13.0250644684,-0.227383330464,0
1538768571565713831,27.791347072,carbonZ_2018-10-05-14-37-22_3_left_aileron_failure,aileron,10.2299995422,175.916290283,5.55430459976,329,6.9150056839,2.3383243084,-126.933982849,-6.63518762589,-13.0020942688,-0.246742457151,0
1538768571618416263,27.844049504,carbonZ_2018-10-05-14-37-22_3_left_aileron_failure,aileron,10.2299995422,175.916290283,5.55430459976,329,6.9150056839,2.3383243084,-126.933982849,-6.63355398178,-12.9859466553,-0.263362109661,0
1538768571668737415,27.894370656,carbonZ_2018-10-05-14-37-22_3_left_aileron_failure,aileron,10.1999998093,179.544540405,5.46307373047,330,2.67829799652,2.93058872223,-125.82686615,-6.63358163834,-12.9603090286,-0.30302631855,0
1538768571758497191,27.984130432,carbonZ_2018-10-05-14-37-22_3_left_aileron_failure,aileron,10.1700000763,179.544540405,5.36131811142,331,2.67829799652,2.93058872223,-125.82686615,-6.64774417877,-12.9153175354,-0.358515799046,0
1538768571822349191,28.047982432,carbonZ_2018-10-05-14-37-22_3_left_aileron_failure,aileron,10.1700000763,179.544540405,5.36131811142,331,2.67829799652,2.93058872223,-125.82686615,-6.66318702698,-12.8744297028,-0.405955195427,0
1538768571841411079,28.06704432,carbonZ_2018-10-05-14-37-22_3_left_aileron_failure,aileron,10.1199998856,187.743850708,5.28352832794,332,2.67829799652,2.93058872223,-125.82686615,-6.66318702698,-12.8744297028,-0.405955195427,0
1538768571912239847,28.137873088,carbonZ_2018-10-05-14-37-22_3_left_aileron_failure,aileron,10.1199998856,187.743850708,5.28352832794,332,2.67829799652,2.93058872223,-125.82686615,-6.70038366318,-12.8041057587,-0.439554214478,0
1538768571940941959,28.1665752,carbonZ_2018-10-05-14-37-22_3_left_aileron_failure,aileron,10.0699996948,187.743850708,5.20343971252,333,2.67829799652,2.93058872223,-125.82686615,-6.71582317352,-12.774017334,-0.452035665512,0
1538768572022903719,28.24853696,carbonZ_2018-10-05-14-37-22_3_left_aileron_failure,aileron,10.0699996948,187.743850708,5.20343971252,333,2.67829799652,2.93058872223,-125.82686615,-6.74222993851,-12.725569725,-0.468983054161,0
1538768572053045991,28.278679232,carbonZ_2018-10-05-14-37-22_3_left_aileron_failure,aileron,10.0199995041,196.472640991,5.14405107498,334,-0.27620857954,2.93080163002,-127.020210266,-6.76720333099,-12.6912822723,-0.491469293833,0
1538768572112657031,28.338290272,carbonZ_2018-10-05-14-37-22_3_left_aileron_failure,aileron,10.0199995041,196.472640991,5.14405107498,334,-0.27620857954,2.93080163002,-127.020210266,-6.8024353981,-12.6452083588,-0.531178832054,0
1538768572163236903,28.388870144,carbonZ_2018-10-05-14-37-22_3_left_aileron_failure,aileron,9.96999931335,196.472640991,5.08018016815,335,-0.27620857954,2.93080163002,-127.020210266,-6.83797883987,-12.5948581696,-0.537396371365,0
1538768572207536775,28.433170016,carbonZ_2018-10-05-14-37-22_3_left_aileron_failure,aileron,9.96999931335,196.472640991,5.08018016815,335,-0.27620857954,2.93080163002,-127.020210266,-6.88002824783,-12.5433368683,-0.489680796862,0
1538768572260692231,28.486325472,carbonZ_2018-10-05-14-37-22_3_left_aileron_failure,aileron,9.90999984741,196.955688477,5.03362417221,336,-0.27620857954,2.93080163002,-127.020210266,-6.90621232986,-12.5126161575,-0.444731533527,0
1538768572335286503,28.560919744,carbonZ_2018-10-05-14-37-22_3_left_aileron_failure,aileron,9.90999984741,196.955688477,5.03362417221,336,-0.27620857954,2.93080163002,-127.020210266,-6.94238805771,-12.466919899,-0.379723548889,0
1538768572406507943,28.632141184,carbonZ_2018-10-05-14-37-22_3_left_aileron_failure,aileron,9.85999965668,196.955688477,4.9931139946,337,-0.27620857954,2.93080163002,-127.020210266,-6.99089813232,-12.4156074524,-0.304376512766,0
1538768572426629767,28.652263008,carbonZ_2018-10-05-14-37-22_3_left_aileron_failure,aileron,9.85999965668,196.955688477,4.9931139946,337,-0.27620857954,2.93080163002,-127.020210266,-7.01617860794,-12.386756897,-0.2427072227,0
1538768572444524679,28.67015792,carbonZ_2018-10-05-14-37-22_3_left_aileron_failure,aileron,9.82999992371,203.011703491,4.98601961136,338,-0.27620857954,2.93080163002,-127.020210266,-7.04069328308,-12.3604373932,-0.184196934104,0
1538768572540255079,28.76588832,carbonZ_2018-10-05-14-37-22_3_left_aileron_failure,aileron,9.82999992371,203.011703491,4.98601961136,338,-0.27620857954,2.93080163002,-127.020210266,-7.08341026306,-12.321310997,-0.111778698862,0
1538768572571761511,28.797394752,carbonZ_2018-10-05-14-37-22_3_left_aileron_failure,aileron,9.80000019073,203.011703491,4.97287082672,339,-0.959147036076,1.77740931511,-128.998306274,-7.10112285614,-12.3061542511,-0.0953344330192,0
1538768572603137511,28.828770752,carbonZ_2018-10-05-14-37-22_3_left_aileron_failure,aileron,9.80000019073,203.011703491,4.97287082672,339,-0.959147036076,1.77740931511,-128.998306274,-7.16373348236,-12.2505559921,-0.0610842518508,0
1538768572643303399,28.86893664,carbonZ_2018-10-05-14-37-22_3_left_aileron_failure,aileron,9.78999996185,211.54069519,4.97860097885,340,-0.959147036076,1.77740931511,-128.998306274,-7.18166399002,-12.2350273132,-0.0600561276078,0
1538768572738782983,28.964416224,carbonZ_2018-10-05-14-37-22_3_left_aileron_failure,aileron,9.77999973297,211.54069519,4.96884584427,341,-0.959147036076,1.77740931511,-128.998306274,-7.23023080826,-12.1972770691,-0.0735860019922,0
1538768572751314183,28.976947424,carbonZ_2018-10-05-14-37-22_3_left_aileron_failure,aileron,9.77999973297,211.54069519,4.96884584427,341,-0.959147036076,1.77740931511,-128.998306274,-7.24202871323,-12.1877317429,-0.0782338604331,0
1538768572793617639,29.01925088,carbonZ_2018-10-05-14-37-22_3_left_aileron_failure,aileron,9.77999973297,211.54069519,4.96884584427,341,-0.959147036076,1.77740931511,-128.998306274,-7.26787900925,-12.1687879562,-0.0841957032681,0
1538768572819981383,29.045614624,carbonZ_2018-10-05-14-37-22_3_left_aileron_failure,aileron,9.77999973297,211.54069519,4.96884584427,341,-0.959147036076,1.77740931511,-128.998306274,-7.28672218323,-12.1543645859,-0.0862332433462,0
1538768572868780039,29.09441328,carbonZ_2018-10-05-14-37-22_3_left_aileron_failure,aileron,9.77999973297,214.738372803,4.99297761917,341,-0.959147036076,1.77740931511,-128.998306274,-7.30164432526,-12.144908905,-0.0869326665998,0
1538768572964217767,29.189851008,carbonZ_2018-10-05-14-37-22_3_left_aileron_failure,aileron,9.76999950409,214.738372803,5.00584840775,342,-0.959147036076,1.77740931511,-128.998306274,-7.33306455612,-12.1251564026,-0.078091070056,0
1538768572987270407,29.212903648,carbonZ_2018-10-05-14-37-22_3_left_aileron_failure,aileron,9.76999950409,214.738372803,5.00584840775,342,2.71365761757,1.34941601753,-130.024353027,-7.34021615982,-12.1202611923,-0.0773226693273,0
1538768573030717863,29.256351104,carbonZ_2018-10-05-14-37-22_3_left_aileron_failure,aileron,9.76999950409,214.738372803,5.00584840775,342,2.71365761757,1.34941601753,-130.024353027,-7.35773420334,-12.110496521,-0.0646368041635,0
1538768573065870471,29.291503712,carbonZ_2018-10-05-14-37-22_3_left_aileron_failure,aileron,9.76999950409,214.353561401,5.03397941589,343,2.71365761757,1.34941601753,-130.024353027,-7.36938142776,-12.1020698547,-0.0519591867924,0
1538768573130540807,29.356174048,carbonZ_2018-10-05-14-37-22_3_left_aileron_failure,aileron,9.76999950409,214.353561401,5.03397941589,343,2.71365761757,1.34941601753,-130.024353027,-7.38502311707,-12.0967817307,-0.0177425164729,0
1538768573181130119,29.40676336,carbonZ_2018-10-05-14-37-22_3_left_aileron_failure,aileron,9.76000022888,214.353561401,5.04745292664,344,2.71365761757,1.34941601753,-130.024353027,-7.38899803162,-12.0950632095,-0.0030297646299,0
1538768573251458663,29.477091904,carbonZ_2018-10-05-14-37-22_3_left_aileron_failure,aileron,9.76000022888,213.908569336,5.08550643921,345,2.71365761757,1.34941601753,-130.024353027,-7.41096401215,-12.0792531967,0.0556610934436,0
1538768573300385959,29.5260192,carbonZ_2018-10-05-14-37-22_3_left_aileron_failure,aileron,9.76000022888,213.908569336,5.08550643921,345,2.71365761757,1.34941601753,-130.024353027,-7.42065572739,-12.071928978,0.0608296431601,0
1538768573359091111,29.584724352,carbonZ_2018-10-05-14-37-22_3_left_aileron_failure,aileron,9.76000022888,213.908569336,5.10515546799,346,2.71365761757,1.34941601753,-130.024353027,-7.43371915817,-12.0623674393,0.075290709734,0
1538768573403522663,29.629155904,carbonZ_2018-10-05-14-37-22_3_left_aileron_failure,aileron,9.76000022888,213.908569336,5.10515546799,346,3.60268354416,0.879411280155,-130.927398682,-7.45300912857,-12.0490484238,0.117630489171,0
1538768573445160679,29.67079392,carbonZ_2018-10-05-14-37-22_3_left_aileron_failure,aileron,9.76999950409,214.101593018,5.13716077805,347,3.60268354416,0.879411280155,-130.927398682,-7.46505212784,-12.0441579819,0.138981789351,0
1538768573537084903,29.762718144,carbonZ_2018-10-05-14-37-22_3_left_aileron_failure,aileron,9.76999950409,214.101593018,5.13716077805,347,3.60268354416,0.879411280155,-130.927398682,-7.48022174835,-12.0375623703,0.151127099991,0
1538768573564340711,29.789973952,carbonZ_2018-10-05-14-37-22_3_left_aileron_failure,aileron,9.76999950409,214.101593018,5.16129159927,348,3.60268354416,0.879411280155,-130.927398682,-7.4869184494,-12.0351247787,0.153928145766,0
1538768573584129127,29.809762368,carbonZ_2018-10-05-14-37-22_3_left_aileron_failure,aileron,9.76999950409,214.101593018,5.16129159927,348,3.60268354416,0.879411280155,-130.927398682,-7.4951748848,-12.0312995911,0.149318218231,0
1538768573646183431,29.871816672,carbonZ_2018-10-05-14-37-22_3_left_aileron_failure,aileron,9.77999973297,208.833129883,5.20878171921,349,3.60268354416,0.879411280155,-130.927398682,-7.51854705811,-12.0226593018,0.140216335654,0
1538768573675845095,29.901478336,carbonZ_2018-10-05-14-37-22_3_left_aileron_failure,aileron,9.77999973297,208.833129883,5.20878171921,349,3.60268354416,0.879411280155,-130.927398682,-7.52395391464,-12.0213346481,0.139165118337,0
1538768573767851303,29.993484544,carbonZ_2018-10-05-14-37-22_3_left_aileron_failure,aileron,9.78999996185,208.833129883,5.25397205353,350,3.60268354416,0.879411280155,-130.927398682,-7.54638528824,-12.0257816315,0.022594243288,0
1538768573832521351,30.058154592,carbonZ_2018-10-05-14-37-22_3_left_aileron_failure,aileron,9.78999996185,208.833129883,5.25397205353,350,4.55876255035,1.21097195148,-130.718933105,-7.54972171783,-12.0337982178,-0.0662071928382,0
1538768573864680199,30.09031344,carbonZ_2018-10-05-14-37-22_3_left_aileron_failure,aileron,9.78999996185,218.021011353,5.29202270508,351,4.55876255035,1.21097195148,-130.718933105,-7.54813623428,-12.0412912369,-0.120588265359,0
1538768573958975591,30.184608832,carbonZ_2018-10-05-14-37-22_3_left_aileron_failure,aileron,9.76999950409,218.021011353,5.33394765854,352,4.55876255035,1.21097195148,-130.718933105,-7.55171394348,-12.0465421677,-0.231412827969,0
1538768573978998375,30.204631616,carbonZ_2018-10-05-14-37-22_3_left_aileron_failure,aileron,9.76999950409,218.021011353,5.33394765854,352,4.55876255035,1.21097195148,-130.718933105,-7.55126523972,-12.048242569,-0.318369865417,0
1538768574018697031,30.244330272,carbonZ_2018-10-05-14-37-22_3_left_aileron_failure,aileron,9.76999950409,218.021011353,5.33394765854,352,4.55876255035,1.21097195148,-130.718933105,-7.54800367355,-12.052148819,-0.400312364101,0
1538768574087570279,30.31320352,carbonZ_2018-10-05-14-37-22_3_left_aileron_failure,aileron,9.72999954224,207.921508789,5.37199831009,353,4.55876255035,1.21097195148,-130.718933105,-7.53770160675,-12.0584087372,-0.481807887554,0
1538768574125175367,30.350808608,carbonZ_2018-10-05-14-37-22_3_left_aileron_failure,aileron,9.72999954224,207.921508789,5.37199831009,353,4.55876255035,1.21097195148,-130.718933105,-7.52856636047,-12.0634384155,-0.518343389034,0
1538768574180945543,30.406578784,carbonZ_2018-10-05-14-37-22_3_left_aileron_failure,aileron,9.6799993515,207.921508789,5.38982963562,354,4.55876255035,1.21097195148,-130.718933105,-7.52164125443,-12.0654363632,-0.526080906391,0
1538768574225151399,30.45078464,carbonZ_2018-10-05-14-37-22_3_left_aileron_failure,aileron,9.6799993515,207.921508789,5.38982963562,354,4.72156047821,1.86718797684,-130.669723511,-7.51097393036,-12.0667648315,-0.50924795866,0
1538768574287080903,30.512714144,carbonZ_2018-10-05-14-37-22_3_left_aileron_failure,aileron,9.61999988556,205.303009033,5.43284034729,355,4.72156047821,1.86718797684,-130.669723511,-7.49541759491,-12.0712709427,-0.496802031994,0
1538768574323132487,30.548765728,carbonZ_2018-10-05-14-37-22_3_left_aileron_failure,aileron,9.61999988556,205.303009033,5.43284034729,355,4.72156047821,1.86718797684,-130.669723511,-7.49141740799,-12.0697193146,-0.469180494547,0
1538768574421445671,30.647078912,carbonZ_2018-10-05-14-37-22_3_left_aileron_failure,aileron,9.55999946594,205.303009033,5.45201206207,356,4.72156047821,1.86718797684,-130.669723511,-7.48571109772,-12.0623703003,-0.341454029083,0
1538768574443867047,30.669500288,carbonZ_2018-10-05-14-37-22_3_left_aileron_failure,aileron,9.55999946594,205.303009033,5.45201206207,356,4.72156047821,1.86718797684,-130.669723511,-7.48345899582,-12.062046051,-0.31373244524,0
1538768574487091239,30.71272448,carbonZ_2018-10-05-14-37-22_3_left_aileron_failure,aileron,9.51000022888,210.328094482,5.47940921783,357,4.72156047821,1.86718797684,-130.669723511,-7.48688650131,-12.0540733337,-0.249305903912,0
1538768574531172455,30.756805696,carbonZ_2018-10-05-14-37-22_3_left_aileron_failure,aileron,9.51000022888,210.328094482,5.47940921783,357,4.72156047821,1.86718797684,-130.669723511,-7.48661899567,-12.0526924133,-0.208029434085,0
1538768574570675719,30.79630896,carbonZ_2018-10-05-14-37-22_3_left_aileron_failure,aileron,9.46999931335,210.328094482,5.50401830673,358,4.72156047821,1.86718797684,-130.669723511,-7.48791503906,-12.0486917496,-0.180293604732,0
1538768574631285831,30.856919072,carbonZ_2018-10-05-14-37-22_3_left_aileron_failure,aileron,9.46999931335,210.328094482,5.50401830673,358,4.22250747681,1.47440361977,-131.164428711,-7.49232244492,-12.0404138565,-0.127400413156,0
1538768574687029639,30.91266288,carbonZ_2018-10-05-14-37-22_3_left_aileron_failure,aileron,9.44999980927,207.884979248,5.5348110199,359,4.22250747681,1.47440361977,-131.164428711,-7.49256420135,-12.04002285,-0.0947012528777,0
1538768574724329735,30.949962976,carbonZ_2018-10-05-14-37-22_3_left_aileron_failure,aileron,9.43999958038,207.884979248,5.54950094223,360,4.22250747681,1.47440361977,-131.164428711,-7.49995231628,-12.0361804962,-0.0667240768671,0
1538768574781163751,31.006796992,carbonZ_2018-10-05-14-37-22_3_left_aileron_failure,aileron,9.43999958038,207.884979248,5.54950094223,360,4.22250747681,1.47440361977,-131.164428711,-7.50470304489,-12.0347929001,-0.0597130320966,0
1538768574824710759,31.050344,carbonZ_2018-10-05-14-37-22_3_left_aileron_failure,aileron,9.43999958038,207.884979248,5.54950094223,360,4.22250747681,1.47440361977,-131.164428711,-7.51073360443,-12.0319519043,-0.0690149888396,0
1538768574878582343,31.104215584,carbonZ_2018-10-05-14-37-22_3_left_aileron_failure,aileron,9.43999958038,208.168411255,5.58802986145,361,4.22250747681,1.47440361977,-131.164428711,-7.51823949814,-12.0273208618,-0.0751695483923,0
1538768574971492391,31.197125632,carbonZ_2018-10-05-14-37-22_3_left_aileron_failure,aileron,9.4299993515,208.168411255,5.61046981812,362,4.22250747681,1.47440361977,-131.164428711,-7.528424263,-12.0277070999,-0.0654645338655,0
1538768575006888647,31.232521888,carbonZ_2018-10-05-14-37-22_3_left_aileron_failure,aileron,9.4299993515,208.168411255,5.61046981812,362,3.24419784546,1.05809080601,-131.147521973,-7.54601621628,-12.0194959641,-0.043569624424,0
1538768575055530375,31.281163616,carbonZ_2018-10-05-14-37-22_3_left_aileron_failure,aileron,9.42000007629,212.076385498,5.64851903915,363,3.24419784546,1.05809080601,-131.147521973,-7.55892896652,-12.0158748627,-0.0194224771112,0
1538768575084981223,31.310614464,carbonZ_2018-10-05-14-37-22_3_left_aileron_failure,aileron,9.42000007629,212.076385498,5.64851903915,363,3.24419784546,1.05809080601,-131.147521973,-7.56326627731,-12.0136518478,-0.0053796148859,0
1538768575155398471,31.381031712,carbonZ_2018-10-05-14-37-22_3_left_aileron_failure,aileron,9.40999984741,212.076385498,5.6770029068,364,3.24419784546,1.05809080601,-131.147521973,-7.59342479706,-12.0048122406,0.111629515886,0
1538768575241279687,31.466912928,carbonZ_2018-10-05-14-37-22_3_left_aileron_failure,aileron,9.40999984741,212.076385498,5.6770029068,364,3.24419784546,1.05809080601,-131.147521973,-7.59516620636,-12.0067243576,0.167556166649,0
1538768575309807079,31.53544032,carbonZ_2018-10-05-14-37-22_3_left_aileron_failure,aileron,9.42000007629,214.032455444,5.72897338867,365,3.24419784546,1.05809080601,-131.147521973,-7.5966463089,-12.013010025,0.304036438465,0
1538768575364850759,31.590484,carbonZ_2018-10-05-14-37-22_3_left_aileron_failure,aileron,9.43999958038,214.032455444,5.77150440216,366,4.84018373489,0.149031206965,-131.122848511,-7.59273815155,-12.0199136734,0.376590818167,0
1538768575383942695,31.609575936,carbonZ_2018-10-05-14-37-22_3_left_aileron_failure,aileron,9.43999958038,214.032455444,5.77150440216,366,4.84018373489,0.149031206965,-131.122848511,-7.58879566193,-12.0258045197,0.410180717707,0
1538768575477744935,31.703378176,carbonZ_2018-10-05-14-37-22_3_left_aileron_failure,aileron,9.47999954224,209.790222168,5.80277633667,367,4.84018373489,0.149031206965,-131.122848511,-7.57190704346,-12.0535478592,0.50939822197,0
1538768575525989127,31.751622368,carbonZ_2018-10-05-14-37-22_3_left_aileron_failure,aileron,9.47999954224,209.790222168,5.80277633667,367,4.84018373489,0.149031206965,-131.122848511,-7.55554294586,-12.075958252,0.520462274551,0
1538768575582666727,31.808299968,carbonZ_2018-10-05-14-37-22_3_left_aileron_failure,aileron,9.51999950409,209.790222168,5.83682584763,368,4.84018373489,0.149031206965,-131.122848511,-7.54457092285,-12.0870609283,0.52615404129,0
1538768575680234055,31.905867296,carbonZ_2018-10-05-14-37-22_3_left_aileron_failure,aileron,9.57999992371,208.385284424,5.86482906342,369,4.84018373489,0.149031206965,-131.122848511,-7.51013803482,-12.1175260544,0.519061088562,0
1538768575776547591,32.002180832,carbonZ_2018-10-05-14-37-22_3_left_aileron_failure,aileron,9.63000011444,208.385284424,5.88895940781,370,7.13019323349,0.613729536533,-131.725982666,-7.46655416489,-12.1575994492,0.489379823208,0
1538768575837650791,32.063284032,carbonZ_2018-10-05-14-37-22_3_left_aileron_failure,aileron,9.63000011444,208.385284424,5.88895940781,370,7.13019323349,0.613729536533,-131.725982666,-7.44278383255,-12.177069664,0.448468893766,0
1538768575885239079,32.11087232,carbonZ_2018-10-05-14-37-22_3_left_aileron_failure,aileron,9.6799993515,207.391830444,5.9086098671,371,7.13019323349,0.613729536533,-131.725982666,-7.41275978088,-12.2034406662,0.387297987938,0
1538768575918597095,32.144230336,carbonZ_2018-10-05-14-37-22_3_left_aileron_failure,aileron,9.6799993515,207.391830444,5.9086098671,371,7.13019323349,0.613729536533,-131.725982666,-7.39087152481,-12.2213459015,0.373880624771,0
1538768575999995559,32.2256288,carbonZ_2018-10-05-14-37-22_3_left_aileron_failure,aileron,9.71999931335,207.391830444,5.90150547028,372,7.13019323349,0.613729536533,-131.725982666,-7.37439393997,-12.2335186005,0.318645358086,0
1538768576029382087,32.255015328,carbonZ_2018-10-05-14-37-22_3_left_aileron_failure,aileron,9.75,214.568511963,5.90680599213,373,7.13019323349,0.613729536533,-131.725982666,-7.35819244385,-12.2476949692,0.248270347714,0
1538768576081961607,32.307594848,carbonZ_2018-10-05-14-37-22_3_left_aileron_failure,aileron,9.75,214.568511963,5.90680599213,373,6.80284643173,1.7105897665,-132.023956299,-7.33633947372,-12.265583992,0.150457084179,0
1538768576125236743,32.350869984,carbonZ_2018-10-05-14-37-22_3_left_aileron_failure,aileron,9.75,214.568511963,5.90680599213,373,6.80284643173,1.7105897665,-132.023956299,-7.31643342972,-12.2830839157,0.0733773708344,0
1538768576160112935,32.385746176,carbonZ_2018-10-05-14-37-22_3_left_aileron_failure,aileron,9.76000022888,214.568511963,5.89676952362,374,6.80284643173,1.7105897665,-132.023956299,-7.30753993988,-12.2863445282,0.0487211309373,0
1538768576240215655,32.465848896,carbonZ_2018-10-05-14-37-22_3_left_aileron_failure,aileron,9.76000022888,214.568511963,5.89676952362,374,6.80284643173,1.7105897665,-132.023956299,-7.29399967194,-12.2896146774,0.0167563911527,0
1538768576292325703,32.517958944,carbonZ_2018-10-05-14-37-22_3_left_aileron_failure,aileron,9.76000022888,205.878067017,5.88897609711,375,6.80284643173,1.7105897665,-132.023956299,-7.28656196594,-12.2908525467,-0.0518522001803,0
1538768576354872775,32.580506016,carbonZ_2018-10-05-14-37-22_3_left_aileron_failure,aileron,9.73999977112,205.878067017,5.87621831894,376,6.80284643173,1.7105897665,-132.023956299,-7.27590703964,-12.2946805954,-0.131336092949,0
1538768576369222119,32.59485536,carbonZ_2018-10-05-14-37-22_3_left_aileron_failure,aileron,9.73999977112,205.878067017,5.87621831894,376,6.80284643173,1.7105897665,-132.023956299,-7.27137756348,-12.2944717407,-0.14968881011,0
1538768576436313415,32.661946656,carbonZ_2018-10-05-14-37-22_3_left_aileron_failure,aileron,9.73999977112,205.878067017,5.87621831894,376,6.80284643173,1.7105897665,-132.023956299,-7.26818180084,-12.2923154831,-0.171288222075,0
1538768576499031847,32.724665088,carbonZ_2018-10-05-14-37-22_3_left_aileron_failure,aileron,9.71999931335,196.682830811,5.74687337875,377,5.04114294052,2.35387539864,-132.049087524,-7.26631546021,-12.2859048843,-0.176939934492,0
1538768576526818407,32.752451648,carbonZ_2018-10-05-14-37-22_3_left_aileron_failure,aileron,9.71999931335,196.682830811,5.74687337875,377,5.04114294052,2.35387539864,-132.049087524,-7.26330947876,-12.2814884186,-0.169258892536,0
1538768576561836999,32.78747024,carbonZ_2018-10-05-14-37-22_3_left_aileron_failure,aileron,9.68999958038,195.682815552,5.73731327057,378,5.04114294052,2.35387539864,-132.049087524,-7.26744747162,-12.2704973221,-0.159439429641,0
1538768576644692039,32.87032528,carbonZ_2018-10-05-14-37-22_3_left_aileron_failure,aileron,9.68999958038,195.682815552,5.73731327057,378,5.04114294052,2.35387539864,-132.049087524,-7.26581144333,-12.2567844391,-0.124165460467,0
1538768576676370631,32.902003872,carbonZ_2018-10-05-14-37-22_3_left_aileron_failure,aileron,9.65999984741,210.088165283,5.49348115921,379,5.04114294052,2.35387539864,-132.049087524,-7.25891447067,-12.2542152405,-0.0999591574073,0
1538768576725667079,32.95130032,carbonZ_2018-10-05-14-37-22_3_left_aileron_failure,aileron,9.63999938965,211.088180542,5.49723005295,380,5.04114294052,2.35387539864,-132.049087524,-7.25891447067,-12.2542152405,-0.0999591574073,0
1538768576770191495,32.995824736,carbonZ_2018-10-05-14-37-22_3_left_aileron_failure,aileron,9.63999938965,211.088180542,5.49723005295,380,5.04114294052,2.35387539864,-132.049087524,-7.24453210831,-12.2438898087,-0.0634785890579,0
1538768576859182311,33.084815552,carbonZ_2018-10-05-14-37-22_3_left_aileron_failure,aileron,9.63000011444,211.406326294,5.52602577209,381,5.04114294052,2.35387539864,-132.049087524,-7.22078037262,-12.2510595322,-0.0354863665998,0
1538768576871511271,33.097144512,carbonZ_2018-10-05-14-37-22_3_left_aileron_failure,aileron,9.63000011444,211.406326294,5.52602577209,381,5.04114294052,2.35387539864,-132.049087524,-7.21598911285,-12.2500534058,-0.0373216941953,0
1538768576951966599,33.17759984,carbonZ_2018-10-05-14-37-22_3_left_aileron_failure,aileron,9.61999988556,211.406326294,4.74508285522,382,5.66044378281,1.69885110855,-130.412155151,-7.19017124176,-12.2617969513,-0.0209110248834,0
1538768576997440359,33.2230736,carbonZ_2018-10-05-14-37-22_3_left_aileron_failure,aileron,9.61999988556,211.406326294,4.74508285522,382,5.66044378281,1.69885110855,-130.412155151,-7.17430734634,-12.2705106735,-0.00567236123607,0
1538768577045734407,33.271367648,carbonZ_2018-10-05-14-37-22_3_left_aileron_failure,aileron,9.60999965668,211.734680176,4.79940366745,383,5.66044378281,1.69885110855,-130.412155151,-7.15138483047,-12.2835350037,-0.0086583988741,0
1538768577070169159,33.2958024,carbonZ_2018-10-05-14-37-22_3_left_aileron_failure,aileron,9.60999965668,211.734680176,4.79940366745,383,5.66044378281,1.69885110855,-130.412155151,-7.14058637619,-12.2906312943,-0.00968644581735,0
1538768577142147239,33.36778048,carbonZ_2018-10-05-14-37-22_3_left_aileron_failure,aileron,9.60999965668,211.734680176,4.79940366745,383,5.66044378281,1.69885110855,-130.412155151,-7.10260772705,-12.318151474,-0.0206121876836,0
1538768577173716135,33.399349376,carbonZ_2018-10-05-14-37-22_3_left_aileron_failure,aileron,9.60999965668,211.734680176,3.95619797707,384,5.66044378281,1.69885110855,-130.412155151,-7.08170604706,-12.3303670883,-0.00594528857619,0
1538768577258091847,33.483725088,carbonZ_2018-10-05-14-37-22_3_left_aileron_failure,aileron,9.5999994278,209.991546631,4.05428886414,386,6.81120491028,1.71530008316,-130.562637329,-7.06001615524,-12.3452205658,-0.00230390299112,0
1538768577269878023,33.495511264,carbonZ_2018-10-05-14-37-22_3_left_aileron_failure,aileron,9.5999994278,209.991546631,4.05428886414,386,6.81120491028,1.71530008316,-130.562637329,-7.05405187607,-12.3500413895,-0.00625606626272,0
1538768577356332903,33.581966144,carbonZ_2018-10-05-14-37-22_3_left_aileron_failure,aileron,9.59000015259,209.991546631,4.13860988617,387,6.81120491028,1.71530008316,-130.562637329,-7.03695106506,-12.3592357635,-0.035289183259,0
1538768577401555911,33.627189152,carbonZ_2018-10-05-14-37-22_3_left_aileron_failure,aileron,9.59000015259,209.991546631,4.13860988617,387,6.81120491028,1.71530008316,-130.562637329,-7.02538013458,-12.3643894196,-0.0378929637372,0
1538768577448952935,33.674586176,carbonZ_2018-10-05-14-37-22_3_left_aileron_failure,aileron,9.57999992371,214.583404541,3.70159387589,388,6.81120491028,1.71530008316,-130.562637329,-7.0181427002,-12.3645706177,-0.0398358888924,0
1538768577478879303,33.704512544,carbonZ_2018-10-05-14-37-22_3_left_aileron_failure,aileron,9.57999992371,214.583404541,3.70159387589,388,6.81120491028,1.71530008316,-130.562637329,-7.01457595825,-12.3681840897,-0.0320822037756,0
1538768577513849319,33.73948256,carbonZ_2018-10-05-14-37-22_3_left_aileron_failure,aileron,9.57999992371,214.583404541,3.70159387589,388,6.81120491028,1.71530008316,-130.562637329,-6.99375247955,-12.3818082809,-0.0730454921722,0
1538768577576965991,33.802599232,carbonZ_2018-10-05-14-37-22_3_left_aileron_failure,aileron,9.56999969482,214.583404541,3.81570363045,389,6.81120491028,1.71530008316,-130.562637329,-6.98121833801,-12.3883476257,-0.107979528606,0
1538768577625615879,33.85124912,carbonZ_2018-10-05-14-37-22_3_left_aileron_failure,aileron,9.56999969482,214.583404541,3.81570363045,389,6.81120491028,1.71530008316,-130.562637329,-6.96213912964,-12.3923597336,-0.1797875911,0
1538768577677831303,33.903464544,carbonZ_2018-10-05-14-37-22_3_left_aileron_failure,aileron,9.53999996185,220.584197998,1.92506659031,390,6.81120491028,1.71530008316,-130.562637329,-6.94889116287,-12.397151947,-0.237752959132,0
1538768577772053575,33.997686816,carbonZ_2018-10-05-14-37-22_3_left_aileron_failure,aileron,9.51000022888,220.584197998,2.1370241642,391,6.83336257935,1.78600788116,-131.513137817,-6.90377521515,-12.4170284271,-0.337714731693,0
1538768577866495495,34.092128736,carbonZ_2018-10-05-14-37-22_3_left_aileron_failure,aileron,9.46000003815,214.3699646,2.35519719124,392,6.83336257935,1.78600788116,-131.513137817,-6.85131263733,-12.451751709,-0.422842383385,0
1538768577927304647,34.152937888,carbonZ_2018-10-05-14-37-22_3_left_aileron_failure,aileron,9.46000003815,214.3699646,2.35519719124,392,6.83336257935,1.78600788116,-131.513137817,-6.81223964691,-12.4814453125,-0.417218416929,0
1538768577981516647,34.207149888,carbonZ_2018-10-05-14-37-22_3_left_aileron_failure,aileron,9.39999961853,214.3699646,1.7943956852,393,6.83336257935,1.78600788116,-131.513137817,-6.78481435776,-12.4985685349,-0.411675900221,0
1538768578066741415,34.292374656,carbonZ_2018-10-05-14-37-22_3_left_aileron_failure,aileron,9.3499994278,220.434280396,2.03938007355,394,6.83336257935,1.78600788116,-131.513137817,-6.73696899414,-12.5339679718,-0.344287186861,0
1538768578123424167,34.349057408,carbonZ_2018-10-05-14-37-22_3_left_aileron_failure,aileron,9.3499994278,220.434280396,2.03938007355,394,9.59371948242,1.46477520466,-131.176040649,-6.69946432114,-12.5591278076,-0.324612528086,0
1538768578176815367,34.402448608,carbonZ_2018-10-05-14-37-22_3_left_aileron_failure,aileron,9.30000019073,220.434280396,-0.266083925962,396,9.59371948242,1.46477520466,-131.176040649,-6.67653226852,-12.5702466965,-0.330967992544,0
1538768578243843559,34.4694768,carbonZ_2018-10-05-14-37-22_3_left_aileron_failure,aileron,9.26000022888,218.915374756,0.111164696515,397,9.59371948242,1.46477520466,-131.176040649,-6.65465068817,-12.585735321,-0.332391142845,0
1538768578290079751,34.515712992,carbonZ_2018-10-05-14-37-22_3_left_aileron_failure,aileron,9.26000022888,218.915374756,0.111164696515,397,9.59371948242,1.46477520466,-131.176040649,-6.62965011597,-12.6048688889,-0.257910132408,0
1538768578325196071,34.550829312,carbonZ_2018-10-05-14-37-22_3_left_aileron_failure,aileron,9.26000022888,218.915374756,0.111164696515,397,9.59371948242,1.46477520466,-131.176040649,-6.60929870605,-12.6251821518,-0.157649859786,0
1538768578440973735,34.666606976,carbonZ_2018-10-05-14-37-22_3_left_aileron_failure,aileron,9.22999954224,218.915374756,0.478251427412,398,9.59371948242,1.46477520466,-131.176040649,-6.50068378448,-12.7150230408,-0.0206523239613,0
1538768578495647143,34.721280384,carbonZ_2018-10-05-14-37-22_3_left_aileron_failure,aileron,9.21000003815,218.614105225,-0.90632468462,399,9.59371948242,1.46477520466,-131.176040649,-6.3860616684,-12.8091726303,-0.0662833154202,0
1538768578525108903,34.750742144,carbonZ_2018-10-05-14-37-22_3_left_aileron_failure,aileron,9.21000003815,218.614105225,-0.90632468462,399,9.59371948242,1.46477520466,-131.176040649,-6.29831409454,-12.8826503754,-0.157750785351,0
1538768578568245447,34.793878688,carbonZ_2018-10-05-14-37-22_3_left_aileron_failure,aileron,9.19999980927,218.614105225,-0.474851131439,400,16.7994346619,0.666819095612,-129.557525635,-6.17878484726,-12.9774980545,-0.25697222352,0
1538768578644698727,34.870331968,carbonZ_2018-10-05-14-37-22_3_left_aileron_failure,aileron,9.17000007629,211.931793213,-2.81508016586,401,16.7994346619,0.666819095612,-129.557525635,-6.05978012085,-13.0656414032,-0.323115944862,0
1538768578711158087,34.936791328,carbonZ_2018-10-05-14-37-22_3_left_aileron_failure,aileron,9.17000007629,211.931793213,-2.81508016586,401,16.7994346619,0.666819095612,-129.557525635,-5.94703578949,-13.1452550888,-0.384030640125,0
1538768578741233383,34.966866624,carbonZ_2018-10-05-14-37-22_3_left_aileron_failure,aileron,9.17000007629,211.931793213,-2.81508016586,401,16.7994346619,0.666819095612,-129.557525635,-5.91365671158,-13.1687517166,-0.403305232525,0
1538768578769164167,34.994797408,carbonZ_2018-10-05-14-37-22_3_left_aileron_failure,aileron,9.13999938965,211.931793213,-2.28815221786,403,16.7994346619,0.666819095612,-129.557525635,-5.84382581711,-13.2114534378,-0.399013400078,0
1538768578838229383,35.063862624,carbonZ_2018-10-05-14-37-22_3_left_aileron_failure,aileron,9.09000015259,210.562606812,-1.78566515446,404,16.7994346619,0.666819095612,-129.557525635,-5.76109552383,-13.2555608749,-0.341187655926,0
1538768578862008935,35.087642176,carbonZ_2018-10-05-14-37-22_3_left_aileron_failure,aileron,9.09000015259,210.562606812,-1.78566515446,404,16.7994346619,0.666819095612,-129.557525635,-5.70122289658,-13.2914447784,-0.311503827572,0
1538768578966161927,35.191795168,carbonZ_2018-10-05-14-37-22_3_left_aileron_failure,aileron,9.05000019073,210.562606812,-3.11749505997,405,17.004535675,1.569201231,-129.357559204,-5.57655000687,-13.3604230881,-0.292854189873,0
1538768578979797543,35.205430784,carbonZ_2018-10-05-14-37-22_3_left_aileron_failure,aileron,9.05000019073,210.562606812,-3.11749505997,405,17.004535675,1.569201231,-129.357559204,-5.54347085953,-13.3780965805,-0.291892975569,0
1538768579027733351,35.253366592,carbonZ_2018-10-05-14-37-22_3_left_aileron_failure,aileron,9.05000019073,210.562606812,-3.11749505997,405,17.004535675,1.569201231,-129.357559204,-5.43966293335,-13.434967041,-0.289283961058,0
1538768579081418887,35.307052128,carbonZ_2018-10-05-14-37-22_3_left_aileron_failure,aileron,9.01000022888,207.624526978,-2.5432767868,406,17.004535675,1.569201231,-129.357559204,-5.37016010284,-13.4762163162,-0.269330084324,0
1538768579163771559,35.3894048,carbonZ_2018-10-05-14-37-22_3_left_aileron_failure,aileron,8.97000026703,207.624526978,-2.90241265297,407,17.004535675,1.569201231,-129.357559204,-5.22795057297,-13.5586938858,-0.189548626542,0
1538768579183975687,35.409608928,carbonZ_2018-10-05-14-37-22_3_left_aileron_failure,aileron,8.97000026703,207.624526978,-2.90241265297,407,17.004535675,1.569201231,-129.357559204,-5.19123840332,-13.5783081055,-0.158565580845,0
1538768579242529607,35.468162848,carbonZ_2018-10-05-14-37-22_3_left_aileron_failure,aileron,8.94999980927,207.50227356,-2.31465888023,409,19.2726345062,1.22680795193,-126.936645508,-5.05538511276,-13.6519546509,-0.0634255036712,0
1538768579301396263,35.527029504,carbonZ_2018-10-05-14-37-22_3_left_aileron_failure,aileron,8.94999980927,207.50227356,-2.31465888023,409,19.2726345062,1.22680795193,-126.936645508,-4.97903680801,-13.6966190338,-0.0212298072875,0
1538768579366068487,35.591701728,carbonZ_2018-10-05-14-37-22_3_left_aileron_failure,aileron,8.9299993515,207.50227356,-1.74812817574,410,19.2726345062,1.22680795193,-126.936645508,-4.81520366669,-13.7874469757,0.00108241289854,0
1538768579443970535,35.669603776,carbonZ_2018-10-05-14-37-22_3_left_aileron_failure,aileron,8.92000007629,203.04460144,-3.79971289635,411,19.2726345062,1.22680795193,-126.936645508,-4.62817573547,-13.9007396698,-0.0525555983186,0
1538768579494868839,35.72050208,carbonZ_2018-10-05-14-37-22_3_left_aileron_failure,aileron,8.92000007629,203.04460144,-3.79971289635,411,19.2726345062,1.22680795193,-126.936645508,-4.53029441833,-13.9592533112,-0.077232465148,0
1538768579535013607,35.760646848,carbonZ_2018-10-05-14-37-22_3_left_aileron_failure,aileron,8.92000007629,203.04460144,-3.79971289635,411,20.3967761993,0.751159548759,-123.413047791,-4.44018650055,-14.0132932663,-0.0856625065207,0
1538768579575498855,35.801132096,carbonZ_2018-10-05-14-37-22_3_left_aileron_failure,aileron,8.89999961853,203.04460144,-3.13478970528,413,20.3967761993,0.751159548759,-123.413047791,-4.34677648544,-14.0640087128,-0.0858364328742,0
1538768579631756007,35.857389248,carbonZ_2018-10-05-14-37-22_3_left_aileron_failure,aileron,8.89999961853,203.04460144,-3.13478970528,413,20.3967761993,0.751159548759,-123.413047791,-4.21383142471,-14.1376514435,-0.0738680586219,0
1538768579685613671,35.911246912,carbonZ_2018-10-05-14-37-22_3_left_aileron_failure,aileron,8.88000011444,228.664978027,-3.38068079948,414,20.3967761993,0.751159548759,-123.413047791,-4.12013101578,-14.1901273727,-0.0540829077363,0
1538768579717954087,35.943587328,carbonZ_2018-10-05-14-37-22_3_left_aileron_failure,aileron,8.88000011444,228.664978027,-3.38068079948,414,20.3967761993,0.751159548759,-123.413047791,-4.03228998184,-14.2385005951,-0.0058278311044,0
1538768579739175303,35.964808544,carbonZ_2018-10-05-14-37-22_3_left_aileron_failure,aileron,8.86999988556,227.66494751,-2.71076917648,415,20.3967761993,0.751159548759,-123.413047791,-4.03228998184,-14.2385005951,-0.0058278311044,0
1538768579809193543,36.034826784,carbonZ_2018-10-05-14-37-22_3_left_aileron_failure,aileron,8.86999988556,227.66494751,-2.71076917648,415,20.3967761993,0.751159548759,-123.413047791,-3.86843156815,-14.3168106079,0.0808909088373,0
1538768579828586919,36.05422016,carbonZ_2018-10-05-14-37-22_3_left_aileron_failure,aileron,8.86999988556,227.66494751,-2.71076917648,415,21.741065979,-0.103538841009,-119.964553833,-3.76901078224,-14.3636980057,0.100629292428,0
1538768579892183623,36.117816864,carbonZ_2018-10-05-14-37-22_3_left_aileron_failure,aileron,8.86999988556,220.596694946,-4.75234794617,417,21.741065979,-0.103538841009,-119.964553833,-3.62470769882,-14.4294214249,0.105649515986,0
1538768579971256679,36.19688992,carbonZ_2018-10-05-14-37-22_3_left_aileron_failure,aileron,8.86999988556,220.596694946,-4.00379943848,418,21.741065979,-0.103538841009,-119.964553833,-3.42422676086,-14.5214881897,0.148787736893,0
1538768580045525831,36.271159072,carbonZ_2018-10-05-14-37-22_3_left_aileron_failure,aileron,8.88000011444,209.994506836,-3.26939082146,419,21.741065979,-0.103538841009,-119.964553833,-3.22917509079,-14.6127672195,0.202808916569,0
1538768580063442407,36.289075648,carbonZ_2018-10-05-14-37-22_3_left_aileron_failure,aileron,8.88000011444,209.994506836,-3.26939082146,419,21.741065979,-0.103538841009,-119.964553833,-3.17230963707,-14.6414422989,0.217556133866,0
1538768580161530119,36.38716336,carbonZ_2018-10-05-14-37-22_3_left_aileron_failure,aileron,8.88999938965,209.994506836,-4.32259511948,421,23.7212104797,-0.565994799137,-115.715782166,-2.9392888546,-14.7513160706,0.264202564955,0
1538768580196238279,36.42187152,carbonZ_2018-10-05-14-37-22_3_left_aileron_failure,aileron,8.88999938965,209.994506836,-4.32259511948,421,23.7212104797,-0.565994799137,-115.715782166,-2.82339191437,-14.797539711,0.303588986397,0
1538768580227553703,36.453186944,carbonZ_2018-10-05-14-37-22_3_left_aileron_failure,aileron,8.88999938965,209.994506836,-4.32259511948,421,23.7212104797,-0.565994799137,-115.715782166,-2.7043390274,-14.8430519104,0.359804302454,0
1538768580290905095,36.516538336,carbonZ_2018-10-05-14-37-22_3_left_aileron_failure,aileron,8.90999984741,204.563522339,-3.55724310875,422,23.7212104797,-0.565994799137,-115.715782166,-2.51743865013,-14.9157810211,0.419065326452,0
1538768580323759431,36.549392672,carbonZ_2018-10-05-14-37-22_3_left_aileron_failure,aileron,8.90999984741,204.563522339,-3.55724310875,422,23.7212104797,-0.565994799137,-115.715782166,-2.39465880394,-14.9654178619,0.462107211351,0
1538768580371706215,36.597339456,carbonZ_2018-10-05-14-37-22_3_left_aileron_failure,aileron,8.94999980927,204.563522339,-3.67313694954,424,23.7212104797,-0.565994799137,-115.715782166,-2.25288796425,-15.017911911,0.492891430855,0
1538768580465882055,36.691515296,carbonZ_2018-10-05-14-37-22_3_left_aileron_failure,aileron,9.0,190.642456055,-2.90901684761,425,23.7212104797,-0.565994799137,-115.715782166,-1.90920436382,-15.1411161423,0.587887942791,0
1538768580540841639,36.76647488,carbonZ_2018-10-05-14-37-22_3_left_aileron_failure,aileron,9.0,190.642456055,-2.90901684761,425,23.7212104797,-0.565994799137,-115.715782166,-1.67876327038,-15.2280082703,0.550803720951,0
1538768580572820199,36.79845344,carbonZ_2018-10-05-14-37-22_3_left_aileron_failure,aileron,9.05000019073,190.642456055,-2.17301750183,427,26.623046875,-0.258325219154,-109.112968445,-1.51442039013,-15.2828350067,0.501033306122,0
1538768580643765255,36.869398496,carbonZ_2018-10-05-14-37-22_3_left_aileron_failure,aileron,9.09000015259,206.045532227,-4.97032642365,428,26.623046875,-0.258325219154,-109.112968445,-1.16225981712,-15.3969259262,0.37458562851,0
1538768580695775943,36.921409184,carbonZ_2018-10-05-14-37-22_3_left_aileron_failure,aileron,9.09000015259,206.045532227,-4.97032642365,428,26.623046875,-0.258325219154,-109.112968445,-0.990395963192,-15.4483728409,0.321897923946,0
1538768580722787335,36.948420576,carbonZ_2018-10-05-14-37-22_3_left_aileron_failure,aileron,9.09000015259,206.045532227,-4.97032642365,428,26.623046875,-0.258325219154,-109.112968445,-0.835959732533,-15.4906015396,0.307185322046,0
1538768580766272103,36.991905344,carbonZ_2018-10-05-14-37-22_3_left_aileron_failure,aileron,9.11999988556,206.045532227,-4.12111282349,430,26.623046875,-0.258325219154,-109.112968445,-0.686552643776,-15.5224227905,0.323216319084,0
1538768580844098343,37.069731584,carbonZ_2018-10-05-14-37-22_3_left_aileron_failure,aileron,9.13999938965,196.391769409,-4.20937395096,431,26.623046875,-0.258325219154,-109.112968445,-0.461157739162,-15.5685224533,0.258924543858,0
1538768580861992071,37.087625312,carbonZ_2018-10-05-14-37-22_3_left_aileron_failure,aileron,9.13999938965,196.391769409,-4.20937395096,431,26.623046875,-0.258325219154,-109.112968445,-0.461157739162,-15.5685224533,0.258924543858,0
1538768580930402023,37.156035264,carbonZ_2018-10-05-14-37-22_3_left_aileron_failure,aileron,9.13999938965,196.391769409,-4.20937395096,431,24.9180355072,1.07045018673,-104.340415955,-0.0707048326731,-15.6499891281,0.0704225078225,0
1538768581011850887,37.237484128,carbonZ_2018-10-05-14-37-22_3_left_aileron_failure,aileron,9.13999938965,196.391769409,-3.3680870533,433,24.9180355072,1.07045018673,-104.340415955,0.256534129381,-15.7001819611,-0.0731349140406,0
1538768581050475431,37.276108672,carbonZ_2018-10-05-14-37-22_3_left_aileron_failure,aileron,9.13000011444,165.288360596,-2.55946230888,434,24.9180355072,1.07045018673,-104.340415955,0.415749430656,-15.7229394913,-0.114960759878,0
1538768581068598183,37.294231424,carbonZ_2018-10-05-14-37-22_3_left_aileron_failure,aileron,9.13000011444,165.288360596,-2.55946230888,434,24.9180355072,1.07045018673,-104.340415955,0.493510961533,-15.7350988388,-0.118305526674,0
1538768581128414279,37.35404752,carbonZ_2018-10-05-14-37-22_3_left_aileron_failure,aileron,9.13000011444,165.288360596,-2.55946230888,434,24.9180355072,1.07045018673,-104.340415955,0.721574425697,-15.7699985504,-0.0789572075009,0
1538768581185302663,37.410935904,carbonZ_2018-10-05-14-37-22_3_left_aileron_failure,aileron,9.10999965668,165.288360596,-4.42065620422,436,24.9180355072,1.07045018673,-104.340415955,0.869085729122,-15.7831859589,-0.0459733270109,0
1538768581219226983,37.444860224,carbonZ_2018-10-05-14-37-22_3_left_aileron_failure,aileron,9.10999965668,165.288360596,-4.42065620422,436,24.9180355072,1.07045018673,-104.340415955,1.18194234371,-15.8196439743,0.0200061202049,0
1538768581269669159,37.4953024,carbonZ_2018-10-05-14-37-22_3_left_aileron_failure,aileron,9.09000015259,163.012878418,-3.55021595955,437,24.9180355072,1.07045018673,-104.340415955,1.25950396061,-15.8290681839,0.0395259261131,0
1538768581317400871,37.543034112,carbonZ_2018-10-05-14-37-22_3_left_aileron_failure,aileron,9.09000015259,163.012878418,-3.55021595955,437,24.9180355072,1.07045018673,-104.340415955,1.41511499882,-15.848326683,0.0859941989183,0
1538768581368081799,37.59371504,carbonZ_2018-10-05-14-37-22_3_left_aileron_failure,aileron,9.09000015259,163.012878418,-3.5704293251,439,27.8152999878,0.854985713959,-97.6577758789,1.65211904049,-15.8720254898,0.158986359835,0
1538768581425436615,37.651069856,carbonZ_2018-10-05-14-37-22_3_left_aileron_failure,aileron,9.09000015259,163.012878418,-3.5704293251,439,27.8152999878,0.854985713959,-97.6577758789,1.81807255745,-15.8869066238,0.201969251037,0
1538768581448236615,37.673869856,carbonZ_2018-10-05-14-37-22_3_left_aileron_failure,aileron,9.0999994278,145.792861938,-2.6989376545,440,27.8152999878,0.854985713959,-97.6577758789,2.00038743019,-15.9048871994,0.23349750042,0
1538768581529576967,37.755210208,carbonZ_2018-10-05-14-37-22_3_left_aileron_failure,aileron,9.0999994278,145.792861938,-2.6989376545,440,27.8152999878,0.854985713959,-97.6577758789,2.3585832119,-15.9394226074,0.287712067366,0
1538768581546514503,37.772147744,carbonZ_2018-10-05-14-37-22_3_left_aileron_failure,aileron,9.11999988556,145.792861938,-4.56663513184,442,27.8152999878,0.854985713959,-97.6577758789,2.3585832119,-15.9394226074,0.287712067366,0
1538768581631323623,37.856956864,carbonZ_2018-10-05-14-37-22_3_left_aileron_failure,aileron,9.11999988556,145.792861938,-4.56663513184,442,27.8152999878,0.854985713959,-97.6577758789,2.80951189995,-15.9618062973,0.411190241575,0
1538768581670930023,37.896563264,carbonZ_2018-10-05-14-37-22_3_left_aileron_failure,aileron,9.14999961853,122.65234375,-3.63132309914,443,27.8152999878,0.854985713959,-97.6577758789,2.99475479126,-15.9735088348,0.460757493973,0
1538768581722916391,37.948549632,carbonZ_2018-10-05-14-37-22_3_left_aileron_failure,aileron,9.14999961853,122.65234375,-3.63132309914,443,27.8152999878,0.854985713959,-97.6577758789,3.19752335548,-15.9848146439,0.490434885025,0
1538768581745509703,37.971142944,carbonZ_2018-10-05-14-37-22_3_left_aileron_failure,aileron,9.19999980927,122.65234375,-2.68936705589,445,27.8152999878,0.854985713959,-97.6577758789,3.40464687347,-15.9923629761,0.510479092598,0
1538768581804415175,38.030048416,carbonZ_2018-10-05-14-37-22_3_left_aileron_failure,aileron,9.19999980927,122.65234375,-2.68936705589,445,35.4311180115,0.97738546133,-91.5066375732,3.74538421631,-15.997803688,0.490736633539,0
1538768581847925223,38.073558464,carbonZ_2018-10-05-14-37-22_3_left_aileron_failure,aileron,9.25,111.734100342,-3.61743283272,447,35.4311180115,0.97738546133,-91.5066375732,3.97490024567,-16.0020122528,0.473243892193,0
1538768581899666727,38.125299968,carbonZ_2018-10-05-14-37-22_3_left_aileron_failure,aileron,9.25,111.734100342,-3.61743283272,447,35.4311180115,0.97738546133,-91.5066375732,4.41701459885,-16.0083560944,0.455421894789,0
1538768581954023175,38.179656416,carbonZ_2018-10-05-14-37-22_3_left_aileron_failure,aileron,9.28999996185,111.734100342,-2.66858768463,448,35.4311180115,0.97738546133,-91.5066375732,4.52310228348,-16.0051422119,0.460555791855,0
1538768582072316967,38.297950208,carbonZ_2018-10-05-14-37-22_3_left_aileron_failure,aileron,9.31999969482,85.0001373291,-4.60202360153,450,35.4311180115,0.97738546133,-91.5066375732,5.15721988678,-15.9949140549,0.522799015045,0
1538768582101999879,38.32763312,carbonZ_2018-10-05-14-37-22_3_left_aileron_failure,aileron,9.31999969482,85.0001373291,-4.60202360153,450,35.4311180115,0.97738546133,-91.5066375732,5.35863494873,-15.9941768646,0.57663744688,0
1538768582147627303,38.373260544,carbonZ_2018-10-05-14-37-22_3_left_aileron_failure,aileron,9.36999988556,85.0001373291,-3.57273221016,451,38.6704177856,-0.147269546986,-84.1788635254,5.5561208725,-15.990852356,0.63187867403,0
1538768582203441671,38.429074912,carbonZ_2018-10-05-14-37-22_3_left_aileron_failure,aileron,9.36999988556,85.0001373291,-3.57273221016,451,38.6704177856,-0.147269546986,-84.1788635254,5.86532211304,-15.9735021591,0.743130922318,0
1538768582260541543,38.486174784,carbonZ_2018-10-05-14-37-22_3_left_aileron_failure,aileron,9.4299993515,61.4483833313,-2.59602403641,453,38.6704177856,-0.147269546986,-84.1788635254,6.21663093567,-15.9513425827,0.838522553444,0
1538768582305772167,38.531405408,carbonZ_2018-10-05-14-37-22_3_left_aileron_failure,aileron,9.4299993515,61.4483833313,-2.59602403641,453,38.6704177856,-0.147269546986,-84.1788635254,6.46169710159,-15.9330759048,0.886652112007,0
1538768582356802023,38.582435264,carbonZ_2018-10-05-14-37-22_3_left_aileron_failure,aileron,9.5,61.4483833313,-3.50513482094,455,38.6704177856,-0.147269546986,-84.1788635254,6.74147319794,-15.9036989212,0.927566111088,0
1538768582404749575,38.630382816,carbonZ_2018-10-05-14-37-22_3_left_aileron_failure,aileron,9.5,61.4483833313,-3.50513482094,455,38.6704177856,-0.147269546986,-84.1788635254,7.20088577271,-15.8477058411,0.981956243515,0
1538768582441903559,38.6675368,carbonZ_2018-10-05-14-37-22_3_left_aileron_failure,aileron,9.5999994278,30.9650421143,-2.49445867538,456,38.6704177856,-0.147269546986,-84.1788635254,7.51029443741,-15.8075361252,1.01722860336,0
1538768582499992423,38.725625664,carbonZ_2018-10-05-14-37-22_3_left_aileron_failure,aileron,9.5999994278,30.9650421143,-2.49445867538,456,38.6704177856,-0.147269546986,-84.1788635254,8.11039161682,-15.7170257568,1.10399532318,0
1538768582598310087,38.823943328,carbonZ_2018-10-05-14-37-22_3_left_aileron_failure,aileron,9.69999980927,30.9650421143,-2.4495575428,458,45.1013908386,-2.18676877022,-72.8493118286,8.54746437073,-15.6277523041,1.19843733311,0
1538768582612337159,38.8379704,carbonZ_2018-10-05-14-37-22_3_left_aileron_failure,aileron,9.69999980927,30.9650421143,-2.4495575428,458,45.1013908386,-2.18676877022,-72.8493118286,8.54746437073,-15.6277523041,1.19843733311,0
1538768582651189799,38.87682304,carbonZ_2018-10-05-14-37-22_3_left_aileron_failure,aileron,9.80999946594,11.5475654602,-1.51166677475,459,45.1013908386,-2.18676877022,-72.8493118286,9.0108537674,-15.5204544067,1.24304080009,0
1538768582724196455,38.949829696,carbonZ_2018-10-05-14-37-22_3_left_aileron_failure,aileron,9.80999946594,11.5475654602,-1.51166677475,459,45.1013908386,-2.18676877022,-72.8493118286,9.48964500427,-15.4084682465,1.27861177921,0
1538768582741282247,38.966915488,carbonZ_2018-10-05-14-37-22_3_left_aileron_failure,aileron,9.93999958038,11.5475654602,-0.60142147541,461,45.1013908386,-2.18676877022,-72.8493118286,9.79500579834,-15.324678421,1.31625080109,0
1538768582827987303,39.053620544,carbonZ_2018-10-05-14-37-22_3_left_aileron_failure,aileron,10.0799999237,-34.7761154175,-2.36568212509,462,45.1013908386,-2.18676877022,-72.8493118286,10.4315567017,-15.1166830063,1.32737839222,0
1538768582867066759,39.0927,carbonZ_2018-10-05-14-37-22_3_left_aileron_failure,aileron,10.0799999237,-34.7761154175,-2.36568212509,462,45.1013908386,-2.18676877022,-72.8493118286,10.4315567017,-15.1166830063,1.32737839222,0
1538768582905643271,39.131276512,carbonZ_2018-10-05-14-37-22_3_left_aileron_failure,aileron,10.0799999237,-34.7761154175,-2.36568212509,462,44.8411865234,-0.411617189646,-63.6927566528,11.1870737076,-14.8455324173,1.3035005331,0
1538768582957541351,39.183174592,carbonZ_2018-10-05-14-37-22_3_left_aileron_failure,aileron,10.2199993134,-34.7761154175,-1.41653072834,464,44.8411865234,-0.411617189646,-63.6927566528,11.3475933075,-14.7714004517,1.28470039368,0
1538768583021590247,39.247223488,carbonZ_2018-10-05-14-37-22_3_left_aileron_failure,aileron,10.2199993134,-34.7761154175,-1.41653072834,464,44.8411865234,-0.411617189646,-63.6927566528,12.0030622482,-14.4753904343,1.21540570259,0
1538768583076805735,39.302438976,carbonZ_2018-10-05-14-37-22_3_left_aileron_failure,aileron,10.3599996567,-64.8784637451,-2.3010571003,465,44.8411865234,-0.411617189646,-63.6927566528,12.3301668167,-14.3169488907,1.17158031464,0
1538768583105654375,39.331287616,carbonZ_2018-10-05-14-37-22_3_left_aileron_failure,aileron,10.3599996567,-64.8784637451,-2.3010571003,465,44.8411865234,-0.411617189646,-63.6927566528,12.8056097031,-14.0755386353,1.10380935669,0
1538768583150050087,39.375683328,carbonZ_2018-10-05-14-37-22_3_left_aileron_failure,aileron,10.4899997711,-64.8784637451,-1.37350320816,467,44.8411865234,-0.411617189646,-63.6927566528,12.9689292908,-13.9801921844,1.06834363937,0
1538768583227627207,39.453260448,carbonZ_2018-10-05-14-37-22_3_left_aileron_failure,aileron,10.4899997711,-64.8784637451,-1.37350320816,467,44.8411865234,-0.411617189646,-63.6927566528,13.5813846588,-13.626909256,0.948289453983,0
1538768583245285863,39.470919104,carbonZ_2018-10-05-14-37-22_3_left_aileron_failure,aileron,10.6099996567,-128.543670654,-0.507210373878,468,44.8411865234,-0.411617189646,-63.6927566528,13.7354822159,-13.5323839188,0.908659338951,0
1538768583282412743,39.508045984,carbonZ_2018-10-05-14-37-22_3_left_aileron_failure,aileron,10.6099996567,-128.543670654,-0.507210373878,468,44.8411865234,-0.411617189646,-63.6927566528,14.0546426773,-13.3379888535,0.830928385258,0
1538768583324652455,39.550285696,carbonZ_2018-10-05-14-37-22_3_left_aileron_failure,aileron,10.6099996567,-128.543670654,-0.507210373878,468,42.3769035339,1.45271086693,-51.0403022766,14.3481769562,-13.137843132,0.740820169449,0
1538768583360221703,39.585854944,carbonZ_2018-10-05-14-37-22_3_left_aileron_failure,aileron,10.7100000381,-128.543670654,-2.8584356308,470,42.3769035339,1.45271086693,-51.0403022766,14.8059663773,-12.7957181931,0.606181383133,0
1538768583434846343,39.660479584,carbonZ_2018-10-05-14-37-22_3_left_aileron_failure,aileron,10.7100000381,-128.543670654,-2.8584356308,470,42.3769035339,1.45271086693,-51.0403022766,15.1077642441,-12.564447403,0.521673858166,0
1538768583458748423,39.684381664,carbonZ_2018-10-05-14-37-22_3_left_aileron_failure,aileron,10.779999733,-140.990631104,-1.90468275547,471,42.3769035339,1.45271086693,-51.0403022766,15.393538475,-12.3375120163,0.45378947258,0
1538768583523845415,39.749478656,carbonZ_2018-10-05-14-37-22_3_left_aileron_failure,aileron,10.779999733,-140.990631104,-1.90468275547,471,42.3769035339,1.45271086693,-51.0403022766,15.8205242157,-11.9825410843,0.360524535179,0
1538768583596446439,39.82207968,carbonZ_2018-10-05-14-37-22_3_left_aileron_failure,aileron,10.8400001526,-140.990631104,-1.7051268816,473,42.3769035339,1.45271086693,-51.0403022766,16.1923294067,-11.6198472977,0.319025605917,0
1538768583625198983,39.850832224,carbonZ_2018-10-05-14-37-22_3_left_aileron_failure,aileron,10.8400001526,-140.990631104,-1.7051268816,473,45.2405471802,1.95699179173,-42.0412406921,16.4408855438,-11.3761720657,0.299126625061,0
1538768583674796103,39.900429344,carbonZ_2018-10-05-14-37-22_3_left_aileron_failure,aileron,10.8599996567,-179.994018555,-0.869931578636,474,45.2405471802,1.95699179173,-42.0412406921,16.6654014587,-11.1435317993,0.292080938816,0
1538768583724133031,39.949766272,carbonZ_2018-10-05-14-37-22_3_left_aileron_failure,aileron,10.8599996567,-179.994018555,-0.869931578636,474,45.2405471802,1.95699179173,-42.0412406921,17.0146846771,-10.7802686691,0.265545338392,0
1538768583765373895,39.991007136,carbonZ_2018-10-05-14-37-22_3_left_aileron_failure,aileron,10.8999996185,-179.994018555,-2.25724864006,475,45.2405471802,1.95699179173,-42.0412406921,17.2572135925,-10.4886074066,0.175487488508,0
1538768583835257095,40.060890336,carbonZ_2018-10-05-14-37-22_3_left_aileron_failure,aileron,10.8999996185,-224.136734009,-1.39315259457,476,45.2405471802,1.95699179173,-42.0412406921,17.6524105072,-10.0164966583,-0.0229883864522,0
1538768583861280391,40.086913632,carbonZ_2018-10-05-14-37-22_3_left_aileron_failure,aileron,10.8999996185,-224.136734009,-1.39315259457,476,45.2405471802,1.95699179173,-42.0412406921,17.9034194946,-9.7080821991,-0.130539596081,0
1538768583937820615,40.163453856,carbonZ_2018-10-05-14-37-22_3_left_aileron_failure,aileron,10.8999996185,-224.136734009,-1.39315259457,476,45.2405471802,1.95699179173,-42.0412406921,18.2482147217,-9.24367523193,-0.298487991095,0
1538768583976712135,40.202345376,carbonZ_2018-10-05-14-37-22_3_left_aileron_failure,aileron,10.8800001144,-224.136734009,-0.591028809547,477,45.2405471802,1.95699179173,-42.0412406921,18.4584751129,-8.9053144455,-0.410760939121,0
1538768584000607719,40.22624096,carbonZ_2018-10-05-14-37-22_3_left_aileron_failure,aileron,10.8800001144,-224.136734009,-0.591028809547,477,42.0004806519,2.41931056976,-31.435136795,18.6582374573,-8.57914829254,-0.49698010087,0
1538768584042772519,40.26840576,carbonZ_2018-10-05-14-37-22_3_left_aileron_failure,aileron,10.8299999237,-240.012176514,-0.841378629208,478,42.0004806519,2.41931056976,-31.435136795,18.8364238739,-8.25995159149,-0.561082422733,0
1538768584101257767,40.326891008,carbonZ_2018-10-05-14-37-22_3_left_aileron_failure,aileron,10.8299999237,-240.012176514,-0.841378629208,478,42.0004806519,2.41931056976,-31.435136795,19.0951843262,-7.7973484993,-0.622004985809,0
1538768584172585319,40.39821856,carbonZ_2018-10-05-14-37-22_3_left_aileron_failure,aileron,10.7699995041,-240.012176514,-0.135701969266,479,42.0004806519,2.41931056976,-31.435136795,19.3372802734,-7.29866075516,-0.709952235222,0
1538768584205524135,40.431157376,carbonZ_2018-10-05-14-37-22_3_left_aileron_failure,aileron,10.7699995041,-240.012176514,-0.135701969266,479,42.0004806519,2.41931056976,-31.435136795,19.551618576,-6.77698087692,-0.850229918957,0
1538768584238870567,40.464503808,carbonZ_2018-10-05-14-37-22_3_left_aileron_failure,aileron,10.6799993515,-282.098571777,0.459573328495,480,42.0004806519,2.41931056976,-31.435136795,19.6254138947,-6.60569286346,-0.896472513676,0
1538768584282411815,40.508045056,carbonZ_2018-10-05-14-37-22_3_left_aileron_failure,aileron,10.6799993515,-282.098571777,0.459573328495,480,42.0004806519,2.41931056976,-31.435136795,19.7499408722,-6.27201223373,-1.00350773335,0
1538768584347707143,40.573340384,carbonZ_2018-10-05-14-37-22_3_left_aileron_failure,aileron,10.5900001526,-282.098571777,0.70063996315,481,42.0004806519,2.41931056976,-31.435136795,19.9110965729,-5.77179670334,-1.20174956322,0
1538768584395619175,40.621252416,carbonZ_2018-10-05-14-37-22_3_left_aileron_failure,aileron,10.5900001526,-282.098571777,0.70063996315,481,42.0004806519,2.41931056976,-31.435136795,20.0056228638,-5.42953538895,-1.33673846722,0
1538768584448496199,40.67412944,carbonZ_2018-10-05-14-37-22_3_left_aileron_failure,aileron,10.4499998093,-290.458099365,1.15713965893,482,42.0004806519,2.41931056976,-31.435136795,20.1281909943,-4.81227207184,-1.55425906181,0
1538768584487007687,40.712640928,carbonZ_2018-10-05-14-37-22_3_left_aileron_failure,aileron,10.4499998093,-290.458099365,1.15713965893,482,36.2827606201,6.40564250946,-19.9122200012,20.1281909943,-4.81227207184,-1.55425906181,0
1538768584552174055,40.777807296,carbonZ_2018-10-05-14-37-22_3_left_aileron_failure,aileron,10.3000001907,-290.458099365,1.44549584389,483,36.2827606201,6.40564250946,-19.9122200012,20.1734352112,-4.42525100708,-1.46799886227,0
1538768584562907591,40.788540832,carbonZ_2018-10-05-14-37-22_3_left_aileron_failure,aileron,10.3000001907,-290.458099365,1.44549584389,483,36.2827606201,6.40564250946,-19.9122200012,20.1758766174,-4.35230541229,-1.4164327383,0
1538768584648514855,40.874148096,carbonZ_2018-10-05-14-37-22_3_left_aileron_failure,aileron,10.1499996185,-333.422088623,1.79207670689,483,36.2827606201,6.40564250946,-19.9122200012,20.1909408569,-4.02763700485,-1.23995304108,0
1538768584666779111,40.892412352,carbonZ_2018-10-05-14-37-22_3_left_aileron_failure,aileron,10.1499996185,-333.422088623,1.79207670689,483,36.2827606201,6.40564250946,-19.9122200012,20.1987781525,-3.93523335457,-1.22253251076,0
1538768584721279111,40.946912352,carbonZ_2018-10-05-14-37-22_3_left_aileron_failure,aileron,10.1499996185,-333.422088623,1.79207670689,483,36.2827606201,6.40564250946,-19.9122200012,20.2354373932,-3.57477116585,-1.24757862091,0
1538768584759854215,40.985487456,carbonZ_2018-10-05-14-37-22_3_left_aileron_failure,aileron,10.0199995041,-333.422088623,2.11329698563,484,36.2827606201,6.40564250946,-19.9122200012,20.2489204407,-3.22075414658,-1.25810217857,0
1538768584838411783,41.064045024,carbonZ_2018-10-05-14-37-22_3_left_aileron_failure,aileron,10.0199995041,-333.422088623,2.11329698563,484,36.2827606201,6.40564250946,-19.9122200012,20.2569408417,-2.99814081192,-1.24488306046,0
1538768584872701895,41.098335136,carbonZ_2018-10-05-14-37-22_3_left_aileron_failure,aileron,9.89999961853,-330.60836792,2.37534594536,484,36.2827606201,6.40564250946,-19.9122200012,20.260307312,-2.88652706146,-1.22700881958,0
1538768584897213543,41.122846784,carbonZ_2018-10-05-14-37-22_3_left_aileron_failure,aileron,9.89999961853,-330.60836792,2.37534594536,484,36.2827606201,6.40564250946,-19.9122200012,20.260307312,-2.88652706146,-1.22700881958,0
1538768584970244519,41.19587776,carbonZ_2018-10-05-14-37-22_3_left_aileron_failure,aileron,9.76999950409,-330.60836792,2.61203527451,485,32.6916923523,5.12670755386,-10.2579097748,20.2613582611,-2.40658593178,-1.09171080589,0
1538768585033918439,41.25955168,carbonZ_2018-10-05-14-37-22_3_left_aileron_failure,aileron,9.76999950409,-330.60836792,2.61203527451,485,32.6916923523,5.12670755386,-10.2579097748,20.2502117157,-2.02526950836,-0.961673080921,0
1538768585052285671,41.277918912,carbonZ_2018-10-05-14-37-22_3_left_aileron_failure,aileron,9.65999984741,-319.742004395,2.78109717369,486,32.6916923523,5.12670755386,-10.2579097748,20.2488479614,-1.92221593857,-0.944904863834,0
1538768585130395815,41.356029056,carbonZ_2018-10-05-14-37-22_3_left_aileron_failure,aileron,9.65999984741,-319.742004395,2.78109717369,486,32.6916923523,5.12670755386,-10.2579097748,20.2408313751,-1.46037828922,-0.964611768723,0
1538768585155380071,41.381013312,carbonZ_2018-10-05-14-37-22_3_left_aileron_failure,aileron,9.55999946594,-319.742004395,2.9163479805,486,32.6916923523,5.12670755386,-10.2579097748,20.2363300323,-1.34600448608,-0.973414003849,0
1538768585222728391,41.448361632,carbonZ_2018-10-05-14-37-22_3_left_aileron_failure,aileron,9.55999946594,-319.742004395,2.9163479805,486,32.6916923523,5.12670755386,-10.2579097748,20.1842479706,-0.935017108917,-0.966723442078,0
1538768585278519271,41.504152512,carbonZ_2018-10-05-14-37-22_3_left_aileron_failure,aileron,9.46000003815,-311.950317383,3.00087881088,486,29.1963920593,6.04153299332,-5.5066947937,20.1567230225,-0.737819612026,-0.975163221359,0
1538768585296237575,41.521870816,carbonZ_2018-10-05-14-37-22_3_left_aileron_failure,aileron,9.46000003815,-311.950317383,3.00087881088,486,29.1963920593,6.04153299332,-5.5066947937,20.1393680573,-0.63310354948,-1.00089657307,0
1538768585326419751,41.552052992,carbonZ_2018-10-05-14-37-22_3_left_aileron_failure,aileron,9.3499994278,-311.950317383,3.04314446449,487,29.1963920593,6.04153299332,-5.5066947937,20.1085624695,-0.420469641685,-1.05515873432,0
1538768585407039687,41.632672928,carbonZ_2018-10-05-14-37-22_3_left_aileron_failure,aileron,9.3499994278,-311.950317383,3.04314446449,487,29.1963920593,6.04153299332,-5.5066947937,19.9996986389,0.0360365435481,-1.13606643677,0
1538768585459158215,41.684791456,carbonZ_2018-10-05-14-37-22_3_left_aileron_failure,aileron,9.22999954224,-309.098632812,3.02623581886,487,29.1963920593,6.04153299332,-5.5066947937,19.9560089111,0.188247963786,-1.16358482838,0
1538768585475198279,41.70083152,carbonZ_2018-10-05-14-37-22_3_left_aileron_failure,aileron,9.22999954224,-309.098632812,3.02623581886,487,29.1963920593,6.04153299332,-5.5066947937,19.9560089111,0.188247963786,-1.16358482838,0
1538768585551079623,41.776712864,carbonZ_2018-10-05-14-37-22_3_left_aileron_failure,aileron,9.0999994278,-309.098632812,2.97551679611,488,29.1963920593,6.04153299332,-5.5066947937,19.8631801605,0.473904341459,-1.18507158756,0
1538768585585726343,41.811359584,carbonZ_2018-10-05-14-37-22_3_left_aileron_failure,aileron,9.0999994278,-309.098632812,2.97551679611,488,29.1963920593,6.04153299332,-5.5066947937,19.8131580353,0.594363629818,-1.18316924572,0
1538768585677506215,41.903139456,carbonZ_2018-10-05-14-37-22_3_left_aileron_failure,aileron,8.97000026703,-284.42477417,2.89098501205,488,29.1963920593,6.04153299332,-5.5066947937,19.7159633636,0.828151941299,-1.2019739151,0
1538768585720780007,41.946413248,carbonZ_2018-10-05-14-37-22_3_left_aileron_failure,aileron,8.97000026703,-284.42477417,2.89098501205,488,19.2984027863,7.09493160248,-1.97502624989,19.6444511414,0.980220317841,-1.22226071358,0
1538768585779220327,42.004853568,carbonZ_2018-10-05-14-37-22_3_left_aileron_failure,aileron,8.84000015259,-284.42477417,2.78954553604,488,19.2984027863,7.09493160248,-1.97502624989,19.5909290314,1.07275354862,-1.2142560482,0
1538768585847216455,42.072849696,carbonZ_2018-10-05-14-37-22_3_left_aileron_failure,aileron,8.84000015259,-284.42477417,2.78954553604,488,19.2984027863,7.09493160248,-1.97502624989,19.5174274445,1.18407154083,-1.17042589188,0
1538768585862639079,42.08827232,carbonZ_2018-10-05-14-37-22_3_left_aileron_failure,aileron,8.69999980927,-270.657165527,2.66274809837,488,19.2984027863,7.09493160248,-1.97502624989,19.4952392578,1.21432220936,-1.1435495615,0
1538768585903611335,42.129244576,carbonZ_2018-10-05-14-37-22_3_left_aileron_failure,aileron,8.69999980927,-270.657165527,2.66274809837,488,19.2984027863,7.09493160248,-1.97502624989,19.4352550507,1.29565942287,-1.01827061176,0
1538768585960584295,42.186217536,carbonZ_2018-10-05-14-37-22_3_left_aileron_failure,aileron,8.57999992371,-270.657165527,2.5359480381,489,19.2984027863,7.09493160248,-1.97502624989,19.3535308838,1.38221597672,-0.849095821381,0
1538768586010553319,42.23618656,carbonZ_2018-10-05-14-37-22_3_left_aileron_failure,aileron,8.57999992371,-270.657165527,2.5359480381,489,19.2984027863,7.09493160248,-1.97502624989,19.3334159851,1.40332400799,-0.806972503662,0
1538768586114080487,42.339713728,carbonZ_2018-10-05-14-37-22_3_left_aileron_failure,aileron,8.47999954224,-257.637207031,2.39224433899,489,19.2984027863,7.09493160248,-1.97502624989,19.239402771,1.49154317379,-0.655157744884,0
1538768586188724007,42.414357248,carbonZ_2018-10-05-14-37-22_3_left_aileron_failure,aileron,8.39999961853,-257.637207031,2.24854040146,489,8.57149219513,5.71136236191,1.20001316071,19.1593704224,1.5452413559,-0.603353798389,0
1538768586270811303,42.496444544,carbonZ_2018-10-05-14-37-22_3_left_aileron_failure,aileron,8.31999969482,-249.530410767,2.09638357162,489,8.57149219513,5.71136236191,1.20001316071,19.0815067291,1.57905256748,-0.592858672142,0
1538768586302117511,42.527750752,carbonZ_2018-10-05-14-37-22_3_left_aileron_failure,aileron,8.31999969482,-249.530410767,2.09638357162,489,8.57149219513,5.71136236191,1.20001316071,19.0466823578,1.5918585062,-0.606436371803,0
1538768586357727079,42.58336032,carbonZ_2018-10-05-14-37-22_3_left_aileron_failure,aileron,8.25,-249.530410767,1.9526797533,490,8.57149219513,5.71136236191,1.20001316071,19.0091972351,1.6053276062,-0.627824187279,0
1538768586409878759,42.635512,carbonZ_2018-10-05-14-37-22_3_left_aileron_failure,aileron,8.25,-249.530410767,1.9526797533,490,8.57149219513,5.71136236191,1.20001316071,18.957321167,1.60350465775,-0.638699948788,0
1538768586442025415,42.667658656,carbonZ_2018-10-05-14-37-22_3_left_aileron_failure,aileron,8.1799993515,-239.287750244,1.80052149296,490,8.57149219513,5.71136236191,1.20001316071,18.9265060425,1.5997030735,-0.641597747803,0
1538768586495586663,42.721219904,carbonZ_2018-10-05-14-37-22_3_left_aileron_failure,aileron,8.1799993515,-239.287750244,1.80052149296,490,2.14737987518,4.88100767136,1.4019036293,18.8971233368,1.58418953419,-0.627273082733,0
1538768586528717447,42.754350688,carbonZ_2018-10-05-14-37-22_3_left_aileron_failure,aileron,8.1799993515,-239.287750244,1.80052149296,490,2.14737987518,4.88100767136,1.4019036293,18.8519859314,1.55543255806,-0.604153215885,0
1538768586572003463,42.797636704,carbonZ_2018-10-05-14-37-22_3_left_aileron_failure,aileron,8.0999994278,-239.287750244,1.65681791306,490,2.14737987518,4.88100767136,1.4019036293,18.8408946991,1.5457072258,-0.579008877277,0
1538768586621320263,42.846953504,carbonZ_2018-10-05-14-37-22_3_left_aileron_failure,aileron,8.0999994278,-239.287750244,1.65681791306,490,2.14737987518,4.88100767136,1.4019036293,18.7990608215,1.5015951395,-0.531362295151,0
1538768586662937287,42.888570528,carbonZ_2018-10-05-14-37-22_3_left_aileron_failure,aileron,8.03999996185,-221.264266968,1.51311337948,491,2.14737987518,4.88100767136,1.4019036293,18.7760238647,1.46388697624,-0.506432116032,0
1538768586733179783,42.958813024,carbonZ_2018-10-05-14-37-22_3_left_aileron_failure,aileron,7.96999979019,-221.264266968,1.38631618023,491,2.14737987518,4.88100767136,1.4019036293,18.7420272827,1.40260148048,-0.460757851601,0
1538768586766536295,42.992169536,carbonZ_2018-10-05-14-37-22_3_left_aileron_failure,aileron,7.96999979019,-221.264266968,1.38631618023,491,2.14737987518,4.88100767136,1.4019036293,18.7192153931,1.35757780075,-0.420637339354,0
1538768586839350279,43.06498352,carbonZ_2018-10-05-14-37-22_3_left_aileron_failure,aileron,7.91999959946,-212.518493652,1.26797199249,491,2.14737987518,4.88100767136,1.4019036293,18.6896800995,1.28225183487,-0.33200532198,0
1538768586915261287,43.140894528,carbonZ_2018-10-05-14-37-22_3_left_aileron_failure,aileron,7.91999959946,-212.518493652,1.26797199249,491,2.14737987518,4.88100767136,1.4019036293,18.6540031433,1.17965471745,-0.239667400718,0
1538768586930347303,43.155980544,carbonZ_2018-10-05-14-37-22_3_left_aileron_failure,aileron,7.91999959946,-212.518493652,1.26797199249,491,2.14737987518,4.88100767136,1.4019036293,18.6455364227,1.1550951004,-0.217657312751,0
1538768586965850535,43.191483776,carbonZ_2018-10-05-14-37-22_3_left_aileron_failure,aileron,7.8799996376,-212.518493652,1.15808057785,492,2.14737987518,4.88100767136,1.4019036293,18.6285572052,1.09871399403,-0.173623979092,0
1538768587041831719,43.26746496,carbonZ_2018-10-05-14-37-22_3_left_aileron_failure,aileron,7.84999990463,-192.697906494,1.07354915142,492,2.14737987518,4.88100767136,1.4019036293,18.5977535248,0.991488397121,-0.0948158577085,0
1538768587081915239,43.30754848,carbonZ_2018-10-05-14-37-22_3_left_aileron_failure,aileron,7.84999990463,-192.697906494,1.07354915142,492,-5.91842222214,2.63513088226,0.080413363874,18.5902061462,0.968307673931,-0.0727664381266,0
1538768587127155399,43.35278864,carbonZ_2018-10-05-14-37-22_3_left_aileron_failure,aileron,7.83999967575,-192.697906494,0.989016830921,492,-5.91842222214,2.63513088226,0.080413363874,18.5726261139,0.884721040726,0.00659026997164,0
1538768587193121671,43.418754912,carbonZ_2018-10-05-14-37-22_3_left_aileron_failure,aileron,7.83999967575,-192.697906494,0.989016830921,492,-5.91842222214,2.63513088226,0.080413363874,18.5550842285,0.800457656384,0.121529184282,0
1538768587242895463,43.468528704,carbonZ_2018-10-05-14-37-22_3_left_aileron_failure,aileron,7.83999967575,-183.296386719,0.929844915867,493,-5.91842222214,2.63513088226,0.080413363874,18.5356006622,0.705881655216,0.230024665594,0
1538768587274630343,43.500263584,carbonZ_2018-10-05-14-37-22_3_left_aileron_failure,aileron,7.83999967575,-183.296386719,0.929844915867,493,-5.91842222214,2.63513088226,0.080413363874,18.5351638794,0.671266555786,0.265886455774,0
1538768587322284647,43.547917888,carbonZ_2018-10-05-14-37-22_3_left_aileron_failure,aileron,7.83999967575,-183.296386719,0.929844915867,493,-5.91842222214,2.63513088226,0.080413363874,18.5246982574,0.567453682423,0.366514325142,0
1538768587368615687,43.594248928,carbonZ_2018-10-05-14-37-22_3_left_aileron_failure,aileron,7.85999965668,-183.296386719,0.87912607193,493,-5.91842222214,2.63513088226,0.080413363874,18.5181007385,0.494776129723,0.389679163694,0
1538768587443156903,43.668790144,carbonZ_2018-10-05-14-37-22_3_left_aileron_failure,aileron,7.88999986649,-175.658599854,0.845313251019,494,-7.68186998367,1.23906242847,-1.49771571159,18.5066280365,0.344194054604,0.377145290375,0
1538768587474174823,43.699808064,carbonZ_2018-10-05-14-37-22_3_left_aileron_failure,aileron,7.88999986649,-175.658599854,0.845313251019,494,-7.68186998367,1.23906242847,-1.49771571159,18.5059738159,0.309208095074,0.387777864933,0
1538768587517590567,43.743223808,carbonZ_2018-10-05-14-37-22_3_left_aileron_failure,aileron,7.88999986649,-175.658599854,0.845313251019,494,-7.68186998367,1.23906242847,-1.49771571159,18.5026702881,0.241122707725,0.379890352488,0
1538768587556982823,43.782616064,carbonZ_2018-10-05-14-37-22_3_left_aileron_failure,aileron,7.91999959946,-175.658599854,0.828406989574,494,-7.68186998367,1.23906242847,-1.49771571159,18.5026302338,0.171363562346,0.376758009195,0
1538768587604914823,43.830548064,carbonZ_2018-10-05-14-37-22_3_left_aileron_failure,aileron,7.91999959946,-175.658599854,0.828406989574,494,-7.68186998367,1.23906242847,-1.49771571159,18.5048084259,0.0421789810061,0.33006131649,0
1538768587648761447,43.874394688,carbonZ_2018-10-05-14-37-22_3_left_aileron_failure,aileron,7.96000003815,-162.3046875,0.768458902836,495,-7.68186998367,1.23906242847,-1.49771571159,18.5044384003,0.0164618380368,0.312928020954,0
1538768587739953959,43.9655872,carbonZ_2018-10-05-14-37-22_3_left_aileron_failure,aileron,7.96000003815,-162.3046875,0.768458902836,495,-7.68186998367,1.23906242847,-1.49771571159,18.5164604187,-0.0909104943275,0.306607216597,0
1538768587765337703,43.990970944,carbonZ_2018-10-05-14-37-22_3_left_aileron_failure,aileron,7.98000001907,-162.3046875,0.78937458992,495,-7.68186998367,1.23906242847,-1.49771571159,18.5145931244,-0.119188144803,0.291776359081,0
1538768587818252167,44.043885408,carbonZ_2018-10-05-14-37-22_3_left_aileron_failure,aileron,8.0,-161.987487793,0.818743467331,496,-7.68186998367,1.23906242847,-1.49771571159,18.5343475342,-0.1846858114,0.276756584644,0
1538768587956903655,44.182536896,carbonZ_2018-10-05-14-37-22_3_left_aileron_failure,aileron,8.01000022888,-161.987487793,0.794483482838,496,-4.4295835495,0.0677188709378,-3.18418645859,18.5606555939,-0.279701590538,0.269630819559,0
1538768587999199239,44.22483248,carbonZ_2018-10-05-14-37-22_3_left_aileron_failure,aileron,8.01000022888,-161.987487793,0.794483482838,496,-4.4295835495,0.0677188709378,-3.18418645859,18.5645503998,-0.331714600325,0.306091308594,0
1538768588042989895,44.268623136,carbonZ_2018-10-05-14-37-22_3_left_aileron_failure,aileron,8.02999973297,-163.273620605,0.837029218674,497,-4.4295835495,0.0677188709378,-3.18418645859,18.5684623718,-0.372713893652,0.339182913303,0
1538768588098401159,44.3240344,carbonZ_2018-10-05-14-37-22_3_left_aileron_failure,aileron,8.02999973297,-163.273620605,0.837029218674,497,-4.4295835495,0.0677188709378,-3.18418645859,18.5804195404,-0.469534158707,0.363280147314,0
1538768588145025191,44.370658432,carbonZ_2018-10-05-14-37-22_3_left_aileron_failure,aileron,8.05999946594,-163.273620605,0.26768592,497,-4.4295835495,0.0677188709378,-3.18418645859,18.5827522278,-0.526727557182,0.389308214188,0
1538768588202310663,44.427943904,carbonZ_2018-10-05-14-37-22_3_left_aileron_failure,aileron,8.05999946594,-163.273620605,0.26768592,497,-4.4295835495,0.0677188709378,-3.18418645859,18.5856208801,-0.626253604889,0.414946854115,0
1538768588247719175,44.473352416,carbonZ_2018-10-05-14-37-22_3_left_aileron_failure,aileron,8.09000015259,-170.746795654,0.377513080835,498,-4.4295835495,0.0677188709378,-3.18418645859,18.5841255188,-0.66839414835,0.431825786829,0
1538768588289190631,44.514823872,carbonZ_2018-10-05-14-37-22_3_left_aileron_failure,aileron,8.09000015259,-170.746795654,0.377513080835,498,-4.4295835495,0.0677188709378,-3.18418645859,18.5855827332,-0.750934123993,0.457263350487,0
1538768588334147399,44.55978064,carbonZ_2018-10-05-14-37-22_3_left_aileron_failure,aileron,8.13000011444,-170.746795654,-0.6008913517,499,-5.66678762436,-1.19996929169,-7.93647670746,18.5814704895,-0.8892827034,0.525290191174,0
1538768588366154151,44.591787392,carbonZ_2018-10-05-14-37-22_3_left_aileron_failure,aileron,8.13000011444,-170.746795654,-0.6008913517,499,-5.66678762436,-1.19996929169,-7.93647670746,18.5814704895,-0.8892827034,0.525290191174,0
1538768588496520295,44.722153536,carbonZ_2018-10-05-14-37-22_3_left_aileron_failure,aileron,8.1799993515,-169.823455811,-0.35851341486,499,-5.66678762436,-1.19996929169,-7.93647670746,18.5704135895,-1.2273786068,0.60740429163,0
1538768588525972551,44.751605792,carbonZ_2018-10-05-14-37-22_3_left_aileron_failure,aileron,8.1799993515,-169.823455811,-0.35851341486,499,-5.66678762436,-1.19996929169,-7.93647670746,18.5696353912,-1.31103146076,0.60760062933,0
1538768588579652647,44.805285888,carbonZ_2018-10-05-14-37-22_3_left_aileron_failure,aileron,8.22999954224,-169.823455811,-0.0891485437751,500,-5.66678762436,-1.19996929169,-7.93647670746,18.5688037872,-1.38138282299,0.642070412636,0
1538768588604992935,44.830626176,carbonZ_2018-10-05-14-37-22_3_left_aileron_failure,aileron,8.22999954224,-169.823455811,-0.0891485437751,500,-5.66678762436,-1.19996929169,-7.93647670746,18.5637989044,-1.43585109711,0.672497570515,0
1538768588647547207,44.873180448,carbonZ_2018-10-05-14-37-22_3_left_aileron_failure,aileron,8.28999996185,-167.488479614,-0.810692489147,501,-5.66678762436,-1.19996929169,-7.93647670746,18.5685482025,-1.48547708988,0.692413210869,0
1538768588762221575,44.987854816,carbonZ_2018-10-05-14-37-22_3_left_aileron_failure,aileron,8.35999965668,-167.488479614,-0.430225461721,501,-5.66678762436,-1.19996929169,-7.93647670746,18.5736942291,-1.56338214874,0.742522537708,0
1538768588835313703,45.060946944,carbonZ_2018-10-05-14-37-22_3_left_aileron_failure,aileron,8.35999965668,-167.488479614,-0.430225461721,501,-2.81501150131,-2.28448867798,-5.09028339386,18.5783729553,-1.5842512846,0.762057125568,0
1538768588846973831,45.072607072,carbonZ_2018-10-05-14-37-22_3_left_aileron_failure,aileron,8.4299993515,-160.63671875,-2.0365922451,502,-2.81501150131,-2.28448867798,-5.09028339386,18.5783729553,-1.5842512846,0.762057125568,0
1538768588885817831,45.111451072,carbonZ_2018-10-05-14-37-22_3_left_aileron_failure,aileron,8.4299993515,-160.63671875,-2.0365922451,502,-2.81501150131,-2.28448867798,-5.09028339386,18.5939292908,-1.58025956154,0.706930398941,0
1538768588918448551,45.144081792,carbonZ_2018-10-05-14-37-22_3_left_aileron_failure,aileron,8.4299993515,-160.63671875,-2.0365922451,502,-2.81501150131,-2.28448867798,-5.09028339386,18.6070365906,-1.56483757496,0.608509004116,0
1538768588998840551,45.224473792,carbonZ_2018-10-05-14-37-22_3_left_aileron_failure,aileron,8.5,-161.636734009,-1.50193142891,503,-2.81501150131,-2.28448867798,-5.09028339386,18.616147995,-1.5448217392,0.541219949722,0
1538768589042108455,45.267741696,carbonZ_2018-10-05-14-37-22_3_left_aileron_failure,aileron,8.55000019073,-172.28527832,-2.55501461029,504,-2.81501150131,-2.28448867798,-5.09028339386,18.6214256287,-1.50429308414,0.486194252968,0
1538768589089872071,45.315505312,carbonZ_2018-10-05-14-37-22_3_left_aileron_failure,aileron,8.55000019073,-172.28527832,-2.55501461029,504,-2.81501150131,-2.28448867798,-5.09028339386,18.6242771149,-1.47195589542,0.49168035388,0
1538768589125668999,45.35130224,carbonZ_2018-10-05-14-37-22_3_left_aileron_failure,aileron,8.55000019073,-172.28527832,-2.55501461029,504,-2.81501150131,-2.28448867798,-5.09028339386,18.6250476837,-1.44399273396,0.528843581676,0
1538768589163637127,45.389270368,carbonZ_2018-10-05-14-37-22_3_left_aileron_failure,aileron,8.5999994278,-171.285247803,-1.92793273926,504,-2.81501150131,-2.28448867798,-5.09028339386,18.6250476837,-1.44399273396,0.528843581676,0
1538768589250705959,45.4763392,carbonZ_2018-10-05-14-37-22_3_left_aileron_failure,aileron,8.65999984741,-173.193359375,-4.81564807892,505,10.3509502411,-0.993914186954,-6.3495182991,18.6229095459,-1.34437191486,0.577770829201,0
1538768589271289031,45.496922272,carbonZ_2018-10-05-14-37-22_3_left_aileron_failure,aileron,8.65999984741,-173.193359375,-4.81564807892,505,10.3509502411,-0.993914186954,-6.3495182991,18.62317276,-1.29706513882,0.597423374653,0
1538768589325347399,45.55098064,carbonZ_2018-10-05-14-37-22_3_left_aileron_failure,aileron,8.65999984741,-173.193359375,-4.81564807892,505,10.3509502411,-0.993914186954,-6.3495182991,18.6224517822,-1.22344768047,0.631210625172,0
1538768589400232199,45.62586544,carbonZ_2018-10-05-14-37-22_3_left_aileron_failure,aileron,8.71000003815,-173.193359375,-3.96251583099,506,10.3509502411,-0.993914186954,-6.3495182991,18.6177177429,-1.12814199924,0.637453317642,0
1538768589429781191,45.655414432,carbonZ_2018-10-05-14-37-22_3_left_aileron_failure,aileron,8.71000003815,-173.193359375,-3.96251583099,506,10.3509502411,-0.993914186954,-6.3495182991,18.6171875,-1.06654834747,0.624041795731,0
1538768589467172679,45.69280592,carbonZ_2018-10-05-14-37-22_3_left_aileron_failure,aileron,8.77999973297,-166.841308594,-3.13707923889,506,10.3509502411,-0.993914186954,-6.3495182991,18.6190948486,-0.954839885235,0.565543413162,0
1538768589546999559,45.7726328,carbonZ_2018-10-05-14-37-22_3_left_aileron_failure,aileron,8.84000015259,-166.841308594,-4.03742313385,507,10.3509502411,-0.993914186954,-6.3495182991,18.6236057281,-0.82725918293,0.509435594082,0
1538768589594011623,45.819644864,carbonZ_2018-10-05-14-37-22_3_left_aileron_failure,aileron,8.84000015259,-166.841308594,-4.03742313385,507,10.3509502411,-0.993914186954,-6.3495182991,18.6221694946,-0.73584228754,0.487093001604,0
1538768589636623495,45.862256736,carbonZ_2018-10-05-14-37-22_3_left_aileron_failure,aileron,8.84000015259,-166.841308594,-4.03742313385,507,10.3509502411,-0.993914186954,-6.3495182991,18.6226654053,-0.65350741148,0.492841959,0
1538768589709245895,45.934879136,carbonZ_2018-10-05-14-37-22_3_left_aileron_failure,aileron,8.88999938965,-172.620010376,-3.13952326775,508,17.9273757935,-0.106915086508,-5.06239891052,18.6251087189,-0.459448426962,0.527637839317,0
1538768589774133799,45.99976704,carbonZ_2018-10-05-14-37-22_3_left_aileron_failure,aileron,8.93999958038,-172.620010376,-2.26176524162,508,17.9273757935,-0.106915086508,-5.06239891052,18.6268825531,-0.303000092506,0.582398533821,0
1538768589862541159,46.0881744,carbonZ_2018-10-05-14-37-22_3_left_aileron_failure,aileron,9.0,-168.318939209,-3.85777878761,509,17.9273757935,-0.106915086508,-5.06239891052,18.6281242371,-0.0588627271354,0.644646823406,0
1538768589917026151,46.142659392,carbonZ_2018-10-05-14-37-22_3_left_aileron_failure,aileron,9.0,-168.318939209,-3.85777878761,509,17.9273757935,-0.106915086508,-5.06239891052,18.6407604218,0.180156037211,0.63888502121,0
1538768589943019943,46.168653184,carbonZ_2018-10-05-14-37-22_3_left_aileron_failure,aileron,9.0,-168.318939209,-3.85777878761,509,17.9273757935,-0.106915086508,-5.06239891052,18.6444454193,0.263813883066,0.630263149738,0
1538768589994776775,46.220410016,carbonZ_2018-10-05-14-37-22_3_left_aileron_failure,aileron,9.06999969482,-169.318969727,-2.83972644806,510,17.9273757935,-0.106915086508,-5.06239891052,18.6501731873,0.514770448208,0.651947140694,0
1538768590035714247,46.261347488,carbonZ_2018-10-05-14-37-22_3_left_aileron_failure,aileron,9.13999938965,-175.153533936,-3.56419682503,510,26.6491470337,-0.773988842964,0.38778501749,18.6537532806,0.705566763878,0.663248419762,0
1538768590068673959,46.2943072,carbonZ_2018-10-05-14-37-22_3_left_aileron_failure,aileron,9.13999938965,-175.153533936,-3.56419682503,510,26.6491470337,-0.773988842964,0.38778501749,18.6578731537,0.98904800415,0.652166545391,0
1538768590129076295,46.354709536,carbonZ_2018-10-05-14-37-22_3_left_aileron_failure,aileron,9.13999938965,-175.153533936,-3.56419682503,510,26.6491470337,-0.773988842964,0.38778501749,18.6578426361,1.20145821571,0.633952856064,0
1538768590189962311,46.415595552,carbonZ_2018-10-05-14-37-22_3_left_aileron_failure,aileron,9.21000003815,-174.153518677,-2.52494120598,511,26.6491470337,-0.773988842964,0.38778501749,18.6502685547,1.53291237354,0.629291951656,0
1538768590242565415,46.468198656,carbonZ_2018-10-05-14-37-22_3_left_aileron_failure,aileron,9.27999973297,-180.67741394,-1.53896248341,511,26.6491470337,-0.773988842964,0.38778501749,18.6327762604,1.9836922884,0.617701232433,0
1538768590280990471,46.506623712,carbonZ_2018-10-05-14-37-22_3_left_aileron_failure,aileron,9.27999973297,-180.67741394,-1.53896248341,511,26.6491470337,-0.773988842964,0.38778501749,18.6327762604,1.9836922884,0.617701232433,0
1538768590363421415,46.589054656,carbonZ_2018-10-05-14-37-22_3_left_aileron_failure,aileron,9.3499994278,-180.67741394,-3.94043326378,512,26.6491470337,-0.773988842964,0.38778501749,18.6099052429,2.44612765312,0.613332390785,0
1538768590382115847,46.607749088,carbonZ_2018-10-05-14-37-22_3_left_aileron_failure,aileron,9.3499994278,-180.67741394,-3.94043326378,512,26.6491470337,-0.773988842964,0.38778501749,18.6099052429,2.44612765312,0.613332390785,0
1538768590443903431,46.669536672,carbonZ_2018-10-05-14-37-22_3_left_aileron_failure,aileron,9.3499994278,-180.67741394,-3.94043326378,512,26.6491470337,-0.773988842964,0.38778501749,18.5752849579,2.91440272331,0.647594988346,0
1538768590477799687,46.703432928,carbonZ_2018-10-05-14-37-22_3_left_aileron_failure,aileron,9.42000007629,-200.995452881,-2.80853939056,512,35.1568603516,0.151933714747,6.04185009003,18.5560092926,3.13441467285,0.679367005825,0
1538768590535538023,46.761171264,carbonZ_2018-10-05-14-37-22_3_left_aileron_failure,aileron,9.42000007629,-200.995452881,-2.80853939056,512,35.1568603516,0.151933714747,6.04185009003,18.525850296,3.46693181992,0.712170302868,0
1538768590567110855,46.792744096,carbonZ_2018-10-05-14-37-22_3_left_aileron_failure,aileron,9.5,-200.995452881,-4.49591588974,512,35.1568603516,0.151933714747,6.04185009003,18.5006256104,3.71532344818,0.701762676239,0
1538768590612552231,46.838185472,carbonZ_2018-10-05-14-37-22_3_left_aileron_failure,aileron,9.5,-200.995452881,-4.49591588974,512,35.1568603516,0.151933714747,6.04185009003,18.4708900452,3.97447419167,0.681560456753,0
1538768590648526759,46.87416,carbonZ_2018-10-05-14-37-22_3_left_aileron_failure,aileron,9.57999992371,-205.412475586,-3.29973864555,513,35.1568603516,0.151933714747,6.04185009003,18.4223937988,4.33248138428,0.682463824749,0
1538768590703906919,46.92954016,carbonZ_2018-10-05-14-37-22_3_left_aileron_failure,aileron,9.57999992371,-205.412475586,-3.29973864555,513,35.1568603516,0.151933714747,6.04185009003,18.3898983002,4.5664691925,0.692518353462,0
1538768590755288679,46.98092192,carbonZ_2018-10-05-14-37-22_3_left_aileron_failure,aileron,9.65999984741,-205.412475586,-4.03397226334,513,35.1568603516,0.151933714747,6.04185009003,18.350894928,4.8009967804,0.714069008827,0
1538768590795092359,47.0207256,carbonZ_2018-10-05-14-37-22_3_left_aileron_failure,aileron,9.65999984741,-205.412475586,-4.03397226334,513,35.1568603516,0.151933714747,6.04185009003,18.3110103607,5.04399442673,0.733518183231,0
1538768590833043143,47.058676384,carbonZ_2018-10-05-14-37-22_3_left_aileron_failure,aileron,9.73999977112,-211.859893799,-2.82128429413,513,38.3857192993,0.122783534229,12.3239297867,18.2703094482,5.28313112259,0.757048487663,0
1538768590883670599,47.10930384,carbonZ_2018-10-05-14-37-22_3_left_aileron_failure,aileron,9.73999977112,-211.859893799,-2.82128429413,513,38.3857192993,0.122783534229,12.3239297867,18.2280445099,5.51501274109,0.783117234707,0
1538768590961389831,47.187023072,carbonZ_2018-10-05-14-37-22_3_left_aileron_failure,aileron,9.82999992371,-211.859893799,-1.64142668247,513,38.3857192993,0.122783534229,12.3239297867,18.1307201385,5.98781871796,0.847700119019,0
1538768590982056039,47.20768928,carbonZ_2018-10-05-14-37-22_3_left_aileron_failure,aileron,9.82999992371,-211.859893799,-1.64142668247,513,38.3857192993,0.122783534229,12.3239297867,18.1058063507,6.10326766968,0.874349832535,0
1538768591056488583,47.282121824,carbonZ_2018-10-05-14-37-22_3_left_aileron_failure,aileron,9.9299993515,-230.827514648,-1.38018715382,513,38.3857192993,0.122783534229,12.3239297867,17.9969768524,6.56451702118,0.971728444099,0
1538768591083336711,47.308969952,carbonZ_2018-10-05-14-37-22_3_left_aileron_failure,aileron,9.9299993515,-230.827514648,-1.38018715382,513,38.3857192993,0.122783534229,12.3239297867,17.9690265656,6.67783355713,0.998880684376,0
1538768591137987687,47.363620928,carbonZ_2018-10-05-14-37-22_3_left_aileron_failure,aileron,9.9299993515,-230.827514648,-1.38018715382,513,38.3857192993,0.122783534229,12.3239297867,17.8797416687,7.03238391876,1.06503140926,0
1538768591167843335,47.393476576,carbonZ_2018-10-05-14-37-22_3_left_aileron_failure,aileron,10.0399999619,-230.827514648,-0.229534089565,513,39.6454391479,-1.88177287579,21.5876846313,17.7826900482,7.3917798996,1.13480997086,0
1538768591233030503,47.458663744,carbonZ_2018-10-05-14-37-22_3_left_aileron_failure,aileron,10.0399999619,-230.827514648,-0.229534089565,513,39.6454391479,-1.88177287579,21.5876846313,17.7102241516,7.63928842545,1.17363607883,0
1538768591289455207,47.515088448,carbonZ_2018-10-05-14-37-22_3_left_aileron_failure,aileron,10.1599998474,-251.556396484,-2.73361611366,513,39.6454391479,-1.88177287579,21.5876846313,17.5933914185,8.01702880859,1.22926688194,0
1538768591358967079,47.58460032,carbonZ_2018-10-05-14-37-22_3_left_aileron_failure,aileron,10.2899999619,-252.556427002,-1.46858990192,513,39.6454391479,-1.88177287579,21.5876846313,17.4512863159,8.43028640747,1.25039970875,0
1538768591375670407,47.601303648,carbonZ_2018-10-05-14-37-22_3_left_aileron_failure,aileron,10.2899999619,-252.556427002,-1.46858990192,513,39.6454391479,-1.88177287579,21.5876846313,17.3943843842,8.57929229736,1.24389219284,0
1538768591432862407,47.658495648,carbonZ_2018-10-05-14-37-22_3_left_aileron_failure,aileron,10.4299993515,-254.401580811,-0.274996727705,513,39.6454391479,-1.88177287579,21.5876846313,17.235490799,8.9888010025,1.24333620071,0
1538768591480214503,47.705847744,carbonZ_2018-10-05-14-37-22_3_left_aileron_failure,aileron,10.4299993515,-254.401580811,-0.274996727705,513,39.6454391479,-1.88177287579,21.5876846313,17.0682373047,9.38674163818,1.26055133343,0
1538768591558284423,47.783917664,carbonZ_2018-10-05-14-37-22_3_left_aileron_failure,aileron,10.5699996948,-254.401580811,-1.91258919239,513,39.6454391479,-1.88177287579,21.5876846313,16.8040676117,9.97347354889,1.2647536993,0
1538768591588702599,47.81433584,carbonZ_2018-10-05-14-37-22_3_left_aileron_failure,aileron,10.5699996948,-254.401580811,-1.91258919239,513,39.6454391479,-1.88177287579,21.5876846313,16.8040676117,9.97347354889,1.2647536993,0
1538768591677188199,47.90282144,carbonZ_2018-10-05-14-37-22_3_left_aileron_failure,aileron,10.7100000381,-248.22807312,-0.630133450031,513,42.7444572449,-1.52178192139,33.0315132141,16.4237384796,10.731637001,1.21145117283,0
1538768591705894823,47.931528064,carbonZ_2018-10-05-14-37-22_3_left_aileron_failure,aileron,10.7100000381,-248.22807312,-0.630133450031,513,42.7444572449,-1.52178192139,33.0315132141,16.2664089203,11.0194387436,1.20499932766,0
1538768591818994215,48.044627456,carbonZ_2018-10-05-14-37-22_3_left_aileron_failure,aileron,10.8400001526,-248.22807312,-1.35550260544,512,42.7444572449,-1.52178192139,33.0315132141,15.8416242599,11.7366437912,1.16201043129,0
1538768591849814087,48.075447328,carbonZ_2018-10-05-14-37-22_3_left_aileron_failure,aileron,10.9699993134,-257.101257324,-0.109586633742,512,42.7444572449,-1.52178192139,33.0315132141,15.7541055679,11.8740472794,1.13399839401,0
1538768591946727527,48.172360768,carbonZ_2018-10-05-14-37-22_3_left_aileron_failure,aileron,11.0799999237,-257.101257324,-1.89315879345,511,42.7444572449,-1.52178192139,33.0315132141,15.1689882278,12.7794361115,0.898050427437,0
1538768592034726663,48.260359904,carbonZ_2018-10-05-14-37-22_3_left_aileron_failure,aileron,11.0799999237,-257.101257324,-1.89315879345,511,42.789894104,-0.170040652156,43.1036720276,14.7533798218,13.3472137451,0.735999763012,0
1538768592050089191,48.275722432,carbonZ_2018-10-05-14-37-22_3_left_aileron_failure,aileron,11.1799993515,-278.153045654,-0.590375781059,511,42.789894104,-0.170040652156,43.1036720276,14.6448755264,13.4812860489,0.691812872887,0
1538768592100197223,48.325830464,carbonZ_2018-10-05-14-37-22_3_left_aileron_failure,aileron,11.1799993515,-278.153045654,-0.590375781059,511,42.789894104,-0.170040652156,43.1036720276,14.3237257004,13.8839015961,0.593941032887,0
1538768592171980327,48.397613568,carbonZ_2018-10-05-14-37-22_3_left_aileron_failure,aileron,11.2599992752,-278.153045654,0.649439334869,510,42.789894104,-0.170040652156,43.1036720276,13.9970197678,14.2600469589,0.544188261032,0
1538768592202527239,48.42816048,carbonZ_2018-10-05-14-37-22_3_left_aileron_failure,aileron,11.2599992752,-278.153045654,0.649439334869,510,42.789894104,-0.170040652156,43.1036720276,13.764503479,14.5033693314,0.506102502346,0
1538768592241214503,48.466847744,carbonZ_2018-10-05-14-37-22_3_left_aileron_failure,aileron,11.3299999237,-288.353149414,-0.148065984249,510,42.789894104,-0.170040652156,43.1036720276,13.52805233,14.7409830093,0.477801173925,0
1538768592311786215,48.537419456,carbonZ_2018-10-05-14-37-22_3_left_aileron_failure,aileron,11.3299999237,-288.353149414,-0.148065984249,510,42.789894104,-0.170040652156,43.1036720276,13.1574831009,15.093667984,0.447776436806,0
1538768592353154119,48.57878736,carbonZ_2018-10-05-14-37-22_3_left_aileron_failure,aileron,11.3899993896,-287.353149414,1.06031620502,509,42.789894104,-0.170040652156,43.1036720276,12.8818912506,15.3347425461,0.410762012005,0
1538768592418059879,48.64369312,carbonZ_2018-10-05-14-37-22_3_left_aileron_failure,aileron,11.3899993896,-287.353149414,1.06031620502,509,42.789894104,-0.170040652156,43.1036720276,12.4844636917,15.669506073,0.365534991026,0
1538768592448002887,48.673636128,carbonZ_2018-10-05-14-37-22_3_left_aileron_failure,aileron,11.4399995804,-305.642333984,-0.800244092941,508,43.7237854004,-0.538582861423,57.4590072632,12.2002906799,15.908946991,0.333588212729,0
1538768592495371943,48.721005184,carbonZ_2018-10-05-14-37-22_3_left_aileron_failure,aileron,11.4399995804,-305.642333984,-0.800244092941,508,43.7237854004,-0.538582861423,57.4590072632,11.642827034,16.3298892975,0.241445243359,0
1538768592556349287,48.781982528,carbonZ_2018-10-05-14-37-22_3_left_aileron_failure,aileron,11.4899997711,-305.642333984,0.451759368181,507,43.7237854004,-0.538582861423,57.4590072632,11.4957780838,16.4354133606,0.216364711523,0
1538768592600933255,48.826566496,carbonZ_2018-10-05-14-37-22_3_left_aileron_failure,aileron,11.4899997711,-305.642333984,0.451759368181,507,43.7237854004,-0.538582861423,57.4590072632,11.0663461685,16.7202377319,0.134308159351,0
1538768592637846887,48.863480128,carbonZ_2018-10-05-14-37-22_3_left_aileron_failure,aileron,11.5099992752,-315.628417969,1.5921766758,506,43.7237854004,-0.538582861423,57.4590072632,10.5998334885,17.0177879333,0.0573894269764,0
1538768592705503591,48.931136832,carbonZ_2018-10-05-14-37-22_3_left_aileron_failure,aileron,11.5099992752,-315.628417969,1.5921766758,506,43.7237854004,-0.538582861423,57.4590072632,10.295999527,17.2040138245,0.0197546072304,0
1538768592790010599,49.01564384,carbonZ_2018-10-05-14-37-22_3_left_aileron_failure,aileron,11.5399999619,-315.628417969,0.750137805939,505,43.7237854004,-0.538582861423,57.4590072632,9.65259456635,17.5563087463,-0.0599848851562,0
1538768592832898855,49.058532096,carbonZ_2018-10-05-14-37-22_3_left_aileron_failure,aileron,11.5399999619,-287.979125977,1.86794555187,504,43.7237854004,-0.538582861423,57.4590072632,9.31503295898,17.7284965515,-0.113084025681,0
1538768592913976519,49.13960976,carbonZ_2018-10-05-14-37-22_3_left_aileron_failure,aileron,11.5399999619,-287.979125977,1.86794555187,504,43.9893493652,0.933213353157,69.7932891846,8.58863544464,18.0541992188,-0.271699994802,0
1538768592958915943,49.184549184,carbonZ_2018-10-05-14-37-22_3_left_aileron_failure,aileron,11.5399999619,-287.979125977,2.92526364326,502,43.9893493652,0.933213353157,69.7932891846,8.00624275208,18.2879161835,-0.407997131348,0
1538768593012667367,49.238300608,carbonZ_2018-10-05-14-37-22_3_left_aileron_failure,aileron,11.5399999619,-287.979125977,2.92526364326,502,43.9893493652,0.933213353157,69.7932891846,7.63737154007,18.4246387482,-0.490107119083,0
1538768593046789447,49.272422688,carbonZ_2018-10-05-14-37-22_3_left_aileron_failure,aileron,11.5,-284.748260498,1.03462195396,501,43.9893493652,0.933213353157,69.7932891846,7.25390720367,18.5564746857,-0.573660731316,0
1538768593108762535,49.334395776,carbonZ_2018-10-05-14-37-22_3_left_aileron_failure,aileron,11.5,-284.748260498,1.03462195396,501,43.9893493652,0.933213353157,69.7932891846,6.70123147964,18.7259368896,-0.71681278944,0
1538768593149054951,49.374688192,carbonZ_2018-10-05-14-37-22_3_left_aileron_failure,aileron,11.4499998093,-284.748260498,0.0950805619359,500,43.9893493652,0.933213353157,69.7932891846,6.31832742691,18.8234806061,-0.838122904301,0
1538768593228735719,49.45436896,carbonZ_2018-10-05-14-37-22_3_left_aileron_failure,aileron,11.4499998093,-284.748260498,0.0950805619359,500,43.9893493652,0.933213353157,69.7932891846,5.57063245773,18.9843406677,-1.0791400671,0
1538768593253877191,49.479510432,carbonZ_2018-10-05-14-37-22_3_left_aileron_failure,aileron,11.3599996567,-276.356323242,1.16382062435,498,43.9893493652,0.933213353157,69.7932891846,5.41662406921,19.004611969,-1.11776268482,0
1538768593319298503,49.544931744,carbonZ_2018-10-05-14-37-22_3_left_aileron_failure,aileron,11.3599996567,-276.356323242,1.16382062435,498,40.6830558777,3.95155739784,80.7101974487,4.73277807236,19.1026573181,-1.09210669994,0
1538768593410680295,49.636313536,carbonZ_2018-10-05-14-37-22_3_left_aileron_failure,aileron,11.2599992752,-276.356323242,2.17584061623,497,40.6830558777,3.95155739784,80.7101974487,4.07618284225,19.1392707825,-1.01890206337,0
1538768593469203783,49.694837024,carbonZ_2018-10-05-14-37-22_3_left_aileron_failure,aileron,11.1499996185,-280.205352783,0.405118584633,495,40.6830558777,3.95155739784,80.7101974487,4.07618284225,19.1392707825,-1.01890206337,0
1538768593508727559,49.7343608,carbonZ_2018-10-05-14-37-22_3_left_aileron_failure,aileron,11.1499996185,-280.205352783,0.405118584633,495,40.6830558777,3.95155739784,80.7101974487,3.67801427841,19.145149231,-0.979969084263,0
1538768593567529735,49.793162976,carbonZ_2018-10-05-14-37-22_3_left_aileron_failure,aileron,11.0599994659,-281.205383301,1.44089102745,494,40.6830558777,3.95155739784,80.7101974487,3.31222176552,19.1270904541,-0.919971048832,0
1538768593597800007,49.823433248,carbonZ_2018-10-05-14-37-22_3_left_aileron_failure,aileron,11.0599994659,-281.205383301,1.44089102745,494,40.6830558777,3.95155739784,80.7101974487,3.06220507622,19.1182384491,-0.89705747366,0
1538768593643301639,49.86893488,carbonZ_2018-10-05-14-37-22_3_left_aileron_failure,aileron,10.9699993134,-270.295715332,2.43462562561,492,40.6830558777,3.95155739784,80.7101974487,2.80480217934,19.0982170105,-0.871143102646,0
1538768593723913863,49.949547104,carbonZ_2018-10-05-14-37-22_3_left_aileron_failure,aileron,10.9699993134,-270.295715332,2.43462562561,492,40.3411254883,4.65820121765,91.9736404419,2.22402024269,19.0469856262,-0.87579369545,0
1538768593775211655,50.000844896,carbonZ_2018-10-05-14-37-22_3_left_aileron_failure,aileron,10.8899993896,-270.295715332,1.88231182098,491,40.3411254883,4.65820121765,91.9736404419,1.92752921581,18.9974079132,-0.896766602993,0
1538768593804844967,50.030478208,carbonZ_2018-10-05-14-37-22_3_left_aileron_failure,aileron,10.8899993896,-270.295715332,1.88231182098,491,40.3411254883,4.65820121765,91.9736404419,1.60708904266,18.9546298981,-0.908726215363,0
1538768593849781127,50.075414368,carbonZ_2018-10-05-14-37-22_3_left_aileron_failure,aileron,10.8099994659,-243.072891235,2.8247320652,489,40.3411254883,4.65820121765,91.9736404419,1.29964625835,18.8938598633,-0.930328071117,0
1538768593890887879,50.11652112,carbonZ_2018-10-05-14-37-22_3_left_aileron_failure,aileron,10.8099994659,-243.072891235,2.8247320652,489,40.3411254883,4.65820121765,91.9736404419,0.994355618954,18.8401794434,-0.944729685783,0
1538768593925600839,50.15123408,carbonZ_2018-10-05-14-37-22_3_left_aileron_failure,aileron,10.8099994659,-243.072891235,2.8247320652,489,40.3411254883,4.65820121765,91.9736404419,0.690781354904,18.7763366699,-0.949923872948,0
1538768593975026567,50.200659808,carbonZ_2018-10-05-14-37-22_3_left_aileron_failure,aileron,10.7199993134,-243.072891235,1.91564393044,488,40.3411254883,4.65820121765,91.9736404419,0.38625946641,18.6984443665,-0.973007619381,0
1538768594024932679,50.25056592,carbonZ_2018-10-05-14-37-22_3_left_aileron_failure,aileron,10.7199993134,-243.072891235,1.91564393044,488,40.3411254883,4.65820121765,91.9736404419,-0.0634131804109,18.5793876648,-0.9973102808,0
1538768594082347367,50.307980608,carbonZ_2018-10-05-14-37-22_3_left_aileron_failure,aileron,10.6300001144,-205.22479248,2.80600166321,486,41.6447563171,6.0439786911,101.939888,-0.359397858381,18.4908790588,-1.02335476875,0
1538768594106131303,50.331764544,carbonZ_2018-10-05-14-37-22_3_left_aileron_failure,aileron,10.6300001144,-205.22479248,2.80600166321,486,41.6447563171,6.0439786911,101.939888,-0.79397302866,18.3503055573,-1.04975807667,0
1538768594179930311,50.405563552,carbonZ_2018-10-05-14-37-22_3_left_aileron_failure,aileron,10.529999733,-205.22479248,2.80424547195,484,41.6447563171,6.0439786911,101.939888,-1.35347509384,18.1499614716,-1.06547248363,0
1538768594233540583,50.459173824,carbonZ_2018-10-05-14-37-22_3_left_aileron_failure,aileron,10.4299993515,-184.41696167,3.59683060646,483,41.6447563171,6.0439786911,101.939888,-1.48842573166,18.0874900818,-1.07503128052,0
1538768594264684167,50.490317408,carbonZ_2018-10-05-14-37-22_3_left_aileron_failure,aileron,10.4299993515,-184.41696167,3.59683060646,483,41.6447563171,6.0439786911,101.939888,-1.8961981535,17.9299945831,-1.07538604736,0
1538768594330203111,50.555836352,carbonZ_2018-10-05-14-37-22_3_left_aileron_failure,aileron,10.3299999237,-184.41696167,4.29331207275,481,41.6447563171,6.0439786911,101.939888,-2.28417491913,17.7548007965,-1.07462012768,0
1538768594387627015,50.613260256,carbonZ_2018-10-05-14-37-22_3_left_aileron_failure,aileron,10.3299999237,-184.41696167,4.29331207275,481,41.6447563171,6.0439786911,101.939888,-2.56422543526,17.6319236755,-1.07184886932,0
1538768594428480167,50.654113408,carbonZ_2018-10-05-14-37-22_3_left_aileron_failure,aileron,10.2299995422,-159.465026855,4.67202663422,480,41.4981193542,6.39579916,110.837661743,-2.83039426804,17.5032253265,-1.05713617802,0
1538768594464640871,50.690274112,carbonZ_2018-10-05-14-37-22_3_left_aileron_failure,aileron,10.2299995422,-159.465026855,4.67202663422,480,41.4981193542,6.39579916,110.837661743,-3.21833181381,17.3082561493,-1.04464113712,0
1538768594524912903,50.750546144,carbonZ_2018-10-05-14-37-22_3_left_aileron_failure,aileron,10.2299995422,-159.465026855,4.67202663422,480,41.4981193542,6.39579916,110.837661743,-3.47330546379,17.1807632446,-1.0138361454,0
1538768594585439655,50.811072896,carbonZ_2018-10-05-14-37-22_3_left_aileron_failure,aileron,10.1399993896,-159.465026855,5.25222301483,478,41.4981193542,6.39579916,110.837661743,-3.71211719513,17.0466651917,-0.98671156168,0
1538768594624467975,50.850101216,carbonZ_2018-10-05-14-37-22_3_left_aileron_failure,aileron,10.0500001907,-138.377960205,5.27450227737,476,41.4981193542,6.39579916,110.837661743,-4.21108531952,16.7589836121,-0.942865729332,0
1538768594666000711,50.891633952,carbonZ_2018-10-05-14-37-22_3_left_aileron_failure,aileron,10.0500001907,-138.377960205,5.27450227737,476,41.4981193542,6.39579916,110.837661743,-4.33324623108,16.6872520447,-0.930664420128,0
1538768594720278279,50.94591152,carbonZ_2018-10-05-14-37-22_3_left_aileron_failure,aileron,10.0500001907,-138.377960205,5.27450227737,476,41.4981193542,6.39579916,110.837661743,-4.68818378448,16.4614067078,-0.912337005138,0
1538768594795563303,51.021196544,carbonZ_2018-10-05-14-37-22_3_left_aileron_failure,aileron,9.96999931335,-139.377975464,5.75122737885,475,41.4981193542,6.39579916,110.837661743,-5.04402399063,16.222114563,-0.907907247543,0
1538768594867529255,51.093162496,carbonZ_2018-10-05-14-37-22_3_left_aileron_failure,aileron,9.88999938965,-103.504562378,6.15835809708,473,39.3838729858,6.86895751953,119.853591919,-5.36932229996,15.9940032959,-0.896595418453,0
1538768594885932743,51.111565984,carbonZ_2018-10-05-14-37-22_3_left_aileron_failure,aileron,9.88999938965,-103.504562378,6.15835809708,473,39.3838729858,6.86895751953,119.853591919,-5.58118629456,15.8325061798,-0.89225268364,0
1538768594920329351,51.145962592,carbonZ_2018-10-05-14-37-22_3_left_aileron_failure,aileron,9.88999938965,-103.504562378,6.15835809708,473,39.3838729858,6.86895751953,119.853591919,-5.77707862854,15.6777648926,-0.908347904682,0
1538768594961626503,51.187259744,carbonZ_2018-10-05-14-37-22_3_left_aileron_failure,aileron,9.80999946594,-103.504562378,6.47415971756,471,39.3838729858,6.86895751953,119.853591919,-6.07590723038,15.433262825,-0.932853043079,0
1538768595029127143,51.254760384,carbonZ_2018-10-05-14-37-22_3_left_aileron_failure,aileron,9.80999946594,-103.504562378,6.47415971756,471,39.3838729858,6.86895751953,119.853591919,-6.26506662369,15.2745056152,-0.952671587467,0
1538768595065572903,51.291206144,carbonZ_2018-10-05-14-37-22_3_left_aileron_failure,aileron,9.71999931335,-81.4565658569,6.75635433197,470,39.3838729858,6.86895751953,119.853591919,-6.43828964233,15.1195306778,-0.970623552799,0
1538768595157419975,51.383053216,carbonZ_2018-10-05-14-37-22_3_left_aileron_failure,aileron,9.63000011444,-81.4565658569,6.97984695435,468,39.3838729858,6.86895751953,119.853591919,-6.77365255356,14.799996376,-0.992177426815,0
1538768595186235431,51.411868672,carbonZ_2018-10-05-14-37-22_3_left_aileron_failure,aileron,9.63000011444,-81.4565658569,6.97984695435,468,34.4849281311,6.57292985916,126.410133362,-6.85601091385,14.7143211365,-0.999538660049,0
1538768595224113991,51.449747232,carbonZ_2018-10-05-14-37-22_3_left_aileron_failure,aileron,9.63000011444,-81.4565658569,6.97984695435,468,34.4849281311,6.57292985916,126.410133362,-7.08302116394,14.4831962585,-0.995663702488,0
1538768595277798599,51.50343184,carbonZ_2018-10-05-14-37-22_3_left_aileron_failure,aileron,9.53999996185,-57.0127487183,7.14673995972,467,34.4849281311,6.57292985916,126.410133362,-7.21930551529,14.3424749374,-0.968822062016,0
1538768595347865223,51.573498464,carbonZ_2018-10-05-14-37-22_3_left_aileron_failure,aileron,9.44999980927,-57.0127487183,7.26739311218,465,34.4849281311,6.57292985916,126.410133362,-7.48340511322,14.0585021973,-0.929793715477,0
1538768595387702887,51.613336128,carbonZ_2018-10-05-14-37-22_3_left_aileron_failure,aileron,9.44999980927,-57.0127487183,7.26739311218,465,34.4849281311,6.57292985916,126.410133362,-7.61617660522,13.9076004028,-0.927356183529,0
1538768595460900295,51.686533536,carbonZ_2018-10-05-14-37-22_3_left_aileron_failure,aileron,9.36999988556,-46.1116790771,7.33843183517,463,34.4849281311,6.57292985916,126.410133362,-7.80480241776,13.6832904816,-0.934946298599,0
1538768595477628327,51.703261568,carbonZ_2018-10-05-14-37-22_3_left_aileron_failure,aileron,9.36999988556,-46.1116790771,7.33843183517,463,34.4849281311,6.57292985916,126.410133362,-7.86399030685,13.6102743149,-0.939276874065,0
1538768595558111175,51.783744416,carbonZ_2018-10-05-14-37-22_3_left_aileron_failure,aileron,9.26999950409,-46.1116790771,7.36612701416,462,34.4849281311,6.57292985916,126.410133362,-8.08052539825,13.3267211914,-0.948426127434,0
1538768595571725863,51.797359104,carbonZ_2018-10-05-14-37-22_3_left_aileron_failure,aileron,9.26999950409,-46.1116790771,7.36612701416,462,34.4849281311,6.57292985916,126.410133362,-8.13028144836,13.2573604584,-0.94607180357,0
1538768595630936007,51.856569248,carbonZ_2018-10-05-14-37-22_3_left_aileron_failure,aileron,9.1799993515,-18.6073303223,7.35797929764,460,34.4849281311,6.57292985916,126.410133362,-8.27224731445,13.055185318,-0.94199848175,0
1538768595665195175,51.890828416,carbonZ_2018-10-05-14-37-22_3_left_aileron_failure,aileron,9.1799993515,-18.6073303223,7.35797929764,460,23.9283561707,5.23502063751,135.824966431,-8.35665988922,12.9253692627,-0.94613802433,0
1538768595765983943,51.991617184,carbonZ_2018-10-05-14-37-22_3_left_aileron_failure,aileron,9.07999992371,-18.6073303223,7.31939172745,459,23.9283561707,5.23502063751,135.824966431,-8.53954124451,12.6183109283,-0.973410010338,0
1538768595790398919,52.01603216,carbonZ_2018-10-05-14-37-22_3_left_aileron_failure,aileron,9.07999992371,-18.6073303223,7.31939172745,459,23.9283561707,5.23502063751,135.824966431,-8.53954124451,12.6183109283,-0.973410010338,0
1538768595831212871,52.056846112,carbonZ_2018-10-05-14-37-22_3_left_aileron_failure,aileron,8.98999977112,7.29188919067,7.2461271286,457,23.9283561707,5.23502063751,135.824966431,-8.62726688385,12.452624321,-0.99231338501,0
1538768595959542631,52.185175872,carbonZ_2018-10-05-14-37-22_3_left_aileron_failure,aileron,8.88000011444,7.29188919067,7.15171194077,456,23.9283561707,5.23502063751,135.824966431,-8.76109027863,12.1621513367,-1.03919363022,0
1538768595981725895,52.207359136,carbonZ_2018-10-05-14-37-22_3_left_aileron_failure,aileron,8.88000011444,7.29188919067,7.15171194077,456,16.8466014862,5.51630306244,138.94052124,-8.76109027863,12.1621513367,-1.03919363022,0
1538768596027128935,52.252762176,carbonZ_2018-10-05-14-37-22_3_left_aileron_failure,aileron,8.77999973297,29.8725128174,7.03812408447,454,16.8466014862,5.51630306244,138.94052124,-8.81672668457,12.0262041092,-1.04880738258,0
1538768596063186855,52.288820096,carbonZ_2018-10-05-14-37-22_3_left_aileron_failure,aileron,8.77999973297,29.8725128174,7.03812408447,454,16.8466014862,5.51630306244,138.94052124,-8.84411048889,11.9500331879,-1.0452978611,0
1538768596119394695,52.345027936,carbonZ_2018-10-05-14-37-22_3_left_aileron_failure,aileron,8.77999973297,29.8725128174,7.03812408447,454,16.8466014862,5.51630306244,138.94052124,-8.89531040192,11.7936611176,-1.02714502811,0
1538768596186436839,52.41207008,carbonZ_2018-10-05-14-37-22_3_left_aileron_failure,aileron,8.65999984741,29.8725128174,6.90180587769,453,16.8466014862,5.51630306244,138.94052124,-8.91785240173,11.6980552673,-0.998502790928,0
1538768596223317031,52.448950272,carbonZ_2018-10-05-14-37-22_3_left_aileron_failure,aileron,8.65999984741,29.8725128174,6.90180587769,453,12.2195777893,5.00772714615,140.576583862,-8.92967891693,11.6438426971,-0.972270071507,0
1538768596284242759,52.509876,carbonZ_2018-10-05-14-37-22_3_left_aileron_failure,aileron,8.55000019073,45.8791732788,6.7603802681,451,12.2195777893,5.00772714615,140.576583862,-8.94505786896,11.5666484833,-0.939706385136,0
1538768596320623495,52.546256736,carbonZ_2018-10-05-14-37-22_3_left_aileron_failure,aileron,8.55000019073,45.8791732788,6.7603802681,451,12.2195777893,5.00772714615,140.576583862,-8.95017242432,11.5222167969,-0.91487455368,0
1538768596432519175,52.658152416,carbonZ_2018-10-05-14-37-22_3_left_aileron_failure,aileron,8.44999980927,45.8791732788,6.61447477341,450,12.2195777893,5.00772714615,140.576583862,-8.96367835999,11.4156208038,-0.826654076576,0
1538768596472066535,52.697699776,carbonZ_2018-10-05-14-37-22_3_left_aileron_failure,aileron,8.3499994278,70.6627807617,6.46259069443,449,12.2195777893,5.00772714615,140.576583862,-8.96719646454,11.3785228729,-0.784122943878,0
1538768596529724295,52.755357536,carbonZ_2018-10-05-14-37-22_3_left_aileron_failure,aileron,8.26000022888,70.6627807617,6.29876422882,447,12.2195777893,5.00772714615,140.576583862,-8.96470451355,11.3352584839,-0.703923344612,0
1538768596568389639,52.79402288,carbonZ_2018-10-05-14-37-22_3_left_aileron_failure,aileron,8.26000022888,70.6627807617,6.29876422882,447,12.2195777893,5.00772714615,140.576583862,-8.96538639069,11.305521965,-0.642966985703,0
1538768596637477607,52.863110848,carbonZ_2018-10-05-14-37-22_3_left_aileron_failure,aileron,8.26000022888,70.6627807617,6.29876422882,447,12.2195777893,5.00772714615,140.576583862,-8.96217155457,11.2686710358,-0.566386163235,0
1538768596693694119,52.91932736,carbonZ_2018-10-05-14-37-22_3_left_aileron_failure,aileron,8.18999958038,87.1734619141,6.14004516602,446,6.54944992065,3.46968817711,142.713058472,-8.96336460114,11.2274312973,-0.509665906429,0
1538768596747617479,52.97325072,carbonZ_2018-10-05-14-37-22_3_left_aileron_failure,aileron,8.13000011444,87.1734619141,5.97621774673,444,6.54944992065,3.46968817711,142.713058472,-8.96079540253,11.198097229,-0.454085886478,0
1538768596789894535,53.015527776,carbonZ_2018-10-05-14-37-22_3_left_aileron_failure,aileron,8.13000011444,87.1734619141,5.97621774673,444,6.54944992065,3.46968817711,142.713058472,-8.95975399017,11.1755695343,-0.42284783721,0
1538768596826414439,53.05204768,carbonZ_2018-10-05-14-37-22_3_left_aileron_failure,aileron,8.07999992371,96.1592712402,5.81239128113,443,6.54944992065,3.46968817711,142.713058472,-8.95515632629,11.1504116058,-0.377612799406,0
1538768596873583751,53.099216992,carbonZ_2018-10-05-14-37-22_3_left_aileron_failure,aileron,8.07999992371,96.1592712402,5.81239128113,443,6.54944992065,3.46968817711,142.713058472,-8.95506381989,11.1407184601,-0.363455414772,0
1538768596938061543,53.163694784,carbonZ_2018-10-05-14-37-22_3_left_aileron_failure,aileron,8.07999992371,96.1592712402,5.81239128113,443,6.54944992065,3.46968817711,142.713058472,-8.94653701782,11.1243572235,-0.324097782373,0
1538768596969659783,53.195293024,carbonZ_2018-10-05-14-37-22_3_left_aileron_failure,aileron,8.03999996185,96.1592712402,5.63700151443,442,6.54944992065,3.46968817711,142.713058472,-8.93661880493,11.11120224,-0.269994527102,0
1538768597031087271,53.256720512,carbonZ_2018-10-05-14-37-22_3_left_aileron_failure,aileron,8.0,104.077911377,5.46373558044,440,2.8962726593,2.50797748566,143.406677246,-8.93084335327,11.1058950424,-0.231013819575,0
1538768597074022535,53.299655776,carbonZ_2018-10-05-14-37-22_3_left_aileron_failure,aileron,8.0,104.077911377,5.46373558044,440,2.8962726593,2.50797748566,143.406677246,-8.92074108124,11.1038160324,-0.186637088656,0
1538768597106942887,53.332576128,carbonZ_2018-10-05-14-37-22_3_left_aileron_failure,aileron,8.0,104.077911377,5.46373558044,440,2.8962726593,2.50797748566,143.406677246,-8.91378116608,11.1023387909,-0.15065126121,0
1538768597146910151,53.372543392,carbonZ_2018-10-05-14-37-22_3_left_aileron_failure,aileron,7.96999979019,104.077911377,5.30038881302,439,2.8962726593,2.50797748566,143.406677246,-8.90104579926,11.1043462753,-0.118671052158,0
1538768597181407655,53.407040896,carbonZ_2018-10-05-14-37-22_3_left_aileron_failure,aileron,7.96999979019,104.077911377,5.30038881302,439,2.8962726593,2.50797748566,143.406677246,-8.8919801712,11.1080551147,-0.0887299999595,0
1538768597237100519,53.46273376,carbonZ_2018-10-05-14-37-22_3_left_aileron_failure,aileron,7.96999979019,104.077911377,5.30038881302,439,2.8962726593,2.50797748566,143.406677246,-8.87889671326,11.1127347946,-0.0650487169623,0
1538768597263715143,53.489348384,carbonZ_2018-10-05-14-37-22_3_left_aileron_failure,aileron,7.94999980927,113.664535522,5.14214897156,437,2.8962726593,2.50797748566,143.406677246,-8.87889671326,11.1127347946,-0.0650487169623,0
1538768597320644071,53.546277312,carbonZ_2018-10-05-14-37-22_3_left_aileron_failure,aileron,7.94999980927,113.664535522,5.14214897156,437,0.331463307142,1.81931948662,142.598617554,-8.8433599472,11.1403036118,-0.0618308968842,0
1538768597378522791,53.604156032,carbonZ_2018-10-05-14-37-22_3_left_aileron_failure,aileron,7.92999982834,113.664535522,4.97832345963,436,0.331463307142,1.81931948662,142.598617554,-8.81532859802,11.1606035233,-0.0525750480592,0
1538768597446634599,53.67226784,carbonZ_2018-10-05-14-37-22_3_left_aileron_failure,aileron,7.90999984741,115.313430786,4.81733179092,435,0.331463307142,1.81931948662,142.598617554,-8.78910160065,11.1862487793,-0.0260101221502,0
1538768597483330951,53.708964192,carbonZ_2018-10-05-14-37-22_3_left_aileron_failure,aileron,7.90999984741,115.313430786,4.81733179092,435,0.331463307142,1.81931948662,142.598617554,-8.76804065704,11.2061414719,-8.49373755045e-05,0
1538768597528339975,53.753973216,carbonZ_2018-10-05-14-37-22_3_left_aileron_failure,aileron,7.90999984741,115.313430786,4.81733179092,435,0.331463307142,1.81931948662,142.598617554,-8.75022220612,11.2241411209,0.0196509733796,0
1538768597565727207,53.791360448,carbonZ_2018-10-05-14-37-22_3_left_aileron_failure,aileron,7.89999961853,115.313430786,4.66294622421,433,0.331463307142,1.81931948662,142.598617554,-8.72757816315,11.2449121475,0.0566251352429,0
1538768597638911143,53.864544384,carbonZ_2018-10-05-14-37-22_3_left_aileron_failure,aileron,7.89999961853,115.313430786,4.66294622421,433,0.331463307142,1.81931948662,142.598617554,-8.6967420578,11.2707500458,0.107095949352,0
1538768597663202375,53.888835616,carbonZ_2018-10-05-14-37-22_3_left_aileron_failure,aileron,7.88999986649,123.644065857,4.52917003632,432,-1.4649374485,0.914910554886,141.642684937,-8.67948913574,11.2899427414,0.149147182703,0
1538768597735040967,53.960674208,carbonZ_2018-10-05-14-37-22_3_left_aileron_failure,aileron,7.88999986649,123.644065857,4.52917003632,432,-1.4649374485,0.914910554886,141.642684937,-8.65305328369,11.3244228363,0.221637710929,0
1538768597761138535,53.986771776,carbonZ_2018-10-05-14-37-22_3_left_aileron_failure,aileron,7.88999986649,123.644065857,4.39318466187,430,-1.4649374485,0.914910554886,141.642684937,-8.63667201996,11.3418178558,0.257742643356,0
1538768597828973255,54.054606496,carbonZ_2018-10-05-14-37-22_3_left_aileron_failure,aileron,7.89999961853,121.077919006,4.26278495789,429,-1.4649374485,0.914910554886,141.642684937,-8.61418151855,11.3720684052,0.316341757774,0
1538768597930743431,54.156376672,carbonZ_2018-10-05-14-37-22_3_left_aileron_failure,aileron,7.89999961853,121.077919006,4.26278495789,429,-1.4649374485,0.914910554886,141.642684937,-8.5856256485,11.4231719971,0.3994166255,0
1538768597982570759,54.208204,carbonZ_2018-10-05-14-37-22_3_left_aileron_failure,aileron,7.91999959946,121.077919006,4.14071655273,428,-1.4649374485,0.914910554886,141.642684937,-8.56744861603,11.4529809952,0.443698972464,0
1538768598037947879,54.26358112,carbonZ_2018-10-05-14-37-22_3_left_aileron_failure,aileron,7.96000003815,128.350250244,4.01913118362,426,-1.4649374485,0.914910554886,141.642684937,-8.55354881287,11.47660923,0.465720742941,0
1538768598071083847,54.296717088,carbonZ_2018-10-05-14-37-22_3_left_aileron_failure,aileron,7.96000003815,128.350250244,4.01913118362,426,-0.525247275829,-0.104337327182,140.468490601,-8.54485988617,11.4981641769,0.47934705019,0
1538768598165843015,54.391476256,carbonZ_2018-10-05-14-37-22_3_left_aileron_failure,aileron,8.0,128.350250244,3.90650391579,425,-0.525247275829,-0.104337327182,140.468490601,-8.51664447784,11.5541582108,0.53047221899,0
1538768598242070119,54.46770336,carbonZ_2018-10-05-14-37-22_3_left_aileron_failure,aileron,8.03999996185,126.671791077,3.78741979599,423,-0.525247275829,-0.104337327182,140.468490601,-8.49715995789,11.5985488892,0.570989906788,0
1538768598286899463,54.512532704,carbonZ_2018-10-05-14-37-22_3_left_aileron_failure,aileron,8.03999996185,126.671791077,3.78741979599,423,-0.525247275829,-0.104337327182,140.468490601,-8.49171066284,11.6230487823,0.608276069164,0
1538768598331587847,54.557221088,carbonZ_2018-10-05-14-37-22_3_left_aileron_failure,aileron,8.03999996185,126.671791077,3.78741979599,423,-0.525247275829,-0.104337327182,140.468490601,-8.48287677765,11.6438322067,0.647104203701,0
1538768598366116647,54.591749888,carbonZ_2018-10-05-14-37-22_3_left_aileron_failure,aileron,8.09000015259,126.671791077,3.67927289009,422,-0.525247275829,-0.104337327182,140.468490601,-8.47808361053,11.664812088,0.695331156254,0
1538768598446838471,54.672471712,carbonZ_2018-10-05-14-37-22_3_left_aileron_failure,aileron,8.15999984741,118.404678345,3.59063220024,421,-0.525247275829,-0.104337327182,140.468490601,-8.4694852829,11.704706192,0.78938382864,0
1538768598475656647,54.701289888,carbonZ_2018-10-05-14-37-22_3_left_aileron_failure,aileron,8.15999984741,118.404678345,3.59063220024,421,-0.525247275829,-0.104337327182,140.468490601,-8.46807289124,11.7153234482,0.800792872906,0
1538768598535002759,54.760636,carbonZ_2018-10-05-14-37-22_3_left_aileron_failure,aileron,8.15999984741,118.404678345,3.59063220024,421,-0.525247275829,-0.104337327182,140.468490601,-8.46477603912,11.7534599304,0.822651743889,0
1538768598592399207,54.818032448,carbonZ_2018-10-05-14-37-22_3_left_aileron_failure,aileron,8.22999954224,118.404678345,3.48696541786,419,0.668770074844,-1.11901700497,139.283874512,-8.46173381805,11.7891931534,0.861538112164,0
1538768598622212135,54.847845376,carbonZ_2018-10-05-14-37-22_3_left_aileron_failure,aileron,8.22999954224,118.404678345,3.48696541786,419,0.668770074844,-1.11901700497,139.283874512,-8.45917320251,11.8110771179,0.866035819054,0
1538768598661233639,54.88686688,carbonZ_2018-10-05-14-37-22_3_left_aileron_failure,aileron,8.30999946594,109.176063538,3.40053510666,418,0.668770074844,-1.11901700497,139.283874512,-8.45274448395,11.8431444168,0.887059807777,0
1538768598755837031,54.981470272,carbonZ_2018-10-05-14-37-22_3_left_aileron_failure,aileron,8.38999938965,109.176063538,3.30631041527,416,0.668770074844,-1.11901700497,139.283874512,-8.43902397156,11.9116678238,0.930546939373,0
1538768598774424807,55.000058048,carbonZ_2018-10-05-14-37-22_3_left_aileron_failure,aileron,8.38999938965,109.176063538,3.30631041527,416,0.668770074844,-1.11901700497,139.283874512,-8.43902397156,11.9116678238,0.930546939373,0
1538768598836120199,55.06175344,carbonZ_2018-10-05-14-37-22_3_left_aileron_failure,aileron,8.47000026703,108.743286133,3.22056221962,415,0.668770074844,-1.11901700497,139.283874512,-8.41721248627,11.9843578339,0.969415426254,0
1538768598889474663,55.115107904,carbonZ_2018-10-05-14-37-22_3_left_aileron_failure,aileron,8.47000026703,108.743286133,3.22056221962,415,0.668770074844,-1.11901700497,139.283874512,-8.40294361115,12.0408878326,0.988848567009,0
1538768598929347239,55.15498048,carbonZ_2018-10-05-14-37-22_3_left_aileron_failure,aileron,8.47000026703,108.743286133,3.22056221962,415,-2.7567858696,-1.3927577734,138.997772217,-8.39460277557,12.0827102661,1.00633704662,0
1538768599004661671,55.230294912,carbonZ_2018-10-05-14-37-22_3_left_aileron_failure,aileron,8.55999946594,108.743286133,3.14488124847,414,-2.7567858696,-1.3927577734,138.997772217,-8.37800788879,12.1350393295,1.00408041477,0
1538768599039075815,55.264709056,carbonZ_2018-10-05-14-37-22_3_left_aileron_failure,aileron,8.64999961853,106.183242798,3.0829744339,412,-2.7567858696,-1.3927577734,138.997772217,-8.36660861969,12.1902961731,0.990052580833,0
1538768599068946439,55.29457968,carbonZ_2018-10-05-14-37-22_3_left_aileron_failure,aileron,8.64999961853,106.183242798,3.0829744339,412,-2.7567858696,-1.3927577734,138.997772217,-8.3564157486,12.2249002457,0.978797733784,0
1538768599113628775,55.339262016,carbonZ_2018-10-05-14-37-22_3_left_aileron_failure,aileron,8.64999961853,106.183242798,3.0829744339,412,-2.7567858696,-1.3927577734,138.997772217,-8.34877490997,12.2617311478,0.951746821404,0
1538768599176477543,55.402110784,carbonZ_2018-10-05-14-37-22_3_left_aileron_failure,aileron,8.73999977112,106.183242798,3.03142547607,411,-2.7567858696,-1.3927577734,138.997772217,-8.33740139008,12.3076915741,0.917703926563,0
1538768599235374535,55.461007776,carbonZ_2018-10-05-14-37-22_3_left_aileron_failure,aileron,8.82999992371,88.8124465942,2.97352004051,409,-2.18012785912,-1.03003025055,138.066635132,-8.33090114594,12.3536014557,0.870130419731,0
1538768599306280871,55.531914112,carbonZ_2018-10-05-14-37-22_3_left_aileron_failure,aileron,8.82999992371,88.8124465942,2.97352004051,409,-2.18012785912,-1.03003025055,138.066635132,-8.31736278534,12.4048500061,0.861636579037,0
1538768599361481031,55.587114272,carbonZ_2018-10-05-14-37-22_3_left_aileron_failure,aileron,8.90999984741,88.8124465942,2.93030548096,408,-2.18012785912,-1.03003025055,138.066635132,-8.30729961395,12.4327745438,0.873694300652,0
1538768599374908679,55.60054192,carbonZ_2018-10-05-14-37-22_3_left_aileron_failure,aileron,8.90999984741,88.8124465942,2.93030548096,408,-2.18012785912,-1.03003025055,138.066635132,-8.30729961395,12.4327745438,0.873694300652,0
1538768599424648807,55.650282048,carbonZ_2018-10-05-14-37-22_3_left_aileron_failure,aileron,8.90999984741,88.8124465942,2.93030548096,408,-2.18012785912,-1.03003025055,138.066635132,-8.27311515808,12.5016098022,0.920388877392,0
1538768599508917671,55.734550912,carbonZ_2018-10-05-14-37-22_3_left_aileron_failure,aileron,8.98999977112,79.0859222412,2.88583850861,406,-2.18012785912,-1.03003025055,138.066635132,-8.23951625824,12.5709486008,0.963092088699,0
1538768599554994727,55.780627968,carbonZ_2018-10-05-14-37-22_3_left_aileron_failure,aileron,9.07999992371,79.0859222412,2.8557715416,405,-2.18012785912,-1.03003025055,138.066635132,-8.22217273712,12.6011428833,0.960446000099,0
1538768599567592999,55.79322624,carbonZ_2018-10-05-14-37-22_3_left_aileron_failure,aileron,9.07999992371,79.0859222412,2.8557715416,405,-2.18012785912,-1.03003025055,138.066635132,-8.20994758606,12.6200504303,0.955493569374,0
1538768599637047527,55.862680768,carbonZ_2018-10-05-14-37-22_3_left_aileron_failure,aileron,9.07999992371,79.0859222412,2.8557715416,405,-2.18012785912,-1.03003025055,138.066635132,-8.17749595642,12.6818313599,0.915583014488,0
1538768599667517511,55.893150752,carbonZ_2018-10-05-14-37-22_3_left_aileron_failure,aileron,9.17000007629,71.4472808838,2.83866643906,403,-1.97238314152,-0.421299308538,134.70362854,-8.15698814392,12.7204265594,0.880566179752,0
1538768599702347463,55.927980704,carbonZ_2018-10-05-14-37-22_3_left_aileron_failure,aileron,9.17000007629,71.4472808838,2.83866643906,403,-1.97238314152,-0.421299308538,134.70362854,-8.12924861908,12.7660112381,0.845054984093,0
1538768599765215815,55.990849056,carbonZ_2018-10-05-14-37-22_3_left_aileron_failure,aileron,9.25,71.4472808838,2.81943511963,402,-1.97238314152,-0.421299308538,134.70362854,-8.10249710083,12.806646347,0.826298475266,0
1538768599802760039,56.02839328,carbonZ_2018-10-05-14-37-22_3_left_aileron_failure,aileron,9.25,71.4472808838,2.81943511963,402,-1.97238314152,-0.421299308538,134.70362854,-8.05248737335,12.8691711426,0.790789067745,0
1538768599840735495,56.066368736,carbonZ_2018-10-05-14-37-22_3_left_aileron_failure,aileron,9.31999969482,62.2495651245,2.82246041298,400,-1.97238314152,-0.421299308538,134.70362854,-8.03234767914,12.8921518326,0.776788651943,0
1538768599953741223,56.179374464,carbonZ_2018-10-05-14-37-22_3_left_aileron_failure,aileron,9.38000011444,62.2495651245,2.8475933075,399,-1.97238314152,-0.421299308538,134.70362854,-7.9342675209,13.0234279633,0.651974201202,0
1538768600005129895,56.230763136,carbonZ_2018-10-05-14-37-22_3_left_aileron_failure,aileron,9.38000011444,62.2495651245,2.8475933075,399,-1.97238314152,-0.421299308538,134.70362854,-7.88769292831,13.0857620239,0.569262087345,0
1538768600045214503,56.270847744,carbonZ_2018-10-05-14-37-22_3_left_aileron_failure,aileron,9.43999958038,51.335144043,2.8722486496,397,-1.97238314152,-0.421299308538,134.70362854,-7.85836744308,13.1242370605,0.513699293137,0
1538768600124867783,56.350501024,carbonZ_2018-10-05-14-37-22_3_left_aileron_failure,aileron,9.43999958038,51.335144043,2.8722486496,397,-1.97238314152,-0.421299308538,134.70362854,-7.81156730652,13.1825990677,0.453542411327,0
1538768600168313767,56.393947008,carbonZ_2018-10-05-14-37-22_3_left_aileron_failure,aileron,9.47999954224,51.335144043,2.92213869095,396,-3.99679279327,0.32671046257,133.782501221,-7.76303386688,13.2278165817,0.405948847532,0
1538768600199054087,56.424687328,carbonZ_2018-10-05-14-37-22_3_left_aileron_failure,aileron,9.47999954224,51.335144043,2.92213869095,396,-3.99679279327,0.32671046257,133.782501221,-7.73032236099,13.2605028152,0.382697284222,0
1538768600241510215,56.467143456,carbonZ_2018-10-05-14-37-22_3_left_aileron_failure,aileron,9.51999950409,99.4040527344,2.98359298706,394,-3.99679279327,0.32671046257,133.782501221,-7.7010974884,13.2879047394,0.350143283606,0
1538768600320974439,56.54660768,carbonZ_2018-10-05-14-37-22_3_left_aileron_failure,aileron,9.51999950409,99.4040527344,2.98359298706,394,-3.99679279327,0.32671046257,133.782501221,-7.66384792328,13.3210191727,0.305795758963,0
1538768600370480679,56.59611392,carbonZ_2018-10-05-14-37-22_3_left_aileron_failure,aileron,9.55000019073,99.4040527344,3.05125689507,393,-3.99679279327,0.32671046257,133.782501221,-7.6207947731,13.3504838943,0.259821861982,0
1538768600419215047,56.644848288,carbonZ_2018-10-05-14-37-22_3_left_aileron_failure,aileron,9.55000019073,99.4040527344,3.05125689507,393,-1.20056736469,1.02642476559,132.837722778,-7.59548950195,13.3643884659,0.208546876907,0
1538768600445993575,56.671626816,carbonZ_2018-10-05-14-37-22_3_left_aileron_failure,aileron,9.56999969482,98.8101043701,3.14103007317,391,-1.20056736469,1.02642476559,132.837722778,-7.57660245895,13.3766880035,0.156342640519,0
1538768600520081607,56.745714848,carbonZ_2018-10-05-14-37-22_3_left_aileron_failure,aileron,9.56999969482,98.8101043701,3.14103007317,391,-1.20056736469,1.02642476559,132.837722778,-7.54608917236,13.3935880661,0.0740836858749,0
1538768600592170151,56.817803392,carbonZ_2018-10-05-14-37-22_3_left_aileron_failure,aileron,9.57999992371,98.8101043701,3.21688294411,390,-1.20056736469,1.02642476559,132.837722778,-7.50839662552,13.393784523,-0.0415088459849,0
1538768600619578471,56.845211712,carbonZ_2018-10-05-14-37-22_3_left_aileron_failure,aileron,9.57999992371,98.8101043701,3.21688294411,390,-1.20056736469,1.02642476559,132.837722778,-7.49427843094,13.3950529099,-0.0720760524273,0
1538768600666649447,56.892282688,carbonZ_2018-10-05-14-37-22_3_left_aileron_failure,aileron,9.57999992371,97.1742630005,3.30328083038,388,-1.20056736469,1.02642476559,132.837722778,-7.46884059906,13.3925132751,-0.139610245824,0
1538768600720925799,56.94655904,carbonZ_2018-10-05-14-37-22_3_left_aileron_failure,aileron,9.57999992371,97.1742630005,3.30328083038,388,1.46883511543,2.20170378685,131.062835693,-7.45325899124,13.3866481781,-0.181041479111,0
1538768600749088743,56.974721984,carbonZ_2018-10-05-14-37-22_3_left_aileron_failure,aileron,9.56999969482,97.1742630005,3.39753365517,387,1.46883511543,2.20170378685,131.062835693,-7.42664527893,13.3839550018,-0.222601413727,0
1538768600804597863,57.030231104,carbonZ_2018-10-05-14-37-22_3_left_aileron_failure,aileron,9.56999969482,97.1742630005,3.39753365517,387,1.46883511543,2.20170378685,131.062835693,-7.38879013062,13.3637475967,-0.304746538401,0
1538768600850427655,57.076060896,carbonZ_2018-10-05-14-37-22_3_left_aileron_failure,aileron,9.53999996185,97.0142364502,3.49044442177,385,1.46883511543,2.20170378685,131.062835693,-7.37822771072,13.3602705002,-0.329407155514,0
1538768600918970407,57.144603648,carbonZ_2018-10-05-14-37-22_3_left_aileron_failure,aileron,9.53999996185,97.0142364502,3.49044442177,385,1.46883511543,2.20170378685,131.062835693,-7.34516429901,13.3505239487,-0.385908573866,0
1538768600957183719,57.18281696,carbonZ_2018-10-05-14-37-22_3_left_aileron_failure,aileron,9.5,97.0142364502,3.5896756649,384,1.46883511543,2.20170378685,131.062835693,-7.32422828674,13.3393859863,-0.423097074032,0
1538768601030442567,57.256075808,carbonZ_2018-10-05-14-37-22_3_left_aileron_failure,aileron,9.5,97.0142364502,3.5896756649,384,1.46883511543,2.20170378685,131.062835693,-7.2854180336,13.3153877258,-0.484192728996,0
1538768601056064007,57.281697248,carbonZ_2018-10-05-14-37-22_3_left_aileron_failure,aileron,9.46000003815,102.959632874,3.698346138,382,1.46883511543,2.20170378685,131.062835693,-7.27717399597,13.3105049133,-0.499586284161,0
1538768601197199015,57.422832256,carbonZ_2018-10-05-14-37-22_3_left_aileron_failure,aileron,9.40999984741,102.959632874,3.80314326286,381,3.73784780502,3.30463123322,129.644439697,-7.22772884369,13.2498245239,-0.618610858917,0
1538768601229630343,57.455263584,carbonZ_2018-10-05-14-37-22_3_left_aileron_failure,aileron,9.40999984741,102.959632874,3.80314326286,381,3.73784780502,3.30463123322,129.644439697,-7.21707820892,13.2290496826,-0.656391441822,0
1538768601256647175,57.482280416,carbonZ_2018-10-05-14-37-22_3_left_aileron_failure,aileron,9.35999965668,112.341598511,3.91277360916,379,3.73784780502,3.30463123322,129.644439697,-7.21079921722,13.2194471359,-0.674953281879,0
1538768601306265671,57.531898912,carbonZ_2018-10-05-14-37-22_3_left_aileron_failure,aileron,9.35999965668,112.341598511,3.91277360916,379,3.73784780502,3.30463123322,129.644439697,-7.19368076324,13.1933326721,-0.709129631519,0
1538768601366607975,57.592241216,carbonZ_2018-10-05-14-37-22_3_left_aileron_failure,aileron,9.28999996185,112.341598511,4.01478338242,378,3.73784780502,3.30463123322,129.644439697,-7.1882610321,13.1696462631,-0.732007145882,0
1538768601431753927,57.657387168,carbonZ_2018-10-05-14-37-22_3_left_aileron_failure,aileron,9.28999996185,112.341598511,4.01478338242,378,4.82017374039,3.36551475525,130.197174072,-7.17216062546,13.1279878616,-0.741756021976,0
1538768601449495463,57.675128704,carbonZ_2018-10-05-14-37-22_3_left_aileron_failure,aileron,9.22000026703,115.031143188,4.12889480591,376,4.82017374039,3.36551475525,130.197174072,-7.16935253143,13.1183853149,-0.735179543495,0
1538768601489172807,57.714806048,carbonZ_2018-10-05-14-37-22_3_left_aileron_failure,aileron,9.22000026703,115.031143188,4.12889480591,376,4.82017374039,3.36551475525,130.197174072,-7.16451501846,13.0968112946,-0.722024023533,0
1538768601556496647,57.782129888,carbonZ_2018-10-05-14-37-22_3_left_aileron_failure,aileron,9.14999961853,115.031143188,4.23356533051,375,4.82017374039,3.36551475525,130.197174072,-7.15539884567,13.0691156387,-0.67799448967,0
1538768601567841671,57.793474912,carbonZ_2018-10-05-14-37-22_3_left_aileron_failure,aileron,9.14999961853,115.031143188,4.23356533051,375,4.82017374039,3.36551475525,130.197174072,-7.15553951263,13.0584316254,-0.655675888062,0
1538768601622089959,57.8477232,carbonZ_2018-10-05-14-37-22_3_left_aileron_failure,aileron,9.09000015259,154.627044678,4.33048963547,373,4.82017374039,3.36551475525,130.197174072,-7.16751813889,13.0031738281,-0.606537342072,0
1538768601704281351,57.929914592,carbonZ_2018-10-05-14-37-22_3_left_aileron_failure,aileron,9.09000015259,154.627044678,4.33048963547,373,4.82017374039,3.36551475525,130.197174072,-7.19460678101,12.9551582336,-0.580680966377,0
1538768601753295591,57.978928832,carbonZ_2018-10-05-14-37-22_3_left_aileron_failure,aileron,9.02999973297,154.627044678,4.42620134354,372,4.82017374039,3.36551475525,130.197174072,-7.22168540955,12.9158287048,-0.568435907364,0
1538768601768730119,57.99436336,carbonZ_2018-10-05-14-37-22_3_left_aileron_failure,aileron,9.02999973297,154.627044678,4.42620134354,372,4.82017374039,3.36551475525,130.197174072,-7.2327876091,12.8976011276,-0.572961211205,0
1538768601843377639,58.06901088,carbonZ_2018-10-05-14-37-22_3_left_aileron_failure,aileron,9.02999973297,154.627044678,4.42620134354,372,10.91837883,2.46919369698,131.095489502,-7.28788089752,12.8316764832,-0.578915596008,0
1538768601874938151,58.100571392,carbonZ_2018-10-05-14-37-22_3_left_aileron_failure,aileron,8.97999954224,164.807128906,4.50980854034,370,10.91837883,2.46919369698,131.095489502,-7.33044433594,12.7871112823,-0.592626929283,0
1538768601930486407,58.156119648,carbonZ_2018-10-05-14-37-22_3_left_aileron_failure,aileron,8.9299993515,164.807128906,4.57767915726,369,10.91837883,2.46919369698,131.095489502,-7.42028665543,12.6965780258,-0.549723863602,0
1538768601964645671,58.190278912,carbonZ_2018-10-05-14-37-22_3_left_aileron_failure,aileron,8.9299993515,164.807128906,4.57767915726,369,10.91837883,2.46919369698,131.095489502,-7.44256067276,12.6767454147,-0.510144948959,0
1538768602043015591,58.268648832,carbonZ_2018-10-05-14-37-22_3_left_aileron_failure,aileron,8.88999938965,173.059371948,4.63767576218,368,10.91837883,2.46919369698,131.095489502,-7.49495792389,12.62221241,-0.360589981079,0
1538768602080312199,58.30594544,carbonZ_2018-10-05-14-37-22_3_left_aileron_failure,aileron,8.88999938965,173.059371948,4.63767576218,368,10.91837883,2.46919369698,131.095489502,-7.52911376953,12.58826828,-0.263669013977,0
1538768602122729191,58.348362432,carbonZ_2018-10-05-14-37-22_3_left_aileron_failure,aileron,8.88999938965,173.059371948,4.63767576218,368,10.91837883,2.46919369698,131.095489502,-7.57454156876,12.5432109833,-0.12041914463,0
1538768602197451111,58.423084352,carbonZ_2018-10-05-14-37-22_3_left_aileron_failure,aileron,8.86999988556,173.059371948,4.67818546295,366,10.91837883,2.46919369698,131.095489502,-7.61582660675,12.5011940002,0.00375934550539,0
1538768602238251463,58.463884704,carbonZ_2018-10-05-14-37-22_3_left_aileron_failure,aileron,8.88000011444,171.143722534,4.708776474,365,10.91837883,2.46919369698,131.095489502,-7.63986825943,12.4795389175,0.070198148489,0
1538768602266496007,58.492129248,carbonZ_2018-10-05-14-37-22_3_left_aileron_failure,aileron,8.88000011444,171.143722534,4.708776474,365,12.8643331528,1.37068140507,129.944137573,-7.6706943512,12.4542207718,0.124581716955,0
1538768602364547751,58.590180992,carbonZ_2018-10-05-14-37-22_3_left_aileron_failure,aileron,8.89999961853,171.143722534,4.71830511093,363,12.8643331528,1.37068140507,129.944137573,-7.71838569641,12.4197540283,0.236302688718,0
1538768602379767111,58.605400352,carbonZ_2018-10-05-14-37-22_3_left_aileron_failure,aileron,8.89999961853,171.143722534,4.71830511093,363,12.8643331528,1.37068140507,129.944137573,-7.74112653732,12.4040651321,0.282657444477,0
1538768602443820775,58.669454016,carbonZ_2018-10-05-14-37-22_3_left_aileron_failure,aileron,8.93999958038,171.778289795,4.74441576004,362,12.8643331528,1.37068140507,129.944137573,-7.77167701721,12.3851070404,0.344877660275,0
1538768602480305031,58.705938272,carbonZ_2018-10-05-14-37-22_3_left_aileron_failure,aileron,8.93999958038,171.778289795,4.74441576004,362,12.8643331528,1.37068140507,129.944137573,-7.79888677597,12.3713474274,0.367217332125,0
1538768602528658535,58.754291776,carbonZ_2018-10-05-14-37-22_3_left_aileron_failure,aileron,8.98999977112,171.778289795,4.75782012939,360,12.8643331528,1.37068140507,129.944137573,-7.83433389664,12.3541717529,0.394114255905,0
1538768602584500615,58.810133856,carbonZ_2018-10-05-14-37-22_3_left_aileron_failure,aileron,8.98999977112,171.778289795,4.75782012939,360,8.68571949005,0.0931068956852,131.317687988,-7.84742164612,12.3468608856,0.40009817481,0
1538768602604208967,58.829842208,carbonZ_2018-10-05-14-37-22_3_left_aileron_failure,aileron,8.98999977112,171.778289795,4.75782012939,360,8.68571949005,0.0931068956852,131.317687988,-7.86994552612,12.3343086243,0.404925078154,0
1538768602643942279,58.86957552,carbonZ_2018-10-05-14-37-22_3_left_aileron_failure,aileron,9.03999996185,170.861999512,4.77048921585,359,8.68571949005,0.0931068956852,131.317687988,-7.89014291763,12.3252639771,0.412633955479,0
1538768602725679623,58.951312864,carbonZ_2018-10-05-14-37-22_3_left_aileron_failure,aileron,9.09000015259,170.861999512,4.76827955246,357,8.68571949005,0.0931068956852,131.317687988,-7.94268226624,12.2966442108,0.411978274584,0
1538768602746138983,58.971772224,carbonZ_2018-10-05-14-37-22_3_left_aileron_failure,aileron,9.09000015259,170.861999512,4.76827955246,357,8.68571949005,0.0931068956852,131.317687988,-7.9634013176,12.2893304825,0.410802602768,0
1538768602806558759,59.032192,carbonZ_2018-10-05-14-37-22_3_left_aileron_failure,aileron,9.09000015259,170.861999512,4.76827955246,357,8.68571949005,0.0931068956852,131.317687988,-7.99334526062,12.272605896,0.403608769178,0
1538768602866105767,59.091739008,carbonZ_2018-10-05-14-37-22_3_left_aileron_failure,aileron,9.13000011444,161.866577148,4.76763677597,356,8.68571949005,0.0931068956852,131.317687988,-8.01981735229,12.2611846924,0.397447198629,0
1538768602919626823,59.145260064,carbonZ_2018-10-05-14-37-22_3_left_aileron_failure,aileron,9.13000011444,161.866577148,4.76763677597,356,7.14105701447,-0.160812646151,133.209472656,-8.0625295639,12.2424993515,0.402498364449,0
1538768602996618055,59.222251296,carbonZ_2018-10-05-14-37-22_3_left_aileron_failure,aileron,9.1799993515,161.866577148,4.74654722214,355,7.14105701447,-0.160812646151,133.209472656,-8.10690975189,12.2213077545,0.416070997715,0
1538768603074024647,59.299657888,carbonZ_2018-10-05-14-37-22_3_left_aileron_failure,aileron,9.22000026703,166.256896973,4.72388601303,353,7.14105701447,-0.160812646151,133.209472656,-8.14546585083,12.2062520981,0.419409990311,0
1538768603114861799,59.34049504,carbonZ_2018-10-05-14-37-22_3_left_aileron_failure,aileron,9.22000026703,166.256896973,4.72388601303,353,7.14105701447,-0.160812646151,133.209472656,-8.16111469269,12.2019491196,0.376638293266,0
1538768603167715751,59.393348992,carbonZ_2018-10-05-14-37-22_3_left_aileron_failure,aileron,9.26000022888,166.256896973,4.70327615738,352,6.73523283005,0.202867403626,133.256286621,-8.18077754974,12.1972999573,0.319692879915,0
1538768603199424903,59.425058144,carbonZ_2018-10-05-14-37-22_3_left_aileron_failure,aileron,9.26000022888,166.256896973,4.70327615738,352,6.73523283005,0.202867403626,133.256286621,-8.20419216156,12.1927099228,0.22677141428,0
1538768603268519399,59.49415264,carbonZ_2018-10-05-14-37-22_3_left_aileron_failure,aileron,9.28999996185,169.235321045,4.68714809418,350,6.73523283005,0.202867403626,133.256286621,-8.22239589691,12.1926498413,0.157817363739,0
1538768603309747687,59.535380928,carbonZ_2018-10-05-14-37-22_3_left_aileron_failure,aileron,9.28999996185,169.235321045,4.68714809418,350,6.73523283005,0.202867403626,133.256286621,-8.23663902283,12.1907186508,0.125663593411,0
1538768603365119943,59.590753184,carbonZ_2018-10-05-14-37-22_3_left_aileron_failure,aileron,9.30000019073,169.235321045,4.66218280792,349,6.73523283005,0.202867403626,133.256286621,-8.24172401428,12.2036600113,0.135998651385,0
1538768603410160327,59.635793568,carbonZ_2018-10-05-14-37-22_3_left_aileron_failure,aileron,9.30000019073,169.235321045,4.66218280792,349,6.73523283005,0.202867403626,133.256286621,-8.24230289459,12.2041606903,0.131771698594,0
1538768603438583975,59.664217216,carbonZ_2018-10-05-14-37-22_3_left_aileron_failure,aileron,9.30999946594,159.473510742,4.65101385117,347,6.73523283005,0.202867403626,133.256286621,-8.24797916412,12.2061004639,0.128956779838,0
1538768603507610023,59.733243264,carbonZ_2018-10-05-14-37-22_3_left_aileron_failure,aileron,9.30999946594,159.473510742,4.65101385117,347,6.73523283005,0.202867403626,133.256286621,-8.24808883667,12.2151384354,0.123726762831,0
1538768603613011687,59.838644928,carbonZ_2018-10-05-14-37-22_3_left_aileron_failure,aileron,9.30999946594,159.473510742,4.60886669159,346,3.69298648834,0.84326595068,133.107421875,-8.2405872345,12.2306337357,0.147918432951,0
1538768603697077031,59.922710272,carbonZ_2018-10-05-14-37-22_3_left_aileron_failure,aileron,9.31999969482,148.366363525,4.59721851349,344,3.69298648834,0.84326595068,133.107421875,-8.25267124176,12.2380084991,0.037479210645,0
1538768603722028807,59.947662048,carbonZ_2018-10-05-14-37-22_3_left_aileron_failure,aileron,9.31999969482,148.366363525,4.59721851349,344,3.69298648834,0.84326595068,133.107421875,-8.25765991211,12.2395877838,0.00689826766029,0
1538768603768664839,59.99429808,carbonZ_2018-10-05-14-37-22_3_left_aileron_failure,aileron,9.31999969482,148.366363525,4.57612895966,343,3.69298648834,0.84326595068,133.107421875,-8.25962162018,12.2533082962,-0.104892343283,0
1538768603811453159,60.0370864,carbonZ_2018-10-05-14-37-22_3_left_aileron_failure,aileron,9.31999969482,148.366363525,4.57612895966,343,3.69298648834,0.84326595068,133.107421875,-8.26233673096,12.2594442368,-0.19600507617,0
1538768603829622983,60.055256224,carbonZ_2018-10-05-14-37-22_3_left_aileron_failure,aileron,9.30999946594,257.021240234,4.56569194794,341,3.69298648834,0.84326595068,133.107421875,-8.26099681854,12.2715969086,-0.280264347792,0
1538768603918690695,60.144323936,carbonZ_2018-10-05-14-37-22_3_left_aileron_failure,aileron,9.30999946594,257.021240234,4.56569194794,341,3.73841023445,1.67769730091,132.615036011,-8.25187587738,12.2867889404,-0.394774883986,0
1538768603949017543,60.174650784,carbonZ_2018-10-05-14-37-22_3_left_aileron_failure,aileron,9.26999950409,257.021240234,4.54908418655,340,3.73841023445,1.67769730091,132.615036011,-8.22455406189,12.3181505203,-0.442355394363,0
1538768604033773575,60.259406816,carbonZ_2018-10-05-14-37-22_3_left_aileron_failure,aileron,9.22000026703,255.532073975,4.54869365692,338,3.73841023445,1.67769730091,132.615036011,-8.18950080872,12.3646345139,-0.503567159176,0
1538768604070454311,60.296087552,carbonZ_2018-10-05-14-37-22_3_left_aileron_failure,aileron,9.22000026703,255.532073975,4.54869365692,338,3.73841023445,1.67769730091,132.615036011,-8.1620426178,12.398065567,-0.531031787395,0
1538768604121203719,60.34683696,carbonZ_2018-10-05-14-37-22_3_left_aileron_failure,aileron,9.22000026703,255.532073975,4.54869365692,338,3.73841023445,1.67769730091,132.615036011,-8.1103811264,12.456870079,-0.521050095558,0
1538768604167659783,60.393293024,carbonZ_2018-10-05-14-37-22_3_left_aileron_failure,aileron,9.15999984741,255.532073975,4.55496644974,337,3.73841023445,1.67769730091,132.615036011,-8.05586624146,12.514544487,-0.459599077702,0
1538768604209222567,60.434855808,carbonZ_2018-10-05-14-37-22_3_left_aileron_failure,aileron,9.15999984741,255.532073975,4.55496644974,337,3.73841023445,1.67769730091,132.615036011,-8.03433990479,12.5328989029,-0.434500068426,0
1538768604248117127,60.473750368,carbonZ_2018-10-05-14-37-22_3_left_aileron_failure,aileron,9.10999965668,255.476089478,4.58011722565,335,3.73841023445,1.67769730091,132.615036011,-7.9803147316,12.5893745422,-0.348378121853,0
1538768604317756935,60.543390176,carbonZ_2018-10-05-14-37-22_3_left_aileron_failure,aileron,9.10999965668,255.476089478,4.58011722565,335,3.73841023445,1.67769730091,132.615036011,-7.94366455078,12.6303606033,-0.299561440945,0
1538768604376619175,60.602252416,carbonZ_2018-10-05-14-37-22_3_left_aileron_failure,aileron,9.06999969482,255.476089478,4.61531496048,334,3.73841023445,1.67769730091,132.615036011,-7.90009069443,12.6717634201,-0.252328872681,0
1538768604398966535,60.624599776,carbonZ_2018-10-05-14-37-22_3_left_aileron_failure,aileron,9.06999969482,255.476089478,4.61531496048,334,-3.71582317352,0.977696418762,131.089157104,-7.8460855484,12.7330026627,-0.18582841754,0
1538768604441491591,60.667124832,carbonZ_2018-10-05-14-37-22_3_left_aileron_failure,aileron,9.05000019073,243.895629883,4.68222522736,332,-3.71582317352,0.977696418762,131.089157104,-7.81108522415,12.77115345,-0.139507323503,0
1538768604504390567,60.730023808,carbonZ_2018-10-05-14-37-22_3_left_aileron_failure,aileron,9.05000019073,243.895629883,4.68222522736,332,-3.71582317352,0.977696418762,131.089157104,-7.77450180054,12.8213386536,-0.0715480819345,0
1538768604541158919,60.76679216,carbonZ_2018-10-05-14-37-22_3_left_aileron_failure,aileron,9.03999996185,243.895629883,4.74708366394,331,-3.71582317352,0.977696418762,131.089157104,-7.73632335663,12.8716630936,0.0317964367568,0
1538768604597931463,60.823564704,carbonZ_2018-10-05-14-37-22_3_left_aileron_failure,aileron,9.03999996185,243.895629883,4.74708366394,331,-3.71582317352,0.977696418762,131.089157104,-7.71690130234,12.8998117447,0.0844393521547,0
1538768604652424903,60.878058144,carbonZ_2018-10-05-14-37-22_3_left_aileron_failure,aileron,9.03999996185,243.885620117,4.83239364624,329,-3.71582317352,0.977696418762,131.089157104,-7.69895792007,12.928071022,0.136727899313,0
1538768604721727623,60.947360864,carbonZ_2018-10-05-14-37-22_3_left_aileron_failure,aileron,9.03999996185,243.885620117,4.83239364624,329,-3.71582317352,0.977696418762,131.089157104,-7.67090797424,12.9864931107,0.259040772915,0
1538768604779521575,61.005154816,carbonZ_2018-10-05-14-37-22_3_left_aileron_failure,aileron,9.05999946594,243.885620117,4.91274690628,328,-3.71582317352,0.977696418762,131.089157104,-7.67090797424,12.9864931107,0.259040772915,0
1538768604830039303,61.055672544,carbonZ_2018-10-05-14-37-22_3_left_aileron_failure,aileron,9.05999946594,243.885620117,4.91274690628,328,1.861997962,-0.0323970802128,130.723022461,-7.64699745178,13.0300617218,0.363284647465,0
1538768604857952231,61.083585472,carbonZ_2018-10-05-14-37-22_3_left_aileron_failure,aileron,9.09000015259,235.932830811,4.9981842041,326,1.861997962,-0.0323970802128,130.723022461,-7.64121007919,13.0405750275,0.390314698219,0
1538768604933918791,61.159552032,carbonZ_2018-10-05-14-37-22_3_left_aileron_failure,aileron,9.09000015259,235.932830811,4.9981842041,326,1.861997962,-0.0323970802128,130.723022461,-7.6443810463,13.0763988495,0.443133682013,0
1538768604971898951,61.197532192,carbonZ_2018-10-05-14-37-22_3_left_aileron_failure,aileron,9.13999938965,235.932830811,5.07853555679,325,1.861997962,-0.0323970802128,130.723022461,-7.64388895035,13.0862569809,0.448950499296,0
1538768604999196263,61.224829504,carbonZ_2018-10-05-14-37-22_3_left_aileron_failure,aileron,9.13999938965,235.932830811,5.07853555679,325,1.861997962,-0.0323970802128,130.723022461,-7.64909648895,13.1109132767,0.480816781521,0
1538768605088822023,61.314455264,carbonZ_2018-10-05-14-37-22_3_left_aileron_failure,aileron,9.18999958038,229.619781494,5.1751074791,323,1.861997962,-0.0323970802128,130.723022461,-7.66274309158,13.1259317398,0.478661507368,0
1538768605125394759,61.351028,carbonZ_2018-10-05-14-37-22_3_left_aileron_failure,aileron,9.18999958038,229.619781494,5.1751074791,323,4.81488132477,-0.0103024868295,130.534179688,-7.68491125107,13.1346578598,0.472485274076,0
1538768605147695399,61.37332864,carbonZ_2018-10-05-14-37-22_3_left_aileron_failure,aileron,9.22999954224,229.619781494,5.25993919373,322,4.81488132477,-0.0103024868295,130.534179688,-7.68947792053,13.1409549713,0.480028808117,0
1538768605217630503,61.443263744,carbonZ_2018-10-05-14-37-22_3_left_aileron_failure,aileron,9.22999954224,229.619781494,5.25993919373,322,4.81488132477,-0.0103024868295,130.534179688,-7.70321464539,13.1565113068,0.493369609118,0
1538768605259065831,61.484699072,carbonZ_2018-10-05-14-37-22_3_left_aileron_failure,aileron,9.27999973297,223.272796631,5.3353304863,320,4.81488132477,-0.0103024868295,130.534179688,-7.7221622467,13.169462204,0.487076252699,0
1538768605362316039,61.58794928,carbonZ_2018-10-05-14-37-22_3_left_aileron_failure,aileron,9.32999992371,223.272796631,5.40745592117,319,4.81488132477,-0.0103024868295,130.534179688,-7.73930311203,13.1819438934,0.463978797197,0
1538768605418839367,61.644472608,carbonZ_2018-10-05-14-37-22_3_left_aileron_failure,aileron,9.32999992371,223.272796631,5.40745592117,319,5.38332748413,0.316571474075,130.10710144,-7.75432157516,13.1874675751,0.414160996675,0
1538768605454915431,61.680548672,carbonZ_2018-10-05-14-37-22_3_left_aileron_failure,aileron,9.36999988556,217.694564819,5.48732852936,317,5.38332748413,0.316571474075,130.10710144,-7.76043272018,13.193479538,0.377301096916,0
1538768605540608967,61.766242208,carbonZ_2018-10-05-14-37-22_3_left_aileron_failure,aileron,9.39999961853,217.694564819,5.55110025406,316,5.38332748413,0.316571474075,130.10710144,-7.77978515625,13.2130727768,0.259170174599,0
1538768605625743175,61.851376416,carbonZ_2018-10-05-14-37-22_3_left_aileron_failure,aileron,9.39999961853,217.694564819,5.55110025406,316,5.38332748413,0.316571474075,130.10710144,-7.7924118042,13.218536377,0.200053960085,0
1538768605651182887,61.876816128,carbonZ_2018-10-05-14-37-22_3_left_aileron_failure,aileron,9.4299993515,212.006759644,5.63049316406,314,5.63373851776,0.67837280035,130.136428833,-7.79632043839,13.2206277847,0.186789661646,0
1538768605724656071,61.950289312,carbonZ_2018-10-05-14-37-22_3_left_aileron_failure,aileron,9.4299993515,212.006759644,5.63049316406,314,5.63373851776,0.67837280035,130.136428833,-7.81147146225,13.2223501205,0.16909827292,0
1538768605762718055,61.988351296,carbonZ_2018-10-05-14-37-22_3_left_aileron_failure,aileron,9.43999958038,212.006759644,5.69244432449,313,5.63373851776,0.67837280035,130.136428833,-7.81502866745,13.2190361023,0.162739306688,0
1538768605839704583,62.065337824,carbonZ_2018-10-05-14-37-22_3_left_aileron_failure,aileron,9.46000003815,252.733520508,5.7789683342,311,5.63373851776,0.67837280035,130.136428833,-7.83051204681,13.2153081894,0.165052220225,0
1538768605864312487,62.089945728,carbonZ_2018-10-05-14-37-22_3_left_aileron_failure,aileron,9.46000003815,252.733520508,5.7789683342,311,5.63373851776,0.67837280035,130.136428833,-7.84950017929,13.2066164017,0.161332011223,0
1538768605927551143,62.153184384,carbonZ_2018-10-05-14-37-22_3_left_aileron_failure,aileron,9.46000003815,252.733520508,5.7789683342,311,5.63373851776,0.67837280035,130.136428833,-7.88705015182,13.1856269836,0.132725298405,0
1538768605965373543,62.191006784,carbonZ_2018-10-05-14-37-22_3_left_aileron_failure,aileron,9.46999931335,252.733520508,5.84443998337,310,5.63373851776,0.67837280035,130.136428833,-7.92170858383,13.1657657623,0.0964482799172,0
1538768606028304135,62.253937376,carbonZ_2018-10-05-14-37-22_3_left_aileron_failure,aileron,9.46999931335,252.733520508,5.84443998337,310,6.9574007988,1.01145124435,131.208114624,-7.94856262207,13.1493673325,0.0764709934592,0
1538768606043982439,62.26961568,carbonZ_2018-10-05-14-37-22_3_left_aileron_failure,aileron,9.47999954224,250.605194092,5.90277242661,308,6.9574007988,1.01145124435,131.208114624,-7.96036720276,13.14249897,0.0675840526819,0
1538768606144276199,62.36990944,carbonZ_2018-10-05-14-37-22_3_left_aileron_failure,aileron,9.48999977112,250.605194092,5.95480537415,306,6.9574007988,1.01145124435,131.208114624,-7.9964632988,13.1140537262,0.0311761684716,0
1538768606166654247,62.392287488,carbonZ_2018-10-05-14-37-22_3_left_aileron_failure,aileron,9.48999977112,250.605194092,5.95480537415,306,6.9574007988,1.01145124435,131.208114624,-8.00616264343,13.1050338745,0.0181743633002,0
1538768606197977607,62.423610848,carbonZ_2018-10-05-14-37-22_3_left_aileron_failure,aileron,9.48999977112,250.605194092,5.95480537415,306,6.9574007988,1.01145124435,131.208114624,-8.02280807495,13.0889358521,-0.0235154163092,0
1538768606240805479,62.46643872,carbonZ_2018-10-05-14-37-22_3_left_aileron_failure,aileron,9.47999954224,247.307296753,5.99739742279,305,6.9574007988,1.01145124435,131.208114624,-8.03439998627,13.0811109543,-0.049609798938,0
1538768606321195367,62.546828608,carbonZ_2018-10-05-14-37-22_3_left_aileron_failure,aileron,9.47999954224,247.307296753,5.99739742279,305,6.9574007988,1.01145124435,131.208114624,-8.04961872101,13.0638608932,-0.112868666649,0
1538768606364893991,62.590527232,carbonZ_2018-10-05-14-37-22_3_left_aileron_failure,aileron,9.47999954224,247.307296753,6.04168128967,303,6.9574007988,1.01145124435,131.208114624,-8.05063724518,13.0569295883,-0.141386955976,0
1538768606407825671,62.633458912,carbonZ_2018-10-05-14-37-22_3_left_aileron_failure,aileron,9.47999954224,247.307296753,6.04168128967,303,6.45277881622,1.86619508266,130.760604858,-8.05381393433,13.0504264832,-0.176533535123,0
1538768606444721447,62.670354688,carbonZ_2018-10-05-14-37-22_3_left_aileron_failure,aileron,9.46000003815,253.918167114,6.08875370026,302,6.45277881622,1.86619508266,130.760604858,-8.05356311798,13.047533989,-0.189149782062,0
1538768606524999399,62.75063264,carbonZ_2018-10-05-14-37-22_3_left_aileron_failure,aileron,9.46000003815,253.918167114,6.08875370026,302,6.45277881622,1.86619508266,130.760604858,-8.04433631897,13.0516557693,-0.161397308111,0
1538768606605556871,62.831190112,carbonZ_2018-10-05-14-37-22_3_left_aileron_failure,aileron,9.43999958038,253.918167114,6.12468671799,300,6.45277881622,1.86619508266,130.760604858,-8.03836536407,13.0515174866,-0.0701685920358,0
1538768606668469383,62.894102624,carbonZ_2018-10-05-14-37-22_3_left_aileron_failure,aileron,9.4299993515,244.624710083,6.17671775818,299,6.45277881622,1.86619508266,130.760604858,-8.06423473358,13.0293140411,0.0492379739881,0
1538768606712302439,62.93793568,carbonZ_2018-10-05-14-37-22_3_left_aileron_failure,aileron,9.4299993515,244.624710083,6.17671775818,299,6.45277881622,1.86619508266,130.760604858,-8.08199310303,13.0176773071,0.117171175778,0
1538768606768969287,62.994602528,carbonZ_2018-10-05-14-37-22_3_left_aileron_failure,aileron,9.43999958038,244.624710083,6.21435070038,297,6.45277881622,1.86619508266,130.760604858,-8.09574317932,13.0062618256,0.181463211775,0
1538768606820381639,63.04601488,carbonZ_2018-10-05-14-37-22_3_left_aileron_failure,aileron,9.43999958038,244.624710083,6.21435070038,297,6.45277881622,1.86619508266,130.760604858,-8.12284755707,12.9843025208,0.230739310384,0
1538768606841052743,63.066685984,carbonZ_2018-10-05-14-37-22_3_left_aileron_failure,aileron,9.46000003815,251.465316772,6.26807546616,296,10.2061290741,1.25026834011,133.723739624,-8.14997005463,12.9644851685,0.263573199511,0
1538768606931954695,63.157587936,carbonZ_2018-10-05-14-37-22_3_left_aileron_failure,aileron,9.46000003815,251.465316772,6.26807546616,296,10.2061290741,1.25026834011,133.723739624,-8.22034263611,12.9144010544,0.2682710886,0
1538768606956766247,63.182399488,carbonZ_2018-10-05-14-37-22_3_left_aileron_failure,aileron,9.48999977112,251.465316772,6.28730630875,294,10.2061290741,1.25026834011,133.723739624,-8.25803947449,12.8837919235,0.23029230535,0
1538768607004395591,63.230028832,carbonZ_2018-10-05-14-37-22_3_left_aileron_failure,aileron,9.48999977112,251.465316772,6.28730630875,294,10.2061290741,1.25026834011,133.723739624,-8.28937911987,12.8609132767,0.205943867564,0
1538768607048382823,63.274016064,carbonZ_2018-10-05-14-37-22_3_left_aileron_failure,aileron,9.51999950409,250.875274658,6.30932044983,293,10.2061290741,1.25026834011,133.723739624,-8.32095527649,12.8372249603,0.206598088145,0
1538768607129518407,63.355151648,carbonZ_2018-10-05-14-37-22_3_left_aileron_failure,aileron,9.55000019073,250.875274658,6.31063127518,291,10.2061290741,1.25026834011,133.723739624,-8.37565994263,12.7923593521,0.200548365712,0
1538768607159367815,63.385001056,carbonZ_2018-10-05-14-37-22_3_left_aileron_failure,aileron,9.55000019073,250.875274658,6.31063127518,291,10.2061290741,1.25026834011,133.723739624,-8.38931274414,12.7813062668,0.198044583201,0
1538768607224499271,63.450132512,carbonZ_2018-10-05-14-37-22_3_left_aileron_failure,aileron,9.56999969482,254.056732178,6.31594514847,290,9.17839241028,1.51570916176,134.837417603,-8.44833183289,12.7278881073,0.159720897675,0
1538768607263655879,63.48928912,carbonZ_2018-10-05-14-37-22_3_left_aileron_failure,aileron,9.56999969482,254.056732178,6.31594514847,290,9.17839241028,1.51570916176,134.837417603,-8.47157001495,12.7058086395,0.131748557091,0
1538768607305279527,63.530912768,carbonZ_2018-10-05-14-37-22_3_left_aileron_failure,aileron,9.56999969482,254.056732178,6.31594514847,290,9.17839241028,1.51570916176,134.837417603,-8.50093269348,12.6831912994,0.114524707198,0
1538768607346571719,63.57220496,carbonZ_2018-10-05-14-37-22_3_left_aileron_failure,aileron,9.59000015259,254.056732178,6.29062891006,288,9.17839241028,1.51570916176,134.837417603,-8.52552032471,12.6601085663,0.0997839719057,0
1538768607396758663,63.622391904,carbonZ_2018-10-05-14-37-22_3_left_aileron_failure,aileron,9.59000015259,254.056732178,6.29062891006,288,9.17839241028,1.51570916176,134.837417603,-8.54525184631,12.6395654678,0.103470288217,0
1538768607459787879,63.68542112,carbonZ_2018-10-05-14-37-22_3_left_aileron_failure,aileron,9.5999994278,254.184432983,6.27305984497,287,9.17839241028,1.51570916176,134.837417603,-8.5592956543,12.628115654,0.126343667507,0
1538768607537920039,63.76355328,carbonZ_2018-10-05-14-37-22_3_left_aileron_failure,aileron,9.5999994278,254.184432983,6.27305984497,287,9.17839241028,1.51570916176,134.837417603,-8.57608222961,12.6085805893,0.20516461134,0
1538768607575342631,63.800975872,carbonZ_2018-10-05-14-37-22_3_left_aileron_failure,aileron,9.61999988556,254.184432983,6.24713850021,285,9.17839241028,1.51570916176,134.837417603,-8.57630443573,12.6100006104,0.260562330484,0
1538768607617507687,63.843140928,carbonZ_2018-10-05-14-37-22_3_left_aileron_failure,aileron,9.64999961853,248.350341797,6.22557115555,284,8.16935539246,1.77721238136,134.531478882,-8.59523105621,12.5953035355,0.265669822693,0
1538768607686059527,63.911692768,carbonZ_2018-10-05-14-37-22_3_left_aileron_failure,aileron,9.64999961853,248.350341797,6.22557115555,284,8.16935539246,1.77721238136,134.531478882,-8.63286113739,12.5670051575,0.156997144222,0
1538768607704252455,63.929885696,carbonZ_2018-10-05-14-37-22_3_left_aileron_failure,aileron,9.64999961853,248.350341797,6.22557115555,284,8.16935539246,1.77721238136,134.531478882,-8.63286113739,12.5670051575,0.156997144222,0
1538768607768167175,63.993800416,carbonZ_2018-10-05-14-37-22_3_left_aileron_failure,aileron,9.6799993515,248.350341797,6.19408178329,282,8.16935539246,1.77721238136,134.531478882,-8.64185523987,12.5661087036,0.0653669685125,0
1538768607835356647,64.060989888,carbonZ_2018-10-05-14-37-22_3_left_aileron_failure,aileron,9.6799993515,248.350341797,6.19408178329,282,8.16935539246,1.77721238136,134.531478882,-8.64719200134,12.5681867599,0.0097466185689,0
1538768607842245543,64.067878784,carbonZ_2018-10-05-14-37-22_3_left_aileron_failure,aileron,9.68999958038,253.230957031,6.16502285004,281,8.16935539246,1.77721238136,134.531478882,-8.64719200134,12.5681867599,0.0097466185689,0
1538768607935508871,64.161142112,carbonZ_2018-10-05-14-37-22_3_left_aileron_failure,aileron,9.68999958038,253.230957031,6.16502285004,281,8.16935539246,1.77721238136,134.531478882,-8.65594768524,12.5752716064,-0.0546004399657,0
1538768607962930727,64.188563968,carbonZ_2018-10-05-14-37-22_3_left_aileron_failure,aileron,9.68999958038,253.230957031,6.13401460648,279,8.16935539246,1.77721238136,134.531478882,-8.64710617065,12.5888204575,-0.0534717328846,0
1538768608036658407,64.262291648,carbonZ_2018-10-05-14-37-22_3_left_aileron_failure,aileron,9.68999958038,253.230957031,6.13401460648,279,8.16935539246,1.77721238136,134.531478882,-8.63756275177,12.6073684692,-0.0419343113899,0
1538768608060609767,64.286243008,carbonZ_2018-10-05-14-37-22_3_left_aileron_failure,aileron,9.6799993515,256.441497803,6.12153339386,278,3.84835267067,2.30484771729,134.86541748,-8.63228607178,12.6189050674,-0.032915238291,0
1538768608153861703,64.379494944,carbonZ_2018-10-05-14-37-22_3_left_aileron_failure,aileron,9.6799993515,256.441497803,6.09500455856,276,3.84835267067,2.30484771729,134.86541748,-8.61429977417,12.6514110565,-0.0535620860755,0
1538768608211402055,64.437035296,carbonZ_2018-10-05-14-37-22_3_left_aileron_failure,aileron,9.6799993515,256.441497803,6.09500455856,276,3.84835267067,2.30484771729,134.86541748,-8.58621025085,12.6857089996,-0.0805418342352,0
1538768608246831015,64.472464256,carbonZ_2018-10-05-14-37-22_3_left_aileron_failure,aileron,9.67000007629,244.639007568,6.09583711624,275,3.84835267067,2.30484771729,134.86541748,-8.57948303223,12.6935253143,-0.0925136730075,0
1538768608326219879,64.55185312,carbonZ_2018-10-05-14-37-22_3_left_aileron_failure,aileron,9.67000007629,244.639007568,6.09583711624,275,3.84835267067,2.30484771729,134.86541748,-8.56220149994,12.7181825638,-0.118038088083,0
1538768608349478215,64.575111456,carbonZ_2018-10-05-14-37-22_3_left_aileron_failure,aileron,9.65999984741,244.639007568,6.06120967865,273,3.84835267067,2.30484771729,134.86541748,-8.55413913727,12.7252063751,-0.10670208931,0
1538768608409963527,64.635596768,carbonZ_2018-10-05-14-37-22_3_left_aileron_failure,aileron,9.65999984741,244.639007568,6.06120967865,273,3.84835267067,2.30484771729,134.86541748,-8.52493953705,12.7489709854,-0.0230262987316,0
1538768608447982279,64.67361552,carbonZ_2018-10-05-14-37-22_3_left_aileron_failure,aileron,9.63999938965,247.341445923,6.07196140289,272,3.84835267067,2.30484771729,134.86541748,-8.5134344101,12.7560958862,0.0684639811516,0
1538768608560497575,64.786130816,carbonZ_2018-10-05-14-37-22_3_left_aileron_failure,aileron,9.64999961853,247.341445923,6.06008529663,270,3.84835267067,2.30484771729,134.86541748,-8.48344707489,12.7874679565,0.303826391697,0
1538768608606020103,64.831653344,carbonZ_2018-10-05-14-37-22_3_left_aileron_failure,aileron,9.64999961853,247.341445923,6.06008529663,270,4.33488607407,1.94027912617,134.095306396,-8.46833992004,12.8029356003,0.415797829628,0
1538768608641520103,64.867153344,carbonZ_2018-10-05-14-37-22_3_left_aileron_failure,aileron,9.6799993515,248.721221924,6.07483720779,268,4.33488607407,1.94027912617,134.095306396,-8.45569038391,12.8193254471,0.503267168999,0
1538768608714787399,64.94042064,carbonZ_2018-10-05-14-37-22_3_left_aileron_failure,aileron,9.6799993515,248.721221924,6.07483720779,268,4.33488607407,1.94027912617,134.095306396,-8.45611763,12.8208932877,0.543192863464,0
1538768608761528135,64.987161376,carbonZ_2018-10-05-14-37-22_3_left_aileron_failure,aileron,9.72999954224,248.721221924,6.08110952377,267,4.33488607407,1.94027912617,134.095306396,-8.44977664948,12.8266773224,0.575646162033,0
1538768608793144135,65.018777376,carbonZ_2018-10-05-14-37-22_3_left_aileron_failure,aileron,9.72999954224,248.721221924,6.08110952377,267,4.33488607407,1.94027912617,134.095306396,-8.44151115417,12.8369455338,0.584403514862,0
1538768608835672135,65.061305376,carbonZ_2018-10-05-14-37-22_3_left_aileron_failure,aileron,9.72999954224,248.721221924,6.08110952377,267,4.33488607407,1.94027912617,134.095306396,-8.43393421173,12.8485603333,0.55419844389,0
1538768608865556551,65.091189792,carbonZ_2018-10-05-14-37-22_3_left_aileron_failure,aileron,9.80000019073,248.249053955,6.10264110565,265,3.7942507267,1.91348218918,134.236679077,-8.42623901367,12.8629627228,0.527528166771,0
1538768608937106727,65.162739968,carbonZ_2018-10-05-14-37-22_3_left_aileron_failure,aileron,9.80000019073,248.249053955,6.10264110565,265,3.7942507267,1.91348218918,134.236679077,-8.40778064728,12.8904953003,0.509677529335,0
1538768608985319687,65.210952928,carbonZ_2018-10-05-14-37-22_3_left_aileron_failure,aileron,9.8499994278,248.249053955,6.10347270966,264,3.7942507267,1.91348218918,134.236679077,-8.38421916962,12.9165363312,0.507139980793,0
1538768609043542983,65.269176224,carbonZ_2018-10-05-14-37-22_3_left_aileron_failure,aileron,9.90999984741,326.972198486,6.12827301025,262,3.7942507267,1.91348218918,134.236679077,-8.35520935059,12.948346138,0.508258759975,0
1538768609072998759,65.298632,carbonZ_2018-10-05-14-37-22_3_left_aileron_failure,aileron,9.90999984741,326.972198486,6.12827301025,262,3.7942507267,1.91348218918,134.236679077,-8.34728336334,12.9585390091,0.504689455032,0
1538768609148917927,65.374551168,carbonZ_2018-10-05-14-37-22_3_left_aileron_failure,aileron,9.96000003815,326.972198486,6.14750242233,261,3.7942507267,1.91348218918,134.236679077,-8.31443023682,13.0021409988,0.467910975218,0
1538768609235599719,65.46123296,carbonZ_2018-10-05-14-37-22_3_left_aileron_failure,aileron,9.96000003815,326.972198486,6.14750242233,261,3.7942507267,1.91348218918,134.236679077,-8.26858615875,13.060628891,0.396328061819,0
1538768609251880103,65.477513344,carbonZ_2018-10-05-14-37-22_3_left_aileron_failure,aileron,10.0100002289,330.399993896,6.18561697006,259,0.261826455593,2.10840630531,134.607131958,-8.25992393494,13.0744533539,0.37847790122,0
1538768609304801895,65.530435136,carbonZ_2018-10-05-14-37-22_3_left_aileron_failure,aileron,10.0100002289,330.399993896,6.18561697006,259,0.261826455593,2.10840630531,134.607131958,-8.23659133911,13.1077880859,0.313841581345,0
1538768609346333799,65.57196704,carbonZ_2018-10-05-14-37-22_3_left_aileron_failure,aileron,10.0500001907,330.399993896,6.22119617462,258,0.261826455593,2.10840630531,134.607131958,-8.22013950348,13.1311769485,0.271055877209,0
1538768609371196039,65.59682928,carbonZ_2018-10-05-14-37-22_3_left_aileron_failure,aileron,10.0500001907,330.399993896,6.22119617462,258,0.261826455593,2.10840630531,134.607131958,-8.20767402649,13.1438341141,0.243160992861,0
1538768609416899143,65.642532384,carbonZ_2018-10-05-14-37-22_3_left_aileron_failure,aileron,10.0500001907,330.399993896,6.22119617462,258,0.261826455593,2.10840630531,134.607131958,-8.18100643158,13.1763324738,0.149401471019,0
1538768609474817639,65.70045088,carbonZ_2018-10-05-14-37-22_3_left_aileron_failure,aileron,10.0699996948,322.595123291,6.28218793869,256,0.261826455593,2.10840630531,134.607131958,-8.17714691162,13.1820468903,0.124171361327,0
1538768609530121575,65.755754816,carbonZ_2018-10-05-14-37-22_3_left_aileron_failure,aileron,10.0699996948,322.595123291,6.28218793869,256,0.261826455593,2.10840630531,134.607131958,-8.1679353714,13.1921052933,0.0362483859062,0
1538768609543586023,65.769219264,carbonZ_2018-10-05-14-37-22_3_left_aileron_failure,aileron,10.0799999237,322.595123291,6.32538604736,255,0.261826455593,2.10840630531,134.607131958,-8.1679353714,13.1921052933,0.0362483859062,0
1538768609625804359,65.8514376,carbonZ_2018-10-05-14-37-22_3_left_aileron_failure,aileron,10.0799999237,322.595123291,6.32538604736,255,0.261826455593,2.10840630531,134.607131958,-8.15335845947,13.1992502213,-0.108753599226,0
1538768609643261223,65.868894464,carbonZ_2018-10-05-14-37-22_3_left_aileron_failure,aileron,10.0699996948,320.570281982,6.37693881989,253,0.261826455593,2.10840630531,134.607131958,-8.15412712097,13.195807457,-0.133064135909,0
1538768609760198087,65.985831328,carbonZ_2018-10-05-14-37-22_3_left_aileron_failure,aileron,10.0399999619,320.570281982,6.42583227158,252,0.261826455593,2.10840630531,134.607131958,-8.15556526184,13.1793394089,-0.286496043205,0
1538768609835316519,66.06094976,carbonZ_2018-10-05-14-37-22_3_left_aileron_failure,aileron,10.0399999619,320.570281982,6.42583227158,252,4.55905294418,3.07188344002,133.542434692,-8.15624809265,13.1565704346,-0.389341264963,0
1538768609853996295,66.079629536,carbonZ_2018-10-05-14-37-22_3_left_aileron_failure,aileron,10.0,317.947570801,6.49178409576,250,4.55905294418,3.07188344002,133.542434692,-8.15683460236,13.1493186951,-0.412961125374,0
1538768609929877927,66.155511168,carbonZ_2018-10-05-14-37-22_3_left_aileron_failure,aileron,10.0,317.947570801,6.49178409576,250,4.55905294418,3.07188344002,133.542434692,-8.15499210358,13.1258935928,-0.506068348885,0
1538768609977360807,66.202994048,carbonZ_2018-10-05-14-37-22_3_left_aileron_failure,aileron,9.93999958038,317.947570801,6.52445840836,248,4.55905294418,3.07188344002,133.542434692,-8.15094566345,13.1134519577,-0.549604654312,0
1538768610000744071,66.226377312,carbonZ_2018-10-05-14-37-22_3_left_aileron_failure,aileron,9.93999958038,317.947570801,6.52445840836,248,4.55905294418,3.07188344002,133.542434692,-8.14634037018,13.1081581116,-0.574886441231,0
1538768610032155911,66.257789152,carbonZ_2018-10-05-14-37-22_3_left_aileron_failure,aileron,9.86999988556,319.693756104,6.57770395279,247,4.55905294418,3.07188344002,133.542434692,-8.14399623871,13.093380928,-0.634149909019,0
1538768610070122311,66.295755552,carbonZ_2018-10-05-14-37-22_3_left_aileron_failure,aileron,9.86999988556,319.693756104,6.57770395279,247,4.55905294418,3.07188344002,133.542434692,-8.1418800354,13.0779819489,-0.688321709633,0
1538768610110053959,66.3356872,carbonZ_2018-10-05-14-37-22_3_left_aileron_failure,aileron,9.86999988556,319.693756104,6.57770395279,247,5.5029296875,4.06635332108,131.662353516,-8.13718509674,13.0633230209,-0.749757170677,0
1538768610163884263,66.389517504,carbonZ_2018-10-05-14-37-22_3_left_aileron_failure,aileron,9.78999996185,319.693756104,6.6114616394,245,5.5029296875,4.06635332108,131.662353516,-8.1326341629,13.0485477448,-0.803834378719,0
1538768610256006631,66.481639872,carbonZ_2018-10-05-14-37-22_3_left_aileron_failure,aileron,9.68999958038,327.962982178,6.66397333145,244,5.5029296875,4.06635332108,131.662353516,-8.10384654999,13.0211677551,-0.920769333839,0
1538768610302943175,66.528576416,carbonZ_2018-10-05-14-37-22_3_left_aileron_failure,aileron,9.68999958038,327.962982178,6.66397333145,244,5.5029296875,4.06635332108,131.662353516,-8.08135032654,13.0116567612,-0.955447793007,0
1538768610363613671,66.589246912,carbonZ_2018-10-05-14-37-22_3_left_aileron_failure,aileron,9.59000015259,327.962982178,6.70160627365,242,5.5029296875,4.06635332108,131.662353516,-8.0682258606,13.0051355362,-0.967542409897,0
1538768610440654247,66.666287488,carbonZ_2018-10-05-14-37-22_3_left_aileron_failure,aileron,9.59000015259,327.962982178,6.70160627365,242,5.5029296875,4.06635332108,131.662353516,-8.04392337799,12.9899082184,-0.963463306427,0
1538768610459721575,66.685354816,carbonZ_2018-10-05-14-37-22_3_left_aileron_failure,aileron,9.46999931335,341.416351318,6.76089715958,241,6.80356311798,3.86671566963,131.123214722,-8.03813838959,12.9865846634,-0.950958907604,0
1538768610527222823,66.752856064,carbonZ_2018-10-05-14-37-22_3_left_aileron_failure,aileron,9.46999931335,341.416351318,6.76089715958,241,6.80356311798,3.86671566963,131.123214722,-8.03522109985,12.9658088684,-0.914318621159,0
1538768610550653159,66.7762864,carbonZ_2018-10-05-14-37-22_3_left_aileron_failure,aileron,9.36999988556,341.416351318,6.80844831467,239,6.80356311798,3.86671566963,131.123214722,-8.02329158783,12.9505500793,-0.875164210796,0
1538768610610195783,66.835829024,carbonZ_2018-10-05-14-37-22_3_left_aileron_failure,aileron,9.36999988556,341.416351318,6.80844831467,239,6.80356311798,3.86671566963,131.123214722,-8.01737880707,12.9405908585,-0.848197698593,0
1538768610664926727,66.890559968,carbonZ_2018-10-05-14-37-22_3_left_aileron_failure,aileron,9.27999973297,343.679534912,6.87161493301,238,6.80356311798,3.86671566963,131.123214722,-8.01405906677,12.9237203598,-0.771368861198,0
1538768610739888807,66.965522048,carbonZ_2018-10-05-14-37-22_3_left_aileron_failure,aileron,9.27999973297,343.679534912,6.87161493301,238,6.80356311798,3.86671566963,131.123214722,-8.00944042206,12.9121866226,-0.632590353489,0
1538768610764836711,66.990469952,carbonZ_2018-10-05-14-37-22_3_left_aileron_failure,aileron,9.19999980927,343.679534912,6.914686203,236,7.96791696548,2.27490711212,132.352035522,-8.00945281982,12.9095315933,-0.581025063992,0
1538768610806974887,67.032608128,carbonZ_2018-10-05-14-37-22_3_left_aileron_failure,aileron,9.19999980927,343.679534912,6.914686203,236,7.96791696548,2.27490711212,132.352035522,-8.01867580414,12.889175415,-0.450417846441,0
1538768610853794503,67.079427744,carbonZ_2018-10-05-14-37-22_3_left_aileron_failure,aileron,9.13999938965,345.315643311,6.96719884872,235,7.96791696548,2.27490711212,132.352035522,-8.0292634964,12.8730201721,-0.354289889336,0
1538768610905436263,67.131069504,carbonZ_2018-10-05-14-37-22_3_left_aileron_failure,aileron,9.13999938965,345.315643311,6.96719884872,235,7.96791696548,2.27490711212,132.352035522,-8.0616941452,12.8382282257,-0.237900182605,0
1538768610991025543,67.216658784,carbonZ_2018-10-05-14-37-22_3_left_aileron_failure,aileron,9.10999965668,345.315643311,7.01704931259,233,7.96791696548,2.27490711212,132.352035522,-8.11874008179,12.7867574692,-0.0971224680543,0
1538768611030245895,67.255879136,carbonZ_2018-10-05-14-37-22_3_left_aileron_failure,aileron,9.10999965668,345.315643311,7.01704931259,233,7.96791696548,2.27490711212,132.352035522,-8.11874008179,12.7867574692,-0.0971224680543,0
1538768611057261511,67.282894752,carbonZ_2018-10-05-14-37-22_3_left_aileron_failure,aileron,9.0999994278,345.956604004,7.05564117432,232,7.96791696548,2.27490711212,132.352035522,-8.14905452728,12.7610635757,-0.0428173020482,0
1538768611120152999,67.34578624,carbonZ_2018-10-05-14-37-22_3_left_aileron_failure,aileron,9.0999994278,345.956604004,7.05564117432,232,7.96791696548,2.27490711212,132.352035522,-8.19953536987,12.716629982,0.0227832309902,0
1538768611153632743,67.379265984,carbonZ_2018-10-05-14-37-22_3_left_aileron_failure,aileron,9.0999994278,345.956604004,7.06312656403,230,10.5272893906,1.12639689445,134.272064209,-8.25591087341,12.6666955948,0.0652278736234,0
1538768611201816903,67.427450144,carbonZ_2018-10-05-14-37-22_3_left_aileron_failure,aileron,9.0999994278,345.956604004,7.06312656403,230,10.5272893906,1.12639689445,134.272064209,-8.28428840637,12.640329361,0.0942244827747,0
1538768611248170631,67.473803872,carbonZ_2018-10-05-14-37-22_3_left_aileron_failure,aileron,9.11999988556,348.679931641,7.07835865021,229,10.5272893906,1.12639689445,134.272064209,-8.31682109833,12.6125450134,0.126753538847,0
1538768611324635015,67.550268256,carbonZ_2018-10-05-14-37-22_3_left_aileron_failure,aileron,9.11999988556,348.679931641,7.07835865021,229,10.5272893906,1.12639689445,134.272064209,-8.3842792511,12.5522451401,0.147007569671,0
1538768611375473095,67.601106336,carbonZ_2018-10-05-14-37-22_3_left_aileron_failure,aileron,9.13999938965,348.679931641,7.06126928329,227,10.5272893906,1.12639689445,134.272064209,-8.41714668274,12.5275917053,0.14586570859,0
1538768611425473927,67.651107168,carbonZ_2018-10-05-14-37-22_3_left_aileron_failure,aileron,9.13999938965,348.679931641,7.06126928329,227,10.5272893906,1.12639689445,134.272064209,-8.44983005524,12.4972772598,0.130572259426,0
1538768611440294471,67.665927712,carbonZ_2018-10-05-14-37-22_3_left_aileron_failure,aileron,9.14999961853,350.305541992,7.02760267258,226,10.5272893906,1.12639689445,134.272064209,-8.47389316559,12.4740371704,0.112524993718,0
1538768611537493063,67.763126304,carbonZ_2018-10-05-14-37-22_3_left_aileron_failure,aileron,9.14999961853,350.305541992,7.02760267258,226,11.0353221893,1.6783156395,133.691635132,-8.5364151001,12.4121665955,0.0594389401376,0
1538768611555833415,67.781466656,carbonZ_2018-10-05-14-37-22_3_left_aileron_failure,aileron,9.15999984741,350.305541992,6.98763275146,224,11.0353221893,1.6783156395,133.691635132,-8.56043624878,12.3867101669,0.0299938824028,0
1538768611607795879,67.83342912,carbonZ_2018-10-05-14-37-22_3_left_aileron_failure,aileron,9.15999984741,350.305541992,6.98763275146,224,11.0353221893,1.6783156395,133.691635132,-8.58419799805,12.3612565994,0.0171473156661,0
1538768611642811335,67.868444576,carbonZ_2018-10-05-14-37-22_3_left_aileron_failure,aileron,9.17000007629,353.346069336,6.94222640991,223,11.0353221893,1.6783156395,133.691635132,-8.60977649689,12.3329992294,0.002379959682,0
1538768611702566599,67.92819984,carbonZ_2018-10-05-14-37-22_3_left_aileron_failure,aileron,9.17000007629,353.346069336,6.94222640991,223,11.0353221893,1.6783156395,133.691635132,-8.63980770111,12.2989912033,-0.0220480524004,0
1538768611769453063,67.995086304,carbonZ_2018-10-05-14-37-22_3_left_aileron_failure,aileron,9.17000007629,353.346069336,6.88894271851,221,11.0353221893,1.6783156395,133.691635132,-8.6651468277,12.2712907791,-0.0360124260187,0
1538768611815838215,68.041471456,carbonZ_2018-10-05-14-37-22_3_left_aileron_failure,aileron,9.17000007629,353.346069336,6.88894271851,221,11.0353221893,1.6783156395,133.691635132,-8.67732906342,12.2581014633,-0.0352351628244,0
1538768611856438631,68.082071872,carbonZ_2018-10-05-14-37-22_3_left_aileron_failure,aileron,9.15999984741,350.91619873,6.84449386597,220,11.0353221893,1.6783156395,133.691635132,-8.68578147888,12.2481708527,-0.0557336062193,0
1538768611908803719,68.13443696,carbonZ_2018-10-05-14-37-22_3_left_aileron_failure,aileron,9.15999984741,350.91619873,6.84449386597,220,7.53390550613,1.92606675625,134.078323364,-8.69904136658,12.2359313965,-0.110561259091,0
1538768611973193607,68.198826848,carbonZ_2018-10-05-14-37-22_3_left_aileron_failure,aileron,9.14999961853,350.91619873,6.77463436127,218,7.53390550613,1.92606675625,134.078323364,-8.69094753265,12.2369937897,-0.161494642496,0
1538768612006364295,68.231997536,carbonZ_2018-10-05-14-37-22_3_left_aileron_failure,aileron,9.14999961853,350.91619873,6.77463436127,218,7.53390550613,1.92606675625,134.078323364,-8.68385887146,12.240901947,-0.165363326669,0
1538768612042055271,68.267688512,carbonZ_2018-10-05-14-37-22_3_left_aileron_failure,aileron,9.13000011444,360.394775391,6.7252240181,217,7.53390550613,1.92606675625,134.078323364,-8.67573070526,12.2433824539,-0.165456026793,0
1538768612109492039,68.33512528,carbonZ_2018-10-05-14-37-22_3_left_aileron_failure,aileron,9.13000011444,360.394775391,6.7252240181,217,7.53390550613,1.92606675625,134.078323364,-8.66781425476,12.2498626709,-0.1680662781,0
1538768612164477671,68.390110912,carbonZ_2018-10-05-14-37-22_3_left_aileron_failure,aileron,9.10999965668,360.394775391,6.66698122025,215,7.53390550613,1.92606675625,134.078323364,-8.66413116455,12.2505149841,-0.18286266923,0
1538768612194865671,68.420498912,carbonZ_2018-10-05-14-37-22_3_left_aileron_failure,aileron,9.10999965668,360.394775391,6.66698122025,215,7.53390550613,1.92606675625,134.078323364,-8.66209602356,12.2495346069,-0.162922218442,0
1538768612239174855,68.464808096,carbonZ_2018-10-05-14-37-22_3_left_aileron_failure,aileron,9.07999992371,353.488525391,6.62701225281,214,7.53390550613,1.92606675625,134.078323364,-8.66226196289,12.2472057343,-0.137084916234,0
1538768612309592647,68.535225888,carbonZ_2018-10-05-14-37-22_3_left_aileron_failure,aileron,9.07999992371,353.488525391,6.62701225281,214,7.53390550613,1.92606675625,134.078323364,-8.6758441925,12.2290706635,-0.103173546493,0
1538768612358437223,68.584070464,carbonZ_2018-10-05-14-37-22_3_left_aileron_failure,aileron,9.05999946594,353.488525391,6.56816387177,212,4.83130598068,1.48212635517,136.154083252,-8.68566226959,12.2133951187,-0.0497090034187,0
1538768612404378375,68.630011616,carbonZ_2018-10-05-14-37-22_3_left_aileron_failure,aileron,9.05999946594,353.488525391,6.56816387177,212,4.83130598068,1.48212635517,136.154083252,-8.69500541687,12.2023801804,-0.0182164665312,0
1538768612459260551,68.684893792,carbonZ_2018-10-05-14-37-22_3_left_aileron_failure,aileron,9.05000019073,353.247650146,6.53097629547,211,4.83130598068,1.48212635517,136.154083252,-8.70749187469,12.1865291595,0.0361910462379,0
1538768612514029031,68.739662272,carbonZ_2018-10-05-14-37-22_3_left_aileron_failure,aileron,9.05000019073,353.247650146,6.53097629547,211,4.83130598068,1.48212635517,136.154083252,-8.71337509155,12.1756467819,0.0641680210829,0
1538768612575944103,68.801577344,carbonZ_2018-10-05-14-37-22_3_left_aileron_failure,aileron,9.05000019073,353.247650146,6.46764707565,210,4.83130598068,1.48212635517,136.154083252,-8.72267436981,12.1602210999,0.0991083681583,0
1538768612600676135,68.826309376,carbonZ_2018-10-05-14-37-22_3_left_aileron_failure,aileron,9.05000019073,353.247650146,6.46764707565,210,5.77361774445,1.71278834343,135.933029175,-8.7228012085,12.1541500092,0.116043485701,0
1538768612673940999,68.89957424,carbonZ_2018-10-05-14-37-22_3_left_aileron_failure,aileron,9.05000019073,363.296875,6.41497135162,208,5.77361774445,1.71278834343,135.933029175,-8.72836112976,12.1418676376,0.134760811925,0
1538768612695717927,68.921351168,carbonZ_2018-10-05-14-37-22_3_left_aileron_failure,aileron,9.05000019073,363.296875,6.41497135162,208,5.77361774445,1.71278834343,135.933029175,-8.73559188843,12.1298036575,0.126924678683,0
1538768612795905831,69.021539072,carbonZ_2018-10-05-14-37-22_3_left_aileron_failure,aileron,9.05999946594,363.296875,6.34716367722,207,5.77361774445,1.71278834343,135.933029175,-8.72815322876,12.117521286,0.111862853169,0
1538768612841241927,69.066875168,carbonZ_2018-10-05-14-37-22_3_left_aileron_failure,aileron,9.06999969482,373.880493164,6.29375362396,205,5.77361774445,1.71278834343,135.933029175,-8.72516727448,12.1073827744,0.112241148949,0
1538768612862586407,69.088219648,carbonZ_2018-10-05-14-37-22_3_left_aileron_failure,aileron,9.06999969482,373.880493164,6.29375362396,205,5.77361774445,1.71278834343,135.933029175,-8.71750354767,12.1029939651,0.11515776068,0
1538768612922525703,69.148158944,carbonZ_2018-10-05-14-37-22_3_left_aileron_failure,aileron,9.06999969482,373.880493164,6.29375362396,205,5.77361774445,1.71278834343,135.933029175,-8.71293449402,12.0958881378,0.115932770073,0
1538768612964581479,69.19021472,carbonZ_2018-10-05-14-37-22_3_left_aileron_failure,aileron,9.06999969482,373.880493164,6.23224639893,204,5.77361774445,1.71278834343,135.933029175,-8.70708370209,12.0886850357,0.115018174052,0
1538768613042043335,69.267676576,carbonZ_2018-10-05-14-37-22_3_left_aileron_failure,aileron,9.07999992371,370.221038818,6.1833190918,202,5.77361774445,1.71278834343,135.933029175,-8.69469928741,12.0859060287,0.126320153475,0
1538768613061582055,69.287215296,carbonZ_2018-10-05-14-37-22_3_left_aileron_failure,aileron,9.07999992371,370.221038818,6.1833190918,202,4.71888160706,2.06258440018,134.418746948,-8.69323253632,12.0823764801,0.145767092705,0
1538768613134001447,69.359634688,carbonZ_2018-10-05-14-37-22_3_left_aileron_failure,aileron,9.07999992371,370.221038818,6.1833190918,202,4.71888160706,2.06258440018,134.418746948,-8.68544197083,12.0800437927,0.20151412487,0
1538768613163724487,69.389357728,carbonZ_2018-10-05-14-37-22_3_left_aileron_failure,aileron,9.09000015259,370.221038818,6.11272144318,201,4.71888160706,2.06258440018,134.418746948,-8.68359661102,12.0821828842,0.221806973219,0
1538768613223476647,69.449109888,carbonZ_2018-10-05-14-37-22_3_left_aileron_failure,aileron,9.09000015259,370.221038818,6.11272144318,201,4.71888160706,2.06258440018,134.418746948,-8.68212985992,12.0791120529,0.25833773613,0
1538768613315868487,69.541501728,carbonZ_2018-10-05-14-37-22_3_left_aileron_failure,aileron,9.10999965668,370.380310059,6.06827306747,199,4.71888160706,2.06258440018,134.418746948,-8.67264938354,12.0832176208,0.309656471014,0
1538768613349593223,69.575226464,carbonZ_2018-10-05-14-37-22_3_left_aileron_failure,aileron,9.13999938965,370.380310059,6.00602912903,198,4.71888160706,2.06258440018,134.418746948,-8.66671276093,12.0885362625,0.339777559042,0
1538768613379780903,69.605414144,carbonZ_2018-10-05-14-37-22_3_left_aileron_failure,aileron,9.13999938965,370.380310059,6.00602912903,198,4.71888160706,2.06258440018,134.418746948,-8.65672588348,12.0975875854,0.362605333328,0
1538768613440775335,69.666408576,carbonZ_2018-10-05-14-37-22_3_left_aileron_failure,aileron,9.1799993515,372.388549805,5.94766187668,196,3.93189024925,1.60172021389,133.79486084,-8.63960647583,12.1141490936,0.382449090481,0
1538768613483595431,69.709228672,carbonZ_2018-10-05-14-37-22_3_left_aileron_failure,aileron,9.1799993515,372.388549805,5.94766187668,196,3.93189024925,1.60172021389,133.79486084,-8.63470649719,12.1186542511,0.391205430031,0
1538768613544922855,69.770556096,carbonZ_2018-10-05-14-37-22_3_left_aileron_failure,aileron,9.22000026703,372.388549805,5.88881206512,195,3.93189024925,1.60172021389,133.79486084,-8.62072944641,12.1343679428,0.414757460356,0
1538768613561922503,69.787555744,carbonZ_2018-10-05-14-37-22_3_left_aileron_failure,aileron,9.22000026703,372.388549805,5.88881206512,195,3.93189024925,1.60172021389,133.79486084,-8.60409069061,12.1505069733,0.431428283453,0
1538768613632115591,69.857748832,carbonZ_2018-10-05-14-37-22_3_left_aileron_failure,aileron,9.22000026703,372.388549805,5.88881206512,195,3.93189024925,1.60172021389,133.79486084,-8.58921909332,12.1684999466,0.462555080652,0
1538768613682690503,69.908323744,carbonZ_2018-10-05-14-37-22_3_left_aileron_failure,aileron,9.26000022888,369.52923584,5.87272977829,193,3.93189024925,1.60172021389,133.79486084,-8.57760429382,12.181895256,0.481991887093,0
1538768613714944679,69.94057792,carbonZ_2018-10-05-14-37-22_3_left_aileron_failure,aileron,9.26000022888,369.52923584,5.87272977829,193,3.93189024925,1.60172021389,133.79486084,-8.56796264648,12.1945943832,0.503205358982,0
1538768613759356775,69.984990016,carbonZ_2018-10-05-14-37-22_3_left_aileron_failure,aileron,9.30999946594,369.52923584,5.81847906113,192,3.93189024925,1.60172021389,133.79486084,-8.55792236328,12.2094335556,0.50228959322,0
1538768613824495591,70.050128832,carbonZ_2018-10-05-14-37-22_3_left_aileron_failure,aileron,9.30999946594,369.52923584,5.81847906113,192,2.29563474655,0.91906952858,133.772399902,-8.53217601776,12.2467365265,0.503165602684,0
1538768613842710695,70.068343936,carbonZ_2018-10-05-14-37-22_3_left_aileron_failure,aileron,9.35999965668,368.500030518,5.81193113327,191,2.29563474655,0.91906952858,133.772399902,-8.53217601776,12.2467365265,0.503165602684,0
1538768613929477671,70.155110912,carbonZ_2018-10-05-14-37-22_3_left_aileron_failure,aileron,9.35999965668,368.500030518,5.81193113327,191,2.29563474655,0.91906952858,133.772399902,-8.50884437561,12.2878541946,0.521732091904,0
1538768613955724231,70.181357472,carbonZ_2018-10-05-14-37-22_3_left_aileron_failure,aileron,9.40999984741,368.500030518,5.77992773056,189,2.29563474655,0.91906952858,133.772399902,-8.49416351318,12.3057250977,0.522423923016,0
1538768613999086375,70.224719616,carbonZ_2018-10-05-14-37-22_3_left_aileron_failure,aileron,9.40999984741,368.500030518,5.77992773056,189,2.29563474655,0.91906952858,133.772399902,-8.48270702362,12.3256559372,0.524939358234,0
1538768614073646279,70.29927952,carbonZ_2018-10-05-14-37-22_3_left_aileron_failure,aileron,9.46000003815,366.439819336,5.75686979294,188,2.29563474655,0.91906952858,133.772399902,-8.47135925293,12.3437385559,0.529887795448,0
1538768614101438023,70.327071264,carbonZ_2018-10-05-14-37-22_3_left_aileron_failure,aileron,9.46000003815,366.439819336,5.75686979294,188,2.29563474655,0.91906952858,133.772399902,-8.47041797638,12.3487453461,0.539326250553,0
1538768614147856807,70.373490048,carbonZ_2018-10-05-14-37-22_3_left_aileron_failure,aileron,9.5,366.439819336,5.93504285812,186,2.29563474655,0.91906952858,133.772399902,-8.45739841461,12.3687095642,0.532063126564,0
1538768614184602567,70.410235808,carbonZ_2018-10-05-14-37-22_3_left_aileron_failure,aileron,9.5,366.439819336,5.93504285812,186,1.89651477337,0.839168250561,133.054794312,-8.44051742554,12.3902616501,0.535244941711,0
1538768614236805383,70.462438624,carbonZ_2018-10-05-14-37-22_3_left_aileron_failure,aileron,9.55000019073,363.193695068,5.91313505173,185,1.89651477337,0.839168250561,133.054794312,-8.42629623413,12.409743309,0.545996844769,0
1538768614275606215,70.501239456,carbonZ_2018-10-05-14-37-22_3_left_aileron_failure,aileron,9.55000019073,363.193695068,5.91313505173,185,1.89651477337,0.839168250561,133.054794312,-8.41142082214,12.4289503098,0.539757490158,0
1538768614310092039,70.53572528,carbonZ_2018-10-05-14-37-22_3_left_aileron_failure,aileron,9.55000019073,363.193695068,5.91313505173,185,1.89651477337,0.839168250561,133.054794312,-8.40160751343,12.444237709,0.533967196941,0
1538768614366301191,70.591934432,carbonZ_2018-10-05-14-37-22_3_left_aileron_failure,aileron,9.59000015259,363.193695068,6.02100896835,183,1.89651477337,0.839168250561,133.054794312,-8.37635040283,12.4733161926,0.513566195965,0
1538768614404055271,70.629688512,carbonZ_2018-10-05-14-37-22_3_left_aileron_failure,aileron,9.59000015259,363.193695068,6.02100896835,183,1.89651477337,0.839168250561,133.054794312,-8.3629732132,12.4881782532,0.488159835339,0
1538768614434182983,70.659816224,carbonZ_2018-10-05-14-37-22_3_left_aileron_failure,aileron,9.63000011444,362.972076416,5.9901971817,182,1.89651477337,0.839168250561,133.054794312,-8.35122776031,12.5065088272,0.46910238266,0
1538768614516146759,70.74178,carbonZ_2018-10-05-14-37-22_3_left_aileron_failure,aileron,9.63000011444,362.972076416,5.9901971817,182,1.89651477337,0.839168250561,133.054794312,-8.3388338089,12.5260238647,0.449821770191,0
1538768614617512135,70.843145376,carbonZ_2018-10-05-14-37-22_3_left_aileron_failure,aileron,9.67000007629,362.972076416,7.11762952805,180,2.77849411964,1.569850564,132.03968811,-8.31126308441,12.5563850403,0.44748339057,0
1538768614653581223,70.879214464,carbonZ_2018-10-05-14-37-22_3_left_aileron_failure,aileron,9.69999980927,358.009429932,7.03547716141,179,2.77849411964,1.569850564,132.03968811,-8.30126953125,12.5668296814,0.45515447855,0
1538768614705888967,70.931522208,carbonZ_2018-10-05-14-37-22_3_left_aileron_failure,aileron,9.69999980927,358.009429932,7.03547716141,179,2.77849411964,1.569850564,132.03968811,-8.2935333252,12.57833004,0.481912285089,0
1538768614744418951,70.970052192,carbonZ_2018-10-05-14-37-22_3_left_aileron_failure,aileron,9.73999977112,358.009429932,6.93547725677,177,2.77849411964,1.569850564,132.03968811,-8.27359771729,12.5955934525,0.510695099831,0
1538768614791446471,71.017079712,carbonZ_2018-10-05-14-37-22_3_left_aileron_failure,aileron,9.73999977112,358.009429932,6.93547725677,177,2.77849411964,1.569850564,132.03968811,-8.26361560822,12.6040582657,0.538167893887,0
1538768614849596903,71.075230144,carbonZ_2018-10-05-14-37-22_3_left_aileron_failure,aileron,9.77999973297,360.936920166,7.28453779221,176,2.77849411964,1.569850564,132.03968811,-8.25329303741,12.6123390198,0.559526324272,0
1538768614911362215,71.136995456,carbonZ_2018-10-05-14-37-22_3_left_aileron_failure,aileron,9.77999973297,360.936920166,7.28453779221,176,2.77849411964,1.569850564,132.03968811,-8.23846340179,12.6228046417,0.574287235737,0
1538768614970015463,71.195648704,carbonZ_2018-10-05-14-37-22_3_left_aileron_failure,aileron,9.82999992371,360.936920166,7.17139863968,174,2.39910316467,2.23705935478,131.599365234,-8.22980499268,12.6280069351,0.570784211159,0
1538768615017321607,71.242954848,carbonZ_2018-10-05-14-37-22_3_left_aileron_failure,aileron,9.82999992371,360.936920166,7.17139863968,174,2.39910316467,2.23705935478,131.599365234,-8.20922279358,12.6377162933,0.525237500668,0
1538768615044216615,71.269849856,carbonZ_2018-10-05-14-37-22_3_left_aileron_failure,aileron,9.88000011444,359.965789795,8.74151325226,173,2.39910316467,2.23705935478,131.599365234,-8.20463085175,12.6401481628,0.514419198036,0
1538768615102849991,71.328483232,carbonZ_2018-10-05-14-37-22_3_left_aileron_failure,aileron,9.88000011444,359.965789795,8.74151325226,173,2.39910316467,2.23705935478,131.599365234,-8.18277168274,12.6427230835,0.452701807022,0
1538768615173376295,71.399009536,carbonZ_2018-10-05-14-37-22_3_left_aileron_failure,aileron,9.9299993515,358.965789795,8.52665424347,171,2.39910316467,2.23705935478,131.599365234,-8.16957855225,12.6480093002,0.415578216314,0
1538768615225824615,71.451457856,carbonZ_2018-10-05-14-37-22_3_left_aileron_failure,aileron,9.9299993515,358.965789795,8.52665424347,171,2.39910316467,2.23705935478,131.599365234,-8.15295124054,12.6503791809,0.386514753103,0
1538768615248724551,71.474357792,carbonZ_2018-10-05-14-37-22_3_left_aileron_failure,aileron,9.96999931335,356.566223145,8.31515407562,170,2.39910316467,2.23705935478,131.599365234,-8.14238643646,12.6551713943,0.375387221575,0
1538768615313503175,71.539136416,carbonZ_2018-10-05-14-37-22_3_left_aileron_failure,aileron,9.96999931335,356.566223145,8.31515407562,170,2.39910316467,2.23705935478,131.599365234,-8.11216259003,12.6573963165,0.293019860983,0
1538768615360879239,71.58651248,carbonZ_2018-10-05-14-37-22_3_left_aileron_failure,aileron,10.0,356.566223145,9.46787166595,168,0.406312257051,3.4133515358,130.323394775,-8.06741333008,12.6551074982,0.0575236342847,0
1538768615406147367,71.631780608,carbonZ_2018-10-05-14-37-22_3_left_aileron_failure,aileron,10.0,356.566223145,9.46787166595,168,0.406312257051,3.4133515358,130.323394775,-8.06741333008,12.6551074982,0.0575236342847,0
1538768615447799335,71.673432576,carbonZ_2018-10-05-14-37-22_3_left_aileron_failure,aileron,10.0100002289,354.858398438,9.18367576599,167,0.406312257051,3.4133515358,130.323394775,-8.025141716,12.6553478241,-0.145083963871,0
1538768615503016423,71.728649664,carbonZ_2018-10-05-14-37-22_3_left_aileron_failure,aileron,10.0100002289,354.858398438,9.18367576599,167,0.406312257051,3.4133515358,130.323394775,-7.98601961136,12.6476421356,-0.315607011318,0
1538768615565203815,71.790837056,carbonZ_2018-10-05-14-37-22_3_left_aileron_failure,aileron,9.97999954224,354.858398438,11.2448863983,165,0.406312257051,3.4133515358,130.323394775,-7.92491674423,12.64731884,-0.460417926311,0
1538768615598772551,71.824405792,carbonZ_2018-10-05-14-37-22_3_left_aileron_failure,aileron,9.97999954224,354.858398438,11.2448863983,165,0.406312257051,3.4133515358,130.323394775,-7.88316679001,12.6504640579,-0.530267417431,0
1538768615674347175,71.899980416,carbonZ_2018-10-05-14-37-22_3_left_aileron_failure,aileron,9.92000007629,426.026245117,10.8249197006,164,0.406312257051,3.4133515358,130.323394775,-7.801820755,12.6697711945,-0.597588837147,0
1538768615692772071,71.918405312,carbonZ_2018-10-05-14-37-22_3_left_aileron_failure,aileron,9.92000007629,426.026245117,10.8249197006,164,0.406312257051,3.4133515358,130.323394775,-7.77751255035,12.6749238968,-0.615216195583,0
1538768615758358407,71.983991648,carbonZ_2018-10-05-14-37-22_3_left_aileron_failure,aileron,9.85999965668,426.026245117,10.4136810303,162,0.406312257051,3.4133515358,130.323394775,-7.68768644333,12.6967544556,-0.697345435619,0
1538768615789740935,72.015374176,carbonZ_2018-10-05-14-37-22_3_left_aileron_failure,aileron,9.85999965668,426.026245117,10.4136810303,162,-1.71170985699,4.61042070389,125.914634705,-7.62852954865,12.7140264511,-0.726926982403,0
1538768615831519047,72.057152288,carbonZ_2018-10-05-14-37-22_3_left_aileron_failure,aileron,9.76999950409,435.927978516,11.5629091263,161,-1.71170985699,4.61042070389,125.914634705,-7.55559301376,12.737370491,-0.761054754257,0
1538768615859498023,72.085131264,carbonZ_2018-10-05-14-37-22_3_left_aileron_failure,aileron,9.76999950409,435.927978516,11.5629091263,161,-1.71170985699,4.61042070389,125.914634705,-7.48525190353,12.7604131699,-0.788252711296,0
1538768615943357159,72.1689904,carbonZ_2018-10-05-14-37-22_3_left_aileron_failure,aileron,9.76999950409,435.927978516,11.5629091263,161,-1.71170985699,4.61042070389,125.914634705,-7.38616991043,12.7969293594,-0.822937488556,0
1538768615966443303,72.192076544,carbonZ_2018-10-05-14-37-22_3_left_aileron_failure,aileron,9.68999958038,436.927978516,11.085100174,159,-1.71170985699,4.61042070389,125.914634705,-7.27684688568,12.8423423767,-0.832435369492,0
1538768616027474087,72.253107328,carbonZ_2018-10-05-14-37-22_3_left_aileron_failure,aileron,9.68999958038,436.927978516,11.085100174,159,-1.71170985699,4.61042070389,125.914634705,-7.16874313354,12.8888511658,-0.817357003689,0
1538768616098575431,72.324208672,carbonZ_2018-10-05-14-37-22_3_left_aileron_failure,aileron,9.5999994278,450.341217041,11.3881292343,158,-1.71170985699,4.61042070389,125.914634705,-7.09909677505,12.9186134338,-0.794835269451,0
1538768616128560999,72.35419424,carbonZ_2018-10-05-14-37-22_3_left_aileron_failure,aileron,9.5999994278,450.341217041,11.3881292343,158,-7.04718017578,3.73199748993,124.588417053,-7.09909677505,12.9186134338,-0.794835269451,0
1538768616177991847,72.403625088,carbonZ_2018-10-05-14-37-22_3_left_aileron_failure,aileron,9.51999950409,449.341186523,10.899561882,156,-7.04718017578,3.73199748993,124.588417053,-6.95620918274,12.9864597321,-0.711361646652,1
1538768616223371495,72.449004736,carbonZ_2018-10-05-14-37-22_3_left_aileron_failure,aileron,9.51999950409,449.341186523,10.899561882,156,-7.04718017578,3.73199748993,124.588417053,-6.85421276093,13.0350904465,-0.632471621037,1
1538768616262116007,72.487749248,carbonZ_2018-10-05-14-37-22_3_left_aileron_failure,aileron,9.43999958038,447.753631592,10.4464302063,155,-7.04718017578,3.73199748993,124.588417053,-6.79504919052,13.0640382767,-0.564185082912,1
1538768616334095175,72.559728416,carbonZ_2018-10-05-14-37-22_3_left_aileron_failure,aileron,9.43999958038,447.753631592,10.4464302063,155,-7.04718017578,3.73199748993,124.588417053,-6.67096090317,13.1266870499,-0.409161031246,1
1538768616377623463,72.603256704,carbonZ_2018-10-05-14-37-22_3_left_aileron_failure,aileron,9.38999938965,447.753631592,12.7874317169,154,-7.04718017578,3.73199748993,124.588417053,-6.63613271713,13.1459302902,-0.376928061247,1
1538768616426086695,72.651719936,carbonZ_2018-10-05-14-37-22_3_left_aileron_failure,aileron,9.38999938965,447.753631592,12.7874317169,154,-7.04718017578,3.73199748993,124.588417053,-6.53860139847,13.2002258301,-0.277003735304,1
1538768616465306567,72.690939808,carbonZ_2018-10-05-14-37-22_3_left_aileron_failure,aileron,9.3499994278,465.713226318,12.1740102768,152,-7.04718017578,3.73199748993,124.588417053,-6.47212457657,13.2357501984,-0.220769509673,1
1538768616518806663,72.744439904,carbonZ_2018-10-05-14-37-22_3_left_aileron_failure,aileron,9.3499994278,465.713226318,12.1740102768,152,-8.98638343811,2.22080874443,122.487586975,-6.35975790024,13.2979354858,-0.186245068908,1
1538768616615437575,72.841070816,carbonZ_2018-10-05-14-37-22_3_left_aileron_failure,aileron,9.32999992371,465.713226318,13.0297269821,151,-8.98638343811,2.22080874443,122.487586975,-6.16084527969,13.4161224365,-0.177513718605,1
1538768616633470631,72.859103872,carbonZ_2018-10-05-14-37-22_3_left_aileron_failure,aileron,9.32999992371,465.713226318,13.0297269821,151,-8.98638343811,2.22080874443,122.487586975,-6.11098480225,13.4454269409,-0.182561799884,1
1538768616666746087,72.892379328,carbonZ_2018-10-05-14-37-22_3_left_aileron_failure,aileron,9.31999969482,462.614807129,12.365401268,149,-8.98638343811,2.22080874443,122.487586975,-6.00621414185,13.5063781738,-0.184137091041,1
1538768616724086855,72.949720096,carbonZ_2018-10-05-14-37-22_3_left_aileron_failure,aileron,9.31999969482,462.614807129,12.365401268,149,-8.98638343811,2.22080874443,122.487586975,-5.84486293793,13.6023654938,-0.17216835916,1
1538768616764310535,72.989943776,carbonZ_2018-10-05-14-37-22_3_left_aileron_failure,aileron,9.30999946594,462.614807129,11.7010746002,148,-8.98638343811,2.22080874443,122.487586975,-5.72465658188,13.6757850647,-0.166882514954,1
1538768616824215815,73.049849056,carbonZ_2018-10-05-14-37-22_3_left_aileron_failure,aileron,9.30999946594,462.614807129,11.7010746002,148,-8.98638343811,2.22080874443,122.487586975,-5.5641450882,13.7732563019,-0.0855792462826,1
1538768616890200999,73.11583424,carbonZ_2018-10-05-14-37-22_3_left_aileron_failure,aileron,9.28999996185,451.302246094,11.7221603394,146,-8.98638343811,2.22080874443,122.487586975,-5.4422917366,13.8521099091,0.109579622746,1
1538768616989731047,73.215364288,carbonZ_2018-10-05-14-37-22_3_left_aileron_failure,aileron,9.30999946594,451.302246094,11.0502071381,145,-8.98638343811,2.22080874443,122.487586975,-5.23563051224,13.9872913361,0.422769844532,1
1538768617038392167,73.264025408,carbonZ_2018-10-05-14-37-22_3_left_aileron_failure,aileron,9.3499994278,451.598632812,13.0386724472,143,-14.8800163269,0.917471885681,117.386825562,-5.10173797607,14.075220108,0.559011042118,1
1538768617079866951,73.305500192,carbonZ_2018-10-05-14-37-22_3_left_aileron_failure,aileron,9.3499994278,451.598632812,13.0386724472,143,-14.8800163269,0.917471885681,117.386825562,-5.05498123169,14.1063108444,0.595695376396,1
1538768617146287111,73.371920352,carbonZ_2018-10-05-14-37-22_3_left_aileron_failure,aileron,9.40999984741,451.598632812,12.2447347641,142,-14.8800163269,0.917471885681,117.386825562,-4.83340644836,14.2418241501,0.710455954075,1
1538768617190811879,73.41644512,carbonZ_2018-10-05-14-37-22_3_left_aileron_failure,aileron,9.40999984741,451.598632812,12.2447347641,142,-14.8800163269,0.917471885681,117.386825562,-4.71427536011,14.3120889664,0.755181491375,1
1538768617233249351,73.458882592,carbonZ_2018-10-05-14-37-22_3_left_aileron_failure,aileron,9.5,451.428497314,11.459895134,140,-14.8800163269,0.917471885681,117.386825562,-4.59627962112,14.3830118179,0.801093697548,1
1538768617267966535,73.493599776,carbonZ_2018-10-05-14-37-22_3_left_aileron_failure,aileron,9.5,451.428497314,11.459895134,140,-14.8800163269,0.917471885681,117.386825562,-4.47547531128,14.4504957199,0.850846350193,1
1538768617331575303,73.557208544,carbonZ_2018-10-05-14-37-22_3_left_aileron_failure,aileron,9.5999994278,451.428497314,12.6899061203,139,-14.8800163269,0.917471885681,117.386825562,-4.28612518311,14.5554037094,0.906155347824,1
1538768617379186279,73.60481952,carbonZ_2018-10-05-14-37-22_3_left_aileron_failure,aileron,9.5999994278,451.428497314,12.6899061203,139,-14.8800163269,0.917471885681,117.386825562,-4.08231067657,14.6712703705,0.96150714159,1
1538768617428778375,73.654411616,carbonZ_2018-10-05-14-37-22_3_left_aileron_failure,aileron,9.5999994278,451.428497314,12.6899061203,139,-14.8800163269,0.917471885681,117.386825562,-3.95455861092,14.741736412,1.00471031666,1
1538768617464192903,73.689826144,carbonZ_2018-10-05-14-37-22_3_left_aileron_failure,aileron,9.69999980927,410.103424072,11.8255910873,137,-20.2530040741,0.738173425198,111.367599487,-3.81372594833,14.8169803619,1.05209362507,1
1538768617532265415,73.757898656,carbonZ_2018-10-05-14-37-22_3_left_aileron_failure,aileron,9.69999980927,410.103424072,11.8255910873,137,-20.2530040741,0.738173425198,111.367599487,-3.60502028465,14.9216127396,1.12322402,1
1538768617587343751,73.812976992,carbonZ_2018-10-05-14-37-22_3_left_aileron_failure,aileron,9.80999946594,410.103424072,13.0593891144,135,-20.2530040741,0.738173425198,111.367599487,-3.26601004601,15.0776500702,1.14686334133,1
1538768617640780263,73.866413504,carbonZ_2018-10-05-14-37-22_3_left_aileron_failure,aileron,9.80999946594,410.103424072,13.0593891144,135,-20.2530040741,0.738173425198,111.367599487,-3.17369151115,15.117723465,1.14915919304,1
1538768617673480871,73.899114112,carbonZ_2018-10-05-14-37-22_3_left_aileron_failure,aileron,9.9299993515,396.849639893,12.1232643127,134,-20.2530040741,0.738173425198,111.367599487,-2.88098287582,15.2358036041,1.12959718704,1
1538768617768973159,73.9946064,carbonZ_2018-10-05-14-37-22_3_left_aileron_failure,aileron,10.0399999619,396.849639893,11.1957960129,132,-20.2530040741,0.738173425198,111.367599487,-2.57750248909,15.3537187576,1.11130917072,1
1538768617788506375,74.014139616,carbonZ_2018-10-05-14-37-22_3_left_aileron_failure,aileron,10.0399999619,396.849639893,11.1957960129,132,-25.15858078,1.33089411259,105.767204285,-2.35612559319,15.4340705872,1.09637451172,1
1538768617842894503,74.068527744,carbonZ_2018-10-05-14-37-22_3_left_aileron_failure,aileron,10.1599998474,374.235443115,12.3684892654,131,-25.15858078,1.33089411259,105.767204285,-2.13336634636,15.5107383728,1.08855593204,1
1538768617870342823,74.095976064,carbonZ_2018-10-05-14-37-22_3_left_aileron_failure,aileron,10.1599998474,374.235443115,12.3684892654,131,-25.15858078,1.33089411259,105.767204285,-1.91650593281,15.5812177658,1.08200895786,1
1538768617992853799,74.21848704,carbonZ_2018-10-05-14-37-22_3_left_aileron_failure,aileron,10.2699995041,374.235443115,11.4061765671,129,-25.15858078,1.33089411259,105.767204285,-1.21989512444,15.7817354202,1.07687306404,1
1538768618080598343,74.306231584,carbonZ_2018-10-05-14-37-22_3_left_aileron_failure,aileron,10.3800001144,356.043518066,11.8798618317,128,-25.15858078,1.33089411259,105.767204285,-0.717691719532,15.8995676041,1.07445311546,1
1538768618103862375,74.329495616,carbonZ_2018-10-05-14-37-22_3_left_aileron_failure,aileron,10.3800001144,356.043518066,11.8798618317,128,-25.15858078,1.33089411259,105.767204285,-0.464953929186,15.9527072906,1.0633045435,1
1538768618159671143,74.385304384,carbonZ_2018-10-05-14-37-22_3_left_aileron_failure,aileron,10.5,357.043548584,10.8902349472,126,-25.15858078,1.33089411259,105.767204285,0.0817140415311,16.052652359,1.0380449295,1
1538768618228173895,74.453807136,carbonZ_2018-10-05-14-37-22_3_left_aileron_failure,aileron,10.5,357.043548584,10.8902349472,126,-30.2642307281,2.7372982502,96.1769332886,0.35831451416,16.0941257477,1.02651154995,1
1538768618236174407,74.461807648,carbonZ_2018-10-05-14-37-22_3_left_aileron_failure,aileron,10.6099996567,332.585327148,12.1165103912,125,-30.2642307281,2.7372982502,96.1769332886,0.35831451416,16.0941257477,1.02651154995,1
1538768618305674663,74.531307904,carbonZ_2018-10-05-14-37-22_3_left_aileron_failure,aileron,10.6099996567,332.585327148,12.1165103912,125,-30.2642307281,2.7372982502,96.1769332886,0.909655034542,16.1629962921,1.00228476524,1
1538768618348149511,74.573782752,carbonZ_2018-10-05-14-37-22_3_left_aileron_failure,aileron,10.7100000381,332.585327148,11.0874929428,123,-30.2642307281,2.7372982502,96.1769332886,1.19999361038,16.1907138824,0.978485882282,1
1538768618399210535,74.624843776,carbonZ_2018-10-05-14-37-22_3_left_aileron_failure,aileron,10.7100000381,332.585327148,11.0874929428,123,-30.2642307281,2.7372982502,96.1769332886,1.66932010651,16.2276821136,0.936400949955,1
1538768618461357767,74.686991008,carbonZ_2018-10-05-14-37-22_3_left_aileron_failure,aileron,10.8099994659,299.429046631,10.1092681885,122,-30.2642307281,2.7372982502,96.1769332886,2.10669112206,16.2462882996,0.902104973793,1
1538768618520176295,74.745809536,carbonZ_2018-10-05-14-37-22_3_left_aileron_failure,aileron,10.8099994659,299.429046631,10.1092681885,122,-30.2642307281,2.7372982502,96.1769332886,2.39832186699,16.2529125214,0.880769789219,1
1538768618560431431,74.786064672,carbonZ_2018-10-05-14-37-22_3_left_aileron_failure,aileron,10.9099998474,299.429046631,10.5531768799,121,-30.2642307281,2.7372982502,96.1769332886,2.71765327454,16.2509059906,0.86478292942,1
1538768618608525479,74.83415872,carbonZ_2018-10-05-14-37-22_3_left_aileron_failure,aileron,10.9099998474,299.429046631,10.5531768799,121,-34.6460571289,4.54645347595,87.4181289673,3.18716168404,16.2393569946,0.844325125217,1
1538768618642424615,74.868057856,carbonZ_2018-10-05-14-37-22_3_left_aileron_failure,aileron,11.0,276.193603516,9.61017513275,119,-34.6460571289,4.54645347595,87.4181289673,3.50536727905,16.2294712067,0.834927856922,1
1538768618711243399,74.93687664,carbonZ_2018-10-05-14-37-22_3_left_aileron_failure,aileron,11.0,276.193603516,9.61017513275,119,-34.6460571289,4.54645347595,87.4181289673,3.96929955482,16.1932067871,0.838928639889,1
1538768618760280423,74.985913664,carbonZ_2018-10-05-14-37-22_3_left_aileron_failure,aileron,11.0900001526,276.193603516,11.5714244843,118,-34.6460571289,4.54645347595,87.4181289673,4.61433506012,16.1295528412,0.834093153477,1
1538768618802151367,75.027784608,carbonZ_2018-10-05-14-37-22_3_left_aileron_failure,aileron,11.0900001526,276.193603516,11.5714244843,118,-34.6460571289,4.54645347595,87.4181289673,4.77412652969,16.115436554,0.837635993958,1
1538768618851811911,75.077445152,carbonZ_2018-10-05-14-37-22_3_left_aileron_failure,aileron,11.1799993515,227.582458496,10.5470123291,117,-34.6460571289,4.54645347595,87.4181289673,5.1207113266,16.061964035,0.840991437435,1
1538768618915145191,75.140778432,carbonZ_2018-10-05-14-37-22_3_left_aileron_failure,aileron,11.1799993515,227.582458496,10.5470123291,117,-34.6460571289,4.54645347595,87.4181289673,5.64301919937,15.978310585,0.812267899513,1
1538768619016205831,75.241839072,carbonZ_2018-10-05-14-37-22_3_left_aileron_failure,aileron,11.279999733,227.582458496,9.55368900299,115,-37.2858772278,5.63226985931,77.0615615845,6.50469207764,15.8063898087,0.818880200386,1
1538768619050158631,75.275791872,carbonZ_2018-10-05-14-37-22_3_left_aileron_failure,aileron,11.3800001144,189.273742676,10.8160533905,114,-37.2858772278,5.63226985931,77.0615615845,6.83869075775,15.7290973663,0.838155388832,1
1538768619089566663,75.315199904,carbonZ_2018-10-05-14-37-22_3_left_aileron_failure,aileron,11.3800001144,189.273742676,10.8160533905,114,-37.2858772278,5.63226985931,77.0615615845,7.16442871094,15.6423139572,0.833036005497,1
1538768619119391911,75.345025152,carbonZ_2018-10-05-14-37-22_3_left_aileron_failure,aileron,11.3800001144,189.273742676,10.8160533905,114,-37.2858772278,5.63226985931,77.0615615845,7.49742937088,15.5531158447,0.840215921402,1
1538768619178264711,75.403897952,carbonZ_2018-10-05-14-37-22_3_left_aileron_failure,aileron,11.4799995422,189.273742676,9.79373168945,113,-37.2858772278,5.63226985931,77.0615615845,7.8215379715,15.4564237595,0.850845396519,1
1538768619207876263,75.433509504,carbonZ_2018-10-05-14-37-22_3_left_aileron_failure,aileron,11.4799995422,189.273742676,9.79373168945,113,-39.4540786743,6.70430469513,69.4928970337,8.15659141541,15.359087944,0.863719463348,1
1538768619264247495,75.489880736,carbonZ_2018-10-05-14-37-22_3_left_aileron_failure,aileron,11.5900001526,136.166473389,11.1029977798,112,-39.4540786743,6.70430469513,69.4928970337,8.63103199005,15.1936187744,0.874390602112,1
1538768619350152839,75.57578608,carbonZ_2018-10-05-14-37-22_3_left_aileron_failure,aileron,11.6999998093,136.166473389,10.0526924133,111,-39.4540786743,6.70430469513,69.4928970337,9.25845050812,14.9524793625,0.886995792389,1
1538768619404710407,75.630343648,carbonZ_2018-10-05-14-37-22_3_left_aileron_failure,aileron,11.6999998093,136.166473389,10.0526924133,111,-39.4540786743,6.70430469513,69.4928970337,9.74727249146,14.7374010086,0.880996644497,1
1538768619445217223,75.670850464,carbonZ_2018-10-05-14-37-22_3_left_aileron_failure,aileron,11.8099994659,82.9379119873,9.08296775818,111,-39.4540786743,6.70430469513,69.4928970337,10.064699173,14.5785045624,0.862863123417,1
1538768619509133767,75.734767008,carbonZ_2018-10-05-14-37-22_3_left_aileron_failure,aileron,11.8099994659,82.9379119873,9.08296775818,111,-39.4540786743,6.70430469513,69.4928970337,10.7265024185,14.2272033691,0.796078026295,1
1538768619565005671,75.790638912,carbonZ_2018-10-05-14-37-22_3_left_aileron_failure,aileron,11.9299993515,82.9379119873,10.3265686035,110,-39.4540786743,6.70430469513,69.4928970337,11.2204360962,13.9425058365,0.753230571747,1
1538768619623289575,75.848922816,carbonZ_2018-10-05-14-37-22_3_left_aileron_failure,aileron,11.9299993515,82.9379119873,10.3265686035,110,-39.4540786743,6.70430469513,69.4928970337,11.3914089203,13.8412590027,0.743452012539,1
1538768619643112071,75.868745312,carbonZ_2018-10-05-14-37-22_3_left_aileron_failure,aileron,12.0399999619,41.2178993225,9.358710289,109,-41.0262336731,7.15886545181,55.5457992554,11.7193098068,13.6252937317,0.693298876286,1
1538768619727649927,75.953283168,carbonZ_2018-10-05-14-37-22_3_left_aileron_failure,aileron,12.1399993896,41.2178993225,9.84329986572,109,-41.0262336731,7.15886545181,55.5457992554,12.6285476685,12.9650993347,0.451391279697,1
1538768619773673287,75.999306528,carbonZ_2018-10-05-14-37-22_3_left_aileron_failure,aileron,12.1399993896,41.2178993225,9.84329986572,109,-41.0262336731,7.15886545181,55.5457992554,12.6285476685,12.9650993347,0.451391279697,1
1538768619808939975,76.034573216,carbonZ_2018-10-05-14-37-22_3_left_aileron_failure,aileron,12.1399993896,41.2178993225,9.84329986572,109,-41.0262336731,7.15886545181,55.5457992554,13.1957607269,12.5120534897,0.221609026194,1
1538768619855857671,76.081490912,carbonZ_2018-10-05-14-37-22_3_left_aileron_failure,aileron,12.2100000381,-1.27506256104,8.90561103821,109,-41.0262336731,7.15886545181,55.5457992554,13.5813913345,12.1827039719,0.0536522306502,1
1538768619911275751,76.136908992,carbonZ_2018-10-05-14-37-22_3_left_aileron_failure,aileron,12.2100000381,-1.27506256104,8.90561103821,109,-40.836555481,7.56207799911,46.251750946,14.1308526993,11.6706705093,-0.220249071717,1
1538768619950998055,76.176631296,carbonZ_2018-10-05-14-37-22_3_left_aileron_failure,aileron,12.2299995422,-1.27506256104,9.89671134949,109,-40.836555481,7.56207799911,46.251750946,14.4812250137,11.3229694366,-0.373313754797,1
1538768620038907335,76.264540576,carbonZ_2018-10-05-14-37-22_3_left_aileron_failure,aileron,12.2199993134,-54.697227478,9.02917289734,109,-40.836555481,7.56207799911,46.251750946,15.4344816208,10.2636117935,-0.760721087456,1
1538768620115810535,76.341443776,carbonZ_2018-10-05-14-37-22_3_left_aileron_failure,aileron,12.2199993134,-54.697227478,9.02917289734,109,-40.836555481,7.56207799911,46.251750946,15.7336568832,9.8809709549,-0.865064680576,1
1538768620182404999,76.40803824,carbonZ_2018-10-05-14-37-22_3_left_aileron_failure,aileron,12.1700000763,-54.697227478,8.25301265717,109,-40.836555481,7.56207799911,46.251750946,16.181634903,9.2830991745,-1.03399789333,1
1538768620212461095,76.438094336,carbonZ_2018-10-05-14-37-22_3_left_aileron_failure,aileron,12.1700000763,-54.697227478,8.25301265717,109,-40.836555481,7.56207799911,46.251750946,16.4651565552,8.86814880371,-1.11454200745,1
1538768620235876327,76.461509568,carbonZ_2018-10-05-14-37-22_3_left_aileron_failure,aileron,12.1700000763,-54.697227478,8.25301265717,109,-43.7287902832,7.64184951782,31.1289482117,16.6017570496,8.66982650757,-1.15791511536,1
1538768620264893991,76.490527232,carbonZ_2018-10-05-14-37-22_3_left_aileron_failure,aileron,12.0900001526,-100.535583496,9.27183818817,109,-43.7287902832,7.64184951782,31.1289482117,16.8614349365,8.25463199615,-1.22130334377,1
1538768620325800327,76.551433568,carbonZ_2018-10-05-14-37-22_3_left_aileron_failure,aileron,12.0900001526,-100.535583496,9.27183818817,109,-43.7287902832,7.64184951782,31.1289482117,17.2099952698,7.66946363449,-1.26915955544,1
1538768620368963783,76.594597024,carbonZ_2018-10-05-14-37-22_3_left_aileron_failure,aileron,12.0,-100.535583496,8.57332420349,109,-43.7287902832,7.64184951782,31.1289482117,17.4213409424,7.29563236237,-1.2539935112,1
1538768620445216423,76.670849664,carbonZ_2018-10-05-14-37-22_3_left_aileron_failure,aileron,11.9099998474,-153.45324707,8.71586894989,110,-43.7287902832,7.64184951782,31.1289482117,17.8424987793,6.47073745728,-1.25770270824,1
1538768620496575655,76.722208896,carbonZ_2018-10-05-14-37-22_3_left_aileron_failure,aileron,11.9099998474,-153.45324707,8.71586894989,110,-43.7287902832,7.64184951782,31.1289482117,17.933631897,6.28504133224,-1.27381050587,1
1538768620551708807,76.777342048,carbonZ_2018-10-05-14-37-22_3_left_aileron_failure,aileron,11.8199996948,-153.45324707,8.16857433319,111,-43.7287902832,7.64184951782,31.1289482117,18.2661705017,5.52272462845,-1.29562735558,1
1538768620588732743,76.814365984,carbonZ_2018-10-05-14-37-22_3_left_aileron_failure,aileron,11.8199996948,-153.45324707,8.16857433319,111,-43.7287902832,7.64184951782,31.1289482117,18.4111766815,5.15510320663,-1.31714236736,1
1538768620633010663,76.858643904,carbonZ_2018-10-05-14-37-22_3_left_aileron_failure,aileron,11.7199993134,-226.42364502,7.70731782913,112,-43.3093032837,8.86405658722,17.5507965088,18.5485134125,4.79422092438,-1.33994317055,1
1538768620686176039,76.91180928,carbonZ_2018-10-05-14-37-22_3_left_aileron_failure,aileron,11.7199993134,-226.42364502,7.70731782913,112,-43.3093032837,8.86405658722,17.5507965088,18.7262001038,4.27545022964,-1.39493131638,1
1538768620758847399,76.98448064,carbonZ_2018-10-05-14-37-22_3_left_aileron_failure,aileron,11.6300001144,-226.42364502,7.64611530304,113,-43.3093032837,8.86405658722,17.5507965088,18.871301651,3.76082277298,-1.44290328026,1
1538768620769327143,76.994960384,carbonZ_2018-10-05-14-37-22_3_left_aileron_failure,aileron,11.6300001144,-226.42364502,7.64611530304,113,-43.3093032837,8.86405658722,17.5507965088,18.9185962677,3.58507347107,-1.47231376171,1
1538768620834843655,77.060476896,carbonZ_2018-10-05-14-37-22_3_left_aileron_failure,aileron,11.6300001144,-226.42364502,7.64611530304,113,-43.3093032837,8.86405658722,17.5507965088,19.0250339508,3.09259295464,-1.55777597427,1
1538768620881830951,77.107464192,carbonZ_2018-10-05-14-37-22_3_left_aileron_failure,aileron,11.5199995041,-256.444549561,7.32394742966,114,-43.3093032837,8.86405658722,17.5507965088,19.1053295135,2.63400769234,-1.63705039024,1
1538768620951556231,77.177189472,carbonZ_2018-10-05-14-37-22_3_left_aileron_failure,aileron,11.3999996185,-256.444549561,7.16830396652,115,-43.3093032837,8.86405658722,17.5507965088,19.1622257233,2.20012021065,-1.69691359997,1
1538768620985509831,77.211143072,carbonZ_2018-10-05-14-37-22_3_left_aileron_failure,aileron,11.3999996185,-256.444549561,7.16830396652,115,-43.3093032837,8.86405658722,17.5507965088,19.1900157928,1.90889465809,-1.7516644001,1
1538768621038554215,77.264187456,carbonZ_2018-10-05-14-37-22_3_left_aileron_failure,aileron,11.3999996185,-256.444549561,7.16830396652,115,-43.3093032837,8.86405658722,17.5507965088,19.2123355865,1.619810462,-1.82849800587,1
1538768621077286791,77.302920032,carbonZ_2018-10-05-14-37-22_3_left_aileron_failure,aileron,11.2599992752,-298.134216309,6.97388029099,116,-43.3093032837,8.86405658722,17.5507965088,19.2155399323,1.3349725008,-1.89711177349,1
1538768621124689223,77.350322464,carbonZ_2018-10-05-14-37-22_3_left_aileron_failure,aileron,11.2599992752,-298.134216309,6.97388029099,116,-30.9354019165,8.30414104462,2.93194198608,19.2192134857,0.952340483665,-1.96933078766,1
1538768621193015399,77.41864864,carbonZ_2018-10-05-14-37-22_3_left_aileron_failure,aileron,11.0999994278,-298.134216309,6.8555355072,117,-30.9354019165,8.30414104462,2.93194198608,19.1967601776,0.579941511154,-2.05893993378,1
1538768621216762663,77.442395904,carbonZ_2018-10-05-14-37-22_3_left_aileron_failure,aileron,11.0999994278,-298.134216309,6.8555355072,117,-30.9354019165,8.30414104462,2.93194198608,19.1747951508,0.332183390856,-2.1008272171,1
1538768621282137671,77.507770912,carbonZ_2018-10-05-14-37-22_3_left_aileron_failure,aileron,10.9099998474,-314.973083496,6.77945280075,119,-30.9354019165,8.30414104462,2.93194198608,19.1405735016,0.0816803202033,-2.17723035812,1
1538768621323971079,77.54960432,carbonZ_2018-10-05-14-37-22_3_left_aileron_failure,aileron,10.9099998474,-314.973083496,6.77945280075,119,-30.9354019165,8.30414104462,2.93194198608,19.0927047729,-0.268693715334,-2.26030755043,1
1538768621415096583,77.640729824,carbonZ_2018-10-05-14-37-22_3_left_aileron_failure,aileron,10.7100000381,-314.973083496,6.76254653931,120,-30.9354019165,8.30414104462,2.93194198608,19.0005626678,-0.702810525894,-2.34767866135,1
1538768621448119527,77.673752768,carbonZ_2018-10-05-14-37-22_3_left_aileron_failure,aileron,10.4799995422,-322.533416748,6.8048081398,122,-25.0034561157,8.1239938736,-5.49949216843,18.9731502533,-0.824778020382,-2.38671064377,1
1538768621487080551,77.712713792,carbonZ_2018-10-05-14-37-22_3_left_aileron_failure,aileron,10.4799995422,-322.533416748,6.8048081398,122,-25.0034561157,8.1239938736,-5.49949216843,18.8943157196,-1.12970876694,-2.51045703888,1
1538768621557924135,77.783557376,carbonZ_2018-10-05-14-37-22_3_left_aileron_failure,aileron,10.2399997711,-322.533416748,6.897793293,123,-25.0034561157,8.1239938736,-5.49949216843,18.8067989349,-1.41451537609,-2.63230609894,1
1538768621587941447,77.813574688,carbonZ_2018-10-05-14-37-22_3_left_aileron_failure,aileron,10.2399997711,-322.533416748,6.897793293,123,-25.0034561157,8.1239938736,-5.49949216843,18.7375545502,-1.59803378582,-2.71416664124,1
1538768621640437095,77.866070336,carbonZ_2018-10-05-14-37-22_3_left_aileron_failure,aileron,9.96999931335,-319.709777832,7.02459049225,125,-25.0034561157,8.1239938736,-5.49949216843,18.6412086487,-1.82229733467,-2.77061486244,1
1538768621690898439,77.91653168,carbonZ_2018-10-05-14-37-22_3_left_aileron_failure,aileron,9.96999931335,-319.709777832,7.02459049225,125,-25.0034561157,8.1239938736,-5.49949216843,18.5752029419,-1.95755636692,-2.79423189163,1
1538768621774764583,78.000397824,carbonZ_2018-10-05-14-37-22_3_left_aileron_failure,aileron,9.6799993515,-319.709777832,7.20210123062,126,-25.0034561157,8.1239938736,-5.49949216843,18.4436626434,-2.1728079319,-2.86942434311,1
1538768621822806919,78.04844016,carbonZ_2018-10-05-14-37-22_3_left_aileron_failure,aileron,9.6799993515,-319.709777832,7.20210123062,126,-10.5511980057,9.38021564484,-9.13571453094,18.353603363,-2.2814810276,-2.90096282959,1
1538768621886356999,78.11199024,carbonZ_2018-10-05-14-37-22_3_left_aileron_failure,aileron,9.36999988556,-314.032348633,7.37961769104,128,-10.5511980057,9.38021564484,-9.13571453094,18.2666778564,-2.36296701431,-2.9111123085,1
1538768621932541735,78.158174976,carbonZ_2018-10-05-14-37-22_3_left_aileron_failure,aileron,9.36999988556,-314.032348633,7.37961769104,128,-10.5511980057,9.38021564484,-9.13571453094,18.2065486908,-2.4129986763,-2.94539499283,1
1538768621964493863,78.190127104,carbonZ_2018-10-05-14-37-22_3_left_aileron_failure,aileron,9.05999946594,-314.032348633,7.59094238281,129,-10.5511980057,9.38021564484,-9.13571453094,18.1541614532,-2.44762468338,-2.95983147621,1
1538768622065034599,78.29066784,carbonZ_2018-10-05-14-37-22_3_left_aileron_failure,aileron,8.73999977112,-296.38079834,7.78536462784,131,-10.5511980057,9.38021564484,-9.13571453094,18.0283603668,-2.5001847744,-2.95431208611,1
1538768622124989863,78.350623104,carbonZ_2018-10-05-14-37-22_3_left_aileron_failure,aileron,8.73999977112,-296.38079834,7.78536462784,131,-10.5511980057,9.38021564484,-9.13571453094,17.960018158,-2.51003789902,-2.92637848854,1
1538768622188945831,78.414579072,carbonZ_2018-10-05-14-37-22_3_left_aileron_failure,aileron,8.42000007629,-296.38079834,7.99669408798,132,-0.852836668491,8.61725902557,-7.56949806213,17.896188736,-2.48967599869,-2.88800525665,1
1538768622220123559,78.4457568,carbonZ_2018-10-05-14-37-22_3_left_aileron_failure,aileron,8.0999994278,-278.664794922,8.1826581955,134,-0.852836668491,8.61725902557,-7.56949806213,17.8583774567,-2.4669315815,-2.85773491859,1
1538768622261994375,78.487627616,carbonZ_2018-10-05-14-37-22_3_left_aileron_failure,aileron,8.0999994278,-278.664794922,8.1826581955,134,-0.852836668491,8.61725902557,-7.56949806213,17.8219223022,-2.44697642326,-2.80487132072,1
1538768622317677959,78.5433112,carbonZ_2018-10-05-14-37-22_3_left_aileron_failure,aileron,8.0999994278,-278.664794922,8.1826581955,134,-0.852836668491,8.61725902557,-7.56949806213,17.7907333374,-2.42267537117,-2.71703767776,1
1538768622370585799,78.59621904,carbonZ_2018-10-05-14-37-22_3_left_aileron_failure,aileron,7.7999997139,-278.664794922,8.36862754822,135,-0.852836668491,8.61725902557,-7.56949806213,17.7590007782,-2.36506080627,-2.51471829414,1
1538768622419293671,78.644926912,carbonZ_2018-10-05-14-37-22_3_left_aileron_failure,aileron,7.7999997139,-278.664794922,8.36862754822,135,-0.852836668491,8.61725902557,-7.56949806213,17.729511261,-2.30074286461,-2.32005524635,1
1538768622459504263,78.685137504,carbonZ_2018-10-05-14-37-22_3_left_aileron_failure,aileron,7.51999998093,-258.203491211,8.53768730164,137,-0.852836668491,8.61725902557,-7.56949806213,17.710729599,-2.24845480919,-2.19953775406,1
1538768622524753543,78.750386784,carbonZ_2018-10-05-14-37-22_3_left_aileron_failure,aileron,7.51999998093,-258.203491211,8.53768730164,137,-0.852836668491,8.61725902557,-7.56949806213,17.6868362427,-2.16573786736,-2.00160813332,1
1538768622589795239,78.81542848,carbonZ_2018-10-05-14-37-22_3_left_aileron_failure,aileron,7.27999973297,-258.203491211,8.69829750061,138,8.51598453522,5.48967313766,-7.15792942047,17.6620845795,-2.01947307587,-1.75221717358,1
1538768622640979559,78.8666128,carbonZ_2018-10-05-14-37-22_3_left_aileron_failure,aileron,7.27999973297,-258.203491211,8.69829750061,138,8.51598453522,5.48967313766,-7.15792942047,17.6558876038,-1.98014855385,-1.68854129314,1
1538768622668611783,78.894245024,carbonZ_2018-10-05-14-37-22_3_left_aileron_failure,aileron,7.06999969482,-244.077301025,8.83354187012,140,8.51598453522,5.48967313766,-7.15792942047,17.6391735077,-1.8778847456,-1.51535749435,1
1538768622754338855,78.979972096,carbonZ_2018-10-05-14-37-22_3_left_aileron_failure,aileron,6.89999961853,-244.077301025,8.9603395462,141,8.51598453522,5.48967313766,-7.15792942047,17.6210212708,-1.75650978088,-1.38053441048,1
1538768622768624007,78.994257248,carbonZ_2018-10-05-14-37-22_3_left_aileron_failure,aileron,6.89999961853,-244.077301025,8.9603395462,141,8.51598453522,5.48967313766,-7.15792942047,17.6176948547,-1.7128200531,-1.35024952888,1
1538768622817118855,79.042752096,carbonZ_2018-10-05-14-37-22_3_left_aileron_failure,aileron,6.89999961853,-244.077301025,8.9603395462,141,8.51598453522,5.48967313766,-7.15792942047,17.6032524109,-1.53207194805,-1.25584888458,1
1538768622861776679,79.08740992,carbonZ_2018-10-05-14-37-22_3_left_aileron_failure,aileron,6.75,-232.764053345,9.05332374573,143,8.51598453522,5.48967313766,-7.15792942047,17.5985221863,-1.4911699295,-1.25051867962,1
1538768622931124775,79.156758016,carbonZ_2018-10-05-14-37-22_3_left_aileron_failure,aileron,6.75,-232.764053345,9.05332374573,143,8.51598453522,5.48967313766,-7.15792942047,17.5904541016,-1.36199676991,-1.22016716003,1
1538768622964903943,79.190537184,carbonZ_2018-10-05-14-37-22_3_left_aileron_failure,aileron,6.59999990463,-232.764053345,9.14630508423,144,13.7796096802,3.078551054,-9.27992153168,17.5866966248,-1.24022769928,-1.16572570801,1
1538768623021992359,79.2476256,carbonZ_2018-10-05-14-37-22_3_left_aileron_failure,aileron,6.59999990463,-232.764053345,9.14630508423,144,13.7796096802,3.078551054,-9.27992153168,17.5821876526,-1.16533315182,-1.13678967953,1
1538768623060636583,79.286269824,carbonZ_2018-10-05-14-37-22_3_left_aileron_failure,aileron,6.46000003815,-217.96836853,9.1970243454,146,13.7796096802,3.078551054,-9.27992153168,17.5792980194,-1.09073770046,-1.10725474358,1
1538768623127449863,79.353083104,carbonZ_2018-10-05-14-37-22_3_left_aileron_failure,aileron,6.46000003815,-217.96836853,9.1970243454,146,13.7796096802,3.078551054,-9.27992153168,17.574256897,-0.94579988718,-1.01027143002,1
1538768623168089095,79.393722336,carbonZ_2018-10-05-14-37-22_3_left_aileron_failure,aileron,6.32999992371,-217.96836853,9.24773693085,147,13.7796096802,3.078551054,-9.27992153168,17.5767593384,-0.907508969307,-0.986512184143,1
1538768623206438503,79.432071744,carbonZ_2018-10-05-14-37-22_3_left_aileron_failure,aileron,6.32999992371,-217.96836853,9.24773693085,147,13.7796096802,3.078551054,-9.27992153168,17.5734920502,-0.829917371273,-0.936035215855,1
1538768623243562695,79.469195936,carbonZ_2018-10-05-14-37-22_3_left_aileron_failure,aileron,6.21000003815,-206.174087524,9.27309608459,149,13.7796096802,3.078551054,-9.27992153168,17.5726490021,-0.721241354942,-0.871263086796,1
1538768623323396103,79.549029344,carbonZ_2018-10-05-14-37-22_3_left_aileron_failure,aileron,6.21000003815,-206.174087524,9.27309608459,149,13.7796096802,3.078551054,-9.27992153168,17.5775489807,-0.650983929634,-0.824916481972,1
1538768623358955111,79.584588352,carbonZ_2018-10-05-14-37-22_3_left_aileron_failure,aileron,6.09999990463,-206.174087524,9.2899980545,150,14.9232339859,0.698107540607,-9.07275867462,17.5837268829,-0.574341475964,-0.773393511772,1
1538768623401240967,79.626874208,carbonZ_2018-10-05-14-37-22_3_left_aileron_failure,aileron,6.09999990463,-206.174087524,9.2899980545,150,14.9232339859,0.698107540607,-9.07275867462,17.5966320038,-0.46323376894,-0.662220656872,1
1538768623448530023,79.674163264,carbonZ_2018-10-05-14-37-22_3_left_aileron_failure,aileron,6.00999975204,-203.952026367,9.2899980545,152,14.9232339859,0.698107540607,-9.07275867462,17.6014232635,-0.393081754446,-0.578005075455,1
1538768623523233383,79.748866624,carbonZ_2018-10-05-14-37-22_3_left_aileron_failure,aileron,6.00999975204,-203.952026367,9.2899980545,152,14.9232339859,0.698107540607,-9.07275867462,17.6216964722,-0.258749634027,-0.363066017628,1
1538768623565149255,79.790782496,carbonZ_2018-10-05-14-37-22_3_left_aileron_failure,aileron,5.92999982834,-203.952026367,9.28154468536,153,14.9232339859,0.698107540607,-9.07275867462,17.6337089539,-0.187172174454,-0.242224812508,1
1538768623628424711,79.854057952,carbonZ_2018-10-05-14-37-22_3_left_aileron_failure,aileron,5.92999982834,-203.952026367,9.28154468536,153,14.9232339859,0.698107540607,-9.07275867462,17.6548194885,-0.0801077634096,-0.0742856413126,1
1538768623633891431,79.859524672,carbonZ_2018-10-05-14-37-22_3_left_aileron_failure,aileron,5.8799996376,-193.354797363,9.25618076324,154,14.9232339859,0.698107540607,-9.07275867462,17.662935257,-0.0416767708957,-0.0290688108653,1
1538768623717899623,79.943532864,carbonZ_2018-10-05-14-37-22_3_left_aileron_failure,aileron,5.8799996376,-193.354797363,9.25618076324,154,15.7060289383,-2.59726524353,-6.24003171921,17.6887454987,0.0660452917218,0.152639716864,1
1538768623763123303,79.988756544,carbonZ_2018-10-05-14-37-22_3_left_aileron_failure,aileron,5.86999988556,-193.354797363,9.22236728668,156,15.7060289383,-2.59726524353,-6.24003171921,17.7120494843,0.182049810886,0.36316794157,1
1538768623812571271,80.038204512,carbonZ_2018-10-05-14-37-22_3_left_aileron_failure,aileron,5.86999988556,-193.354797363,9.22236728668,156,15.7060289383,-2.59726524353,-6.24003171921,17.7346839905,0.254576325417,0.503385066986,1
1538768623838313287,80.063946528,carbonZ_2018-10-05-14-37-22_3_left_aileron_failure,aileron,5.88999986649,-187.171554565,9.17499923706,157,15.7060289383,-2.59726524353,-6.24003171921,17.7435379028,0.291903704405,0.575929045677,1
1538768623911243399,80.13687664,carbonZ_2018-10-05-14-37-22_3_left_aileron_failure,aileron,5.88999986649,-187.171554565,9.17499923706,157,15.7060289383,-2.59726524353,-6.24003171921,17.7927074432,0.451171308756,0.775558948517,1
1538768623957289095,80.182922336,carbonZ_2018-10-05-14-37-22_3_left_aileron_failure,aileron,5.94000005722,-187.171554565,9.1071395874,159,15.7060289383,-2.59726524353,-6.24003171921,17.8184394836,0.536340415478,0.862212121487,1
1538768624000440679,80.22607392,carbonZ_2018-10-05-14-37-22_3_left_aileron_failure,aileron,5.94000005722,-187.171554565,9.1071395874,159,18.2843456268,-4.24290132523,-5.36675357819,17.8652839661,0.680127620697,0.95163410902,1
1538768624058684455,80.284317696,carbonZ_2018-10-05-14-37-22_3_left_aileron_failure,aileron,6.01999998093,-187.232971191,9.02237129211,160,18.2843456268,-4.24290132523,-5.36675357819,17.8962020874,0.780071139336,0.995972037315,1
1538768624110025895,80.335659136,carbonZ_2018-10-05-14-37-22_3_left_aileron_failure,aileron,6.01999998093,-187.232971191,9.02237129211,160,18.2843456268,-4.24290132523,-5.36675357819,17.8962020874,0.780071139336,0.995972037315,1
1538768624254664071,80.480297312,carbonZ_2018-10-05-14-37-22_3_left_aileron_failure,aileron,6.19999980927,-199.593536377,8.86710834503,163,18.2843456268,-4.24290132523,-5.36675357819,18.0840854645,1.35834205151,1.19293534756,1
1538768624324334055,80.549967296,carbonZ_2018-10-05-14-37-22_3_left_aileron_failure,aileron,6.19999980927,-199.593536377,8.86710834503,163,18.3141384125,-4.77406835556,-5.15262651443,18.1157093048,1.43630552292,1.24366688728,1
1538768624362148743,80.587781984,carbonZ_2018-10-05-14-37-22_3_left_aileron_failure,aileron,6.2999997139,-199.593536377,8.70691490173,165,18.3141384125,-4.77406835556,-5.15262651443,18.1260318756,1.47573471069,1.26314949989,1
1538768624398986567,80.624619808,carbonZ_2018-10-05-14-37-22_3_left_aileron_failure,aileron,6.2999997139,-199.593536377,8.70691490173,165,18.3141384125,-4.77406835556,-5.15262651443,18.1766834259,1.60503399372,1.28381276131,1
1538768624454612551,80.680245792,carbonZ_2018-10-05-14-37-22_3_left_aileron_failure,aileron,6.39999961853,-211.540405273,9.13664913177,166,18.3141384125,-4.77406835556,-5.15262651443,18.2105026245,1.68832170963,1.28269088268,1
1538768624520836807,80.746470048,carbonZ_2018-10-05-14-37-22_3_left_aileron_failure,aileron,6.39999961853,-211.540405273,9.13664913177,166,18.3141384125,-4.77406835556,-5.15262651443,18.2617340088,1.80564546585,1.3056858778,1
1538768624552075783,80.777709024,carbonZ_2018-10-05-14-37-22_3_left_aileron_failure,aileron,6.50999975204,-211.540405273,8.89388465881,168,18.3141384125,-4.77406835556,-5.15262651443,18.2939128876,1.87949776649,1.33044242859,1
1538768624595690919,80.82132416,carbonZ_2018-10-05-14-37-22_3_left_aileron_failure,aileron,6.50999975204,-211.540405273,8.89388465881,168,16.1694965363,-5.7337474823,-3.82837915421,18.2939128876,1.87949776649,1.33044242859,1
1538768624678952423,80.904585664,carbonZ_2018-10-05-14-37-22_3_left_aileron_failure,aileron,6.61999988556,-228.038970947,9.25958061218,169,16.1694965363,-5.7337474823,-3.82837915421,18.4211750031,2.15256047249,1.45202350616,1
1538768624702622439,80.92825568,carbonZ_2018-10-05-14-37-22_3_left_aileron_failure,aileron,6.61999988556,-228.038970947,9.25958061218,169,16.1694965363,-5.7337474823,-3.82837915421,18.4211750031,2.15256047249,1.45202350616,1
1538768624762967943,80.988601184,carbonZ_2018-10-05-14-37-22_3_left_aileron_failure,aileron,6.75,-227.038955688,8.93459796906,171,16.1694965363,-5.7337474823,-3.82837915421,18.4543838501,2.2179889679,1.47348773479,1
1538768624798175719,81.02380896,carbonZ_2018-10-05-14-37-22_3_left_aileron_failure,aileron,6.75,-227.038955688,8.93459796906,171,16.1694965363,-5.7337474823,-3.82837915421,18.5046443939,2.3103415966,1.52298808098,1
1538768624828737767,81.054371008,carbonZ_2018-10-05-14-37-22_3_left_aileron_failure,aileron,6.8799996376,-237.788009644,10.6554336548,172,16.1694965363,-5.7337474823,-3.82837915421,18.5378112793,2.36701583862,1.55071985722,1
1538768624863824647,81.089457888,carbonZ_2018-10-05-14-37-22_3_left_aileron_failure,aileron,6.8799996376,-237.788009644,10.6554336548,172,16.1694965363,-5.7337474823,-3.82837915421,18.5563983917,2.39901733398,1.55306279659,1
1538768624922411751,81.148044992,carbonZ_2018-10-05-14-37-22_3_left_aileron_failure,aileron,6.8799996376,-237.788009644,10.6554336548,172,16.1694965363,-5.7337474823,-3.82837915421,18.6071681976,2.48247408867,1.56761884689,1
1538768624975040455,81.200673696,carbonZ_2018-10-05-14-37-22_3_left_aileron_failure,aileron,7.01999998093,-237.788009644,10.1553239822,174,16.1694965363,-5.7337474823,-3.82837915421,18.6394519806,2.53533744812,1.57423639297,1
1538768625002549063,81.228182304,carbonZ_2018-10-05-14-37-22_3_left_aileron_failure,aileron,7.01999998093,-237.788009644,10.1553239822,174,11.787528038,-6.45423698425,-0.464614927769,18.6684989929,2.59338259697,1.56502592564,1
1538768625063573543,81.289206784,carbonZ_2018-10-05-14-37-22_3_left_aileron_failure,aileron,7.15999984741,-248.582275391,9.64006233215,175,11.787528038,-6.45423698425,-0.464614927769,18.7139587402,2.66931557655,1.56367862225,1
1538768625156724871,81.382358112,carbonZ_2018-10-05-14-37-22_3_left_aileron_failure,aileron,7.2999997139,-248.582275391,10.4257068634,177,11.787528038,-6.45423698425,-0.464614927769,18.7696876526,2.76626682281,1.55966722965,1
1538768625201606183,81.427239424,carbonZ_2018-10-05-14-37-22_3_left_aileron_failure,aileron,7.2999997139,-248.582275391,10.4257068634,177,11.787528038,-6.45423698425,-0.464614927769,18.8158588409,2.84202980995,1.52484643459,1
1538768625237134695,81.462767936,carbonZ_2018-10-05-14-37-22_3_left_aileron_failure,aileron,7.44999980927,-272.558959961,9.7851896286,178,11.787528038,-6.45423698425,-0.464614927769,18.8498725891,2.89771413803,1.52863276005,1
1538768625303452743,81.529085984,carbonZ_2018-10-05-14-37-22_3_left_aileron_failure,aileron,7.44999980927,-272.558959961,9.7851896286,178,11.787528038,-6.45423698425,-0.464614927769,18.8753013611,2.92827343941,1.49152028561,1
1538768625383050503,81.608683744,carbonZ_2018-10-05-14-37-22_3_left_aileron_failure,aileron,7.57999992371,-272.558959961,10.5712156296,180,11.787528038,-6.45423698425,-0.464614927769,18.9262256622,2.97593665123,1.44430923462,1
1538768625420372903,81.646006144,carbonZ_2018-10-05-14-37-22_3_left_aileron_failure,aileron,7.71000003815,-277.217285156,9.8027048111,182,6.44425153732,-5.70297622681,0.686396241188,18.9572677612,3.00138616562,1.40651035309,1
1538768625483516231,81.709149472,carbonZ_2018-10-05-14-37-22_3_left_aileron_failure,aileron,7.71000003815,-277.217285156,9.8027048111,182,6.44425153732,-5.70297622681,0.686396241188,18.9996623993,3.02720475197,1.31793892384,1
1538768625514648583,81.740281824,carbonZ_2018-10-05-14-37-22_3_left_aileron_failure,aileron,7.71000003815,-277.217285156,9.8027048111,182,6.44425153732,-5.70297622681,0.686396241188,18.9996623993,3.02720475197,1.31793892384,1
1538768625554052007,81.779685248,carbonZ_2018-10-05-14-37-22_3_left_aileron_failure,aileron,7.83999967575,-277.217285156,11.2693109512,183,6.44425153732,-5.70297622681,0.686396241188,19.02592659,3.03472709656,1.25812721252,1
1538768625620638983,81.846272224,carbonZ_2018-10-05-14-37-22_3_left_aileron_failure,aileron,7.83999967575,-277.217285156,11.2693109512,183,6.44425153732,-5.70297622681,0.686396241188,19.0752258301,3.03662586212,1.11532616615,1
1538768625695893895,81.921527136,carbonZ_2018-10-05-14-37-22_3_left_aileron_failure,aileron,7.94999980927,-290.19317627,10.3002405167,185,6.44425153732,-5.70297622681,0.686396241188,19.1081562042,3.01830482483,0.996719658375,1
1538768625731432007,81.957065248,carbonZ_2018-10-05-14-37-22_3_left_aileron_failure,aileron,7.94999980927,-290.19317627,10.3002405167,185,6.44425153732,-5.70297622681,0.686396241188,19.1192569733,3.01012372971,0.973301827908,1
1538768625750313703,81.975946944,carbonZ_2018-10-05-14-37-22_3_left_aileron_failure,aileron,8.03999996185,-290.19317627,9.35907840729,186,6.44425153732,-5.70297622681,0.686396241188,19.1405963898,2.98362922668,0.910173475742,1
1538768625808201927,82.033835168,carbonZ_2018-10-05-14-37-22_3_left_aileron_failure,aileron,8.03999996185,-290.19317627,9.35907840729,186,0.031703338027,-4.10504627228,-0.971105515957,19.1701393127,2.91955542564,0.805172383785,1
1538768625864762471,82.090395712,carbonZ_2018-10-05-14-37-22_3_left_aileron_failure,aileron,8.11999988556,-307.277679443,11.32741642,188,0.031703338027,-4.10504627228,-0.971105515957,19.1917362213,2.84714221954,0.711054205894,1
1538768625903887911,82.129521152,carbonZ_2018-10-05-14-37-22_3_left_aileron_failure,aileron,8.11999988556,-307.277679443,11.32741642,188,0.031703338027,-4.10504627228,-0.971105515957,19.2105445862,2.76157450676,0.666647791862,1
1538768625952495783,82.178129024,carbonZ_2018-10-05-14-37-22_3_left_aileron_failure,aileron,8.1799993515,-308.277709961,10.1591291428,190,0.031703338027,-4.10504627228,-0.971105515957,19.2143497467,2.71776938438,0.637962818146,1
1538768626032344807,82.257978048,carbonZ_2018-10-05-14-37-22_3_left_aileron_failure,aileron,8.1799993515,-308.277709961,10.1591291428,190,0.031703338027,-4.10504627228,-0.971105515957,19.2339630127,2.5487203598,0.537648975849,1
1538768626043463783,82.269097024,carbonZ_2018-10-05-14-37-22_3_left_aileron_failure,aileron,8.22999954224,-318.641296387,11.3259840012,191,0.031703338027,-4.10504627228,-0.971105515957,19.2361412048,2.49468755722,0.507855176926,1
1538768626087893895,82.313527136,carbonZ_2018-10-05-14-37-22_3_left_aileron_failure,aileron,8.22999954224,-318.641296387,11.3259840012,191,0.031703338027,-4.10504627228,-0.971105515957,19.244052887,2.38754868507,0.457734286785,1
1538768626155612999,82.38124624,carbonZ_2018-10-05-14-37-22_3_left_aileron_failure,aileron,8.26999950409,-317.641265869,10.0540008545,193,-8.66953754425,-3.09273481369,-3.70589256287,19.2451210022,2.19867062569,0.372774362564,1
1538768626186534311,82.412167552,carbonZ_2018-10-05-14-37-22_3_left_aileron_failure,aileron,8.26999950409,-317.641265869,10.0540008545,193,-8.66953754425,-3.09273481369,-3.70589256287,19.2466335297,2.0575735569,0.319936066866,1
1538768626223966407,82.449599648,carbonZ_2018-10-05-14-37-22_3_left_aileron_failure,aileron,8.26999950409,-317.641265869,10.0540008545,193,-8.66953754425,-3.09273481369,-3.70589256287,19.2417621613,1.90722370148,0.276787519455,1
1538768626259161703,82.484794944,carbonZ_2018-10-05-14-37-22_3_left_aileron_failure,aileron,8.28999996185,-314.159393311,8.8172121048,195,-8.66953754425,-3.09273481369,-3.70589256287,19.2371177673,1.75013029575,0.247394919395,1
1538768626376628455,82.602261696,carbonZ_2018-10-05-14-37-22_3_left_aileron_failure,aileron,8.30999946594,-314.159393311,9.85884284973,196,-8.66953754425,-3.09273481369,-3.70589256287,19.21043396,1.25872707367,0.202613115311,1
1538768626462306023,82.687939264,carbonZ_2018-10-05-14-37-22_3_left_aileron_failure,aileron,8.32999992371,-324.283996582,8.52755260468,198,-8.66953754425,-3.09273481369,-3.70589256287,19.1824932098,0.922842860222,0.250906914473,1
1538768626522090343,82.747723584,carbonZ_2018-10-05-14-37-22_3_left_aileron_failure,aileron,8.32999992371,-324.283996582,8.52755260468,198,-19.8802986145,-2.63267421722,-6.85282373428,19.1578807831,0.682283461094,0.333704143763,1
1538768626613633031,82.839266272,carbonZ_2018-10-05-14-37-22_3_left_aileron_failure,aileron,8.35999965668,-324.283996582,9.62627696991,200,-19.8802986145,-2.63267421722,-6.85282373428,19.1189136505,0.320771276951,0.421533733606,1
1538768626626768711,82.852401952,carbonZ_2018-10-05-14-37-22_3_left_aileron_failure,aileron,8.35999965668,-324.283996582,9.62627696991,200,-19.8802986145,-2.63267421722,-6.85282373428,19.1061515808,0.228686392307,0.440484046936,1
1538768626714082183,82.939715424,carbonZ_2018-10-05-14-37-22_3_left_aileron_failure,aileron,8.39999961853,-325.528900146,8.23795986176,202,-19.8802986145,-2.63267421722,-6.85282373428,19.0605945587,-0.161565467715,0.469494014978,1
1538768626744102951,82.969736192,carbonZ_2018-10-05-14-37-22_3_left_aileron_failure,aileron,8.39999961853,-325.528900146,8.23795986176,202,-19.8802986145,-2.63267421722,-6.85282373428,19.0444087982,-0.262164324522,0.472936540842,1
1538768626775813543,83.001446784,carbonZ_2018-10-05-14-37-22_3_left_aileron_failure,aileron,8.44999980927,-325.528900146,8.48864078522,203,-19.8802986145,-2.63267421722,-6.85282373428,19.0174808502,-0.468176811934,0.50060993433,1
1538768626803724231,83.029357472,carbonZ_2018-10-05-14-37-22_3_left_aileron_failure,aileron,8.44999980927,-325.528900146,8.48864078522,203,-19.8802986145,-2.63267421722,-6.85282373428,18.9724578857,-0.778076827526,0.5382578969,1
1538768626878818023,83.104451264,carbonZ_2018-10-05-14-37-22_3_left_aileron_failure,aileron,8.51999950409,-328.414733887,7.07323122025,205,-25.6520023346,-2.41408586502,-10.7504930496,18.9209403992,-1.08735132217,0.565757632256,1
1538768626949138503,83.174771744,carbonZ_2018-10-05-14-37-22_3_left_aileron_failure,aileron,8.57999992371,-328.414733887,5.72247123718,207,-25.6520023346,-2.41408586502,-10.7504930496,18.8865413666,-1.30677342415,0.568537175655,1
1538768626976874375,83.202507616,carbonZ_2018-10-05-14-37-22_3_left_aileron_failure,aileron,8.57999992371,-328.414733887,5.72247123718,207,-25.6520023346,-2.41408586502,-10.7504930496,18.8429489136,-1.54692482948,0.570046186447,1
1538768627008769191,83.234402432,carbonZ_2018-10-05-14-37-22_3_left_aileron_failure,aileron,8.57999992371,-328.414733887,5.72247123718,207,-25.6520023346,-2.41408586502,-10.7504930496,18.7753200531,-1.89800751209,0.583509743214,1
1538768627039965767,83.265599008,carbonZ_2018-10-05-14-37-22_3_left_aileron_failure,aileron,8.64999961853,-327.711486816,7.67130851746,209,-25.6520023346,-2.41408586502,-10.7504930496,18.7254009247,-2.13870811462,0.605529010296,1
1538768627100100679,83.32573392,carbonZ_2018-10-05-14-37-22_3_left_aileron_failure,aileron,8.64999961853,-327.711486816,7.67130851746,209,-25.6520023346,-2.41408586502,-10.7504930496,18.6728191376,-2.36893463135,0.629713356495,1
1538768627177178759,83.402812,carbonZ_2018-10-05-14-37-22_3_left_aileron_failure,aileron,8.72000026703,-327.711486816,6.19757223129,211,-25.6520023346,-2.41408586502,-10.7504930496,18.5552196503,-2.87057900429,0.667122066021,1
1538768627224483175,83.450116416,carbonZ_2018-10-05-14-37-22_3_left_aileron_failure,aileron,8.72000026703,-327.711486816,6.19757223129,211,-25.6520023346,-2.41408586502,-10.7504930496,18.5195407867,-3.00377511978,0.682269692421,1
1538768627258808519,83.48444176,carbonZ_2018-10-05-14-37-22_3_left_aileron_failure,aileron,8.80000019073,-331.758880615,5.63684368134,212,-31.019443512,-2.89033842087,-18.8831157684,18.4183063507,-3.37486147881,0.724061846733,1
1538768627296208743,83.521841984,carbonZ_2018-10-05-14-37-22_3_left_aileron_failure,aileron,8.80000019073,-331.758880615,5.63684368134,212,-31.019443512,-2.89033842087,-18.8831157684,18.3431510925,-3.62678623199,0.75244551897,1
1538768627345955783,83.571589024,carbonZ_2018-10-05-14-37-22_3_left_aileron_failure,aileron,8.88999938965,-330.758850098,4.21117162704,214,-31.019443512,-2.89033842087,-18.8831157684,18.2667446136,-3.87803936005,0.785633325577,1
1538768627417314823,83.642948064,carbonZ_2018-10-05-14-37-22_3_left_aileron_failure,aileron,8.88999938965,-330.758850098,4.21117162704,214,-31.019443512,-2.89033842087,-18.8831157684,18.0850296021,-4.44890546799,0.778773367405,1
1538768627465013831,83.690647072,carbonZ_2018-10-05-14-37-22_3_left_aileron_failure,aileron,8.98999977112,-339.213928223,2.87439346313,216,-31.019443512,-2.89033842087,-18.8831157684,17.9775714874,-4.75931739807,0.731323182583,1
1538768627545951495,83.771584736,carbonZ_2018-10-05-14-37-22_3_left_aileron_failure,aileron,8.98999977112,-339.213928223,2.87439346313,216,-31.019443512,-2.89033842087,-18.8831157684,17.8103809357,-5.22444963455,0.658669412136,1
1538768627572143943,83.797777184,carbonZ_2018-10-05-14-37-22_3_left_aileron_failure,aileron,9.09000015259,-339.213928223,4.97635507584,218,-32.957195282,-3.05648231506,-25.7770595551,17.6924476624,-5.53891181946,0.619509458542,1
1538768627619463431,83.845096672,carbonZ_2018-10-05-14-37-22_3_left_aileron_failure,aileron,9.09000015259,-339.213928223,4.97635507584,218,-32.957195282,-3.05648231506,-25.7770595551,17.5701293945,-5.84810829163,0.601396501064,1
1538768627639074343,83.864707584,carbonZ_2018-10-05-14-37-22_3_left_aileron_failure,aileron,9.17000007629,-303.262145996,3.54542064667,220,-32.957195282,-3.05648231506,-25.7770595551,17.439458847,-6.15075588226,0.579534769058,1
1538768627748375655,83.974008896,carbonZ_2018-10-05-14-37-22_3_left_aileron_failure,aileron,9.25,-303.262145996,3.04105162621,222,-32.957195282,-3.05648231506,-25.7770595551,17.0936794281,-6.89656639099,0.529392182827,1
1538768627834512679,84.06014592,carbonZ_2018-10-05-14-37-22_3_left_aileron_failure,aileron,9.25,-303.262145996,3.04105162621,222,-32.957195282,-3.05648231506,-25.7770595551,16.7890930176,-7.49706983566,0.499602615833,1
1538768627859703719,84.08533696,carbonZ_2018-10-05-14-37-22_3_left_aileron_failure,aileron,9.31999969482,-303.705993652,1.68110847473,224,-35.8981323242,-2.61075186729,-32.8388900757,16.7162227631,-7.63338756561,0.501556754112,1
1538768627902431527,84.128064768,carbonZ_2018-10-05-14-37-22_3_left_aileron_failure,aileron,9.31999969482,-303.705993652,1.68110847473,224,-35.8981323242,-2.61075186729,-32.8388900757,16.4835720062,-8.03244400024,0.535986125469,1
1538768627948352967,84.173986208,carbonZ_2018-10-05-14-37-22_3_left_aileron_failure,aileron,9.38999938965,-303.705993652,0.365952521563,225,-35.8981323242,-2.61075186729,-32.8388900757,16.3266067505,-8.29815006256,0.587673902512,1
1538768628000229287,84.225862528,carbonZ_2018-10-05-14-37-22_3_left_aileron_failure,aileron,9.38999938965,-303.705993652,0.365952521563,225,-35.8981323242,-2.61075186729,-32.8388900757,16.0926132202,-8.68042087555,0.67572504282,1
1538768628044766119,84.27039936,carbonZ_2018-10-05-14-37-22_3_left_aileron_failure,aileron,9.47999954224,-313.842407227,2.68376374245,227,-35.8981323242,-2.61075186729,-32.8388900757,15.8277454376,-9.0879201889,0.762496232986,1
1538768628103794759,84.329428,carbonZ_2018-10-05-14-37-22_3_left_aileron_failure,aileron,9.47999954224,-313.842407227,2.68376374245,227,-35.8981323242,-2.61075186729,-32.8388900757,15.5384883881,-9.50962638855,0.814943134785,1
1538768628147967431,84.373600672,carbonZ_2018-10-05-14-37-22_3_left_aileron_failure,aileron,9.57999992371,-314.842407227,1.294937253,229,-35.8981323242,-2.61075186729,-32.8388900757,15.4327964783,-9.66439151764,0.823874533176,1
1538768628205415207,84.431048448,carbonZ_2018-10-05-14-37-22_3_left_aileron_failure,aileron,9.57999992371,-314.842407227,1.294937253,229,-35.8981323242,-2.61075186729,-32.8388900757,15.1045713425,-10.1270532608,0.838206768036,1
1538768628218185191,84.443818432,carbonZ_2018-10-05-14-37-22_3_left_aileron_failure,aileron,9.57999992371,-314.842407227,1.294937253,229,-35.8981323242,-2.61075186729,-32.8388900757,15.1045713425,-10.1270532608,0.838206768036,1
1538768628267009447,84.492642688,carbonZ_2018-10-05-14-37-22_3_left_aileron_failure,aileron,9.68999958038,-307.3175354,0.932799994946,231,-35.8981323242,-2.61075186729,-32.8388900757,14.7359371185,-10.6120615005,0.804477095604,1
1538768628357283687,84.582916928,carbonZ_2018-10-05-14-37-22_3_left_aileron_failure,aileron,9.80000019073,-306.317504883,-0.37815913558,233,-41.7666664124,-2.36508011818,-45.6843757629,14.2378988266,-11.2114515305,0.811303555965,1
1538768628375587271,84.601220512,carbonZ_2018-10-05-14-37-22_3_left_aileron_failure,aileron,9.80000019073,-306.317504883,-0.37815913558,233,-41.7666664124,-2.36508011818,-45.6843757629,14.1252088547,-11.3451805115,0.826639056206,1
1538768628420601959,84.6462352,carbonZ_2018-10-05-14-37-22_3_left_aileron_failure,aileron,9.80000019073,-306.317504883,-0.37815913558,233,-41.7666664124,-2.36508011818,-45.6843757629,13.7297372818,-11.7716150284,0.870582520962,1
1538768628475660103,84.701293344,carbonZ_2018-10-05-14-37-22_3_left_aileron_failure,aileron,9.92000007629,-307.532897949,-1.60159754753,234,-41.7666664124,-2.36508011818,-45.6843757629,13.472281456,-12.0390310287,0.884629845619,1
1538768628525740199,84.75137344,carbonZ_2018-10-05-14-37-22_3_left_aileron_failure,aileron,9.92000007629,-307.532897949,-1.60159754753,234,-41.7666664124,-2.36508011818,-45.6843757629,13.0593538284,-12.4538087845,0.883329093456,1
1538768628565770279,84.79140352,carbonZ_2018-10-05-14-37-22_3_left_aileron_failure,aileron,10.0500001907,-307.532897949,0.976525723934,236,-41.7666664124,-2.36508011818,-45.6843757629,12.7932043076,-12.716799736,0.884050428867,1
1538768628642788199,84.86842144,carbonZ_2018-10-05-14-37-22_3_left_aileron_failure,aileron,10.1799993515,-316.7890625,-0.27771499753,238,-41.7666664124,-2.36508011818,-45.6843757629,12.2191228867,-13.2205791473,0.91088873148,1
1538768628696656487,84.922289728,carbonZ_2018-10-05-14-37-22_3_left_aileron_failure,aileron,10.1799993515,-316.7890625,-0.27771499753,238,-41.7666664124,-2.36508011818,-45.6843757629,11.9364061356,-13.4568490982,0.936389684677,1
1538768628758574599,84.98420784,carbonZ_2018-10-05-14-37-22_3_left_aileron_failure,aileron,10.3099994659,-316.7890625,-0.492590993643,240,-41.2459754944,-2.19073700905,-57.9636573792,11.2268781662,-13.9988498688,0.986570596695,1
1538768628821417895,85.047051136,carbonZ_2018-10-05-14-37-22_3_left_aileron_failure,aileron,10.3099994659,-316.7890625,-0.492590993643,240,-41.2459754944,-2.19073700905,-57.9636573792,10.9147291183,-14.2172317505,0.971876382828,1
1538768628864999623,85.090632864,carbonZ_2018-10-05-14-37-22_3_left_aileron_failure,aileron,10.4499998093,-313.838775635,-1.67617487907,241,-41.2459754944,-2.19073700905,-57.9636573792,10.5770263672,-14.4435758591,0.950506746769,1
1538768628926808455,85.152441696,carbonZ_2018-10-05-14-37-22_3_left_aileron_failure,aileron,10.4499998093,-313.838775635,-1.67617487907,241,-41.2459754944,-2.19073700905,-57.9636573792,10.0186777115,-14.7778997421,0.916921913624,1
1538768628988047719,85.21368096,carbonZ_2018-10-05-14-37-22_3_left_aileron_failure,aileron,10.5799999237,-313.838775635,0.206720069051,243,-41.2459754944,-2.19073700905,-57.9636573792,9.26610565186,-15.2007713318,0.900361955166,1
1538768629021846247,85.247479488,carbonZ_2018-10-05-14-37-22_3_left_aileron_failure,aileron,10.5799999237,-313.838775635,0.206720069051,243,-41.2459754944,-2.19073700905,-57.9636573792,9.08864974976,-15.2970733643,0.899927377701,1
1538768629059072647,85.284705888,carbonZ_2018-10-05-14-37-22_3_left_aileron_failure,aileron,10.7100000381,-307.855041504,-0.945033311844,244,-41.2459754944,-2.19073700905,-57.9636573792,8.49305152893,-15.5831317902,0.910203337669,1
1538768629129196775,85.354830016,carbonZ_2018-10-05-14-37-22_3_left_aileron_failure,aileron,10.7100000381,-307.855041504,-0.945033311844,244,-41.2459754944,-2.19073700905,-57.9636573792,8.08831787109,-15.7724790573,0.893551290035,1
1538768629174584935,85.400218176,carbonZ_2018-10-05-14-37-22_3_left_aileron_failure,aileron,10.8499994278,-307.855041504,-2.0296189785,246,-45.1464309692,-1.06208705902,-72.2227554321,7.64952468872,-15.9536361694,0.894682526588,1
1538768629245209639,85.47084288,carbonZ_2018-10-05-14-37-22_3_left_aileron_failure,aileron,10.9799995422,-286.935058594,-1.02674269676,247,-45.1464309692,-1.06208705902,-72.2227554321,6.74342918396,-16.3031101227,0.865382254124,1
1538768629310156103,85.535789344,carbonZ_2018-10-05-14-37-22_3_left_aileron_failure,aileron,10.9799995422,-286.935058594,-1.02674269676,247,-45.1464309692,-1.06208705902,-72.2227554321,6.05238676071,-16.5430221558,0.835547149181,1
1538768629361882727,85.587515968,carbonZ_2018-10-05-14-37-22_3_left_aileron_failure,aileron,11.1099996567,-286.935058594,-1.98820853233,248,-45.1464309692,-1.06208705902,-72.2227554321,5.39352560043,-16.7458992004,0.807989180088,1
1538768629431828807,85.657462048,carbonZ_2018-10-05-14-37-22_3_left_aileron_failure,aileron,11.1099996567,-286.935058594,-1.98820853233,248,-45.1464309692,-1.06208705902,-72.2227554321,4.73647356033,-16.9203586578,0.796360075474,1
1538768629460445447,85.686078688,carbonZ_2018-10-05-14-37-22_3_left_aileron_failure,aileron,11.2399997711,-282.670959473,-2.83560323715,249,-45.1464309692,-1.06208705902,-72.2227554321,4.28336334229,-17.0232105255,0.787872552872,1
1538768629524815303,85.750448544,carbonZ_2018-10-05-14-37-22_3_left_aileron_failure,aileron,11.2399997711,-282.670959473,-2.83560323715,249,-46.3266296387,1.33493518829,-83.1385650635,3.62696909904,-17.1568641663,0.767200291157,1
1538768629582095175,85.807728416,carbonZ_2018-10-05-14-37-22_3_left_aileron_failure,aileron,11.3599996567,-282.670959473,-0.735171377659,250,-46.3266296387,1.33493518829,-83.1385650635,2.9496076107,-17.2730064392,0.73240762949,1
1538768629642557575,85.868190816,carbonZ_2018-10-05-14-37-22_3_left_aileron_failure,aileron,11.4699993134,-284.631347656,-1.55351662636,251,-46.3266296387,1.33493518829,-83.1385650635,2.23884868622,-17.3635559082,0.673952817917,1
1538768629657256007,85.882889248,carbonZ_2018-10-05-14-37-22_3_left_aileron_failure,aileron,11.4699993134,-284.631347656,-1.55351662636,251,-46.3266296387,1.33493518829,-83.1385650635,2.23884868622,-17.3635559082,0.673952817917,1
1538768629772113351,85.997746592,carbonZ_2018-10-05-14-37-22_3_left_aileron_failure,aileron,11.5799999237,-284.631347656,-0.482359319925,252,-46.3266296387,1.33493518829,-83.1385650635,0.769439101219,-17.4503898621,0.55485355854,1
1538768629851698567,86.077331808,carbonZ_2018-10-05-14-37-22_3_left_aileron_failure,aileron,11.6700000763,-292.516326904,-1.1740424633,253,-46.3266296387,1.33493518829,-83.1385650635,-0.177074640989,-17.4460926056,0.476564764977,1
1538768629890439495,86.116072736,carbonZ_2018-10-05-14-37-22_3_left_aileron_failure,aileron,11.6700000763,-292.516326904,-1.1740424633,253,-46.3266296387,1.33493518829,-83.1385650635,-0.65495121479,-17.4152603149,0.428785085678,1
1538768629952665031,86.178298272,carbonZ_2018-10-05-14-37-22_3_left_aileron_failure,aileron,11.7599992752,-292.516326904,-1.76256525517,254,-46.1720657349,2.89711260796,-97.4099731445,-1.37592184544,-17.351234436,0.352997690439,1
1538768629980859943,86.206493184,carbonZ_2018-10-05-14-37-22_3_left_aileron_failure,aileron,11.7599992752,-292.516326904,-1.76256525517,254,-46.1720657349,2.89711260796,-97.4099731445,-1.86429715157,-17.2860450745,0.307825952768,1
1538768630036221287,86.261854528,carbonZ_2018-10-05-14-37-22_3_left_aileron_failure,aileron,11.7599992752,-292.516326904,-1.76256525517,254,-46.1720657349,2.89711260796,-97.4099731445,-2.32654857635,-17.2114810944,0.27438724041,1
1538768630090577703,86.316210944,carbonZ_2018-10-05-14-37-22_3_left_aileron_failure,aileron,11.8299999237,-287.316314697,-0.130115777254,255,-46.1720657349,2.89711260796,-97.4099731445,-3.02779459953,-17.0756244659,0.197928637266,1
1538768630128681479,86.35431472,carbonZ_2018-10-05-14-37-22_3_left_aileron_failure,aileron,11.8299999237,-287.316314697,-0.130115777254,255,-46.1720657349,2.89711260796,-97.4099731445,-3.02779459953,-17.0756244659,0.197928637266,1
1538768630188705095,86.414338336,carbonZ_2018-10-05-14-37-22_3_left_aileron_failure,aileron,11.8899993896,-288.316345215,-0.593642115593,255,-46.1720657349,2.89711260796,-97.4099731445,-3.92552113533,-16.8489646912,0.0631506219506,1
1538768630283576135,86.509209376,carbonZ_2018-10-05-14-37-22_3_left_aileron_failure,aileron,11.9299993515,-295.353515625,0.118039503694,255,-43.0549507141,4.80825948715,-107.782203674,-5.28592777252,-16.4075107574,-0.269103527069,1
1538768630373487175,86.599120416,carbonZ_2018-10-05-14-37-22_3_left_aileron_failure,aileron,11.9499998093,-295.353515625,-0.19509626925,256,-43.0549507141,4.80825948715,-107.782203674,-6.15335512161,-16.0501098633,-0.574592411518,1
1538768630460402951,86.686036192,carbonZ_2018-10-05-14-37-22_3_left_aileron_failure,aileron,11.9099998474,-282.587432861,-0.384557247162,256,-43.0549507141,4.80825948715,-107.782203674,-6.95366382599,-15.634303093,-0.892891466618,1
1538768630485347527,86.710980768,carbonZ_2018-10-05-14-37-22_3_left_aileron_failure,aileron,11.9099998474,-282.587432861,-0.384557247162,256,-43.0549507141,4.80825948715,-107.782203674,-7.15223550797,-15.5256137848,-0.975411891937,1
1538768630549223335,86.774856576,carbonZ_2018-10-05-14-37-22_3_left_aileron_failure,aileron,11.8499994278,-282.587432861,0.239249154925,256,-43.0549507141,4.80825948715,-107.782203674,-7.86554336548,-15.0765008926,-1.27131640911,1
1538768630591229511,86.816862752,carbonZ_2018-10-05-14-37-22_3_left_aileron_failure,aileron,11.8499994278,-282.587432861,0.239249154925,256,-43.0549507141,4.80825948715,-107.782203674,-8.20311069489,-14.8440628052,-1.39050650597,1
1538768630639003879,86.86463712,carbonZ_2018-10-05-14-37-22_3_left_aileron_failure,aileron,11.8499994278,-282.587432861,0.239249154925,256,-43.0549507141,4.80825948715,-107.782203674,-8.50450515747,-14.6176795959,-1.49399554729,1
1538768630659081639,86.88471488,carbonZ_2018-10-05-14-37-22_3_left_aileron_failure,aileron,11.7199993134,-274.493041992,0.216925144196,256,-35.6379508972,7.34505319595,-121.235588074,-8.78543281555,-14.3924064636,-1.58107733727,1
1538768630749891303,86.975524544,carbonZ_2018-10-05-14-37-22_3_left_aileron_failure,aileron,11.5799999237,-274.493041992,0.73413926363,256,-35.6379508972,7.34505319595,-121.235588074,-9.30700206757,-13.9304199219,-1.76687574387,1
1538768630778767303,87.004400544,carbonZ_2018-10-05-14-37-22_3_left_aileron_failure,aileron,11.5799999237,-274.493041992,0.73413926363,256,-35.6379508972,7.34505319595,-121.235588074,-9.5519618988,-13.6969633102,-1.88258528709,1
1538768630837547687,87.063180928,carbonZ_2018-10-05-14-37-22_3_left_aileron_failure,aileron,11.3899993896,-253.78112793,0.852677106857,256,-35.6379508972,7.34505319595,-121.235588074,-9.78275680542,-13.4508676529,-1.98851585388,1
1538768630857822503,87.083455744,carbonZ_2018-10-05-14-37-22_3_left_aileron_failure,aileron,11.3899993896,-253.78112793,0.852677106857,256,-35.6379508972,7.34505319595,-121.235588074,-10.0005197525,-13.2156209946,-2.10838794708,1
1538768630968309127,87.193942368,carbonZ_2018-10-05-14-37-22_3_left_aileron_failure,aileron,11.1899995804,-253.78112793,1.18070590496,256,-35.6379508972,7.34505319595,-121.235588074,-10.37266922,-12.7477817535,-2.2992618084,1
1538768630980271431,87.205904672,carbonZ_2018-10-05-14-37-22_3_left_aileron_failure,aileron,11.1899995804,-253.78112793,1.18070590496,256,-35.6379508972,7.34505319595,-121.235588074,-10.4448604584,-12.6455221176,-2.33829522133,1
1538768631019554119,87.24518736,carbonZ_2018-10-05-14-37-22_3_left_aileron_failure,aileron,11.1899995804,-253.78112793,1.18070590496,256,-35.6379508972,7.34505319595,-121.235588074,-10.6484718323,-12.3275079727,-2.44225430489,1
1538768631098071143,87.323704384,carbonZ_2018-10-05-14-37-22_3_left_aileron_failure,aileron,10.9399995804,-222.144500732,1.40944039822,255,-25.6208190918,10.2409563065,-129.648590088,-10.8741664886,-11.9260454178,-2.58880829811,1
1538768631173251047,87.398884288,carbonZ_2018-10-05-14-37-22_3_left_aileron_failure,aileron,10.6899995804,-222.144500732,1.692502141,255,-25.6208190918,10.2409563065,-129.648590088,-10.9814004898,-11.6654720306,-2.64963459969,1
1538768631237405735,87.463038976,carbonZ_2018-10-05-14-37-22_3_left_aileron_failure,aileron,10.3999996185,-181.576156616,2.00779795647,255,-25.6208190918,10.2409563065,-129.648590088,-11.0779285431,-11.330737114,-2.7286028862,1
1538768631268568551,87.494201792,carbonZ_2018-10-05-14-37-22_3_left_aileron_failure,aileron,10.3999996185,-181.576156616,2.00779795647,255,-25.6208190918,10.2409563065,-129.648590088,-11.0926113129,-11.2535552979,-2.7603328228,1
1538768631353599591,87.579232832,carbonZ_2018-10-05-14-37-22_3_left_aileron_failure,aileron,10.1099996567,-181.576156616,2.54012727737,254,-25.6208190918,10.2409563065,-129.648590088,-11.134221077,-10.9468517303,-2.92964029312,1
1538768631407254855,87.632888096,carbonZ_2018-10-05-14-37-22_3_left_aileron_failure,aileron,10.1099996567,-181.576156616,2.54012727737,254,-25.6208190918,10.2409563065,-129.648590088,-11.1242809296,-10.7624692917,-2.99519515038,1
1538768631423801607,87.649434848,carbonZ_2018-10-05-14-37-22_3_left_aileron_failure,aileron,9.78999996185,-229.503250122,2.86916732788,254,-25.6208190918,10.2409563065,-129.648590088,-11.1242809296,-10.7624692917,-2.99519515038,1
1538768631476686535,87.702319776,carbonZ_2018-10-05-14-37-22_3_left_aileron_failure,aileron,9.78999996185,-229.503250122,2.86916732788,254,-25.6208190918,10.2409563065,-129.648590088,-11.0711526871,-10.5061769485,-3.00362825394,1
1538768631545147047,87.770780288,carbonZ_2018-10-05-14-37-22_3_left_aileron_failure,aileron,9.46999931335,-229.503250122,3.22836613655,254,-25.6208190918,10.2409563065,-129.648590088,-11.0329256058,-10.4259033203,-2.98633027077,1
1538768631575589095,87.801222336,carbonZ_2018-10-05-14-37-22_3_left_aileron_failure,aileron,9.46999931335,-229.503250122,3.22836613655,254,-25.6208190918,10.2409563065,-129.648590088,-11.0102367401,-10.3873872757,-2.97748804092,1
1538768631619963943,87.845597184,carbonZ_2018-10-05-14-37-22_3_left_aileron_failure,aileron,9.46999931335,-229.503250122,3.22836613655,254,-25.6208190918,10.2409563065,-129.648590088,-10.9319829941,-10.2982931137,-2.93017506599,1
1538768631686923367,87.912556608,carbonZ_2018-10-05-14-37-22_3_left_aileron_failure,aileron,9.13999938965,-183.109283447,3.5368309021,253,-4.41461420059,10.3076925278,-135.705230713,-10.8567743301,-10.1981754303,-2.89788818359,1
1538768631725607111,87.951240352,carbonZ_2018-10-05-14-37-22_3_left_aileron_failure,aileron,9.13999938965,-183.109283447,3.5368309021,253,-4.41461420059,10.3076925278,-135.705230713,-10.8026132584,-10.1328887939,-2.89005875587,1
1538768631779668999,88.00530224,carbonZ_2018-10-05-14-37-22_3_left_aileron_failure,aileron,8.81999969482,-183.109283447,3.87078142166,253,-4.41461420059,10.3076925278,-135.705230713,-10.7369976044,-10.0829687119,-2.86884069443,1
1538768631830801799,88.05643504,carbonZ_2018-10-05-14-37-22_3_left_aileron_failure,aileron,8.5,-150.449188232,4.16532564163,253,-4.41461420059,10.3076925278,-135.705230713,-10.640080452,-10.0085783005,-2.84674048424,1
1538768631873300295,88.098933536,carbonZ_2018-10-05-14-37-22_3_left_aileron_failure,aileron,8.5,-150.449188232,4.16532564163,253,-4.41461420059,10.3076925278,-135.705230713,-10.5784339905,-9.95686912537,-2.83390545845,1
1538768631924804807,88.150438048,carbonZ_2018-10-05-14-37-22_3_left_aileron_failure,aileron,8.5,-150.449188232,4.16532564163,253,-4.41461420059,10.3076925278,-135.705230713,-10.4762830734,-9.89769554138,-2.78880023956,1
1538768631984442983,88.210076224,carbonZ_2018-10-05-14-37-22_3_left_aileron_failure,aileron,8.19999980927,-150.449188232,4.47158098221,253,-4.41461420059,10.3076925278,-135.705230713,-10.3628673553,-9.85902023315,-2.73108625412,1
1538768632057290119,88.28292336,carbonZ_2018-10-05-14-37-22_3_left_aileron_failure,aileron,7.89999961853,-105.871391296,4.75124645233,252,-4.41461420059,10.3076925278,-135.705230713,-10.2605495453,-9.82740020752,-2.63318634033,1
1538768632082612551,88.308245792,carbonZ_2018-10-05-14-37-22_3_left_aileron_failure,aileron,7.89999961853,-105.871391296,4.75124645233,252,5.08782863617,8.42729568481,-138.127578735,-10.2252483368,-9.82153987885,-2.60121655464,1
1538768632127575655,88.353208896,carbonZ_2018-10-05-14-37-22_3_left_aileron_failure,aileron,7.89999961853,-105.871391296,4.75124645233,252,5.08782863617,8.42729568481,-138.127578735,-10.1238765717,-9.79198551178,-2.51252794266,1
1538768632184652167,88.410285408,carbonZ_2018-10-05-14-37-22_3_left_aileron_failure,aileron,7.60999965668,-105.871391296,5.0349111557,252,5.08782863617,8.42729568481,-138.127578735,-10.0122413635,-9.7877368927,-2.39970684052,1
1538768632243946087,88.469579328,carbonZ_2018-10-05-14-37-22_3_left_aileron_failure,aileron,7.34999990463,-75.9880065918,5.27446126938,252,5.08782863617,8.42729568481,-138.127578735,-9.90927410126,-9.78491210938,-2.24499154091,1
1538768632275472679,88.50110592,carbonZ_2018-10-05-14-37-22_3_left_aileron_failure,aileron,7.34999990463,-75.9880065918,5.27446126938,252,5.08782863617,8.42729568481,-138.127578735,-9.87581729889,-9.78494930267,-2.19965696335,1
1538768632376653991,88.602287232,carbonZ_2018-10-05-14-37-22_3_left_aileron_failure,aileron,7.10999965668,-75.9880065918,5.52980804443,252,5.08782863617,8.42729568481,-138.127578735,-9.70426082611,-9.80539703369,-1.84473741055,1
1538768632419711687,88.645344928,carbonZ_2018-10-05-14-37-22_3_left_aileron_failure,aileron,7.10999965668,-75.9880065918,5.52980804443,252,5.08782863617,8.42729568481,-138.127578735,-9.60308361053,-9.83342456818,-1.61738204956,1
1538768632456114983,88.681748224,carbonZ_2018-10-05-14-37-22_3_left_aileron_failure,aileron,6.90999984741,-47.4138259888,5.75731372833,252,11.7725324631,4.82242870331,-136.415130615,-9.50578784943,-9.86235809326,-1.37985730171,1
1538768632527582055,88.753215296,carbonZ_2018-10-05-14-37-22_3_left_aileron_failure,aileron,6.90999984741,-47.4138259888,5.75731372833,252,11.7725324631,4.82242870331,-136.415130615,-9.4407749176,-9.88238048553,-1.21596181393,1
1538768632581209639,88.80684288,carbonZ_2018-10-05-14-37-22_3_left_aileron_failure,aileron,6.75,-47.4138259888,5.99301147461,251,11.7725324631,4.82242870331,-136.415130615,-9.36177444458,-9.91510486603,-1.07629883289,1
1538768632637103335,88.862736576,carbonZ_2018-10-05-14-37-22_3_left_aileron_failure,aileron,6.63999986649,-31.4964294434,6.19219779968,251,11.7725324631,4.82242870331,-136.415130615,-9.17527008057,-10.0001678467,-0.741176784039,1
1538768632683428807,88.909062048,carbonZ_2018-10-05-14-37-22_3_left_aileron_failure,aileron,6.63999986649,-31.4964294434,6.19219779968,251,11.7725324631,4.82242870331,-136.415130615,-9.17527008057,-10.0001678467,-0.741176784039,1
1538768632722411911,88.948045152,carbonZ_2018-10-05-14-37-22_3_left_aileron_failure,aileron,6.63999986649,-31.4964294434,6.19219779968,251,11.7725324631,4.82242870331,-136.415130615,-9.05875968933,-10.0566368103,-0.571304380894,1
1538768632813883335,89.039516576,carbonZ_2018-10-05-14-37-22_3_left_aileron_failure,aileron,6.5499997139,-31.4964294434,6.38117074966,251,11.7725324631,4.82242870331,-136.415130615,-8.88848781586,-10.1621131897,-0.360559046268,1
1538768632825488615,89.051121856,carbonZ_2018-10-05-14-37-22_3_left_aileron_failure,aileron,6.5499997139,-31.4964294434,6.38117074966,251,11.7725324631,4.82242870331,-136.415130615,-8.84618377686,-10.1873855591,-0.303528755903,1
1538768632859575847,89.085209088,carbonZ_2018-10-05-14-37-22_3_left_aileron_failure,aileron,6.5,-17.0030593872,6.54355859756,251,11.7725324631,4.82242870331,-136.415130615,-8.76296710968,-10.2423124313,-0.215616717935,1
1538768632917594055,89.143227296,carbonZ_2018-10-05-14-37-22_3_left_aileron_failure,aileron,6.5,-17.0030593872,6.54355859756,251,19.486656189,1.15366113186,-135.347930908,-8.6000995636,-10.3590698242,-0.0155402682722,1
1538768632971155975,89.196789216,carbonZ_2018-10-05-14-37-22_3_left_aileron_failure,aileron,6.46000003815,-17.0030593872,6.6965045929,251,19.486656189,1.15366113186,-135.347930908,-8.5595703125,-10.3906335831,0.024685388431,1
1538768633018032103,89.243665344,carbonZ_2018-10-05-14-37-22_3_left_aileron_failure,aileron,6.46000003815,-17.0030593872,6.6965045929,251,19.486656189,1.15366113186,-135.347930908,-8.43742179871,-10.4835262299,0.173628970981,1
1538768633097441767,89.323075008,carbonZ_2018-10-05-14-37-22_3_left_aileron_failure,aileron,6.46000003815,-9.06848907471,6.8014831543,251,19.486656189,1.15366113186,-135.347930908,-8.31859874725,-10.5775976181,0.308449089527,1
1538768633131453415,89.357086656,carbonZ_2018-10-05-14-37-22_3_left_aileron_failure,aileron,6.46999979019,-9.06848907471,6.9032292366,251,19.486656189,1.15366113186,-135.347930908,-8.24407291412,-10.634894371,0.421798199415,1
1538768633189126855,89.414760096,carbonZ_2018-10-05-14-37-22_3_left_aileron_failure,aileron,6.46999979019,-9.06848907471,6.9032292366,251,19.486656189,1.15366113186,-135.347930908,-8.13687229156,-10.7196130753,0.615778684616,1
1538768633257516391,89.483149632,carbonZ_2018-10-05-14-37-22_3_left_aileron_failure,aileron,6.51999998093,-6.93588256836,6.98595046997,251,19.486656189,1.15366113186,-135.347930908,-8.03471279144,-10.7997646332,0.811053216457,1
1538768633274840583,89.500473824,carbonZ_2018-10-05-14-37-22_3_left_aileron_failure,aileron,6.51999998093,-6.93588256836,6.98595046997,251,20.4751243591,-1.28823840618,-134.653717041,-7.99926137924,-10.8255338669,0.869859576225,1
1538768633329757191,89.555390432,carbonZ_2018-10-05-14-37-22_3_left_aileron_failure,aileron,6.58999967575,-6.93588256836,7.05041885376,251,20.4751243591,-1.28823840618,-134.653717041,-7.90185785294,-10.9033260345,1.07377195358,1
1538768633404209287,89.629842528,carbonZ_2018-10-05-14-37-22_3_left_aileron_failure,aileron,6.58999967575,-6.93588256836,7.05041885376,251,20.4751243591,-1.28823840618,-134.653717041,-7.76473522186,-11.0233192444,1.32544541359,1
1538768633446174983,89.671808224,carbonZ_2018-10-05-14-37-22_3_left_aileron_failure,aileron,6.69999980927,1.64365768433,7.07621097565,251,20.4751243591,-1.28823840618,-134.653717041,-7.6849527359,-11.0888376236,1.41042864323,1
1538768633464483335,89.690116576,carbonZ_2018-10-05-14-37-22_3_left_aileron_failure,aileron,6.69999980927,1.64365768433,7.07621097565,251,20.4751243591,-1.28823840618,-134.653717041,-7.65110874176,-11.1219758987,1.46101677418,1
1538768633558789223,89.784422464,carbonZ_2018-10-05-14-37-22_3_left_aileron_failure,aileron,6.82999992371,1.64365768433,7.09891939163,252,20.4751243591,-1.28823840618,-134.653717041,-7.49494218826,-11.2577848434,1.64433884621,1
1538768633568225415,89.793858656,carbonZ_2018-10-05-14-37-22_3_left_aileron_failure,aileron,6.82999992371,1.64365768433,7.09891939163,252,20.4751243591,-1.28823840618,-134.653717041,-7.49494218826,-11.2577848434,1.64433884621,1
1538768633622636455,89.848269696,carbonZ_2018-10-05-14-37-22_3_left_aileron_failure,aileron,6.82999992371,1.64365768433,7.09891939163,252,20.4751243591,-1.28823840618,-134.653717041,-7.29815912247,-11.4386119843,1.80076253414,1
1538768633650691271,89.876324512,carbonZ_2018-10-05-14-37-22_3_left_aileron_failure,aileron,6.98999977112,0.975608825684,7.09922504425,252,20.4751243591,-1.28823840618,-134.653717041,-7.25769805908,-11.4781904221,1.81909370422,1
1538768633734548487,89.960181728,carbonZ_2018-10-05-14-37-22_3_left_aileron_failure,aileron,6.98999977112,0.975608825684,7.09922504425,252,19.869468689,-3.007137537,-132.058197021,-7.14764261246,-11.588768959,1.87593412399,1
1538768633777800903,90.003434144,carbonZ_2018-10-05-14-37-22_3_left_aileron_failure,aileron,7.15999984741,0.975608825684,7.08836460114,252,19.869468689,-3.007137537,-132.058197021,-7.06835508347,-11.6670475006,1.88423168659,1
1538768633823300327,90.048933568,carbonZ_2018-10-05-14-37-22_3_left_aileron_failure,aileron,7.15999984741,0.975608825684,7.08836460114,252,19.869468689,-3.007137537,-132.058197021,-6.95834636688,-11.7890510559,1.87622582912,1
1538768633858818567,90.084451808,carbonZ_2018-10-05-14-37-22_3_left_aileron_failure,aileron,7.33999967575,-8.91571044922,7.03699111938,252,19.869468689,-3.007137537,-132.058197021,-6.89219999313,-11.8670129776,1.86357939243,1
1538768633902172455,90.127805696,carbonZ_2018-10-05-14-37-22_3_left_aileron_failure,aileron,7.33999967575,-8.91571044922,7.03699111938,252,19.869468689,-3.007137537,-132.058197021,-6.82950878143,-11.9372777939,1.84284877777,1
1538768633963133607,90.188766848,carbonZ_2018-10-05-14-37-22_3_left_aileron_failure,aileron,7.51999998093,-8.91571044922,6.9747838974,252,19.869468689,-3.007137537,-132.058197021,-6.77051734924,-12.0135564804,1.79641532898,1
1538768633985275847,90.210909088,carbonZ_2018-10-05-14-37-22_3_left_aileron_failure,aileron,7.51999998093,-8.91571044922,6.9747838974,252,17.0343055725,-3.03828454018,-130.866607666,-6.71287870407,-12.0852222443,1.74563550949,1
1538768634020206119,90.24583936,carbonZ_2018-10-05-14-37-22_3_left_aileron_failure,aileron,7.51999998093,-8.91571044922,6.9747838974,252,17.0343055725,-3.03828454018,-130.866607666,-6.6602845192,-12.1552410126,1.70268547535,1
1538768634057750439,90.28338368,carbonZ_2018-10-05-14-37-22_3_left_aileron_failure,aileron,7.67999982834,-15.8569335938,6.87717103958,253,17.0343055725,-3.03828454018,-130.866607666,-6.61426830292,-12.2117319107,1.67953443527,1
1538768634141690151,90.367323392,carbonZ_2018-10-05-14-37-22_3_left_aileron_failure,aileron,7.67999982834,-15.8569335938,6.87717103958,253,17.0343055725,-3.03828454018,-130.866607666,-6.54500627518,-12.3023729324,1.64105117321,1
1538768634179386759,90.40502,carbonZ_2018-10-05-14-37-22_3_left_aileron_failure,aileron,7.82999992371,-15.8569335938,6.76997280121,253,17.0343055725,-3.03828454018,-130.866607666,-6.49856472015,-12.3684110641,1.60567700863,1
1538768634237803367,90.463436608,carbonZ_2018-10-05-14-37-22_3_left_aileron_failure,aileron,7.82999992371,-15.8569335938,6.76997280121,253,17.0343055725,-3.03828454018,-130.866607666,-6.42564105988,-12.464548111,1.54404711723,1
1538768634259427175,90.485060416,carbonZ_2018-10-05-14-37-22_3_left_aileron_failure,aileron,7.96999979019,-27.1060943604,6.64500236511,253,12.9134054184,-3.93055105209,-128.234603882,-6.37687015533,-12.529291153,1.50114452839,1
1538768634360788967,90.586422208,carbonZ_2018-10-05-14-37-22_3_left_aileron_failure,aileron,8.0999994278,-27.1060943604,6.51106929779,254,12.9134054184,-3.93055105209,-128.234603882,-6.26479959488,-12.6798610687,1.40470778942,1
1538768634421671367,90.647304608,carbonZ_2018-10-05-14-37-22_3_left_aileron_failure,aileron,8.0999994278,-27.1060943604,6.51106929779,254,12.9134054184,-3.93055105209,-128.234603882,-6.20380449295,-12.7634057999,1.34666001797,1
1538768634486493799,90.71212704,carbonZ_2018-10-05-14-37-22_3_left_aileron_failure,aileron,8.22000026703,-39.7401809692,6.37107372284,254,12.9134054184,-3.93055105209,-128.234603882,-6.15387248993,-12.831990242,1.31769132614,1
1538768634582310023,90.807943264,carbonZ_2018-10-05-14-37-22_3_left_aileron_failure,aileron,8.34000015259,-39.7401809692,6.21874141693,254,12.9134054184,-3.93055105209,-128.234603882,-6.08778715134,-12.9173240662,1.26349663734,1
1538768634639524679,90.86515792,carbonZ_2018-10-05-14-37-22_3_left_aileron_failure,aileron,8.44999980927,-54.6524047852,6.05248880386,255,10.5521745682,-3.89249658585,-125.737510681,-6.02972126007,-12.9966869354,1.2244822979,1
1538768634680214375,90.905847616,carbonZ_2018-10-05-14-37-22_3_left_aileron_failure,aileron,8.44999980927,-54.6524047852,6.05248880386,255,10.5521745682,-3.89249658585,-125.737510681,-6.01756048203,-13.0129709244,1.21882164478,1
1538768634722143975,90.947777216,carbonZ_2018-10-05-14-37-22_3_left_aileron_failure,aileron,8.44999980927,-54.6524047852,6.05248880386,255,10.5521745682,-3.89249658585,-125.737510681,-5.97456073761,-13.0689926147,1.19873440266,1
1538768634790156487,91.015789728,carbonZ_2018-10-05-14-37-22_3_left_aileron_failure,aileron,8.55999946594,-54.6524047852,5.88773441315,255,10.5521745682,-3.89249658585,-125.737510681,-5.94807529449,-13.1005315781,1.18789672852,1
1538768634803377447,91.029010688,carbonZ_2018-10-05-14-37-22_3_left_aileron_failure,aileron,8.55999946594,-54.6524047852,5.88773441315,255,10.5521745682,-3.89249658585,-125.737510681,-5.92148208618,-13.1313610077,1.17671537399,1
1538768634841267751,91.066900992,carbonZ_2018-10-05-14-37-22_3_left_aileron_failure,aileron,8.65999984741,-63.7859344482,5.70756387711,256,10.5521745682,-3.89249658585,-125.737510681,-5.88684892654,-13.1714096069,1.14736449718,1
1538768634940156583,91.165789824,carbonZ_2018-10-05-14-37-22_3_left_aileron_failure,aileron,8.76999950409,-63.7859344482,5.50388526917,256,10.5521745682,-3.89249658585,-125.737510681,-5.8549747467,-13.2104187012,1.11421513557,1
1538768634965423111,91.191056352,carbonZ_2018-10-05-14-37-22_3_left_aileron_failure,aileron,8.76999950409,-63.7859344482,5.50388526917,256,10.5521745682,-3.89249658585,-125.737510681,-5.8402428627,-13.2287597656,1.07665336132,1
1538768635022398599,91.24803184,carbonZ_2018-10-05-14-37-22_3_left_aileron_failure,aileron,8.76999950409,-63.7859344482,5.50388526917,256,7.89842128754,-3.04452514648,-124.471290588,-5.81628465652,-13.2610082626,1.01015174389,1
1538768635058056935,91.283690176,carbonZ_2018-10-05-14-37-22_3_left_aileron_failure,aileron,8.86999988556,-71.5181350708,5.31923341751,257,7.89842128754,-3.04452514648,-124.471290588,-5.80191612244,-13.2785692215,0.961933851242,1
1538768635098819815,91.324453056,carbonZ_2018-10-05-14-37-22_3_left_aileron_failure,aileron,8.86999988556,-71.5181350708,5.31923341751,257,7.89842128754,-3.04452514648,-124.471290588,-5.7902302742,-13.2958831787,0.924677431583,1
1538768635160732071,91.386365312,carbonZ_2018-10-05-14-37-22_3_left_aileron_failure,aileron,8.96000003815,-71.5181350708,5.12774705887,257,7.89842128754,-3.04452514648,-124.471290588,-5.77533197403,-13.311164856,0.884137988091,1
1538768635200961735,91.426594976,carbonZ_2018-10-05-14-37-22_3_left_aileron_failure,aileron,8.96000003815,-71.5181350708,5.12774705887,257,7.89842128754,-3.04452514648,-124.471290588,-5.76792669296,-13.3256816864,0.796512544155,1
1538768635252372967,91.478006208,carbonZ_2018-10-05-14-37-22_3_left_aileron_failure,aileron,9.03999996185,-80.2381515503,4.95205497742,258,7.89842128754,-3.04452514648,-124.471290588,-5.75997877121,-13.3361644745,0.726403474808,1
1538768635305255527,91.530888768,carbonZ_2018-10-05-14-37-22_3_left_aileron_failure,aileron,9.03999996185,-80.2381515503,4.95205497742,258,7.89842128754,-3.04452514648,-124.471290588,-5.75217628479,-13.3487882614,0.624751627445,1
1538768635364167911,91.589801152,carbonZ_2018-10-05-14-37-22_3_left_aileron_failure,aileron,9.0999994278,-80.2381515503,4.75348234177,258,7.89842128754,-3.04452514648,-124.471290588,-5.75072908401,-13.3566379547,0.539972245693,1
1538768635435997575,91.661630816,carbonZ_2018-10-05-14-37-22_3_left_aileron_failure,aileron,9.14999961853,-86.6962432861,4.56309747696,259,4.74967718124,-1.67860150337,-123.373184204,-5.74758481979,-13.360449791,0.407404184341,1
1538768635501898183,91.727531424,carbonZ_2018-10-05-14-37-22_3_left_aileron_failure,aileron,9.14999961853,-86.6962432861,4.56309747696,259,4.74967718124,-1.67860150337,-123.373184204,-5.74530935287,-13.3627481461,0.329141169786,1
1538768635549446759,91.77508,carbonZ_2018-10-05-14-37-22_3_left_aileron_failure,aileron,9.18999958038,-86.6962432861,4.3734869957,259,4.74967718124,-1.67860150337,-123.373184204,-5.75490999222,-13.3566684723,0.255032092333,1
1538768635599932071,91.825565312,carbonZ_2018-10-05-14-37-22_3_left_aileron_failure,aileron,9.18999958038,-86.6962432861,4.3734869957,259,4.74967718124,-1.67860150337,-123.373184204,-5.76930236816,-13.3429384232,0.153292581439,1
1538768635694136551,91.919769792,carbonZ_2018-10-05-14-37-22_3_left_aileron_failure,aileron,9.21000003815,-85.1934432983,4.1920633316,260,4.74967718124,-1.67860150337,-123.373184204,-5.77687358856,-13.3312196732,0.0139498114586,1
1538768635709102727,91.934735968,carbonZ_2018-10-05-14-37-22_3_left_aileron_failure,aileron,9.21000003815,-85.1934432983,4.1920633316,260,4.74967718124,-1.67860150337,-123.373184204,-5.78046798706,-13.3267564774,-0.0217852052301,1
1538768635745693735,91.971326976,carbonZ_2018-10-05-14-37-22_3_left_aileron_failure,aileron,9.21000003815,-85.1934432983,4.02133178711,260,4.74967718124,-1.67860150337,-123.373184204,-5.7817735672,-13.3210105896,-0.0856022164226,1
1538768635808750631,92.034383872,carbonZ_2018-10-05-14-37-22_3_left_aileron_failure,aileron,9.21000003815,-85.1934432983,4.02133178711,260,4.74967718124,-1.67860150337,-123.373184204,-5.78395271301,-13.309668541,-0.157069355249,1
1538768635858536199,92.08416944,carbonZ_2018-10-05-14-37-22_3_left_aileron_failure,aileron,9.18999958038,-40.1206970215,3.85107946396,261,4.74967718124,-1.67860150337,-123.373184204,-5.78954267502,-13.2943983078,-0.183250114322,1
1538768635900110471,92.125743712,carbonZ_2018-10-05-14-37-22_3_left_aileron_failure,aileron,9.18999958038,-40.1206970215,3.85107946396,261,1.78109109402,0.12248044461,-124.403274536,-5.79725790024,-13.2732648849,-0.227367043495,1
1538768635986273351,92.211906592,carbonZ_2018-10-05-14-37-22_3_left_aileron_failure,aileron,9.15999984741,-40.1206970215,3.68247294426,261,1.78109109402,0.12248044461,-124.403274536,-5.83278608322,-13.2244758606,-0.289956688881,1
1538768636022002535,92.247635776,carbonZ_2018-10-05-14-37-22_3_left_aileron_failure,aileron,9.15999984741,-40.1206970215,3.68247294426,261,1.78109109402,0.12248044461,-124.403274536,-5.85106086731,-13.1982059479,-0.304930001497,1
1538768636058064487,92.283697728,carbonZ_2018-10-05-14-37-22_3_left_aileron_failure,aileron,9.13000011444,-35.8276367188,3.5301399231,262,1.78109109402,0.12248044461,-124.403274536,-5.86690473557,-13.1728544235,-0.30939078331,1
1538768636130774023,92.356407264,carbonZ_2018-10-05-14-37-22_3_left_aileron_failure,aileron,9.13000011444,-35.8276367188,3.5301399231,262,1.78109109402,0.12248044461,-124.403274536,-5.90399360657,-13.1264591217,-0.30720192194,1
1538768636165367783,92.391001024,carbonZ_2018-10-05-14-37-22_3_left_aileron_failure,aileron,9.09000015259,-35.8276367188,3.36215758324,262,1.78109109402,0.12248044461,-124.403274536,-5.93299818039,-13.0879735947,-0.309266805649,1
1538768636232731783,92.458365024,carbonZ_2018-10-05-14-37-22_3_left_aileron_failure,aileron,9.09000015259,-35.8276367188,3.36215758324,262,1.78109109402,0.12248044461,-124.403274536,-5.98287296295,-13.0279998779,-0.304668486118,1
1538768636257586567,92.483219808,carbonZ_2018-10-05-14-37-22_3_left_aileron_failure,aileron,9.05000019073,-29.0754318237,3.23318552971,263,1.78109109402,0.12248044461,-124.403274536,-5.99878025055,-13.0077104568,-0.293595343828,1
1538768636329941223,92.555574464,carbonZ_2018-10-05-14-37-22_3_left_aileron_failure,aileron,9.05000019073,-29.0754318237,3.23318552971,263,-0.111640401185,0.372293233871,-127.480659485,-6.0613656044,-12.934472084,-0.236639350653,1
1538768636368465703,92.594098944,carbonZ_2018-10-05-14-37-22_3_left_aileron_failure,aileron,9.01999950409,-29.0754318237,3.10869288445,263,-0.111640401185,0.372293233871,-127.480659485,-6.1020565033,-12.8876409531,-0.215021640062,1
1538768636397563527,92.623196768,carbonZ_2018-10-05-14-37-22_3_left_aileron_failure,aileron,9.01999950409,-29.0754318237,3.10869288445,263,-0.111640401185,0.372293233871,-127.480659485,-6.14146947861,-12.8465490341,-0.196644440293,1
1538768636454311239,92.67994448,carbonZ_2018-10-05-14-37-22_3_left_aileron_failure,aileron,9.0,-22.9354858398,3.01030921936,264,-0.111640401185,0.372293233871,-127.480659485,-6.21841049194,-12.7590150833,-0.150605097413,1
1538768636535600551,92.761233792,carbonZ_2018-10-05-14-37-22_3_left_aileron_failure,aileron,9.0,-22.9354858398,3.01030921936,264,-0.111640401185,0.372293233871,-127.480659485,-6.25376224518,-12.7190904617,-0.109849944711,1
1538768636572638791,92.798272032,carbonZ_2018-10-05-14-37-22_3_left_aileron_failure,aileron,8.98999977112,-22.9354858398,2.90869688988,264,-0.111640401185,0.372293233871,-127.480659485,-6.29351472855,-12.6758432388,-0.0698190927505,1
1538768636603301511,92.828934752,carbonZ_2018-10-05-14-37-22_3_left_aileron_failure,aileron,8.98999977112,-22.9354858398,2.90869688988,264,-0.111640401185,0.372293233871,-127.480659485,-6.33259820938,-12.6332893372,-0.031094988808,1
1538768636639765319,92.86539856,carbonZ_2018-10-05-14-37-22_3_left_aileron_failure,aileron,8.98999977112,-16.9158935547,2.85269856453,265,-0.111640401185,0.372293233871,-127.480659485,-6.37089681625,-12.59486866,-0.00665586348623,1
1538768636699797319,92.92543056,carbonZ_2018-10-05-14-37-22_3_left_aileron_failure,aileron,8.98999977112,-16.9158935547,2.85269856453,265,-0.111640401185,0.372293233871,-127.480659485,-6.42582559586,-12.5364665985,0.0359830148518,1
1538768636743989351,92.969622592,carbonZ_2018-10-05-14-37-22_3_left_aileron_failure,aileron,9.0,-16.9158935547,2.79284620285,265,-0.111640401185,0.372293233871,-127.480659485,-6.48994731903,-12.4783859253,0.0970002040267,1
1538768636801683719,93.02731696,carbonZ_2018-10-05-14-37-22_3_left_aileron_failure,aileron,9.0,-16.9158935547,2.79284620285,265,-0.111640401185,0.372293233871,-127.480659485,-6.48994731903,-12.4783859253,0.0970002040267,1
1538768636852185479,93.07781872,carbonZ_2018-10-05-14-37-22_3_left_aileron_failure,aileron,9.01999950409,-8.78257751465,2.75139307976,265,-2.64217376709,-0.021848494187,-126.760658264,-6.57246780396,-12.4031114578,0.181611672044,1
1538768636900700967,93.126334208,carbonZ_2018-10-05-14-37-22_3_left_aileron_failure,aileron,9.01999950409,-8.78257751465,2.75139307976,265,-2.64217376709,-0.021848494187,-126.760658264,-6.61345338821,-12.3636274338,0.210521042347,1
1538768636964729927,93.190363168,carbonZ_2018-10-05-14-37-22_3_left_aileron_failure,aileron,9.05000019073,-8.78257751465,2.7031056881,266,-2.64217376709,-0.021848494187,-126.760658264,-6.64583158493,-12.3332748413,0.179001137614,1
1538768637026017223,93.251650464,carbonZ_2018-10-05-14-37-22_3_left_aileron_failure,aileron,9.05000019073,-8.78257751465,2.7031056881,266,-2.64217376709,-0.021848494187,-126.760658264,-6.66611671448,-12.3134870529,0.152250185609,1
1538768637061464615,93.287097856,carbonZ_2018-10-05-14-37-22_3_left_aileron_failure,aileron,9.06999969482,-3.61442565918,2.6939740181,266,-2.64217376709,-0.021848494187,-126.760658264,-6.68654966354,-12.2952804565,0.0456814020872,1
1538768637105129383,93.330762624,carbonZ_2018-10-05-14-37-22_3_left_aileron_failure,aileron,9.06999969482,-3.61442565918,2.6939740181,266,-2.64217376709,-0.021848494187,-126.760658264,-6.7086315155,-12.2786846161,-0.0455945953727,1
1538768637149591303,93.375224544,carbonZ_2018-10-05-14-37-22_3_left_aileron_failure,aileron,9.07999992371,-3.61442565918,2.66101908684,267,-2.64217376709,-0.021848494187,-126.760658264,-6.73617315292,-12.2518081665,-0.0739066377282,1
1538768637219251847,93.444885088,carbonZ_2018-10-05-14-37-22_3_left_aileron_failure,aileron,9.07999992371,-3.61442565918,2.66101908684,267,-2.64217376709,-0.021848494187,-126.760658264,-6.77504968643,-12.2053871155,-0.115998506546,1
1538768637271205959,93.4968392,carbonZ_2018-10-05-14-37-22_3_left_aileron_failure,aileron,9.06999969482,1.05218887329,2.65186977386,267,-1.28102374077,0.269351810217,-127.995094299,-6.81676435471,-12.1560964584,-0.0892780348659,1
1538768637302893703,93.528526944,carbonZ_2018-10-05-14-37-22_3_left_aileron_failure,aileron,9.06999969482,1.05218887329,2.65186977386,267,-1.28102374077,0.269351810217,-127.995094299,-6.83565950394,-12.1295957565,-0.0626947954297,1
1538768637323896423,93.549529664,carbonZ_2018-10-05-14-37-22_3_left_aileron_failure,aileron,9.06999969482,1.05218887329,2.65186977386,267,-1.28102374077,0.269351810217,-127.995094299,-6.84591436386,-12.1156759262,-0.0474663861096,1
1538768637383414791,93.609048032,carbonZ_2018-10-05-14-37-22_3_left_aileron_failure,aileron,9.05999946594,1.05218887329,2.62928128242,268,-1.28102374077,0.269351810217,-127.995094299,-6.89837741852,-12.0573568344,0.0102671775967,1
1538768637422836391,93.648469632,carbonZ_2018-10-05-14-37-22_3_left_aileron_failure,aileron,9.05999946594,1.05218887329,2.62928128242,268,-1.28102374077,0.269351810217,-127.995094299,-6.93166971207,-12.0226545334,0.0645358413458,1
1538768637488275847,93.713909088,carbonZ_2018-10-05-14-37-22_3_left_aileron_failure,aileron,9.05999946594,0.531005859375,2.64119386673,268,-1.28102374077,0.269351810217,-127.995094299,-6.97034454346,-11.9881801605,0.169159606099,1
1538768637613447463,93.839080704,carbonZ_2018-10-05-14-37-22_3_left_aileron_failure,aileron,9.06999969482,0.531005859375,2.6365249157,269,-1.28102374077,0.269351810217,-127.995094299,-7.05698108673,-11.9186859131,-0.174641236663,1
1538768637629834055,93.855467296,carbonZ_2018-10-05-14-37-22_3_left_aileron_failure,aileron,9.06999969482,0.531005859375,2.6365249157,269,-1.28102374077,0.269351810217,-127.995094299,-7.07744073868,-11.9023342133,-0.252745389938,1
1538768637673001383,93.898634624,carbonZ_2018-10-05-14-37-22_3_left_aileron_failure,aileron,9.06999969482,11.4935874939,2.6679213047,269,-2.48808979988,0.767377614975,-130.958999634,-7.11175346375,-11.868060112,-0.385243415833,1
1538768637727164743,93.952797984,carbonZ_2018-10-05-14-37-22_3_left_aileron_failure,aileron,9.06999969482,11.4935874939,2.6679213047,269,-2.48808979988,0.767377614975,-130.958999634,-7.16694927216,-11.7994279861,-0.532033860683,1
1538768637780159847,94.005793088,carbonZ_2018-10-05-14-37-22_3_left_aileron_failure,aileron,9.01999950409,11.4935874939,2.6866133213,269,-2.48808979988,0.767377614975,-130.958999634,-7.20145654678,-11.7490282059,-0.568304300308,1
1538768637828197863,94.053831104,carbonZ_2018-10-05-14-37-22_3_left_aileron_failure,aileron,9.01999950409,11.4935874939,2.6866133213,269,-2.48808979988,0.767377614975,-130.958999634,-7.26208972931,-11.6687488556,-0.543372392654,1
1538768637866643431,94.092276672,carbonZ_2018-10-05-14-37-22_3_left_aileron_failure,aileron,8.96000003815,19.5652961731,2.74089193344,270,-2.48808979988,0.767377614975,-130.958999634,-7.30003213882,-11.6171016693,-0.53645658493,1
1538768637927987047,94.153620288,carbonZ_2018-10-05-14-37-22_3_left_aileron_failure,aileron,8.89999961853,19.5652961731,2.78646397591,270,-2.48808979988,0.767377614975,-130.958999634,-7.35067987442,-11.5424051285,-0.489834517241,1
1538768637985956487,94.211589728,carbonZ_2018-10-05-14-37-22_3_left_aileron_failure,aileron,8.89999961853,19.5652961731,2.78646397591,270,-2.48808979988,0.767377614975,-130.958999634,-7.38938903809,-11.4919643402,-0.452146410942,1
1538768638019659943,94.245293184,carbonZ_2018-10-05-14-37-22_3_left_aileron_failure,aileron,8.89999961853,19.5652961731,2.78646397591,270,-2.65793180466,0.555433869362,-133.361282349,-7.45933914185,-11.3958854675,-0.372142702341,1
1538768638061100615,94.286733856,carbonZ_2018-10-05-14-37-22_3_left_aileron_failure,aileron,8.8499994278,22.0114707947,2.87923431396,271,-2.65793180466,0.555433869362,-133.361282349,-7.45933914185,-11.3958854675,-0.372142702341,1
1538768638124900039,94.35053328,carbonZ_2018-10-05-14-37-22_3_left_aileron_failure,aileron,8.8499994278,22.0114707947,2.87923431396,271,-2.65793180466,0.555433869362,-133.361282349,-7.51908493042,-11.31291008,-0.317929029465,1
1538768638212466407,94.438099648,carbonZ_2018-10-05-14-37-22_3_left_aileron_failure,aileron,8.80000019073,22.0114707947,2.94647264481,271,-2.65793180466,0.555433869362,-133.361282349,-7.58441781998,-11.2248878479,-0.20276427269,1
1538768638247317639,94.47295088,carbonZ_2018-10-05-14-37-22_3_left_aileron_failure,aileron,8.77999973297,32.2787284851,3.06212425232,271,-2.65793180466,0.555433869362,-133.361282349,-7.614839077,-11.180975914,-0.127649202943,1
1538768638282214247,94.507847488,carbonZ_2018-10-05-14-37-22_3_left_aileron_failure,aileron,8.77999973297,32.2787284851,3.06212425232,271,-2.65793180466,0.555433869362,-133.361282349,-7.65254402161,-11.1281557083,-0.0306121408939,1
1538768638322920103,94.548553344,carbonZ_2018-10-05-14-37-22_3_left_aileron_failure,aileron,8.77999973297,32.2787284851,3.06212425232,271,-2.65793180466,0.555433869362,-133.361282349,-7.66647529602,-11.1095781326,9.38582234085e-05,1
1538768638360571623,94.586204864,carbonZ_2018-10-05-14-37-22_3_left_aileron_failure,aileron,8.77999973297,32.2787284851,3.16324973106,272,-2.65793180466,0.555433869362,-133.361282349,-7.7029633522,-11.0641736984,0.130817338824,1
1538768638413106759,94.63874,carbonZ_2018-10-05-14-37-22_3_left_aileron_failure,aileron,8.77999973297,32.2787284851,3.16324973106,272,-2.65793180466,0.555433869362,-133.361282349,-7.72506570816,-11.0350456238,0.227127194405,1
1538768638466175367,94.691808608,carbonZ_2018-10-05-14-37-22_3_left_aileron_failure,aileron,8.80000019073,39.8851394653,3.2878613472,272,-2.65793180466,0.555433869362,-133.361282349,-7.7468047142,-11.0110454559,0.335161924362,1
1538768638502926055,94.728559296,carbonZ_2018-10-05-14-37-22_3_left_aileron_failure,aileron,8.80000019073,39.8851394653,3.2878613472,272,-1.14303040504,-0.575751066208,-132.325195312,-7.76007795334,-10.9913425446,0.422082453966,1
1538768638550124359,94.7757576,carbonZ_2018-10-05-14-37-22_3_left_aileron_failure,aileron,8.84000015259,39.8851394653,3.40569329262,272,-1.14303040504,-0.575751066208,-132.325195312,-7.77391147614,-10.9735822678,0.512749671936,1
1538768638604005255,94.829638496,carbonZ_2018-10-05-14-37-22_3_left_aileron_failure,aileron,8.84000015259,39.8851394653,3.40569329262,272,-1.14303040504,-0.575751066208,-132.325195312,-7.79690170288,-10.9434194565,0.703814804554,1
1538768638661591399,94.88722464,carbonZ_2018-10-05-14-37-22_3_left_aileron_failure,aileron,8.92000007629,48.7426757812,3.53974509239,273,-1.14303040504,-0.575751066208,-132.325195312,-7.79690170288,-10.9434194565,0.703814804554,1
1538768638697269479,94.92290272,carbonZ_2018-10-05-14-37-22_3_left_aileron_failure,aileron,8.92000007629,48.7426757812,3.53974509239,273,-1.14303040504,-0.575751066208,-132.325195312,-7.80312013626,-10.9338798523,0.780068457127,1
1538768638742998727,94.968631968,carbonZ_2018-10-05-14-37-22_3_left_aileron_failure,aileron,9.0,48.7426757812,3.6648349762,273,-1.14303040504,-0.575751066208,-132.325195312,-7.80898809433,-10.9280757904,0.845040917397,1
1538768638816608487,95.042241728,carbonZ_2018-10-05-14-37-22_3_left_aileron_failure,aileron,9.0,48.7426757812,3.6648349762,273,-1.14303040504,-0.575751066208,-132.325195312,-7.8179473877,-10.920088768,0.879157841206,1
1538768638859313031,95.084946272,carbonZ_2018-10-05-14-37-22_3_left_aileron_failure,aileron,9.10999965668,49.6810913086,3.79719424248,274,2.05734658241,-0.708049476147,-132.322738647,-7.82464742661,-10.9138965607,0.928731560707,1
1538768638919844263,95.145477504,carbonZ_2018-10-05-14-37-22_3_left_aileron_failure,aileron,9.10999965668,49.6810913086,3.79719424248,274,2.05734658241,-0.708049476147,-132.322738647,-7.83153772354,-10.90325737,0.966684579849,1
1538768638946904647,95.172537888,carbonZ_2018-10-05-14-37-22_3_left_aileron_failure,aileron,9.21000003815,49.6810913086,3.91732621193,274,2.05734658241,-0.708049476147,-132.322738647,-7.84504890442,-10.8943986893,0.971484005451,1
1538768639010584647,95.236217888,carbonZ_2018-10-05-14-37-22_3_left_aileron_failure,aileron,9.21000003815,49.6810913086,3.91732621193,274,2.05734658241,-0.708049476147,-132.322738647,-7.85551738739,-10.8855352402,0.968819439411,1
1538768639088461447,95.314094688,carbonZ_2018-10-05-14-37-22_3_left_aileron_failure,aileron,9.31999969482,51.6304016113,4.05016565323,274,2.05734658241,-0.708049476147,-132.322738647,-7.87664365768,-10.8673200607,0.975380241871,1
1538768639108443783,95.334077024,carbonZ_2018-10-05-14-37-22_3_left_aileron_failure,aileron,9.31999969482,51.6304016113,4.05016565323,274,2.05734658241,-0.708049476147,-132.322738647,-7.89191627502,-10.8550596237,0.978695333004,1
1538768639184806567,95.410439808,carbonZ_2018-10-05-14-37-22_3_left_aileron_failure,aileron,9.42000007629,51.6304016113,4.17973613739,275,2.05734658241,-0.708049476147,-132.322738647,-7.90951013565,-10.8426589966,0.990016698837,1
1538768639210470023,95.436103264,carbonZ_2018-10-05-14-37-22_3_left_aileron_failure,aileron,9.42000007629,51.6304016113,4.17973613739,275,2.05734658241,-0.708049476147,-132.322738647,-7.93103551865,-10.827542305,1.00927519798,1
1538768639267519079,95.49315232,carbonZ_2018-10-05-14-37-22_3_left_aileron_failure,aileron,9.51999950409,58.2689285278,4.31378698349,275,2.60728478432,-0.175801068544,-134.690063477,-7.9480047226,-10.8121213913,1.02658867836,1
1538768639301801831,95.527435072,carbonZ_2018-10-05-14-37-22_3_left_aileron_failure,aileron,9.51999950409,58.2689285278,4.31378698349,275,2.60728478432,-0.175801068544,-134.690063477,-7.96356058121,-10.8022975922,1.03300571442,1
1538768639417546663,95.643179904,carbonZ_2018-10-05-14-37-22_3_left_aileron_failure,aileron,9.63000011444,58.2689285278,4.44166755676,276,2.60728478432,-0.175801068544,-134.690063477,-8.00794315338,-10.774766922,0.960506856441,1
1538768639458580519,95.68421376,carbonZ_2018-10-05-14-37-22_3_left_aileron_failure,aileron,9.73999977112,55.633354187,4.58515787125,276,2.60728478432,-0.175801068544,-134.690063477,-8.031914711,-10.7607364655,0.909706950188,1
1538768639507349159,95.7329824,carbonZ_2018-10-05-14-37-22_3_left_aileron_failure,aileron,9.73999977112,55.633354187,4.58515787125,276,2.60728478432,-0.175801068544,-134.690063477,-8.05059528351,-10.7485771179,0.864561915398,1
1538768639540465735,95.766098976,carbonZ_2018-10-05-14-37-22_3_left_aileron_failure,aileron,9.84000015259,55.633354187,4.72356033325,276,2.60728478432,-0.175801068544,-134.690063477,-8.07633781433,-10.7314186096,0.824665009975,1
1538768639600432967,95.826066208,carbonZ_2018-10-05-14-37-22_3_left_aileron_failure,aileron,9.84000015259,55.633354187,4.72356033325,276,2.60728478432,-0.175801068544,-134.690063477,-8.09530830383,-10.7232875824,0.76544624567,1
1538768639648210535,95.873843776,carbonZ_2018-10-05-14-37-22_3_left_aileron_failure,aileron,9.92000007629,57.2927474976,4.88545417786,277,2.35317111015,0.29562830925,-134.232559204,-8.09530830383,-10.7232875824,0.76544624567,1
1538768639664321607,95.889954848,carbonZ_2018-10-05-14-37-22_3_left_aileron_failure,aileron,9.92000007629,57.2927474976,4.88545417786,277,2.35317111015,0.29562830925,-134.232559204,-8.10952949524,-10.7153129578,0.699962496758,1
1538768639745792455,95.971425696,carbonZ_2018-10-05-14-37-22_3_left_aileron_failure,aileron,9.98999977112,57.2927474976,5.03342485428,277,2.35317111015,0.29562830925,-134.232559204,-8.1329164505,-10.7097215652,0.578527390957,1
1538768639760679175,95.986312416,carbonZ_2018-10-05-14-37-22_3_left_aileron_failure,aileron,9.98999977112,57.2927474976,5.03342485428,277,2.35317111015,0.29562830925,-134.232559204,-8.1329164505,-10.7097215652,0.578527390957,1
1538768639819863815,96.045497056,carbonZ_2018-10-05-14-37-22_3_left_aileron_failure,aileron,9.98999977112,57.2927474976,5.03342485428,277,2.35317111015,0.29562830925,-134.232559204,-8.15468120575,-10.7036380768,0.45013859868,1
1538768639889090119,96.11472336,carbonZ_2018-10-05-14-37-22_3_left_aileron_failure,aileron,10.0399999619,57.8113555908,5.20245790482,278,2.35317111015,0.29562830925,-134.232559204,-8.16297721863,-10.7015666962,0.378610610962,1
1538768639924516871,96.150150112,carbonZ_2018-10-05-14-37-22_3_left_aileron_failure,aileron,10.0399999619,57.8113555908,5.20245790482,278,2.35317111015,0.29562830925,-134.232559204,-8.16243076324,-10.7027168274,0.342240214348,1
1538768640012192199,96.23782544,carbonZ_2018-10-05-14-37-22_3_left_aileron_failure,aileron,10.0699996948,57.8113555908,5.35043001175,278,2.35317111015,0.29562830925,-134.232559204,-8.17702960968,-10.6915063858,0.337243407965,1
1538768640052217479,96.27785072,carbonZ_2018-10-05-14-37-22_3_left_aileron_failure,aileron,10.0999994278,50.8549690247,5.50662755966,279,2.35317111015,0.29562830925,-134.232559204,-8.18373680115,-10.6870346069,0.352311044931,1
1538768640113376519,96.33900976,carbonZ_2018-10-05-14-37-22_3_left_aileron_failure,aileron,10.0999994278,50.8549690247,5.50662755966,279,2.35317111015,0.29562830925,-134.232559204,-8.18602561951,-10.6868839264,0.354452192783,1
1538768640142402535,96.368035776,carbonZ_2018-10-05-14-37-22_3_left_aileron_failure,aileron,10.1300001144,50.8549690247,5.66403913498,279,4.05058717728,1.01818537712,-134.393814087,-8.19046974182,-10.681479454,0.362562716007,1
1538768640184151527,96.409784768,carbonZ_2018-10-05-14-37-22_3_left_aileron_failure,aileron,10.1300001144,50.8549690247,5.66403913498,279,4.05058717728,1.01818537712,-134.393814087,-8.19019985199,-10.6803531647,0.374035447836,1
