timestamp_ns,time_sec,flight_id,fault_type,alt_error,aspd_error,xtrack_error,wp_dist,nav_roll,nav_pitch,nav_yaw,nav_x,nav_y,nav_z,label_anomaly
1532134949003780240,0.0,carbonZ_2018-07-30-16-39-00_2_engine_failure,engine,-1.93999993801,-719.174377441,-33.3959922791,11,15.6513271332,13.7238178253,-69.9196472168,10.5109043121,-18.2270355225,-5.12336015701,0
1532134949071279312,0.067499072,carbonZ_2018-07-30-16-39-00_2_engine_failure,engine,-2.47000002861,-733.936096191,-31.3435764313,13,15.6513271332,13.7238178253,-69.9196472168,10.7749042511,-17.709859848,-5.47199821472,0
1532134949102360432,0.098580192,carbonZ_2018-07-30-16-39-00_2_engine_failure,engine,-2.47000002861,-733.936096191,-31.3435764313,13,15.6513271332,13.7238178253,-69.9196472168,10.9574022293,-17.3524551392,-5.69134950638,0
1532134949157769072,0.153988832,carbonZ_2018-07-30-16-39-00_2_engine_failure,engine,-3.06999993324,-734.016418457,-29.3450317383,15,15.6513271332,13.7238178253,-69.9196472168,11.3200387955,-16.6085739136,-6.05672264099,0
1532134949201213392,0.197433152,carbonZ_2018-07-30-16-39-00_2_engine_failure,engine,-3.06999993324,-734.016418457,-29.3450317383,15,15.6513271332,13.7238178253,-69.9196472168,11.4104719162,-16.4148387909,-6.11822891235,0
1532134949248284016,0.244503776,carbonZ_2018-07-30-16-39-00_2_engine_failure,engine,-3.73000001907,-718.221862793,-155.657913208,17,15.6513271332,13.7238178253,-69.9196472168,11.7570028305,-15.6035470963,-6.39088249207,0
1532134949301613360,0.29783312,carbonZ_2018-07-30-16-39-00_2_engine_failure,engine,-3.73000001907,-718.221862793,-155.657913208,17,33.8125534058,26.2848510742,-63.3791427612,11.8407373428,-15.398358345,-6.45320367813,0
1532134949375543280,0.37176304,carbonZ_2018-07-30-16-39-00_2_engine_failure,engine,-4.42000007629,-603.34387207,-157.159713745,19,33.8125534058,26.2848510742,-63.3791427612,12.1669425964,-14.5954742432,-6.62197256088,0
1532134949416207888,0.412427648,carbonZ_2018-07-30-16-39-00_2_engine_failure,engine,-4.42000007629,-603.34387207,-157.159713745,19,33.8125534058,26.2848510742,-63.3791427612,12.2410240173,-14.3897600174,-6.6361656189,0
1532134949474183184,0.470402944,carbonZ_2018-07-30-16-39-00_2_engine_failure,engine,-5.15000009537,-574.398498535,-158.57850647,20,33.8125534058,26.2848510742,-63.3791427612,12.509018898,-13.6111907959,-6.62441158295,0
1532134949537262192,0.533481952,carbonZ_2018-07-30-16-39-00_2_engine_failure,engine,-5.15000009537,-574.398498535,-158.57850647,20,33.8125534058,26.2848510742,-63.3791427612,12.6917858124,-13.0574970245,-6.57478952408,0
1532134949576357872,0.572577632,carbonZ_2018-07-30-16-39-00_2_engine_failure,engine,-5.86999988556,-535.234924316,-159.879608154,22,33.8125534058,26.2848510742,-63.3791427612,12.8155536652,-12.6934022903,-6.54369831085,0
1532134949629877584,0.626097344,carbonZ_2018-07-30-16-39-00_2_engine_failure,engine,-5.86999988556,-535.234924316,-159.879608154,22,40.0989837646,28.6066226959,-54.0639610291,13.0067949295,-12.0835084915,-6.50543785095,0
1532134949678296400,0.67451616,carbonZ_2018-07-30-16-39-00_2_engine_failure,engine,-6.59999990463,-495.806396484,-161.080184937,24,40.0989837646,28.6066226959,-54.0639610291,13.1380987167,-11.6774177551,-6.46780109406,0
1532134949744660848,0.740880608,carbonZ_2018-07-30-16-39-00_2_engine_failure,engine,-7.31999969482,-458.495239258,-162.197463989,25,40.0989837646,28.6066226959,-54.0639610291,13.3100862503,-11.1271419525,-6.38363790512,0
1532134949798272080,0.79449184,carbonZ_2018-07-30-16-39-00_2_engine_failure,engine,-7.31999969482,-458.495239258,-162.197463989,25,40.0989837646,28.6066226959,-54.0639610291,13.4600992203,-10.5962314606,-6.26768541336,0
1532134949847547600,0.84376736,carbonZ_2018-07-30-16-39-00_2_engine_failure,engine,-8.02999973297,-407.602966309,-163.205215454,27,40.0989837646,28.6066226959,-54.0639610291,13.6292190552,-9.93040275574,-6.02164793015,0
1532134949901634480,0.89785424,carbonZ_2018-07-30-16-39-00_2_engine_failure,engine,-8.02999973297,-407.602966309,-163.205215454,27,40.0989837646,28.6066226959,-54.0639610291,13.7403802872,-9.46978378296,-5.80624914169,0
1532134949937782704,0.934002464,carbonZ_2018-07-30-16-39-00_2_engine_failure,engine,-8.02999973297,-407.602966309,-163.205215454,27,40.0989837646,28.6066226959,-54.0639610291,13.7403802872,-9.46978378296,-5.80624914169,0
1532134949979791056,0.976010816,carbonZ_2018-07-30-16-39-00_2_engine_failure,engine,-8.71000003815,-342.249572754,-164.146255493,28,40.0989837646,28.6066226959,-54.0639610291,13.8356876373,-9.05188179016,-5.55632305145,0
1532134950036377552,1.032597312,carbonZ_2018-07-30-16-39-00_2_engine_failure,engine,-8.71000003815,-342.249572754,-164.146255493,28,40.0989837646,28.6066226959,-54.0639610291,13.8622074127,-8.90885353088,-5.4655790329,0
1532134950055992176,1.052211936,carbonZ_2018-07-30-16-39-00_2_engine_failure,engine,-9.3499994278,-274.331176758,-165.0027771,30,47.3367881775,25.2235221863,-41.6799468994,13.9187812805,-8.62994766235,-5.27095985413,0
1532134950111398256,1.107618016,carbonZ_2018-07-30-16-39-00_2_engine_failure,engine,-9.3499994278,-274.331176758,-165.0027771,30,47.3367881775,25.2235221863,-41.6799468994,13.9579391479,-8.40200138092,-5.06809139252,0
1532134950169848208,1.166067968,carbonZ_2018-07-30-16-39-00_2_engine_failure,engine,-9.9299993515,-183.225540161,-165.800170898,31,47.3367881775,25.2235221863,-41.6799468994,14.0672664642,-7.83515405655,-4.5042257309,0
1532134950227058224,1.223277984,carbonZ_2018-07-30-16-39-00_2_engine_failure,engine,-9.9299993515,-183.225540161,-165.800170898,31,47.3367881775,25.2235221863,-41.6799468994,14.0672664642,-7.83515405655,-4.5042257309,0
1532134950267550832,1.263770592,carbonZ_2018-07-30-16-39-00_2_engine_failure,engine,-10.4499998093,-102.157501221,-166.547439575,33,47.3367881775,25.2235221863,-41.6799468994,14.139998436,-7.38124132156,-4.04034662247,0
1532134950310430224,1.306649984,carbonZ_2018-07-30-16-39-00_2_engine_failure,engine,-10.4499998093,-102.157501221,-166.547439575,33,47.3367881775,25.2235221863,-41.6799468994,14.1578874588,-7.27160549164,-3.92394137383,0
1532134950357368176,1.353587936,carbonZ_2018-07-30-16-39-00_2_engine_failure,engine,-10.9099998474,-43.5797691345,-167.244018555,34,47.3367881775,25.2235221863,-41.6799468994,14.2240037918,-6.92816162109,-3.59666228294,0
1532134950411981904,1.408201664,carbonZ_2018-07-30-16-39-00_2_engine_failure,engine,-10.9099998474,-43.5797691345,-167.244018555,34,47.3367881775,25.2235221863,-41.6799468994,14.2671480179,-6.71192836761,-3.37906527519,0
1532134950471984720,1.46820448,carbonZ_2018-07-30-16-39-00_2_engine_failure,engine,-11.3199996948,14.6129608154,-167.890197754,36,52.3362922668,18.7924442291,-32.1081619263,14.3259954453,-6.25200986862,-2.92871832848,0
1532134950497437136,1.493656896,carbonZ_2018-07-30-16-39-00_2_engine_failure,engine,-11.3199996948,14.6129608154,-167.890197754,36,52.3362922668,18.7924442291,-32.1081619263,14.3465900421,-6.05586862564,-2.68983983994,0
1532134950548432560,1.54465232,carbonZ_2018-07-30-16-39-00_2_engine_failure,engine,-11.6599998474,59.1831207275,-168.485076904,37,52.3362922668,18.7924442291,-32.1081619263,14.3698787689,-5.85982894897,-2.44984340668,0
1532134950625100784,1.621320544,carbonZ_2018-07-30-16-39-00_2_engine_failure,engine,-11.6599998474,59.1831207275,-168.485076904,37,52.3362922668,18.7924442291,-32.1081619263,14.3861017227,-5.58510255814,-2.06823396683,0
1532134950671548144,1.667767904,carbonZ_2018-07-30-16-39-00_2_engine_failure,engine,-11.9299993515,98.2109985352,-169.021102905,38,52.3362922668,18.7924442291,-32.1081619263,14.4065351486,-5.30216121674,-1.70324981213,0
1532134950715466416,1.711686176,carbonZ_2018-07-30-16-39-00_2_engine_failure,engine,-11.9299993515,98.2109985352,-169.021102905,38,52.2380218506,12.8959951401,-26.5185585022,14.4288043976,-5.10219287872,-1.46966719627,0
1532134950815604784,1.811824544,carbonZ_2018-07-30-16-39-00_2_engine_failure,engine,-12.1499996185,134.592147827,-169.531784058,40,52.2380218506,12.8959951401,-26.5185585022,14.4852771759,-4.60376358032,-0.90595048666,0
1532134950871736496,1.867956256,carbonZ_2018-07-30-16-39-00_2_engine_failure,engine,-12.3000001907,167.788513184,-169.983596802,41,52.2380218506,12.8959951401,-26.5185585022,14.5019540787,-4.4120631218,-0.672641634941,0
1532134950901998512,1.898218272,carbonZ_2018-07-30-16-39-00_2_engine_failure,engine,-12.3000001907,167.788513184,-169.983596802,41,52.2380218506,12.8959951401,-26.5185585022,14.5210733414,-4.22585439682,-0.442515581846,0
1532134951020729008,2.016948768,carbonZ_2018-07-30-16-39-00_2_engine_failure,engine,-12.3899993896,189.915283203,-170.392868042,42,52.2380218506,12.8959951401,-26.5185585022,14.597196579,-3.63895130157,0.222243875265,0
1532134951077055472,2.073275232,carbonZ_2018-07-30-16-39-00_2_engine_failure,engine,-12.4200000763,207.378677368,-170.751754761,43,52.0970993042,5.22086858749,-19.5587444305,14.6360082626,-3.33620548248,0.560441851616,0
1532134951116836112,2.113055872,carbonZ_2018-07-30-16-39-00_2_engine_failure,engine,-12.4200000763,207.378677368,-170.751754761,43,52.0970993042,5.22086858749,-19.5587444305,14.6777696609,-3.04908537865,0.881837487221,0
1532134951169487856,2.165707616,carbonZ_2018-07-30-16-39-00_2_engine_failure,engine,-12.3999996185,218.519592285,-171.07711792,45,52.0970993042,5.22086858749,-19.5587444305,14.6949462891,-2.94825053215,0.986842930317,0
1532134951189750608,2.185970368,carbonZ_2018-07-30-16-39-00_2_engine_failure,engine,-12.3999996185,218.519592285,-171.07711792,45,52.0970993042,5.22086858749,-19.5587444305,14.7291049957,-2.76621723175,1.20029962063,0
1532134951260004368,2.256224128,carbonZ_2018-07-30-16-39-00_2_engine_failure,engine,-12.3199996948,243.233673096,-171.352081299,46,52.0970993042,5.22086858749,-19.5587444305,14.7811155319,-2.37879872322,1.63389396667,0
1532134951308579952,2.304799712,carbonZ_2018-07-30-16-39-00_2_engine_failure,engine,-12.3199996948,243.233673096,-171.352081299,46,52.0970993042,5.22086858749,-19.5587444305,14.7967433929,-2.28155946732,1.74491381645,0
1532134951376249840,2.3724696,carbonZ_2018-07-30-16-39-00_2_engine_failure,engine,-12.1799993515,254.2447052,-171.584777832,47,52.0970993042,5.22086858749,-19.5587444305,14.8533401489,-1.93137383461,2.19747400284,0
1532134951434124240,2.430344,carbonZ_2018-07-30-16-39-00_2_engine_failure,engine,-12.1799993515,254.2447052,-171.584777832,47,51.4540901184,-3.760014534,-9.56678295135,14.8778772354,-1.75378918648,2.41777014732,0
1532134951471188784,2.467408544,carbonZ_2018-07-30-16-39-00_2_engine_failure,engine,-11.9799995422,268.918884277,-171.775558472,48,51.4540901184,-3.760014534,-9.56678295135,14.9169120789,-1.46550667286,2.74532437325,0
1532134951525042800,2.52126256,carbonZ_2018-07-30-16-39-00_2_engine_failure,engine,-11.9799995422,268.918884277,-171.775558472,48,51.4540901184,-3.760014534,-9.56678295135,14.947728157,-1.28155636787,2.95534205437,0
1532134951578214704,2.574434464,carbonZ_2018-07-30-16-39-00_2_engine_failure,engine,-11.7299995422,269.342407227,-171.915908813,49,51.4540901184,-3.760014534,-9.56678295135,15.0087738037,-0.985125899315,3.23272490501,0
1532134951624602288,2.620822048,carbonZ_2018-07-30-16-39-00_2_engine_failure,engine,-11.7299995422,269.342407227,-171.915908813,49,51.4540901184,-3.760014534,-9.56678295135,15.0415554047,-0.768765807152,3.41226768494,0
1532134951675687600,2.67190736,carbonZ_2018-07-30-16-39-00_2_engine_failure,engine,-11.4099998474,272.798431396,-172.01373291,51,51.4540901184,-3.760014534,-9.56678295135,15.0958356857,-0.42577239871,3.66925191879,0
1532134951699192144,2.695411904,carbonZ_2018-07-30-16-39-00_2_engine_failure,engine,-11.4099998474,272.798431396,-172.01373291,51,51.4540901184,-3.760014534,-9.56678295135,15.1129703522,-0.307459235191,3.7515566349,0
1532134951755862480,2.75208224,carbonZ_2018-07-30-16-39-00_2_engine_failure,engine,-11.0599994659,238.087371826,-172.052993774,52,51.4540901184,-3.760014534,-9.56678295135,15.1653356552,0.054061640054,3.98897647858,0
1532134951810744880,2.80696464,carbonZ_2018-07-30-16-39-00_2_engine_failure,engine,-11.0599994659,238.087371826,-172.052993774,52,51.4540901184,-3.760014534,-9.56678295135,15.1968603134,0.304115623236,4.13976240158,0
1532134951851040208,2.847259968,carbonZ_2018-07-30-16-39-00_2_engine_failure,engine,-10.6599998474,199.202819824,-172.033401489,53,47.2579269409,-11.5263328552,4.05006170273,15.237575531,0.690585315228,4.34633970261,0
1532134951912244784,2.908464544,carbonZ_2018-07-30-16-39-00_2_engine_failure,engine,-10.6599998474,199.202819824,-172.033401489,53,47.2579269409,-11.5263328552,4.05006170273,15.266699791,0.943994045258,4.47782564163,0
1532134951937617456,2.933837216,carbonZ_2018-07-30-16-39-00_2_engine_failure,engine,-10.6599998474,199.202819824,-172.033401489,53,47.2579269409,-11.5263328552,4.05006170273,15.266699791,0.943994045258,4.47782564163,0
1532134952009534288,3.005754048,carbonZ_2018-07-30-16-39-00_2_engine_failure,engine,-10.2299995422,160.613632202,-171.946502686,54,47.2579269409,-11.5263328552,4.05006170273,15.3281145096,1.49137699604,4.69839572906,0
1532134952067469392,3.063689152,carbonZ_2018-07-30-16-39-00_2_engine_failure,engine,-9.76000022888,127.271270752,-171.792312622,55,47.2579269409,-11.5263328552,4.05006170273,15.3539648056,2.09231972694,4.87069940567,0
1532134952092298384,3.088518144,carbonZ_2018-07-30-16-39-00_2_engine_failure,engine,-9.76000022888,127.271270752,-171.792312622,55,47.2579269409,-11.5263328552,4.05006170273,15.35501194,2.40123462677,4.96449422836,0
1532134952135932880,3.13215264,carbonZ_2018-07-30-16-39-00_2_engine_failure,engine,-9.76000022888,127.271270752,-171.792312622,55,47.2579269409,-11.5263328552,4.05006170273,15.3515672684,2.70891475677,5.04691743851,0
1532134952178951376,3.175171136,carbonZ_2018-07-30-16-39-00_2_engine_failure,engine,-9.26999950409,112.251091003,-171.562347412,56,47.2579269409,-11.5263328552,4.05006170273,15.3551654816,3.00319743156,5.12555217743,0
1532134952248895024,3.245114784,carbonZ_2018-07-30-16-39-00_2_engine_failure,engine,-9.26999950409,112.251091003,-171.562347412,56,47.2579269409,-11.5263328552,4.05006170273,15.3168706894,3.48202013969,5.23135614395,0
1532134952273040112,3.269259872,carbonZ_2018-07-30-16-39-00_2_engine_failure,engine,-8.75,109.37071228,-171.247924805,57,41.7355766296,-15.51674366,19.836479187,15.2873420715,3.7918908596,5.3118262291,0
1532134952316880016,3.313099776,carbonZ_2018-07-30-16-39-00_2_engine_failure,engine,-8.75,109.37071228,-171.247924805,57,41.7355766296,-15.51674366,19.836479187,15.2592573166,4.10101604462,5.37594032288,0
1532134952352443056,3.348662816,carbonZ_2018-07-30-16-39-00_2_engine_failure,engine,-8.21000003815,103.580474854,-170.857116699,59,41.7355766296,-15.51674366,19.836479187,15.2126674652,4.43994951248,5.43031787872,0
1532134952412975152,3.409194912,carbonZ_2018-07-30-16-39-00_2_engine_failure,engine,-8.21000003815,103.580474854,-170.857116699,59,41.7355766296,-15.51674366,19.836479187,15.0882396698,5.13502216339,5.51590299606,0
1532134952462986672,3.459206432,carbonZ_2018-07-30-16-39-00_2_engine_failure,engine,-7.65999984741,100.699142456,-170.372772217,60,41.7355766296,-15.51674366,19.836479187,15.0493869781,5.31624698639,5.53247880936,0
1532134952494720464,3.490940224,carbonZ_2018-07-30-16-39-00_2_engine_failure,engine,-7.65999984741,100.699142456,-170.372772217,60,41.7355766296,-15.51674366,19.836479187,14.9298219681,5.84418296814,5.57978439331,0
1532134952577773552,3.573993312,carbonZ_2018-07-30-16-39-00_2_engine_failure,engine,-7.09999990463,92.8299865723,-169.803604126,61,41.7355766296,-15.51674366,19.836479187,14.7939901352,6.35690975189,5.62089061737,0
1532134952616098384,3.612318144,carbonZ_2018-07-30-16-39-00_2_engine_failure,engine,-7.09999990463,92.8299865723,-169.803604126,61,41.7355766296,-15.51674366,19.836479187,14.6686429977,6.71645450592,5.64584255219,0
1532134952672214544,3.668434304,carbonZ_2018-07-30-16-39-00_2_engine_failure,engine,-6.53999996185,86.2372436523,-169.140304565,62,43.8085517883,-14.6303749084,33.1911506653,14.5427961349,7.07320165634,5.66481018066,0
1532134952690281488,3.686501248,carbonZ_2018-07-30-16-39-00_2_engine_failure,engine,-6.53999996185,86.2372436523,-169.140304565,62,43.8085517883,-14.6303749084,33.1911506653,14.4121761322,7.42178440094,5.68454504013,0
1532134952760091440,3.7563112,carbonZ_2018-07-30-16-39-00_2_engine_failure,engine,-5.98000001907,83.2560577393,-168.391891479,62,43.8085517883,-14.6303749084,33.1911506653,14.1926593781,7.95183420181,5.69159698486,0
1532134952803558384,3.799778144,carbonZ_2018-07-30-16-39-00_2_engine_failure,engine,-5.98000001907,83.2560577393,-168.391891479,62,43.8085517883,-14.6303749084,33.1911506653,14.1926593781,7.95183420181,5.69159698486,0
1532134952865959664,3.862179424,carbonZ_2018-07-30-16-39-00_2_engine_failure,engine,-5.40999984741,72.008895874,-167.549041748,63,43.8085517883,-14.6303749084,33.1911506653,13.7726421356,8.81499862671,5.69304990768,0
1532134952918284496,3.914504256,carbonZ_2018-07-30-16-39-00_2_engine_failure,engine,-5.40999984741,72.008895874,-167.549041748,63,43.8085517883,-14.6303749084,33.1911506653,13.5005588531,9.32354927063,5.67043542862,0
1532134952959108080,3.95532784,carbonZ_2018-07-30-16-39-00_2_engine_failure,engine,-4.83999967575,67.4646377563,-166.620788574,64,42.1939697266,-12.9024887085,43.2826576233,13.3037624359,9.67002296448,5.62764549255,0
1532134953006449040,4.0026688,carbonZ_2018-07-30-16-39-00_2_engine_failure,engine,-4.83999967575,67.4646377563,-166.620788574,64,42.1939697266,-12.9024887085,43.2826576233,13.0918111801,10.0137386322,5.57649183273,0
1532134953044731664,4.040951424,carbonZ_2018-07-30-16-39-00_2_engine_failure,engine,-4.28999996185,43.7385559082,-165.606231689,65,42.1939697266,-12.9024887085,43.2826576233,12.7610197067,10.4908313751,5.5147395134,0
1532134953078316688,4.074536448,carbonZ_2018-07-30-16-39-00_2_engine_failure,engine,-4.28999996185,43.7385559082,-165.606231689,65,42.1939697266,-12.9024887085,43.2826576233,12.6481781006,10.6405706406,5.49557685852,0
1532134953119171984,4.115391744,carbonZ_2018-07-30-16-39-00_2_engine_failure,engine,-4.28999996185,43.7385559082,-165.606231689,65,42.1939697266,-12.9024887085,43.2826576233,12.3187599182,11.0753879547,5.44149875641,0
1532134953206052080,4.20227184,carbonZ_2018-07-30-16-39-00_2_engine_failure,engine,-3.75,28.4906387329,-164.514129639,66,42.1939697266,-12.9024887085,43.2826576233,11.9776220322,11.4842844009,5.3975944519,0
1532134953258426160,4.25464592,carbonZ_2018-07-30-16-39-00_2_engine_failure,engine,-3.22000002861,15.8605575562,-163.352615356,66,38.7354354858,-11.9036216736,52.4466133118,11.5038509369,11.986989975,5.35021686554,0
1532134953307463024,4.303682784,carbonZ_2018-07-30-16-39-00_2_engine_failure,engine,-3.22000002861,15.8605575562,-163.352615356,66,38.7354354858,-11.9036216736,52.4466133118,11.3777942657,12.1098651886,5.33457708359,0
1532134953351377840,4.3475976,carbonZ_2018-07-30-16-39-00_2_engine_failure,engine,-2.70000004768,8.88681411743,-162.14704895,67,38.7354354858,-11.9036216736,52.4466133118,11.145324707,12.3362989426,5.30733585358,0
1532134953385859344,4.382079104,carbonZ_2018-07-30-16-39-00_2_engine_failure,engine,-2.70000004768,8.88681411743,-162.14704895,67,38.7354354858,-11.9036216736,52.4466133118,10.8909454346,12.5710105896,5.26617574692,0
1532134953436551568,4.432771328,carbonZ_2018-07-30-16-39-00_2_engine_failure,engine,-2.70000004768,8.88681411743,-162.14704895,67,38.7354354858,-11.9036216736,52.4466133118,10.4751663208,12.9077825546,5.20286226273,0
1532134953473856112,4.470075872,carbonZ_2018-07-30-16-39-00_2_engine_failure,engine,-2.19000005722,6.31008148193,-160.872406006,67,38.7354354858,-11.9036216736,52.4466133118,10.0474452972,13.2357559204,5.13186740875,0
1532134953542928912,4.539148672,carbonZ_2018-07-30-16-39-00_2_engine_failure,engine,-2.19000005722,6.31008148193,-160.872406006,67,37.9317016602,-10.7132587433,63.1900062561,9.58451557159,13.5732707977,5.02042961121,0
1532134953623945360,4.62016512,carbonZ_2018-07-30-16-39-00_2_engine_failure,engine,-1.68999993801,-2.68583297729,-159.553390503,68,37.9317016602,-10.7132587433,63.1900062561,9.08644485474,13.8955478668,4.8873758316,0
1532134953642552496,4.638772256,carbonZ_2018-07-30-16-39-00_2_engine_failure,engine,-1.68999993801,-2.68583297729,-159.553390503,68,37.9317016602,-10.7132587433,63.1900062561,8.91708278656,14.0004653931,4.84014606476,0
1532134953693351824,4.689571584,carbonZ_2018-07-30-16-39-00_2_engine_failure,engine,-1.20999991894,-16.4244651794,-158.173141479,68,37.9317016602,-10.7132587433,63.1900062561,8.39530181885,14.3010931015,4.68785190582,0
1532134953744911152,4.741130912,carbonZ_2018-07-30-16-39-00_2_engine_failure,engine,-0.75,-38.2746696472,-156.748550415,69,37.9317016602,-10.7132587433,63.1900062561,7.66899871826,14.6782484055,4.45797491074,0
1532134953799598768,4.795818528,carbonZ_2018-07-30-16-39-00_2_engine_failure,engine,-0.75,-38.2746696472,-156.748550415,69,37.9317016602,-10.7132587433,63.1900062561,7.66899871826,14.6782484055,4.45797491074,0
1532134953864735952,4.860955712,carbonZ_2018-07-30-16-39-00_2_engine_failure,engine,-0.329999983311,-63.5584831238,-155.28742981,69,37.9317016602,-10.7132587433,63.1900062561,6.88595628738,15.0079202652,4.20402288437,0
1532134953897821712,4.894041472,carbonZ_2018-07-30-16-39-00_2_engine_failure,engine,-0.329999983311,-63.5584831238,-155.28742981,69,38.5114440918,-7.68279981613,75.903427124,6.48906755447,15.1595964432,4.07785892487,0
1532134953959478384,4.955698144,carbonZ_2018-07-30-16-39-00_2_engine_failure,engine,0.070000000298,-69.6505584717,-153.781677246,69,38.5114440918,-7.68279981613,75.903427124,6.1079788208,15.2943220139,3.96648931503,0
1532134954006952080,5.00317184,carbonZ_2018-07-30-16-39-00_2_engine_failure,engine,0.070000000298,-69.6505584717,-153.781677246,69,38.5114440918,-7.68279981613,75.903427124,5.49975967407,15.4841184616,3.78589248657,0
1532134954063169232,5.059388992,carbonZ_2018-07-30-16-39-00_2_engine_failure,engine,0.439999997616,-79.5887908936,-152.24760437,70,38.5114440918,-7.68279981613,75.903427124,4.67176866531,15.6816282272,3.53927946091,0
1532134954103953808,5.100173568,carbonZ_2018-07-30-16-39-00_2_engine_failure,engine,0.439999997616,-79.5887908936,-152.24760437,70,38.5114440918,-7.68279981613,75.903427124,4.67176866531,15.6816282272,3.53927946091,0
1532134954137283280,5.13350304,carbonZ_2018-07-30-16-39-00_2_engine_failure,engine,0.769999980927,-89.1350708008,-150.685424805,70,38.5114440918,-7.68279981613,75.903427124,4.05780220032,15.8062896729,3.3454709053,0
1532134954178717776,5.174937536,carbonZ_2018-07-30-16-39-00_2_engine_failure,engine,0.769999980927,-89.1350708008,-150.685424805,70,38.5114440918,-7.68279981613,75.903427124,3.68687272072,15.8766708374,3.23684597015,0
1532134954240377648,5.236597408,carbonZ_2018-07-30-16-39-00_2_engine_failure,engine,0.769999980927,-89.1350708008,-150.685424805,70,38.5114440918,-7.68279981613,75.903427124,3.07064652443,15.9523773193,3.02346754074,0
1532134954273173104,5.269392864,carbonZ_2018-07-30-16-39-00_2_engine_failure,engine,1.05999994278,-90.6865081787,-149.120605469,70,37.421672821,-4.30834341049,89.2200012207,2.6396753788,16.0013504028,2.85122251511,0
1532134954319864080,5.31608384,carbonZ_2018-07-30-16-39-00_2_engine_failure,engine,1.05999994278,-90.6865081787,-149.120605469,70,37.421672821,-4.30834341049,89.2200012207,2.22047114372,16.0437278748,2.68511104584,0
1532134954355095504,5.351315264,carbonZ_2018-07-30-16-39-00_2_engine_failure,engine,1.31999993324,-107.115646362,-147.53616333,70,37.421672821,-4.30834341049,89.2200012207,1.82265233994,16.0730133057,2.53915381432,0
1532134954436308432,5.432528192,carbonZ_2018-07-30-16-39-00_2_engine_failure,engine,1.31999993324,-107.115646362,-147.53616333,70,37.421672821,-4.30834341049,89.2200012207,1.22859358788,16.0714950562,2.34421491623,0
1532134954469547280,5.46576704,carbonZ_2018-07-30-16-39-00_2_engine_failure,engine,1.52999997139,-109.118942261,-145.949020386,70,37.421672821,-4.30834341049,89.2200012207,0.645698368549,16.0415382385,2.16716122627,0
1532134954509674960,5.50589472,carbonZ_2018-07-30-16-39-00_2_engine_failure,engine,1.52999997139,-109.118942261,-145.949020386,70,37.421672821,-4.30834341049,89.2200012207,0.457833766937,16.0257377625,2.11539149284,0
1532134954562855536,5.559075296,carbonZ_2018-07-30-16-39-00_2_engine_failure,engine,1.7199999094,-103.317352295,-144.359481812,70,37.421672821,-4.30834341049,89.2200012207,-0.274728745222,15.9439754486,1.9451482296,0
1532134954605497520,5.60171728,carbonZ_2018-07-30-16-39-00_2_engine_failure,engine,1.7199999094,-103.317352295,-144.359481812,70,37.421672821,-4.30834341049,89.2200012207,-0.631232559681,15.8740348816,1.87112915516,0
1532134954678151024,5.674370784,carbonZ_2018-07-30-16-39-00_2_engine_failure,engine,1.87000000477,-100.866989136,-142.801361084,70,38.3780670166,-3.25954461098,101.387886047,-1.15317904949,15.7574481964,1.78333008289,0
1532134954715512752,5.711732512,carbonZ_2018-07-30-16-39-00_2_engine_failure,engine,1.87000000477,-100.866989136,-142.801361084,70,38.3780670166,-3.25954461098,101.387886047,-1.49752926826,15.6671638489,1.73664283752,0
1532134954753470768,5.749690528,carbonZ_2018-07-30-16-39-00_2_engine_failure,engine,2.00999999046,-86.576171875,-141.249588013,69,38.3780670166,-3.25954461098,101.387886047,-1.82191050053,15.5798797607,1.70576536655,0
1532134954853671088,5.849890848,carbonZ_2018-07-30-16-39-00_2_engine_failure,engine,2.00999999046,-86.576171875,-141.249588013,69,38.3780670166,-3.25954461098,101.387886047,-2.47749328613,15.3481817245,1.64879965782,0
1532134954862963984,5.859183744,carbonZ_2018-07-30-16-39-00_2_engine_failure,engine,2.13999986649,-77.2551574707,-139.74609375,69,38.3780670166,-3.25954461098,101.387886047,-2.6287586689,15.2868528366,1.64494776726,0
1532134954900339664,5.896559424,carbonZ_2018-07-30-16-39-00_2_engine_failure,engine,2.13999986649,-77.2551574707,-139.74609375,69,38.3780670166,-3.25954461098,101.387886047,-2.93455338478,15.1599149704,1.64180791378,0
1532134954975059280,5.97127904,carbonZ_2018-07-30-16-39-00_2_engine_failure,engine,2.25999999046,-72.5997009277,-138.258010864,69,38.3780670166,-3.25954461098,101.387886047,-3.51656842232,14.8943557739,1.65567910671,0
1532134955013324528,6.009544288,carbonZ_2018-07-30-16-39-00_2_engine_failure,engine,2.25999999046,-72.5997009277,-138.258010864,69,38.3780670166,-3.25954461098,101.387886047,-3.81205654144,14.7306652069,1.64899849892,0
1532134955073848432,6.070068192,carbonZ_2018-07-30-16-39-00_2_engine_failure,engine,2.38999986649,-82.0591888428,-136.843917847,69,41.3370132446,-2.07103157043,114.499191284,-4.28040933609,14.4734449387,1.60753405094,0
1532134955103547312,6.099767072,carbonZ_2018-07-30-16-39-00_2_engine_failure,engine,2.38999986649,-82.0591888428,-136.843917847,69,41.3370132446,-2.07103157043,114.499191284,-4.4454126358,14.3805751801,1.58675694466,0
1532134955145782480,6.14200224,carbonZ_2018-07-30-16-39-00_2_engine_failure,engine,2.51999998093,-98.3513793945,-135.45362854,68,41.3370132446,-2.07103157043,114.499191284,-5.0675702095,14.0188970566,1.52611684799,0
1532134955229826352,6.226046112,carbonZ_2018-07-30-16-39-00_2_engine_failure,engine,2.51999998093,-98.3513793945,-135.45362854,68,41.3370132446,-2.07103157043,114.499191284,-5.56075954437,13.6917514801,1.4264690876,0
1532134955278899760,6.27511952,carbonZ_2018-07-30-16-39-00_2_engine_failure,engine,2.63999986649,-120.216278076,-134.120422363,68,41.3370132446,-2.07103157043,114.499191284,-5.92502403259,13.4539804459,1.32300567627,0
1532134955304504784,6.300724544,carbonZ_2018-07-30-16-39-00_2_engine_failure,engine,2.63999986649,-120.216278076,-134.120422363,68,41.3370132446,-2.07103157043,114.499191284,-6.10417938232,13.3347806931,1.27749919891,0
1532134955346718608,6.342938368,carbonZ_2018-07-30-16-39-00_2_engine_failure,engine,2.74000000954,-153.469558716,-132.827056885,67,41.3370132446,-2.07103157043,114.499191284,-6.10417938232,13.3347806931,1.27749919891,0
1532134955391448496,6.387668256,carbonZ_2018-07-30-16-39-00_2_engine_failure,engine,2.74000000954,-153.469558716,-132.827056885,67,41.3370132446,-2.07103157043,114.499191284,-6.76603078842,12.8697967529,1.09912395477,0
1532134955434462064,6.430681824,carbonZ_2018-07-30-16-39-00_2_engine_failure,engine,2.74000000954,-153.469558716,-132.827056885,67,40.9616775513,-0.520828425884,125.966011047,-7.23110628128,12.4805212021,0.980446994305,0
1532134955496667824,6.492887584,carbonZ_2018-07-30-16-39-00_2_engine_failure,engine,2.81999993324,-170.199295044,-131.607940674,67,40.9616775513,-0.520828425884,125.966011047,-7.67326307297,12.0995435715,0.863727390766,0
1532134955548883920,6.54510368,carbonZ_2018-07-30-16-39-00_2_engine_failure,engine,2.87999987602,-174.868484497,-130.445892334,66,40.9616775513,-0.520828425884,125.966011047,-8.07998657227,11.7234964371,0.788326621056,0
1532134955583462352,6.579682112,carbonZ_2018-07-30-16-39-00_2_engine_failure,engine,2.87999987602,-174.868484497,-130.445892334,66,40.9616775513,-0.520828425884,125.966011047,-8.20928764343,11.6040325165,0.769782602787,0
1532134955672040592,6.668260352,carbonZ_2018-07-30-16-39-00_2_engine_failure,engine,2.92999982834,-169.915679932,-129.349945068,66,40.9616775513,-0.520828425884,125.966011047,-8.65853881836,11.0916051865,0.706400215626,0
1532134955684782416,6.681002176,carbonZ_2018-07-30-16-39-00_2_engine_failure,engine,2.92999982834,-169.915679932,-129.349945068,66,40.9616775513,-0.520828425884,125.966011047,-8.65853881836,11.0916051865,0.706400215626,0
1532134955747888400,6.74410816,carbonZ_2018-07-30-16-39-00_2_engine_failure,engine,2.98000001907,-159.2318573,-128.311645508,65,40.9616775513,-0.520828425884,125.966011047,-9.13324356079,10.5024232864,0.686200082302,0
1532134955795268720,6.79148848,carbonZ_2018-07-30-16-39-00_2_engine_failure,engine,2.98000001907,-159.2318573,-128.311645508,65,40.9616775513,-0.520828425884,125.966011047,-9.30141639709,10.2655296326,0.679016649723,0
1532134955843219504,6.839439264,carbonZ_2018-07-30-16-39-00_2_engine_failure,engine,2.98000001907,-159.2318573,-128.311645508,65,35.2612838745,0.61297160387,138.135177612,-9.45500850677,10.0265474319,0.658372402191,0
1532134955874069040,6.8702888,carbonZ_2018-07-30-16-39-00_2_engine_failure,engine,3.00999999046,-143.350128174,-127.340049744,64,35.2612838745,0.61297160387,138.135177612,-9.60497093201,9.78880119324,0.640320241451,0
1532134955931654064,6.927873824,carbonZ_2018-07-30-16-39-00_2_engine_failure,engine,3.00999999046,-143.350128174,-127.340049744,64,35.2612838745,0.61297160387,138.135177612,-9.80027675629,9.46040153503,0.613362073898,0
1532134956013044208,7.009263968,carbonZ_2018-07-30-16-39-00_2_engine_failure,engine,3.04999995232,-134.047607422,-126.418243408,63,35.2612838745,0.61297160387,138.135177612,-9.9788942337,9.13930892944,0.585833311081,0
1532134956041358576,7.037578336,carbonZ_2018-07-30-16-39-00_2_engine_failure,engine,3.07999992371,-121.665664673,-125.555007935,63,35.2612838745,0.61297160387,138.135177612,-10.077082634,8.91510772705,0.555471599102,0
1532134956071707248,7.067927008,carbonZ_2018-07-30-16-39-00_2_engine_failure,engine,3.07999992371,-121.665664673,-125.555007935,63,35.2612838745,0.61297160387,138.135177612,-10.2034511566,8.62004947662,0.529716610909,0
1532134956191990064,7.188209824,carbonZ_2018-07-30-16-39-00_2_engine_failure,engine,3.09999990463,-110.178665161,-124.724967957,62,35.2612838745,0.61297160387,138.135177612,-10.3743400574,8.21858406067,0.433013558388,0
1532134956262340496,7.258560256,carbonZ_2018-07-30-16-39-00_2_engine_failure,engine,3.09999990463,-96.3395080566,-123.953765869,61,23.6979141235,2.26174759865,146.945617676,-10.4952793121,7.82597112656,0.314858227968,0
1532134956276312688,7.272532448,carbonZ_2018-07-30-16-39-00_2_engine_failure,engine,3.09999990463,-96.3395080566,-123.953765869,61,23.6979141235,2.26174759865,146.945617676,-10.5254011154,7.73125219345,0.285637110472,0
1532134956307305104,7.303524864,carbonZ_2018-07-30-16-39-00_2_engine_failure,engine,3.09999990463,-96.3395080566,-123.953765869,61,23.6979141235,2.26174759865,146.945617676,-10.5254011154,7.73125219345,0.285637110472,0
1532134956359173936,7.355393696,carbonZ_2018-07-30-16-39-00_2_engine_failure,engine,3.08999991417,-73.1675109863,-123.216384888,60,23.6979141235,2.26174759865,146.945617676,-10.6093740463,7.40978384018,0.211997851729,0
1532134956400994672,7.397214432,carbonZ_2018-07-30-16-39-00_2_engine_failure,engine,3.08999991417,-73.1675109863,-123.216384888,60,23.6979141235,2.26174759865,146.945617676,-10.633389473,7.18979120255,0.152250155807,0
1532134956472621680,7.46884144,carbonZ_2018-07-30-16-39-00_2_engine_failure,engine,3.05999994278,-50.63123703,-122.520950317,60,23.6979141235,2.26174759865,146.945617676,-10.639588356,6.98875188828,0.108463197947,0
1532134956500141776,7.496361536,carbonZ_2018-07-30-16-39-00_2_engine_failure,engine,3.05999994278,-50.63123703,-122.520950317,60,23.6979141235,2.26174759865,146.945617676,-10.6401376724,6.92403793335,0.0978952869773,0
1532134956580724336,7.576944096,carbonZ_2018-07-30-16-39-00_2_engine_failure,engine,3.02999997139,-10.470867157,-121.851158142,59,23.6979141235,2.26174759865,146.945617676,-10.6272373199,6.70780181885,0.143943175673,0
1532134956639647632,7.635867392,carbonZ_2018-07-30-16-39-00_2_engine_failure,engine,3.02999997139,-10.470867157,-121.851158142,59,12.3669509888,2.88340878487,151.864624023,-10.602766037,6.59884214401,0.156408905983,0
1532134956668784400,7.66500416,carbonZ_2018-07-30-16-39-00_2_engine_failure,engine,3.0,26.7254829407,-121.207313538,58,12.3669509888,2.88340878487,151.864624023,-10.5754413605,6.50650882721,0.18047863245,0
1532134956698426480,7.69464624,carbonZ_2018-07-30-16-39-00_2_engine_failure,engine,3.0,26.7254829407,-121.207313538,58,12.3669509888,2.88340878487,151.864624023,-10.5507831573,6.41177511215,0.194587886333,0
1532134956806393680,7.80261344,carbonZ_2018-07-30-16-39-00_2_engine_failure,engine,2.98000001907,64.0712738037,-120.589134216,57,12.3669509888,2.88340878487,151.864624023,-10.472992897,6.23436260223,0.279293805361,0
1532134956873571760,7.86979152,carbonZ_2018-07-30-16-39-00_2_engine_failure,engine,2.97000002861,100.044631958,-119.979690552,57,12.3669509888,2.88340878487,151.864624023,-10.3810997009,6.11690998077,0.355299860239,0
1532134956915108528,7.911328288,carbonZ_2018-07-30-16-39-00_2_engine_failure,engine,2.97000002861,100.044631958,-119.979690552,57,12.3669509888,2.88340878487,151.864624023,-10.3355112076,6.06871700287,0.399335443974,0
1532134956981081712,7.977301472,carbonZ_2018-07-30-16-39-00_2_engine_failure,engine,2.97000002861,137.135314941,-119.378723145,56,12.3669509888,2.88340878487,151.864624023,-10.2724256516,6.01622867584,0.480263203382,0
1532134956997363472,7.993583232,carbonZ_2018-07-30-16-39-00_2_engine_failure,engine,2.97000002861,137.135314941,-119.378723145,56,12.3669509888,2.88340878487,151.864624023,-10.2401227951,6.00145816803,0.509817481041,0
1532134957056674736,8.052894496,carbonZ_2018-07-30-16-39-00_2_engine_failure,engine,2.99000000954,182.875350952,-118.787078857,55,12.3669509888,2.88340878487,151.864624023,-10.1530294418,5.97056341171,0.59221726656,0
1532134957124706192,8.120925952,carbonZ_2018-07-30-16-39-00_2_engine_failure,engine,2.99000000954,182.875350952,-118.787078857,55,0.762933194637,1.90982031822,151.960342407,-10.0240077972,5.95679330826,0.717673718929,0
1532134957191015216,8.187234976,carbonZ_2018-07-30-16-39-00_2_engine_failure,engine,3.02999997139,211.861419678,-118.187591553,55,0.762933194637,1.90982031822,151.960342407,-10.0240077972,5.95679330826,0.717673718929,0
1532134957255799216,8.252018976,carbonZ_2018-07-30-16-39-00_2_engine_failure,engine,3.07999992371,239.240356445,-117.588394165,54,0.762933194637,1.90982031822,151.960342407,-9.88693237305,5.96169805527,0.854862511158,0
1532134957315417680,8.31163744,carbonZ_2018-07-30-16-39-00_2_engine_failure,engine,3.07999992371,239.240356445,-117.588394165,54,0.762933194637,1.90982031822,151.960342407,-9.80680656433,5.99670696259,0.966401398182,0
1532134957388864912,8.385084672,carbonZ_2018-07-30-16-39-00_2_engine_failure,engine,3.14999985695,278.908630371,-116.989501953,54,0.762933194637,1.90982031822,151.960342407,-9.73467731476,6.04120016098,1.10468173027,0
1532134957411500144,8.407719904,carbonZ_2018-07-30-16-39-00_2_engine_failure,engine,3.14999985695,278.908630371,-116.989501953,54,0.762933194637,1.90982031822,151.960342407,-9.70696353912,6.05566453934,1.15624070168,0
1532134957482014032,8.478233792,carbonZ_2018-07-30-16-39-00_2_engine_failure,engine,3.25,333.782775879,-116.37462616,53,0.762933194637,1.90982031822,151.960342407,-9.61073493958,6.13352870941,1.36125206947,0
1532134957505244048,8.501463808,carbonZ_2018-07-30-16-39-00_2_engine_failure,engine,3.25,333.782775879,-116.37462616,53,-8.46114063263,-1.5658198595,150.99307251,-9.5915517807,6.15802288055,1.4073009491,0
1532134957559015408,8.555235168,carbonZ_2018-07-30-16-39-00_2_engine_failure,engine,3.36999988556,366.117675781,-115.750976562,53,-8.46114063263,-1.5658198595,150.99307251,-9.53713703156,6.25792169571,1.43224918842,0
1532134957601168528,8.597388288,carbonZ_2018-07-30-16-39-00_2_engine_failure,engine,3.36999988556,366.117675781,-115.750976562,53,-8.46114063263,-1.5658198595,150.99307251,-9.50505161285,6.34782648087,1.4137301445,0
1532134957677220048,8.673439808,carbonZ_2018-07-30-16-39-00_2_engine_failure,engine,3.50999999046,367.46206665,-115.102287292,52,-8.46114063263,-1.5658198595,150.99307251,-9.43089389801,6.52446460724,1.40950655937,0
1532134957751482672,8.747702432,carbonZ_2018-07-30-16-39-00_2_engine_failure,engine,3.63999986649,388.636016846,-114.428848267,52,-8.46114063263,-1.5658198595,150.99307251,-9.37839603424,6.69385957718,1.47616791725,0
1532134957792954384,8.789174144,carbonZ_2018-07-30-16-39-00_2_engine_failure,engine,3.63999986649,388.636016846,-114.428848267,52,-8.46114063263,-1.5658198595,150.99307251,-9.34924411774,6.77075910568,1.53961586952,0
1532134957854517456,8.850737216,carbonZ_2018-07-30-16-39-00_2_engine_failure,engine,3.78999996185,425.375183105,-113.738792419,51,-8.46114063263,-1.5658198595,150.99307251,-9.32555675507,6.85290241241,1.60869324207,0
1532134957902522896,8.898742656,carbonZ_2018-07-30-16-39-00_2_engine_failure,engine,3.78999996185,425.375183105,-113.738792419,51,-8.46114063263,-1.5658198595,150.99307251,-9.29756069183,6.98181867599,1.69393765926,0
1532134957937661680,8.93388144,carbonZ_2018-07-30-16-39-00_2_engine_failure,engine,3.94999980927,452.312072754,-113.023109436,51,-11.3038291931,-5.36232995987,149.162857056,-9.28033447266,7.07266330719,1.72016537189,0
1532134957978341680,8.97456144,carbonZ_2018-07-30-16-39-00_2_engine_failure,engine,3.94999980927,452.312072754,-113.023109436,51,-11.3038291931,-5.36232995987,149.162857056,-9.27517318726,7.17003583908,1.72969663143,0
1532134958002068144,8.998287904,carbonZ_2018-07-30-16-39-00_2_engine_failure,engine,3.94999980927,452.312072754,-113.023109436,51,-11.3038291931,-5.36232995987,149.162857056,-9.27517318726,7.17003583908,1.72969663143,0
1532134958076138640,9.0723584,carbonZ_2018-07-30-16-39-00_2_engine_failure,engine,4.13000011444,450.281433105,-112.273918152,51,-11.3038291931,-5.36232995987,149.162857056,-9.22939491272,7.42988538742,1.81642234325,0
1532134958113793488,9.110013248,carbonZ_2018-07-30-16-39-00_2_engine_failure,engine,4.13000011444,450.281433105,-112.273918152,51,-11.3038291931,-5.36232995987,149.162857056,-9.20824241638,7.53617334366,1.85713946819,0
1532134958144368272,9.140588032,carbonZ_2018-07-30-16-39-00_2_engine_failure,engine,4.31999969482,467.501251221,-111.507514954,51,-11.3038291931,-5.36232995987,149.162857056,-9.20824241638,7.53617334366,1.85713946819,0
1532134958203140048,9.199359808,carbonZ_2018-07-30-16-39-00_2_engine_failure,engine,4.31999969482,467.501251221,-111.507514954,51,-11.3038291931,-5.36232995987,149.162857056,-9.18703746796,7.71595668793,2.04541397095,0
1532134958253800464,9.250020224,carbonZ_2018-07-30-16-39-00_2_engine_failure,engine,4.52999973297,500.414001465,-110.716072083,50,-13.8445386887,-8.38107681274,145.85055542,-9.16320228577,7.85801315308,2.19171380997,0
1532134958309740944,9.305960704,carbonZ_2018-07-30-16-39-00_2_engine_failure,engine,4.52999973297,500.414001465,-110.716072083,50,-13.8445386887,-8.38107681274,145.85055542,-9.15647125244,7.95310401917,2.30779695511,0
1532134958347551344,9.343771104,carbonZ_2018-07-30-16-39-00_2_engine_failure,engine,4.75999975204,513.250183105,-109.908027649,50,-13.8445386887,-8.38107681274,145.85055542,-9.14745426178,8.1528635025,2.49769926071,0
1532134958419757104,9.415976864,carbonZ_2018-07-30-16-39-00_2_engine_failure,engine,4.75999975204,513.250183105,-109.908027649,50,-13.8445386887,-8.38107681274,145.85055542,-9.14022827148,8.26381778717,2.58122706413,0
1532134958456893840,9.4531136,carbonZ_2018-07-30-16-39-00_2_engine_failure,engine,5.01999998093,532.766845703,-109.065887451,50,-13.8445386887,-8.38107681274,145.85055542,-9.13499259949,8.37379169464,2.67300987244,0
1532134958502158128,9.498377888,carbonZ_2018-07-30-16-39-00_2_engine_failure,engine,5.01999998093,532.766845703,-109.065887451,50,-13.8445386887,-8.38107681274,145.85055542,-9.1336145401,8.59083271027,2.8549618721,0
1532134958580340592,9.576560352,carbonZ_2018-07-30-16-39-00_2_engine_failure,engine,5.30999994278,532.568725586,-108.198387146,50,-13.8445386887,-8.38107681274,145.85055542,-9.14230632782,8.69998836517,2.93894934654,0
1532134958601435792,9.597655552,carbonZ_2018-07-30-16-39-00_2_engine_failure,engine,5.30999994278,532.568725586,-108.198387146,50,-13.8445386887,-8.38107681274,145.85055542,-9.16534423828,8.80848884583,3.04301047325,0
1532134958716699920,9.71291968,carbonZ_2018-07-30-16-39-00_2_engine_failure,engine,5.6299996376,524.413696289,-107.305236816,50,-13.8445386887,-8.38107681274,145.85055542,-9.20929050446,9.05885791779,3.3001730442,0
1532134958781044144,9.777263904,carbonZ_2018-07-30-16-39-00_2_engine_failure,engine,5.98000001907,506.455322266,-106.395195007,50,-7.83195495605,-11.8554039001,141.570449829,-9.25187969208,9.20489788055,3.4549844265,0
1532134958808830448,9.805050208,carbonZ_2018-07-30-16-39-00_2_engine_failure,engine,5.98000001907,506.455322266,-106.395195007,50,-7.83195495605,-11.8554039001,141.570449829,-9.27456665039,9.25185680389,3.49727153778,0
1532134958872330608,9.868550368,carbonZ_2018-07-30-16-39-00_2_engine_failure,engine,6.34999990463,489.264770508,-105.451049805,50,-7.83195495605,-11.8554039001,141.570449829,-9.34170532227,9.44579792023,3.69427227974,0
1532134958916805136,9.913024896,carbonZ_2018-07-30-16-39-00_2_engine_failure,engine,6.34999990463,489.264770508,-105.451049805,50,-7.83195495605,-11.8554039001,141.570449829,-9.37391090393,9.54187488556,3.83022999763,0
1532134958952845552,9.949065312,carbonZ_2018-07-30-16-39-00_2_engine_failure,engine,6.75,462.353027344,-104.489692688,50,-7.83195495605,-11.8554039001,141.570449829,-9.41569805145,9.63091659546,3.92944478989,0
1532134958997813296,9.994033056,carbonZ_2018-07-30-16-39-00_2_engine_failure,engine,6.75,462.353027344,-104.489692688,50,-7.83195495605,-11.8554039001,141.570449829,-9.4445438385,9.72492599487,4.08555793762,0
1532134959067137712,10.063357472,carbonZ_2018-07-30-16-39-00_2_engine_failure,engine,7.19000005722,433.018218994,-103.50239563,50,-7.83195495605,-11.8554039001,141.570449829,-9.51392650604,9.85650444031,4.23700380325,0
1532134959100758960,10.09697872,carbonZ_2018-07-30-16-39-00_2_engine_failure,engine,7.19000005722,433.018218994,-103.50239563,50,-7.83195495605,-11.8554039001,141.570449829,-9.56307983398,9.95226287842,4.34209394455,0
1532134959234861008,10.231080768,carbonZ_2018-07-30-16-39-00_2_engine_failure,engine,7.65999984741,376.055053711,-102.506347656,50,-2.32949662209,-12.5907907486,140.311309814,-9.77591896057,10.2103624344,4.42802476883,0
1532134959284155952,10.280375712,carbonZ_2018-07-30-16-39-00_2_engine_failure,engine,8.14999961853,314.444824219,-101.475891113,50,-2.32949662209,-12.5907907486,140.311309814,-9.88240909576,10.337679863,4.4206199646,0
1532134959305313584,10.301533344,carbonZ_2018-07-30-16-39-00_2_engine_failure,engine,8.14999961853,314.444824219,-101.475891113,50,-2.32949662209,-12.5907907486,140.311309814,-9.92743968964,10.3800735474,4.41118431091,0
1532134959353734032,10.349953792,carbonZ_2018-07-30-16-39-00_2_engine_failure,engine,8.63000011444,251.383972168,-100.419204712,51,-2.32949662209,-12.5907907486,140.311309814,-10.0814437866,10.488111496,4.3094086647,0
1532134959402355120,10.39857488,carbonZ_2018-07-30-16-39-00_2_engine_failure,engine,8.63000011444,251.383972168,-100.419204712,51,-2.32949662209,-12.5907907486,140.311309814,-10.1728782654,10.5657377243,4.23217582703,0
1532134959508829680,10.50504944,carbonZ_2018-07-30-16-39-00_2_engine_failure,engine,9.10999965668,177.354904175,-99.3450088501,51,-2.32949662209,-12.5907907486,140.311309814,-10.4311485291,10.7248077393,3.94353437424,0
1532134959581048112,10.577267872,carbonZ_2018-07-30-16-39-00_2_engine_failure,engine,9.55999946594,105.459686279,-98.2527084351,51,3.43368291855,-9.03882408142,140.423583984,-10.626162529,10.8337602615,3.66572880745,0
1532134959610679760,10.60689952,carbonZ_2018-07-30-16-39-00_2_engine_failure,engine,9.55999946594,105.459686279,-98.2527084351,51,3.43368291855,-9.03882408142,140.423583984,-10.6660003662,10.8617210388,3.61475300789,0
1532134959656929584,10.653149344,carbonZ_2018-07-30-16-39-00_2_engine_failure,engine,9.96999931335,47.0413208008,-97.1341629028,52,3.43368291855,-9.03882408142,140.423583984,-10.8034439087,10.9237232208,3.36859416962,0
1532134959739916464,10.736136224,carbonZ_2018-07-30-16-39-00_2_engine_failure,engine,9.96999931335,47.0413208008,-97.1341629028,52,3.43368291855,-9.03882408142,140.423583984,-10.9550886154,10.9913339615,3.02445721626,0
1532134959772918416,10.769138176,carbonZ_2018-07-30-16-39-00_2_engine_failure,engine,10.3400001526,-7.1478843689,-96.0065689087,52,3.43368291855,-9.03882408142,140.423583984,-11.0337533951,11.0265798569,2.8405520916,0
1532134959826503056,10.822722816,carbonZ_2018-07-30-16-39-00_2_engine_failure,engine,10.3400001526,-7.1478843689,-96.0065689087,52,3.43368291855,-9.03882408142,140.423583984,-11.0845689774,11.0544204712,2.63106417656,0
1532134959863521200,10.85974096,carbonZ_2018-07-30-16-39-00_2_engine_failure,engine,10.6599998474,-53.3982276917,-94.8699188232,52,3.43368291855,-9.03882408142,140.423583984,-11.1430587769,11.0695877075,2.39961028099,0
1532134959894462896,10.890682656,carbonZ_2018-07-30-16-39-00_2_engine_failure,engine,10.6599998474,-53.3982276917,-94.8699188232,52,3.4819829464,-2.71698141098,139.628295898,-11.2047605515,11.1021900177,2.08378911018,0
1532134959957651216,10.953870976,carbonZ_2018-07-30-16-39-00_2_engine_failure,engine,10.9200000763,-97.4904022217,-93.7411193848,53,3.4819829464,-2.71698141098,139.628295898,-11.2402248383,11.1159133911,1.82553887367,0
1532134960028655600,11.02487536,carbonZ_2018-07-30-16-39-00_2_engine_failure,engine,10.9200000763,-97.4904022217,-93.7411193848,53,3.4819829464,-2.71698141098,139.628295898,-11.2743253708,11.1352071762,1.47799158096,0
1532134960066346352,11.062566112,carbonZ_2018-07-30-16-39-00_2_engine_failure,engine,11.1099996567,-135.790161133,-92.595123291,53,3.4819829464,-2.71698141098,139.628295898,-11.2844934464,11.1405200958,1.2199600935,0
1532134960105870576,11.102090336,carbonZ_2018-07-30-16-39-00_2_engine_failure,engine,11.1099996567,-135.790161133,-92.595123291,53,3.4819829464,-2.71698141098,139.628295898,-11.2901420593,11.1431388855,0.986933171749,0
1532134960164676144,11.160895904,carbonZ_2018-07-30-16-39-00_2_engine_failure,engine,11.2399997711,-170.289321899,-91.4403839111,54,3.4819829464,-2.71698141098,139.628295898,-11.2914648056,11.1371774673,0.659494698048,0
1532134960203677808,11.199897568,carbonZ_2018-07-30-16-39-00_2_engine_failure,engine,11.2399997711,-170.289321899,-91.4403839111,54,2.49728822708,1.70770049095,139.466033936,-11.2789573669,11.1272916794,0.451826542616,0
1532134960274881648,11.271101408,carbonZ_2018-07-30-16-39-00_2_engine_failure,engine,11.3099994659,-187.845901489,-90.294090271,54,2.49728822708,1.70770049095,139.466033936,-11.2364187241,11.088561058,0.0684308409691,0
1532134960317596368,11.313816128,carbonZ_2018-07-30-16-39-00_2_engine_failure,engine,11.3099994659,-187.845901489,-90.294090271,54,2.49728822708,1.70770049095,139.466033936,-11.212477684,11.0579919815,-0.0988988652825,0
1532134960390259888,11.386479648,carbonZ_2018-07-30-16-39-00_2_engine_failure,engine,11.3299999237,-198.300079346,-89.1477966309,55,2.49728822708,1.70770049095,139.466033936,-11.1763553619,11.0065107346,-0.334335416555,0
1532134960418673040,11.4148928,carbonZ_2018-07-30-16-39-00_2_engine_failure,engine,11.3299999237,-198.300079346,-89.1477966309,55,2.49728822708,1.70770049095,139.466033936,-11.1420030594,10.9610233307,-0.476542621851,0
1532134960504979408,11.501199168,carbonZ_2018-07-30-16-39-00_2_engine_failure,engine,11.3000001907,-198.600479126,-88.0186920166,56,2.49728822708,1.70770049095,139.466033936,-11.0839071274,10.8597517014,-0.741000533104,0
1532134960556750096,11.552969856,carbonZ_2018-07-30-16-39-00_2_engine_failure,engine,11.2399997711,-195.844741821,-86.9067993164,56,2.49728822708,1.70770049095,139.466033936,-11.0339660645,10.7752761841,-0.930219829082,0
1532134960601634608,11.597854368,carbonZ_2018-07-30-16-39-00_2_engine_failure,engine,11.2399997711,-195.844741821,-86.9067993164,56,2.49728822708,1.70770049095,139.466033936,-10.9934864044,10.7130346298,-1.05030846596,0
1532134960665772752,11.661992512,carbonZ_2018-07-30-16-39-00_2_engine_failure,engine,11.1399993896,-190.872283936,-85.82056427,57,2.49728822708,1.70770049095,139.466033936,-10.9397659302,10.6060428619,-1.20984971523,0
1532134960696706480,11.69292624,carbonZ_2018-07-30-16-39-00_2_engine_failure,engine,11.1399993896,-190.872283936,-85.82056427,57,4.66128969193,6.35453176498,142.239425659,-10.903752327,10.5342025757,-1.32014811039,0
1532134960781854928,11.778074688,carbonZ_2018-07-30-16-39-00_2_engine_failure,engine,11.0199995041,-182.645507812,-84.7340164185,58,4.66128969193,6.35453176498,142.239425659,-10.8283481598,10.3900279999,-1.51142084599,0
1532134960829706832,11.825926592,carbonZ_2018-07-30-16-39-00_2_engine_failure,engine,10.8699998856,-174.66859436,-83.6993637085,58,4.66128969193,6.35453176498,142.239425659,-10.7421607971,10.2241792679,-1.6665160656,0
1532134960878984400,11.87520416,carbonZ_2018-07-30-16-39-00_2_engine_failure,engine,10.8699998856,-174.66859436,-83.6993637085,58,4.66128969193,6.35453176498,142.239425659,-10.7421607971,10.2241792679,-1.6665160656,0
1532134960898762320,11.89498208,carbonZ_2018-07-30-16-39-00_2_engine_failure,engine,10.8699998856,-174.66859436,-83.6993637085,58,4.66128969193,6.35453176498,142.239425659,-10.6950855255,10.1491384506,-1.73507714272,0
1532134960951381872,11.947601632,carbonZ_2018-07-30-16-39-00_2_engine_failure,engine,10.6999998093,-161.589904785,-82.6728744507,59,4.66128969193,6.35453176498,142.239425659,-10.6364917755,10.0333089828,-1.80394101143,0
1532134960997327536,11.993547296,carbonZ_2018-07-30-16-39-00_2_engine_failure,engine,10.6999998093,-161.589904785,-82.6728744507,59,4.66128969193,6.35453176498,142.239425659,-10.5980949402,9.95713043213,-1.83702337742,0
1532134961071098640,12.0673184,carbonZ_2018-07-30-16-39-00_2_engine_failure,engine,10.5100002289,-142.814544678,-81.6720352173,60,4.66128969193,6.35453176498,142.239425659,-10.5276737213,9.84153270721,-1.89510297775,0
1532134961148089328,12.144309088,carbonZ_2018-07-30-16-39-00_2_engine_failure,engine,10.5100002289,-142.814544678,-81.6720352173,60,4.66128969193,6.35453176498,142.239425659,-10.4433879852,9.69726085663,-1.95918548107,0
1532134961182135344,12.178355104,carbonZ_2018-07-30-16-39-00_2_engine_failure,engine,10.3199996948,-128.817657471,-80.6968307495,60,4.66128969193,6.35453176498,142.239425659,-10.4087762833,9.6257610321,-1.96831595898,0
1532134961227080080,12.22329984,carbonZ_2018-07-30-16-39-00_2_engine_failure,engine,10.3199996948,-128.817657471,-80.6968307495,60,4.66128969193,6.35453176498,142.239425659,-10.3618345261,9.55754089355,-1.98798024654,0
1532134961328050128,12.324269888,carbonZ_2018-07-30-16-39-00_2_engine_failure,engine,10.1300001144,-112.033172607,-79.739151001,61,4.65585041046,8.33048629761,144.627822876,-10.2662906647,9.38451194763,-1.97633981705,0
1532134961379177584,12.375397344,carbonZ_2018-07-30-16-39-00_2_engine_failure,engine,9.9299993515,-87.446685791,-78.7980499268,62,4.65585041046,8.33048629761,144.627822876,-10.2125253677,9.29801845551,-1.952704072,0
1532134961411166928,12.407386688,carbonZ_2018-07-30-16-39-00_2_engine_failure,engine,9.9299993515,-87.446685791,-78.7980499268,62,4.65585041046,8.33048629761,144.627822876,-10.1907501221,9.26215171814,-1.94049155712,0
1532134961434140752,12.430360512,carbonZ_2018-07-30-16-39-00_2_engine_failure,engine,9.9299993515,-87.446685791,-78.7980499268,62,4.65585041046,8.33048629761,144.627822876,-10.1512403488,9.20404529572,-1.91749668121,0
1532134961482045744,12.478265504,carbonZ_2018-07-30-16-39-00_2_engine_failure,engine,9.73999977112,-66.5703735352,-77.874458313,63,4.65585041046,8.33048629761,144.627822876,-10.1093788147,9.14219665527,-1.89619886875,0
1532134961514072592,12.510292352,carbonZ_2018-07-30-16-39-00_2_engine_failure,engine,9.73999977112,-66.5703735352,-77.874458313,63,4.14332914352,8.11706256866,144.923156738,-10.0541200638,9.05447483063,-1.88231432438,0
1532134961570005808,12.566225568,carbonZ_2018-07-30-16-39-00_2_engine_failure,engine,9.55999946594,-65.8907928467,-76.9765167236,63,4.14332914352,8.11706256866,144.923156738,-10.0267419815,9.00781726837,-1.8554469347,0
1532134961621077456,12.617297216,carbonZ_2018-07-30-16-39-00_2_engine_failure,engine,9.55999946594,-65.8907928467,-76.9765167236,63,4.14332914352,8.11706256866,144.923156738,-9.9827413559,8.95228385925,-1.84656643867,0
1532134961675291280,12.67151104,carbonZ_2018-07-30-16-39-00_2_engine_failure,engine,9.38999938965,-60.0789070129,-76.0960693359,64,4.14332914352,8.11706256866,144.923156738,-9.92787456512,8.87788963318,-1.84539425373,0
1532134961723729648,12.719949408,carbonZ_2018-07-30-16-39-00_2_engine_failure,engine,9.38999938965,-60.0789070129,-76.0960693359,64,4.14332914352,8.11706256866,144.923156738,-9.86278820038,8.792552948,-1.84737467766,0
1532134961808729008,12.804948768,carbonZ_2018-07-30-16-39-00_2_engine_failure,engine,9.21000003815,-63.0030632019,-75.215637207,65,4.14332914352,8.11706256866,144.923156738,-9.80901908875,8.72909832001,-1.8406894207,0
1532134961865954768,12.862174528,carbonZ_2018-07-30-16-39-00_2_engine_failure,engine,9.03999996185,-58.814907074,-74.3520889282,66,4.14332914352,8.11706256866,144.923156738,-9.80901908875,8.72909832001,-1.8406894207,0
1532134961922250832,12.918470592,carbonZ_2018-07-30-16-39-00_2_engine_failure,engine,9.03999996185,-58.814907074,-74.3520889282,66,4.14332914352,8.11706256866,144.923156738,-9.73779773712,8.66004943848,-1.78491604328,0
1532134961956699440,12.9529192,carbonZ_2018-07-30-16-39-00_2_engine_failure,engine,8.86999988556,-47.6305961609,-73.4888458252,66,1.60217177868,6.52438402176,145.525192261,-9.69421386719,8.6170425415,-1.71089982986,0
1532134962013220784,13.009440544,carbonZ_2018-07-30-16-39-00_2_engine_failure,engine,8.86999988556,-47.6305961609,-73.4888458252,66,1.60217177868,6.52438402176,145.525192261,-9.66963100433,8.58483219147,-1.65205097198,0
1532134962055725680,13.05194544,carbonZ_2018-07-30-16-39-00_2_engine_failure,engine,8.71000003815,-30.1461219788,-72.6343536377,67,1.60217177868,6.52438402176,145.525192261,-9.62391757965,8.54368591309,-1.57267332077,0
1532134962113651376,13.109871136,carbonZ_2018-07-30-16-39-00_2_engine_failure,engine,8.71000003815,-30.1461219788,-72.6343536377,67,1.60217177868,6.52438402176,145.525192261,-9.58637619019,8.50878238678,-1.48996770382,0
1532134962174842128,13.171061888,carbonZ_2018-07-30-16-39-00_2_engine_failure,engine,8.56999969482,-10.1836204529,-71.7886047363,68,1.60217177868,6.52438402176,145.525192261,-9.55723762512,8.47598743439,-1.41815590858,0
1532134962228320560,13.22454032,carbonZ_2018-07-30-16-39-00_2_engine_failure,engine,8.56999969482,-10.1836204529,-71.7886047363,68,1.60217177868,6.52438402176,145.525192261,-9.54165744781,8.44146060944,-1.36722409725,0
1532134962275852656,13.272072416,carbonZ_2018-07-30-16-39-00_2_engine_failure,engine,8.43999958038,-7.40442276001,-70.9428634644,69,1.29985272884,5.08369779587,145.910705566,-9.5226984024,8.41609764099,-1.32939124107,0
1532134962361734768,13.357954528,carbonZ_2018-07-30-16-39-00_2_engine_failure,engine,8.32999992371,2.82535552979,-70.114616394,70,1.29985272884,5.08369779587,145.910705566,-9.47939682007,8.36440181732,-1.25963461399,0
1532134962442176272,13.438396032,carbonZ_2018-07-30-16-39-00_2_engine_failure,engine,8.32999992371,2.82535552979,-70.114616394,70,1.29985272884,5.08369779587,145.910705566,-9.44842815399,8.31384372711,-1.18410992622,0
1532134962462444336,13.458664096,carbonZ_2018-07-30-16-39-00_2_engine_failure,engine,8.22000026703,18.4869766235,-69.2860870361,71,1.29985272884,5.08369779587,145.910705566,-9.43214797974,8.30185222626,-1.1418030262,0
1532134962494244272,13.490464032,carbonZ_2018-07-30-16-39-00_2_engine_failure,engine,8.22000026703,18.4869766235,-69.2860870361,71,1.29985272884,5.08369779587,145.910705566,-9.42806339264,8.28952789307,-1.10276329517,0
1532134962548146480,13.54436624,carbonZ_2018-07-30-16-39-00_2_engine_failure,engine,8.11999988556,39.611530304,-68.4575424194,71,1.29985272884,5.08369779587,145.910705566,-9.39872932434,8.27345275879,-0.960793972015,0
1532134962598306288,13.594526048,carbonZ_2018-07-30-16-39-00_2_engine_failure,engine,8.11999988556,39.611530304,-68.4575424194,71,1.29985272884,5.08369779587,145.910705566,-9.39160633087,8.26905059814,-0.9254758358,0
1532134962677512624,13.673732384,carbonZ_2018-07-30-16-39-00_2_engine_failure,engine,8.03999996185,52.011013031,-67.6377410889,72,0.471188932657,2.89851546288,145.171066284,-9.36006069183,8.25190448761,-0.744767606258,0
1532134962690066128,13.686285888,carbonZ_2018-07-30-16-39-00_2_engine_failure,engine,8.03999996185,52.011013031,-67.6377410889,72,0.471188932657,2.89851546288,145.171066284,-9.36006069183,8.25190448761,-0.744767606258,0
1532134962766341680,13.76256144,carbonZ_2018-07-30-16-39-00_2_engine_failure,engine,7.96999979019,64.2239532471,-66.8098068237,73,0.471188932657,2.89851546288,145.171066284,-9.32913780212,8.2607831955,-0.582831680775,0
1532134962846188304,13.842408064,carbonZ_2018-07-30-16-39-00_2_engine_failure,engine,7.96999979019,64.2239532471,-66.8098068237,73,0.471188932657,2.89851546288,145.171066284,-9.30862140656,8.25911045074,-0.444361299276,0
1532134962872444272,13.868664032,carbonZ_2018-07-30-16-39-00_2_engine_failure,engine,7.92999982834,76.5648803711,-65.9903030396,74,0.471188932657,2.89851546288,145.171066284,-9.29724502563,8.27025699615,-0.394835531712,0
1532134962915520848,13.911740608,carbonZ_2018-07-30-16-39-00_2_engine_failure,engine,7.92999982834,76.5648803711,-65.9903030396,74,0.471188932657,2.89851546288,145.171066284,-9.28528118134,8.27836799622,-0.355403870344,0
1532134962989272720,13.98549248,carbonZ_2018-07-30-16-39-00_2_engine_failure,engine,7.90999984741,74.102973938,-65.1623687744,75,0.471188932657,2.89851546288,145.171066284,-9.27821731567,8.29818344116,-0.278941482306,0
1532134963024127024,14.020346784,carbonZ_2018-07-30-16-39-00_2_engine_failure,engine,7.90999984741,74.102973938,-65.1623687744,75,0.471188932657,2.89851546288,145.171066284,-9.26329040527,8.30678081512,-0.20257280767,0
1532134963073817840,14.0700376,carbonZ_2018-07-30-16-39-00_2_engine_failure,engine,7.89999961853,85.5030975342,-64.343170166,76,-1.75527596474,0.656386613846,145.062149048,-9.25556850433,8.32572746277,-0.075325936079,0
1532134963111499312,14.107719072,carbonZ_2018-07-30-16-39-00_2_engine_failure,engine,7.89999961853,85.5030975342,-64.343170166,76,-1.75527596474,0.656386613846,145.062149048,-9.25438404083,8.32976150513,-0.0208958666772,0
1532134963149842192,14.146061952,carbonZ_2018-07-30-16-39-00_2_engine_failure,engine,7.90999984741,105.881790161,-63.5070838928,77,-1.75527596474,0.656386613846,145.062149048,-9.25058078766,8.34748077393,0.0847278684378,0
1532134963184741968,14.180961728,carbonZ_2018-07-30-16-39-00_2_engine_failure,engine,7.90999984741,105.881790161,-63.5070838928,77,-1.75527596474,0.656386613846,145.062149048,-9.24684906006,8.36943054199,0.183503076434,0
1532134963233347120,14.22956688,carbonZ_2018-07-30-16-39-00_2_engine_failure,engine,7.90999984741,105.881790161,-63.5070838928,77,-1.75527596474,0.656386613846,145.062149048,-9.24230194092,8.39087772369,0.302675932646,0
1532134963316318032,14.312537792,carbonZ_2018-07-30-16-39-00_2_engine_failure,engine,7.94000005722,113.286399841,-62.6881866455,77,-1.75527596474,0.656386613846,145.062149048,-9.24200248718,8.43796348572,0.36430478096,0
1532134963344729584,14.340949344,carbonZ_2018-07-30-16-39-00_2_engine_failure,engine,7.98999977112,111.943054199,-61.8523902893,78,-1.75527596474,0.656386613846,145.062149048,-9.25170516968,8.44882392883,0.385265439749,0
1532134963404419504,14.400639264,carbonZ_2018-07-30-16-39-00_2_engine_failure,engine,7.98999977112,111.943054199,-61.8523902893,78,-2.60309362411,-0.97567653656,145.293258667,-9.2606306076,8.48957157135,0.41495513916,0
1532134963432803792,14.429023552,carbonZ_2018-07-30-16-39-00_2_engine_failure,engine,7.98999977112,111.943054199,-61.8523902893,78,-2.60309362411,-0.97567653656,145.293258667,-9.26100540161,8.50778579712,0.414425581694,0
1532134963502700528,14.498920288,carbonZ_2018-07-30-16-39-00_2_engine_failure,engine,8.05000019073,114.270690918,-61.0081443787,79,-2.60309362411,-0.97567653656,145.293258667,-9.28562259674,8.57521057129,0.579616844654,0
1532134963585683792,14.581903552,carbonZ_2018-07-30-16-39-00_2_engine_failure,engine,8.10999965668,114.335632324,-60.1639022827,80,-2.60309362411,-0.97567653656,145.293258667,-9.30369091034,8.59614276886,0.65818721056,0
1532134963620899248,14.617119008,carbonZ_2018-07-30-16-39-00_2_engine_failure,engine,8.10999965668,114.335632324,-60.1639022827,80,-2.60309362411,-0.97567653656,145.293258667,-9.31192588806,8.60918712616,0.686463534832,0
1532134963674121072,14.670340832,carbonZ_2018-07-30-16-39-00_2_engine_failure,engine,8.18999958038,120.122909546,-59.3109130859,81,-2.60309362411,-0.97567653656,145.293258667,-9.34227561951,8.64930152893,0.800183415413,0
1532134963715931344,14.712151104,carbonZ_2018-07-30-16-39-00_2_engine_failure,engine,8.18999958038,120.122909546,-59.3109130859,81,-2.60309362411,-0.97567653656,145.293258667,-9.35977172852,8.67085361481,0.856516778469,0
1532134963760286256,14.756506016,carbonZ_2018-07-30-16-39-00_2_engine_failure,engine,8.28999996185,125.239273071,-58.449760437,82,-2.60309362411,-0.97567653656,145.293258667,-9.37836456299,8.69400978088,0.909256279469,0
1532134963815385872,14.811605632,carbonZ_2018-07-30-16-39-00_2_engine_failure,engine,8.28999996185,125.239273071,-58.449760437,82,0.081740796566,-2.33065104485,144.444778442,-9.40479850769,8.72078514099,1.01356124878,0
1532134963907601392,14.903821152,carbonZ_2018-07-30-16-39-00_2_engine_failure,engine,8.39999961853,124.80430603,-57.5883216858,83,0.081740796566,-2.33065104485,144.444778442,-9.44665527344,8.76629638672,1.09359645844,0
1532134963954219984,14.950439744,carbonZ_2018-07-30-16-39-00_2_engine_failure,engine,8.51999950409,101.523300171,-56.7178268433,84,0.081740796566,-2.33065104485,144.444778442,-9.48304462433,8.80939769745,1.08795404434,0
1532134964025932144,15.022151904,carbonZ_2018-07-30-16-39-00_2_engine_failure,engine,8.51999950409,101.523300171,-56.7178268433,84,0.081740796566,-2.33065104485,144.444778442,-9.50996780396,8.84414577484,1.10948503017,0
1532134964041475568,15.037695328,carbonZ_2018-07-30-16-39-00_2_engine_failure,engine,8.64999961853,71.8360900879,-55.8479347229,85,0.081740796566,-2.33065104485,144.444778442,-9.52310371399,8.85903167725,1.09202444553,0
1532134964103255536,15.099475296,carbonZ_2018-07-30-16-39-00_2_engine_failure,engine,8.64999961853,71.8360900879,-55.8479347229,85,0.081740796566,-2.33065104485,144.444778442,-9.55268096924,8.89823246002,1.09732186794,0
1532134964152884528,15.149104288,carbonZ_2018-07-30-16-39-00_2_engine_failure,engine,8.76999950409,45.7132339478,-54.9605369568,86,0.081740796566,-2.33065104485,144.444778442,-9.59785270691,8.94404602051,1.05689132214,0
1532134964193607088,15.189826848,carbonZ_2018-07-30-16-39-00_2_engine_failure,engine,8.76999950409,45.7132339478,-54.9605369568,86,0.081740796566,-2.33065104485,144.444778442,-9.62325000763,8.98123264313,1.01344072819,0
1532134964246178032,15.242397792,carbonZ_2018-07-30-16-39-00_2_engine_failure,engine,8.88999938965,35.2491378784,-54.0728416443,87,0.081740796566,-2.33065104485,144.444778442,-9.62325000763,8.98123264313,1.01344072819,0
1532134964316236272,15.312456032,carbonZ_2018-07-30-16-39-00_2_engine_failure,engine,8.88999938965,35.2491378784,-54.0728416443,87,1.20610380173,-2.3483812809,143.632980347,-9.6749830246,9.0243768692,0.992230892181,0
1532134964355254864,15.351474624,carbonZ_2018-07-30-16-39-00_2_engine_failure,engine,9.01000022888,20.2860832214,-53.1766967773,88,1.20610380173,-2.3483812809,143.632980347,-9.71174812317,9.05586338043,0.999643146992,0
1532134964404968656,15.401188416,carbonZ_2018-07-30-16-39-00_2_engine_failure,engine,9.01000022888,20.2860832214,-53.1766967773,88,1.20610380173,-2.3483812809,143.632980347,-9.7339630127,9.07253456116,0.997688829899,0
1532134964435959984,15.432179744,carbonZ_2018-07-30-16-39-00_2_engine_failure,engine,9.01000022888,20.2860832214,-53.1766967773,88,1.20610380173,-2.3483812809,143.632980347,-9.75467300415,9.08740329742,0.98180437088,0
1532134964476762640,15.4729824,carbonZ_2018-07-30-16-39-00_2_engine_failure,engine,9.11999988556,15.3323173523,-52.2721099854,89,1.20610380173,-2.3483812809,143.632980347,-9.77823734283,9.1081571579,0.937868356705,0
1532134964544312560,15.54053232,carbonZ_2018-07-30-16-39-00_2_engine_failure,engine,9.22000026703,-0.157737731934,-51.3675117493,90,1.20610380173,-2.3483812809,143.632980347,-9.84675598145,9.1639251709,0.728984415531,0
1532134964604916496,15.601136256,carbonZ_2018-07-30-16-39-00_2_engine_failure,engine,9.22000026703,-0.157737731934,-51.3675117493,90,1.20610380173,-2.3483812809,143.632980347,-9.84675598145,9.1639251709,0.728984415531,0
1532134964638900176,15.635119936,carbonZ_2018-07-30-16-39-00_2_engine_failure,engine,9.22000026703,-0.157737731934,-51.3675117493,90,1.30773043633,-1.42572617531,144.116821289,-9.86981773376,9.17092227936,0.647428691387,0
1532134964676324304,15.672544064,carbonZ_2018-07-30-16-39-00_2_engine_failure,engine,9.30000019073,-22.4419593811,-50.4707641602,92,1.30773043633,-1.42572617531,144.116821289,-9.90058994293,9.17741203308,0.559840202332,0
1532134964714369616,15.710589376,carbonZ_2018-07-30-16-39-00_2_engine_failure,engine,9.30000019073,-22.4419593811,-50.4707641602,92,1.30773043633,-1.42572617531,144.116821289,-9.91230487823,9.18521976471,0.515635609627,0
1532134964752923792,15.749143552,carbonZ_2018-07-30-16-39-00_2_engine_failure,engine,9.36999988556,-28.9412498474,-49.5486717224,93,1.30773043633,-1.42572617531,144.116821289,-9.93433094025,9.19479942322,0.447262912989,0
1532134964792253264,15.788473024,carbonZ_2018-07-30-16-39-00_2_engine_failure,engine,9.36999988556,-28.9412498474,-49.5486717224,93,1.30773043633,-1.42572617531,144.116821289,-9.94114971161,9.20744037628,0.349193900824,0
1532134964904514512,15.900734272,carbonZ_2018-07-30-16-39-00_2_engine_failure,engine,9.40999984741,-37.2868537903,-48.6434783936,94,1.30773043633,-1.42572617531,144.116821289,-9.94926071167,9.22374629974,0.260335952044,0
1532134964941152304,15.937372064,carbonZ_2018-07-30-16-39-00_2_engine_failure,engine,9.4299993515,-35.2110862732,-47.7385826111,95,1.30773043633,-1.42572617531,144.116821289,-9.94766521454,9.23508071899,0.223744884133,0
1532134964994921232,15.991140992,carbonZ_2018-07-30-16-39-00_2_engine_failure,engine,9.4299993515,-35.2110862732,-47.7385826111,95,-0.42733296752,0.0460262969136,143.596633911,-9.93606758118,9.25154972076,0.166559934616,0
1532134965045151344,16.041371104,carbonZ_2018-07-30-16-39-00_2_engine_failure,engine,9.4299993515,-35.2110862732,-47.7385826111,95,-0.42733296752,0.0460262969136,143.596633911,-9.9307012558,9.24980449677,0.139251440763,0
1532134965102318960,16.09853872,carbonZ_2018-07-30-16-39-00_2_engine_failure,engine,9.44999980927,-25.3653526306,-46.8333892822,96,-0.42733296752,0.0460262969136,143.596633911,-9.91447639465,9.2608127594,0.070842795074,0
1532134965124498576,16.120718336,carbonZ_2018-07-30-16-39-00_2_engine_failure,engine,9.44999980927,-25.3653526306,-46.8333892822,96,-0.42733296752,0.0460262969136,143.596633911,-9.91285991669,9.26080131531,0.0628425329924,0
1532134965152136368,16.148356128,carbonZ_2018-07-30-16-39-00_2_engine_failure,engine,9.46000003815,-27.8138160706,-45.9200439453,97,-0.42733296752,0.0460262969136,143.596633911,-9.89863681793,9.27356338501,0.0134636480361,0
1532134965189816528,16.186036288,carbonZ_2018-07-30-16-39-00_2_engine_failure,engine,9.46000003815,-27.8138160706,-45.9200439453,97,-0.42733296752,0.0460262969136,143.596633911,-9.88920783997,9.277592659,-0.0127654401585,0
1532134965252520016,16.248739776,carbonZ_2018-07-30-16-39-00_2_engine_failure,engine,9.46000003815,-25.6630897522,-45.0151519775,98,-0.42733296752,0.0460262969136,143.596633911,-9.86679553986,9.27576828003,-0.0611632317305,0
1532134965290273936,16.286493696,carbonZ_2018-07-30-16-39-00_2_engine_failure,engine,9.46000003815,-25.6630897522,-45.0151519775,98,-0.42733296752,0.0460262969136,143.596633911,-9.85190200806,9.2820224762,-0.103338837624,0
1532134965423487152,16.419706912,carbonZ_2018-07-30-16-39-00_2_engine_failure,engine,9.44999980927,-26.1839866638,-44.102104187,99,-0.42733296752,0.0460262969136,143.596633911,-9.79134559631,9.30282115936,-0.275169283152,0
1532134965460319856,16.456539616,carbonZ_2018-07-30-16-39-00_2_engine_failure,engine,9.42000007629,-33.492565155,-43.1975097656,100,-0.42733296752,0.0460262969136,143.596633911,-9.77164173126,9.30537319183,-0.324065208435,0
1532134965544310064,16.540529824,carbonZ_2018-07-30-16-39-00_2_engine_failure,engine,9.42000007629,-33.492565155,-43.1975097656,100,-0.895344316959,2.00893616676,142.124481201,-9.72405815125,9.32201385498,-0.352227210999,0
1532134965572135856,16.568355616,carbonZ_2018-07-30-16-39-00_2_engine_failure,engine,9.38999938965,-32.6581001282,-42.2847671509,102,-0.895344316959,2.00893616676,142.124481201,-9.70046138763,9.33634471893,-0.355741113424,0
1532134965603989136,16.600208896,carbonZ_2018-07-30-16-39-00_2_engine_failure,engine,9.38999938965,-32.6581001282,-42.2847671509,102,-0.895344316959,2.00893616676,142.124481201,-9.68206787109,9.33595848083,-0.353587716818,0
1532134965676939568,16.673159328,carbonZ_2018-07-30-16-39-00_2_engine_failure,engine,9.3499994278,-28.1401634216,-41.3723182678,103,-0.895344316959,2.00893616676,142.124481201,-9.6259469986,9.34770298004,-0.376933693886,0
1532134965687640208,16.683859968,carbonZ_2018-07-30-16-39-00_2_engine_failure,engine,9.3499994278,-28.1401634216,-41.3723182678,103,-0.895344316959,2.00893616676,142.124481201,-9.6259469986,9.34770298004,-0.376933693886,0
1532134965749713936,16.745933696,carbonZ_2018-07-30-16-39-00_2_engine_failure,engine,9.30000019073,-20.3518867493,-41.0574531555,104,-0.895344316959,2.00893616676,142.124481201,-9.56934261322,9.37541866302,-0.408751159906,0
1532134965808823856,16.805043616,carbonZ_2018-07-30-16-39-00_2_engine_failure,engine,9.30000019073,-20.3518867493,-41.0574531555,104,-0.895344316959,2.00893616676,142.124481201,-9.53929615021,9.38439083099,-0.379912376404,0
1532134965858027792,16.854247552,carbonZ_2018-07-30-16-39-00_2_engine_failure,engine,9.26000022888,5.20458221436,-40.1239013672,105,-1.78830659389,2.28973603249,142.156616211,-9.50674629211,9.39397525787,-0.339261889458,0
1532134965881217008,16.877436768,carbonZ_2018-07-30-16-39-00_2_engine_failure,engine,9.26000022888,5.20458221436,-40.1239013672,105,-1.78830659389,2.28973603249,142.156616211,-9.48093986511,9.40774440765,-0.290150493383,0
1532134965912307728,16.908527488,carbonZ_2018-07-30-16-39-00_2_engine_failure,engine,9.26000022888,5.20458221436,-40.1239013672,105,-1.78830659389,2.28973603249,142.156616211,-9.46343326569,9.41805553436,-0.233240067959,0
1532134966010972912,17.007192672,carbonZ_2018-07-30-16-39-00_2_engine_failure,engine,9.22999954224,21.6027259827,-39.1813316345,106,-1.78830659389,2.28973603249,142.156616211,-9.40855789185,9.4467382431,-0.0611317194998,0
1532134966069360688,17.065580448,carbonZ_2018-07-30-16-39-00_2_engine_failure,engine,9.21000003815,44.1547393799,-38.6233863831,107,-1.78830659389,2.28973603249,142.156616211,-9.39630031586,9.45279026031,-0.00135029235389,0
1532134966105189008,17.101408768,carbonZ_2018-07-30-16-39-00_2_engine_failure,engine,9.21000003815,44.1547393799,-38.6233863831,107,-1.78830659389,2.28973603249,142.156616211,-9.38609695435,9.45743083954,0.0494452789426,0
1532134966184867792,17.181087552,carbonZ_2018-07-30-16-39-00_2_engine_failure,engine,9.22000026703,49.2412567139,-37.6674346924,108,-1.78830659389,2.28973603249,142.156616211,-9.37185382843,9.46532726288,0.0775439590216,0
1532134966227839664,17.224059424,carbonZ_2018-07-30-16-39-00_2_engine_failure,engine,9.22000026703,49.2412567139,-37.6674346924,108,0.745012521744,1.62800979614,144.023574829,-9.35978507996,9.45929527283,0.0965489372611,0
1532134966281393808,17.277613568,carbonZ_2018-07-30-16-39-00_2_engine_failure,engine,9.22999954224,41.2830352783,-37.6429405212,109,0.745012521744,1.62800979614,144.023574829,-9.36346340179,9.45186138153,0.125329375267,0
1532134966310568784,17.306788544,carbonZ_2018-07-30-16-39-00_2_engine_failure,engine,9.22999954224,41.2830352783,-37.6429405212,109,0.745012521744,1.62800979614,144.023574829,-9.35655784607,9.45062828064,0.109005175531,0
1532134966331646000,17.32786576,carbonZ_2018-07-30-16-39-00_2_engine_failure,engine,9.22999954224,41.2830352783,-37.6429405212,109,0.745012521744,1.62800979614,144.023574829,-9.36079978943,9.44811058044,0.111594922841,0
1532134966373150736,17.369370496,carbonZ_2018-07-30-16-39-00_2_engine_failure,engine,9.23999977112,32.9029083252,-36.6531143188,111,0.745012521744,1.62800979614,144.023574829,-9.37185382843,9.44915390015,0.114065334201,0
1532134966450933008,17.447152768,carbonZ_2018-07-30-16-39-00_2_engine_failure,engine,9.26000022888,27.8907775879,-36.2136192322,112,0.745012521744,1.62800979614,144.023574829,-9.38858413696,9.42387962341,0.155450552702,0
1532134966500878000,17.49709776,carbonZ_2018-07-30-16-39-00_2_engine_failure,engine,9.26000022888,27.8907775879,-36.2136192322,112,0.745012521744,1.62800979614,144.023574829,-9.38858413696,9.42387962341,0.155450552702,0
1532134966549804400,17.54602416,carbonZ_2018-07-30-16-39-00_2_engine_failure,engine,9.27999973297,34.4292640686,-35.2224807739,113,3.27597951889,1.35762250423,145.178421021,-9.41815376282,9.40094470978,0.201142981648,0
1532134966656405424,17.652625184,carbonZ_2018-07-30-16-39-00_2_engine_failure,engine,9.30999946594,48.8489151001,-34.2214813232,114,3.27597951889,1.35762250423,145.178421021,-9.46331119537,9.34972476959,0.297023743391,0
1532134966720256752,17.716476512,carbonZ_2018-07-30-16-39-00_2_engine_failure,engine,9.30999946594,48.8489151001,-34.2214813232,114,3.27597951889,1.35762250423,145.178421021,-9.50454998016,9.32156658173,0.315637379885,0
1532134966746753744,17.742973504,carbonZ_2018-07-30-16-39-00_2_engine_failure,engine,9.30999946594,48.8489151001,-34.2214813232,114,3.27597951889,1.35762250423,145.178421021,-9.51237869263,9.30734348297,0.297847390175,0
1532134966824136976,17.820356736,carbonZ_2018-07-30-16-39-00_2_engine_failure,engine,9.3499994278,52.6503562927,-33.7804260254,115,3.27597951889,1.35762250423,145.178421021,-9.5699224472,9.26592254639,0.298403173685,0
1532134966856237712,17.852457472,carbonZ_2018-07-30-16-39-00_2_engine_failure,engine,9.38999938965,50.297164917,-32.7799530029,116,3.27597951889,1.35762250423,145.178421021,-9.59133148193,9.24640369415,0.307085156441,0
1532134966866811664,17.863031424,carbonZ_2018-07-30-16-39-00_2_engine_failure,engine,9.38999938965,50.297164917,-32.7799530029,116,3.27597951889,1.35762250423,145.178421021,-9.60156822205,9.2312040329,0.28772521019,0
1532134966961333968,17.957553728,carbonZ_2018-07-30-16-39-00_2_engine_failure,engine,9.4299993515,45.6756591797,-32.3573684692,118,3.27597951889,1.35762250423,145.178421021,-9.6629781723,9.20485782623,0.313047230244,0
1532134966998001904,17.994221664,carbonZ_2018-07-30-16-39-00_2_engine_failure,engine,9.4299993515,45.6756591797,-32.3573684692,118,3.27597951889,1.35762250423,145.178421021,-9.71067047119,9.1672039032,0.305961102247,0
1532134967045678288,18.041898048,carbonZ_2018-07-30-16-39-00_2_engine_failure,engine,9.46999931335,29.726600647,-31.334154129,119,3.27597951889,1.35762250423,145.178421021,-9.71113300323,9.15362358093,0.299964725971,0
1532134967078391472,18.074611232,carbonZ_2018-07-30-16-39-00_2_engine_failure,engine,9.46999931335,29.726600647,-31.334154129,119,3.27597951889,1.35762250423,145.178421021,-9.75441169739,9.12614536285,0.298841863871,0
1532134967136222960,18.13244272,carbonZ_2018-07-30-16-39-00_2_engine_failure,engine,9.51000022888,19.1440582275,-30.2963352203,120,7.07452726364,1.20216059685,145.141662598,-9.82337379456,9.07985782623,0.319273591042,0
1532134967185439376,18.181659136,carbonZ_2018-07-30-16-39-00_2_engine_failure,engine,9.51000022888,19.1440582275,-30.2963352203,120,7.07452726364,1.20216059685,145.141662598,-9.82337379456,9.07985782623,0.319273591042,0
1532134967209405328,18.205625088,carbonZ_2018-07-30-16-39-00_2_engine_failure,engine,9.51000022888,19.1440582275,-30.2963352203,120,7.07452726364,1.20216059685,145.141662598,-9.82337379456,9.07985782623,0.319273591042,0
1532134967278162960,18.27438272,carbonZ_2018-07-30-16-39-00_2_engine_failure,engine,9.55000019073,7.86943435669,-30.4712181091,121,7.07452726364,1.20216059685,145.141662598,-9.92025470734,8.98378562927,0.295700162649,0
1532134967300692944,18.296912704,carbonZ_2018-07-30-16-39-00_2_engine_failure,engine,9.55000019073,7.86943435669,-30.4712181091,121,7.07452726364,1.20216059685,145.141662598,-9.9867477417,8.93127250671,0.290016621351,0
1532134967354005104,18.350224864,carbonZ_2018-07-30-16-39-00_2_engine_failure,engine,9.57999992371,-1.94025039673,-29.4253997803,122,7.07452726364,1.20216059685,145.141662598,-10.0222625732,8.89340877533,0.293481826782,0
1532134967409183440,18.4054032,carbonZ_2018-07-30-16-39-00_2_engine_failure,engine,9.57999992371,-1.94025039673,-29.4253997803,122,7.07452726364,1.20216059685,145.141662598,-10.0600347519,8.84786128998,0.282280862331,0
1532134967453650960,18.44987072,carbonZ_2018-07-30-16-39-00_2_engine_failure,engine,9.61999988556,-6.56423568726,-28.9773159027,123,7.07452726364,1.20216059685,145.141662598,-10.1139860153,8.77586364746,0.294531017542,0
1532134967497390704,18.493610464,carbonZ_2018-07-30-16-39-00_2_engine_failure,engine,9.61999988556,-6.56423568726,-28.9773159027,123,11.183380127,1.6605682373,145.812866211,-10.1504812241,8.72442626953,0.268788546324,0
1532134967583439056,18.579658816,carbonZ_2018-07-30-16-39-00_2_engine_failure,engine,9.64999961853,-19.2552566528,-27.9054927826,124,11.183380127,1.6605682373,145.812866211,-10.2429904938,8.63350582123,0.237297207117,0
1532134967610011472,18.606231232,carbonZ_2018-07-30-16-39-00_2_engine_failure,engine,9.64999961853,-19.2552566528,-27.9054927826,124,11.183380127,1.6605682373,145.812866211,-10.2516202927,8.61029148102,0.242670252919,0
1532134967630661680,18.62688144,carbonZ_2018-07-30-16-39-00_2_engine_failure,engine,9.64999961853,-19.2552566528,-27.9054927826,124,11.183380127,1.6605682373,145.812866211,-10.301817894,8.55519580841,0.22824293375,0
1532134967667223024,18.663442784,carbonZ_2018-07-30-16-39-00_2_engine_failure,engine,9.6799993515,-32.6959609985,-28.066116333,126,11.183380127,1.6605682373,145.812866211,-10.3668375015,8.47983551025,0.238224923611,0
1532134967745028496,18.741248256,carbonZ_2018-07-30-16-39-00_2_engine_failure,engine,9.71000003815,-36.3905906677,-26.9536514282,127,11.183380127,1.6605682373,145.812866211,-10.4220523834,8.42124462128,0.244774743915,0
1532134967791782768,18.788002528,carbonZ_2018-07-30-16-39-00_2_engine_failure,engine,9.71000003815,-36.3905906677,-26.9536514282,127,11.183380127,1.6605682373,145.812866211,-10.4738368988,8.3611831665,0.249800667167,0
1532134967864526832,18.860746592,carbonZ_2018-07-30-16-39-00_2_engine_failure,engine,9.75,-37.5008583069,-27.046081543,128,11.183380127,1.6605682373,145.812866211,-10.5713748932,8.21514987946,0.265856832266,0
1532134967892013424,18.888233184,carbonZ_2018-07-30-16-39-00_2_engine_failure,engine,9.75,-37.5008583069,-27.046081543,128,14.9470643997,1.4824924469,148.770584106,-10.6204099655,8.13353919983,0.269573062658,0
1532134967979446864,18.975666624,carbonZ_2018-07-30-16-39-00_2_engine_failure,engine,9.77999973297,-48.055934906,-25.9177284241,129,14.9470643997,1.4824924469,148.770584106,-10.7341051102,7.9613571167,0.267396450043,0
1532134968053097456,19.049317216,carbonZ_2018-07-30-16-39-00_2_engine_failure,engine,9.77999973297,-48.055934906,-25.9177284241,129,14.9470643997,1.4824924469,148.770584106,-10.8292074203,7.8063955307,0.271726459265,0
1532134968091361104,19.087580864,carbonZ_2018-07-30-16-39-00_2_engine_failure,engine,9.81999969482,-59.205532074,-24.7954311371,130,14.9470643997,1.4824924469,148.770584106,-10.9195613861,7.64085197449,0.227162435651,0
1532134968149103344,19.145323104,carbonZ_2018-07-30-16-39-00_2_engine_failure,engine,9.8499994278,-72.8190460205,-24.2651195526,131,14.9470643997,1.4824924469,148.770584106,-11.0610494614,7.41375160217,0.176687657833,0
1532134968185746896,19.181966656,carbonZ_2018-07-30-16-39-00_2_engine_failure,engine,9.8499994278,-72.8190460205,-24.2651195526,131,14.9470643997,1.4824924469,148.770584106,-11.0610494614,7.41375160217,0.176687657833,0
1532134968263583920,19.25980368,carbonZ_2018-07-30-16-39-00_2_engine_failure,engine,9.86999988556,-89.2387390137,-23.1629981995,132,14.9470643997,1.4824924469,148.770584106,-11.190738678,7.16312646866,0.157216504216,0
1532134968279128528,19.275348288,carbonZ_2018-07-30-16-39-00_2_engine_failure,engine,9.86999988556,-89.2387390137,-23.1629981995,132,14.9470643997,1.4824924469,148.770584106,-11.190738678,7.16312646866,0.157216504216,0
1532134968326873424,19.323093184,carbonZ_2018-07-30-16-39-00_2_engine_failure,engine,9.86999988556,-89.2387390137,-23.1629981995,132,21.5344753265,1.98745274544,153.713439941,-11.2878713608,6.97334051132,0.145372435451,0
1532134968392642384,19.388862144,carbonZ_2018-07-30-16-39-00_2_engine_failure,engine,9.88999938965,-85.4919433594,-22.0735206604,133,21.5344753265,1.98745274544,153.713439941,-11.3913011551,6.78179359436,0.12786886096,0
1532134968417976880,19.41419664,carbonZ_2018-07-30-16-39-00_2_engine_failure,engine,9.88999938965,-85.4919433594,-22.0735206604,133,21.5344753265,1.98745274544,153.713439941,-11.437541008,6.70317363739,0.11146915704,0
1532134968505470064,19.501689824,carbonZ_2018-07-30-16-39-00_2_engine_failure,engine,9.90999984741,-102.847480774,-22.0903072357,134,21.5344753265,1.98745274544,153.713439941,-11.6039829254,6.31540822983,0.0364732407033,0
1532134968574298256,19.570518016,carbonZ_2018-07-30-16-39-00_2_engine_failure,engine,9.92000007629,-111.362075806,-20.9895153046,135,21.5344753265,1.98745274544,153.713439941,-11.7370624542,6.01732397079,0.00965428724885,0
1532134968596878224,19.593097984,carbonZ_2018-07-30-16-39-00_2_engine_failure,engine,9.92000007629,-111.362075806,-20.9895153046,135,21.5344753265,1.98745274544,153.713439941,-11.7600822449,5.93662023544,0.00971318222582,0
1532134968667045840,19.6632656,carbonZ_2018-07-30-16-39-00_2_engine_failure,engine,9.9299993515,-120.822525024,-21.6198730469,136,21.5344753265,1.98745274544,153.713439941,-11.8615903854,5.68171977997,-0.0303650368005,0
1532134968718575536,19.714795296,carbonZ_2018-07-30-16-39-00_2_engine_failure,engine,9.9299993515,-120.822525024,-21.6198730469,136,24.9130687714,2.98407006264,158.444381714,-11.9495239258,5.42518043518,-0.0702346935868,0
1532134968753657584,19.749877344,carbonZ_2018-07-30-16-39-00_2_engine_failure,engine,9.93999958038,-123.833084106,-20.5063056946,137,24.9130687714,2.98407006264,158.444381714,-12.0126628876,5.25135231018,-0.0931650921702,0
1532134968827419344,19.823639104,carbonZ_2018-07-30-16-39-00_2_engine_failure,engine,9.93999958038,-123.833084106,-20.5063056946,137,24.9130687714,2.98407006264,158.444381714,-12.1037073135,4.97665452957,-0.107301793993,0
1532134968871793008,19.868012768,carbonZ_2018-07-30-16-39-00_2_engine_failure,engine,9.93999958038,-131.621551514,-20.0029258728,138,24.9130687714,2.98407006264,158.444381714,-12.1732444763,4.70530080795,-0.114497289062,0
1532134968908469200,19.90468896,carbonZ_2018-07-30-16-39-00_2_engine_failure,engine,9.93999958038,-131.621551514,-20.0029258728,138,24.9130687714,2.98407006264,158.444381714,-12.2054395676,4.61605739594,-0.0965057015419,0
1532134968955017872,19.951237632,carbonZ_2018-07-30-16-39-00_2_engine_failure,engine,9.9299993515,-139.744186401,-18.9117450714,139,24.9130687714,2.98407006264,158.444381714,-12.2744255066,4.34595632553,-0.100924827158,0
1532134968988932368,19.985152128,carbonZ_2018-07-30-16-39-00_2_engine_failure,engine,9.9299993515,-139.744186401,-18.9117450714,139,24.9130687714,2.98407006264,158.444381714,-12.3073272705,4.25193071365,-0.0975841134787,0
1532134969040574160,20.03679392,carbonZ_2018-07-30-16-39-00_2_engine_failure,engine,9.9299993515,-139.744186401,-18.9117450714,139,28.4042892456,3.29433083534,163.47467041,-12.3687152863,3.95345616341,-0.093924857676,0
1532134969070653648,20.066873408,carbonZ_2018-07-30-16-39-00_2_engine_failure,engine,9.9299993515,-141.971008301,-17.8666191101,140,28.4042892456,3.29433083534,163.47467041,-12.4120883942,3.76495194435,-0.0770859345794,0
1532134969145107440,20.1413272,carbonZ_2018-07-30-16-39-00_2_engine_failure,engine,9.92000007629,-141.426269531,-18.5573863983,141,28.4042892456,3.29433083534,163.47467041,-12.4824075699,3.47240328789,-0.0533164441586,0
1532134969180135504,20.176355264,carbonZ_2018-07-30-16-39-00_2_engine_failure,engine,9.92000007629,-141.426269531,-18.5573863983,141,28.4042892456,3.29433083534,163.47467041,-12.5269327164,3.28211379051,-0.0349123999476,0
1532134969228948272,20.225168032,carbonZ_2018-07-30-16-39-00_2_engine_failure,engine,9.92000007629,-141.426269531,-18.5573863983,141,28.4042892456,3.29433083534,163.47467041,-12.5932264328,2.87386631966,0.00392452534288,0
1532134969273898352,20.270118112,carbonZ_2018-07-30-16-39-00_2_engine_failure,engine,9.92000007629,-143.2840271,-17.4967880249,142,28.4042892456,3.29433083534,163.47467041,-12.6053714752,2.772605896,0.0108350804076,0
1532134969354652208,20.350871968,carbonZ_2018-07-30-16-39-00_2_engine_failure,engine,9.92000007629,-143.2840271,-17.4967880249,142,28.4042892456,3.29433083534,163.47467041,-12.6611499786,2.46533942223,0.0390351042151,0
1532134969398566512,20.394786272,carbonZ_2018-07-30-16-39-00_2_engine_failure,engine,9.9299993515,-145.783050537,-17.0469169617,143,31.523815155,3.33628177643,169.938751221,-12.703499794,2.15673136711,0.0741008520126,0
1532134969435227600,20.43144736,carbonZ_2018-07-30-16-39-00_2_engine_failure,engine,9.9299993515,-145.783050537,-17.0469169617,143,31.523815155,3.33628177643,169.938751221,-12.727394104,1.93829321861,0.0966615825891,0
1532134969503025648,20.499245408,carbonZ_2018-07-30-16-39-00_2_engine_failure,engine,9.93999958038,-148.705001831,-16.0231380463,143,31.523815155,3.33628177643,169.938751221,-12.7691011429,1.61186623573,0.1278937608,0
1532134969549303568,20.545523328,carbonZ_2018-07-30-16-39-00_2_engine_failure,engine,9.96000003815,-143.802734375,-17.507516861,144,31.523815155,3.33628177643,169.938751221,-12.7991962433,1.29550170898,0.181346997619,0
1532134969583439984,20.579659744,carbonZ_2018-07-30-16-39-00_2_engine_failure,engine,9.96000003815,-143.802734375,-17.507516861,144,31.523815155,3.33628177643,169.938751221,-12.8123168945,1.1830945015,0.180455908179,0
1532134969674185872,20.670405632,carbonZ_2018-07-30-16-39-00_2_engine_failure,engine,9.98999977112,-149.697494507,-16.4375171661,145,31.523815155,3.33628177643,169.938751221,-12.8513059616,0.620883285999,0.254213511944,0
1532134969777837904,20.774057664,carbonZ_2018-07-30-16-39-00_2_engine_failure,engine,10.0199995041,-144.022750854,-15.4013595581,146,33.7956695557,2.7459230423,177.516952515,-12.893658638,0.0451414957643,0.284176528454,0
1532134969859016432,20.855236192,carbonZ_2018-07-30-16-39-00_2_engine_failure,engine,10.0500001907,-148.874481201,-15.7009248734,146,33.7956695557,2.7459230423,177.516952515,-12.9014949799,-0.431874543428,0.320960909128,0
1532134969880058768,20.876278528,carbonZ_2018-07-30-16-39-00_2_engine_failure,engine,10.0500001907,-148.874481201,-15.7009248734,146,33.7956695557,2.7459230423,177.516952515,-12.8966293335,-0.543807089329,0.338829338551,0
1532134969911975664,20.908195424,carbonZ_2018-07-30-16-39-00_2_engine_failure,engine,10.0500001907,-148.874481201,-15.7009248734,146,33.7956695557,2.7459230423,177.516952515,-12.8981685638,-0.773563444614,0.368050456047,0
1532134969974320080,20.97053984,carbonZ_2018-07-30-16-39-00_2_engine_failure,engine,10.0999994278,-158.983032227,-14.6527175903,147,33.7956695557,2.7459230423,177.516952515,-12.9059085846,-1.11029100418,0.441914409399,0
1532134970007034448,21.003254208,carbonZ_2018-07-30-16-39-00_2_engine_failure,engine,10.0999994278,-158.983032227,-14.6527175903,147,33.7956695557,2.7459230423,177.516952515,-12.8936491013,-1.2282050848,0.452703595161,0
1532134970065180400,21.06140016,carbonZ_2018-07-30-16-39-00_2_engine_failure,engine,10.1499996185,-158.37878418,-14.9903554916,147,35.9041099548,2.15348100662,-175.238861084,-12.880821228,-1.57981693745,0.542815387249,0
1532134970101582064,21.097801824,carbonZ_2018-07-30-16-39-00_2_engine_failure,engine,10.1499996185,-158.37878418,-14.9903554916,147,35.9041099548,2.15348100662,-175.238861084,-12.8665828705,-1.81683349609,0.593381524086,0
1532134970168263472,21.164483232,carbonZ_2018-07-30-16-39-00_2_engine_failure,engine,10.2100000381,-160.12840271,-13.9540319443,148,35.9041099548,2.15348100662,-175.238861084,-12.8336677551,-2.18856406212,0.647087037563,0
1532134970186944048,21.183163808,carbonZ_2018-07-30-16-39-00_2_engine_failure,engine,10.2100000381,-160.12840271,-13.9540319443,148,35.9041099548,2.15348100662,-175.238861084,-12.8280324936,-2.30321788788,0.681158602238,0
1532134970237025488,21.233245248,carbonZ_2018-07-30-16-39-00_2_engine_failure,engine,10.2100000381,-160.12840271,-13.9540319443,148,35.9041099548,2.15348100662,-175.238861084,-12.7734670639,-2.71266651154,0.711732447147,0
1532134970318104240,21.314324,carbonZ_2018-07-30-16-39-00_2_engine_failure,engine,10.2899999619,-156.141662598,-12.9581069946,148,35.9041099548,2.15348100662,-175.238861084,-12.7058115005,-3.25158333778,0.754360675812,0
1532134970370933136,21.367152896,carbonZ_2018-07-30-16-39-00_2_engine_failure,engine,10.3800001144,-162.810699463,-13.3276786804,149,35.9041099548,2.15348100662,-175.238861084,-12.641415596,-3.65121078491,0.769238650799,0
1532134970469697744,21.465917504,carbonZ_2018-07-30-16-39-00_2_engine_failure,engine,10.4699993134,-175.6612854,-12.3370790482,149,37.9105796814,2.39140343666,-165.990020752,-12.5255212784,-4.21395111084,0.767044067383,0
1532134970488820400,21.48504016,carbonZ_2018-07-30-16-39-00_2_engine_failure,engine,10.4699993134,-175.6612854,-12.3370790482,149,37.9105796814,2.39140343666,-165.990020752,-12.5255212784,-4.21395111084,0.767044067383,0
1532134970557111024,21.553330784,carbonZ_2018-07-30-16-39-00_2_engine_failure,engine,10.5599994659,-197.307403564,-13.4815216064,149,37.9105796814,2.39140343666,-165.990020752,-12.3611717224,-4.91652393341,0.701064646244,0
1532134970579013104,21.575232864,carbonZ_2018-07-30-16-39-00_2_engine_failure,engine,10.5599994659,-197.307403564,-13.4815216064,149,37.9105796814,2.39140343666,-165.990020752,-12.2846469879,-5.20086097717,0.655430138111,0
1532134970634994064,21.631213824,carbonZ_2018-07-30-16-39-00_2_engine_failure,engine,10.5599994659,-197.307403564,-13.4815216064,149,37.9105796814,2.39140343666,-165.990020752,-12.1964950562,-5.4883055687,0.607232987881,0
1532134970673918416,21.670138176,carbonZ_2018-07-30-16-39-00_2_engine_failure,engine,10.6300001144,-214.432052612,-12.5056295395,149,37.9105796814,2.39140343666,-165.990020752,-12.1134119034,-5.76475095749,0.578701913357,0
1532134970753912592,21.750132352,carbonZ_2018-07-30-16-39-00_2_engine_failure,engine,10.6999998093,-217.706588745,-12.9409923553,150,37.9105796814,2.39140343666,-165.990020752,-11.9295949936,-6.27395963669,0.528559088707,0
1532134970789069264,21.785289024,carbonZ_2018-07-30-16-39-00_2_engine_failure,engine,10.6999998093,-217.706588745,-12.9409923553,150,37.9105796814,2.39140343666,-165.990020752,-11.873421669,-6.40247249603,0.499610483646,0
1532134970837058896,21.833278656,carbonZ_2018-07-30-16-39-00_2_engine_failure,engine,10.6999998093,-217.706588745,-12.9409923553,150,35.5262527466,3.81397795677,-156.451782227,-11.706744194,-6.78232622147,0.468319177628,0
1532134970935287472,21.931507232,carbonZ_2018-07-30-16-39-00_2_engine_failure,engine,10.75,-218.960571289,-11.9687414169,150,35.5262527466,3.81397795677,-156.451782227,-11.4010353088,-7.42278337479,0.361567229033,0
1532134971009981520,22.00620128,carbonZ_2018-07-30-16-39-00_2_engine_failure,engine,10.8000001907,-228.315551758,-11.0224123001,150,35.5262527466,3.81397795677,-156.451782227,-11.2071628571,-7.78601503372,0.304991334677,0
1532134971033811760,22.03003152,carbonZ_2018-07-30-16-39-00_2_engine_failure,engine,10.8000001907,-228.315551758,-11.0224123001,150,35.5262527466,3.81397795677,-156.451782227,-11.0643415451,-8.03030204773,0.262186706066,0
1532134971071778448,22.067998208,carbonZ_2018-07-30-16-39-00_2_engine_failure,engine,10.8400001526,-237.971679688,-11.9981060028,150,35.5262527466,3.81397795677,-156.451782227,-10.9248867035,-8.26618480682,0.225177913904,0
1532134971106722800,22.10294256,carbonZ_2018-07-30-16-39-00_2_engine_failure,engine,10.8400001526,-237.971679688,-11.9981060028,150,35.5262527466,3.81397795677,-156.451782227,-10.9248867035,-8.26618480682,0.225177913904,0
1532134971169240272,22.165460032,carbonZ_2018-07-30-16-39-00_2_engine_failure,engine,10.8599996567,-240.69442749,-11.0481376648,150,35.5262527466,3.81397795677,-156.451782227,-10.6386127472,-8.71652317047,0.162290602922,0
1532134971192190832,22.188410592,carbonZ_2018-07-30-16-39-00_2_engine_failure,engine,10.8599996567,-240.69442749,-11.0481376648,150,35.5262527466,3.81397795677,-156.451782227,-10.4873466492,-8.93329620361,0.132329270244,0
1532134971249138000,22.24535776,carbonZ_2018-07-30-16-39-00_2_engine_failure,engine,10.8800001144,-235.502044678,-10.1735506058,150,34.4227142334,5.29778385162,-145.727294922,-10.1677522659,-9.35050868988,0.0801073759794,0
1532134971308099664,22.304319424,carbonZ_2018-07-30-16-39-00_2_engine_failure,engine,10.8800001144,-235.502044678,-10.1735506058,150,34.4227142334,5.29778385162,-145.727294922,-10.0915527344,-9.45566272736,0.0766105130315,0
1532134971379044528,22.375264288,carbonZ_2018-07-30-16-39-00_2_engine_failure,engine,10.8999996185,-230.384246826,-10.3457765579,149,34.4227142334,5.29778385162,-145.727294922,-9.7723236084,-9.83924102783,0.0252309441566,0
1532134971411991312,22.408211072,carbonZ_2018-07-30-16-39-00_2_engine_failure,engine,10.8999996185,-230.384246826,-10.3457765579,149,34.4227142334,5.29778385162,-145.727294922,-9.67759037018,-9.93650341034,0.0192198082805,0
1532134971489530128,22.485749888,carbonZ_2018-07-30-16-39-00_2_engine_failure,engine,10.8999996185,-232.785614014,-9.50652122498,149,34.4227142334,5.29778385162,-145.727294922,-9.23290157318,-10.4125261307,-0.0520626083016,0
1532134971598542832,22.594762592,carbonZ_2018-07-30-16-39-00_2_engine_failure,engine,10.8999996185,-224.411010742,-9.13415718079,149,34.4227142334,5.29778385162,-145.727294922,-8.75711536407,-10.8906679153,-0.136377036572,0
1532134971658773136,22.654992896,carbonZ_2018-07-30-16-39-00_2_engine_failure,engine,10.8999996185,-231.709381104,-8.37889099121,149,34.4227142334,5.29778385162,-145.727294922,-8.43408203125,-11.1642103195,-0.212646633387,0
1532134971697493008,22.693712768,carbonZ_2018-07-30-16-39-00_2_engine_failure,engine,10.8999996185,-231.709381104,-8.37889099121,149,34.4571876526,6.52102947235,-134.54927063,-8.2240190506,-11.3404474258,-0.242407947779,0
1532134971773815952,22.770035712,carbonZ_2018-07-30-16-39-00_2_engine_failure,engine,10.8800001144,-224.411483765,-8.83002376556,148,34.4571876526,6.52102947235,-134.54927063,-7.81294631958,-11.6755189896,-0.288527280092,0
1532134971803990512,22.800210272,carbonZ_2018-07-30-16-39-00_2_engine_failure,engine,10.8800001144,-224.411483765,-8.83002376556,148,34.4571876526,6.52102947235,-134.54927063,-7.70203971863,-11.7545681,-0.306192576885,0
1532134971874107472,22.870327232,carbonZ_2018-07-30-16-39-00_2_engine_failure,engine,10.8499994278,-212.094970703,-8.1251449585,148,34.4571876526,6.52102947235,-134.54927063,-7.28978538513,-12.0442686081,-0.32097786665,0
1532134971915558704,22.911778464,carbonZ_2018-07-30-16-39-00_2_engine_failure,engine,10.8499994278,-212.094970703,-8.1251449585,148,34.4571876526,6.52102947235,-134.54927063,-7.19680309296,-12.1161136627,-0.306468546391,0
1532134971953953520,22.95017328,carbonZ_2018-07-30-16-39-00_2_engine_failure,engine,10.8199996948,-199.793533325,-7.46530914307,147,34.4571876526,6.52102947235,-134.54927063,-6.90012073517,-12.3065443039,-0.312794327736,0
1532134971998049232,22.994268992,carbonZ_2018-07-30-16-39-00_2_engine_failure,engine,10.8199996948,-199.793533325,-7.46530914307,147,34.4571876526,6.52102947235,-134.54927063,-6.70438623428,-12.429318428,-0.302462458611,0
1532134972034502672,23.030722432,carbonZ_2018-07-30-16-39-00_2_engine_failure,engine,10.8199996948,-199.793533325,-7.46530914307,147,34.4571876526,6.52102947235,-134.54927063,-6.50226163864,-12.5463047028,-0.291303068399,0
1532134972121798416,23.118018176,carbonZ_2018-07-30-16-39-00_2_engine_failure,engine,10.7899999619,-187.578674316,-7.01559066772,147,32.8902397156,7.64942264557,-126.864257812,-6.10745286942,-12.7797784805,-0.282486826181,0
1532134972152076720,23.14829648,carbonZ_2018-07-30-16-39-00_2_engine_failure,engine,10.7600002289,-172.91506958,-6.45902109146,146,32.8902397156,7.64942264557,-126.864257812,-6.00856399536,-12.8437175751,-0.282809376717,0
1532134972175950256,23.172170016,carbonZ_2018-07-30-16-39-00_2_engine_failure,engine,10.7600002289,-172.91506958,-6.45902109146,146,32.8902397156,7.64942264557,-126.864257812,-5.81346654892,-12.9587640762,-0.304837554693,0
1532134972235692336,23.231912096,carbonZ_2018-07-30-16-39-00_2_engine_failure,engine,10.7600002289,-172.91506958,-6.45902109146,146,32.8902397156,7.64942264557,-126.864257812,-5.49940252304,-13.1183319092,-0.337383776903,0
1532134972271570448,23.267790208,carbonZ_2018-07-30-16-39-00_2_engine_failure,engine,10.7299995422,-171.49810791,-6.13823843002,146,32.8902397156,7.64942264557,-126.864257812,-5.29599094391,-13.2282066345,-0.354973971844,0
1532134972350113168,23.346332928,carbonZ_2018-07-30-16-39-00_2_engine_failure,engine,10.7299995422,-171.49810791,-6.13823843002,146,32.8902397156,7.64942264557,-126.864257812,-4.98847866058,-13.3771343231,-0.408292144537,0
1532134972370223120,23.36644288,carbonZ_2018-07-30-16-39-00_2_engine_failure,engine,10.6999998093,-180.640884399,-5.65992259979,145,32.8902397156,7.64942264557,-126.864257812,-4.79580211639,-13.4748249054,-0.443817347288,0
1532134972466173104,23.462392864,carbonZ_2018-07-30-16-39-00_2_engine_failure,engine,10.6499996185,-184.275909424,-5.25424957275,144,32.8902397156,7.64942264557,-126.864257812,-4.4044251442,-13.6401863098,-0.480720758438,0
1532134972487254320,23.48347408,carbonZ_2018-07-30-16-39-00_2_engine_failure,engine,10.6499996185,-184.275909424,-5.25424957275,144,29.2636795044,8.19122409821,-118.912910461,-4.4044251442,-13.6401863098,-0.480720758438,0
1532134972557499568,23.553719328,carbonZ_2018-07-30-16-39-00_2_engine_failure,engine,10.6099996567,-175.990478516,-4.8868970871,144,29.2636795044,8.19122409821,-118.912910461,-3.86286115646,-13.8716506958,-0.513014316559,0
1532134972594775792,23.590995552,carbonZ_2018-07-30-16-39-00_2_engine_failure,engine,10.6099996567,-175.990478516,-4.8868970871,144,29.2636795044,8.19122409821,-118.912910461,-3.86286115646,-13.8716506958,-0.513014316559,0
1532134972632557584,23.628777344,carbonZ_2018-07-30-16-39-00_2_engine_failure,engine,10.6099996567,-175.990478516,-4.8868970871,144,29.2636795044,8.19122409821,-118.912910461,-3.59064531326,-13.969584465,-0.542129576206,0
1532134972700764688,23.696984448,carbonZ_2018-07-30-16-39-00_2_engine_failure,engine,10.5599994659,-163.985824585,-4.56407260895,143,29.2636795044,8.19122409821,-118.912910461,-3.33217072487,-14.0574626923,-0.591119587421,0
1532134972729633296,23.725853056,carbonZ_2018-07-30-16-39-00_2_engine_failure,engine,10.5,-159.115600586,-4.27464389801,142,29.2636795044,8.19122409821,-118.912910461,-3.33217072487,-14.0574626923,-0.591119587421,0
1532134972793494256,23.789714016,carbonZ_2018-07-30-16-39-00_2_engine_failure,engine,10.5,-159.115600586,-4.27464389801,142,29.2636795044,8.19122409821,-118.912910461,-3.00636005402,-14.1734924316,-0.657360374928,0
1532134972825155248,23.821375008,carbonZ_2018-07-30-16-39-00_2_engine_failure,engine,10.5,-159.115600586,-4.27464389801,142,29.2636795044,8.19122409821,-118.912910461,-2.68217277527,-14.2576036453,-0.710696995258,0
1532134972903463568,23.899683328,carbonZ_2018-07-30-16-39-00_2_engine_failure,engine,10.4399995804,-157.517059326,-4.02974224091,141,29.2636795044,8.19122409821,-118.912910461,-2.53055071831,-14.2940950394,-0.742338478565,0
1532134972952681680,23.94890144,carbonZ_2018-07-30-16-39-00_2_engine_failure,engine,10.3699998856,-146.472747803,-3.81823635101,140,23.2489948273,8.23842048645,-111.078208923,-2.30926942825,-14.3404626846,-0.777830183506,0
1532134972995335888,23.991555648,carbonZ_2018-07-30-16-39-00_2_engine_failure,engine,10.3699998856,-146.472747803,-3.81823635101,140,23.2489948273,8.23842048645,-111.078208923,-2.16244578362,-14.3701000214,-0.796438276768,0
1532134973033199184,24.029418944,carbonZ_2018-07-30-16-39-00_2_engine_failure,engine,10.3699998856,-146.472747803,-3.81823635101,140,23.2489948273,8.23842048645,-111.078208923,-2.01210427284,-14.392115593,-0.817918181419,0
1532134973069239568,24.065459328,carbonZ_2018-07-30-16-39-00_2_engine_failure,engine,10.3000001907,-132.418823242,-3.65125823021,140,23.2489948273,8.23842048645,-111.078208923,-1.87282276154,-14.4132728577,-0.831725716591,0
1532134973133528784,24.129748544,carbonZ_2018-07-30-16-39-00_2_engine_failure,engine,10.3000001907,-132.418823242,-3.65125823021,140,23.2489948273,8.23842048645,-111.078208923,-1.67285442352,-14.4494190216,-0.824002921581,0
1532134973150833296,24.147053056,carbonZ_2018-07-30-16-39-00_2_engine_failure,engine,10.2199993134,-122.478103638,-3.51767539978,139,23.2489948273,8.23842048645,-111.078208923,-1.67285442352,-14.4494190216,-0.824002921581,0
1532134973215131792,24.211351552,carbonZ_2018-07-30-16-39-00_2_engine_failure,engine,10.2199993134,-122.478103638,-3.51767539978,139,19.4241733551,8.20812225342,-106.463150024,-1.4139585495,-14.4788389206,-0.840023934841,0
1532134973273788688,24.270008448,carbonZ_2018-07-30-16-39-00_2_engine_failure,engine,10.1399993896,-122.555541992,-3.41748857498,138,19.4241733551,8.20812225342,-106.463150024,-1.28341829777,-14.4912347794,-0.870824038982,0
1532134973294855344,24.291075104,carbonZ_2018-07-30-16-39-00_2_engine_failure,engine,10.1399993896,-122.555541992,-3.41748857498,138,19.4241733551,8.20812225342,-106.463150024,-1.09479880333,-14.5028238297,-0.911406874657,0
1532134973372609008,24.368828768,carbonZ_2018-07-30-16-39-00_2_engine_failure,engine,10.0500001907,-110.363578796,-3.3395652771,137,19.4241733551,8.20812225342,-106.463150024,-0.874256908894,-14.5175466537,-0.926133871078,0
1532134973420398896,24.416618656,carbonZ_2018-07-30-16-39-00_2_engine_failure,engine,10.0500001907,-110.363578796,-3.3395652771,137,19.4241733551,8.20812225342,-106.463150024,-0.874256908894,-14.5175466537,-0.926133871078,0
1532134973475239056,24.471458816,carbonZ_2018-07-30-16-39-00_2_engine_failure,engine,9.96999931335,-95.3941345215,-3.29503774643,136,19.4241733551,8.20812225342,-106.463150024,-0.677930951118,-14.5169467926,-0.916131854057,0
1532134973504157136,24.500376896,carbonZ_2018-07-30-16-39-00_2_engine_failure,engine,9.96999931335,-95.3941345215,-3.29503774643,136,19.4241733551,8.20812225342,-106.463150024,-0.635830938816,-14.5101499557,-0.912077844143,0
1532134973579866608,24.576086368,carbonZ_2018-07-30-16-39-00_2_engine_failure,engine,9.88000011444,-93.839263916,-3.28390598297,135,14.2270441055,8.60458850861,-103.112236023,-0.476149410009,-14.507349968,-0.921956419945,0
1532134973631369872,24.627589632,carbonZ_2018-07-30-16-39-00_2_engine_failure,engine,9.88000011444,-93.839263916,-3.28390598297,135,14.2270441055,8.60458850861,-103.112236023,-0.328615009785,-14.4881944656,-0.919721662998,0
1532134973671033200,24.66725296,carbonZ_2018-07-30-16-39-00_2_engine_failure,engine,9.78999996185,-78.9325714111,-3.28390598297,134,14.2270441055,8.60458850861,-103.112236023,-0.298016697168,-14.4915046692,-0.900495648384,0
1532134973730750480,24.72697024,carbonZ_2018-07-30-16-39-00_2_engine_failure,engine,9.71000003815,-65.8985137939,-3.29503774643,133,14.2270441055,8.60458850861,-103.112236023,-0.184111729264,-14.4697980881,-0.881437182426,0
1532134973780990000,24.77720976,carbonZ_2018-07-30-16-39-00_2_engine_failure,engine,9.71000003815,-65.8985137939,-3.29503774643,133,14.2270441055,8.60458850861,-103.112236023,-0.12934872508,-14.4555873871,-0.880019783974,0
1532134973858081584,24.854301344,carbonZ_2018-07-30-16-39-00_2_engine_failure,engine,9.63000011444,-67.3120498657,-3.31730151176,132,14.2270441055,8.60458850861,-103.112236023,-0.0513369292021,-14.4382820129,-0.909047365189,0
1532134973882458512,24.878678272,carbonZ_2018-07-30-16-39-00_2_engine_failure,engine,9.63000011444,-67.3120498657,-3.31730151176,132,14.2270441055,8.60458850861,-103.112236023,-0.0299121905118,-14.424987793,-0.91142219305,0
1532134973937383344,24.933603104,carbonZ_2018-07-30-16-39-00_2_engine_failure,engine,9.63000011444,-67.3120498657,-3.31730151176,132,14.2270441055,8.60458850861,-103.112236023,0.0313663780689,-14.4159011841,-0.945063471794,0
1532134974025967120,25.02218688,carbonZ_2018-07-30-16-39-00_2_engine_failure,engine,9.55000019073,-63.8776779175,-3.36182904243,131,14.2270441055,8.60458850861,-103.112236023,0.0928620249033,-14.3798093796,-0.983604967594,0
1532134974083270256,25.079490016,carbonZ_2018-07-30-16-39-00_2_engine_failure,engine,9.46000003815,-52.3983001709,-3.4063565731,131,4.86860322952,8.91091060638,-99.8549194336,0.130450725555,-14.3551301956,-1.02733969688,0
1532134974134878256,25.131098016,carbonZ_2018-07-30-16-39-00_2_engine_failure,engine,9.46000003815,-52.3983001709,-3.4063565731,131,4.86860322952,8.91091060638,-99.8549194336,0.148497149348,-14.3211174011,-1.05309987068,0
1532134974202788752,25.199008512,carbonZ_2018-07-30-16-39-00_2_engine_failure,engine,9.36999988556,-55.8094024658,-3.46201610565,130,4.86860322952,8.91091060638,-99.8549194336,0.162783876061,-14.3055181503,-1.03586411476,0
1532134974262894224,25.259113984,carbonZ_2018-07-30-16-39-00_2_engine_failure,engine,9.26999950409,-42.0400619507,-3.51767539978,129,4.86860322952,8.91091060638,-99.8549194336,0.175137400627,-14.2769060135,-1.04155421257,0
1532134974279439056,25.275658816,carbonZ_2018-07-30-16-39-00_2_engine_failure,engine,9.26999950409,-42.0400619507,-3.51767539978,129,4.86860322952,8.91091060638,-99.8549194336,0.173302173615,-14.2600688934,-1.03350174427,0
1532134974331969552,25.328189312,carbonZ_2018-07-30-16-39-00_2_engine_failure,engine,9.26999950409,-42.0400619507,-3.51767539978,129,4.86860322952,8.91091060638,-99.8549194336,0.173132479191,-14.2461442947,-1.00406718254,0
1532134974374257904,25.370477664,carbonZ_2018-07-30-16-39-00_2_engine_failure,engine,9.1799993515,-24.6904373169,-3.57333493233,128,4.86860322952,8.91091060638,-99.8549194336,0.160500228405,-14.2325372696,-0.978037714958,0
1532134974432190480,25.42841024,carbonZ_2018-07-30-16-39-00_2_engine_failure,engine,9.1799993515,-24.6904373169,-3.57333493233,128,4.86860322952,8.91091060638,-99.8549194336,0.132674247026,-14.1837472916,-0.916903972626,0
1532134974489403024,25.485622784,carbonZ_2018-07-30-16-39-00_2_engine_failure,engine,9.09000015259,-2.1800994873,-3.62899446487,127,-1.87314975262,8.6811170578,-99.3416748047,0.125821039081,-14.185338974,-0.898879230022,0
1532134974572681840,25.5689016,carbonZ_2018-07-30-16-39-00_2_engine_failure,engine,9.01999950409,17.0585632324,-3.67352199554,126,-1.87314975262,8.6811170578,-99.3416748047,0.0542356520891,-14.154258728,-0.8026034832,0
1532134974632933968,25.629153728,carbonZ_2018-07-30-16-39-00_2_engine_failure,engine,9.01999950409,17.0585632324,-3.67352199554,126,-1.87314975262,8.6811170578,-99.3416748047,0.00473657110706,-14.1135416031,-0.737284600735,0
1532134974678690896,25.674910656,carbonZ_2018-07-30-16-39-00_2_engine_failure,engine,8.94999980927,36.1020088196,-3.70691752434,125,-1.87314975262,8.6811170578,-99.3416748047,-0.030798252672,-14.1014051437,-0.708844721317,0
1532134974733799824,25.730019584,carbonZ_2018-07-30-16-39-00_2_engine_failure,engine,8.94999980927,36.1020088196,-3.70691752434,125,-1.87314975262,8.6811170578,-99.3416748047,-0.0911051332951,-14.0861911774,-0.639492571354,0
1532134974820810416,25.817030176,carbonZ_2018-07-30-16-39-00_2_engine_failure,engine,8.89999961853,46.4327812195,-3.74031329155,125,-1.87314975262,8.6811170578,-99.3416748047,-0.155298233032,-14.0822210312,-0.58699119091,0
1532134974860170448,25.856390208,carbonZ_2018-07-30-16-39-00_2_engine_failure,engine,8.85999965668,56.547164917,-3.76257705688,124,-1.87314975262,8.6811170578,-99.3416748047,-0.222102448344,-14.0661611557,-0.566345989704,0
1532134974879858192,25.876077952,carbonZ_2018-07-30-16-39-00_2_engine_failure,engine,8.85999965668,56.547164917,-3.76257705688,124,-1.87314975262,8.6811170578,-99.3416748047,-0.236612513661,-14.0666913986,-0.581416189671,0
1532134974935525840,25.9317456,carbonZ_2018-07-30-16-39-00_2_engine_failure,engine,8.81999969482,48.2171058655,-3.76257705688,123,-5.31996870041,7.94999694824,-100.340087891,-0.332980930805,-14.0502824783,-0.569982051849,0
1532134975010191376,26.006411136,carbonZ_2018-07-30-16-39-00_2_engine_failure,engine,8.81999969482,48.2171058655,-3.76257705688,123,-5.31996870041,7.94999694824,-100.340087891,-0.373887687922,-14.0609579086,-0.571929931641,0
1532134975031020560,26.02724032,carbonZ_2018-07-30-16-39-00_2_engine_failure,engine,8.81999969482,48.2171058655,-3.76257705688,123,-5.31996870041,7.94999694824,-100.340087891,-0.42842194438,-14.0537633896,-0.551653981209,0
1532134975116242544,26.112462304,carbonZ_2018-07-30-16-39-00_2_engine_failure,engine,8.76999950409,57.4842453003,-3.75144505501,122,-5.31996870041,7.94999694824,-100.340087891,-0.515392482281,-14.0584344864,-0.571345329285,0
1532134975193889360,26.19010912,carbonZ_2018-07-30-16-39-00_2_engine_failure,engine,8.72999954224,61.4352226257,-3.74031329155,122,-5.31996870041,7.94999694824,-100.340087891,-0.620665252209,-14.0583429337,-0.625121355057,0
1532134975257039248,26.253259008,carbonZ_2018-07-30-16-39-00_2_engine_failure,engine,8.6799993515,62.1397018433,-3.70691752434,121,-5.31996870041,7.94999694824,-100.340087891,-0.682157993317,-14.0547866821,-0.590961456299,0
1532134975297233104,26.293452864,carbonZ_2018-07-30-16-39-00_2_engine_failure,engine,8.6799993515,62.1397018433,-3.70691752434,121,-5.31996870041,7.94999694824,-100.340087891,-0.73509979248,-14.0496292114,-0.531003892422,0
1532134975334162032,26.330381792,carbonZ_2018-07-30-16-39-00_2_engine_failure,engine,8.6799993515,62.1397018433,-3.70691752434,121,-5.31996870041,7.94999694824,-100.340087891,-0.77531337738,-14.0412540436,-0.501947522163,0
1532134975393786864,26.390006624,carbonZ_2018-07-30-16-39-00_2_engine_failure,engine,8.63999938965,74.7212371826,-3.66238999367,120,-6.223549366,7.10559034348,-103.247154236,-0.82031083107,-14.0605697632,-0.44322514534,0
1532134975453952720,26.45017248,carbonZ_2018-07-30-16-39-00_2_engine_failure,engine,8.60999965668,78.6956787109,-3.60673069954,120,-6.223549366,7.10559034348,-103.247154236,-0.93344271183,-14.0400094986,-0.390300244093,0
1532134975469181840,26.4654016,carbonZ_2018-07-30-16-39-00_2_engine_failure,engine,8.60999965668,78.6956787109,-3.60673069954,120,-6.223549366,7.10559034348,-103.247154236,-0.968886256218,-14.0283470154,-0.368621528149,0
1532134975535401008,26.531620768,carbonZ_2018-07-30-16-39-00_2_engine_failure,engine,8.60999965668,78.6956787109,-3.60673069954,120,-6.223549366,7.10559034348,-103.247154236,-1.06708168983,-14.0233955383,-0.340250879526,0
1532134975596557680,26.59277744,carbonZ_2018-07-30-16-39-00_2_engine_failure,engine,8.59000015259,81.9991149902,-3.53993916512,119,-6.223549366,7.10559034348,-103.247154236,-1.1764216423,-14.0194339752,-0.331020265818,0
1532134975640530224,26.636749984,carbonZ_2018-07-30-16-39-00_2_engine_failure,engine,8.57999992371,83.1706085205,-3.46201610565,118,-6.223549366,7.10559034348,-103.247154236,-1.24687278271,-14.0254611969,-0.283305317163,0
1532134975681153712,26.677373472,carbonZ_2018-07-30-16-39-00_2_engine_failure,engine,8.57999992371,83.1706085205,-3.46201610565,118,-6.223549366,7.10559034348,-103.247154236,-1.31311130524,-14.0118227005,-0.24243965745,0
1532134975749644752,26.745864512,carbonZ_2018-07-30-16-39-00_2_engine_failure,engine,8.57999992371,90.6407318115,-3.36182904243,118,-8.24122238159,6.2457575798,-105.58241272,-1.43464553356,-14.0249233246,-0.126444533467,0
1532134975794441520,26.79066128,carbonZ_2018-07-30-16-39-00_2_engine_failure,engine,8.57999992371,90.6407318115,-3.36182904243,118,-8.24122238159,6.2457575798,-105.58241272,-1.52908658981,-14.0158596039,-0.112609319389,0
1532134975855839184,26.852058944,carbonZ_2018-07-30-16-39-00_2_engine_failure,engine,8.59000015259,79.3753662109,-3.25051021576,117,-8.24122238159,6.2457575798,-105.58241272,-1.62861335278,-14.0197286606,-0.121507875621,0
1532134975891619216,26.887838976,carbonZ_2018-07-30-16-39-00_2_engine_failure,engine,8.59000015259,79.3753662109,-3.25051021576,117,-8.24122238159,6.2457575798,-105.58241272,-1.62861335278,-14.0197286606,-0.121507875621,0
1532134975927887280,26.92410704,carbonZ_2018-07-30-16-39-00_2_engine_failure,engine,8.5999994278,79.474067688,-3.11692762375,117,-8.24122238159,6.2457575798,-105.58241272,-1.77633166313,-14.025633812,-0.144015371799,0
1532134975985995088,26.982214848,carbonZ_2018-07-30-16-39-00_2_engine_failure,engine,8.5999994278,79.474067688,-3.11692762375,117,-8.24122238159,6.2457575798,-105.58241272,-1.85551595688,-14.0280046463,-0.134366169572,0
1532134976041031568,27.037251328,carbonZ_2018-07-30-16-39-00_2_engine_failure,engine,8.5999994278,79.474067688,-3.11692762375,117,-8.24122238159,6.2457575798,-105.58241272,-1.92562377453,-14.0174341202,-0.170097410679,0
1532134976062209072,27.058428832,carbonZ_2018-07-30-16-39-00_2_engine_failure,engine,8.60999965668,61.6834640503,-2.9610812664,116,-8.24122238159,6.2457575798,-105.58241272,-2.00015115738,-14.023856163,-0.15380948782,0
1532134976159897104,27.156116864,carbonZ_2018-07-30-16-39-00_2_engine_failure,engine,8.60999965668,67.8113937378,-2.79410290718,116,-8.24122238159,6.2457575798,-105.58241272,-2.1230866909,-14.0336093903,-0.125512838364,0
1532134976175352816,27.171572576,carbonZ_2018-07-30-16-39-00_2_engine_failure,engine,8.60999965668,67.8113937378,-2.79410290718,116,-8.24122238159,6.2457575798,-105.58241272,-2.1465909481,-14.0402231216,-0.114868186414,0
1532134976238607024,27.234826784,carbonZ_2018-07-30-16-39-00_2_engine_failure,engine,8.60999965668,67.8113937378,-2.79410290718,116,-6.8245806694,5.74481868744,-108.20955658,-2.21886467934,-14.0363864899,-0.0532573834062,0
1532134976271114896,27.267334656,carbonZ_2018-07-30-16-39-00_2_engine_failure,engine,8.61999988556,71.7597961426,-2.60486102104,115,-6.8245806694,5.74481868744,-108.20955658,-2.27171063423,-14.0246219635,-0.00325724389404,0
1532134976327953488,27.324173248,carbonZ_2018-07-30-16-39-00_2_engine_failure,engine,8.61999988556,71.7597961426,-2.60486102104,115,-6.8245806694,5.74481868744,-108.20955658,-2.27171063423,-14.0246219635,-0.00325724389404,0
1532134976436821680,27.43304144,carbonZ_2018-07-30-16-39-00_2_engine_failure,engine,8.63000011444,90.8809661865,-2.41561889648,115,-6.8245806694,5.74481868744,-108.20955658,-2.46143174171,-14.0439453125,0.137838751078,0
1532134976499767664,27.495987424,carbonZ_2018-07-30-16-39-00_2_engine_failure,engine,8.65999984741,79.6296081543,-2.20411324501,115,-6.8245806694,5.74481868744,-108.20955658,-2.51028466225,-14.0378808975,0.174294471741,0
1532134976541510352,27.537730112,carbonZ_2018-07-30-16-39-00_2_engine_failure,engine,8.65999984741,79.6296081543,-2.20411324501,115,-6.8245806694,5.74481868744,-108.20955658,-2.54305791855,-14.0425004959,0.169208154082,0
1532134976555606480,27.55182624,carbonZ_2018-07-30-16-39-00_2_engine_failure,engine,8.68999958038,85.8949661255,-1.99260735512,114,-6.8245806694,5.74481868744,-108.20955658,-2.56760549545,-14.038933754,0.186492860317,0
1532134976664256976,27.660476736,carbonZ_2018-07-30-16-39-00_2_engine_failure,engine,8.72999954224,66.3220367432,-1.78110146523,114,-6.8245806694,5.74481868744,-108.20955658,-2.65934610367,-14.0512809753,0.215972989798,0
1532134976718555152,27.714774912,carbonZ_2018-07-30-16-39-00_2_engine_failure,engine,8.72999954224,66.3220367432,-1.78110146523,114,-1.98337316513,5.74789047241,-111.165710449,-2.70390582085,-14.0526237488,0.228798672557,0
1532134976748003216,27.744222976,carbonZ_2018-07-30-16-39-00_2_engine_failure,engine,8.76999950409,65.6875610352,-1.54733192921,114,-1.98337316513,5.74789047241,-111.165710449,-2.7298784256,-14.0733366013,0.233179867268,0
1532134976801710896,27.797930656,carbonZ_2018-07-30-16-39-00_2_engine_failure,engine,8.76999950409,65.6875610352,-1.54733192921,114,-1.98337316513,5.74789047241,-111.165710449,-2.76430058479,-14.0627727509,0.248932480812,0
1532134976864893296,27.861113056,carbonZ_2018-07-30-16-39-00_2_engine_failure,engine,8.80999946594,47.1643447876,-1.32469427586,113,-1.98337316513,5.74789047241,-111.165710449,-2.81945252419,-14.0796022415,0.303806006908,0
1532134976924214480,27.92043424,carbonZ_2018-07-30-16-39-00_2_engine_failure,engine,8.80999946594,47.1643447876,-1.32469427586,113,-1.98337316513,5.74789047241,-111.165710449,-2.81945252419,-14.0796022415,0.303806006908,0
1532134976999544432,27.995764192,carbonZ_2018-07-30-16-39-00_2_engine_failure,engine,8.85999965668,43.1244850159,-1.07979285717,113,-1.98337316513,5.74789047241,-111.165710449,-2.83408522606,-14.1185970306,0.371094763279,0
1532134977046434480,28.04265424,carbonZ_2018-07-30-16-39-00_2_engine_failure,engine,8.90999984741,47.7046012878,-0.846023201942,113,-1.98337316513,5.74789047241,-111.165710449,-2.83699297905,-14.1293878555,0.416812419891,0
1532134977103151312,28.099371072,carbonZ_2018-07-30-16-39-00_2_engine_failure,engine,8.90999984741,47.7046012878,-0.846023201942,113,2.94903635979,5.83402490616,-111.417831421,-2.81558585167,-14.1475381851,0.395171821117,0
1532134977194426960,28.19064672,carbonZ_2018-07-30-16-39-00_2_engine_failure,engine,8.96000003815,29.9120903015,-0.601121783257,113,2.94903635979,5.83402490616,-111.417831421,-2.76865124702,-14.199429512,0.381514936686,0
1532134977275233040,28.2714528,carbonZ_2018-07-30-16-39-00_2_engine_failure,engine,9.01999950409,15.9900665283,-0.378484070301,112,2.94903635979,5.83402490616,-111.417831421,-2.71890091896,-14.2272148132,0.33392855525,0
1532134977334197104,28.330416864,carbonZ_2018-07-30-16-39-00_2_engine_failure,engine,9.01999950409,15.9900665283,-0.378484070301,112,2.94903635979,5.83402490616,-111.417831421,-2.69453001022,-14.2431383133,0.316549986601,0
1532134977384799056,28.381018816,carbonZ_2018-07-30-16-39-00_2_engine_failure,engine,9.06999969482,4.33044433594,-0.14471450448,112,2.94903635979,5.83402490616,-111.417831421,-2.67682862282,-14.2584877014,0.294257313013,0
1532134977413278608,28.409498368,carbonZ_2018-07-30-16-39-00_2_engine_failure,engine,9.06999969482,4.33044433594,-0.14471450448,112,6.37118053436,6.7927107811,-111.932380676,-2.67682862282,-14.2584877014,0.294257313013,0
1532134977452286832,28.448506592,carbonZ_2018-07-30-16-39-00_2_engine_failure,engine,9.10999965668,-2.37560272217,0.0667913109064,112,6.37118053436,6.7927107811,-111.932380676,-2.62581014633,-14.272778511,0.183135226369,0
1532134977495563088,28.491782848,carbonZ_2018-07-30-16-39-00_2_engine_failure,engine,9.10999965668,-2.37560272217,0.0667913109064,112,6.37118053436,6.7927107811,-111.932380676,-2.5715880394,-14.2814130783,-0.0698596686125,0
1532134977544535312,28.540755072,carbonZ_2018-07-30-16-39-00_2_engine_failure,engine,9.13999938965,-34.440612793,0.278297126293,112,6.37118053436,6.7927107811,-111.932380676,-2.5715880394,-14.2814130783,-0.0698596686125,0
1532134977621764528,28.617984288,carbonZ_2018-07-30-16-39-00_2_engine_failure,engine,9.13999938965,-34.440612793,0.278297126293,112,6.37118053436,6.7927107811,-111.932380676,-2.46539306641,-14.3173799515,-0.422264099121,0
1532134977696754192,28.692973952,carbonZ_2018-07-30-16-39-00_2_engine_failure,engine,9.11999988556,-53.7939071655,0.478671044111,111,6.37118053436,6.7927107811,-111.932380676,-2.34335970879,-14.3272609711,-0.619472146034,0
1532134977749893200,28.74611296,carbonZ_2018-07-30-16-39-00_2_engine_failure,engine,9.06999969482,-56.3606262207,0.656781196594,111,6.37118053436,6.7927107811,-111.932380676,-2.26534557343,-14.3321037292,-0.714588105679,0
1532134977820775600,28.81699536,carbonZ_2018-07-30-16-39-00_2_engine_failure,engine,9.06999969482,-56.3606262207,0.656781196594,111,6.37118053436,6.7927107811,-111.932380676,-2.18245816231,-14.3258018494,-0.759725689888,0
1532134977869168400,28.86538816,carbonZ_2018-07-30-16-39-00_2_engine_failure,engine,9.0,-47.9276657104,0.823759436607,111,9.58113098145,9.14151382446,-111.405723572,-2.10868310928,-14.3153333664,-0.766197621822,0
1532134977910166736,28.906386496,carbonZ_2018-07-30-16-39-00_2_engine_failure,engine,9.0,-47.9276657104,0.823759436607,111,9.58113098145,9.14151382446,-111.405723572,-2.08672475815,-14.3013429642,-0.773365736008,0
1532134977948514352,28.944734112,carbonZ_2018-07-30-16-39-00_2_engine_failure,engine,8.9299993515,-34.9491119385,0.979605853558,111,9.58113098145,9.14151382446,-111.405723572,-2.03544044495,-14.2871360779,-0.73258215189,0
1532134978003845968,29.000065728,carbonZ_2018-07-30-16-39-00_2_engine_failure,engine,8.9299993515,-34.9491119385,0.979605853558,111,9.58113098145,9.14151382446,-111.405723572,-1.98256194592,-14.2772417068,-0.669478178024,0
1532134978057770128,29.053989888,carbonZ_2018-07-30-16-39-00_2_engine_failure,engine,8.85999965668,-29.6380996704,1.12432038784,111,9.58113098145,9.14151382446,-111.405723572,-1.93464446068,-14.2514181137,-0.685463726521,0
1532134978122874288,29.119094048,carbonZ_2018-07-30-16-39-00_2_engine_failure,engine,8.85999965668,-29.6380996704,1.12432038784,111,9.58113098145,9.14151382446,-111.405723572,-1.88940191269,-14.2540969849,-0.685017108917,0
1532134978186370960,29.18259072,carbonZ_2018-07-30-16-39-00_2_engine_failure,engine,8.78999996185,-30.4683685303,1.25790297985,111,9.58113098145,9.14151382446,-111.405723572,-1.81225860119,-14.2663908005,-0.696591734886,0
1532134978223279856,29.219499616,carbonZ_2018-07-30-16-39-00_2_engine_failure,engine,8.72000026703,-42.1686172485,1.38035368919,110,11.4173355103,8.04945850372,-108.744132996,-1.7051179409,-14.2667541504,-0.742241621017,0
1532134978298126896,29.294346656,carbonZ_2018-07-30-16-39-00_2_engine_failure,engine,8.72000026703,-42.1686172485,1.38035368919,110,11.4173355103,8.04945850372,-108.744132996,-1.64953303337,-14.2857427597,-0.747469544411,0
1532134978360440912,29.356660672,carbonZ_2018-07-30-16-39-00_2_engine_failure,engine,8.64999961853,-41.4672851562,1.49167251587,110,11.4173355103,8.04945850372,-108.744132996,-1.57341122627,-14.3171844482,-0.713437199593,0
1532134978415378608,29.411598368,carbonZ_2018-07-30-16-39-00_2_engine_failure,engine,8.64999961853,-41.4672851562,1.49167251587,110,11.4173355103,8.04945850372,-108.744132996,-1.47774076462,-14.3469200134,-0.691119849682,0
1532134978458037872,29.454257632,carbonZ_2018-07-30-16-39-00_2_engine_failure,engine,8.57999992371,-34.546661377,1.58072757721,110,11.4173355103,8.04945850372,-108.744132996,-1.40335392952,-14.3737659454,-0.677460193634,0
1532134978490743824,29.486963584,carbonZ_2018-07-30-16-39-00_2_engine_failure,engine,8.57999992371,-34.546661377,1.58072757721,110,11.4173355103,8.04945850372,-108.744132996,-1.34099674225,-14.4021854401,-0.646052122116,0
1532134978536240304,29.532460064,carbonZ_2018-07-30-16-39-00_2_engine_failure,engine,8.51000022888,-15.0308609009,1.66978263855,110,11.4173355103,8.04945850372,-108.744132996,-1.22217738628,-14.4488668442,-0.67260068655,0
1532134978597409392,29.593629152,carbonZ_2018-07-30-16-39-00_2_engine_failure,engine,8.51000022888,-15.0308609009,1.66978263855,110,12.912153244,5.27012872696,-101.418769836,-1.14446687698,-14.4796361923,-0.684902131557,0
1532134978649321520,29.64554128,carbonZ_2018-07-30-16-39-00_2_engine_failure,engine,8.44999980927,-24.6532440186,1.72544205189,110,12.912153244,5.27012872696,-101.418769836,-0.999669849873,-14.5166835785,-0.732575237751,0
1532134978722030736,29.718250496,carbonZ_2018-07-30-16-39-00_2_engine_failure,engine,8.44999980927,-24.6532440186,1.72544205189,110,12.912153244,5.27012872696,-101.418769836,-0.866999804974,-14.5501756668,-0.752850711346,0
1532134978769605904,29.765825664,carbonZ_2018-07-30-16-39-00_2_engine_failure,engine,8.38000011444,-25.682258606,1.76996958256,109,12.912153244,5.27012872696,-101.418769836,-0.74937671423,-14.5837907791,-0.761647760868,0
1532134978801172944,29.797392704,carbonZ_2018-07-30-16-39-00_2_engine_failure,engine,8.38000011444,-25.682258606,1.76996958256,109,12.912153244,5.27012872696,-101.418769836,-0.74937671423,-14.5837907791,-0.761647760868,0
1532134978869794224,29.866013984,carbonZ_2018-07-30-16-39-00_2_engine_failure,engine,8.30000019073,-37.8690719604,1.78110146523,109,12.912153244,5.27012872696,-101.418769836,-0.55204641819,-14.6262159348,-0.732045710087,0
1532134978935728592,29.931948352,carbonZ_2018-07-30-16-39-00_2_engine_failure,engine,8.30000019073,-37.8690719604,1.78110146523,109,12.912153244,5.27012872696,-101.418769836,-0.429263621569,-14.6550683975,-0.720382153988,0
1532134978980244240,29.976464,carbonZ_2018-07-30-16-39-00_2_engine_failure,engine,8.22999954224,-29.1429519653,1.78110146523,109,12.912153244,5.27012872696,-101.418769836,-0.364847064018,-14.6773986816,-0.674167335033,0
1532134979009498480,30.00571824,carbonZ_2018-07-30-16-39-00_2_engine_failure,engine,8.22999954224,-29.1429519653,1.78110146523,109,12.912153244,5.27012872696,-101.418769836,-0.320656627417,-14.6775894165,-0.670387208462,0
1532134979058654928,30.054874688,carbonZ_2018-07-30-16-39-00_2_engine_failure,engine,8.15999984741,-26.2636184692,1.75883769989,109,13.256567955,4.94336414337,-96.6643371582,-0.217028275132,-14.6923332214,-0.604052960873,0
1532134979117663056,30.113882816,carbonZ_2018-07-30-16-39-00_2_engine_failure,engine,8.15999984741,-26.2636184692,1.75883769989,109,13.256567955,4.94336414337,-96.6643371582,-0.148948267102,-14.7107191086,-0.561112821102,0
1532134979153019152,30.149238912,carbonZ_2018-07-30-16-39-00_2_engine_failure,engine,8.10999965668,-16.8045043945,1.71431016922,109,13.256567955,4.94336414337,-96.6643371582,-0.0478871352971,-14.7345781326,-0.506980597973,0
1532134979226258768,30.222478528,carbonZ_2018-07-30-16-39-00_2_engine_failure,engine,8.10999965668,-16.8045043945,1.71431016922,109,13.256567955,4.94336414337,-96.6643371582,0.0584507547319,-14.7629537582,-0.50620174408,0
1532134979256407216,30.252626976,carbonZ_2018-07-30-16-39-00_2_engine_failure,engine,8.06999969482,-30.4265975952,1.65865075588,109,13.256567955,4.94336414337,-96.6643371582,0.126478239894,-14.770201683,-0.522096157074,0
1532134979269693360,30.26591312,carbonZ_2018-07-30-16-39-00_2_engine_failure,engine,8.06999969482,-30.4265975952,1.65865075588,109,13.256567955,4.94336414337,-96.6643371582,0.167071372271,-14.7767658234,-0.562312364578,0
1532134979332152624,30.328372384,carbonZ_2018-07-30-16-39-00_2_engine_failure,engine,8.06999969482,-30.4265975952,1.65865075588,109,13.256567955,4.94336414337,-96.6643371582,0.282374560833,-14.8047761917,-0.615423619747,0
1532134979390039920,30.38625968,carbonZ_2018-07-30-16-39-00_2_engine_failure,engine,8.01999950409,-49.3474960327,1.58072757721,108,13.256567955,4.94336414337,-96.6643371582,0.338730871677,-14.8065423965,-0.651242613792,0
1532134979433092464,30.429312224,carbonZ_2018-07-30-16-39-00_2_engine_failure,engine,8.01999950409,-49.3474960327,1.58072757721,108,13.256567955,4.94336414337,-96.6643371582,0.395159453154,-14.8063831329,-0.715935766697,0
1532134979506076368,30.502296128,carbonZ_2018-07-30-16-39-00_2_engine_failure,engine,7.96999979019,-73.1370925903,1.50280439854,108,13.256567955,4.94336414337,-96.6643371582,0.472782313824,-14.8280563354,-0.782673418522,0
1532134979544650896,30.540870656,carbonZ_2018-07-30-16-39-00_2_engine_failure,engine,7.96999979019,-73.1370925903,1.50280439854,108,13.256567955,4.94336414337,-96.6643371582,0.502030611038,-14.8284187317,-0.835384309292,0
1532134979554184368,30.550404128,carbonZ_2018-07-30-16-39-00_2_engine_failure,engine,7.89999961853,-78.5682678223,1.4137493372,108,6.90119218826,5.4158654213,-92.4824371338,0.54507124424,-14.8366155624,-0.901677787304,0
1532134979598034640,30.5942544,carbonZ_2018-07-30-16-39-00_2_engine_failure,engine,7.89999961853,-78.5682678223,1.4137493372,108,6.90119218826,5.4158654213,-92.4824371338,0.586314201355,-14.8376731873,-0.96917539835,0
1532134979679902576,30.676122336,carbonZ_2018-07-30-16-39-00_2_engine_failure,engine,7.81999969482,-92.5094604492,1.30243051052,108,6.90119218826,5.4158654213,-92.4824371338,0.639258444309,-14.8193864822,-1.07757616043,0
1532134979732057840,30.7282776,carbonZ_2018-07-30-16-39-00_2_engine_failure,engine,7.81999969482,-92.5094604492,1.30243051052,108,6.90119218826,5.4158654213,-92.4824371338,0.70236492157,-14.8042230606,-1.20030391216,0
1532134979779340720,30.77556048,carbonZ_2018-07-30-16-39-00_2_engine_failure,engine,7.71999979019,-92.9151535034,1.19111168385,108,6.90119218826,5.4158654213,-92.4824371338,0.727823495865,-14.7970170975,-1.25694942474,0
1532134979810835728,30.807055488,carbonZ_2018-07-30-16-39-00_2_engine_failure,engine,7.71999979019,-92.9151535034,1.19111168385,108,6.90119218826,5.4158654213,-92.4824371338,0.742137432098,-14.7928142548,-1.27260494232,0
1532134979861858512,30.858078272,carbonZ_2018-07-30-16-39-00_2_engine_failure,engine,7.59999990463,-101.885414124,1.07979285717,108,6.90119218826,5.4158654213,-92.4824371338,0.779236197472,-14.7551259995,-1.37529790401,0
1532134979895577616,30.891797376,carbonZ_2018-07-30-16-39-00_2_engine_failure,engine,7.59999990463,-101.885414124,1.07979285717,108,3.08444738388,6.96011161804,-91.2028579712,0.800163030624,-14.7355833054,-1.43709456921,0
1532134979979642384,30.975862144,carbonZ_2018-07-30-16-39-00_2_engine_failure,engine,7.46000003815,-105.822753906,0.957342088223,107,3.08444738388,6.96011161804,-91.2028579712,0.836211025715,-14.6995649338,-1.55460011959,0
1532134980010599632,31.006819392,carbonZ_2018-07-30-16-39-00_2_engine_failure,engine,7.46000003815,-105.822753906,0.957342088223,107,3.08444738388,6.96011161804,-91.2028579712,0.848857343197,-14.6888437271,-1.57910990715,0
1532134980029245872,31.025465632,carbonZ_2018-07-30-16-39-00_2_engine_failure,engine,7.2999997139,-93.359375,0.834891319275,107,3.08444738388,6.96011161804,-91.2028579712,0.848857343197,-14.6888437271,-1.57910990715,0
1532134980087144208,31.083363968,carbonZ_2018-07-30-16-39-00_2_engine_failure,engine,7.2999997139,-93.359375,0.834891319275,107,3.08444738388,6.96011161804,-91.2028579712,0.884317517281,-14.6175117493,-1.68271720409,0
1532134980164651696,31.160871456,carbonZ_2018-07-30-16-39-00_2_engine_failure,engine,7.1299996376,-78.5541534424,0.723572492599,107,3.08444738388,6.96011161804,-91.2028579712,0.88911062479,-14.5737962723,-1.74052393436,0
1532134980184398352,31.180618112,carbonZ_2018-07-30-16-39-00_2_engine_failure,engine,7.1299996376,-78.5541534424,0.723572492599,107,3.08444738388,6.96011161804,-91.2028579712,0.899281620979,-14.5443620682,-1.77695894241,0
1532134980277223792,31.273443552,carbonZ_2018-07-30-16-39-00_2_engine_failure,engine,6.94000005722,-61.8953704834,0.601121783257,107,3.08444738388,6.96011161804,-91.2028579712,0.901780486107,-14.4728860855,-1.85613191128,0
1532134980351709648,31.347929408,carbonZ_2018-07-30-16-39-00_2_engine_failure,engine,6.75,-57.4111938477,0.478671044111,107,0.412395775318,8.61085033417,-91.7282791138,0.892495691776,-14.4011516571,-1.92197275162,0
1532134980405847600,31.40206736,carbonZ_2018-07-30-16-39-00_2_engine_failure,engine,6.75,-57.4111938477,0.478671044111,107,0.412395775318,8.61085033417,-91.7282791138,0.891877055168,-14.3682422638,-1.94401085377,0
1532134980443078576,31.439298336,carbonZ_2018-07-30-16-39-00_2_engine_failure,engine,6.75,-57.4111938477,0.478671044111,107,0.412395775318,8.61085033417,-91.7282791138,0.881179749966,-14.3441524506,-1.96898949146,0
1532134980465775728,31.461995488,carbonZ_2018-07-30-16-39-00_2_engine_failure,engine,6.5499997139,-43.9134597778,0.356220304966,107,0.412395775318,8.61085033417,-91.7282791138,0.873898923397,-14.3083219528,-1.98208677769,0
1532134980523786832,31.520006592,carbonZ_2018-07-30-16-39-00_2_engine_failure,engine,6.5499997139,-43.9134597778,0.356220304966,107,0.412395775318,8.61085033417,-91.7282791138,0.845347046852,-14.2496585846,-2.02184605598,0
1532134980548360592,31.544580352,carbonZ_2018-07-30-16-39-00_2_engine_failure,engine,6.33999967575,-25.3154754639,0.244901463389,107,0.412395775318,8.61085033417,-91.7282791138,0.830834925175,-14.2219791412,-2.02216911316,0
1532134980626336080,31.62255584,carbonZ_2018-07-30-16-39-00_2_engine_failure,engine,6.33999967575,-25.3154754639,0.244901463389,107,0.412395775318,8.61085033417,-91.7282791138,0.789694488049,-14.1626214981,-2.02835607529,0
1532134980686598352,31.682818112,carbonZ_2018-07-30-16-39-00_2_engine_failure,engine,6.1299996376,-12.7729415894,0.133582621813,107,-2.67593669891,8.76364135742,-93.3992767334,0.733524978161,-14.0978431702,-2.02634501457,0
1532134980788626128,31.784845888,carbonZ_2018-07-30-16-39-00_2_engine_failure,engine,5.92000007629,-5.9741973877,0.0333956554532,107,-2.67593669891,8.76364135742,-93.3992767334,0.640317857265,-14.0246324539,-1.99734866619,0
1532134980837486096,31.833705856,carbonZ_2018-07-30-16-39-00_2_engine_failure,engine,5.92000007629,-5.9741973877,0.0333956554532,107,-2.67593669891,8.76364135742,-93.3992767334,0.640317857265,-14.0246324539,-1.99734866619,0
1532134980874166352,31.870386112,carbonZ_2018-07-30-16-39-00_2_engine_failure,engine,5.71000003815,17.8045272827,-0.0445275381207,107,-2.67593669891,8.76364135742,-93.3992767334,0.584125995636,-13.9764499664,-1.95681512356,0
1532134980899758928,31.895978688,carbonZ_2018-07-30-16-39-00_2_engine_failure,engine,5.71000003815,17.8045272827,-0.0445275381207,107,-2.67593669891,8.76364135742,-93.3992767334,0.542460858822,-13.9491662979,-1.91883170605,0
1532134980958568432,31.954788192,carbonZ_2018-07-30-16-39-00_2_engine_failure,engine,5.50999975204,41.4079666138,-0.122450731695,107,-2.67593669891,8.76364135742,-93.3992767334,0.485869348049,-13.9143095016,-1.85752618313,0
1532134981011126672,32.007346432,carbonZ_2018-07-30-16-39-00_2_engine_failure,engine,5.50999975204,41.4079666138,-0.122450731695,107,-5.10392379761,7.47310972214,-94.4006271362,0.447009205818,-13.8910236359,-1.8009172678,0
1532134981055227568,32.051447328,carbonZ_2018-07-30-16-39-00_2_engine_failure,engine,5.31999969482,54.3110847473,-0.189242035151,108,-5.10392379761,7.47310972214,-94.4006271362,0.3921264112,-13.8530807495,-1.7217862606,0
1532134981103762544,32.099982304,carbonZ_2018-07-30-16-39-00_2_engine_failure,engine,5.31999969482,54.3110847473,-0.189242035151,108,-5.10392379761,7.47310972214,-94.4006271362,0.353650301695,-13.8328475952,-1.6740758419,0
1532134981137004688,32.133224448,carbonZ_2018-07-30-16-39-00_2_engine_failure,engine,5.31999969482,54.3110847473,-0.189242035151,108,-5.10392379761,7.47310972214,-94.4006271362,0.309178411961,-13.8155412674,-1.63665449619,0
1532134981188291952,32.184511712,carbonZ_2018-07-30-16-39-00_2_engine_failure,engine,5.15000009537,60.1711273193,-0.233769580722,108,-5.10392379761,7.47310972214,-94.4006271362,0.269180238247,-13.8000507355,-1.59535312653,0
1532134981263909168,32.260128928,carbonZ_2018-07-30-16-39-00_2_engine_failure,engine,4.98999977112,75.2087554932,-0.278297126293,108,-5.24361848831,6.4252781868,-94.956817627,0.199056953192,-13.7656555176,-1.47299730778,0
1532134981325473424,32.321693184,carbonZ_2018-07-30-16-39-00_2_engine_failure,engine,4.98999977112,75.2087554932,-0.278297126293,108,-5.24361848831,6.4252781868,-94.956817627,0.130224719644,-13.7435617447,-1.40643203259,0
1532134981358427056,32.354646816,carbonZ_2018-07-30-16-39-00_2_engine_failure,engine,4.84999990463,89.3953323364,-0.311692774296,108,-5.24361848831,6.4252781868,-94.956817627,0.0889257192612,-13.7359476089,-1.34436869621,0
1532134981376384304,32.372604064,carbonZ_2018-07-30-16-39-00_2_engine_failure,engine,4.84999990463,89.3953323364,-0.311692774296,108,-5.24361848831,6.4252781868,-94.956817627,0.0742970705032,-13.7395620346,-1.30945372581,0
1532134981418219632,32.414439392,carbonZ_2018-07-30-16-39-00_2_engine_failure,engine,4.84999990463,89.3953323364,-0.311692774296,108,-5.24361848831,6.4252781868,-94.956817627,0.033256907016,-13.7282953262,-1.25391340256,0
1532134981471041008,32.467260768,carbonZ_2018-07-30-16-39-00_2_engine_failure,engine,4.71999979019,92.7481689453,-0.333956539631,108,-5.24361848831,6.4252781868,-94.956817627,-0.0183927919716,-13.719575882,-1.1520191431,0
1532134981488476848,32.484696608,carbonZ_2018-07-30-16-39-00_2_engine_failure,engine,4.71999979019,92.7481689453,-0.333956539631,108,-5.24361848831,6.4252781868,-94.956817627,-0.0183927919716,-13.719575882,-1.1520191431,0
1532134981549244944,32.545464704,carbonZ_2018-07-30-16-39-00_2_engine_failure,engine,4.61000013351,98.3680725098,-0.345088422298,109,-5.24361848831,6.4252781868,-94.956817627,-0.0908929184079,-13.7205810547,-1.02906787395,0
1532134981599104144,32.595323904,carbonZ_2018-07-30-16-39-00_2_engine_failure,engine,4.61000013351,98.3680725098,-0.345088422298,109,-5.24361848831,6.4252781868,-94.956817627,-0.128054559231,-13.7215595245,-0.972157359123,0
1532134981673899984,32.670119744,carbonZ_2018-07-30-16-39-00_2_engine_failure,engine,4.51999998093,101.035400391,-0.345088422298,109,-4.54958438873,4.16080856323,-96.4637451172,-0.198134481907,-13.7246952057,-0.87031596899,0
1532134981691390640,32.6876104,carbonZ_2018-07-30-16-39-00_2_engine_failure,engine,4.51999998093,101.035400391,-0.345088422298,109,-4.54958438873,4.16080856323,-96.4637451172,-0.198134481907,-13.7246952057,-0.87031596899,0
1532134981771074544,32.767294304,carbonZ_2018-07-30-16-39-00_2_engine_failure,engine,4.44000005722,106.154632568,-0.345088422298,109,-4.54958438873,4.16080856323,-96.4637451172,-0.277896076441,-13.7432432175,-0.731294572353,0
1532134981834811088,32.831030848,carbonZ_2018-07-30-16-39-00_2_engine_failure,engine,4.44000005722,106.154632568,-0.345088422298,109,-4.54958438873,4.16080856323,-96.4637451172,-0.327637642622,-13.7441167831,-0.674599468708,0
1532134981912418928,32.908638688,carbonZ_2018-07-30-16-39-00_2_engine_failure,engine,4.36999988556,113.287063599,-0.333956539631,110,-4.54958438873,4.16080856323,-96.4637451172,-0.370335787535,-13.7638626099,-0.613978207111,0
1532134981949635408,32.945855168,carbonZ_2018-07-30-16-39-00_2_engine_failure,engine,4.31999969482,102.255157471,-0.311692774296,110,-2.91898798943,2.8153924942,-97.9133758545,-0.419525057077,-13.7811994553,-0.578951537609,0
1532134982021212112,33.017431872,carbonZ_2018-07-30-16-39-00_2_engine_failure,engine,4.31999969482,102.255157471,-0.311692774296,110,-2.91898798943,2.8153924942,-97.9133758545,-0.470821887255,-13.7985153198,-0.565449953079,0
1532134982064832592,33.061052352,carbonZ_2018-07-30-16-39-00_2_engine_failure,engine,4.27999973297,89.1803741455,-0.278297126293,110,-2.91898798943,2.8153924942,-97.9133758545,-0.501711189747,-13.8019924164,-0.549125909805,0
1532134982094375312,33.090595072,carbonZ_2018-07-30-16-39-00_2_engine_failure,engine,4.27999973297,89.1803741455,-0.278297126293,110,-2.91898798943,2.8153924942,-97.9133758545,-0.545983195305,-13.8302745819,-0.499475419521,0
1532134982150772848,33.146992608,carbonZ_2018-07-30-16-39-00_2_engine_failure,engine,4.23999977112,82.5751342773,-0.244901463389,111,-2.91898798943,2.8153924942,-97.9133758545,-0.582870841026,-13.8464212418,-0.472619861364,0
1532134982199828080,33.19604784,carbonZ_2018-07-30-16-39-00_2_engine_failure,engine,4.23999977112,82.5751342773,-0.244901463389,111,-2.91898798943,2.8153924942,-97.9133758545,-0.627931654453,-13.8600111008,-0.40234002471,0
1532134982265714832,33.261934592,carbonZ_2018-07-30-16-39-00_2_engine_failure,engine,4.21000003815,80.7763061523,-0.200373917818,111,-1.6963404417,1.78706872463,-99.6809844971,-0.689354240894,-13.8840742111,-0.347359508276,0
1532134982323881072,33.320100832,carbonZ_2018-07-30-16-39-00_2_engine_failure,engine,4.21000003815,80.7763061523,-0.200373917818,111,-1.6963404417,1.78706872463,-99.6809844971,-0.689354240894,-13.8840742111,-0.347359508276,0
1532134982405691952,33.401911712,carbonZ_2018-07-30-16-39-00_2_engine_failure,engine,4.17999982834,73.6143112183,-0.14471450448,112,-1.6963404417,1.78706872463,-99.6809844971,-0.748107492924,-13.931180954,-0.323114007711,0
1532134982461692176,33.457911936,carbonZ_2018-07-30-16-39-00_2_engine_failure,engine,4.15999984741,70.8510437012,-0.0890550762415,112,-1.6963404417,1.78706872463,-99.6809844971,-0.801314711571,-13.9740018845,-0.314091622829,0
1532134982510300272,33.506520032,carbonZ_2018-07-30-16-39-00_2_engine_failure,engine,4.15999984741,70.8510437012,-0.0890550762415,112,-1.6963404417,1.78706872463,-99.6809844971,-0.801314711571,-13.9740018845,-0.314091622829,0
1532134982553961072,33.550180832,carbonZ_2018-07-30-16-39-00_2_engine_failure,engine,4.13999986649,67.1979904175,-0.0222637690604,112,-1.6963404417,1.78706872463,-99.6809844971,-0.832949101925,-14.0040884018,-0.294572591782,0
1532134982622041680,33.61826144,carbonZ_2018-07-30-16-39-00_2_engine_failure,engine,4.13999986649,67.1979904175,-0.0222637690604,112,-1.6963404417,1.78706872463,-99.6809844971,-0.863590419292,-14.0249147415,-0.275101542473,0
1532134982656599344,33.652819104,carbonZ_2018-07-30-16-39-00_2_engine_failure,engine,4.11999988556,59.3469619751,0.0556594207883,113,-1.6963404417,1.78706872463,-99.6809844971,-0.874916195869,-14.0458564758,-0.246561780572,0
1532134982724230160,33.72044992,carbonZ_2018-07-30-16-39-00_2_engine_failure,engine,4.11999988556,59.3469619751,0.0556594207883,113,0.743761837482,0.729196667671,-100.838508606,-0.903458714485,-14.0697574615,-0.204640164971,0
1532134982746988752,33.743208512,carbonZ_2018-07-30-16-39-00_2_engine_failure,engine,4.11000013351,59.4270706177,0.133582621813,114,0.743761837482,0.729196667671,-100.838508606,-0.903458714485,-14.0697574615,-0.204640164971,0
1532134982839671600,33.83589136,carbonZ_2018-07-30-16-39-00_2_engine_failure,engine,4.11000013351,59.4270706177,0.133582621813,114,0.743761837482,0.729196667671,-100.838508606,-0.954889059067,-14.1076574326,-0.0557375401258,0
1532134982866655568,33.862875328,carbonZ_2018-07-30-16-39-00_2_engine_failure,engine,4.09999990463,71.5482711792,0.200373917818,114,0.743761837482,0.729196667671,-100.838508606,-0.962865233421,-14.1173801422,-0.0238628927618,0
1532134982914338480,33.91055824,carbonZ_2018-07-30-16-39-00_2_engine_failure,engine,4.09999990463,71.5482711792,0.200373917818,114,0.743761837482,0.729196667671,-100.838508606,-0.983250677586,-14.13925457,0.0652801543474,0
1532134982953434160,33.94965392,carbonZ_2018-07-30-16-39-00_2_engine_failure,engine,4.11000013351,74.7405090332,0.289429008961,115,0.743761837482,0.729196667671,-100.838508606,-0.998829185963,-14.1538133621,0.123724281788,0
1532134983023540016,34.019759776,carbonZ_2018-07-30-16-39-00_2_engine_failure,engine,4.11000013351,74.7405090332,0.289429008961,115,0.743761837482,0.729196667671,-100.838508606,-1.0108435154,-14.1739206314,0.220342501998,0
1532134983092343824,34.088563584,carbonZ_2018-07-30-16-39-00_2_engine_failure,engine,4.13000011444,79.6876907349,0.367352187634,115,2.35799145699,-0.417802512646,-100.619148254,-1.0074723959,-14.2084159851,0.343465983868,0
1532134983174695056,34.170914816,carbonZ_2018-07-30-16-39-00_2_engine_failure,engine,4.17000007629,82.096572876,0.456407278776,116,2.35799145699,-0.417802512646,-100.619148254,-0.996723890305,-14.2482976913,0.453840762377,0
1532134983203584560,34.19980432,carbonZ_2018-07-30-16-39-00_2_engine_failure,engine,4.17000007629,82.096572876,0.456407278776,116,2.35799145699,-0.417802512646,-100.619148254,-0.982950329781,-14.2696475983,0.506697416306,0
1532134983267015632,34.263235392,carbonZ_2018-07-30-16-39-00_2_engine_failure,engine,4.21999979019,80.5932998657,0.545462369919,116,2.35799145699,-0.417802512646,-100.619148254,-0.975433826447,-14.291891098,0.54164147377,0
1532134983314784720,34.31100448,carbonZ_2018-07-30-16-39-00_2_engine_failure,engine,4.21999979019,80.5932998657,0.545462369919,116,2.35799145699,-0.417802512646,-100.619148254,-0.96142745018,-14.3155374527,0.558028757572,0
1532134983389498864,34.385718624,carbonZ_2018-07-30-16-39-00_2_engine_failure,engine,4.27999973297,75.1028060913,0.623385548592,117,2.35799145699,-0.417802512646,-100.619148254,-0.91580092907,-14.3910856247,0.589739024639,0
1532134983469282480,34.46550224,carbonZ_2018-07-30-16-39-00_2_engine_failure,engine,4.34999990463,57.0588111877,0.690176844597,118,6.26383447647,-0.758609175682,-98.9347229004,-0.875346601009,-14.4545850754,0.566744565964,0
1532134983506499696,34.502719456,carbonZ_2018-07-30-16-39-00_2_engine_failure,engine,4.34999990463,57.0588111877,0.690176844597,118,6.26383447647,-0.758609175682,-98.9347229004,-0.860174417496,-14.4728307724,0.566268444061,0
1532134983541194960,34.53741472,carbonZ_2018-07-30-16-39-00_2_engine_failure,engine,4.40999984741,42.555809021,0.756968140602,118,6.26383447647,-0.758609175682,-98.9347229004,-0.820465564728,-14.5287189484,0.53025996685,0
1532134983573319344,34.569539104,carbonZ_2018-07-30-16-39-00_2_engine_failure,engine,4.40999984741,42.555809021,0.756968140602,118,6.26383447647,-0.758609175682,-98.9347229004,-0.808712720871,-14.5503635406,0.506786942482,0
1532134983648676080,34.64489584,carbonZ_2018-07-30-16-39-00_2_engine_failure,engine,4.46999979019,30.0652503967,0.81262755394,119,6.26383447647,-0.758609175682,-98.9347229004,-0.744931519032,-14.6036539078,0.456475436687,0
1532134983685952016,34.682171776,carbonZ_2018-07-30-16-39-00_2_engine_failure,engine,4.46999979019,30.0652503967,0.81262755394,119,6.26383447647,-0.758609175682,-98.9347229004,-0.64314365387,-14.6730661392,0.418397724628,0
1532134983789355888,34.785575648,carbonZ_2018-07-30-16-39-00_2_engine_failure,engine,4.51999998093,30.9849739075,0.868286967278,120,6.26383447647,-0.758609175682,-98.9347229004,-0.570296764374,-14.724527359,0.395045787096,0
1532134983881490064,34.877709824,carbonZ_2018-07-30-16-39-00_2_engine_failure,engine,4.56999969482,20.7028388977,0.890550732613,120,6.26383447647,-0.758609175682,-98.9347229004,-0.461574137211,-14.7926340103,0.380887120962,0
1532134983950970544,34.947190304,carbonZ_2018-07-30-16-39-00_2_engine_failure,engine,4.56999969482,20.7028388977,0.890550732613,120,7.62432765961,0.127070233226,-97.7112808228,-0.413565278053,-14.8299503326,0.379158854485,0
1532134983997408592,34.993628352,carbonZ_2018-07-30-16-39-00_2_engine_failure,engine,4.61000013351,21.0899353027,0.92394644022,121,7.62432765961,0.127070233226,-97.7112808228,-0.374507397413,-14.8611545563,0.386706292629,0
1532134984035012656,35.031232416,carbonZ_2018-07-30-16-39-00_2_engine_failure,engine,4.61000013351,21.0899353027,0.92394644022,121,7.62432765961,0.127070233226,-97.7112808228,-0.346221655607,-14.879067421,0.397629320621,0
1532134984071402480,35.06762224,carbonZ_2018-07-30-16-39-00_2_engine_failure,engine,4.65000009537,23.1314659119,0.935078322887,122,7.62432765961,0.127070233226,-97.7112808228,-0.328153043985,-14.8941459656,0.405108302832,0
1532134984125426320,35.12164608,carbonZ_2018-07-30-16-39-00_2_engine_failure,engine,4.65000009537,23.1314659119,0.935078322887,122,7.62432765961,0.127070233226,-97.7112808228,-0.301133573055,-14.9078998566,0.424614906311,0
1532134984156101072,35.152320832,carbonZ_2018-07-30-16-39-00_2_engine_failure,engine,4.69999980927,23.2043266296,0.946210205555,122,5.98204040527,0.533508718014,-97.5879745483,-0.273530960083,-14.9275159836,0.454923778772,0
1532134984218448304,35.214668064,carbonZ_2018-07-30-16-39-00_2_engine_failure,engine,4.69999980927,23.2043266296,0.946210205555,122,5.98204040527,0.533508718014,-97.5879745483,-0.228380247951,-14.9470911026,0.507742524147,0
1532134984259521072,35.255740832,carbonZ_2018-07-30-16-39-00_2_engine_failure,engine,4.75,17.3340797424,0.946210205555,123,5.98204040527,0.533508718014,-97.5879745483,-0.228380247951,-14.9470911026,0.507742524147,0
1532134984309474096,35.305693856,carbonZ_2018-07-30-16-39-00_2_engine_failure,engine,4.75,17.3340797424,0.946210205555,123,5.98204040527,0.533508718014,-97.5879745483,-0.180297777057,-14.9805841446,0.544292628765,0
1532134984372785296,35.369005056,carbonZ_2018-07-30-16-39-00_2_engine_failure,engine,4.7999997139,20.6233978271,0.946210205555,124,5.98204040527,0.533508718014,-97.5879745483,-0.144338995218,-15.0068807602,0.565648674965,0
1532134984422986640,35.4192064,carbonZ_2018-07-30-16-39-00_2_engine_failure,engine,4.7999997139,20.6233978271,0.946210205555,124,5.98204040527,0.533508718014,-97.5879745483,-0.125478595495,-15.0159502029,0.556794643402,0
1532134984467703152,35.463922912,carbonZ_2018-07-30-16-39-00_2_engine_failure,engine,4.86999988556,12.8858566284,0.935078322887,125,5.98204040527,0.533508718014,-97.5879745483,-0.0942616462708,-15.0373878479,0.533981561661,0
1532134984517464688,35.513684448,carbonZ_2018-07-30-16-39-00_2_engine_failure,engine,4.86999988556,12.8858566284,0.935078322887,125,5.98204040527,0.533508718014,-97.5879745483,-0.0734910666943,-15.053735733,0.523013591766,0
1532134984553787088,35.550006848,carbonZ_2018-07-30-16-39-00_2_engine_failure,engine,4.92999982834,6.74123764038,0.92394644022,125,5.98204040527,0.533508718014,-97.5879745483,-0.0564668513834,-15.0727910995,0.49913957715,0
1532134984625864496,35.622084256,carbonZ_2018-07-30-16-39-00_2_engine_failure,engine,4.92999982834,6.74123764038,0.92394644022,125,5.98204040527,0.533508718014,-97.5879745483,-0.0373969785869,-15.089679718,0.475922614336,0
1532134984668936208,35.665155968,carbonZ_2018-07-30-16-39-00_2_engine_failure,engine,4.98999977112,-3.57856750488,0.912814557552,126,3.97369980812,1.31481254101,-96.5278015137,-0.0298048760742,-15.1000213623,0.455289214849,0
1532134984705910512,35.702130272,carbonZ_2018-07-30-16-39-00_2_engine_failure,engine,4.98999977112,-3.57856750488,0.912814557552,126,3.97369980812,1.31481254101,-96.5278015137,-0.0183655209839,-15.1156291962,0.430537760258,0
1532134984750578480,35.74679824,carbonZ_2018-07-30-16-39-00_2_engine_failure,engine,5.03999996185,-4.6745300293,0.890550732613,127,3.97369980812,1.31481254101,-96.5278015137,-0.0138837005943,-15.125784874,0.405090481043,0
1532134984791410960,35.78763072,carbonZ_2018-07-30-16-39-00_2_engine_failure,engine,5.03999996185,-4.6745300293,0.890550732613,127,3.97369980812,1.31481254101,-96.5278015137,-0.00226564379409,-15.1394100189,0.353607535362,0
1532134984893105680,35.88932544,carbonZ_2018-07-30-16-39-00_2_engine_failure,engine,5.07999992371,-17.0156478882,0.879418849945,128,3.97369980812,1.31481254101,-96.5278015137,0.0164050981402,-15.1563091278,0.273725539446,0
1532134984957011280,35.95323104,carbonZ_2018-07-30-16-39-00_2_engine_failure,engine,5.11999988556,-23.2690811157,0.868286967278,128,3.97369980812,1.31481254101,-96.5278015137,0.0214391965419,-15.1694803238,0.197469517589,0
1532134984991154544,35.987374304,carbonZ_2018-07-30-16-39-00_2_engine_failure,engine,5.11999988556,-23.2690811157,0.868286967278,128,2.78946661949,2.24443936348,-95.6985626221,0.0265002697706,-15.1763801575,0.117312252522,0
1532134985084226032,36.080445792,carbonZ_2018-07-30-16-39-00_2_engine_failure,engine,5.13999986649,-34.6570968628,0.846023201942,129,2.78946661949,2.24443936348,-95.6985626221,0.0304550360888,-15.1813983917,0.0370535627007,0
1532134985096529488,36.092749248,carbonZ_2018-07-30-16-39-00_2_engine_failure,engine,5.13999986649,-34.6570968628,0.846023201942,129,2.78946661949,2.24443936348,-95.6985626221,0.0304550360888,-15.1813983917,0.0370535627007,0
1532134985182822480,36.17904224,carbonZ_2018-07-30-16-39-00_2_engine_failure,engine,5.15999984741,-38.335609436,0.823759436607,130,2.78946661949,2.24443936348,-95.6985626221,0.0408995710313,-15.1961088181,-0.0852290019393,0
1532134985196768176,36.192987936,carbonZ_2018-07-30-16-39-00_2_engine_failure,engine,5.15999984741,-38.335609436,0.823759436607,130,2.78946661949,2.24443936348,-95.6985626221,0.0374354571104,-15.1891031265,-0.113879330456,0
1532134985249807504,36.246027264,carbonZ_2018-07-30-16-39-00_2_engine_failure,engine,5.15999984741,-34.9460601807,0.81262755394,131,2.78946661949,2.24443936348,-95.6985626221,0.0385745540261,-15.1851730347,-0.20279610157,0
1532134985296794352,36.293014112,carbonZ_2018-07-30-16-39-00_2_engine_failure,engine,5.15999984741,-34.9460601807,0.81262755394,131,2.78946661949,2.24443936348,-95.6985626221,0.0440022349358,-15.1852960587,-0.222058847547,0
1532134985357654224,36.353873984,carbonZ_2018-07-30-16-39-00_2_engine_failure,engine,5.13999986649,-37.7281188965,0.790363788605,132,2.78946661949,2.24443936348,-95.6985626221,0.0399265661836,-15.1827411652,-0.284402668476,0
1532134985403999728,36.400219488,carbonZ_2018-07-30-16-39-00_2_engine_failure,engine,5.13999986649,-37.7281188965,0.790363788605,132,1.49172723293,3.43343710899,-94.8707580566,0.0331786759198,-15.1766195297,-0.327491819859,0
1532134985456836720,36.45305648,carbonZ_2018-07-30-16-39-00_2_engine_failure,engine,5.10999965668,-38.0760192871,0.779231905937,132,1.49172723293,3.43343710899,-94.8707580566,0.029215188697,-15.1639318466,-0.381535559893,0
1532134985518085232,36.514304992,carbonZ_2018-07-30-16-39-00_2_engine_failure,engine,5.10999965668,-38.0760192871,0.779231905937,132,1.49172723293,3.43343710899,-94.8707580566,0.0273307804018,-15.153594017,-0.416963875294,0
1532134985588550288,36.584770048,carbonZ_2018-07-30-16-39-00_2_engine_failure,engine,5.07999992371,-24.4344711304,0.756968140602,133,1.49172723293,3.43343710899,-94.8707580566,0.0300148259848,-15.1417551041,-0.435810208321,0
1532134985604054736,36.600274496,carbonZ_2018-07-30-16-39-00_2_engine_failure,engine,5.07999992371,-24.4344711304,0.756968140602,133,1.49172723293,3.43343710899,-94.8707580566,0.0300148259848,-15.1417551041,-0.435810208321,0
1532134985676650224,36.672869984,carbonZ_2018-07-30-16-39-00_2_engine_failure,engine,5.03999996185,-15.6049728394,0.745836257935,134,1.49172723293,3.43343710899,-94.8707580566,0.0325675494969,-15.1139364243,-0.46338814497,0
1532134985719338480,36.71555824,carbonZ_2018-07-30-16-39-00_2_engine_failure,engine,5.03999996185,-15.6049728394,0.745836257935,134,1.49172723293,3.43343710899,-94.8707580566,0.0280956327915,-15.0946722031,-0.484414994717,0
1532134985761051440,36.7572712,carbonZ_2018-07-30-16-39-00_2_engine_failure,engine,4.98999977112,-9.4654083252,0.734704375267,135,1.07448756695,4.04720449448,-94.5634841919,0.0291285291314,-15.0826225281,-0.481499999762,0
1532134985797174608,36.793394368,carbonZ_2018-07-30-16-39-00_2_engine_failure,engine,4.98999977112,-9.4654083252,0.734704375267,135,1.07448756695,4.04720449448,-94.5634841919,0.0251219198108,-15.0615663528,-0.471916943789,0
1532134985893926640,36.8901464,carbonZ_2018-07-30-16-39-00_2_engine_failure,engine,4.94999980927,5.26647567749,0.712440609932,136,1.07448756695,4.04720449448,-94.5634841919,0.0117334956303,-15.031039238,-0.461776077747,0
1532134985978500816,36.974720576,carbonZ_2018-07-30-16-39-00_2_engine_failure,engine,4.90000009537,6.83288574219,0.701308727264,137,1.07448756695,4.04720449448,-94.5634841919,8.89035873115e-05,-15.0160551071,-0.456464022398,0
1532134986001569712,36.997789472,carbonZ_2018-07-30-16-39-00_2_engine_failure,engine,4.90000009537,6.83288574219,0.701308727264,137,1.07448756695,4.04720449448,-94.5634841919,-0.00190798239782,-14.9974136353,-0.469180613756,0
1532134986065309520,37.06152928,carbonZ_2018-07-30-16-39-00_2_engine_failure,engine,4.85999965668,5.99803924561,0.690176844597,138,1.07448756695,4.04720449448,-94.5634841919,-0.000268939184025,-14.9872426987,-0.485544353724,0
1532134986094921968,37.091141728,carbonZ_2018-07-30-16-39-00_2_engine_failure,engine,4.85999965668,5.99803924561,0.690176844597,138,0.829546689987,3.95801353455,-95.1411437988,-0.00349010387436,-14.9710788727,-0.491933107376,0
1532134986188089296,37.184309056,carbonZ_2018-07-30-16-39-00_2_engine_failure,engine,4.81999969482,4.45032119751,0.679044961929,139,0.829546689987,3.95801353455,-95.1411437988,-0.0150130949914,-14.9440526962,-0.489826381207,0
1532134986279245776,37.275465536,carbonZ_2018-07-30-16-39-00_2_engine_failure,engine,4.77999973297,7.80029296875,0.667913079262,140,0.829546689987,3.95801353455,-95.1411437988,-0.0238048247993,-14.9293842316,-0.482570052147,0
1532134986312186352,37.308406112,carbonZ_2018-07-30-16-39-00_2_engine_failure,engine,4.77999973297,7.80029296875,0.667913079262,140,0.829546689987,3.95801353455,-95.1411437988,-0.0291753131896,-14.9209470749,-0.478939652443,0
1532134986350407824,37.346627584,carbonZ_2018-07-30-16-39-00_2_engine_failure,engine,4.73999977112,12.7526283264,0.656781196594,141,0.829546689987,3.95801353455,-95.1411437988,-0.0395176373422,-14.9146852493,-0.495733559132,0
1532134986395341264,37.391561024,carbonZ_2018-07-30-16-39-00_2_engine_failure,engine,4.73999977112,12.7526283264,0.656781196594,141,0.829546689987,3.95801353455,-95.1411437988,-0.0590118095279,-14.9027738571,-0.505589127541,0
1532134986454918256,37.451138016,carbonZ_2018-07-30-16-39-00_2_engine_failure,engine,4.71000003815,9.21020507812,0.656781196594,141,0.288080781698,3.92469978333,-96.3670578003,-0.0767968669534,-14.883228302,-0.48956117034,0
1532134986496339856,37.492559616,carbonZ_2018-07-30-16-39-00_2_engine_failure,engine,4.71000003815,9.21020507812,0.656781196594,141,0.288080781698,3.92469978333,-96.3670578003,-0.0824636742473,-14.8720378876,-0.453937441111,0
1532134986550206448,37.546426208,carbonZ_2018-07-30-16-39-00_2_engine_failure,engine,4.67000007629,24.3813514709,0.656781196594,142,0.288080781698,3.92469978333,-96.3670578003,-0.0902675911784,-14.8608179092,-0.395446658134,0
1532134986594807472,37.591027232,carbonZ_2018-07-30-16-39-00_2_engine_failure,engine,4.67000007629,24.3813514709,0.656781196594,142,0.288080781698,3.92469978333,-96.3670578003,-0.0909318551421,-14.8550815582,-0.342423856258,0
1532134986648217936,37.644437696,carbonZ_2018-07-30-16-39-00_2_engine_failure,engine,4.65000009537,36.7040634155,0.656781196594,143,0.288080781698,3.92469978333,-96.3670578003,-0.0951761752367,-14.8335094452,-0.230603069067,0
1532134986753254320,37.74947408,carbonZ_2018-07-30-16-39-00_2_engine_failure,engine,4.63999986649,51.5653610229,0.656781196594,144,0.288080781698,3.92469978333,-96.3670578003,-0.0906741544604,-14.8281946182,-0.0934278443456,0
1532134986838091344,37.834311104,carbonZ_2018-07-30-16-39-00_2_engine_failure,engine,4.63999986649,51.5653610229,0.656781196594,144,2.81626605988,3.24520850182,-96.9137420654,-0.0838004648685,-14.8213071823,-0.0399264395237,0
1532134986896423344,37.892643104,carbonZ_2018-07-30-16-39-00_2_engine_failure,engine,4.63999986649,49.7206687927,0.656781196594,145,2.81626605988,3.24520850182,-96.9137420654,-0.0740376859903,-14.8193588257,-0.0154231116176,0
1532134986954986928,37.951206688,carbonZ_2018-07-30-16-39-00_2_engine_failure,engine,4.65000009537,33.9409828186,0.645649313927,146,2.81626605988,3.24520850182,-96.9137420654,-0.0608335137367,-14.8254356384,-0.000368619977962,0
1532134987007843632,38.004063392,carbonZ_2018-07-30-16-39-00_2_engine_failure,engine,4.65000009537,33.9409828186,0.645649313927,146,2.81626605988,3.24520850182,-96.9137420654,-0.0490105710924,-14.8304214478,0.00746909342706,0
1532134987050889936,38.047109696,carbonZ_2018-07-30-16-39-00_2_engine_failure,engine,4.67000007629,29.7273635864,0.645649313927,147,2.81626605988,3.24520850182,-96.9137420654,-0.0341449007392,-14.8331861496,0.029550684616,0
1532134987110302288,38.106522048,carbonZ_2018-07-30-16-39-00_2_engine_failure,engine,4.67000007629,29.7273635864,0.645649313927,147,2.81626605988,3.24520850182,-96.9137420654,-0.0273719653487,-14.8401508331,0.0395720154047,0
1532134987158212304,38.154432064,carbonZ_2018-07-30-16-39-00_2_engine_failure,engine,4.67999982834,27.1670341492,0.634517431259,148,3.85941767693,2.846544981,-96.8669967651,-0.00954883638769,-14.8511753082,0.0485688820481,0
1532134987185386160,38.18160592,carbonZ_2018-07-30-16-39-00_2_engine_failure,engine,4.67999982834,27.1670341492,0.634517431259,148,3.85941767693,2.846544981,-96.8669967651,-0.00954883638769,-14.8511753082,0.0485688820481,0
1532134987307108624,38.303328384,carbonZ_2018-07-30-16-39-00_2_engine_failure,engine,4.69999980927,24.8790740967,0.623385548592,149,3.85941767693,2.846544981,-96.8669967651,0.0195733197033,-14.858300209,0.0847310572863,0
1532134987359401456,38.355621216,carbonZ_2018-07-30-16-39-00_2_engine_failure,engine,4.71999979019,19.8265075684,0.612253665924,150,3.85941767693,2.846544981,-96.8669967651,0.0397015213966,-14.8682518005,0.0721262693405,0
1532134987410083504,38.406303264,carbonZ_2018-07-30-16-39-00_2_engine_failure,engine,4.71999979019,19.8265075684,0.612253665924,150,3.85941767693,2.846544981,-96.8669967651,0.0779219865799,-14.8749227524,0.0459019206464,0
1532134987465766224,38.461985984,carbonZ_2018-07-30-16-39-00_2_engine_failure,engine,4.73999977112,3.90310287476,0.589989900589,151,3.85941767693,2.846544981,-96.8669967651,0.092491723597,-14.878827095,0.0254268851131,0
1532134987494032336,38.490252096,carbonZ_2018-07-30-16-39-00_2_engine_failure,engine,4.73999977112,3.90310287476,0.589989900589,151,3.85941767693,2.846544981,-96.8669967651,0.103360585868,-14.8823575974,-0.000835379003547,0
1532134987555146672,38.551366432,carbonZ_2018-07-30-16-39-00_2_engine_failure,engine,4.75999975204,-5.14030456543,0.567726135254,152,3.85941767693,2.846544981,-96.8669967651,0.120513126254,-14.8837442398,-0.0166383422911,0
1532134987596441776,38.592661536,carbonZ_2018-07-30-16-39-00_2_engine_failure,engine,4.75999975204,-5.14030456543,0.567726135254,152,3.85941767693,2.846544981,-96.8669967651,0.138382822275,-14.8891429901,-0.0267066527158,0
1532134987662640944,38.658860704,carbonZ_2018-07-30-16-39-00_2_engine_failure,engine,4.76999998093,-18.6702728271,0.534330487251,153,3.4439997673,2.60739517212,-96.9425201416,0.157269135118,-14.8885316849,-0.0495351739228,0
1532134987705918672,38.702138432,carbonZ_2018-07-30-16-39-00_2_engine_failure,engine,4.76999998093,-18.6702728271,0.534330487251,153,3.4439997673,2.60739517212,-96.9425201416,0.169045433402,-14.8899126053,-0.0655563771725,0
1532134987761850000,38.75806976,carbonZ_2018-07-30-16-39-00_2_engine_failure,engine,4.77999973297,-19.6266174316,0.512066662312,154,3.4439997673,2.60739517212,-96.9425201416,0.187238425016,-14.890203476,-0.0721371620893,0
1532134987797744272,38.793964032,carbonZ_2018-07-30-16-39-00_2_engine_failure,engine,4.77999973297,-19.6266174316,0.512066662312,154,3.4439997673,2.60739517212,-96.9425201416,0.191562354565,-14.8867950439,-0.0790335461497,0
1532134987874959056,38.871178816,carbonZ_2018-07-30-16-39-00_2_engine_failure,engine,4.78999996185,-17.737197876,0.478671044111,155,3.4439997673,2.60739517212,-96.9425201416,0.213181391358,-14.8812561035,-0.0686966329813,0
1532134987949925328,38.946145088,carbonZ_2018-07-30-16-39-00_2_engine_failure,engine,4.78999996185,-14.2267227173,0.445275366306,156,3.4439997673,2.60739517212,-96.9425201416,0.216409608722,-14.874745369,-0.0386862978339,0
1532134988003511248,38.999731008,carbonZ_2018-07-30-16-39-00_2_engine_failure,engine,4.78999996185,-14.2267227173,0.445275366306,156,2.11191511154,2.68027257919,-97.622177124,0.213922515512,-14.8665266037,0.0230135340244,0
1532134988057643920,39.05386368,carbonZ_2018-07-30-16-39-00_2_engine_failure,engine,4.80999994278,1.29852294922,0.411879718304,157,2.11191511154,2.68027257919,-97.622177124,0.207663118839,-14.8567743301,0.0633976906538,0
1532134988095062576,39.091282336,carbonZ_2018-07-30-16-39-00_2_engine_failure,engine,4.80999994278,1.29852294922,0.411879718304,157,2.11191511154,2.68027257919,-97.622177124,0.196492135525,-14.8486509323,0.0694233253598,0
1532134988154560272,39.150780032,carbonZ_2018-07-30-16-39-00_2_engine_failure,engine,4.82999992371,4.20093536377,0.378484070301,159,2.11191511154,2.68027257919,-97.622177124,0.187377020717,-14.8419923782,0.0896998792887,0
1532134988193881392,39.190101152,carbonZ_2018-07-30-16-39-00_2_engine_failure,engine,4.82999992371,4.20093536377,0.378484070301,159,2.11191511154,2.68027257919,-97.622177124,0.178974971175,-14.8322534561,0.114222109318,0
1532134988251664560,39.24788432,carbonZ_2018-07-30-16-39-00_2_engine_failure,engine,4.84999990463,9.04912948608,0.345088422298,160,2.11191511154,2.68027257919,-97.622177124,0.177536278963,-14.8297958374,0.133552625775,0
1532134988295481808,39.291701568,carbonZ_2018-07-30-16-39-00_2_engine_failure,engine,4.84999990463,9.04912948608,0.345088422298,160,2.11191511154,2.68027257919,-97.622177124,0.169224336743,-14.824921608,0.14319807291,0
1532134988385905936,39.382125696,carbonZ_2018-07-30-16-39-00_2_engine_failure,engine,4.88000011444,3.84082794189,0.322824656963,161,2.11191511154,2.68027257919,-97.622177124,0.164656400681,-14.8261213303,0.143348291516,0
1532134988402984752,39.399204512,carbonZ_2018-07-30-16-39-00_2_engine_failure,engine,4.88000011444,3.84082794189,0.322824656963,161,2.11191511154,2.68027257919,-97.622177124,0.164799228311,-14.8227119446,0.144656389952,0
1532134988472111376,39.468331136,carbonZ_2018-07-30-16-39-00_2_engine_failure,engine,4.90000009537,-0.693321228027,0.289429008961,162,1.10712587833,2.46456313133,-97.7833175659,0.155870139599,-14.8179616928,0.148287683725,0
1532134988522061456,39.518281216,carbonZ_2018-07-30-16-39-00_2_engine_failure,engine,4.90000009537,-0.693321228027,0.289429008961,162,1.10712587833,2.46456313133,-97.7833175659,0.160975918174,-14.8200788498,0.171791300178,0
1532134988551502128,39.547721888,carbonZ_2018-07-30-16-39-00_2_engine_failure,engine,4.92999982834,-3.52535247803,0.267165243626,163,1.10712587833,2.46456313133,-97.7833175659,0.155165717006,-14.8208265305,0.177753403783,0
1532134988620416752,39.616636512,carbonZ_2018-07-30-16-39-00_2_engine_failure,engine,4.92999982834,-3.52535247803,0.267165243626,163,1.10712587833,2.46456313133,-97.7833175659,0.155053764582,-14.8180580139,0.19200553,0
1532134988659842576,39.656062336,carbonZ_2018-07-30-16-39-00_2_engine_failure,engine,4.96000003815,-5.65319061279,0.244901463389,164,1.10712587833,2.46456313133,-97.7833175659,0.151731461287,-14.8121709824,0.194176197052,0
1532134988704007984,39.700227744,carbonZ_2018-07-30-16-39-00_2_engine_failure,engine,4.96000003815,-5.65319061279,0.244901463389,164,1.10712587833,2.46456313133,-97.7833175659,0.141381934285,-14.8151941299,0.196532636881,0
1532134988755145808,39.751365568,carbonZ_2018-07-30-16-39-00_2_engine_failure,engine,4.98999977112,-3.14846038818,0.211505800486,165,1.10712587833,2.46456313133,-97.7833175659,0.141657561064,-14.8165187836,0.202318176627,0
1532134988804543472,39.800763232,carbonZ_2018-07-30-16-39-00_2_engine_failure,engine,4.98999977112,-3.14846038818,0.211505800486,165,1.10712587833,2.46456313133,-97.7833175659,0.126547798514,-14.8150444031,0.199271783233,0
1532134988862339088,39.858558848,carbonZ_2018-07-30-16-39-00_2_engine_failure,engine,5.01999998093,0.599002838135,0.189242035151,166,1.29337513447,2.43226742744,-98.4070129395,0.112351112068,-14.8113279343,0.206005394459,0
1532134988907110160,39.90332992,carbonZ_2018-07-30-16-39-00_2_engine_failure,engine,5.01999998093,0.599002838135,0.189242035151,166,1.29337513447,2.43226742744,-98.4070129395,0.0965679213405,-14.8064699173,0.212259724736,0
1532134988959036720,39.95525648,carbonZ_2018-07-30-16-39-00_2_engine_failure,engine,5.0499997139,1.04131698608,0.166978269815,167,1.29337513447,2.43226742744,-98.4070129395,0.0798978582025,-14.8084554672,0.238781169057,0
1532134989002825968,39.999045728,carbonZ_2018-07-30-16-39-00_2_engine_failure,engine,5.0499997139,1.04131698608,0.166978269815,167,1.29337513447,2.43226742744,-98.4070129395,0.0776329562068,-14.8108787537,0.26638430357,0
1532134989033702288,40.029922048,carbonZ_2018-07-30-16-39-00_2_engine_failure,engine,5.0499997139,1.04131698608,0.166978269815,167,1.29337513447,2.43226742744,-98.4070129395,0.0696366354823,-14.8129434586,0.280524194241,0
1532134989074225968,40.070445728,carbonZ_2018-07-30-16-39-00_2_engine_failure,engine,5.07999992371,-3.69396209717,0.14471450448,168,1.29337513447,2.43226742744,-98.4070129395,0.057175334543,-14.8144512177,0.305786311626,0
1532134989107290480,40.10351024,carbonZ_2018-07-30-16-39-00_2_engine_failure,engine,5.07999992371,-3.69396209717,0.14471450448,168,1.29337513447,2.43226742744,-98.4070129395,0.0416289307177,-14.8215751648,0.350512772799,0
1532134989175028656,40.171248416,carbonZ_2018-07-30-16-39-00_2_engine_failure,engine,5.11999988556,3.58505249023,0.122450731695,169,1.29337513447,2.43226742744,-98.4070129395,0.0360070057213,-14.8284769058,0.384031057358,0
1532134989212284656,40.208504416,carbonZ_2018-07-30-16-39-00_2_engine_failure,engine,5.11999988556,3.58505249023,0.122450731695,169,1.29337513447,2.43226742744,-98.4070129395,0.0282138045877,-14.8310346603,0.389957517385,0
1532134989267535152,40.263754912,carbonZ_2018-07-30-16-39-00_2_engine_failure,engine,5.17000007629,8.89015197754,0.111318841577,171,1.29337513447,2.43226742744,-98.4070129395,0.0188706107438,-14.8398141861,0.425624251366,0
1532134989304034320,40.30025408,carbonZ_2018-07-30-16-39-00_2_engine_failure,engine,5.17000007629,8.89015197754,0.111318841577,171,1.34995317459,1.65110933781,-97.9235610962,0.017561879009,-14.8455657959,0.450649410486,0
1532134989361214704,40.357434464,carbonZ_2018-07-30-16-39-00_2_engine_failure,engine,5.23000001907,16.0111427307,0.0890550762415,172,1.34995317459,1.65110933781,-97.9235610962,0.0088328095153,-14.8589820862,0.464835703373,0
1532134989434444048,40.430663808,carbonZ_2018-07-30-16-39-00_2_engine_failure,engine,5.28999996185,22.1484184265,0.077923193574,173,1.34995317459,1.65110933781,-97.9235610962,-0.00683624390513,-14.8744983673,0.481294244528,0
1532134989475602032,40.471821792,carbonZ_2018-07-30-16-39-00_2_engine_failure,engine,5.28999996185,22.1484184265,0.077923193574,173,1.34995317459,1.65110933781,-97.9235610962,-0.00418899953365,-14.8789463043,0.492470920086,0
1532134989502883536,40.499103296,carbonZ_2018-07-30-16-39-00_2_engine_failure,engine,5.28999996185,22.1484184265,0.077923193574,173,1.34995317459,1.65110933781,-97.9235610962,-0.0175106599927,-14.8861169815,0.492025226355,0
1532134989549581232,40.545800992,carbonZ_2018-07-30-16-39-00_2_engine_failure,engine,5.34999990463,18.1486129761,0.0667913109064,174,1.34995317459,1.65110933781,-97.9235610962,-0.0308181382716,-14.9086952209,0.494431436062,0
1532134989599969872,40.596189632,carbonZ_2018-07-30-16-39-00_2_engine_failure,engine,5.34999990463,18.1486129761,0.0667913109064,174,1.34995317459,1.65110933781,-97.9235610962,-0.0406743660569,-14.907954216,0.481515914202,0
1532134989703837456,40.700057216,carbonZ_2018-07-30-16-39-00_2_engine_failure,engine,5.42000007629,12.8958702087,0.0556594207883,175,1.34995317459,1.65110933781,-97.9235610962,-0.0592262223363,-14.9327907562,0.427112817764,0
1532134989787566480,40.78378624,carbonZ_2018-07-30-16-39-00_2_engine_failure,engine,5.46999979019,4.72421646118,0.0556594207883,176,-0.0417477153242,1.74908173084,-97.5811309814,-0.0903844684362,-14.9514427185,0.36963263154,0
1532134989813217520,40.80943728,carbonZ_2018-07-30-16-39-00_2_engine_failure,engine,5.46999979019,4.72421646118,0.0556594207883,176,-0.0417477153242,1.74908173084,-97.5811309814,-0.0919936299324,-14.953335762,0.364764511585,0
1532134989866117392,40.862337152,carbonZ_2018-07-30-16-39-00_2_engine_failure,engine,5.51999998093,1.48506164551,0.0445275381207,177,-0.0417477153242,1.74908173084,-97.5811309814,-0.13754761219,-14.968963623,0.302714794874,0
1532134989935919056,40.932138816,carbonZ_2018-07-30-16-39-00_2_engine_failure,engine,5.56999969482,-5.65586090088,0.0445275381207,179,-0.0417477153242,1.74908173084,-97.5811309814,-0.184988677502,-14.9763793945,0.279498696327,0
1532134989974392560,40.97061232,carbonZ_2018-07-30-16-39-00_2_engine_failure,engine,5.56999969482,-5.65586090088,0.0445275381207,179,-0.0417477153242,1.74908173084,-97.5811309814,-0.184988677502,-14.9763793945,0.279498696327,0
1532134990022513648,41.018733408,carbonZ_2018-07-30-16-39-00_2_engine_failure,engine,5.56999969482,-5.65586090088,0.0445275381207,179,-0.0417477153242,1.74908173084,-97.5811309814,-0.20058862865,-14.9813690186,0.280339449644,0
1532134990056711888,41.052931648,carbonZ_2018-07-30-16-39-00_2_engine_failure,engine,5.60999965668,-2.51369476318,0.0445275381207,180,-0.0417477153242,1.74908173084,-97.5811309814,-0.224480226636,-14.983212471,0.260499566793,0
1532134990101699344,41.097919104,carbonZ_2018-07-30-16-39-00_2_engine_failure,engine,5.60999965668,-2.51369476318,0.0445275381207,180,-0.0417477153242,1.74908173084,-97.5811309814,-0.257811039686,-14.9876747131,0.223969623446,0
1532134990151082640,41.1473024,carbonZ_2018-07-30-16-39-00_2_engine_failure,engine,5.63999986649,-0.757598876953,0.0556594207883,181,-2.13174033165,2.30211400986,-99.1013259888,-0.300583124161,-14.9958953857,0.157707437873,0
1532134990221903728,41.218123488,carbonZ_2018-07-30-16-39-00_2_engine_failure,engine,5.63999986649,-0.757598876953,0.0556594207883,181,-2.13174033165,2.30211400986,-99.1013259888,-0.344113916159,-14.9980068207,0.0686021000147,0
1532134990290944784,41.287164544,carbonZ_2018-07-30-16-39-00_2_engine_failure,engine,5.65999984741,-12.5459671021,0.077923193574,182,-2.13174033165,2.30211400986,-99.1013259888,-0.41373950243,-15.0042209625,-0.124797470868,0
1532134990357154608,41.353374368,carbonZ_2018-07-30-16-39-00_2_engine_failure,engine,5.65999984741,-29.4492721558,0.111318841577,183,-2.13174033165,2.30211400986,-99.1013259888,-0.465837359428,-15.008055687,-0.277630060911,0
1532134990429586064,41.425805824,carbonZ_2018-07-30-16-39-00_2_engine_failure,engine,5.65999984741,-29.4492721558,0.111318841577,183,-2.13174033165,2.30211400986,-99.1013259888,-0.515328705311,-15.0136547089,-0.479921579361,0
1532134990473597776,41.469817536,carbonZ_2018-07-30-16-39-00_2_engine_failure,engine,5.6299996376,-36.7502212524,0.14471450448,185,-2.13174033165,2.30211400986,-99.1013259888,-0.536185264587,-15.0092954636,-0.561820328236,0
1532134990520803376,41.517023136,carbonZ_2018-07-30-16-39-00_2_engine_failure,engine,5.6299996376,-36.7502212524,0.14471450448,185,-2.13174033165,2.30211400986,-99.1013259888,-0.546421527863,-15.0122003555,-0.606498122215,0
1532134990558204880,41.55442464,carbonZ_2018-07-30-16-39-00_2_engine_failure,engine,5.57999992371,-21.103477478,0.189242035151,186,-2.13174033165,2.30211400986,-99.1013259888,-0.56069624424,-15.0096292496,-0.650996804237,0
1532134990598079760,41.59429952,carbonZ_2018-07-30-16-39-00_2_engine_failure,engine,5.57999992371,-21.103477478,0.189242035151,186,-0.661122322083,3.75959730148,-101.182327271,-0.580475986004,-15.0011339188,-0.721271336079,0
1532134990651234128,41.647453888,carbonZ_2018-07-30-16-39-00_2_engine_failure,engine,5.50999975204,-21.9135284424,0.233769580722,187,-0.661122322083,3.75959730148,-101.182327271,-0.604535281658,-14.980301857,-0.8030205369,0
1532134990712678608,41.708898368,carbonZ_2018-07-30-16-39-00_2_engine_failure,engine,5.50999975204,-21.9135284424,0.233769580722,187,-0.661122322083,3.75959730148,-101.182327271,-0.638265669346,-14.9545822144,-0.866748154163,0
1532134990754171856,41.750391616,carbonZ_2018-07-30-16-39-00_2_engine_failure,engine,5.42999982834,-23.9622116089,0.289429008961,188,-0.661122322083,3.75959730148,-101.182327271,-0.660301566124,-14.9405927658,-0.900639772415,0
1532134990817541040,41.8137608,carbonZ_2018-07-30-16-39-00_2_engine_failure,engine,5.42999982834,-23.9622116089,0.289429008961,188,-0.661122322083,3.75959730148,-101.182327271,-0.71557867527,-14.9059276581,-0.934294760227,0
1532134990873850544,41.870070304,carbonZ_2018-07-30-16-39-00_2_engine_failure,engine,5.32999992371,-17.0890808105,0.345088422298,190,-0.661122322083,3.75959730148,-101.182327271,-0.777611851692,-14.8648061752,-0.930305123329,0
1532134990919338064,41.915557824,carbonZ_2018-07-30-16-39-00_2_engine_failure,engine,5.32999992371,-17.0890808105,0.345088422298,190,-0.661122322083,3.75959730148,-101.182327271,-0.82696634531,-14.8357172012,-0.911840319633,0
1532134990985463440,41.9816832,carbonZ_2018-07-30-16-39-00_2_engine_failure,engine,5.23999977112,-10.2432250977,0.411879718304,191,-0.789473772049,3.78898596764,-103.504745483,-0.885322809219,-14.8007707596,-0.833316802979,0
1532134991013449936,42.009669696,carbonZ_2018-07-30-16-39-00_2_engine_failure,engine,5.23999977112,-10.2432250977,0.411879718304,191,-0.789473772049,3.78898596764,-103.504745483,-0.91011351347,-14.7758483887,-0.744897484779,0
1532134991037518800,42.03373856,carbonZ_2018-07-30-16-39-00_2_engine_failure,engine,5.15999984741,5.91621398926,0.489802926779,192,-0.789473772049,3.78898596764,-103.504745483,-0.91011351347,-14.7758483887,-0.744897484779,0
1532134991116298288,42.112518048,carbonZ_2018-07-30-16-39-00_2_engine_failure,engine,5.15999984741,5.91621398926,0.489802926779,192,-0.789473772049,3.78898596764,-103.504745483,-0.978313088417,-14.7242288589,-0.555431902409,0
1532134991174770576,42.170990336,carbonZ_2018-07-30-16-39-00_2_engine_failure,engine,5.08999967575,15.3557777405,0.578858017921,193,-0.789473772049,3.78898596764,-103.504745483,-1.00271427631,-14.7053031921,-0.431010842323,0
1532134991195456048,42.191675808,carbonZ_2018-07-30-16-39-00_2_engine_failure,engine,5.08999967575,15.3557777405,0.578858017921,193,-0.789473772049,3.78898596764,-103.504745483,-1.0042001009,-14.6993751526,-0.376524716616,0
1532134991279442256,42.275662016,carbonZ_2018-07-30-16-39-00_2_engine_failure,engine,5.05999994278,37.0280265808,0.667913079262,194,-0.789473772049,3.78898596764,-103.504745483,-1.00900149345,-14.680311203,-0.15505284071,0
1532134991308941904,42.305161664,carbonZ_2018-07-30-16-39-00_2_engine_failure,engine,5.05999994278,37.0280265808,0.667913079262,194,1.59322106838,1.7294870615,-99.9955444336,-1.011926651,-14.6732969284,-0.111397527158,0
1532134991354857904,42.351077664,carbonZ_2018-07-30-16-39-00_2_engine_failure,engine,5.0499997139,50.3678321838,0.756968140602,196,1.59322106838,1.7294870615,-99.9955444336,-1.00298237801,-14.6687498093,0.0344192944467,0
1532134991373036784,42.369256544,carbonZ_2018-07-30-16-39-00_2_engine_failure,engine,5.0499997139,50.3678321838,0.756968140602,196,1.59322106838,1.7294870615,-99.9955444336,-1.00175070763,-14.6711330414,0.0710058137774,0
1532134991422562320,42.41878208,carbonZ_2018-07-30-16-39-00_2_engine_failure,engine,5.0499997139,50.3678321838,0.756968140602,196,1.59322106838,1.7294870615,-99.9955444336,-0.957631528378,-14.6682443619,0.206175759435,0
1532134991540416016,42.536635776,carbonZ_2018-07-30-16-39-00_2_engine_failure,engine,5.06999969482,54.9122810364,0.846023201942,197,1.59322106838,1.7294870615,-99.9955444336,-0.905453145504,-14.6756505966,0.263172119856,0
1532134991560898512,42.557118272,carbonZ_2018-07-30-16-39-00_2_engine_failure,engine,5.09999990463,41.8261528015,0.92394644022,198,1.59322106838,1.7294870615,-99.9955444336,-0.892901659012,-14.6832637787,0.265191197395,0
1532134991598961008,42.595180768,carbonZ_2018-07-30-16-39-00_2_engine_failure,engine,5.09999990463,41.8261528015,0.92394644022,198,1.59322106838,1.7294870615,-99.9955444336,-0.854425668716,-14.6873598099,0.279956758022,0
1532134991654975600,42.65119536,carbonZ_2018-07-30-16-39-00_2_engine_failure,engine,5.15000009537,21.9981193542,0.990737736225,199,1.59322106838,1.7294870615,-99.9955444336,-0.796281695366,-14.702709198,0.264609456062,0
1532134991690848752,42.687068512,carbonZ_2018-07-30-16-39-00_2_engine_failure,engine,5.15000009537,21.9981193542,0.990737736225,199,1.59322106838,1.7294870615,-99.9955444336,-0.753696262836,-14.7178897858,0.264147162437,0
1532134991754992880,42.75121264,carbonZ_2018-07-30-16-39-00_2_engine_failure,engine,5.19000005722,6.31408691406,1.04639708996,201,6.38695240021,1.50879013538,-97.2180557251,-0.698235809803,-14.732670784,0.234043046832,0
1532134991789103184,42.785322944,carbonZ_2018-07-30-16-39-00_2_engine_failure,engine,5.19000005722,6.31408691406,1.04639708996,201,6.38695240021,1.50879013538,-97.2180557251,-0.653374671936,-14.7463226318,0.217243090272,0
1532134991855433904,42.851653664,carbonZ_2018-07-30-16-39-00_2_engine_failure,engine,5.23000001907,-1.24969482422,1.09092473984,202,6.38695240021,1.50879013538,-97.2180557251,-0.595784068108,-14.758389473,0.187322899699,0
1532134991899592144,42.895811904,carbonZ_2018-07-30-16-39-00_2_engine_failure,engine,5.23000001907,-1.24969482422,1.09092473984,202,6.38695240021,1.50879013538,-97.2180557251,-0.556138336658,-14.7673740387,0.144045040011,0
1532134991953058000,42.94927776,carbonZ_2018-07-30-16-39-00_2_engine_failure,engine,5.25999975204,-17.2618865967,1.11318850517,203,6.38695240021,1.50879013538,-97.2180557251,-0.503475248814,-14.7770404816,0.0718715414405,0
1532134992010014896,43.006234656,carbonZ_2018-07-30-16-39-00_2_engine_failure,engine,5.25999975204,-17.2618865967,1.11318850517,203,6.38695240021,1.50879013538,-97.2180557251,-0.438046008348,-14.7791156769,-0.0452853627503,0
1532134992079715792,43.075935552,carbonZ_2018-07-30-16-39-00_2_engine_failure,engine,5.27999973297,-40.0760650635,1.12767398357,204,6.38695240021,1.50879013538,-97.2180557251,-0.404680192471,-14.7761116028,-0.0862582847476,0
1532134992133894416,43.130114176,carbonZ_2018-07-30-16-39-00_2_engine_failure,engine,5.27999973297,-54.7739028931,1.13922977448,206,6.38695240021,1.50879013538,-97.2180557251,-0.358927726746,-14.7774963379,-0.139449343085,0
1532134992191420528,43.187640288,carbonZ_2018-07-30-16-39-00_2_engine_failure,engine,5.27999973297,-54.7739028931,1.13922977448,206,5.7252035141,2.80752110481,-98.2852096558,-0.303237378597,-14.7695827484,-0.100993730128,0
1532134992278778640,43.2749984,carbonZ_2018-07-30-16-39-00_2_engine_failure,engine,5.27999973297,-51.1400222778,1.15078318119,207,5.7252035141,2.80752110481,-98.2852096558,-0.274890899658,-14.756439209,-0.00818481296301,0
1532134992289591920,43.28581168,carbonZ_2018-07-30-16-39-00_2_engine_failure,engine,5.27999973297,-51.1400222778,1.15078318119,207,5.7252035141,2.80752110481,-98.2852096558,-0.272147744894,-14.7500314713,0.0155060933903,0
1532134992351842512,43.348062272,carbonZ_2018-07-30-16-39-00_2_engine_failure,engine,5.28999996185,-36.8967056274,1.01155722141,208,5.7252035141,2.80752110481,-98.2852096558,-0.244277670979,-14.7399997711,0.0685263425112,0
1532134992423998480,43.42021824,carbonZ_2018-07-30-16-39-00_2_engine_failure,engine,5.28999996185,-36.8967056274,1.01155722141,208,5.7252035141,2.80752110481,-98.2852096558,-0.206018924713,-14.7264509201,0.104858294129,0
1532134992454926896,43.451146656,carbonZ_2018-07-30-16-39-00_2_engine_failure,engine,5.31999969482,-41.1849975586,1.01994502544,209,5.7252035141,2.80752110481,-98.2852096558,-0.174184069037,-14.7203950882,0.116967022419,0
1532134992490396816,43.486616576,carbonZ_2018-07-30-16-39-00_2_engine_failure,engine,5.31999969482,-41.1849975586,1.01994502544,209,5.57915878296,2.74458765984,-97.4683837891,-0.146631196141,-14.710776329,0.110092066228,0
1532134992552522064,43.548741824,carbonZ_2018-07-30-16-39-00_2_engine_failure,engine,5.33999967575,-52.173614502,0.738776147366,211,5.57915878296,2.74458765984,-97.4683837891,-0.102050624788,-14.6989889145,0.115168444812,0
1532134992594583728,43.590803488,carbonZ_2018-07-30-16-39-00_2_engine_failure,engine,5.33999967575,-52.173614502,0.738776147366,211,5.57915878296,2.74458765984,-97.4683837891,-0.0653094053268,-14.6878509521,0.118861488998,0
1532134992675796816,43.672016576,carbonZ_2018-07-30-16-39-00_2_engine_failure,engine,5.36999988556,-52.6958465576,0.740233778954,212,5.57915878296,2.74458765984,-97.4683837891,-0.0149054396898,-14.6694164276,0.133913859725,0
1532134992690167376,43.686387136,carbonZ_2018-07-30-16-39-00_2_engine_failure,engine,5.36999988556,-52.6958465576,0.740233778954,212,5.57915878296,2.74458765984,-97.4683837891,0.00944945961237,-14.6606588364,0.150141000748,0
1532134992773106608,43.769326368,carbonZ_2018-07-30-16-39-00_2_engine_failure,engine,5.40000009537,-52.1553039551,0.74141395092,213,5.57915878296,2.74458765984,-97.4683837891,0.0728730633855,-14.6416110992,0.203162029386,0
1532134992826168176,43.822387936,carbonZ_2018-07-30-16-39-00_2_engine_failure,engine,5.40000009537,-52.1553039551,0.74141395092,213,5.57915878296,2.74458765984,-97.4683837891,0.0961511656642,-14.6243829727,0.240794226527,0
1532134992874200240,43.87042,carbonZ_2018-07-30-16-39-00_2_engine_failure,engine,5.44000005722,-45.3449249268,0.53353625536,214,5.57915878296,2.74458765984,-97.4683837891,0.131934821606,-14.6005449295,0.320772618055,0
1532134992922182128,43.918401888,carbonZ_2018-07-30-16-39-00_2_engine_failure,engine,5.44000005722,-45.3449249268,0.53353625536,214,5.57915878296,2.74458765984,-97.4683837891,0.159538388252,-14.5900125504,0.348882675171,0
1532134992957903824,43.954123584,carbonZ_2018-07-30-16-39-00_2_engine_failure,engine,5.48999977112,-39.9063110352,0.535602986813,216,2.83937501907,3.13715529442,-96.3498535156,0.191030427814,-14.5758886337,0.32177311182,0
1532134993020308688,44.016528448,carbonZ_2018-07-30-16-39-00_2_engine_failure,engine,5.48999977112,-39.9063110352,0.535602986813,216,2.83937501907,3.13715529442,-96.3498535156,0.206684708595,-14.558590889,0.290943861008,0
1532134993059183696,44.055403456,carbonZ_2018-07-30-16-39-00_2_engine_failure,engine,5.52999973297,-49.4375228882,-0.431643784046,217,2.83937501907,3.13715529442,-96.3498535156,0.232823610306,-14.545124054,0.271345764399,0
1532134993100118832,44.096338592,carbonZ_2018-07-30-16-39-00_2_engine_failure,engine,5.52999973297,-49.4375228882,-0.431643784046,217,2.83937501907,3.13715529442,-96.3498535156,0.245777919888,-14.5342969894,0.242369666696,0
1532134993152033296,44.148253056,carbonZ_2018-07-30-16-39-00_2_engine_failure,engine,5.56999969482,-54.2629241943,-0.394333660603,218,2.83937501907,3.13715529442,-96.3498535156,0.267549961805,-14.5158805847,0.193154916167,0
1532134993212722768,44.208942528,carbonZ_2018-07-30-16-39-00_2_engine_failure,engine,5.56999969482,-54.2629241943,-0.394333660603,218,2.83937501907,3.13715529442,-96.3498535156,0.288774311543,-14.4885225296,0.145567879081,0
1532134993303452880,44.29967264,carbonZ_2018-07-30-16-39-00_2_engine_failure,engine,5.59999990463,-49.8821258545,-0.349153518677,219,2.83937501907,3.13715529442,-96.3498535156,0.313195824623,-14.4565849304,0.112052537501,0
1532134993427089968,44.423309728,carbonZ_2018-07-30-16-39-00_2_engine_failure,engine,5.61999988556,-46.8086242676,-1.25510823727,220,2.51465415955,4.12829780579,-97.5627593994,0.318788260221,-14.3970727921,-0.0328575186431,0
1532134993479022000,44.47524176,carbonZ_2018-07-30-16-39-00_2_engine_failure,engine,5.6299996376,-55.7810783386,-1.16473817825,222,2.51465415955,4.12829780579,-97.5627593994,0.312708377838,-14.3612804413,-0.142230018973,0
1532134993508802864,44.505022624,carbonZ_2018-07-30-16-39-00_2_engine_failure,engine,5.6299996376,-55.7810783386,-1.16473817825,222,2.51465415955,4.12829780579,-97.5627593994,0.30928760767,-14.3532381058,-0.171407267451,0
1532134993535324880,44.53154464,carbonZ_2018-07-30-16-39-00_2_engine_failure,engine,5.6299996376,-55.7810783386,-1.16473817825,222,2.51465415955,4.12829780579,-97.5627593994,0.303232073784,-14.3251991272,-0.235925272107,0
1532134993567875984,44.564095744,carbonZ_2018-07-30-16-39-00_2_engine_failure,engine,5.61999988556,-65.3412780762,-3.07130122185,223,2.51465415955,4.12829780579,-97.5627593994,0.29278075695,-14.2921705246,-0.329383015633,0
1532134993620770864,44.616990624,carbonZ_2018-07-30-16-39-00_2_engine_failure,engine,5.61999988556,-65.3412780762,-3.07130122185,223,2.51465415955,4.12829780579,-97.5627593994,0.282835125923,-14.2758655548,-0.365749835968,0
1532134993649205936,44.645425696,carbonZ_2018-07-30-16-39-00_2_engine_failure,engine,5.58999967575,-70.9255218506,-2.8600268364,224,2.51465415955,4.12829780579,-97.5627593994,0.282835125923,-14.2758655548,-0.365749835968,0
1532134993692252880,44.68847264,carbonZ_2018-07-30-16-39-00_2_engine_failure,engine,5.58999967575,-70.9255218506,-2.8600268364,224,-0.480839282274,5.15872001648,-98.8288497925,0.270132005215,-14.2369813919,-0.452994763851,0
1532134993751819280,44.74803904,carbonZ_2018-07-30-16-39-00_2_engine_failure,engine,5.5499997139,-73.0533599854,-3.44590854645,225,-0.480839282274,5.15872001648,-98.8288497925,0.244881287217,-14.1992435455,-0.600513339043,0
1532134993809909552,44.806129312,carbonZ_2018-07-30-16-39-00_2_engine_failure,engine,5.5499997139,-73.0533599854,-3.44590854645,225,-0.480839282274,5.15872001648,-98.8288497925,0.236424326897,-14.1709861755,-0.670678257942,0
1532134993876555440,44.8727752,carbonZ_2018-07-30-16-39-00_2_engine_failure,engine,5.48000001907,-69.4912872314,-3.18419623375,226,-0.480839282274,5.15872001648,-98.8288497925,0.210489362478,-14.1113967896,-0.781257987022,0
1532134993906498384,44.902718144,carbonZ_2018-07-30-16-39-00_2_engine_failure,engine,5.48000001907,-69.4912872314,-3.18419623375,226,-0.480839282274,5.15872001648,-98.8288497925,0.206446185708,-14.100022316,-0.795991241932,0
1532134993950050448,44.946270208,carbonZ_2018-07-30-16-39-00_2_engine_failure,engine,5.40000009537,-68.4060058594,-2.92248392105,228,-0.480839282274,5.15872001648,-98.8288497925,0.1930154562,-14.0577316284,-0.839626729488,0
1532134994005242800,45.00146256,carbonZ_2018-07-30-16-39-00_2_engine_failure,engine,5.40000009537,-68.4060058594,-2.92248392105,228,-0.480839282274,5.15872001648,-98.8288497925,0.197270765901,-14.0306024551,-0.845560014248,0
1532134994078984400,45.07520416,carbonZ_2018-07-30-16-39-00_2_engine_failure,engine,5.30999994278,-59.1786384583,-5.16971158981,229,-0.480839282274,5.15872001648,-98.8288497925,0.203487440944,-13.9717874527,-0.862140715122,0
1532134994099284336,45.095504096,carbonZ_2018-07-30-16-39-00_2_engine_failure,engine,5.30999994278,-59.1786384583,-5.16971158981,229,-0.480839282274,5.15872001648,-98.8288497925,0.203907474875,-13.944562912,-0.872937381268,0
1532134994154141168,45.150360928,carbonZ_2018-07-30-16-39-00_2_engine_failure,engine,5.21999979019,-52.0053863525,-4.77256584167,230,-0.480839282274,5.15872001648,-98.8288497925,0.22360868752,-13.9244842529,-0.860629141331,0
1532134994225012944,45.221232704,carbonZ_2018-07-30-16-39-00_2_engine_failure,engine,5.21999979019,-52.0053863525,-4.77256584167,230,3.77617812157,5.17421722412,-99.6960525513,0.24470256269,-13.8874378204,-0.845166802406,0
1532134994255609904,45.251829664,carbonZ_2018-07-30-16-39-00_2_engine_failure,engine,5.13000011444,-40.1725769043,-6.17050743103,231,3.77617812157,5.17421722412,-99.6960525513,0.266476690769,-13.8592700958,-0.841691374779,0
1532134994289514768,45.285734528,carbonZ_2018-07-30-16-39-00_2_engine_failure,engine,5.13000011444,-40.1725769043,-6.17050743103,231,3.77617812157,5.17421722412,-99.6960525513,0.294817298651,-13.8431625366,-0.820980548859,0
1532134994355648912,45.351868672,carbonZ_2018-07-30-16-39-00_2_engine_failure,engine,5.0499997139,-33.1943511963,-5.70407485962,232,3.77617812157,5.17421722412,-99.6960525513,0.335759133101,-13.8169403076,-0.809670865536,0
1532134994396078768,45.392298528,carbonZ_2018-07-30-16-39-00_2_engine_failure,engine,5.0499997139,-33.1943511963,-5.70407485962,232,3.77617812157,5.17421722412,-99.6960525513,0.380556315184,-13.7955675125,-0.793398201466,0
1532134994454838032,45.451057792,carbonZ_2018-07-30-16-39-00_2_engine_failure,engine,4.96999979019,-25.5300521851,-5.24795007706,234,3.77617812157,5.17421722412,-99.6960525513,0.436538010836,-13.7692728043,-0.784807682037,0
1532134994499469808,45.495689568,carbonZ_2018-07-30-16-39-00_2_engine_failure,engine,4.96999979019,-25.5300521851,-5.24795007706,234,8.57445144653,4.44933080673,-99.4430999756,0.49451315403,-13.7489099503,-0.778261065483,0
1532134994554786800,45.55100656,carbonZ_2018-07-30-16-39-00_2_engine_failure,engine,4.90000009537,-12.1290206909,-5.63438177109,235,8.57445144653,4.44933080673,-99.4430999756,0.541416943073,-13.7412910461,-0.745930612087,0
1532134994637419792,45.633639552,carbonZ_2018-07-30-16-39-00_2_engine_failure,engine,4.90000009537,-12.1290206909,-5.63438177109,235,8.57445144653,4.44933080673,-99.4430999756,0.60462731123,-13.7238121033,-0.705313742161,0
1532134994656548464,45.652768224,carbonZ_2018-07-30-16-39-00_2_engine_failure,engine,4.82999992371,0.531768798828,-5.15406036377,236,8.57445144653,4.44933080673,-99.4430999756,0.65479683876,-13.7097682953,-0.690252363682,0
1532134994718374320,45.71459408,carbonZ_2018-07-30-16-39-00_2_engine_failure,engine,4.82999992371,0.531768798828,-5.15406036377,236,8.57445144653,4.44933080673,-99.4430999756,0.740903377533,-13.7052640915,-0.657727301121,0
1532134994754153456,45.750373216,carbonZ_2018-07-30-16-39-00_2_engine_failure,engine,4.76999998093,-2.33001708984,-7.22922086716,237,8.57445144653,4.44933080673,-99.4430999756,0.790577232838,-13.7042608261,-0.644854485989,0
1532134994796393168,45.792612928,carbonZ_2018-07-30-16-39-00_2_engine_failure,engine,4.76999998093,-2.33001708984,-7.22922086716,237,11.4760160446,3.17611217499,-98.3130645752,0.857252657413,-13.7012500763,-0.608158051968,0
1532134994855882480,45.85210224,carbonZ_2018-07-30-16-39-00_2_engine_failure,engine,4.71000003815,2.86445617676,-6.65137720108,238,11.4760160446,3.17611217499,-98.3130645752,0.951850652695,-13.6963224411,-0.560443520546,0
1532134994890558384,45.886778144,carbonZ_2018-07-30-16-39-00_2_engine_failure,engine,4.71000003815,2.86445617676,-6.65137720108,238,11.4760160446,3.17611217499,-98.3130645752,1.01530623436,-13.6941080093,-0.534956336021,0
1532134994983251472,45.979471232,carbonZ_2018-07-30-16-39-00_2_engine_failure,engine,4.65999984741,13.4765625,-6.08314466476,239,11.4760160446,3.17611217499,-98.3130645752,1.15091955662,-13.7031106949,-0.471523553133,0
1532134995013163600,46.00938336,carbonZ_2018-07-30-16-39-00_2_engine_failure,engine,4.65999984741,13.4765625,-6.08314466476,239,11.4760160446,3.17611217499,-98.3130645752,1.22559511662,-13.7049703598,-0.433863401413,0
1532134995051201840,46.0474216,carbonZ_2018-07-30-16-39-00_2_engine_failure,engine,4.63000011444,21.4405059814,-6.35567426682,240,11.4760160446,3.17611217499,-98.3130645752,1.26664888859,-13.7041044235,-0.413472950459,0
1532134995148630000,46.14484976,carbonZ_2018-07-30-16-39-00_2_engine_failure,engine,4.63000011444,21.4405059814,-6.35567426682,240,11.4760160446,3.17611217499,-98.3130645752,1.44604516029,-13.7262935638,-0.362177699804,0
1532134995173273840,46.1694936,carbonZ_2018-07-30-16-39-00_2_engine_failure,engine,4.59999990463,28.4496307373,-5.7869591713,242,11.4760160446,3.17611217499,-98.3130645752,1.53015446663,-13.7460985184,-0.347118020058,0
1532134995195705936,46.191925696,carbonZ_2018-07-30-16-39-00_2_engine_failure,engine,4.59999990463,28.4496307373,-5.7869591713,242,11.4760160446,3.17611217499,-98.3130645752,1.57194435596,-13.7469739914,-0.344648897648,0
1532134995271806096,46.268025856,carbonZ_2018-07-30-16-39-00_2_engine_failure,engine,4.57999992371,22.4681854248,-5.22312831879,243,15.5552406311,1.07797408104,-94.7659912109,1.7043915987,-13.768456459,-0.323355972767,0
1532134995316835504,46.313055264,carbonZ_2018-07-30-16-39-00_2_engine_failure,engine,4.57999992371,22.4681854248,-5.22312831879,243,15.5552406311,1.07797408104,-94.7659912109,1.83216929436,-13.7908973694,-0.281048536301,0
1532134995356082832,46.352302592,carbonZ_2018-07-30-16-39-00_2_engine_failure,engine,4.55999994278,17.5067901611,-7.04021692276,244,15.5552406311,1.07797408104,-94.7659912109,1.91070067883,-13.8063554764,-0.255184352398,0
1532134995391025392,46.387245152,carbonZ_2018-07-30-16-39-00_2_engine_failure,engine,4.55999994278,17.5067901611,-7.04021692276,244,15.5552406311,1.07797408104,-94.7659912109,2.05504775047,-13.8257293701,-0.207233831286,0
1532134995453135184,46.449354944,carbonZ_2018-07-30-16-39-00_2_engine_failure,engine,4.5499997139,17.552280426,-6.38295316696,245,15.5552406311,1.07797408104,-94.7659912109,2.15812110901,-13.8431873322,-0.155328795314,0
1532134995496144784,46.492364544,carbonZ_2018-07-30-16-39-00_2_engine_failure,engine,4.5499997139,17.552280426,-6.38295316696,245,15.5552406311,1.07797408104,-94.7659912109,2.30523872375,-13.8666038513,-0.0682286545634,0
1532134995557183088,46.553402848,carbonZ_2018-07-30-16-39-00_2_engine_failure,engine,4.5499997139,20.2382087708,-7.3935918808,246,15.5552406311,1.07797408104,-94.7659912109,2.4041686058,-13.8808584213,-0.0133259566501,0
1532134995608081488,46.604301248,carbonZ_2018-07-30-16-39-00_2_engine_failure,engine,4.5499997139,20.2382087708,-7.3935918808,246,15.5552406311,1.07797408104,-94.7659912109,2.62677168846,-13.90666008,0.0982507690787,0
1532134995679752368,46.675972128,carbonZ_2018-07-30-16-39-00_2_engine_failure,engine,4.56999969482,17.6245689392,-6.6937661171,247,15.5552406311,1.07797408104,-94.7659912109,2.74877023697,-13.9211978912,0.16176648438,0
1532134995712133104,46.708352864,carbonZ_2018-07-30-16-39-00_2_engine_failure,engine,4.56999969482,17.6245689392,-6.6937661171,247,20.0289707184,-0.982048988342,-89.7510681152,2.86699295044,-13.9383239746,0.198102787137,0
1532134995778192624,46.774412384,carbonZ_2018-07-30-16-39-00_2_engine_failure,engine,4.59999990463,16.383934021,-8.57680416107,248,20.0289707184,-0.982048988342,-89.7510681152,3.06380009651,-13.9635725021,0.253759860992,0
1532134995805207088,46.801426848,carbonZ_2018-07-30-16-39-00_2_engine_failure,engine,4.59999990463,16.383934021,-8.57680416107,248,20.0289707184,-0.982048988342,-89.7510681152,3.20966386795,-13.9755706787,0.290114998817,0
1532134995868621456,46.864841216,carbonZ_2018-07-30-16-39-00_2_engine_failure,engine,4.65000009537,10.8803749084,-7.79234981537,249,20.0289707184,-0.982048988342,-89.7510681152,3.35226750374,-13.9952774048,0.295873075724,0
1532134995912199344,46.908419104,carbonZ_2018-07-30-16-39-00_2_engine_failure,engine,4.65000009537,10.8803749084,-7.79234981537,249,20.0289707184,-0.982048988342,-89.7510681152,3.5762553215,-14.0222606659,0.292816132307,0
1532134995956653968,46.952873728,carbonZ_2018-07-30-16-39-00_2_engine_failure,engine,4.69999980927,-5.44242858887,-7.02262639999,250,20.0289707184,-0.982048988342,-89.7510681152,3.73356866837,-14.0378131866,0.298798143864,0
1532134995993025008,46.989244768,carbonZ_2018-07-30-16-39-00_2_engine_failure,engine,4.69999980927,-5.44242858887,-7.02262639999,250,20.0289707184,-0.982048988342,-89.7510681152,3.8850607872,-14.0533342361,0.292876958847,0
1532134996037014352,47.033234112,carbonZ_2018-07-30-16-39-00_2_engine_failure,engine,4.73999977112,-30.9764862061,-7.98160982132,251,20.0289707184,-0.982048988342,-89.7510681152,4.1247549057,-14.0636634827,0.276478827,0
1532134996087344624,47.083564384,carbonZ_2018-07-30-16-39-00_2_engine_failure,engine,4.73999977112,-30.9764862061,-7.98160982132,251,20.0289707184,-0.982048988342,-89.7510681152,4.36000490189,-14.0753479004,0.272477924824,0
1532134996181624336,47.177844096,carbonZ_2018-07-30-16-39-00_2_engine_failure,engine,4.78999996185,-43.0786132812,-7.16391515732,253,20.0289707184,-0.982048988342,-89.7510681152,4.59311532974,-14.0838251114,0.285731732845,0
1532134996218599696,47.214819456,carbonZ_2018-07-30-16-39-00_2_engine_failure,engine,4.78999996185,-43.0786132812,-7.16391515732,253,25.8379039764,-0.536036908627,-84.4094314575,4.75466537476,-14.0820970535,0.316711723804,0
1532134996266037488,47.262257248,carbonZ_2018-07-30-16-39-00_2_engine_failure,engine,4.82999992371,-51.9668579102,-7.21858119965,254,25.8379039764,-0.536036908627,-84.4094314575,4.98832511902,-14.0760307312,0.374288409948,0
1532134996296131696,47.292351456,carbonZ_2018-07-30-16-39-00_2_engine_failure,engine,4.82999992371,-51.9668579102,-7.21858119965,254,25.8379039764,-0.536036908627,-84.4094314575,5.13891029358,-14.0690155029,0.4133451581,0
1532134996378528464,47.374748224,carbonZ_2018-07-30-16-39-00_2_engine_failure,engine,4.86999988556,-47.2171783447,-6.41048192978,255,25.8379039764,-0.536036908627,-84.4094314575,5.37804222107,-14.061164856,0.497902989388,0
1532134996398593072,47.394812832,carbonZ_2018-07-30-16-39-00_2_engine_failure,engine,4.86999988556,-47.2171783447,-6.41048192978,255,25.8379039764,-0.536036908627,-84.4094314575,5.4639248848,-14.054309845,0.518192708492,0
1532134996475694096,47.471913856,carbonZ_2018-07-30-16-39-00_2_engine_failure,engine,4.94000005722,-45.1536178589,-5.62860393524,256,25.8379039764,-0.536036908627,-84.4094314575,5.80864620209,-14.0165987015,0.655669569969,0
1532134996493192464,47.489412224,carbonZ_2018-07-30-16-39-00_2_engine_failure,engine,4.94000005722,-45.1536178589,-5.62860393524,256,25.8379039764,-0.536036908627,-84.4094314575,5.80864620209,-14.0165987015,0.655669569969,0
1532134996553770256,47.549990016,carbonZ_2018-07-30-16-39-00_2_engine_failure,engine,5.01999998093,-50.4028320312,-7.27983999252,257,25.8379039764,-0.536036908627,-84.4094314575,6.17933797836,-13.9786653519,0.775332510471,0
1532134996605917360,47.60213712,carbonZ_2018-07-30-16-39-00_2_engine_failure,engine,5.01999998093,-50.4028320312,-7.27983999252,257,25.8379039764,-0.536036908627,-84.4094314575,6.38692045212,-13.9490804672,0.830739974976,0
1532134996664674704,47.660894464,carbonZ_2018-07-30-16-39-00_2_engine_failure,engine,5.10999965668,-54.2518615723,-6.44137239456,258,25.8379039764,-0.536036908627,-84.4094314575,6.7123208046,-13.8958454132,0.879275143147,0
1532134996700028304,47.696248064,carbonZ_2018-07-30-16-39-00_2_engine_failure,engine,5.10999965668,-54.2518615723,-6.44137239456,258,33.0294075012,-2.14320874214,-74.8960189819,6.93163585663,-13.8572626114,0.914368093014,0
1532134996775245456,47.771465216,carbonZ_2018-07-30-16-39-00_2_engine_failure,engine,5.21999979019,-63.5387420654,-7.2899389267,259,33.0294075012,-2.14320874214,-74.8960189819,7.37293815613,-13.7793588638,0.979941248894,0
1532134996793647824,47.789867584,carbonZ_2018-07-30-16-39-00_2_engine_failure,engine,5.21999979019,-63.5387420654,-7.2899389267,259,33.0294075012,-2.14320874214,-74.8960189819,7.37293815613,-13.7793588638,0.979941248894,0
1532134996859311120,47.85553088,carbonZ_2018-07-30-16-39-00_2_engine_failure,engine,5.32999992371,-70.4416275024,-6.433614254,259,33.0294075012,-2.14320874214,-74.8960189819,7.81721687317,-13.665099144,1.06186830997,0
1532134996919657104,47.915876864,carbonZ_2018-07-30-16-39-00_2_engine_failure,engine,5.32999992371,-70.4416275024,-6.433614254,259,33.0294075012,-2.14320874214,-74.8960189819,8.04211711884,-13.6068353653,1.10003685951,0
1532134996969765488,47.965985248,carbonZ_2018-07-30-16-39-00_2_engine_failure,engine,5.46000003815,-81.286239624,-8.17358493805,260,33.0294075012,-2.14320874214,-74.8960189819,8.58439254761,-13.4466600418,1.16580533981,0
1532134997040916400,48.03713616,carbonZ_2018-07-30-16-39-00_2_engine_failure,engine,5.58999967575,-88.5249176025,-7.25535774231,261,33.0294075012,-2.14320874214,-74.8960189819,9.08228492737,-13.2579612732,1.3125077486,0
1532134997119797168,48.116016928,carbonZ_2018-07-30-16-39-00_2_engine_failure,engine,5.58999967575,-88.5249176025,-7.25535774231,261,33.5488739014,-1.96074819565,-65.6750030518,9.08228492737,-13.2579612732,1.3125077486,0
1532134997183880048,48.180099808,carbonZ_2018-07-30-16-39-00_2_engine_failure,engine,5.73999977112,-94.503112793,-6.35971736908,262,33.5488739014,-1.96074819565,-65.6750030518,9.52642822266,-13.0880746841,1.37594938278,0
1532134997217293296,48.213513056,carbonZ_2018-07-30-16-39-00_2_engine_failure,engine,5.73999977112,-94.503112793,-6.35971736908,262,33.5488739014,-1.96074819565,-65.6750030518,9.76582622528,-12.9773807526,1.39434182644,0
1532134997262705264,48.258925024,carbonZ_2018-07-30-16-39-00_2_engine_failure,engine,5.88999986649,-94.9395141602,-7.15002632141,263,33.5488739014,-1.96074819565,-65.6750030518,10.2323255539,-12.7675514221,1.44886934757,0
1532134997301227280,48.29744704,carbonZ_2018-07-30-16-39-00_2_engine_failure,engine,5.88999986649,-94.9395141602,-7.15002632141,263,33.5488739014,-1.96074819565,-65.6750030518,10.2323255539,-12.7675514221,1.44886934757,0
1532134997377840912,48.374060672,carbonZ_2018-07-30-16-39-00_2_engine_failure,engine,6.0499997139,-92.0488357544,-6.25248765945,264,33.5488739014,-1.96074819565,-65.6750030518,10.7070665359,-12.5451087952,1.4885340929,0
1532134997417390160,48.41360992,carbonZ_2018-07-30-16-39-00_2_engine_failure,engine,6.0499997139,-92.0488357544,-6.25248765945,264,33.5488739014,-1.96074819565,-65.6750030518,10.9497146606,-12.4095239639,1.5210570097,0
1532134997454076720,48.45029648,carbonZ_2018-07-30-16-39-00_2_engine_failure,engine,6.21999979019,-93.833732605,-5.40508651733,264,37.5810432434,-1.16892457008,-56.3174285889,11.2018117905,-12.2712144852,1.52624475956,0
1532134997489066224,48.485285984,carbonZ_2018-07-30-16-39-00_2_engine_failure,engine,6.21999979019,-93.833732605,-5.40508651733,264,37.5810432434,-1.16892457008,-56.3174285889,11.4648580551,-12.1238031387,1.52942574024,0
1532134997572083024,48.568302784,carbonZ_2018-07-30-16-39-00_2_engine_failure,engine,6.3799996376,-104.770278931,-6.78307294846,265,37.5810432434,-1.16892457008,-56.3174285889,11.9883270264,-11.8241386414,1.53407752514,0
1532134997672917104,48.669136864,carbonZ_2018-07-30-16-39-00_2_engine_failure,engine,6.5499997139,-112.319374084,-5.90369176865,266,37.5810432434,-1.16892457008,-56.3174285889,12.6784200668,-11.3444271088,1.54432606697,0
1532134997708913136,48.705132896,carbonZ_2018-07-30-16-39-00_2_engine_failure,engine,6.5499997139,-112.319374084,-5.90369176865,266,37.5810432434,-1.16892457008,-56.3174285889,12.6784200668,-11.3444271088,1.54432606697,0
1532134997764664304,48.760884064,carbonZ_2018-07-30-16-39-00_2_engine_failure,engine,6.71000003815,-133.895294189,-5.08564329147,266,37.5810432434,-1.16892457008,-56.3174285889,13.2378482819,-10.9226961136,1.53494882584,0
1532134997805286032,48.801505792,carbonZ_2018-07-30-16-39-00_2_engine_failure,engine,6.71000003815,-133.895294189,-5.08564329147,266,37.5810432434,-1.16892457008,-56.3174285889,13.4974498749,-10.7093639374,1.56267666817,0
1532134997864401456,48.860621216,carbonZ_2018-07-30-16-39-00_2_engine_failure,engine,6.8799996376,-133.194351196,-5.53110599518,267,40.5897979736,0.942061424255,-47.4802627563,13.8667888641,-10.3793087006,1.5900400877,0
1532134997875715056,48.871934816,carbonZ_2018-07-30-16-39-00_2_engine_failure,engine,6.8799996376,-133.194351196,-5.53110599518,267,40.5897979736,0.942061424255,-47.4802627563,13.9874448776,-10.2720775604,1.59665203094,0
1532134997934691568,48.930911328,carbonZ_2018-07-30-16-39-00_2_engine_failure,engine,6.8799996376,-133.194351196,-5.53110599518,267,40.5897979736,0.942061424255,-47.4802627563,14.4303426743,-9.85210037231,1.64316391945,0
1532134997968656144,48.964875904,carbonZ_2018-07-30-16-39-00_2_engine_failure,engine,7.0499997139,-129.582595825,-4.75992393494,267,40.5897979736,0.942061424255,-47.4802627563,14.4303426743,-9.85210037231,1.64316391945,0
1532134998049698192,49.045917952,carbonZ_2018-07-30-16-39-00_2_engine_failure,engine,7.23000001907,-131.07434082,-5.45719432831,267,40.5897979736,0.942061424255,-47.4802627563,14.8333492279,-9.420129776,1.64542806149,0
1532134998072100592,49.068320352,carbonZ_2018-07-30-16-39-00_2_engine_failure,engine,7.23000001907,-131.07434082,-5.45719432831,267,40.5897979736,0.942061424255,-47.4802627563,14.9279127121,-9.31628322601,1.65819954872,0
1532134998115680848,49.111900608,carbonZ_2018-07-30-16-39-00_2_engine_failure,engine,7.23000001907,-131.07434082,-5.45719432831,267,40.5897979736,0.942061424255,-47.4802627563,15.1977205276,-8.99374008179,1.65171575546,0
1532134998189364304,49.185584064,carbonZ_2018-07-30-16-39-00_2_engine_failure,engine,7.40999984741,-143.381500244,-4.71385812759,268,40.5897979736,0.942061424255,-47.4802627563,15.5417957306,-8.56796169281,1.61970341206,0
1532134998306266960,49.30248672,carbonZ_2018-07-30-16-39-00_2_engine_failure,engine,7.57999992371,-142.963226318,-4.37918424606,268,36.0680351257,5.61855554581,-38.1070899963,15.9406871796,-8.02602100372,1.5761705637,0
1532134998363029232,49.359248992,carbonZ_2018-07-30-16-39-00_2_engine_failure,engine,7.75,-139.862731934,-3.72532558441,268,36.0680351257,5.61855554581,-38.1070899963,16.1624069214,-7.71440219879,1.5482827425,0
1532134998423026384,49.419246144,carbonZ_2018-07-30-16-39-00_2_engine_failure,engine,7.75,-139.862731934,-3.72532558441,268,36.0680351257,5.61855554581,-38.1070899963,16.3681583405,-7.39638185501,1.52808916569,0
1532134998465576112,49.461795872,carbonZ_2018-07-30-16-39-00_2_engine_failure,engine,7.90999984741,-141.630844116,-3.91752552986,268,36.0680351257,5.61855554581,-38.1070899963,16.5511550903,-7.07758951187,1.50639331341,0
1532134998506035248,49.502255008,carbonZ_2018-07-30-16-39-00_2_engine_failure,engine,7.90999984741,-141.630844116,-3.91752552986,268,36.0680351257,5.61855554581,-38.1070899963,16.6150226593,-6.97350025177,1.4846739769,0
1532134998531359280,49.52757904,carbonZ_2018-07-30-16-39-00_2_engine_failure,engine,8.06999969482,-141.110046387,-3.30869746208,268,33.7356491089,4.95302391052,-32.7074928284,16.73138237,-6.75927686691,1.46207582951,0
1532134998604940112,49.601159872,carbonZ_2018-07-30-16-39-00_2_engine_failure,engine,8.06999969482,-141.110046387,-3.30869746208,268,33.7356491089,4.95302391052,-32.7074928284,16.9101047516,-6.46446084976,1.44710302353,0
1532134998694150288,49.690370048,carbonZ_2018-07-30-16-39-00_2_engine_failure,engine,8.22000026703,-145.745849609,-2.87098145485,269,33.7356491089,4.95302391052,-32.7074928284,17.1810283661,-5.93721008301,1.41739213467,0
1532134998745608816,49.741828576,carbonZ_2018-07-30-16-39-00_2_engine_failure,engine,8.36999988556,-149.354736328,-2.34763979912,269,33.7356491089,4.95302391052,-32.7074928284,17.27891922,-5.74393558502,1.42855632305,0
1532134998785415696,49.781635456,carbonZ_2018-07-30-16-39-00_2_engine_failure,engine,8.36999988556,-149.354736328,-2.34763979912,269,33.7356491089,4.95302391052,-32.7074928284,17.4333515167,-5.44602298737,1.44878196716,0
1532134998835133424,49.831353184,carbonZ_2018-07-30-16-39-00_2_engine_failure,engine,8.36999988556,-149.354736328,-2.34763979912,269,33.7356491089,4.95302391052,-32.7074928284,17.52044487,-5.22375679016,1.43944346905,0
1532134998874598256,49.870818016,carbonZ_2018-07-30-16-39-00_2_engine_failure,engine,8.51999950409,-144.159881592,-1.88347578049,269,33.7356491089,4.95302391052,-32.7074928284,17.6069030762,-5.01462936401,1.43628239632,0
1532134998962939056,49.959158816,carbonZ_2018-07-30-16-39-00_2_engine_failure,engine,8.67000007629,-133.171463013,-1.47086465359,268,33.7356491089,4.95302391052,-32.7074928284,17.7812252045,-4.60196065903,1.4411919117,0
1532134998988850864,49.985070624,carbonZ_2018-07-30-16-39-00_2_engine_failure,engine,8.67000007629,-133.171463013,-1.47086465359,268,33.7356491089,4.95302391052,-32.7074928284,17.8283176422,-4.49931955338,1.4509049654,0
1532134999035426576,50.031646336,carbonZ_2018-07-30-16-39-00_2_engine_failure,engine,8.81999969482,-132.265655518,-1.10737502575,268,31.8222446442,3.3436050415,-20.0369358063,17.9252967834,-4.17552900314,1.44701862335,0
1532134999089473680,50.08569344,carbonZ_2018-07-30-16-39-00_2_engine_failure,engine,8.81999969482,-132.265655518,-1.10737502575,268,31.8222446442,3.3436050415,-20.0369358063,18.0392074585,-3.85752511024,1.41929590702,0
1532134999198766160,50.19498592,carbonZ_2018-07-30-16-39-00_2_engine_failure,engine,8.97999954224,-125.807380676,-0.786151409149,268,31.8222446442,3.3436050415,-20.0369358063,18.174861908,-3.43154168129,1.35959148407,0
1532134999281634800,50.27785456,carbonZ_2018-07-30-16-39-00_2_engine_failure,engine,9.13000011444,-134.862136841,-0.524100959301,268,31.8222446442,3.3436050415,-20.0369358063,18.3089427948,-2.8903529644,1.28121137619,0
1532134999341054832,50.337274592,carbonZ_2018-07-30-16-39-00_2_engine_failure,engine,9.13000011444,-134.862136841,-0.524100959301,268,31.8222446442,3.3436050415,-20.0369358063,18.3705234528,-2.58683776855,1.25972390175,0
1532134999419547216,50.415766976,carbonZ_2018-07-30-16-39-00_2_engine_failure,engine,9.26999950409,-133.73298645,-0.312769919634,268,31.8222446442,3.3436050415,-20.0369358063,18.4405765533,-2.17526865005,1.18271362782,0
1532134999438113200,50.43433296,carbonZ_2018-07-30-16-39-00_2_engine_failure,engine,9.26999950409,-133.73298645,-0.312769919634,268,31.8222446442,3.3436050415,-20.0369358063,18.4405765533,-2.17526865005,1.18271362782,0
1532134999480634192,50.476853952,carbonZ_2018-07-30-16-39-00_2_engine_failure,engine,9.38999938965,-134.766769409,-0.152158200741,268,26.346408844,5.20191192627,-9.19400882721,18.4681835175,-1.86112844944,1.09911131859,0
1532134999516409520,50.51262928,carbonZ_2018-07-30-16-39-00_2_engine_failure,engine,9.38999938965,-134.766769409,-0.152158200741,268,26.346408844,5.20191192627,-9.19400882721,18.4842185974,-1.64814448357,1.02675235271,0
1532134999555525840,50.5517456,carbonZ_2018-07-30-16-39-00_2_engine_failure,engine,9.51000022888,-143.069274902,-0.0338129326701,267,26.346408844,5.20191192627,-9.19400882721,18.5005340576,-1.43846845627,0.965602278709,0
1532134999599316208,50.595535968,carbonZ_2018-07-30-16-39-00_2_engine_failure,engine,9.51000022888,-143.069274902,-0.0338129326701,267,26.346408844,5.20191192627,-9.19400882721,18.5026798248,-1.23609673977,0.914460480213,0
1532134999690037296,50.686257056,carbonZ_2018-07-30-16-39-00_2_engine_failure,engine,9.5999994278,-154.294403076,0.0169064570218,267,26.346408844,5.20191192627,-9.19400882721,18.4858322144,-0.832622230053,0.783628106117,0
1532134999711083024,50.707302784,carbonZ_2018-07-30-16-39-00_2_engine_failure,engine,9.5999994278,-154.294403076,0.0169064570218,267,26.346408844,5.20191192627,-9.19400882721,18.4729423523,-0.636814713478,0.706068754196,0
1532134999786370000,50.78258976,carbonZ_2018-07-30-16-39-00_2_engine_failure,engine,9.6799993515,-176.802444458,0.0338129140437,267,26.346408844,5.20191192627,-9.19400882721,18.4645233154,-0.331374049187,0.525119185448,0
1532134999806863344,50.803083104,carbonZ_2018-07-30-16-39-00_2_engine_failure,engine,9.6799993515,-176.802444458,0.0338129140437,267,26.346408844,5.20191192627,-9.19400882721,18.4414405823,-0.223541527987,0.43447008729,0
1532134999870099824,50.866319584,carbonZ_2018-07-30-16-39-00_2_engine_failure,engine,9.72999954224,-195.629501343,-0.0,266,26.346408844,5.20191192627,-9.19400882721,18.4029502869,0.0888604521751,0.203154683113,0
1532134999891339632,50.887559392,carbonZ_2018-07-30-16-39-00_2_engine_failure,engine,9.72999954224,-195.629501343,-0.0,266,26.346408844,5.20191192627,-9.19400882721,18.3685951233,0.2769934237,0.0634236559272,0
1532134999982969904,50.979189664,carbonZ_2018-07-30-16-39-00_2_engine_failure,engine,9.73999977112,-198.696517944,-0.0845322459936,266,21.3114051819,10.0476560593,-2.12568688393,18.2576084137,0.684412956238,-0.244377091527,0
1532135000016148080,51.01236784,carbonZ_2018-07-30-16-39-00_2_engine_failure,engine,9.73999977112,-198.696517944,-0.0845322459936,266,21.3114051819,10.0476560593,-2.12568688393,18.2576084137,0.684412956238,-0.244377091527,0
1532135000059849392,51.056069152,carbonZ_2018-07-30-16-39-00_2_engine_failure,engine,9.71999931335,-207.015991211,-0.211330622435,265,21.3114051819,10.0476560593,-2.12568688393,18.1785144806,0.922837853432,-0.476197451353,0
1532135000115747120,51.11196688,carbonZ_2018-07-30-16-39-00_2_engine_failure,engine,9.71999931335,-207.015991211,-0.211330622435,265,21.3114051819,10.0476560593,-2.12568688393,18.1013011932,1.1461161375,-0.696185708046,0
1532135000176015664,51.172235424,carbonZ_2018-07-30-16-39-00_2_engine_failure,engine,9.65999984741,-220.769500732,-0.363488405943,265,21.3114051819,10.0476560593,-2.12568688393,18.0042972565,1.36998808384,-0.953302443027,0
1532135000212526192,51.208745952,carbonZ_2018-07-30-16-39-00_2_engine_failure,engine,9.65999984741,-220.769500732,-0.363488405943,265,21.3114051819,10.0476560593,-2.12568688393,17.9248065948,1.51948320866,-1.10545599461,0
1532135000248615952,51.244835712,carbonZ_2018-07-30-16-39-00_2_engine_failure,engine,9.55999946594,-225.182342529,-0.557912409306,264,21.3114051819,10.0476560593,-2.12568688393,17.8065738678,1.73222017288,-1.34812712669,0
1532135000305277680,51.30149744,carbonZ_2018-07-30-16-39-00_2_engine_failure,engine,9.55999946594,-225.182342529,-0.557912409306,264,21.3114051819,10.0476560593,-2.12568688393,17.7684364319,1.8039072752,-1.41126406193,0
1532135000356551056,51.352770816,carbonZ_2018-07-30-16-39-00_2_engine_failure,engine,9.40999984741,-222.420501709,-0.777696073055,264,16.1284294128,12.2060632706,3.17782211304,17.6488208771,1.9767717123,-1.60067820549,0
1532135000380073168,51.376292928,carbonZ_2018-07-30-16-39-00_2_engine_failure,engine,9.40999984741,-222.420501709,-0.777696073055,264,16.1284294128,12.2060632706,3.17782211304,17.5621414185,2.08733773232,-1.73244440556,0
1532135000420014640,51.4162344,carbonZ_2018-07-30-16-39-00_2_engine_failure,engine,9.40999984741,-222.420501709,-0.777696073055,264,16.1284294128,12.2060632706,3.17782211304,17.5063362122,2.13206553459,-1.79725432396,0
1532135000470077520,51.46629728,carbonZ_2018-07-30-16-39-00_2_engine_failure,engine,9.22000026703,-206.217773438,-1.0312923193,263,16.1284294128,12.2060632706,3.17782211304,17.3294391632,2.30407857895,-1.9974770546,0
1532135000550695952,51.546915712,carbonZ_2018-07-30-16-39-00_2_engine_failure,engine,9.01000022888,-188.670532227,-1.30179512501,263,16.1284294128,12.2060632706,3.17782211304,17.1683521271,2.43102121353,-2.15369081497,0
1532135000605376816,51.601596576,carbonZ_2018-07-30-16-39-00_2_engine_failure,engine,9.01000022888,-188.670532227,-1.30179512501,263,16.1284294128,12.2060632706,3.17782211304,17.0708942413,2.47974538803,-2.22839164734,0
1532135000649608240,51.645828,carbonZ_2018-07-30-16-39-00_2_engine_failure,engine,8.76000022888,-163.926315308,-1.58075046539,262,16.1284294128,12.2060632706,3.17782211304,16.9809207916,2.51373410225,-2.28375029564,0
1532135000717046224,51.713265984,carbonZ_2018-07-30-16-39-00_2_engine_failure,engine,8.76000022888,-163.926315308,-1.58075046539,262,16.1284294128,12.2060632706,3.17782211304,16.861995697,2.55316400528,-2.33035588264,0
1532135000755190512,51.751410272,carbonZ_2018-07-30-16-39-00_2_engine_failure,engine,8.51000022888,-131.660644531,-1.86815953255,262,16.1284294128,12.2060632706,3.17782211304,16.7957305908,2.57544755936,-2.34882903099,0
1532135000799190928,51.795410688,carbonZ_2018-07-30-16-39-00_2_engine_failure,engine,8.51000022888,-131.660644531,-1.86815953255,262,4.0074877739,13.3129339218,7.41481399536,16.6786880493,2.58328962326,-2.37941074371,0
1532135000854138064,51.850357824,carbonZ_2018-07-30-16-39-00_2_engine_failure,engine,8.25,-93.9611434937,-2.15556764603,261,4.0074877739,13.3129339218,7.41481399536,16.6012535095,2.5740237236,-2.40115618706,0
1532135000897705072,51.893924832,carbonZ_2018-07-30-16-39-00_2_engine_failure,engine,8.25,-93.9611434937,-2.15556764603,261,4.0074877739,13.3129339218,7.41481399536,16.5365161896,2.57107973099,-2.409460783,0
1532135000944724432,51.940944192,carbonZ_2018-07-30-16-39-00_2_engine_failure,engine,7.98000001907,-65.3615951538,-2.44297671318,261,4.0074877739,13.3129339218,7.41481399536,16.4214439392,2.53089904785,-2.42440390587,0
1532135000998914800,51.99513456,carbonZ_2018-07-30-16-39-00_2_engine_failure,engine,7.98000001907,-65.3615951538,-2.44297671318,261,4.0074877739,13.3129339218,7.41481399536,16.386182785,2.50996136665,-2.43187332153,0
1532135001063629680,52.05984944,carbonZ_2018-07-30-16-39-00_2_engine_failure,engine,7.71999979019,-27.036857605,-2.71347951889,260,4.0074877739,13.3129339218,7.41481399536,16.2946529388,2.46036076546,-2.40470528603,0
1532135001104675376,52.100895136,carbonZ_2018-07-30-16-39-00_2_engine_failure,engine,7.71999979019,-27.036857605,-2.71347951889,260,4.0074877739,13.3129339218,7.41481399536,16.2104930878,2.38501405716,-2.3137409687,0
1532135001221273456,52.217493216,carbonZ_2018-07-30-16-39-00_2_engine_failure,engine,7.46000003815,17.4302101135,-2.96707344055,260,4.0074877739,13.3129339218,7.41481399536,16.1331348419,2.29490971565,-2.19607973099,0
1532135001282287728,52.278507488,carbonZ_2018-07-30-16-39-00_2_engine_failure,engine,7.21000003815,56.1686515808,-3.21221613884,259,-6.33305263519,12.3547058105,7.76515245438,16.0792942047,2.21326994896,-2.09951996803,0
1532135001300123504,52.296343264,carbonZ_2018-07-30-16-39-00_2_engine_failure,engine,7.21000003815,56.1686515808,-3.21221613884,259,-6.33305263519,12.3547058105,7.76515245438,16.0631732941,2.1767950058,-2.08056807518,0
1532135001380895440,52.3771152,carbonZ_2018-07-30-16-39-00_2_engine_failure,engine,6.98000001907,95.2265777588,-3.44045090675,259,-6.33305263519,12.3547058105,7.76515245438,16.0240917206,2.06324052811,-1.94164896011,0
1532135001404502800,52.40072256,carbonZ_2018-07-30-16-39-00_2_engine_failure,engine,6.98000001907,95.2265777588,-3.44045090675,259,-6.33305263519,12.3547058105,7.76515245438,16.0049114227,2.01919960976,-1.92256748676,0
1532135001456832656,52.453052416,carbonZ_2018-07-30-16-39-00_2_engine_failure,engine,6.76999998093,124.398231506,-3.64332771301,258,-6.33305263519,12.3547058105,7.76515245438,15.974448204,1.8894828558,-1.75295209885,0
1532135001502673520,52.49889328,carbonZ_2018-07-30-16-39-00_2_engine_failure,engine,6.76999998093,124.398231506,-3.64332771301,258,-6.33305263519,12.3547058105,7.76515245438,15.9764633179,1.85551178455,-1.72688341141,0
1532135001583262992,52.579482752,carbonZ_2018-07-30-16-39-00_2_engine_failure,engine,6.57999992371,152.718536377,-3.82929825783,258,-6.33305263519,12.3547058105,7.76515245438,15.9815397263,1.62442874908,-1.62331426144,0
1532135001652377552,52.648597312,carbonZ_2018-07-30-16-39-00_2_engine_failure,engine,6.40999984741,175.102050781,-3.98990654945,258,-6.33305263519,12.3547058105,7.76515245438,15.9868927002,1.53891789913,-1.60747206211,0
1532135001737366576,52.733586336,carbonZ_2018-07-30-16-39-00_2_engine_failure,engine,6.25,172.994903564,-4.1336107254,257,-13.5144577026,9.3064994812,5.0443239212,16.0082168579,1.34628093243,-1.58804214001,0
1532135001818735056,52.814954816,carbonZ_2018-07-30-16-39-00_2_engine_failure,engine,6.25,172.994903564,-4.1336107254,257,-13.5144577026,9.3064994812,5.0443239212,16.0424804688,1.14309942722,-1.53270792961,0
1532135001881878672,52.878098432,carbonZ_2018-07-30-16-39-00_2_engine_failure,engine,6.08999967575,182.675460815,-4.25195360184,257,-13.5144577026,9.3064994812,5.0443239212,16.0912742615,0.926380991936,-1.47271203995,0
1532135001914912848,52.911132608,carbonZ_2018-07-30-16-39-00_2_engine_failure,engine,6.08999967575,182.675460815,-4.25195360184,257,-13.5144577026,9.3064994812,5.0443239212,16.0912742615,0.926380991936,-1.47271203995,0
1532135001937328848,52.933548608,carbonZ_2018-07-30-16-39-00_2_engine_failure,engine,5.94999980927,197.232727051,-4.33648538589,257,-13.5144577026,9.3064994812,5.0443239212,16.1172580719,0.756542086601,-1.39311945438,0
1532135002012827888,53.009047648,carbonZ_2018-07-30-16-39-00_2_engine_failure,engine,5.94999980927,197.232727051,-4.33648538589,257,-13.5144577026,9.3064994812,5.0443239212,16.1561927795,0.600953578949,-1.25599145889,0
1532135002056762640,53.0529824,carbonZ_2018-07-30-16-39-00_2_engine_failure,engine,5.81999969482,211.908248901,-4.38720464706,257,-17.4344291687,6.29508113861,-0.175916656852,16.1730308533,0.478516221046,-1.2041298151,0
1532135002094303216,53.090522976,carbonZ_2018-07-30-16-39-00_2_engine_failure,engine,5.81999969482,211.908248901,-4.38720464706,257,-17.4344291687,6.29508113861,-0.175916656852,16.2129058838,0.374172687531,-1.10986435413,0
1532135002150806160,53.14702592,carbonZ_2018-07-30-16-39-00_2_engine_failure,engine,5.71999979019,232.054138184,-4.41256189346,257,-17.4344291687,6.29508113861,-0.175916656852,16.245885849,0.19949555397,-0.988611638546,0
1532135002190128720,53.18634848,carbonZ_2018-07-30-16-39-00_2_engine_failure,engine,5.71999979019,232.054138184,-4.41256189346,257,-17.4344291687,6.29508113861,-0.175916656852,16.2895355225,0.0884626507759,-0.904590904713,0
1532135002276198096,53.272417856,carbonZ_2018-07-30-16-39-00_2_engine_failure,engine,5.63999986649,227.253631592,-4.41256189346,257,-17.4344291687,6.29508113861,-0.175916656852,16.3309230804,-0.160620972514,-0.736441135406,0
1532135002345129968,53.341349728,carbonZ_2018-07-30-16-39-00_2_engine_failure,engine,5.57999992371,209.065063477,-4.37874746323,257,-17.4344291687,6.29508113861,-0.175916656852,16.3796386719,-0.365443795919,-0.65743881464,0
1532135002389691056,53.385910816,carbonZ_2018-07-30-16-39-00_2_engine_failure,engine,5.57999992371,209.065063477,-4.37874746323,257,-17.4344291687,6.29508113861,-0.175916656852,16.4041824341,-0.504826188087,-0.619844198227,0
1532135002419901904,53.416121664,carbonZ_2018-07-30-16-39-00_2_engine_failure,engine,5.57999992371,209.065063477,-4.37874746323,257,-17.4344291687,6.29508113861,-0.175916656852,16.4380187988,-0.648915588856,-0.585266828537,0
1532135002454300720,53.45052048,carbonZ_2018-07-30-16-39-00_2_engine_failure,engine,5.53999996185,193.095397949,-4.30266857147,257,-18.088476181,3.03211402893,-5.8714261055,16.4636497498,-0.876049280167,-0.557642936707,0
1532135002515121520,53.51134128,carbonZ_2018-07-30-16-39-00_2_engine_failure,engine,5.53999996185,193.095397949,-4.30266857147,257,-18.088476181,3.03211402893,-5.8714261055,16.504989624,-1.00722777843,-0.512752711773,0
1532135002552245872,53.548465632,carbonZ_2018-07-30-16-39-00_2_engine_failure,engine,5.50999975204,177.477081299,-4.20123004913,257,-18.088476181,3.03211402893,-5.8714261055,16.5284938812,-1.15476667881,-0.472934067249,0
1532135002620975504,53.617195264,carbonZ_2018-07-30-16-39-00_2_engine_failure,engine,5.50999975204,177.477081299,-4.20123004913,257,-18.088476181,3.03211402893,-5.8714261055,16.5612640381,-1.35009098053,-0.420663833618,0
1532135002668542512,53.664762272,carbonZ_2018-07-30-16-39-00_2_engine_failure,engine,5.48999977112,165.426254272,-4.05752325058,257,-18.088476181,3.03211402893,-5.8714261055,16.5888290405,-1.5392113924,-0.351168781519,0
1532135002706641168,53.702860928,carbonZ_2018-07-30-16-39-00_2_engine_failure,engine,5.48999977112,165.426254272,-4.05752325058,257,-18.088476181,3.03211402893,-5.8714261055,16.6051120758,-1.65059220791,-0.293313741684,0
1532135002789456944,53.785676704,carbonZ_2018-07-30-16-39-00_2_engine_failure,engine,5.48000001907,162.070648193,-3.88000655174,257,-18.088476181,3.03211402893,-5.8714261055,16.6311168671,-1.81229877472,-0.226832330227,0
1532135002818388752,53.814608512,carbonZ_2018-07-30-16-39-00_2_engine_failure,engine,5.48000001907,162.070648193,-3.88000655174,257,-13.1938037872,2.43271183968,-9.02638721466,16.643447876,-1.90880763531,-0.168062418699,0
1532135002874332880,53.87055264,carbonZ_2018-07-30-16-39-00_2_engine_failure,engine,5.48000001907,153.099639893,-3.67712855339,257,-13.1938037872,2.43271183968,-9.02638721466,16.6480197906,-2.06439042091,-0.151017338037,0
1532135002902616240,53.898836,carbonZ_2018-07-30-16-39-00_2_engine_failure,engine,5.48000001907,153.099639893,-3.67712855339,257,-13.1938037872,2.43271183968,-9.02638721466,16.6640129089,-2.10719823837,-0.142331376672,0
1532135002984252976,53.980472736,carbonZ_2018-07-30-16-39-00_2_engine_failure,engine,5.48999977112,133.42276001,-3.44889330864,257,-13.1938037872,2.43271183968,-9.02638721466,16.6943798065,-2.28947591782,-0.145590096712,0
1532135003003929456,54.000149216,carbonZ_2018-07-30-16-39-00_2_engine_failure,engine,5.48999977112,133.42276001,-3.44889330864,257,-13.1938037872,2.43271183968,-9.02638721466,16.6954421997,-2.33258628845,-0.163303658366,0
1532135003053831504,54.050051264,carbonZ_2018-07-30-16-39-00_2_engine_failure,engine,5.48999977112,103.148269653,-3.20375132561,257,-13.1938037872,2.43271183968,-9.02638721466,16.70337677,-2.49176716805,-0.165206715465,0
1532135003110640528,54.106860288,carbonZ_2018-07-30-16-39-00_2_engine_failure,engine,5.48999977112,103.148269653,-3.20375132561,257,-13.1938037872,2.43271183968,-9.02638721466,16.7032356262,-2.52631545067,-0.144847586751,0
1532135003184693136,54.180912896,carbonZ_2018-07-30-16-39-00_2_engine_failure,engine,5.5,75.977897644,-2.94170117378,258,-13.1938037872,2.43271183968,-9.02638721466,16.7211284637,-2.67919301987,-0.189331546426,0
1532135003224676784,54.220896544,carbonZ_2018-07-30-16-39-00_2_engine_failure,engine,5.5,75.977897644,-2.94170117378,258,-5.64580917358,2.71987223625,-12.5203495026,16.7150936127,-2.74320888519,-0.196722120047,0
1532135003282783024,54.279002784,carbonZ_2018-07-30-16-39-00_2_engine_failure,engine,5.5,48.6531257629,-2.67119979858,258,-5.64580917358,2.71987223625,-12.5203495026,16.7033023834,-2.82913613319,-0.201493397355,0
1532135003316018992,54.312238752,carbonZ_2018-07-30-16-39-00_2_engine_failure,engine,5.5,48.6531257629,-2.67119979858,258,-5.64580917358,2.71987223625,-12.5203495026,16.7029285431,-2.87427043915,-0.189406618476,0
1532135003346476368,54.342696128,carbonZ_2018-07-30-16-39-00_2_engine_failure,engine,5.5,26.1451721191,-2.38379120827,258,-5.64580917358,2.71987223625,-12.5203495026,16.7127742767,-2.93096756935,-0.18473033607,0
1532135003391566768,54.387786528,carbonZ_2018-07-30-16-39-00_2_engine_failure,engine,5.5,26.1451721191,-2.38379120827,258,-5.64580917358,2.71987223625,-12.5203495026,16.7127742767,-2.93096756935,-0.18473033607,0
1532135003466437168,54.462656928,carbonZ_2018-07-30-16-39-00_2_engine_failure,engine,5.48999977112,13.0992889404,-2.0879304409,259,-5.64580917358,2.71987223625,-12.5203495026,16.6919612885,-3.01345992088,-0.175671264529,0
1532135003508203216,54.504422976,carbonZ_2018-07-30-16-39-00_2_engine_failure,engine,5.48999977112,13.0992889404,-2.0879304409,259,-5.64580917358,2.71987223625,-12.5203495026,16.6919612885,-3.01345992088,-0.175671264529,0
1532135003553563664,54.549783424,carbonZ_2018-07-30-16-39-00_2_engine_failure,engine,5.48999977112,-3.71532440186,-1.79207003117,259,-5.64580917358,2.71987223625,-12.5203495026,16.6847496033,-3.05177736282,-0.163385823369,0
1532135003610791280,54.60701104,carbonZ_2018-07-30-16-39-00_2_engine_failure,engine,5.48999977112,-3.71532440186,-1.79207003117,259,1.18133974075,3.56781244278,-13.8361320496,16.6808395386,-3.06742620468,-0.126625299454,0
1532135003649518096,54.645737856,carbonZ_2018-07-30-16-39-00_2_engine_failure,engine,5.48000001907,-7.90576934814,-1.49620842934,259,1.18133974075,3.56781244278,-13.8361320496,16.6593418121,-3.09741568565,-0.0762544944882,0
1532135003697980400,54.69420016,carbonZ_2018-07-30-16-39-00_2_engine_failure,engine,5.48000001907,-7.90576934814,-1.49620842934,259,1.18133974075,3.56781244278,-13.8361320496,16.6556072235,-3.1161801815,-0.0342772826552,0
1532135003803346384,54.799566144,carbonZ_2018-07-30-16-39-00_2_engine_failure,engine,5.48000001907,-20.4065322876,-1.19189488888,260,1.18133974075,3.56781244278,-13.8361320496,16.6401081085,-3.15251111984,0.0826008170843,0
1532135003855003920,54.85122368,carbonZ_2018-07-30-16-39-00_2_engine_failure,engine,5.5,-31.0838699341,-0.896034181118,260,1.18133974075,3.56781244278,-13.8361320496,16.6261577606,-3.14306926727,0.17720285058,0
1532135003899542096,54.895761856,carbonZ_2018-07-30-16-39-00_2_engine_failure,engine,5.5,-31.0838699341,-0.896034181118,260,1.18133974075,3.56781244278,-13.8361320496,16.6213493347,-3.13832187653,0.205852910876,0
1532135003951861840,54.9480816,carbonZ_2018-07-30-16-39-00_2_engine_failure,engine,5.51999998093,-32.612991333,-0.600173830986,260,6.49997663498,2.84940028191,-11.4633741379,16.6283092499,-3.11702632904,0.270536571741,0
1532135003992541360,54.98876112,carbonZ_2018-07-30-16-39-00_2_engine_failure,engine,5.51999998093,-32.612991333,-0.600173830986,260,6.49997663498,2.84940028191,-11.4633741379,16.6243343353,-3.08371424675,0.335156649351,0
1532135004052726064,55.048945824,carbonZ_2018-07-30-16-39-00_2_engine_failure,engine,5.55999994278,-39.8775100708,-0.312766641378,261,6.49997663498,2.84940028191,-11.4633741379,16.6221580505,-3.04514312744,0.405327945948,0
1532135004100028944,55.096248704,carbonZ_2018-07-30-16-39-00_2_engine_failure,engine,5.55999994278,-39.8775100708,-0.312766641378,261,6.49997663498,2.84940028191,-11.4633741379,16.62707901,-3.02224111557,0.43679895997,0
1532135004148390288,55.144610048,carbonZ_2018-07-30-16-39-00_2_engine_failure,engine,5.60999965668,-52.1673202515,-0.0338125862181,261,6.49997663498,2.84940028191,-11.4633741379,16.6356544495,-2.97585749626,0.482061833143,0
1532135004208137776,55.204357536,carbonZ_2018-07-30-16-39-00_2_engine_failure,engine,5.60999965668,-52.1673202515,-0.0338125862181,261,6.49997663498,2.84940028191,-11.4633741379,16.6415061951,-2.92643332481,0.498291164637,0
1532135004301809296,55.298029056,carbonZ_2018-07-30-16-39-00_2_engine_failure,engine,5.67000007629,-73.618888855,0.236688107252,261,6.49997663498,2.84940028191,-11.4633741379,16.6757354736,-2.75990915298,0.537323176861,0
1532135004376582544,55.372802304,carbonZ_2018-07-30-16-39-00_2_engine_failure,engine,5.73000001907,-86.5171432495,0.49028223753,262,9.81711864471,2.14620113373,-6.17313051224,16.6949672699,-2.71880412102,0.537562310696,0
1532135004424718160,55.42093792,carbonZ_2018-07-30-16-39-00_2_engine_failure,engine,5.73000001907,-86.5171432495,0.49028223753,262,9.81711864471,2.14620113373,-6.17313051224,16.6999759674,-2.65546989441,0.555555522442,0
1532135004453694064,55.449913824,carbonZ_2018-07-30-16-39-00_2_engine_failure,engine,5.78999996185,-93.0860519409,0.718517065048,262,9.81711864471,2.14620113373,-6.17313051224,16.7048721313,-2.60219454765,0.567953705788,0
1532135004507083504,55.503303264,carbonZ_2018-07-30-16-39-00_2_engine_failure,engine,5.78999996185,-93.0860519409,0.718517065048,262,9.81711864471,2.14620113373,-6.17313051224,16.7156047821,-2.53871774673,0.602228701115,0
1532135004552732208,55.548951968,carbonZ_2018-07-30-16-39-00_2_engine_failure,engine,5.84999990463,-93.2521820068,0.938298344612,262,9.81711864471,2.14620113373,-6.17313051224,16.7253341675,-2.453322649,0.663785040379,0
1532135004600949232,55.597168992,carbonZ_2018-07-30-16-39-00_2_engine_failure,engine,5.84999990463,-93.2521820068,0.938298344612,262,9.81711864471,2.14620113373,-6.17313051224,16.7343788147,-2.37022900581,0.66227132082,0
1532135004631720208,55.627939968,carbonZ_2018-07-30-16-39-00_2_engine_failure,engine,5.84999990463,-93.2521820068,0.938298344612,262,9.81711864471,2.14620113373,-6.17313051224,16.7343788147,-2.37022900581,0.66227132082,0
1532135004672861360,55.66908112,carbonZ_2018-07-30-16-39-00_2_engine_failure,engine,5.92000007629,-116.283035278,1.13272047043,263,9.81711864471,2.14620113373,-6.17313051224,16.7494239807,-2.24123620987,0.578816413879,0
1532135004757565104,55.753784864,carbonZ_2018-07-30-16-39-00_2_engine_failure,engine,5.98000001907,-143.873596191,1.3102363348,263,9.81711864471,2.14620113373,-6.17313051224,16.7798538208,-2.00319123268,0.459980607033,0
1532135004797528144,55.793747904,carbonZ_2018-07-30-16-39-00_2_engine_failure,engine,5.98000001907,-143.873596191,1.3102363348,263,13.4637041092,2.34852981567,-1.88079714775,16.786775589,-1.89959168434,0.428024381399,0
1532135004833237680,55.82945744,carbonZ_2018-07-30-16-39-00_2_engine_failure,engine,5.98000001907,-143.873596191,1.3102363348,263,13.4637041092,2.34852981567,-1.88079714775,16.7831058502,-1.80096554756,0.382400780916,0
1532135004909129168,55.905348928,carbonZ_2018-07-30-16-39-00_2_engine_failure,engine,6.02999973297,-162.482452393,1.45393908024,263,13.4637041092,2.34852981567,-1.88079714775,16.792016983,-1.66193461418,0.328190177679,0
1532135004960132528,55.956352288,carbonZ_2018-07-30-16-39-00_2_engine_failure,engine,6.05999994278,-176.748657227,1.57228279114,264,13.4637041092,2.34852981567,-1.88079714775,16.7942943573,-1.51857316494,0.26145106554,0
1532135004974978704,55.971198464,carbonZ_2018-07-30-16-39-00_2_engine_failure,engine,6.05999994278,-176.748657227,1.57228279114,264,13.4637041092,2.34852981567,-1.88079714775,16.799407959,-1.47977757454,0.245174154639,0
1532135005033593552,56.029813312,carbonZ_2018-07-30-16-39-00_2_engine_failure,engine,6.05999994278,-176.748657227,1.57228279114,264,13.4637041092,2.34852981567,-1.88079714775,16.781332016,-1.33379626274,0.204380556941,0
1532135005080224976,56.076444736,carbonZ_2018-07-30-16-39-00_2_engine_failure,engine,6.08999967575,-183.007629395,1.6652661562,264,13.4637041092,2.34852981567,-1.88079714775,16.7745704651,-1.24147558212,0.183527082205,0
1532135005110710320,56.10693008,carbonZ_2018-07-30-16-39-00_2_engine_failure,engine,6.08999967575,-183.007629395,1.6652661562,264,13.4637041092,2.34852981567,-1.88079714775,16.7611713409,-1.13626909256,0.186551526189,0
1532135005170538736,56.166758496,carbonZ_2018-07-30-16-39-00_2_engine_failure,engine,6.10999965668,-183.682067871,1.73289120197,264,13.4637041092,2.34852981567,-1.88079714775,16.7540531158,-1.02121293545,0.213778734207,0
1532135005232544656,56.228764416,carbonZ_2018-07-30-16-39-00_2_engine_failure,engine,6.10999965668,-183.682067871,1.73289120197,264,13.4637041092,2.34852981567,-1.88079714775,16.7540531158,-1.02121293545,0.213778734207,0
1532135005293511152,56.289730912,carbonZ_2018-07-30-16-39-00_2_engine_failure,engine,6.1299996376,-181.127929688,1.79206323624,264,10.8721103668,3.47897529602,0.888965547085,16.691822052,-0.833708584309,0.296356260777,0
1532135005384236816,56.380456576,carbonZ_2018-07-30-16-39-00_2_engine_failure,engine,6.15999984741,-178.499786377,1.81742179394,265,10.8721103668,3.47897529602,0.888965547085,16.663684845,-0.707172513008,0.357519984245,0
1532135005412358000,56.40857776,carbonZ_2018-07-30-16-39-00_2_engine_failure,engine,6.15999984741,-178.499786377,1.81742179394,265,10.8721103668,3.47897529602,0.888965547085,16.6500740051,-0.668785452843,0.367016792297,0
1532135005465614192,56.461833952,carbonZ_2018-07-30-16-39-00_2_engine_failure,engine,6.19999980927,-174.052246094,1.83432805538,265,10.8721103668,3.47897529602,0.888965547085,16.5987110138,-0.505749106407,0.397389233112,0
1532135005514575888,56.510795648,carbonZ_2018-07-30-16-39-00_2_engine_failure,engine,6.19999980927,-174.052246094,1.83432805538,265,10.8721103668,3.47897529602,0.888965547085,16.5790500641,-0.431013017893,0.408911377192,0
1532135005550247792,56.546467552,carbonZ_2018-07-30-16-39-00_2_engine_failure,engine,6.23999977112,-174.584381104,1.83432686329,265,10.8721103668,3.47897529602,0.888965547085,16.5633964539,-0.364018976688,0.411612957716,0
1532135005603462608,56.599682368,carbonZ_2018-07-30-16-39-00_2_engine_failure,engine,6.23999977112,-174.584381104,1.83432686329,265,10.8721103668,3.47897529602,0.888965547085,16.5445804596,-0.301742732525,0.411767870188,0
1532135005635043216,56.631262976,carbonZ_2018-07-30-16-39-00_2_engine_failure,engine,6.23999977112,-174.584381104,1.83432686329,265,11.3554430008,4.23936033249,2.43211722374,16.5181236267,-0.236692458391,0.402364075184,0
1532135005678943728,56.675163488,carbonZ_2018-07-30-16-39-00_2_engine_failure,engine,6.28999996185,-174.591064453,1.80896759033,265,11.3554430008,4.23936033249,2.43211722374,16.4992198944,-0.168351173401,0.377567350864,0
1532135005780361776,56.776581536,carbonZ_2018-07-30-16-39-00_2_engine_failure,engine,6.32999992371,-177.125930786,1.78360724449,266,11.3554430008,4.23936033249,2.43211722374,16.4569549561,0.01387328282,0.296100527048,0
1532135005849875056,56.846094816,carbonZ_2018-07-30-16-39-00_2_engine_failure,engine,6.34999990463,-179.125793457,1.72443556786,266,11.3554430008,4.23936033249,2.43211722374,16.3821372986,0.169789910316,0.245982989669,0
1532135005909889456,56.906109216,carbonZ_2018-07-30-16-39-00_2_engine_failure,engine,6.34999990463,-179.125793457,1.72443556786,266,9.38150501251,4.79121303558,3.81821703911,16.3535785675,0.241121277213,0.212659880519,0
1532135005934078736,56.930298496,carbonZ_2018-07-30-16-39-00_2_engine_failure,engine,6.34999990463,-179.125793457,1.72443556786,266,9.38150501251,4.79121303558,3.81821703911,16.3535785675,0.241121277213,0.212659880519,0
1532135005952362672,56.948582432,carbonZ_2018-07-30-16-39-00_2_engine_failure,engine,6.3799996376,-170.681945801,1.6652636528,266,9.38150501251,4.79121303558,3.81821703911,16.3490200043,0.263235986233,0.198658272624,0
1532135005997889424,56.994109184,carbonZ_2018-07-30-16-39-00_2_engine_failure,engine,6.3799996376,-170.681945801,1.6652636528,266,9.38150501251,4.79121303558,3.81821703911,16.3305492401,0.312547236681,0.170522257686,0
1532135006054408336,57.050628096,carbonZ_2018-07-30-16-39-00_2_engine_failure,engine,6.38999986649,-159.543792725,1.58918523788,266,9.38150501251,4.79121303558,3.81821703911,16.2892951965,0.395288735628,0.165062502027,0
1532135006095355664,57.091575424,carbonZ_2018-07-30-16-39-00_2_engine_failure,engine,6.38999986649,-159.543792725,1.58918523788,266,9.38150501251,4.79121303558,3.81821703911,16.2683067322,0.443763703108,0.177866756916,0
1532135006173140880,57.16936064,carbonZ_2018-07-30-16-39-00_2_engine_failure,engine,6.39999961853,-137.995910645,1.5131072998,266,9.38150501251,4.79121303558,3.81821703911,16.2387657166,0.519515395164,0.248261868954,0
1532135006210135088,57.206354848,carbonZ_2018-07-30-16-39-00_2_engine_failure,engine,6.39999961853,-137.995910645,1.5131072998,266,9.38150501251,4.79121303558,3.81821703911,16.2242527008,0.540391981602,0.274626195431,0
1532135006268188208,57.264407968,carbonZ_2018-07-30-16-39-00_2_engine_failure,engine,6.42000007629,-113.726806641,1.42012190819,267,9.38150501251,4.79121303558,3.81821703911,16.1717281342,0.637874126434,0.357953429222,0
1532135006308241744,57.304461504,carbonZ_2018-07-30-16-39-00_2_engine_failure,engine,6.42000007629,-113.726806641,1.42012190819,267,9.38150501251,4.79121303558,3.81821703911,16.1587905884,0.667149424553,0.374350547791,0
1532135006356255376,57.352475136,carbonZ_2018-07-30-16-39-00_2_engine_failure,engine,6.44999980927,-94.6598052979,1.31868457794,267,7.35490894318,4.42579698563,7.26965618134,16.128238678,0.745079398155,0.407582730055,0
1532135006428589008,57.424808768,carbonZ_2018-07-30-16-39-00_2_engine_failure,engine,6.44999980927,-94.6598052979,1.31868457794,267,7.35490894318,4.42579698563,7.26965618134,16.0788116455,0.826182365417,0.449947148561,0
1532135006467207024,57.463426784,carbonZ_2018-07-30-16-39-00_2_engine_failure,engine,6.48999977112,-83.5006713867,1.20034110546,267,7.35490894318,4.42579698563,7.26965618134,16.06965065,0.850813150406,0.463925510645,0
1532135006513230224,57.509449984,carbonZ_2018-07-30-16-39-00_2_engine_failure,engine,6.48999977112,-83.5006713867,1.20034110546,267,7.35490894318,4.42579698563,7.26965618134,16.0477905273,0.901024281979,0.467546761036,0
1532135006579311088,57.575530848,carbonZ_2018-07-30-16-39-00_2_engine_failure,engine,6.52999973297,-71.4990615845,1.08199727535,267,7.35490894318,4.42579698563,7.26965618134,16.0266742706,0.968567728996,0.440795481205,0
1532135006612424976,57.608644736,carbonZ_2018-07-30-16-39-00_2_engine_failure,engine,6.52999973297,-71.4990615845,1.08199727535,267,7.35490894318,4.42579698563,7.26965618134,16.0130939484,0.989288389683,0.435843020678,0
1532135006664093040,57.6603128,carbonZ_2018-07-30-16-39-00_2_engine_failure,engine,6.56999969482,-75.3896713257,0.946747660637,267,7.35490894318,4.42579698563,7.26965618134,15.9741353989,1.04275488853,0.389607727528,0
1532135006743327312,57.739547072,carbonZ_2018-07-30-16-39-00_2_engine_failure,engine,6.56999969482,-75.3896713257,0.946747660637,267,7.35490894318,4.42579698563,7.26965618134,15.9415855408,1.11027848721,0.350976318121,0
1532135006780098800,57.77631856,carbonZ_2018-07-30-16-39-00_2_engine_failure,engine,6.59999990463,-75.8155822754,0.758093178272,268,7.35490894318,4.42579698563,7.26965618134,15.933339119,1.13127863407,0.328364640474,0
1532135006839219664,57.835439424,carbonZ_2018-07-30-16-39-00_2_engine_failure,engine,6.59999990463,-75.8155822754,0.758093178272,268,3.41922473907,5.6421880722,7.5292096138,15.8855895996,1.1719083786,0.31391197443,0
1532135006855333744,57.851553504,carbonZ_2018-07-30-16-39-00_2_engine_failure,engine,6.6299996376,-73.3240127563,0.617277920246,268,3.41922473907,5.6421880722,7.5292096138,15.8797254562,1.18070864677,0.305053293705,0
1532135006905198320,57.90141808,carbonZ_2018-07-30-16-39-00_2_engine_failure,engine,6.6299996376,-73.3240127563,0.617277920246,268,3.41922473907,5.6421880722,7.5292096138,15.862244606,1.20622801781,0.292979687452,0
1532135006959105424,57.955325184,carbonZ_2018-07-30-16-39-00_2_engine_failure,engine,6.65999984741,-72.2951889038,0.476462751627,268,3.41922473907,5.6421880722,7.5292096138,15.847530365,1.22337186337,0.25178989768,0
1532135007021072944,58.017292704,carbonZ_2018-07-30-16-39-00_2_engine_failure,engine,6.65999984741,-72.2951889038,0.476462751627,268,3.41922473907,5.6421880722,7.5292096138,15.832201004,1.22440087795,0.197562754154,0
1532135007041374256,58.037594016,carbonZ_2018-07-30-16-39-00_2_engine_failure,engine,6.69000005722,-76.4041900635,0.274788737297,268,3.41922473907,5.6421880722,7.5292096138,15.8144264221,1.23202693462,0.151830226183,0
1532135007106889008,58.103108768,carbonZ_2018-07-30-16-39-00_2_engine_failure,engine,6.69000005722,-76.4041900635,0.274788737297,268,3.41922473907,5.6421880722,7.5292096138,15.7958402634,1.22135233879,0.0793666914105,0
1532135007128296528,58.124516288,carbonZ_2018-07-30-16-39-00_2_engine_failure,engine,6.69000005722,-76.4041900635,0.274788737297,268,3.41922473907,5.6421880722,7.5292096138,15.7881116867,1.219602108,0.0573882907629,0
1532135007149134256,58.145354016,carbonZ_2018-07-30-16-39-00_2_engine_failure,engine,6.69999980927,-79.7676086426,0.137419506907,268,3.41922473907,5.6421880722,7.5292096138,15.7792110443,1.20164966583,0.00951620656997,0
1532135007243583504,58.239803264,carbonZ_2018-07-30-16-39-00_2_engine_failure,engine,6.69999980927,-79.7676086426,0.137419506907,268,3.41922473907,5.6421880722,7.5292096138,15.7384262085,1.16967749596,-0.0590607225895,0
1532135007305359472,58.301579232,carbonZ_2018-07-30-16-39-00_2_engine_failure,engine,6.69999980927,-79.0937423706,-0.399199575186,269,-1.11067152023,7.09961938858,4.92789077759,15.7152519226,1.13150060177,-0.117679230869,0
1532135007372155824,58.368375584,carbonZ_2018-07-30-16-39-00_2_engine_failure,engine,6.69999980927,-78.5559692383,-0.495302557945,269,-1.11067152023,7.09961938858,4.92789077759,15.6923360825,1.0768340826,-0.167640537024,0
1532135007415781232,58.412000992,carbonZ_2018-07-30-16-39-00_2_engine_failure,engine,6.69999980927,-78.5559692383,-0.495302557945,269,-1.11067152023,7.09961938858,4.92789077759,15.6606817245,1.05081319809,-0.179358422756,0
1532135007465028464,58.461248224,carbonZ_2018-07-30-16-39-00_2_engine_failure,engine,6.67999982834,-71.6771087646,-0.815390646458,269,-1.11067152023,7.09961938858,4.92789077759,15.638633728,1.01452875137,-0.190041780472,0
1532135007492673200,58.48889296,carbonZ_2018-07-30-16-39-00_2_engine_failure,engine,6.67999982834,-71.6771087646,-0.815390646458,269,-1.11067152023,7.09961938858,4.92789077759,15.6099910736,0.96043163538,-0.201491847634,0
1532135007571671824,58.567891584,carbonZ_2018-07-30-16-39-00_2_engine_failure,engine,6.67000007629,-69.0356292725,-0.871956825256,269,-1.11067152023,7.09961938858,4.92789077759,15.591255188,0.905066847801,-0.210130408406,0
1532135007625781968,58.622001728,carbonZ_2018-07-30-16-39-00_2_engine_failure,engine,6.67000007629,-69.0356292725,-0.871956825256,269,-1.11067152023,7.09961938858,4.92789077759,15.5647926331,0.867940545082,-0.208959832788,0
1532135007657384240,58.653604,carbonZ_2018-07-30-16-39-00_2_engine_failure,engine,6.64999961853,-67.0767822266,-0.920405685902,270,-4.29590797424,7.54067230225,2.65026187897,15.5389537811,0.816545307636,-0.212490752339,0
1532135007713195536,58.709415296,carbonZ_2018-07-30-16-39-00_2_engine_failure,engine,6.64999961853,-67.0767822266,-0.920405685902,270,-4.29590797424,7.54067230225,2.65026187897,15.5125541687,0.75371837616,-0.200290307403,0
1532135007769503376,58.765723136,carbonZ_2018-07-30-16-39-00_2_engine_failure,engine,6.6299996376,-68.6432800293,-1.97764742374,270,-4.29590797424,7.54067230225,2.65026187897,15.4988737106,0.692524790764,-0.179923951626,0
1532135007797939120,58.79415888,carbonZ_2018-07-30-16-39-00_2_engine_failure,engine,6.6299996376,-68.6432800293,-1.97764742374,270,-4.29590797424,7.54067230225,2.65026187897,15.4803285599,0.638074934483,-0.170366853476,0
1532135007877266448,58.873486208,carbonZ_2018-07-30-16-39-00_2_engine_failure,engine,6.61999988556,-67.094039917,-1.93701696396,270,-4.29590797424,7.54067230225,2.65026187897,15.4451808929,0.560902774334,-0.155634135008,0
1532135007900786864,58.897006624,carbonZ_2018-07-30-16-39-00_2_engine_failure,engine,6.61999988556,-67.094039917,-1.93701696396,270,-4.29590797424,7.54067230225,2.65026187897,15.436255455,0.541783571243,-0.145474985242,0
1532135007969767280,58.96598704,carbonZ_2018-07-30-16-39-00_2_engine_failure,engine,6.60999965668,-63.6531829834,-2.92320489883,271,-4.29590797424,7.54067230225,2.65026187897,15.3974952698,0.397508263588,-0.141259744763,0
1532135008031512496,59.027732256,carbonZ_2018-07-30-16-39-00_2_engine_failure,engine,6.60999965668,-63.6531829834,-2.92320489883,271,-4.29590797424,7.54067230225,2.65026187897,15.3652334213,0.315712094307,-0.117983587086,0
1532135008060273968,59.056493728,carbonZ_2018-07-30-16-39-00_2_engine_failure,engine,6.59999990463,-63.6877059937,-2.78883314133,271,-5.18403577805,7.47409915924,-0.28137871623,15.3652334213,0.315712094307,-0.117983587086,0
1532135008121387568,59.117607328,carbonZ_2018-07-30-16-39-00_2_engine_failure,engine,6.59999990463,-63.6877059937,-2.78883314133,271,-5.18403577805,7.47409915924,-0.28137871623,15.3444509506,0.231717482209,-0.100131064653,0
1532135008175211760,59.17143152,carbonZ_2018-07-30-16-39-00_2_engine_failure,engine,6.59999990463,-60.901260376,-2.63894987106,271,-5.18403577805,7.47409915924,-0.28137871623,15.3317565918,0.148648634553,-0.0742998272181,0
1532135008222239216,59.218458976,carbonZ_2018-07-30-16-39-00_2_engine_failure,engine,6.59999990463,-60.901260376,-2.63894987106,271,-5.18403577805,7.47409915924,-0.28137871623,15.3026304245,0.0846093520522,-0.0523222610354,0
1532135008302265584,59.298485344,carbonZ_2018-07-30-16-39-00_2_engine_failure,engine,6.58999967575,-58.7284088135,-4.4710483551,272,-5.18403577805,7.47409915924,-0.28137871623,15.2722167969,-0.0214771945029,0.010363698937,0
1532135008359679344,59.355899104,carbonZ_2018-07-30-16-39-00_2_engine_failure,engine,6.59999990463,-52.756690979,-4.16668558121,272,-5.18403577805,7.47409915924,-0.28137871623,15.2564344406,-0.0943265333772,0.0518894046545,0
1532135008415347984,59.411567744,carbonZ_2018-07-30-16-39-00_2_engine_failure,engine,6.59999990463,-52.756690979,-4.16668558121,272,-4.80640602112,7.1186208725,-1.84161448479,15.2321224213,-0.162303373218,0.100835442543,0
1532135008453995472,59.450215232,carbonZ_2018-07-30-16-39-00_2_engine_failure,engine,6.61999988556,-49.9139785767,-5.48560619354,273,-4.80640602112,7.1186208725,-1.84161448479,15.2180461884,-0.205426365137,0.129881560802,0
1532135008496370128,59.492589888,carbonZ_2018-07-30-16-39-00_2_engine_failure,engine,6.61999988556,-49.9139785767,-5.48560619354,273,-4.80640602112,7.1186208725,-1.84161448479,15.2002592087,-0.269940525293,0.16502328217,0
1532135008589420752,59.585640512,carbonZ_2018-07-30-16-39-00_2_engine_failure,engine,6.63999986649,-47.5509643555,-5.07454776764,273,-4.80640602112,7.1186208725,-1.84161448479,15.1807765961,-0.33298382163,0.222738042474,0
1532135008666516240,59.662736,carbonZ_2018-07-30-16-39-00_2_engine_failure,engine,6.67999982834,-46.1484909058,-4.64425945282,274,-4.80640602112,7.1186208725,-1.84161448479,15.1558389664,-0.378941684961,0.242430150509,0
1532135008692912400,59.68913216,carbonZ_2018-07-30-16-39-00_2_engine_failure,engine,6.67999982834,-46.1484909058,-4.64425945282,274,-4.80640602112,7.1186208725,-1.84161448479,15.1454944611,-0.397545546293,0.258609384298,0
1532135008758015664,59.754235424,carbonZ_2018-07-30-16-39-00_2_engine_failure,engine,6.71999979019,-51.7473220825,-6.78814315796,274,-0.356808751822,6.93729019165,-3.30362248421,15.1388187408,-0.429153710604,0.265039682388,0
1532135008828568624,59.824788384,carbonZ_2018-07-30-16-39-00_2_engine_failure,engine,6.71999979019,-51.7473220825,-6.78814315796,274,-0.356808751822,6.93729019165,-3.30362248421,15.1193199158,-0.456765085459,0.286361783743,0
1532135008877421008,59.873640768,carbonZ_2018-07-30-16-39-00_2_engine_failure,engine,6.75,-50.5838394165,-6.2134103775,275,-0.356808751822,6.93729019165,-3.30362248421,15.1044492722,-0.482836455107,0.306951493025,0
1532135008896148048,59.892367808,carbonZ_2018-07-30-16-39-00_2_engine_failure,engine,6.75,-50.5838394165,-6.2134103775,275,-0.356808751822,6.93729019165,-3.30362248421,15.1025981903,-0.484965890646,0.317362755537,0
1532135008951152912,59.947372672,carbonZ_2018-07-30-16-39-00_2_engine_failure,engine,6.7999997139,-56.5799713135,-7.41724729538,275,-0.356808751822,6.93729019165,-3.30362248421,15.1001119614,-0.50271987915,0.326344490051,0
1532135008999549616,59.995769376,carbonZ_2018-07-30-16-39-00_2_engine_failure,engine,6.7999997139,-56.5799713135,-7.41724729538,275,-0.356808751822,6.93729019165,-3.30362248421,15.0922355652,-0.516879677773,0.326617538929,0
1532135009045805744,60.042025504,carbonZ_2018-07-30-16-39-00_2_engine_failure,engine,6.83999967575,-56.2528610229,-6.76025295258,276,-0.356808751822,6.93729019165,-3.30362248421,15.0798196793,-0.5282330513,0.354733943939,0
1532135009144718320,60.14093808,carbonZ_2018-07-30-16-39-00_2_engine_failure,engine,6.83999967575,-56.2528610229,-6.76025295258,276,3.79449057579,6.78473377228,-4.82472801208,15.0881977081,-0.544965207577,0.369779676199,0
1532135009181088112,60.177307872,carbonZ_2018-07-30-16-39-00_2_engine_failure,engine,6.88999986649,-58.6231231689,-6.08900403976,276,3.79449057579,6.78473377228,-4.82472801208,15.1028528214,-0.543137133121,0.38222643733,0
1532135009207392976,60.203612736,carbonZ_2018-07-30-16-39-00_2_engine_failure,engine,6.88999986649,-58.6231231689,-6.08900403976,276,3.79449057579,6.78473377228,-4.82472801208,15.094461441,-0.545900046825,0.377319991589,0
1532135009274097488,60.270317248,carbonZ_2018-07-30-16-39-00_2_engine_failure,engine,6.94999980927,-58.2593917847,-6.25267887115,277,3.79449057579,6.78473377228,-4.82472801208,15.0991268158,-0.530437529087,0.394423604012,0
1532135009285601136,60.281820896,carbonZ_2018-07-30-16-39-00_2_engine_failure,engine,6.94999980927,-58.2593917847,-6.25267887115,277,3.79449057579,6.78473377228,-4.82472801208,15.0991268158,-0.530437529087,0.394423604012,0
1532135009387968944,60.384188704,carbonZ_2018-07-30-16-39-00_2_engine_failure,engine,7.0,-66.1400756836,-5.54396820068,277,3.79449057579,6.78473377228,-4.82472801208,15.1114969254,-0.471811234951,0.418957382441,0
1532135009403664208,60.399883968,carbonZ_2018-07-30-16-39-00_2_engine_failure,engine,7.0,-66.1400756836,-5.54396820068,277,3.79449057579,6.78473377228,-4.82472801208,15.1083440781,-0.453838765621,0.436081141233,0
1532135009482109200,60.47832896,carbonZ_2018-07-30-16-39-00_2_engine_failure,engine,7.0499997139,-71.7648468018,-7.34619808197,278,3.79449057579,6.78473377228,-4.82472801208,15.1091098785,-0.383609324694,0.485241562128,0
1532135009506499280,60.50271904,carbonZ_2018-07-30-16-39-00_2_engine_failure,engine,7.0499997139,-71.7648468018,-7.34619808197,278,10.8902130127,5.63347291946,-3.225710392,15.1110229492,-0.368185192347,0.485597223043,0
1532135009559879728,60.556099488,carbonZ_2018-07-30-16-39-00_2_engine_failure,engine,7.10999965668,-78.1622924805,-6.51560640335,278,10.8902130127,5.63347291946,-3.225710392,15.1409358978,-0.273271083832,0.556586265564,0
1532135009626412816,60.622632576,carbonZ_2018-07-30-16-39-00_2_engine_failure,engine,7.10999965668,-78.1622924805,-6.51560640335,278,10.8902130127,5.63347291946,-3.225710392,15.1424999237,-0.203646272421,0.601043105125,0
1532135009676610896,60.672830656,carbonZ_2018-07-30-16-39-00_2_engine_failure,engine,7.17999982834,-78.1397857666,-5.70618963242,279,10.8902130127,5.63347291946,-3.225710392,15.1541070938,-0.0965439602733,0.645369291306,0
1532135009699502448,60.695722208,carbonZ_2018-07-30-16-39-00_2_engine_failure,engine,7.17999982834,-78.1397857666,-5.70618963242,279,10.8902130127,5.63347291946,-3.225710392,15.1606426239,-0.0510042645037,0.661495745182,0
1532135009777143152,60.773362912,carbonZ_2018-07-30-16-39-00_2_engine_failure,engine,7.25999975204,-72.0669708252,-5.72295618057,279,10.8902130127,5.63347291946,-3.225710392,15.1917762756,0.127413779497,0.706066548824,0
1532135009855651632,60.851871392,carbonZ_2018-07-30-16-39-00_2_engine_failure,engine,7.34999990463,-84.0406417847,-4.90555334091,280,10.8902130127,5.63347291946,-3.225710392,15.2095136642,0.458176404238,0.796488165855,0
1532135009929736048,60.925955808,carbonZ_2018-07-30-16-39-00_2_engine_failure,engine,7.34999990463,-84.0406417847,-4.90555334091,280,22.8623180389,4.24652433395,1.80962491035,15.2095136642,0.458176404238,0.796488165855,0
1532135009994388208,60.990607968,carbonZ_2018-07-30-16-39-00_2_engine_failure,engine,7.44999980927,-83.5796356201,-7.48387718201,280,22.8623180389,4.24652433395,1.80962491035,15.2395620346,0.704942047596,0.889894127846,0
1532135010024783184,61.021002944,carbonZ_2018-07-30-16-39-00_2_engine_failure,engine,7.44999980927,-83.5796356201,-7.48387718201,280,22.8623180389,4.24652433395,1.80962491035,15.2326097488,0.838138520718,0.927189052105,0
1532135010051614864,61.047834624,carbonZ_2018-07-30-16-39-00_2_engine_failure,engine,7.55999994278,-97.4025726318,-6.56086874008,281,22.8623180389,4.24652433395,1.80962491035,15.2329072952,0.913750469685,0.956831455231,0
1532135010101810992,61.098030752,carbonZ_2018-07-30-16-39-00_2_engine_failure,engine,7.55999994278,-97.4025726318,-6.56086874008,281,22.8623180389,4.24652433395,1.80962491035,15.2401542664,1.12863922119,1.03307557106,0
1532135010178916304,61.175136064,carbonZ_2018-07-30-16-39-00_2_engine_failure,engine,7.67999982834,-94.8637008667,-6.52684211731,281,27.7347774506,3.5675368309,5.76929283142,15.2569513321,1.4340544939,1.1600869894,0
1532135010196010288,61.192230048,carbonZ_2018-07-30-16-39-00_2_engine_failure,engine,7.67999982834,-94.8637008667,-6.52684211731,281,27.7347774506,3.5675368309,5.76929283142,15.2500934601,1.51754426956,1.17661726475,0
1532135010266448688,61.262668448,carbonZ_2018-07-30-16-39-00_2_engine_failure,engine,7.81999969482,-90.7459259033,-5.62399101257,282,27.7347774506,3.5675368309,5.76929283142,15.2372150421,1.85780715942,1.302120924,0
1532135010316407696,61.312627456,carbonZ_2018-07-30-16-39-00_2_engine_failure,engine,7.81999969482,-90.7459259033,-5.62399101257,282,27.7347774506,3.5675368309,5.76929283142,15.2396125793,1.94571042061,1.34715628624,0
1532135010441441328,61.437661088,carbonZ_2018-07-30-16-39-00_2_engine_failure,engine,7.98000001907,-87.9592895508,-4.73687124252,282,27.7347774506,3.5675368309,5.76929283142,15.2127275467,2.49370193481,1.55364525318,0
1532135010474983792,61.471203552,carbonZ_2018-07-30-16-39-00_2_engine_failure,engine,8.14999961853,-84.5197677612,-6.47658443451,282,33.6463661194,2.9689283371,11.7870101929,15.186914444,2.79467964172,1.65195059776,0
1532135010495711600,61.49193136,carbonZ_2018-07-30-16-39-00_2_engine_failure,engine,8.14999961853,-84.5197677612,-6.47658443451,282,33.6463661194,2.9689283371,11.7870101929,15.1663856506,3.00074577332,1.70933353901,0
1532135010551425232,61.547644992,carbonZ_2018-07-30-16-39-00_2_engine_failure,engine,8.34000015259,-80.1052093506,-5.54128551483,283,33.6463661194,2.9689283371,11.7870101929,15.1589632034,3.1951315403,1.78917837143,0
1532135010596226352,61.592446112,carbonZ_2018-07-30-16-39-00_2_engine_failure,engine,8.34000015259,-80.1052093506,-5.54128551483,283,33.6463661194,2.9689283371,11.7870101929,15.133140564,3.3849670887,1.88024461269,0
1532135010674285584,61.670505344,carbonZ_2018-07-30-16-39-00_2_engine_failure,engine,8.55000019073,-56.7781448364,-6.47917604446,283,33.6463661194,2.9689283371,11.7870101929,15.0807504654,3.77916479111,2.03974699974,0
1532135010748508240,61.744728,carbonZ_2018-07-30-16-39-00_2_engine_failure,engine,8.78999996185,-26.4616012573,-5.53600120544,283,33.6463661194,2.9689283371,11.7870101929,15.0618314743,4.07045984268,2.16583895683,0
1532135010783877104,61.780096864,carbonZ_2018-07-30-16-39-00_2_engine_failure,engine,8.78999996185,-26.4616012573,-5.53600120544,283,37.2790107727,2.2876932621,19.0182323456,15.0475158691,4.27758264542,2.22509264946,0
1532135010807926896,61.804146656,carbonZ_2018-07-30-16-39-00_2_engine_failure,engine,8.78999996185,-26.4616012573,-5.53600120544,283,37.2790107727,2.2876932621,19.0182323456,15.0192813873,4.38557863235,2.2372174263,0
1532135010855713136,61.851932896,carbonZ_2018-07-30-16-39-00_2_engine_failure,engine,9.05000019073,-14.2282485962,-4.65376234055,283,37.2790107727,2.2876932621,19.0182323456,14.971321106,4.72608232498,2.3161175251,0
1532135010914899280,61.91111904,carbonZ_2018-07-30-16-39-00_2_engine_failure,engine,9.05000019073,-14.2282485962,-4.65376234055,283,37.2790107727,2.2876932621,19.0182323456,14.924036026,5.07820749283,2.36158037186,0
1532135010978287792,61.974507552,carbonZ_2018-07-30-16-39-00_2_engine_failure,engine,9.31999969482,-18.7446594238,-4.64297485352,283,37.2790107727,2.2876932621,19.0182323456,14.8787212372,5.43390369415,2.4195253849,0
1532135011020180976,62.016400736,carbonZ_2018-07-30-16-39-00_2_engine_failure,engine,9.31999969482,-18.7446594238,-4.64297485352,283,37.2790107727,2.2876932621,19.0182323456,14.8161296844,5.69459104538,2.41845154762,0
1532135011054112112,62.050331872,carbonZ_2018-07-30-16-39-00_2_engine_failure,engine,9.59000015259,-9.3921661377,-3.80098414421,283,37.2790107727,2.2876932621,19.0182323456,14.80331707,5.81671619415,2.4501490593,0
1532135011109131664,62.105351424,carbonZ_2018-07-30-16-39-00_2_engine_failure,engine,9.59000015259,-9.3921661377,-3.80098414421,283,37.2790107727,2.2876932621,19.0182323456,14.7209129333,6.20336008072,2.47231984138,0
1532135011184335408,62.180555168,carbonZ_2018-07-30-16-39-00_2_engine_failure,engine,9.86999988556,2.84414291382,-5.5747833252,283,37.2790107727,2.2876932621,19.0182323456,14.6039066315,6.70983934402,2.50363349915,0
1532135011202098192,62.198317952,carbonZ_2018-07-30-16-39-00_2_engine_failure,engine,9.86999988556,2.84414291382,-5.5747833252,283,36.5854721069,-0.109364025295,32.0049133301,14.6039066315,6.70983934402,2.50363349915,0
1532135011270865488,62.267085248,carbonZ_2018-07-30-16-39-00_2_engine_failure,engine,10.1599998474,2.02188491821,-4.69079494476,283,36.5854721069,-0.109364025295,32.0049133301,14.441069603,7.23863744736,2.4959590435,0
1532135011296992816,62.293212576,carbonZ_2018-07-30-16-39-00_2_engine_failure,engine,10.1599998474,2.02188491821,-4.69079494476,283,36.5854721069,-0.109364025295,32.0049133301,14.35501194,7.52738285065,2.48533296585,0
1532135011354886864,62.351106624,carbonZ_2018-07-30-16-39-00_2_engine_failure,engine,10.4499998093,15.5592918396,-3.842918396,283,36.5854721069,-0.109364025295,32.0049133301,14.2335596085,7.92581319809,2.482016325,0
1532135011430968304,62.427188064,carbonZ_2018-07-30-16-39-00_2_engine_failure,engine,10.4499998093,15.5592918396,-3.842918396,283,36.5854721069,-0.109364025295,32.0049133301,13.9108047485,8.66131496429,2.38819146156,0
1532135011469830576,62.466050336,carbonZ_2018-07-30-16-39-00_2_engine_failure,engine,10.7399997711,4.06446456909,-4.78811836243,283,36.5854721069,-0.109364025295,32.0049133301,13.9108047485,8.66131496429,2.38819146156,0
1532135011505635888,62.501855648,carbonZ_2018-07-30-16-39-00_2_engine_failure,engine,10.7399997711,4.06446456909,-4.78811836243,283,36.5854721069,-0.109364025295,32.0049133301,13.7684345245,8.9462852478,2.32521986961,0
1532135011570228176,62.566447936,carbonZ_2018-07-30-16-39-00_2_engine_failure,engine,11.0199995041,-10.5716705322,-3.95594286919,283,36.5854721069,-0.109364025295,32.0049133301,13.4325819016,9.59077262878,2.14220237732,0
1532135011603851696,62.600071456,carbonZ_2018-07-30-16-39-00_2_engine_failure,engine,11.0199995041,-10.5716705322,-3.95594286919,283,36.5854721069,-0.109364025295,32.0049133301,13.2309761047,9.90679073334,2.02154946327,0
1532135011675196336,62.671416096,carbonZ_2018-07-30-16-39-00_2_engine_failure,engine,11.279999733,-41.0472869873,-5.83414459229,282,36.9767913818,1.92700850964,47.7267112732,12.8869485855,10.4086151123,1.81336069107,0
1532135011722320080,62.71853984,carbonZ_2018-07-30-16-39-00_2_engine_failure,engine,11.279999733,-41.0472869873,-5.83414459229,282,36.9767913818,1.92700850964,47.7267112732,12.6468648911,10.7150344849,1.66191077232,0
1532135011752195152,62.748414912,carbonZ_2018-07-30-16-39-00_2_engine_failure,engine,11.5,-65.9112930298,-5.01894235611,282,36.9767913818,1.92700850964,47.7267112732,12.4135360718,11.0108995438,1.52204799652,0
1532135011805858928,62.802078688,carbonZ_2018-07-30-16-39-00_2_engine_failure,engine,11.5,-65.9112930298,-5.01894235611,282,36.9767913818,1.92700850964,47.7267112732,12.1408443451,11.317612648,1.35499727726,0
1532135011854253808,62.850473568,carbonZ_2018-07-30-16-39-00_2_engine_failure,engine,11.6799993515,-91.6152954102,-4.31042432785,281,36.9767913818,1.92700850964,47.7267112732,11.698472023,11.7395763397,1.08979153633,0
1532135011934604368,62.930824128,carbonZ_2018-07-30-16-39-00_2_engine_failure,engine,11.8199996948,-115.679168701,-4.45997047424,281,36.9767913818,1.92700850964,47.7267112732,11.1074838638,12.2601709366,0.756012737751,0
1532135011958551792,62.954771552,carbonZ_2018-07-30-16-39-00_2_engine_failure,engine,11.8199996948,-115.679168701,-4.45997047424,281,36.9767913818,1.92700850964,47.7267112732,10.8109064102,12.4906511307,0.605172216892,0
1532135012008743632,63.004963392,carbonZ_2018-07-30-16-39-00_2_engine_failure,engine,11.8199996948,-115.679168701,-4.45997047424,281,36.9767913818,1.92700850964,47.7267112732,10.6538858414,12.5929250717,0.523691475391,0
1532135012060344720,63.05656448,carbonZ_2018-07-30-16-39-00_2_engine_failure,engine,11.9099998474,-119.598388672,-3.87924981117,280,36.457195282,8.82707977295,61.5737609863,10.348487854,12.7910718918,0.381300359964,0
1532135012093325296,63.089545056,carbonZ_2018-07-30-16-39-00_2_engine_failure,engine,11.9099998474,-119.598388672,-3.87924981117,280,36.457195282,8.82707977295,61.5737609863,9.70519256592,13.1532087326,0.0703441500664,0
1532135012173160112,63.169379872,carbonZ_2018-07-30-16-39-00_2_engine_failure,engine,11.9699993134,-130.506317139,-6.24163675308,279,36.457195282,8.82707977295,61.5737609863,9.22117137909,13.3968830109,-0.17088778317,0
1532135012201645840,63.1978656,carbonZ_2018-07-30-16-39-00_2_engine_failure,engine,11.9699993134,-130.506317139,-6.24163675308,279,36.457195282,8.82707977295,61.5737609863,9.22117137909,13.3968830109,-0.17088778317,0
1532135012269179248,63.265399008,carbonZ_2018-07-30-16-39-00_2_engine_failure,engine,11.9899997711,-141.617584229,-5.66965913773,278,36.457195282,8.82707977295,61.5737609863,8.54641819,13.6556100845,-0.446495890617,0
1532135012317556528,63.313776288,carbonZ_2018-07-30-16-39-00_2_engine_failure,engine,11.9899997711,-141.617584229,-5.66965913773,278,36.457195282,8.82707977295,61.5737609863,8.08399105072,13.8098993301,-0.623279988766,0
1532135012356812976,63.353032736,carbonZ_2018-07-30-16-39-00_2_engine_failure,engine,11.9799995422,-141.668319702,-5.14619636536,277,36.457195282,8.82707977295,61.5737609863,7.80211305618,13.887348175,-0.715455472469,0
1532135012432598928,63.428818688,carbonZ_2018-07-30-16-39-00_2_engine_failure,engine,11.9799995422,-141.668319702,-5.14619636536,277,36.457195282,8.82707977295,61.5737609863,7.19361114502,14.0141458511,-0.894332706928,0
1532135012503904080,63.50012384,carbonZ_2018-07-30-16-39-00_2_engine_failure,engine,11.9299993515,-141.156005859,-5.29790735245,276,32.7394447327,13.9606733322,74.0539169312,6.72860050201,14.0845489502,-1.05675041676,0
1532135012555763728,63.551983488,carbonZ_2018-07-30-16-39-00_2_engine_failure,engine,11.8499994278,-139.961624146,-4.90653848648,275,32.7394447327,13.9606733322,74.0539169312,6.27739620209,14.1461772919,-1.21025979519,0
1532135012594595056,63.590814816,carbonZ_2018-07-30-16-39-00_2_engine_failure,engine,11.8499994278,-139.961624146,-4.90653848648,275,32.7394447327,13.9606733322,74.0539169312,5.9836730957,14.1809482574,-1.30614101887,0
1532135012663138448,63.659358208,carbonZ_2018-07-30-16-39-00_2_engine_failure,engine,11.7399997711,-138.026611328,-6.29360818863,274,32.7394447327,13.9606733322,74.0539169312,5.52262687683,14.1933021545,-1.4682033062,0
1532135012728997616,63.725217376,carbonZ_2018-07-30-16-39-00_2_engine_failure,engine,11.5999994278,-140.215591431,-5.94059610367,273,32.7394447327,13.9606733322,74.0539169312,4.68364191055,14.1864614487,-1.72291994095,0
1532135012823831440,63.8200512,carbonZ_2018-07-30-16-39-00_2_engine_failure,engine,11.5999994278,-140.215591431,-5.94059610367,273,32.7394447327,13.9606733322,74.0539169312,4.42650699615,14.1583366394,-1.78008913994,0
1532135012860277616,63.856497376,carbonZ_2018-07-30-16-39-00_2_engine_failure,engine,11.4299993515,-132.799057007,-5.65350532532,272,32.6532287598,17.3780460358,82.3266296387,4.16880559921,14.1104030609,-1.83923888206,0
1532135012891316784,63.887536544,carbonZ_2018-07-30-16-39-00_2_engine_failure,engine,11.4299993515,-132.799057007,-5.65350532532,272,32.6532287598,17.3780460358,82.3266296387,3.91448163986,14.0890884399,-1.89106202126,0
1532135013029838256,64.026058016,carbonZ_2018-07-30-16-39-00_2_engine_failure,engine,11.2399997711,-120.334533691,-5.67354249954,271,32.6532287598,17.3780460358,82.3266296387,3.22006464005,13.9789438248,-2.04372692108,0
1532135013064859568,64.061079328,carbonZ_2018-07-30-16-39-00_2_engine_failure,engine,11.0399999619,-110.535430908,-5.48109912872,270,32.6532287598,17.3780460358,82.3266296387,2.96797823906,13.9300746918,-2.10243964195,0
1532135013105922384,64.102142144,carbonZ_2018-07-30-16-39-00_2_engine_failure,engine,11.0399999619,-110.535430908,-5.48109912872,270,32.6532287598,17.3780460358,82.3266296387,2.76544189453,13.8974542618,-2.14087343216,0
1532135013181308240,64.177528,carbonZ_2018-07-30-16-39-00_2_engine_failure,engine,10.8199996948,-91.3358688354,-5.33262109756,269,32.6532287598,17.3780460358,82.3266296387,2.33503055573,13.8126621246,-2.23880910873,0
1532135013203302320,64.19952208,carbonZ_2018-07-30-16-39-00_2_engine_failure,engine,10.8199996948,-91.3358688354,-5.33262109756,269,27.6176357269,17.1061210632,90.4915008545,2.11335849762,13.7471380234,-2.28758740425,0
1532135013253912016,64.250131776,carbonZ_2018-07-30-16-39-00_2_engine_failure,engine,10.5900001526,-69.9739456177,-5.65428352356,268,27.6176357269,17.1061210632,90.4915008545,1.93147015572,13.6762418747,-2.3170170784,0
1532135013305933648,64.302153408,carbonZ_2018-07-30-16-39-00_2_engine_failure,engine,10.5900001526,-69.9739456177,-5.65428352356,268,27.6176357269,17.1061210632,90.4915008545,1.73169314861,13.6138858795,-2.3663790226,0
1532135013375085360,64.37130512,carbonZ_2018-07-30-16-39-00_2_engine_failure,engine,10.3400001526,-50.8632659912,-5.64076423645,267,27.6176357269,17.1061210632,90.4915008545,1.38298094273,13.4872093201,-2.45127630234,0
1532135013425203056,64.421422816,carbonZ_2018-07-30-16-39-00_2_engine_failure,engine,10.3400001526,-50.8632659912,-5.64076423645,267,27.6176357269,17.1061210632,90.4915008545,1.23506546021,13.4132652283,-2.47461342812,0
1532135013467799120,64.46401888,carbonZ_2018-07-30-16-39-00_2_engine_failure,engine,10.0799999237,-22.6871490479,-5.59638547897,266,27.6176357269,17.1061210632,90.4915008545,0.926785767078,13.270778656,-2.53309011459,0
1532135013509599344,64.505819104,carbonZ_2018-07-30-16-39-00_2_engine_failure,engine,10.0799999237,-22.6871490479,-5.59638547897,266,27.6176357269,17.1061210632,90.4915008545,0.926785767078,13.270778656,-2.53309011459,0
1532135013576769104,64.572988864,carbonZ_2018-07-30-16-39-00_2_engine_failure,engine,9.81999969482,6.56147003174,-5.57426977158,265,27.6176357269,17.1061210632,90.4915008545,0.648336410522,13.1317567825,-2.60017728806,0
1532135013604668016,64.600887776,carbonZ_2018-07-30-16-39-00_2_engine_failure,engine,9.81999969482,6.56147003174,-5.57426977158,265,27.6176357269,17.1061210632,90.4915008545,0.57885748148,13.0770196915,-2.62398672104,0
1532135013674992592,64.671212352,carbonZ_2018-07-30-16-39-00_2_engine_failure,engine,9.52999973297,34.6917152405,-5.58820581436,263,19.1322689056,18.0999660492,97.605140686,0.395741969347,12.9516830444,-2.68786144257,0
1532135013699282544,64.695502304,carbonZ_2018-07-30-16-39-00_2_engine_failure,engine,9.52999973297,34.6917152405,-5.58820581436,263,19.1322689056,18.0999660492,97.605140686,0.305705934763,12.8758077621,-2.71495890617,0
1532135013754508016,64.750727776,carbonZ_2018-07-30-16-39-00_2_engine_failure,engine,9.22999954224,64.3350601196,-5.62160158157,262,19.1322689056,18.0999660492,97.605140686,0.158016458154,12.7680921555,-2.77592968941,0
1532135013804095952,64.800315712,carbonZ_2018-07-30-16-39-00_2_engine_failure,engine,9.22999954224,64.3350601196,-5.62160158157,262,19.1322689056,18.0999660492,97.605140686,0.085798792541,12.7079372406,-2.79969453812,0
1532135013873055536,64.869275296,carbonZ_2018-07-30-16-39-00_2_engine_failure,engine,8.9299993515,102.574829102,-5.66612911224,261,19.1322689056,18.0999660492,97.605140686,-0.0371344611049,12.5611104965,-2.84982728958,0
1532135013905536336,64.901756096,carbonZ_2018-07-30-16-39-00_2_engine_failure,engine,8.9299993515,102.574829102,-5.66612911224,261,19.1322689056,18.0999660492,97.605140686,-0.0674964562058,12.5249986649,-2.85896253586,0
1532135013997101232,64.993320992,carbonZ_2018-07-30-16-39-00_2_engine_failure,engine,8.60999965668,141.854385376,-5.72178888321,260,19.1322689056,18.0999660492,97.605140686,-0.160346597433,12.3927793503,-2.84233808517,0
1532135014059702448,65.055922208,carbonZ_2018-07-30-16-39-00_2_engine_failure,engine,8.30000019073,194.853210449,-5.77744817734,259,9.52611732483,17.346206665,100.670448303,-0.187447428703,12.3500337601,-2.78764438629,0
1532135014119473392,65.115693152,carbonZ_2018-07-30-16-39-00_2_engine_failure,engine,8.30000019073,194.853210449,-5.77744817734,259,9.52611732483,17.346206665,100.670448303,-0.23431161046,12.2767744064,-2.68365883827,0
1532135014139404400,65.13562416,carbonZ_2018-07-30-16-39-00_2_engine_failure,engine,8.30000019073,194.853210449,-5.77744817734,259,9.52611732483,17.346206665,100.670448303,-0.245998173952,12.2765703201,-2.64012122154,0
1532135014174695568,65.170915328,carbonZ_2018-07-30-16-39-00_2_engine_failure,engine,8.0,261.122314453,-5.83310747147,258,9.52611732483,17.346206665,100.670448303,-0.273879170418,12.2652893066,-2.57881975174,0
1532135014236274576,65.232494336,carbonZ_2018-07-30-16-39-00_2_engine_failure,engine,8.0,261.122314453,-5.83310747147,258,9.52611732483,17.346206665,100.670448303,-0.270157903433,12.2305850983,-2.46172499657,0
1532135014278321744,65.274541504,carbonZ_2018-07-30-16-39-00_2_engine_failure,engine,7.71999979019,331.780517578,-5.88876676559,257,9.52611732483,17.346206665,100.670448303,-0.273613423109,12.2379770279,-2.37925744057,0
1532135014360126480,65.35634624,carbonZ_2018-07-30-16-39-00_2_engine_failure,engine,7.46000003815,396.371643066,-5.93329429626,256,3.44159412384,15.143239975,102.006286621,-0.280425727367,12.2361927032,-2.28232526779,0
1532135014378435728,65.374655488,carbonZ_2018-07-30-16-39-00_2_engine_failure,engine,7.46000003815,396.371643066,-5.93329429626,256,3.44159412384,15.143239975,102.006286621,-0.273799747229,12.2420196533,-2.26132702827,0
1532135014463024848,65.459244608,carbonZ_2018-07-30-16-39-00_2_engine_failure,engine,7.23000001907,439.525024414,-5.97782182693,255,3.44159412384,15.143239975,102.006286621,-0.228071168065,12.263302803,-2.17772483826,0
1532135014476429552,65.472649312,carbonZ_2018-07-30-16-39-00_2_engine_failure,engine,7.23000001907,439.525024414,-5.97782182693,255,3.44159412384,15.143239975,102.006286621,-0.218706056476,12.2767753601,-2.15676999092,0
1532135014607885424,65.604105184,carbonZ_2018-07-30-16-39-00_2_engine_failure,engine,7.0,473.775482178,-6.01121759415,254,3.44159412384,15.143239975,102.006286621,-0.15666911006,12.4271392822,-1.98294985294,0
1532135014673565840,65.6697856,carbonZ_2018-07-30-16-39-00_2_engine_failure,engine,6.7999997139,519.613342285,-6.0334815979,253,3.44159412384,15.143239975,102.006286621,-0.119959689677,12.4862680435,-1.92411983013,0
1532135014699965712,65.696185472,carbonZ_2018-07-30-16-39-00_2_engine_failure,engine,6.7999997139,519.613342285,-6.0334815979,253,-5.45954322815,11.0590572357,102.500617981,-0.085861094296,12.5432872772,-1.876262784,0
1532135014742230480,65.73845024,carbonZ_2018-07-30-16-39-00_2_engine_failure,engine,6.7999997139,519.613342285,-6.0334815979,253,-5.45954322815,11.0590572357,102.500617981,-0.0569706447423,12.6188802719,-1.8295737505,0
1532135014771816464,65.768036224,carbonZ_2018-07-30-16-39-00_2_engine_failure,engine,6.6299996376,577.109924316,-6.04461336136,252,-5.45954322815,11.0590572357,102.500617981,-0.0196182467043,12.7415428162,-1.72321915627,0
1532135014847867888,65.844087648,carbonZ_2018-07-30-16-39-00_2_engine_failure,engine,6.48000001907,644.161499023,-6.05574512482,251,-5.45954322815,11.0590572357,102.500617981,0.0402547605336,12.8595018387,-1.64573168755,0
1532135014874699440,65.8709192,carbonZ_2018-07-30-16-39-00_2_engine_failure,engine,6.48000001907,644.161499023,-6.05574512482,251,-5.45954322815,11.0590572357,102.500617981,0.0402547605336,12.8595018387,-1.64573168755,0
1532135014956048880,65.95226864,carbonZ_2018-07-30-16-39-00_2_engine_failure,engine,6.35999965668,687.25793457,-6.04461336136,250,-5.45954322815,11.0590572357,102.500617981,0.118187107146,13.0957202911,-1.4666711092,0
1532135014974651312,65.970871072,carbonZ_2018-07-30-16-39-00_2_engine_failure,engine,6.35999965668,687.25793457,-6.04461336136,250,-5.45954322815,11.0590572357,102.500617981,0.130365356803,13.1505069733,-1.4172617197,0
1532135015063130608,66.059350368,carbonZ_2018-07-30-16-39-00_2_engine_failure,engine,6.25999975204,724.778930664,-6.0223493576,249,-5.45954322815,11.0590572357,102.500617981,0.211079671979,13.3575906754,-1.2605471611,0
1532135015094565040,66.0907848,carbonZ_2018-07-30-16-39-00_2_engine_failure,engine,6.25999975204,724.778930664,-6.0223493576,249,-5.45954322815,11.0590572357,102.500617981,0.241089016199,13.4694671631,-1.20069515705,0
1532135015168229264,66.164449024,carbonZ_2018-07-30-16-39-00_2_engine_failure,engine,6.17999982834,750.422851562,-5.98895406723,248,-9.55175018311,5.52776193619,99.9178161621,0.293599307537,13.6499843597,-1.08005309105,0
1532135015189345328,66.185565088,carbonZ_2018-07-30-16-39-00_2_engine_failure,engine,6.17999982834,750.422851562,-5.98895406723,248,-9.55175018311,5.52776193619,99.9178161621,0.340242028236,13.7620849609,-0.996934831142,0
1532135015250277552,66.246497312,carbonZ_2018-07-30-16-39-00_2_engine_failure,engine,6.17999982834,750.422851562,-5.98895406723,248,-9.55175018311,5.52776193619,99.9178161621,0.384837269783,13.897146225,-0.88020169735,0
1532135015279561552,66.275781312,carbonZ_2018-07-30-16-39-00_2_engine_failure,engine,6.11999988556,781.194091797,-5.94442653656,247,-9.55175018311,5.52776193619,99.9178161621,0.419481009245,14.0276355743,-0.790722608566,0
1532135015355217296,66.351437056,carbonZ_2018-07-30-16-39-00_2_engine_failure,engine,6.09999990463,823.634155273,-5.88876676559,246,-9.55175018311,5.52776193619,99.9178161621,0.515209436417,14.2774705887,-0.564952671528,0
1532135015371564304,66.367784064,carbonZ_2018-07-30-16-39-00_2_engine_failure,engine,6.09999990463,823.634155273,-5.88876676559,246,-9.55175018311,5.52776193619,99.9178161621,0.522377490997,14.3532514572,-0.521950662136,0
1532135015459016144,66.455235904,carbonZ_2018-07-30-16-39-00_2_engine_failure,engine,6.10999965668,841.29296875,-5.81084394455,245,-9.05072498322,1.67603158951,97.6664581299,0.598656594753,14.6136293411,-0.258509635925,0
1532135015474811472,66.471031232,carbonZ_2018-07-30-16-39-00_2_engine_failure,engine,6.10999965668,841.29296875,-5.81084394455,245,-9.05072498322,1.67603158951,97.6664581299,0.608699142933,14.6875562668,-0.229016020894,0
1532135015579910928,66.576130688,carbonZ_2018-07-30-16-39-00_2_engine_failure,engine,6.15000009537,139.176895142,-5.73292064667,244,-9.05072498322,1.67603158951,97.6664581299,0.6448097229,15.0568180084,0.131401285529,0
1532135015673428624,66.669648384,carbonZ_2018-07-30-16-39-00_2_engine_failure,engine,6.23999977112,156.159927368,-5.64386558533,243,-9.05072498322,1.67603158951,97.6664581299,0.664236307144,15.3668231964,0.51000058651,0
1532135015694805072,66.691024832,carbonZ_2018-07-30-16-39-00_2_engine_failure,engine,6.23999977112,156.159927368,-5.64386558533,243,-9.05072498322,1.67603158951,97.6664581299,0.671215593815,15.5064325333,0.702335059643,0
1532135015755124208,66.751343968,carbonZ_2018-07-30-16-39-00_2_engine_failure,engine,6.36999988556,128.089431763,-5.56594228745,242,-9.05072498322,1.67603158951,97.6664581299,0.679104566574,15.7652826309,0.955004632473,0
1532135015825182416,66.821402176,carbonZ_2018-07-30-16-39-00_2_engine_failure,engine,6.36999988556,128.089431763,-5.56594228745,242,-9.05072498322,1.67603158951,97.6664581299,0.719890058041,16.0055465698,1.25951528549,0
1532135015841090704,66.837310464,carbonZ_2018-07-30-16-39-00_2_engine_failure,engine,6.36999988556,128.089431763,-5.56594228745,242,-9.05072498322,1.67603158951,97.6664581299,0.740133106709,16.0906677246,1.31826639175,0
1532135015878127280,66.87434704,carbonZ_2018-07-30-16-39-00_2_engine_failure,engine,6.5499997139,122.731109619,-5.4768872261,241,-6.46470832825,-8.28950786591,94.1629180908,0.776082336903,16.2505207062,1.50080430508,0
1532135015929515408,66.925735168,carbonZ_2018-07-30-16-39-00_2_engine_failure,engine,6.5499997139,122.731109619,-5.4768872261,241,-6.46470832825,-8.28950786591,94.1629180908,0.826841592789,16.51537323,1.78455662727,0
1532135015979345104,66.975564864,carbonZ_2018-07-30-16-39-00_2_engine_failure,engine,6.77999973297,99.8706817627,-5.37670040131,239,-6.46470832825,-8.28950786591,94.1629180908,0.8734588027,16.6742210388,1.96608579159,0
1532135016035207536,67.031427296,carbonZ_2018-07-30-16-39-00_2_engine_failure,engine,6.77999973297,99.8706817627,-5.37670040131,239,-6.46470832825,-8.28950786591,94.1629180908,0.943714857101,16.9236030579,2.26169514656,0
1532135016099051056,67.095270816,carbonZ_2018-07-30-16-39-00_2_engine_failure,engine,7.05999994278,56.9877624512,-5.26538133621,238,-6.46470832825,-8.28950786591,94.1629180908,1.01495349407,17.1684780121,2.44951415062,0
1532135016140138064,67.136357824,carbonZ_2018-07-30-16-39-00_2_engine_failure,engine,7.05999994278,56.9877624512,-5.26538133621,238,-6.46470832825,-8.28950786591,94.1629180908,1.05488443375,17.3420391083,2.55702018738,0
1532135016194439728,67.190659488,carbonZ_2018-07-30-16-39-00_2_engine_failure,engine,7.36999988556,-25.4752159119,-5.14293050766,237,-6.46470832825,-8.28950786591,94.1629180908,1.0915299654,17.5136165619,2.62499260902,0
1532135016228333584,67.224553344,carbonZ_2018-07-30-16-39-00_2_engine_failure,engine,7.36999988556,-25.4752159119,-5.14293050766,237,-5.52194261551,-10.3794317245,92.7645263672,1.14772284031,17.795589447,2.64809560776,0
1532135016303556176,67.299775936,carbonZ_2018-07-30-16-39-00_2_engine_failure,engine,7.71999979019,-124.899291992,-5.00934791565,236,-5.52194261551,-10.3794317245,92.7645263672,1.19408869743,18.0595264435,2.7067899704,0
1532135016329231344,67.325451104,carbonZ_2018-07-30-16-39-00_2_engine_failure,engine,7.71999979019,-124.899291992,-5.00934791565,236,-5.52194261551,-10.3794317245,92.7645263672,1.2221031189,18.1293983459,2.71539568901,0
1532135016400685872,67.396905632,carbonZ_2018-07-30-16-39-00_2_engine_failure,engine,8.05999946594,-207.954986572,-4.86463356018,234,-5.52194261551,-10.3794317245,92.7645263672,1.28693699837,18.4731292725,2.64400339127,0
1532135016414437552,67.410657312,carbonZ_2018-07-30-16-39-00_2_engine_failure,engine,8.05999946594,-207.954986572,-4.86463356018,234,-5.52194261551,-10.3794317245,92.7645263672,1.28693699837,18.4731292725,2.64400339127,0
1532135016450093328,67.446313088,carbonZ_2018-07-30-16-39-00_2_engine_failure,engine,8.39999961853,-314.986022949,-4.70878696442,233,-5.52194261551,-10.3794317245,92.7645263672,1.3622995615,18.7313747406,2.4045009613,0
1532135016504902352,67.501122112,carbonZ_2018-07-30-16-39-00_2_engine_failure,engine,8.39999961853,-314.986022949,-4.70878696442,233,-5.52194261551,-10.3794317245,92.7645263672,1.41913580894,18.8953762054,2.21500635147,0
1532135016556642672,67.552862432,carbonZ_2018-07-30-16-39-00_2_engine_failure,engine,8.68999958038,-456.711486816,-4.55294084549,232,-5.52194261551,-10.3794317245,92.7645263672,1.49076664448,19.1371116638,1.89096188545,0
1532135016622160080,67.61837984,carbonZ_2018-07-30-16-39-00_2_engine_failure,engine,8.68999958038,-456.711486816,-4.55294084549,232,-5.52194261551,-10.3794317245,92.7645263672,1.54329919815,19.2741584778,1.65736711025,0
1532135016680425936,67.676645696,carbonZ_2018-07-30-16-39-00_2_engine_failure,engine,8.92000007629,-567.054077148,-4.37483072281,230,-2.60145139694,-0.526270329952,90.2425308228,1.64638125896,19.527130127,0.951347053051,0
1532135016708402640,67.7046224,carbonZ_2018-07-30-16-39-00_2_engine_failure,engine,8.92000007629,-567.054077148,-4.37483072281,230,-2.60145139694,-0.526270329952,90.2425308228,1.6688734293,19.5963153839,0.761354207993,0
1532135016778878768,67.775098528,carbonZ_2018-07-30-16-39-00_2_engine_failure,engine,9.06999969482,-688.094970703,-4.18558835983,229,-2.60145139694,-0.526270329952,90.2425308228,1.79253661633,19.7837486267,-0.0783564373851,0
1532135016811860272,67.808080032,carbonZ_2018-07-30-16-39-00_2_engine_failure,engine,9.06999969482,-688.094970703,-4.18558835983,229,-2.60145139694,-0.526270329952,90.2425308228,1.83849990368,19.8067111969,-0.275778323412,0
1532135016882454608,67.878674368,carbonZ_2018-07-30-16-39-00_2_engine_failure,engine,9.09000015259,-783.712768555,-3.98521471024,227,-2.60145139694,-0.526270329952,90.2425308228,1.92050147057,19.8993415833,-0.90475833416,0
1532135016897525264,67.893745024,carbonZ_2018-07-30-16-39-00_2_engine_failure,engine,9.09000015259,-783.712768555,-3.98521471024,227,-2.60145139694,-0.526270329952,90.2425308228,1.9780254364,19.9328289032,-1.29046845436,0
1532135016959226224,67.955445984,carbonZ_2018-07-30-16-39-00_2_engine_failure,engine,9.01999950409,-855.869689941,-3.76257705688,226,-0.981521904469,7.79147005081,88.1153640747,2.05559420586,19.9759635925,-1.84936904907,0
1532135017035227440,68.0314472,carbonZ_2018-07-30-16-39-00_2_engine_failure,engine,9.01999950409,-855.869689941,-3.76257705688,226,-0.981521904469,7.79147005081,88.1153640747,2.14874172211,19.9564628601,-2.45586037636,0
1532135017061752176,68.057971936,carbonZ_2018-07-30-16-39-00_2_engine_failure,engine,8.82999992371,-914.629943848,-3.53993916512,224,-0.981521904469,7.79147005081,88.1153640747,2.19797444344,19.9362983704,-2.87130331993,0
1532135017097623280,68.09384304,carbonZ_2018-07-30-16-39-00_2_engine_failure,engine,8.82999992371,-914.629943848,-3.53993916512,224,-0.981521904469,7.79147005081,88.1153640747,2.23614001274,19.9115791321,-3.27275848389,0
1532135017198485968,68.194705728,carbonZ_2018-07-30-16-39-00_2_engine_failure,engine,8.52999973297,-969.875244141,-3.30616974831,223,-0.981521904469,7.79147005081,88.1153640747,2.3477127552,19.7644042969,-4.25167512894,0
1532135017285894736,68.282114496,carbonZ_2018-07-30-16-39-00_2_engine_failure,engine,8.11999988556,-1004.01867676,-3.05013632774,222,-0.981521904469,7.79147005081,88.1153640747,2.40213751793,19.6414661407,-4.89007854462,0
1532135017316434544,68.312654304,carbonZ_2018-07-30-16-39-00_2_engine_failure,engine,8.11999988556,-1004.01867676,-3.05013632774,222,-0.981521904469,7.79147005081,88.1153640747,2.42356348038,19.5779590607,-5.16310024261,0
1532135017377796976,68.374016736,carbonZ_2018-07-30-16-39-00_2_engine_failure,engine,7.63999986649,-1016.41064453,-2.80523490906,220,-0.981521904469,7.79147005081,88.1153640747,2.46524810791,19.4624118805,-5.54841327667,0
1532135017421601072,68.417820832,carbonZ_2018-07-30-16-39-00_2_engine_failure,engine,7.63999986649,-1016.41064453,-2.80523490906,220,-0.981521904469,7.79147005081,88.1153640747,2.49364948273,19.3832111359,-5.78207111359,0
1532135017468809680,68.46502944,carbonZ_2018-07-30-16-39-00_2_engine_failure,engine,7.07999992371,-1021.87414551,-2.54920148849,219,0.302743732929,18.3791484833,87.6871795654,2.51725244522,19.3124790192,-5.97768354416,0
1532135017505412272,68.501632032,carbonZ_2018-07-30-16-39-00_2_engine_failure,engine,7.07999992371,-1021.87414551,-2.54920148849,219,0.302743732929,18.3791484833,87.6871795654,2.53231668472,19.2548313141,-6.1263422966,0
1532135017617085552,68.613305312,carbonZ_2018-07-30-16-39-00_2_engine_failure,engine,6.48000001907,-1014.6262207,-2.29316830635,217,0.302743732929,18.3791484833,87.6871795654,2.53265571594,19.102519989,-6.4441986084,0
1532135017676016944,68.672236704,carbonZ_2018-07-30-16-39-00_2_engine_failure,engine,5.84999990463,-1015.65637207,-2.03713488579,216,0.302743732929,18.3791484833,87.6871795654,2.52869653702,18.9770431519,-6.64485359192,0
1532135017693436528,68.689656288,carbonZ_2018-07-30-16-39-00_2_engine_failure,engine,5.84999990463,-1015.65637207,-2.03713488579,216,0.302743732929,18.3791484833,87.6871795654,2.510014534,18.9521980286,-6.71552562714,0
1532135017789402128,68.785621888,carbonZ_2018-07-30-16-39-00_2_engine_failure,engine,5.19000005722,-1026.66601562,-1.78110146523,215,0.302743732929,18.3791484833,87.6871795654,2.47074580193,18.7998218536,-6.87922811508,0
1532135017802128016,68.798347776,carbonZ_2018-07-30-16-39-00_2_engine_failure,engine,5.19000005722,-1026.66601562,-1.78110146523,215,0.302743732929,18.3791484833,87.6871795654,2.45099163055,18.7719745636,-6.90594768524,0
1532135017878350704,68.874570464,carbonZ_2018-07-30-16-39-00_2_engine_failure,engine,4.51999998093,-337.688049316,-1.54733192921,214,4.78398942947,21.9659461975,89.6675949097,2.36978363991,18.546705246,-7.05429983139,0
1532135017902694864,68.898914624,carbonZ_2018-07-30-16-39-00_2_engine_failure,engine,4.51999998093,-337.688049316,-1.54733192921,214,4.78398942947,21.9659461975,89.6675949097,2.34617352486,18.4848136902,-7.07442569733,0
1532135017958801648,68.955021408,carbonZ_2018-07-30-16-39-00_2_engine_failure,engine,3.83999991417,-337.787445068,-1.33582615852,212,4.78398942947,21.9659461975,89.6675949097,2.27719593048,18.2761955261,-7.15978336334,0
1532135017989189680,68.98540944,carbonZ_2018-07-30-16-39-00_2_engine_failure,engine,3.83999991417,-337.787445068,-1.33582615852,212,4.78398942947,21.9659461975,89.6675949097,2.22130894661,18.1170749664,-7.20692920685,0
1532135018034591120,69.03081088,carbonZ_2018-07-30-16-39-00_2_engine_failure,engine,3.83999991417,-337.787445068,-1.33582615852,212,4.78398942947,21.9659461975,89.6675949097,2.17537069321,17.9568080902,-7.22594547272,0
1532135018114793520,69.11101328,carbonZ_2018-07-30-16-39-00_2_engine_failure,engine,3.13999986649,-334.505859375,-1.12432038784,211,4.78398942947,21.9659461975,89.6675949097,2.05386805534,17.6346874237,-7.23809337616,0
1532135018208273584,69.204493344,carbonZ_2018-07-30-16-39-00_2_engine_failure,engine,2.42999982834,-316.183837891,-0.946210205555,210,4.78398942947,21.9659461975,89.6675949097,1.91275393963,17.3143386841,-7.20601606369,0
1532135018276012176,69.272231936,carbonZ_2018-07-30-16-39-00_2_engine_failure,engine,1.7199999094,-299.11920166,-0.779231905937,209,10.2761974335,23.6664524078,91.2394180298,1.77051723003,16.9690685272,-7.12603187561,0
1532135018352347344,69.348567104,carbonZ_2018-07-30-16-39-00_2_engine_failure,engine,0.989999949932,-273.252288818,-0.634517431259,208,10.2761974335,23.6664524078,91.2394180298,1.64552378654,16.6616249084,-6.95853614807,0
1532135018377262736,69.373482496,carbonZ_2018-07-30-16-39-00_2_engine_failure,engine,0.989999949932,-273.252288818,-0.634517431259,208,10.2761974335,23.6664524078,91.2394180298,1.61465156078,16.5952129364,-6.88691234589,0
1532135018442216880,69.43843664,carbonZ_2018-07-30-16-39-00_2_engine_failure,engine,0.280000001192,-232.285125732,-0.500934779644,206,10.2761974335,23.6664524078,91.2394180298,1.53591036797,16.3967590332,-6.6497387886,0
1532135018491114160,69.48733392,carbonZ_2018-07-30-16-39-00_2_engine_failure,engine,0.280000001192,-232.285125732,-0.500934779644,206,10.2761974335,23.6664524078,91.2394180298,1.47078847885,16.2127799988,-6.40161514282,0
1532135018548898192,69.545117952,carbonZ_2018-07-30-16-39-00_2_engine_failure,engine,-0.399999976158,-186.736877441,-0.389615952969,205,10.2761974335,23.6664524078,91.2394180298,1.41029012203,16.0335350037,-6.14687299728,0
1532135018582039632,69.578259392,carbonZ_2018-07-30-16-39-00_2_engine_failure,engine,-0.399999976158,-186.736877441,-0.389615952969,205,10.2761974335,23.6664524078,91.2394180298,1.39098381996,15.9799642563,-6.05921697617,0
1532135018628557904,69.624777664,carbonZ_2018-07-30-16-39-00_2_engine_failure,engine,-0.399999976158,-186.736877441,-0.389615952969,205,10.2761974335,23.6664524078,91.2394180298,1.30962646008,15.7545166016,-5.69195222855,0
1532135018680939344,69.677159104,carbonZ_2018-07-30-16-39-00_2_engine_failure,engine,-1.03999996185,-141.150482178,-0.278297126293,204,12.293006897,20.4844741821,92.1781158447,1.28870809078,15.7035570145,-5.60166501999,0
1532135018727822576,69.724042336,carbonZ_2018-07-30-16-39-00_2_engine_failure,engine,-1.03999996185,-141.150482178,-0.278297126293,204,12.293006897,20.4844741821,92.1781158447,1.2245246172,15.5499639511,-5.3281121254,0
1532135018808059344,69.804279104,carbonZ_2018-07-30-16-39-00_2_engine_failure,engine,-1.63999998569,-97.8239059448,-0.178110152483,203,12.293006897,20.4844741821,92.1781158447,1.13814091682,15.3489980698,-4.8171582222,0
1532135018875923024,69.872142784,carbonZ_2018-07-30-16-39-00_2_engine_failure,engine,-2.18000006676,-32.3572158813,-0.0890550762415,202,12.293006897,20.4844741821,92.1781158447,1.09204828739,15.2643947601,-4.44396018982,0
1532135018941224400,69.93744416,carbonZ_2018-07-30-16-39-00_2_engine_failure,engine,-2.67999982834,32.8296661377,-0.0111318845302,201,12.293006897,20.4844741821,92.1781158447,1.0743598938,15.2159976959,-4.19021129608,0
1532135019000727728,69.996947488,carbonZ_2018-07-30-16-39-00_2_engine_failure,engine,-2.67999982834,32.8296661377,-0.0111318845302,201,12.293006897,20.4844741821,92.1781158447,1.04576516151,15.1789321899,-3.91241812706,0
1532135019042991536,70.039211296,carbonZ_2018-07-30-16-39-00_2_engine_failure,engine,-3.1099998951,100.922775269,0.077923193574,200,10.3727664948,14.1013393402,93.2826461792,1.00920760632,15.1185235977,-3.50960278511,0
1532135019071038608,70.067258368,carbonZ_2018-07-30-16-39-00_2_engine_failure,engine,-3.1099998951,100.922775269,0.077923193574,200,10.3727664948,14.1013393402,93.2826461792,0.9895439744,15.08070755,-3.26136517525,0
1532135019202108432,70.198328192,carbonZ_2018-07-30-16-39-00_2_engine_failure,engine,-3.48000001907,163.232894897,0.14471450448,199,10.3727664948,14.1013393402,93.2826461792,0.886315107346,14.9831104279,-2.39617395401,0
1532135019270987152,70.267206912,carbonZ_2018-07-30-16-39-00_2_engine_failure,engine,-3.77999997139,234.985931396,0.222637683153,198,10.3727664948,14.1013393402,93.2826461792,0.867527127266,14.9712495804,-2.12162780762,0
1532135019282459152,70.278678912,carbonZ_2018-07-30-16-39-00_2_engine_failure,engine,-3.77999997139,234.985931396,0.222637683153,198,10.3727664948,14.1013393402,93.2826461792,0.867527127266,14.9712495804,-2.12162780762,0
1532135019310177072,70.306396832,carbonZ_2018-07-30-16-39-00_2_engine_failure,engine,-3.77999997139,234.985931396,0.222637683153,198,10.3727664948,14.1013393402,93.2826461792,0.828127086163,14.9509181976,-1.71494650841,0
1532135019379339408,70.375559168,carbonZ_2018-07-30-16-39-00_2_engine_failure,engine,-4.00999975204,298.905670166,0.289429008961,197,10.3727664948,14.1013393402,93.2826461792,0.78152358532,14.929901123,-1.35088264942,0
1532135019409073520,70.40529328,carbonZ_2018-07-30-16-39-00_2_engine_failure,engine,-4.00999975204,298.905670166,0.289429008961,197,10.3727664948,14.1013393402,93.2826461792,0.769134163857,14.9290494919,-1.1766808033,0
1532135019471983472,70.468203232,carbonZ_2018-07-30-16-39-00_2_engine_failure,engine,-4.17000007629,377.957519531,0.356220304966,196,10.3727664948,14.1013393402,93.2826461792,0.768610656261,14.9287796021,-0.408352583647,0
1532135019542607760,70.53882752,carbonZ_2018-07-30-16-39-00_2_engine_failure,engine,-4.17000007629,377.957519531,0.356220304966,196,8.58186912537,1.58393144608,93.2015151978,0.788704395294,14.920088768,0.180220380425,0
1532135019601328752,70.597548512,carbonZ_2018-07-30-16-39-00_2_engine_failure,engine,-4.23000001907,458.624267578,0.411879718304,195,8.58186912537,1.58393144608,93.2015151978,0.808484911919,14.9038524628,0.73302090168,0
1532135019652818128,70.649037888,carbonZ_2018-07-30-16-39-00_2_engine_failure,engine,-4.19000005722,534.968383789,0.489802926779,194,8.58186912537,1.58393144608,93.2015151978,0.824692428112,14.8832607269,1.28348076344,0
1532135019685881520,70.68210128,carbonZ_2018-07-30-16-39-00_2_engine_failure,engine,-4.19000005722,534.968383789,0.489802926779,194,8.58186912537,1.58393144608,93.2015151978,0.824692428112,14.8832607269,1.28348076344,0
1532135019792002960,70.78822272,carbonZ_2018-07-30-16-39-00_2_engine_failure,engine,-4.05999994278,620.225891113,0.567726135254,193,8.58186912537,1.58393144608,93.2015151978,0.86278796196,14.8433933258,2.3692817688,0
1532135019829923728,70.826143488,carbonZ_2018-07-30-16-39-00_2_engine_failure,engine,-3.82999992371,687.904541016,0.656781196594,192,5.83233690262,-9.23413085938,93.6516952515,0.851529657841,14.8154735565,3.07716369629,0
1532135019871975088,70.868194848,carbonZ_2018-07-30-16-39-00_2_engine_failure,engine,-3.82999992371,687.904541016,0.656781196594,192,5.83233690262,-9.23413085938,93.6516952515,0.851529657841,14.8154735565,3.07716369629,0
1532135019938800976,70.935020736,carbonZ_2018-07-30-16-39-00_2_engine_failure,engine,-3.82999992371,687.904541016,0.656781196594,192,5.83233690262,-9.23413085938,93.6516952515,0.843942701817,14.8021316528,3.75670194626,0
1532135019983094512,70.979314272,carbonZ_2018-07-30-16-39-00_2_engine_failure,engine,-3.51999998093,751.537414551,0.734704375267,192,5.83233690262,-9.23413085938,93.6516952515,0.825604856014,14.7929363251,4.08849477768,0
1532135020063567024,71.059786784,carbonZ_2018-07-30-16-39-00_2_engine_failure,engine,-3.12999987602,804.562927246,0.823759436607,191,5.83233690262,-9.23413085938,93.6516952515,0.796784162521,14.7968301773,4.74151945114,0
1532135020117385456,71.113605216,carbonZ_2018-07-30-16-39-00_2_engine_failure,engine,-3.12999987602,804.562927246,0.823759436607,191,5.83233690262,-9.23413085938,93.6516952515,0.768685042858,14.8126811981,5.20211935043,0
1532135020158063376,71.154283136,carbonZ_2018-07-30-16-39-00_2_engine_failure,engine,-2.66999983788,837.648864746,0.901682674885,190,5.83233690262,-9.23413085938,93.6516952515,0.748270571232,14.8323335648,5.48354625702,0
1532135020191018832,71.187238592,carbonZ_2018-07-30-16-39-00_2_engine_failure,engine,-2.66999983788,837.648864746,0.901682674885,190,5.83233690262,-9.23413085938,93.6516952515,0.723388850689,14.8531675339,5.76744031906,0
1532135020249760784,71.245980544,carbonZ_2018-07-30-16-39-00_2_engine_failure,engine,-2.13999986649,847.244750977,0.96847397089,189,6.58996486664,-19.7669258118,95.703086853,0.666590332985,14.9189424515,6.16522693634,0
1532135020279109584,71.275329344,carbonZ_2018-07-30-16-39-00_2_engine_failure,engine,-2.13999986649,847.244750977,0.96847397089,189,6.58996486664,-19.7669258118,95.703086853,0.659739971161,14.9412202835,6.28022909164,0
1532135020345141872,71.341361632,carbonZ_2018-07-30-16-39-00_2_engine_failure,engine,-2.13999986649,847.244750977,0.96847397089,189,6.58996486664,-19.7669258118,95.703086853,0.597851395607,15.0461835861,6.60697126389,0
1532135020379566576,71.375786336,carbonZ_2018-07-30-16-39-00_2_engine_failure,engine,-1.55999994278,840.159240723,1.03526520729,188,6.58996486664,-19.7669258118,95.703086853,0.562174797058,15.1235160828,6.80944538116,0
1532135020460416592,71.456636352,carbonZ_2018-07-30-16-39-00_2_engine_failure,engine,-0.909999966621,802.522399902,1.07979285717,187,6.58996486664,-19.7669258118,95.703086853,0.471974402666,15.3311042786,7.20582580566,0
1532135020475111568,71.471331328,carbonZ_2018-07-30-16-39-00_2_engine_failure,engine,-0.909999966621,802.522399902,1.07979285717,187,6.58996486664,-19.7669258118,95.703086853,0.433157712221,15.3951692581,7.2958779335,0
1532135020561040144,71.557259904,carbonZ_2018-07-30-16-39-00_2_engine_failure,engine,-0.199999988079,742.613891602,1.11318850517,186,6.58996486664,-19.7669258118,95.703086853,0.35926553607,15.6429128647,7.63393688202,0
1532135020584171408,71.580391168,carbonZ_2018-07-30-16-39-00_2_engine_failure,engine,-0.199999988079,742.613891602,1.11318850517,186,7.89299297333,-22.6050071716,94.5947189331,0.299423605204,15.7838821411,7.78278303146,0
1532135020674913424,71.671133184,carbonZ_2018-07-30-16-39-00_2_engine_failure,engine,0.539999961853,665.232666016,1.14658415318,185,7.89299297333,-22.6050071716,94.5947189331,0.229265466332,16.0774860382,8.04035186768,0
1532135020779164944,71.775384704,carbonZ_2018-07-30-16-39-00_2_engine_failure,engine,1.30999994278,600.244873047,1.15771603584,184,7.89299297333,-22.6050071716,94.5947189331,0.153293699026,16.4689655304,8.32308197021,0
1532135020837249104,71.833468864,carbonZ_2018-07-30-16-39-00_2_engine_failure,engine,1.30999994278,600.244873047,1.15771603584,184,7.89299297333,-22.6050071716,94.5947189331,0.104628749192,16.7390937805,8.44098186493,0
1532135020881286256,71.877506016,carbonZ_2018-07-30-16-39-00_2_engine_failure,engine,2.09999990463,527.646606445,1.16884791851,183,7.89299297333,-22.6050071716,94.5947189331,0.072158575058,16.931552887,8.47467136383,0
1532135020944025904,71.940245664,carbonZ_2018-07-30-16-39-00_2_engine_failure,engine,2.90999984741,420.117370605,1.16884791851,182,7.89299297333,-22.6050071716,94.5947189331,-0.0369705818594,17.48087883,8.35644626617,0
1532135021023540912,72.019760672,carbonZ_2018-07-30-16-39-00_2_engine_failure,engine,2.90999984741,420.117370605,1.16884791851,182,5.33734798431,-20.9733734131,93.9842681885,-0.112395904958,17.9343605042,8.17906570435,0
1532135021059453776,72.055673536,carbonZ_2018-07-30-16-39-00_2_engine_failure,engine,3.72000002861,311.110198975,1.15771603584,181,5.33734798431,-20.9733734131,93.9842681885,-0.112395904958,17.9343605042,8.17906570435,0
1532135021103555792,72.099775552,carbonZ_2018-07-30-16-39-00_2_engine_failure,engine,3.72000002861,311.110198975,1.15771603584,181,5.33734798431,-20.9733734131,93.9842681885,-0.146202117205,18.1706581116,8.00748634338,0
1532135021126718064,72.122937824,carbonZ_2018-07-30-16-39-00_2_engine_failure,engine,3.72000002861,311.110198975,1.15771603584,181,5.33734798431,-20.9733734131,93.9842681885,-0.188839539886,18.4305744171,7.72757673264,0
1532135021174527536,72.170747296,carbonZ_2018-07-30-16-39-00_2_engine_failure,engine,4.50999975204,173.839660645,1.14658415318,180,5.33734798431,-20.9733734131,93.9842681885,-0.27695864439,18.8106155396,7.22131204605,0
1532135021259694864,72.255914624,carbonZ_2018-07-30-16-39-00_2_engine_failure,engine,5.23000001907,24.9157905579,1.11318850517,179,5.33734798431,-20.9733734131,93.9842681885,-0.453109562397,19.4155387878,6.190305233,0
1532135021322252208,72.318471968,carbonZ_2018-07-30-16-39-00_2_engine_failure,engine,5.23000001907,24.9157905579,1.11318850517,179,5.33734798431,-20.9733734131,93.9842681885,-0.453109562397,19.4155387878,6.190305233,0
1532135021349851792,72.346071552,carbonZ_2018-07-30-16-39-00_2_engine_failure,engine,5.85999965668,-103.205299377,1.0686609745,178,4.35460424423,-12.1031122208,95.6395339966,-0.578574836254,19.8043384552,5.29285573959,0
1532135021419208912,72.415428672,carbonZ_2018-07-30-16-39-00_2_engine_failure,engine,5.85999965668,-103.205299377,1.0686609745,178,4.35460424423,-12.1031122208,95.6395339966,-0.643519759178,19.9676322937,4.878428936,0
1532135021450737200,72.44695696,carbonZ_2018-07-30-16-39-00_2_engine_failure,engine,6.35999965668,-184.385498047,0.990737736225,176,4.35460424423,-12.1031122208,95.6395339966,-0.706277787685,20.1025981903,4.44700288773,0
1532135021519395568,72.515615328,carbonZ_2018-07-30-16-39-00_2_engine_failure,engine,6.35999965668,-184.385498047,0.990737736225,176,4.35460424423,-12.1031122208,95.6395339966,-0.774614810944,20.2716236115,3.84312558174,0
1532135021550481296,72.546701056,carbonZ_2018-07-30-16-39-00_2_engine_failure,engine,6.75999975204,-245.028869629,0.912814557552,175,4.35460424423,-12.1031122208,95.6395339966,-0.800866007805,20.3526248932,3.48197293282,0
1532135021590006288,72.586226048,carbonZ_2018-07-30-16-39-00_2_engine_failure,engine,6.75999975204,-245.028869629,0.912814557552,175,4.35460424423,-12.1031122208,95.6395339966,-0.820018351078,20.4162483215,3.10514903069,0
1532135021671505808,72.667725568,carbonZ_2018-07-30-16-39-00_2_engine_failure,engine,7.0499997139,-286.067382812,0.801495671272,174,4.35460424423,-12.1031122208,95.6395339966,-0.84147888422,20.4995441437,2.44178557396,0
1532135021717056240,72.713276,carbonZ_2018-07-30-16-39-00_2_engine_failure,engine,7.0499997139,-286.067382812,0.801495671272,174,4.35460424423,-12.1031122208,95.6395339966,-0.841906309128,20.517747879,2.13525819778,0
1532135021777434064,72.773653824,carbonZ_2018-07-30-16-39-00_2_engine_failure,engine,7.25999975204,-314.394958496,0.701308727264,173,1.85667228699,-2.60609197617,96.2247161865,-0.843703985214,20.5164737701,1.62617146969,0
1532135021843842096,72.840061856,carbonZ_2018-07-30-16-39-00_2_engine_failure,engine,7.38999986649,-345.864105225,0.589989900589,171,1.85667228699,-2.60609197617,96.2247161865,-0.841562926769,20.4711151123,0.936024725437,0
1532135021885478448,72.881698208,carbonZ_2018-07-30-16-39-00_2_engine_failure,engine,7.38999986649,-345.864105225,0.589989900589,171,1.85667228699,-2.60609197617,96.2247161865,-0.829852283001,20.4206504822,0.64262932539,0
1532135021900287856,72.896507616,carbonZ_2018-07-30-16-39-00_2_engine_failure,engine,7.38999986649,-345.864105225,0.589989900589,171,1.85667228699,-2.60609197617,96.2247161865,-0.829852283001,20.4206504822,0.64262932539,0
1532135021953795216,72.950014976,carbonZ_2018-07-30-16-39-00_2_engine_failure,engine,7.42999982834,-362.169067383,0.489802926779,170,1.85667228699,-2.60609197617,96.2247161865,-0.819811284542,20.3348789215,0.261871576309,0
1532135022022202928,73.018422688,carbonZ_2018-07-30-16-39-00_2_engine_failure,engine,7.42999982834,-362.169067383,0.489802926779,170,1.85667228699,-2.60609197617,96.2247161865,-0.804316580296,20.2173995972,-0.0672535970807,0
1532135022074386608,73.070606368,carbonZ_2018-07-30-16-39-00_2_engine_failure,engine,7.40999984741,-359.707061768,0.378484070301,169,1.85667228699,-2.60609197617,96.2247161865,-0.77837818861,20.1340713501,-0.237992823124,0
1532135022115860208,73.112079968,carbonZ_2018-07-30-16-39-00_2_engine_failure,engine,7.40999984741,-359.707061768,0.378484070301,169,0.0498021394014,3.3700261116,97.5959396362,-0.745343267918,19.996963501,-0.47227743268,0
1532135022177771888,73.173991648,carbonZ_2018-07-30-16-39-00_2_engine_failure,engine,7.33999967575,-340.891265869,0.278297126293,168,0.0498021394014,3.3700261116,97.5959396362,-0.70161986351,19.8523807526,-0.711288034916,0
1532135022200123728,73.196343488,carbonZ_2018-07-30-16-39-00_2_engine_failure,engine,7.33999967575,-340.891265869,0.278297126293,168,0.0498021394014,3.3700261116,97.5959396362,-0.688044428825,19.7296733856,-0.89953738451,0
1532135022266387664,73.262607424,carbonZ_2018-07-30-16-39-00_2_engine_failure,engine,7.23000001907,-334.621826172,0.189242035151,167,0.0498021394014,3.3700261116,97.5959396362,-0.658126831055,19.607011795,-1.12594497204,0
1532135022298729520,73.29494928,carbonZ_2018-07-30-16-39-00_2_engine_failure,engine,7.23000001907,-334.621826172,0.189242035151,167,0.0498021394014,3.3700261116,97.5959396362,-0.623326599598,19.4853477478,-1.34232652187,0
1532135022347194576,73.343414336,carbonZ_2018-07-30-16-39-00_2_engine_failure,engine,7.06999969482,-328.236572266,0.100186958909,166,0.0498021394014,3.3700261116,97.5959396362,-0.596149206161,19.2949485779,-1.64855766296,0
1532135022427694928,73.423914688,carbonZ_2018-07-30-16-39-00_2_engine_failure,engine,7.06999969482,-328.236572266,0.100186958909,166,0.0498021394014,3.3700261116,97.5959396362,-0.563148617744,19.0859050751,-1.93138277531,0
1532135022455584368,73.451804128,carbonZ_2018-07-30-16-39-00_2_engine_failure,engine,6.85999965668,-310.347564697,0.0222637690604,164,0.848262727261,8.00951480865,98.7697753906,-0.532706081867,18.9480895996,-2.10785245895,0
1532135022497904112,73.494123872,carbonZ_2018-07-30-16-39-00_2_engine_failure,engine,6.85999965668,-310.347564697,0.0222637690604,164,0.848262727261,8.00951480865,98.7697753906,-0.505433738232,18.8155212402,-2.26166272163,0
1532135022548896112,73.545115872,carbonZ_2018-07-30-16-39-00_2_engine_failure,engine,6.60999965668,-288.640991211,-0.0556594207883,163,0.848262727261,8.00951480865,98.7697753906,-0.472450971603,18.6167831421,-2.46074748039,0
1532135022611116400,73.60733616,carbonZ_2018-07-30-16-39-00_2_engine_failure,engine,6.60999965668,-288.640991211,-0.0556594207883,163,0.848262727261,8.00951480865,98.7697753906,-0.457311272621,18.4768352509,-2.56841564178,0
1532135022655224016,73.651443776,carbonZ_2018-07-30-16-39-00_2_engine_failure,engine,6.31999969482,-260.046020508,-0.111318841577,163,0.848262727261,8.00951480865,98.7697753906,-0.433595895767,18.261428833,-2.71916007996,0
1532135022706345360,73.70256512,carbonZ_2018-07-30-16-39-00_2_engine_failure,engine,6.31999969482,-260.046020508,-0.111318841577,163,0.848262727261,8.00951480865,98.7697753906,-0.405523121357,18.0530166626,-2.83639454842,0
1532135022748000464,73.744220224,carbonZ_2018-07-30-16-39-00_2_engine_failure,engine,6.01999998093,-227.282333374,-0.178110152483,162,0.848262727261,8.00951480865,98.7697753906,-0.381458252668,17.8499145508,-2.96881484985,0
1532135022806148336,73.802368096,carbonZ_2018-07-30-16-39-00_2_engine_failure,engine,6.01999998093,-227.282333374,-0.178110152483,162,0.848262727261,8.00951480865,98.7697753906,-0.374043405056,17.7755718231,-3.01588892937,0
1532135022865883120,73.86210288,carbonZ_2018-07-30-16-39-00_2_engine_failure,engine,5.69000005722,-196.770294189,-0.233769580722,161,-0.0856784284115,9.57876968384,99.8016586304,-0.357747256756,17.5699901581,-3.10204029083,0
1532135022884510960,73.88073072,carbonZ_2018-07-30-16-39-00_2_engine_failure,engine,5.69000005722,-196.770294189,-0.233769580722,161,-0.0856784284115,9.57876968384,99.8016586304,-0.351804316044,17.5071926117,-3.11673021317,0
1532135022947055632,73.943275392,carbonZ_2018-07-30-16-39-00_2_engine_failure,engine,5.69000005722,-196.770294189,-0.233769580722,161,-0.0856784284115,9.57876968384,99.8016586304,-0.339585632086,17.320022583,-3.12462902069,0
1532135022961480688,73.957700448,carbonZ_2018-07-30-16-39-00_2_engine_failure,engine,5.34999990463,-155.512420654,-0.289429008961,160,-0.0856784284115,9.57876968384,99.8016586304,-0.339962214231,17.206943512,-3.0989780426,0
1532135023010513424,74.006733184,carbonZ_2018-07-30-16-39-00_2_engine_failure,engine,5.34999990463,-155.512420654,-0.289429008961,160,-0.0856784284115,9.57876968384,99.8016586304,-0.351211696863,17.022190094,-3.02861332893,0
1532135023060823696,74.057043456,carbonZ_2018-07-30-16-39-00_2_engine_failure,engine,5.01999998093,-109.665298462,-0.333956539631,159,-0.0856784284115,9.57876968384,99.8016586304,-0.351211696863,17.022190094,-3.02861332893,0
1532135023103858384,74.100078144,carbonZ_2018-07-30-16-39-00_2_engine_failure,engine,5.01999998093,-109.665298462,-0.333956539631,159,-0.0856784284115,9.57876968384,99.8016586304,-0.361884713173,16.9111442566,-2.95629477501,0
1532135023173014384,74.169234144,carbonZ_2018-07-30-16-39-00_2_engine_failure,engine,4.69999980927,-57.1672439575,-0.389615952969,158,-0.0856784284115,9.57876968384,99.8016586304,-0.364474892616,16.6550788879,-2.77963089943,0
1532135023228416048,74.224635808,carbonZ_2018-07-30-16-39-00_2_engine_failure,engine,4.69999980927,-57.1672439575,-0.389615952969,158,-0.0856784284115,9.57876968384,99.8016586304,-0.350200980902,16.5595359802,-2.70155501366,0
1532135023261991888,74.258211648,carbonZ_2018-07-30-16-39-00_2_engine_failure,engine,4.40999984741,-15.2475357056,-0.445275366306,158,2.06991386414,8.85296344757,97.6224517822,-0.346846222878,16.4557952881,-2.64503574371,0
1532135023299867280,74.29608704,carbonZ_2018-07-30-16-39-00_2_engine_failure,engine,4.40999984741,-15.2475357056,-0.445275366306,158,2.06991386414,8.85296344757,97.6224517822,-0.35384580493,16.3523483276,-2.58020472527,0
1532135023347012176,74.343231936,carbonZ_2018-07-30-16-39-00_2_engine_failure,engine,4.13999986649,18.1167602539,-0.500934779644,157,2.06991386414,8.85296344757,97.6224517822,-0.341106116772,16.2168540955,-2.50037074089,0
1532135023404625744,74.400845504,carbonZ_2018-07-30-16-39-00_2_engine_failure,engine,4.13999986649,18.1167602539,-0.500934779644,157,2.06991386414,8.85296344757,97.6224517822,-0.326123982668,16.1298847198,-2.44376635551,0
1532135023463483792,74.459703552,carbonZ_2018-07-30-16-39-00_2_engine_failure,engine,3.88999986649,48.0243682861,-0.545462369919,156,2.06991386414,8.85296344757,97.6224517822,-0.320847600698,15.9967403412,-2.33984160423,0
1532135023498052752,74.494272512,carbonZ_2018-07-30-16-39-00_2_engine_failure,engine,3.88999986649,48.0243682861,-0.545462369919,156,2.06991386414,8.85296344757,97.6224517822,-0.294601500034,15.9211931229,-2.27715682983,0
1532135023576344048,74.572563808,carbonZ_2018-07-30-16-39-00_2_engine_failure,engine,3.64999985695,83.4563293457,-0.589989900589,155,0.0276749655604,7.27532625198,95.9501724243,-0.256287962198,15.7840518951,-2.150639534,0
1532135023631279248,74.627499008,carbonZ_2018-07-30-16-39-00_2_engine_failure,engine,3.64999985695,83.4563293457,-0.589989900589,155,0.0276749655604,7.27532625198,95.9501724243,-0.233790278435,15.7161035538,-2.06378173828,0
1532135023747278000,74.74349776,carbonZ_2018-07-30-16-39-00_2_engine_failure,engine,3.4399998188,127.15473175,-0.623385548592,155,0.0276749655604,7.27532625198,95.9501724243,-0.135323822498,15.5513658524,-1.83644926548,0
1532135023778752784,74.774972544,carbonZ_2018-07-30-16-39-00_2_engine_failure,engine,3.25,164.623352051,-0.656781196594,154,0.0276749655604,7.27532625198,95.9501724243,-0.104498766363,15.5083990097,-1.77535402775,0
1532135023797113808,74.793333568,carbonZ_2018-07-30-16-39-00_2_engine_failure,engine,3.25,164.623352051,-0.656781196594,154,0.0276749655604,7.27532625198,95.9501724243,-0.0814110785723,15.4829206467,-1.75740015507,0
1532135023851932368,74.848152128,carbonZ_2018-07-30-16-39-00_2_engine_failure,engine,3.07999992371,191.688720703,-0.667913079262,154,0.0276749655604,7.27532625198,95.9501724243,-0.017489079386,15.4153213501,-1.72944486141,0
1532135023920981456,74.917201216,carbonZ_2018-07-30-16-39-00_2_engine_failure,engine,3.07999992371,191.688720703,-0.667913079262,154,0.0276749655604,7.27532625198,95.9501724243,0.0405979529023,15.3601140976,-1.6759057045,0
1532135023956423568,74.952643328,carbonZ_2018-07-30-16-39-00_2_engine_failure,engine,2.90999984741,211.506561279,-0.667913079262,153,-3.43154478073,3.53625154495,95.8076858521,0.0782771110535,15.3311719894,-1.65514647961,0
1532135024022223472,75.018443232,carbonZ_2018-07-30-16-39-00_2_engine_failure,engine,2.90999984741,211.506561279,-0.667913079262,153,-3.43154478073,3.53625154495,95.8076858521,0.116144739091,15.2859725952,-1.5550057888,0
1532135024066595728,75.062815488,carbonZ_2018-07-30-16-39-00_2_engine_failure,engine,2.75999999046,242.793273926,-0.656781196594,152,-3.43154478073,3.53625154495,95.8076858521,0.136621490121,15.2557163239,-1.47030091286,0
1532135024105238416,75.101458176,carbonZ_2018-07-30-16-39-00_2_engine_failure,engine,2.75999999046,242.793273926,-0.656781196594,152,-3.43154478073,3.53625154495,95.8076858521,0.144459888339,15.2376890182,-1.35010564327,0
1532135024175731664,75.171951424,carbonZ_2018-07-30-16-39-00_2_engine_failure,engine,2.61999988556,285.429748535,-0.634517431259,152,-3.43154478073,3.53625154495,95.8076858521,0.182683750987,15.2097702026,-1.19288468361,0
1532135024221281648,75.217501408,carbonZ_2018-07-30-16-39-00_2_engine_failure,engine,2.61999988556,285.429748535,-0.634517431259,152,-3.43154478073,3.53625154495,95.8076858521,0.201552346349,15.1882534027,-1.11751770973,0
1532135024253740400,75.24996016,carbonZ_2018-07-30-16-39-00_2_engine_failure,engine,2.50999999046,315.670196533,-0.623385548592,151,-3.43154478073,3.53625154495,95.8076858521,0.201552346349,15.1882534027,-1.11751770973,0
1532135024301314864,75.297534624,carbonZ_2018-07-30-16-39-00_2_engine_failure,engine,2.50999999046,315.670196533,-0.623385548592,151,-2.86896920204,0.111156739295,95.613243103,0.223927497864,15.1714687347,-0.940834641457,0
1532135024347002000,75.34322176,carbonZ_2018-07-30-16-39-00_2_engine_failure,engine,2.41999983788,347.771942139,-0.601121783257,151,-2.86896920204,0.111156739295,95.613243103,0.26082611084,15.1712179184,-0.774456322193,0
1532135024406119792,75.402339552,carbonZ_2018-07-30-16-39-00_2_engine_failure,engine,2.41999983788,347.771942139,-0.601121783257,151,-2.86896920204,0.111156739295,95.613243103,0.265229523182,15.1699771881,-0.718608140945,0
1532135024480849744,75.477069504,carbonZ_2018-07-30-16-39-00_2_engine_failure,engine,2.36999988556,378.180603027,-0.567726135254,150,-2.86896920204,0.111156739295,95.613243103,0.313556045294,15.1789627075,-0.516058802605,0
1532135024504197520,75.50041728,carbonZ_2018-07-30-16-39-00_2_engine_failure,engine,2.36999988556,378.180603027,-0.567726135254,150,-2.86896920204,0.111156739295,95.613243103,0.319654405117,15.178191185,-0.444591164589,0
1532135024580441200,75.57666096,carbonZ_2018-07-30-16-39-00_2_engine_failure,engine,2.33999991417,401.78213501,-0.545462369919,150,-2.86896920204,0.111156739295,95.613243103,0.374019563198,15.2001504898,-0.149572432041,0
1532135024648947312,75.645167072,carbonZ_2018-07-30-16-39-00_2_engine_failure,engine,2.34999990463,428.61328125,-0.512066662312,150,-2.86896920204,0.111156739295,95.613243103,0.431741505861,15.2328424454,0.122416898608,0
1532135024693293168,75.689512928,carbonZ_2018-07-30-16-39-00_2_engine_failure,engine,2.34999990463,428.61328125,-0.512066662312,150,-1.68628942966,-4.84656953812,93.3360214233,0.461498260498,15.2559642792,0.234993204474,0
1532135024810293904,75.806513664,carbonZ_2018-07-30-16-39-00_2_engine_failure,engine,2.38999986649,440.048980713,-0.467539161444,149,-1.68628942966,-4.84656953812,93.3360214233,0.526155591011,15.3405008316,0.473603665829,0
1532135024842712368,75.838932128,carbonZ_2018-07-30-16-39-00_2_engine_failure,engine,2.38999986649,440.048980713,-0.467539161444,149,-1.68628942966,-4.84656953812,93.3360214233,0.547159969807,15.3766431808,0.568978071213,0
1532135024873550512,75.869770272,carbonZ_2018-07-30-16-39-00_2_engine_failure,engine,2.46000003815,436.128509521,-0.423011600971,149,-1.68628942966,-4.84656953812,93.3360214233,0.563099980354,15.4114732742,0.681626617908,0
1532135024914300560,75.91052032,carbonZ_2018-07-30-16-39-00_2_engine_failure,engine,2.46000003815,436.128509521,-0.423011600971,149,-1.68628942966,-4.84656953812,93.3360214233,0.573766112328,15.4487485886,0.795969069004,0
1532135024944597648,75.940817408,carbonZ_2018-07-30-16-39-00_2_engine_failure,engine,2.55999994278,440.654174805,-0.367352187634,148,-1.68628942966,-4.84656953812,93.3360214233,0.573766112328,15.4487485886,0.795969069004,0
1532135024999685840,75.9959056,carbonZ_2018-07-30-16-39-00_2_engine_failure,engine,2.55999994278,440.654174805,-0.367352187634,148,-0.759006857872,-8.36197566986,94.4899673462,0.574167430401,15.5299072266,1.045327425,0
1532135025053984304,76.050204064,carbonZ_2018-07-30-16-39-00_2_engine_failure,engine,2.69000005722,438.962371826,-0.311692774296,148,-0.759006857872,-8.36197566986,94.4899673462,0.562481224537,15.6003351212,1.23398959637,0
1532135025099745168,76.095964928,carbonZ_2018-07-30-16-39-00_2_engine_failure,engine,2.69000005722,438.962371826,-0.311692774296,148,-0.759006857872,-8.36197566986,94.4899673462,0.539132356644,15.6760435104,1.41242218018,0
1532135025151184976,76.147404736,carbonZ_2018-07-30-16-39-00_2_engine_failure,engine,2.84999990463,427.763000488,-0.267165243626,148,-0.759006857872,-8.36197566986,94.4899673462,0.53655397892,15.722743988,1.52616143227,0
1532135025222405616,76.218625376,carbonZ_2018-07-30-16-39-00_2_engine_failure,engine,3.03999996185,409.172637939,-0.222637683153,147,-0.759006857872,-8.36197566986,94.4899673462,0.491708248854,15.8534288406,1.80160570145,0
1532135025316936432,76.313156192,carbonZ_2018-07-30-16-39-00_2_engine_failure,engine,3.03999996185,409.172637939,-0.222637683153,147,2.29342365265,-10.4512767792,94.726852417,0.438051819801,15.9690132141,1.94241786003,0
1532135025374460016,76.370679776,carbonZ_2018-07-30-16-39-00_2_engine_failure,engine,3.25,376.348388672,-0.189242035151,147,2.29342365265,-10.4512767792,94.726852417,0.407360762358,16.035577774,2.04095721245,0
1532135025422474288,76.418694048,carbonZ_2018-07-30-16-39-00_2_engine_failure,engine,3.25,376.348388672,-0.189242035151,147,2.29342365265,-10.4512767792,94.726852417,0.394775539637,16.0858364105,2.15063452721,0
1532135025460153136,76.456372896,carbonZ_2018-07-30-16-39-00_2_engine_failure,engine,3.48000001907,358.265106201,-0.155846387148,147,2.29342365265,-10.4512767792,94.726852417,0.376517772675,16.1408462524,2.22940301895,0
1532135025502449456,76.498669216,carbonZ_2018-07-30-16-39-00_2_engine_failure,engine,3.48000001907,358.265106201,-0.155846387148,147,2.29342365265,-10.4512767792,94.726852417,0.350553393364,16.2179317474,2.27394318581,0
1532135025564159056,76.560378816,carbonZ_2018-07-30-16-39-00_2_engine_failure,engine,3.73000001907,327.115447998,-0.133582621813,146,2.29342365265,-10.4512767792,94.726852417,0.324236273766,16.3256015778,2.30454730988,0
1532135025612421008,76.608640768,carbonZ_2018-07-30-16-39-00_2_engine_failure,engine,3.73000001907,327.115447998,-0.133582621813,146,4.2786026001,-10.5891475677,93.703742981,0.296282321215,16.4349498749,2.31428480148,0
1532135025652180304,76.648400064,carbonZ_2018-07-30-16-39-00_2_engine_failure,engine,3.99000000954,281.769470215,-0.122450731695,146,4.2786026001,-10.5891475677,93.703742981,0.276075512171,16.5063896179,2.3542265892,0
1532135025705747312,76.701967072,carbonZ_2018-07-30-16-39-00_2_engine_failure,engine,3.99000000954,281.769470215,-0.122450731695,146,4.2786026001,-10.5891475677,93.703742981,0.233192548156,16.618932724,2.33559751511,0
1532135025774999824,76.771219584,carbonZ_2018-07-30-16-39-00_2_engine_failure,engine,4.25,239.008911133,-0.111318841577,145,4.2786026001,-10.5891475677,93.703742981,0.188817664981,16.7320899963,2.27490401268,0
1532135025826049040,76.8222688,carbonZ_2018-07-30-16-39-00_2_engine_failure,engine,4.25,239.008911133,-0.111318841577,145,4.2786026001,-10.5891475677,93.703742981,0.15982824564,16.8031482697,2.23150706291,0
1532135025859920720,76.85614048,carbonZ_2018-07-30-16-39-00_2_engine_failure,engine,4.50999975204,183.603851318,-0.111318841577,145,4.2786026001,-10.5891475677,93.703742981,0.124009937048,16.8741588593,2.16805195808,0
1532135025893461744,76.889681504,carbonZ_2018-07-30-16-39-00_2_engine_failure,engine,4.50999975204,183.603851318,-0.111318841577,145,4.2786026001,-10.5891475677,93.703742981,0.0805348306894,16.9500961304,2.10951733589,0
1532135025985658096,76.981877856,carbonZ_2018-07-30-16-39-00_2_engine_failure,engine,4.73999977112,161.987014771,-0.122450731695,145,4.2786026001,-10.5891475677,93.703742981,0.0299390237778,17.0765991211,2.09607315063,0
1532135026026598672,77.022818432,carbonZ_2018-07-30-16-39-00_2_engine_failure,engine,4.73999977112,161.987014771,-0.122450731695,145,5.0821352005,-8.91642379761,93.996711731,0.0082697654143,17.1294269562,2.09350752831,0
1532135026052385072,77.048604832,carbonZ_2018-07-30-16-39-00_2_engine_failure,engine,4.96999979019,156.434249878,-0.14471450448,145,5.0821352005,-8.91642379761,93.996711731,-0.0081131272018,17.1631565094,2.08654046059,0
1532135026114704624,77.110924384,carbonZ_2018-07-30-16-39-00_2_engine_failure,engine,4.96999979019,156.434249878,-0.14471450448,145,5.0821352005,-8.91642379761,93.996711731,-0.050279956311,17.2546215057,2.13720393181,0
1532135026171499056,77.167718816,carbonZ_2018-07-30-16-39-00_2_engine_failure,engine,5.19999980927,143.273544312,-0.166978269815,144,5.0821352005,-8.91642379761,93.996711731,-0.0812636166811,17.3234081268,2.14814567566,0
1532135026222711376,77.218931136,carbonZ_2018-07-30-16-39-00_2_engine_failure,engine,5.19999980927,143.273544312,-0.166978269815,144,5.0821352005,-8.91642379761,93.996711731,-0.0999401137233,17.3677082062,2.15738582611,0
1532135026267390800,77.26361056,carbonZ_2018-07-30-16-39-00_2_engine_failure,engine,5.42999982834,136.709686279,-0.200373917818,144,3.37837600708,-7.54982805252,94.5965118408,-0.118409462273,17.427406311,2.10665988922,0
1532135026315169072,77.311388832,carbonZ_2018-07-30-16-39-00_2_engine_failure,engine,5.42999982834,136.709686279,-0.200373917818,144,3.37837600708,-7.54982805252,94.5965118408,-0.125651419163,17.473991394,2.02979230881,0
1532135026375151984,77.371371744,carbonZ_2018-07-30-16-39-00_2_engine_failure,engine,5.65999984741,113.967224121,-0.222637683153,144,3.37837600708,-7.54982805252,94.5965118408,-0.125461474061,17.5490970612,1.9075704813,0
1532135026396733968,77.392953728,carbonZ_2018-07-30-16-39-00_2_engine_failure,engine,5.65999984741,113.967224121,-0.222637683153,144,3.37837600708,-7.54982805252,94.5965118408,-0.125461474061,17.5490970612,1.9075704813,0
1532135026461954672,77.458174432,carbonZ_2018-07-30-16-39-00_2_engine_failure,engine,5.85999965668,81.3899993896,-0.256033331156,143,3.37837600708,-7.54982805252,94.5965118408,-0.108412444592,17.632019043,1.72769200802,0
1532135026486418096,77.482637856,carbonZ_2018-07-30-16-39-00_2_engine_failure,engine,5.85999965668,81.3899993896,-0.256033331156,143,3.37837600708,-7.54982805252,94.5965118408,-0.108412444592,17.632019043,1.72769200802,0
1532135026577631408,77.573851168,carbonZ_2018-07-30-16-39-00_2_engine_failure,engine,6.02999973297,72.0693588257,-0.289429008961,143,3.37837600708,-7.54982805252,94.5965118408,-0.077259324491,17.7401733398,1.46234381199,0
1532135026597145776,77.593365536,carbonZ_2018-07-30-16-39-00_2_engine_failure,engine,6.02999973297,72.0693588257,-0.289429008961,143,3.37837600708,-7.54982805252,94.5965118408,-0.0683610215783,17.7555713654,1.39486694336,0
1532135026659308080,77.65552784,carbonZ_2018-07-30-16-39-00_2_engine_failure,engine,6.17999982834,56.8223953247,-0.322824656963,143,-2.07903695107,-4.62452745438,95.9221420288,-0.0493261106312,17.8020458221,1.26838958263,0
1532135026696427632,77.692647392,carbonZ_2018-07-30-16-39-00_2_engine_failure,engine,6.17999982834,56.8223953247,-0.322824656963,143,-2.07903695107,-4.62452745438,95.9221420288,-0.0323308631778,17.8282852173,1.18379557133,0
1532135026791283856,77.787503616,carbonZ_2018-07-30-16-39-00_2_engine_failure,engine,6.2999997139,45.1641082764,-0.333956539631,143,-2.07903695107,-4.62452745438,95.9221420288,0.0227887555957,17.8821468353,0.900984048843,0
1532135026869401584,77.865621344,carbonZ_2018-07-30-16-39-00_2_engine_failure,engine,6.38999986649,17.2836303711,-0.356220304966,143,-2.07903695107,-4.62452745438,95.9221420288,0.0440138913691,17.9139556885,0.677414178848,0
1532135026901250192,77.897469952,carbonZ_2018-07-30-16-39-00_2_engine_failure,engine,6.38999986649,17.2836303711,-0.356220304966,143,-2.07903695107,-4.62452745438,95.9221420288,0.0631676763296,17.9266338348,0.520380079746,0
1532135026956913136,77.953132896,carbonZ_2018-07-30-16-39-00_2_engine_failure,engine,6.44000005722,-8.14571380615,-0.367352187634,142,-1.44146895409,-2.35600709915,95.7499313354,0.0897530168295,17.9346523285,0.327151954174,0
1532135027023823824,78.020043584,carbonZ_2018-07-30-16-39-00_2_engine_failure,engine,6.44000005722,-8.14571380615,-0.367352187634,142,-1.44146895409,-2.35600709915,95.7499313354,0.125549614429,17.9335727692,0.132773712277,0
1532135027071417008,78.067636768,carbonZ_2018-07-30-16-39-00_2_engine_failure,engine,6.46000003815,-28.6500930786,-0.367352187634,142,-1.44146895409,-2.35600709915,95.7499313354,0.146343648434,17.9310474396,0.0013822990004,0
1532135027101285168,78.097504928,carbonZ_2018-07-30-16-39-00_2_engine_failure,engine,6.46000003815,-28.6500930786,-0.367352187634,142,-1.44146895409,-2.35600709915,95.7499313354,0.146343648434,17.9310474396,0.0013822990004,0
1532135027157679472,78.153899232,carbonZ_2018-07-30-16-39-00_2_engine_failure,engine,6.44999980927,-51.8699645996,-0.378484070301,142,-1.44146895409,-2.35600709915,95.7499313354,0.204029932618,17.904914856,-0.365409582853,0
1532135027200602768,78.196822528,carbonZ_2018-07-30-16-39-00_2_engine_failure,engine,6.44999980927,-51.8699645996,-0.378484070301,142,-1.44146895409,-2.35600709915,95.7499313354,0.217005699873,17.893693924,-0.419586390257,0
1532135027259637008,78.255856768,carbonZ_2018-07-30-16-39-00_2_engine_failure,engine,6.39999961853,-66.5325164795,-0.367352187634,142,-0.374201506376,-0.330939203501,94.8034896851,0.240737646818,17.8661842346,-0.537167489529,0
1532135027303120208,78.299339968,carbonZ_2018-07-30-16-39-00_2_engine_failure,engine,6.39999961853,-66.5325164795,-0.367352187634,142,-0.374201506376,-0.330939203501,94.8034896851,0.240737646818,17.8661842346,-0.537167489529,0
1532135027373573136,78.369792896,carbonZ_2018-07-30-16-39-00_2_engine_failure,engine,6.33999967575,-76.0717391968,-0.367352187634,142,-0.374201506376,-0.330939203501,94.8034896851,0.31321644783,17.7783145905,-0.831003069878,0
1532135027409431472,78.405651232,carbonZ_2018-07-30-16-39-00_2_engine_failure,engine,6.33999967575,-76.0717391968,-0.367352187634,142,-0.374201506376,-0.330939203501,94.8034896851,0.31321644783,17.7783145905,-0.831003069878,0
1532135027469450800,78.46567056,carbonZ_2018-07-30-16-39-00_2_engine_failure,engine,6.25,-85.2869033813,-0.356220304966,142,-0.374201506376,-0.330939203501,94.8034896851,0.347137153149,17.711101532,-0.966429591179,0
1532135027494751536,78.490971296,carbonZ_2018-07-30-16-39-00_2_engine_failure,engine,6.25,-85.2869033813,-0.356220304966,142,-0.374201506376,-0.330939203501,94.8034896851,0.347137153149,17.711101532,-0.966429591179,0
1532135027565704080,78.56192384,carbonZ_2018-07-30-16-39-00_2_engine_failure,engine,6.15000009537,-86.6659164429,-0.333956539631,142,-0.374201506376,-0.330939203501,94.8034896851,0.393213182688,17.6434669495,-1.07090401649,0
1532135027609052656,78.605272416,carbonZ_2018-07-30-16-39-00_2_engine_failure,engine,6.15000009537,-86.6659164429,-0.333956539631,142,-0.374201506376,-0.330939203501,94.8034896851,0.420895278454,17.5635528564,-1.05126345158,0
1532135027701513424,78.697733184,carbonZ_2018-07-30-16-39-00_2_engine_failure,engine,6.02999973297,-74.7724533081,-0.311692774296,142,-0.188976183534,1.09808850288,95.1159896851,0.44295373559,17.5043716431,-1.03429722786,0
1532135027775580816,78.771800576,carbonZ_2018-07-30-16-39-00_2_engine_failure,engine,5.92000007629,-55.5318832397,-0.289429008961,142,-0.188976183534,1.09808850288,95.1159896851,0.46655228734,17.4247016907,-1.01291429996,0
1532135027820026128,78.816245888,carbonZ_2018-07-30-16-39-00_2_engine_failure,engine,5.92000007629,-55.5318832397,-0.289429008961,142,-0.188976183534,1.09808850288,95.1159896851,0.478964209557,17.3804950714,-1.02037394047,0
1532135027860704912,78.856924672,carbonZ_2018-07-30-16-39-00_2_engine_failure,engine,5.81999969482,-42.4779891968,-0.256033331156,142,-0.188976183534,1.09808850288,95.1159896851,0.486489146948,17.3108310699,-1.04810333252,0
1532135027900223152,78.896442912,carbonZ_2018-07-30-16-39-00_2_engine_failure,engine,5.81999969482,-42.4779891968,-0.256033331156,142,-0.188976183534,1.09808850288,95.1159896851,0.481380045414,17.2649421692,-1.05655872822,0
1532135027955711248,78.951931008,carbonZ_2018-07-30-16-39-00_2_engine_failure,engine,5.71000003815,-33.0593109131,-0.233769580722,143,-0.188976183534,1.09808850288,95.1159896851,0.474282830954,17.2025966644,-1.06300461292,0
1532135027994841200,78.99106096,carbonZ_2018-07-30-16-39-00_2_engine_failure,engine,5.71000003815,-33.0593109131,-0.233769580722,143,-0.188976183534,1.09808850288,95.1159896851,0.474282830954,17.2025966644,-1.06300461292,0
1532135028065424752,79.061644512,carbonZ_2018-07-30-16-39-00_2_engine_failure,engine,5.59999990463,-24.5584487915,-0.211505800486,143,-0.188976183534,1.09808850288,95.1159896851,0.456864386797,17.1030769348,-1.09184753895,0
1532135028103194352,79.099414112,carbonZ_2018-07-30-16-39-00_2_engine_failure,engine,5.59999990463,-24.5584487915,-0.211505800486,143,1.91057598591,1.67825210094,96.6826477051,0.441856682301,17.0584487915,-1.13644850254,0
1532135028155467312,79.151687072,carbonZ_2018-07-30-16-39-00_2_engine_failure,engine,5.48999977112,-17.692565918,-0.189242035151,143,1.91057598591,1.67825210094,96.6826477051,0.410982489586,16.9730358124,-1.19947969913,0
1532135028195577168,79.191796928,carbonZ_2018-07-30-16-39-00_2_engine_failure,engine,5.48999977112,-17.692565918,-0.189242035151,143,1.91057598591,1.67825210094,96.6826477051,0.410982489586,16.9730358124,-1.19947969913,0
1532135028228277040,79.2244968,carbonZ_2018-07-30-16-39-00_2_engine_failure,engine,5.48999977112,-17.692565918,-0.189242035151,143,1.91057598591,1.67825210094,96.6826477051,0.38795208931,16.8999080658,-1.19247615337,0
1532135028272649712,79.268869472,carbonZ_2018-07-30-16-39-00_2_engine_failure,engine,5.36999988556,-0.10871887207,-0.166978269815,143,1.91057598591,1.67825210094,96.6826477051,0.382925927639,16.8567752838,-1.18385612965,0
1532135028326420816,79.322640576,carbonZ_2018-07-30-16-39-00_2_engine_failure,engine,5.36999988556,-0.10871887207,-0.166978269815,143,1.91057598591,1.67825210094,96.6826477051,0.359392255545,16.7801628113,-1.1188775301,0
1532135028379703248,79.375923008,carbonZ_2018-07-30-16-39-00_2_engine_failure,engine,5.25,21.9321250916,-0.155846387148,143,1.91057598591,1.67825210094,96.6826477051,0.35074993968,16.7590274811,-1.10109639168,0
1532135028428728048,79.424947808,carbonZ_2018-07-30-16-39-00_2_engine_failure,engine,5.25,21.9321250916,-0.155846387148,143,1.91057598591,1.67825210094,96.6826477051,0.327890902758,16.6906280518,-1.03298652172,0
1532135028478132944,79.474352704,carbonZ_2018-07-30-16-39-00_2_engine_failure,engine,5.13999986649,38.1565093994,-0.14471450448,143,3.33904957771,1.38984262943,96.5456695557,0.320479124784,16.6511936188,-1.00159990788,0
1532135028531650480,79.52787024,carbonZ_2018-07-30-16-39-00_2_engine_failure,engine,5.13999986649,38.1565093994,-0.14471450448,143,3.33904957771,1.38984262943,96.5456695557,0.299626320601,16.5917835236,-0.930104017258,0
1532135028583473712,79.579693472,carbonZ_2018-07-30-16-39-00_2_engine_failure,engine,5.03999996185,52.0872116089,-0.133582621813,144,3.33904957771,1.38984262943,96.5456695557,0.280899047852,16.5582695007,-0.84680300951,0
1532135028669322224,79.665541984,carbonZ_2018-07-30-16-39-00_2_engine_failure,engine,4.96000003815,68.5098648071,-0.133582621813,144,3.33904957771,1.38984262943,96.5456695557,0.268003046513,16.4801235199,-0.676399409771,0
1532135028701964656,79.698184416,carbonZ_2018-07-30-16-39-00_2_engine_failure,engine,4.96000003815,68.5098648071,-0.133582621813,144,3.33904957771,1.38984262943,96.5456695557,0.255804508924,16.447807312,-0.587284624577,0
1532135028777456624,79.773676384,carbonZ_2018-07-30-16-39-00_2_engine_failure,engine,4.90000009537,98.1581726074,-0.133582621813,144,3.33904957771,1.38984262943,96.5456695557,0.258055478334,16.3861141205,-0.32774785161,0
1532135028869065392,79.865285152,carbonZ_2018-07-30-16-39-00_2_engine_failure,engine,4.86999988556,124.199966431,-0.122450731695,144,3.33904957771,1.38984262943,96.5456695557,0.259748667479,16.3440303802,-0.186682507396,0
1532135028895998672,79.892218432,carbonZ_2018-07-30-16-39-00_2_engine_failure,engine,4.86999988556,124.199966431,-0.122450731695,144,2.50590777397,-0.0736370161176,96.9103775024,0.265835076571,16.3314247131,-0.152851268649,0
1532135028909725264,79.905945024,carbonZ_2018-07-30-16-39-00_2_engine_failure,engine,4.86999988556,124.199966431,-0.122450731695,144,2.50590777397,-0.0736370161176,96.9103775024,0.265835076571,16.3314247131,-0.152851268649,0
1532135028998514224,79.994733984,carbonZ_2018-07-30-16-39-00_2_engine_failure,engine,4.85999965668,132.931137085,-0.122450731695,145,2.50590777397,-0.0736370161176,96.9103775024,0.262628793716,16.2762374878,0.0770389214158,0
1532135029072610192,80.068829952,carbonZ_2018-07-30-16-39-00_2_engine_failure,engine,4.88000011444,144.568344116,-0.111318841577,145,2.50590777397,-0.0736370161176,96.9103775024,0.251790583134,16.2380962372,0.262538433075,0
1532135029120080624,80.116300384,carbonZ_2018-07-30-16-39-00_2_engine_failure,engine,4.88000011444,144.568344116,-0.111318841577,145,2.50590777397,-0.0736370161176,96.9103775024,0.239413455129,16.2246437073,0.35269638896,0
1532135029181576848,80.177796608,carbonZ_2018-07-30-16-39-00_2_engine_failure,engine,4.92000007629,155.584243774,-0.0890550762415,145,2.50590777397,-0.0736370161176,96.9103775024,0.227955847979,16.2135677338,0.461109161377,0
1532135029238546512,80.234766272,carbonZ_2018-07-30-16-39-00_2_engine_failure,engine,4.92000007629,155.584243774,-0.0890550762415,145,2.50590777397,-0.0736370161176,96.9103775024,0.201517805457,16.2022819519,0.583153784275,0
1532135029294144976,80.290364736,carbonZ_2018-07-30-16-39-00_2_engine_failure,engine,4.98000001907,162.686340332,-0.0890550762415,145,2.50590777397,-0.0736370161176,96.9103775024,0.187089547515,16.194272995,0.672715604305,0
1532135029377377040,80.3735968,carbonZ_2018-07-30-16-39-00_2_engine_failure,engine,5.05999994278,169.977279663,-0.077923193574,146,2.64245605469,-2.19822978973,99.229927063,0.154541611671,16.1975040436,0.756662905216,0
1532135029397190096,80.393409856,carbonZ_2018-07-30-16-39-00_2_engine_failure,engine,5.05999994278,169.977279663,-0.077923193574,146,2.64245605469,-2.19822978973,99.229927063,0.1449893713,16.202999115,0.749512791634,0
1532135029505467792,80.501687552,carbonZ_2018-07-30-16-39-00_2_engine_failure,engine,5.15000009537,164.340789795,-0.077923193574,146,2.64245605469,-2.19822978973,99.229927063,0.102483861148,16.2136287689,0.745835900307,0
1532135029535382320,80.53160208,carbonZ_2018-07-30-16-39-00_2_engine_failure,engine,5.23999977112,146.942718506,-0.077923193574,146,2.64245605469,-2.19822978973,99.229927063,0.0787181928754,16.2406406403,0.710093736649,0
1532135029609519792,80.605739552,carbonZ_2018-07-30-16-39-00_2_engine_failure,engine,5.23999977112,146.942718506,-0.077923193574,146,2.64245605469,-2.19822978973,99.229927063,0.0634951591492,16.2634143829,0.690725982189,0
1532135029663985936,80.660205696,carbonZ_2018-07-30-16-39-00_2_engine_failure,engine,5.32999992371,133.856781006,-0.077923193574,147,2.64245605469,-2.19822978973,99.229927063,0.055539265275,16.2710418701,0.67214256525,0
1532135029690870384,80.687090144,carbonZ_2018-07-30-16-39-00_2_engine_failure,engine,5.32999992371,133.856781006,-0.077923193574,147,1.88181507587,-3.12181091309,99.3581008911,0.0438431762159,16.2876014709,0.712090909481,0
1532135029791845296,80.788065056,carbonZ_2018-07-30-16-39-00_2_engine_failure,engine,5.40999984741,132.88230896,-0.0890550762415,147,1.88181507587,-3.12181091309,99.3581008911,0.025830399245,16.3146247864,0.7884760499,0
1532135029850539600,80.84675936,carbonZ_2018-07-30-16-39-00_2_engine_failure,engine,5.5,122.517967224,-0.100186958909,148,1.88181507587,-3.12181091309,99.3581008911,0.0181697420776,16.3462524414,0.804449558258,0
1532135029911014896,80.907234656,carbonZ_2018-07-30-16-39-00_2_engine_failure,engine,5.5,122.517967224,-0.100186958909,148,1.88181507587,-3.12181091309,99.3581008911,0.0175582934171,16.3623523712,0.823161005974,0
1532135029973203024,80.969422784,carbonZ_2018-07-30-16-39-00_2_engine_failure,engine,5.59999990463,115.908813477,-0.111318841577,148,1.88181507587,-3.12181091309,99.3581008911,0.0178508609533,16.3965473175,0.86905258894,0
1532135030008959184,81.005178944,carbonZ_2018-07-30-16-39-00_2_engine_failure,engine,5.59999990463,115.908813477,-0.111318841577,148,1.88181507587,-3.12181091309,99.3581008911,0.0128054572269,16.4086532593,0.901609122753,0
1532135030064707568,81.060927328,carbonZ_2018-07-30-16-39-00_2_engine_failure,engine,5.69999980927,109.059997559,-0.122450731695,149,1.88181507587,-3.12181091309,99.3581008911,0.0099246930331,16.432012558,0.919147372246,0
1532135030109502896,81.105722656,carbonZ_2018-07-30-16-39-00_2_engine_failure,engine,5.69999980927,109.059997559,-0.122450731695,149,0.902562320232,-3.59066081047,98.8812255859,0.00789846573025,16.4529056549,0.937413692474,0
1532135030168491632,81.164711392,carbonZ_2018-07-30-16-39-00_2_engine_failure,engine,5.80999994278,101.068115234,-0.133582621813,149,0.902562320232,-3.59066081047,98.8812255859,-0.00113595847506,16.4915008545,0.958217382431,0
1532135030249797296,81.246017056,carbonZ_2018-07-30-16-39-00_2_engine_failure,engine,5.92000007629,99.5279312134,-0.14471450448,149,0.902562320232,-3.59066081047,98.8812255859,-0.00891796592623,16.5163726807,1.00067102909,0
1532135030303833104,81.300052864,carbonZ_2018-07-30-16-39-00_2_engine_failure,engine,5.92000007629,99.5279312134,-0.14471450448,149,0.902562320232,-3.59066081047,98.8812255859,-0.00449330313131,16.5433139801,0.995552182198,0
1532135030371838544,81.368058304,carbonZ_2018-07-30-16-39-00_2_engine_failure,engine,6.03999996185,111.601638794,-0.155846387148,150,0.902562320232,-3.59066081047,98.8812255859,-0.00259316340089,16.5782775879,1.00879132748,0
1532135030436056336,81.432276096,carbonZ_2018-07-30-16-39-00_2_engine_failure,engine,6.03999996185,111.601638794,-0.155846387148,150,0.902562320232,-3.59066081047,98.8812255859,-0.00233406410553,16.5909023285,1.01965498924,0
1532135030469373040,81.4655928,carbonZ_2018-07-30-16-39-00_2_engine_failure,engine,6.15000009537,112.555786133,-0.166978269815,150,0.902562320232,-3.59066081047,98.8812255859,-0.00180007517338,16.603307724,1.0309997797,0
1532135030574964752,81.571184512,carbonZ_2018-07-30-16-39-00_2_engine_failure,engine,6.26999998093,102.659225464,-0.17967748642,151,0.450318276882,-3.24460315704,98.8234481812,0.0129701998085,16.6376132965,1.0137591362,0
1532135030637161296,81.633381056,carbonZ_2018-07-30-16-39-00_2_engine_failure,engine,6.26999998093,102.659225464,-0.17967748642,151,0.450318276882,-3.24460315704,98.8234481812,0.0256507433951,16.6569576263,0.975383043289,0
1532135030702539536,81.698759296,carbonZ_2018-07-30-16-39-00_2_engine_failure,engine,6.38999986649,89.4149780273,-0.190714791417,152,0.450318276882,-3.24460315704,98.8234481812,0.045268189162,16.6873054504,0.894061267376,0
1532135030722186768,81.718406528,carbonZ_2018-07-30-16-39-00_2_engine_failure,engine,6.38999986649,89.4149780273,-0.190714791417,152,0.450318276882,-3.24460315704,98.8234481812,0.0592722184956,16.700630188,0.898108839989,0
1532135030796172560,81.79239232,carbonZ_2018-07-30-16-39-00_2_engine_failure,engine,6.5,73.7772979736,-0.190619707108,152,0.450318276882,-3.24460315704,98.8234481812,0.0886623486876,16.7182750702,0.890929102898,0
1532135030861944048,81.858163808,carbonZ_2018-07-30-16-39-00_2_engine_failure,engine,6.59999990463,77.7614593506,-0.273327499628,153,0.450318276882,-3.24460315704,98.8234481812,0.105512157083,16.7373905182,0.887939572334,0
1532135030907540368,81.903760128,carbonZ_2018-07-30-16-39-00_2_engine_failure,engine,6.59999990463,77.7614593506,-0.273327499628,153,-0.845833301544,-2.45924496651,99.0876998901,0.109621793032,16.7522411346,0.851764559746,0
1532135030951550448,81.947770208,carbonZ_2018-07-30-16-39-00_2_engine_failure,engine,6.69000005722,65.2512512207,-0.2675575912,153,-0.845833301544,-2.45924496651,99.0876998901,0.10287027061,16.7802791595,0.772949516773,0
1532135031000269808,81.996489568,carbonZ_2018-07-30-16-39-00_2_engine_failure,engine,6.69000005722,65.2512512207,-0.2675575912,153,-0.845833301544,-2.45924496651,99.0876998901,0.103222951293,16.7919712067,0.720189988613,0
1532135031060733200,82.05695296,carbonZ_2018-07-30-16-39-00_2_engine_failure,engine,6.76999998093,64.8499450684,-0.460585087538,154,-0.845833301544,-2.45924496651,99.0876998901,0.100451461971,16.8104839325,0.612485706806,0
1532135031111553648,82.107773408,carbonZ_2018-07-30-16-39-00_2_engine_failure,engine,6.76999998093,64.8499450684,-0.460585087538,154,-0.845833301544,-2.45924496651,99.0876998901,0.098865814507,16.8219890594,0.541743159294,0
1532135031174926480,82.17114624,carbonZ_2018-07-30-16-39-00_2_engine_failure,engine,6.83999967575,62.1969223022,-0.441085040569,155,-0.845833301544,-2.45924496651,99.0876998901,0.0885796248913,16.842382431,0.447362393141,0
1532135031214639632,82.210859392,carbonZ_2018-07-30-16-39-00_2_engine_failure,engine,6.83999967575,62.1969223022,-0.441085040569,155,-0.845833301544,-2.45924496651,99.0876998901,0.0873381644487,16.8414230347,0.394202232361,0
1532135031248182928,82.244402688,carbonZ_2018-07-30-16-39-00_2_engine_failure,engine,6.88999986649,61.5556716919,-0.421684503555,155,-0.845833301544,-2.45924496651,99.0876998901,0.0825331956148,16.8428459167,0.323079526424,0
1532135031318916048,82.315135808,carbonZ_2018-07-30-16-39-00_2_engine_failure,engine,6.88999986649,61.5556716919,-0.421684503555,155,-0.845833301544,-2.45924496651,99.0876998901,0.0870288535953,16.8467636108,0.290857553482,0
1532135031422603728,82.418823488,carbonZ_2018-07-30-16-39-00_2_engine_failure,engine,6.92999982834,49.5047569275,-1.06428480148,156,1.43497264385,-0.942798733711,97.8724594116,0.0989475175738,16.8458900452,0.196118876338,0
1532135031470001360,82.46622112,carbonZ_2018-07-30-16-39-00_2_engine_failure,engine,6.96000003815,47.2808837891,-1.00058758259,157,1.43497264385,-0.942798733711,97.8724594116,0.0995104014874,16.849905014,0.162658825517,0
1532135031518556752,82.514776512,carbonZ_2018-07-30-16-39-00_2_engine_failure,engine,6.96000003815,47.2808837891,-1.00058758259,157,1.43497264385,-0.942798733711,97.8724594116,0.10689471662,16.8479766846,0.144073963165,0
1532135031573539984,82.569759744,carbonZ_2018-07-30-16-39-00_2_engine_failure,engine,6.98000001907,43.918132782,-1.69441497326,157,1.43497264385,-0.942798733711,97.8724594116,0.106773026288,16.8547496796,0.115440741181,0
1532135031620853296,82.617073056,carbonZ_2018-07-30-16-39-00_2_engine_failure,engine,6.98000001907,43.918132782,-1.69441497326,157,1.43497264385,-0.942798733711,97.8724594116,0.107679843903,16.8476142883,0.101295106113,0
1532135031661296208,82.657515968,carbonZ_2018-07-30-16-39-00_2_engine_failure,engine,7.0,49.2004394531,-1.56991529465,158,1.43497264385,-0.942798733711,97.8724594116,0.103873431683,16.8423576355,0.103372059762,0
1532135031710328976,82.706548736,carbonZ_2018-07-30-16-39-00_2_engine_failure,engine,7.0,49.2004394531,-1.56991529465,158,1.43497264385,-0.942798733711,97.8724594116,0.104661159217,16.8324985504,0.103206247091,0
1532135031778533840,82.7747536,carbonZ_2018-07-30-16-39-00_2_engine_failure,engine,7.00999975204,50.6155967712,-1.45593965054,159,1.43497264385,-0.942798733711,97.8724594116,0.103737063706,16.8317909241,0.131667241454,0
1532135031813909072,82.810128832,carbonZ_2018-07-30-16-39-00_2_engine_failure,engine,7.00999975204,50.6155967712,-1.45593965054,159,1.43497264385,-0.942798733711,97.8724594116,0.103834211826,16.8225688934,0.123467251658,0
1532135031883746928,82.879966688,carbonZ_2018-07-30-16-39-00_2_engine_failure,engine,7.01999998093,52.6858329773,-2.92290616035,159,2.12000632286,-0.113955944777,97.6920089722,0.0963951721787,16.8131752014,0.100674293935,0
1532135031996181680,82.99240144,carbonZ_2018-07-30-16-39-00_2_engine_failure,engine,7.02999973297,41.4045333862,-2.69299411774,160,2.12000632286,-0.113955944777,97.6920089722,0.0915500149131,16.7975635529,0.0542587302625,0
1532135032063488144,83.059707904,carbonZ_2018-07-30-16-39-00_2_engine_failure,engine,7.03999996185,41.4140701294,-3.87286520004,161,2.12000632286,-0.113955944777,97.6920089722,0.0695491954684,16.7849121094,0.0193518362939,0
1532135032092631824,83.088851584,carbonZ_2018-07-30-16-39-00_2_engine_failure,engine,7.03999996185,41.4140701294,-3.87286520004,161,2.12000632286,-0.113955944777,97.6920089722,0.0495295152068,16.7759304047,0.00962707865983,0
1532135032179674640,83.1758944,carbonZ_2018-07-30-16-39-00_2_engine_failure,engine,7.03999996185,28.8252830505,-3.55925273895,162,2.12000632286,-0.113955944777,97.6920089722,0.00663361977786,16.7566738129,-0.0499981418252,0
1532135032206119280,83.20233904,carbonZ_2018-07-30-16-39-00_2_engine_failure,engine,7.03999996185,28.8252830505,-3.55925273895,162,2.12000632286,-0.113955944777,97.6920089722,-0.0219928491861,16.7377872467,-0.0859098210931,0
1532135032269866160,83.26608592,carbonZ_2018-07-30-16-39-00_2_engine_failure,engine,7.03999996185,10.4381561279,-3.24724817276,162,2.12000632286,-0.113955944777,97.6920089722,-0.055489230901,16.7218494415,-0.119230441749,0
1532135032313076368,83.309296128,carbonZ_2018-07-30-16-39-00_2_engine_failure,engine,7.03999996185,10.4381561279,-3.24724817276,162,5.02485656738,0.624407887459,98.7772903442,-0.112148106098,16.7063388824,-0.161874368787,0
1532135032367579184,83.363798944,carbonZ_2018-07-30-16-39-00_2_engine_failure,engine,7.02999973297,3.22771072388,-5.29156160355,163,5.02485656738,0.624407887459,98.7772903442,-0.165922030807,16.68034935,-0.227618813515,0
1532135032425374576,83.421594336,carbonZ_2018-07-30-16-39-00_2_engine_failure,engine,7.02999973297,3.22771072388,-5.29156160355,163,5.02485656738,0.624407887459,98.7772903442,-0.210700437427,16.6618175507,-0.248944535851,0
1532135032475300496,83.471520256,carbonZ_2018-07-30-16-39-00_2_engine_failure,engine,7.00999975204,-0.976753234863,-4.84439134598,164,5.02485656738,0.624407887459,98.7772903442,-0.255359679461,16.6449546814,-0.258498966694,0
1532135032506439376,83.502659136,carbonZ_2018-07-30-16-39-00_2_engine_failure,engine,7.00999975204,-0.976753234863,-4.84439134598,164,5.02485656738,0.624407887459,98.7772903442,-0.298341393471,16.6277217865,-0.262613207102,0
1532135032534850960,83.53107072,carbonZ_2018-07-30-16-39-00_2_engine_failure,engine,6.98999977112,-5.25131225586,-6.1015753746,165,5.02485656738,0.624407887459,98.7772903442,-0.298341393471,16.6277217865,-0.262613207102,0
1532135032609880592,83.606100352,carbonZ_2018-07-30-16-39-00_2_engine_failure,engine,6.98999977112,-5.25131225586,-6.1015753746,165,8.81498241425,1.40609228611,98.7477645874,-0.445006757975,16.5617599487,-0.268065273762,0
1532135032619761968,83.615981728,carbonZ_2018-07-30-16-39-00_2_engine_failure,engine,6.98999977112,-5.25131225586,-6.1015753746,165,8.81498241425,1.40609228611,98.7477645874,-0.445006757975,16.5617599487,-0.268065273762,0
1532135032674872272,83.671092032,carbonZ_2018-07-30-16-39-00_2_engine_failure,engine,6.96999979019,-6.34460449219,-5.57891082764,166,8.81498241425,1.40609228611,98.7477645874,-0.520270943642,16.5178108215,-0.267275094986,0
1532135032720428464,83.716648224,carbonZ_2018-07-30-16-39-00_2_engine_failure,engine,6.96999979019,-6.34460449219,-5.57891082764,166,8.81498241425,1.40609228611,98.7477645874,-0.574943244457,16.4944286346,-0.248848378658,0
1532135032753093040,83.7493128,carbonZ_2018-07-30-16-39-00_2_engine_failure,engine,6.94999980927,-6.35871887207,-7.64886331558,166,8.81498241425,1.40609228611,98.7477645874,-0.633873581886,16.4713344574,-0.226628109813,0
1532135032799006000,83.79522576,carbonZ_2018-07-30-16-39-00_2_engine_failure,engine,6.94999980927,-6.35871887207,-7.64886331558,166,8.81498241425,1.40609228611,98.7477645874,-0.695476174355,16.444562912,-0.200702801347,0
1532135032849961104,83.846180864,carbonZ_2018-07-30-16-39-00_2_engine_failure,engine,6.92999982834,-5.39875030518,-6.98984336853,167,8.81498241425,1.40609228611,98.7477645874,-0.803397536278,16.4021949768,-0.154687017202,0
1532135032895975312,83.892195072,carbonZ_2018-07-30-16-39-00_2_engine_failure,engine,6.92999982834,-5.39875030518,-6.98984336853,167,8.81498241425,1.40609228611,98.7477645874,-0.910007596016,16.3547515869,-0.148320108652,0
1532135032963990064,83.960209824,carbonZ_2018-07-30-16-39-00_2_engine_failure,engine,6.92000007629,-7.96890258789,-6.35450696945,168,14.7211036682,1.38958418369,99.9344482422,-0.994896113873,16.3268547058,-0.144202411175,0
1532135033001726416,83.997946176,carbonZ_2018-07-30-16-39-00_2_engine_failure,engine,6.92000007629,-7.96890258789,-6.35450696945,168,14.7211036682,1.38958418369,99.9344482422,-1.08342647552,16.2946224213,-0.132841721177,0
1532135033049995792,84.046215552,carbonZ_2018-07-30-16-39-00_2_engine_failure,engine,6.90999984741,-1.26266479492,-7.38305044174,169,14.7211036682,1.38958418369,99.9344482422,-1.26534545422,16.2253055573,-0.0793417990208,0
1532135033094259216,84.090478976,carbonZ_2018-07-30-16-39-00_2_engine_failure,engine,6.90999984741,-1.26266479492,-7.38305044174,169,14.7211036682,1.38958418369,99.9344482422,-1.31491947174,16.2129936218,-0.0691774189472,0
1532135033161807504,84.158027264,carbonZ_2018-07-30-16-39-00_2_engine_failure,engine,6.89999961853,-4.41036224365,-6.69162750244,169,14.7211036682,1.38958418369,99.9344482422,-1.45382285118,16.1644382477,-0.0112054795027,0
1532135033200646512,84.196866272,carbonZ_2018-07-30-16-39-00_2_engine_failure,engine,6.89999961853,-4.41036224365,-6.69162750244,169,14.7211036682,1.38958418369,99.9344482422,-1.5491707325,16.13230896,0.0257590841502,0
1532135033245448112,84.241667872,carbonZ_2018-07-30-16-39-00_2_engine_failure,engine,6.90999984741,3.26375961304,-8.5569190979,170,14.7211036682,1.38958418369,99.9344482422,-1.74973356724,16.0620689392,0.0950764417648,0
1532135033314032912,84.310252672,carbonZ_2018-07-30-16-39-00_2_engine_failure,engine,6.90999984741,3.26375961304,-8.5569190979,170,14.7211036682,1.38958418369,99.9344482422,-1.80489635468,16.0508079529,0.102349802852,0
1532135033346614352,84.342834112,carbonZ_2018-07-30-16-39-00_2_engine_failure,engine,6.92000007629,-4.60271835327,-7.77664518356,171,18.9084873199,0.668453216553,102.573791504,-1.95437157154,16.0025730133,0.178418904543,0
1532135033434477968,84.430697728,carbonZ_2018-07-30-16-39-00_2_engine_failure,engine,6.94999980927,-3.46021652222,-7.01924562454,172,18.9084873199,0.668453216553,102.573791504,-2.17529153824,15.9283771515,0.24919718504,0
1532135033473832016,84.470051776,carbonZ_2018-07-30-16-39-00_2_engine_failure,engine,6.94999980927,-3.46021652222,-7.01924562454,172,18.9084873199,0.668453216553,102.573791504,-2.29075479507,15.8942661285,0.282702624798,0
1532135033505493168,84.501712928,carbonZ_2018-07-30-16-39-00_2_engine_failure,engine,6.94999980927,-3.46021652222,-7.01924562454,172,18.9084873199,0.668453216553,102.573791504,-2.3497467041,15.8769893646,0.283140718937,0
1532135033533662384,84.529882144,carbonZ_2018-07-30-16-39-00_2_engine_failure,engine,6.94999980927,-3.46021652222,-7.01924562454,172,18.9084873199,0.668453216553,102.573791504,-2.47114706039,15.8416528702,0.311590343714,0
1532135033603675088,84.599894848,carbonZ_2018-07-30-16-39-00_2_engine_failure,engine,6.98000001907,-4.38013076782,-7.91469240189,172,18.9084873199,0.668453216553,102.573791504,-2.66914796829,15.7928447723,0.360914856195,0
1532135033629352880,84.62557264,carbonZ_2018-07-30-16-39-00_2_engine_failure,engine,6.98000001907,-4.38013076782,-7.91469240189,172,18.9084873199,0.668453216553,102.573791504,-2.80766391754,15.7482643127,0.380464822054,0
1532135033690614736,84.686834496,carbonZ_2018-07-30-16-39-00_2_engine_failure,engine,7.01999998093,-7.53173828125,-7.1288728714,173,18.9084873199,0.668453216553,102.573791504,-3.02427983284,15.6846199036,0.380024045706,0
1532135033743186576,84.739406336,carbonZ_2018-07-30-16-39-00_2_engine_failure,engine,7.05999994278,-22.0680236816,-7.16219186783,174,18.9084873199,0.668453216553,102.573791504,-3.17705750465,15.6453990936,0.385409504175,0
1532135033831434000,84.82765376,carbonZ_2018-07-30-16-39-00_2_engine_failure,engine,7.05999994278,-22.0680236816,-7.16219186783,174,23.8173999786,-0.2393514961,107.489219666,-3.49082803726,15.5570497513,0.39985871315,0
1532135033840638800,84.83685856,carbonZ_2018-07-30-16-39-00_2_engine_failure,engine,7.05999994278,-22.0680236816,-7.16219186783,174,23.8173999786,-0.2393514961,107.489219666,-3.56461644173,15.524939537,0.408939599991,0
1532135033869679920,84.86589968,carbonZ_2018-07-30-16-39-00_2_engine_failure,engine,7.10999965668,-39.4180297852,-6.38962459564,174,23.8173999786,-0.2393514961,107.489219666,-3.73145341873,15.4741249084,0.405687868595,0
1532135033972233872,84.968453632,carbonZ_2018-07-30-16-39-00_2_engine_failure,engine,7.15999984741,-42.102432251,-8.90991401672,175,23.8173999786,-0.2393514961,107.489219666,-4.23779916763,15.3079433441,0.419935613871,0
1532135034035814736,85.032034496,carbonZ_2018-07-30-16-39-00_2_engine_failure,engine,7.19999980927,-50.6209373474,-8.02373790741,175,23.8173999786,-0.2393514961,107.489219666,-4.49781847,15.2085065842,0.443614810705,0
1532135034092687792,85.088907552,carbonZ_2018-07-30-16-39-00_2_engine_failure,engine,7.19999980927,-50.6209373474,-8.02373790741,175,23.8173999786,-0.2393514961,107.489219666,-4.67876243591,15.1356964111,0.427634894848,0
1532135034148250800,85.14447056,carbonZ_2018-07-30-16-39-00_2_engine_failure,engine,7.25,-76.3350524902,-7.19142627716,176,23.8173999786,-0.2393514961,107.489219666,-4.95366048813,15.0163984299,0.376716941595,0
1532135034190730384,85.186950144,carbonZ_2018-07-30-16-39-00_2_engine_failure,engine,7.25,-76.3350524902,-7.19142627716,176,23.8173999786,-0.2393514961,107.489219666,-5.05028152466,14.9821357727,0.376565009356,0
1532135034237834640,85.2340544,carbonZ_2018-07-30-16-39-00_2_engine_failure,engine,7.25,-76.3350524902,-7.19142627716,176,28.2156772614,-0.0786120593548,113.947731018,-5.33052921295,14.8325519562,0.330610096455,0
1532135034313967216,85.310186976,carbonZ_2018-07-30-16-39-00_2_engine_failure,engine,7.28999996185,-102.187255859,-7.19043445587,176,28.2156772614,-0.0786120593548,113.947731018,-5.60656833649,14.6990537643,0.337296396494,0
1532135034330069168,85.326288928,carbonZ_2018-07-30-16-39-00_2_engine_failure,engine,7.28999996185,-102.187255859,-7.19043445587,176,28.2156772614,-0.0786120593548,113.947731018,-5.69136857986,14.6496515274,0.334942817688,0
1532135034341013712,85.337233472,carbonZ_2018-07-30-16-39-00_2_engine_failure,engine,7.32999992371,-110.701942444,-6.41381168365,177,28.2156772614,-0.0786120593548,113.947731018,-5.87340784073,14.5589160919,0.339272230864,0
1532135034413319440,85.4095392,carbonZ_2018-07-30-16-39-00_2_engine_failure,engine,7.32999992371,-110.701942444,-6.41381168365,177,28.2156772614,-0.0786120593548,113.947731018,-6.15766525269,14.4089164734,0.345279842615,0
1532135034470437328,85.466657088,carbonZ_2018-07-30-16-39-00_2_engine_failure,engine,7.36999988556,-121.4427948,-8.95186805725,177,28.2156772614,-0.0786120593548,113.947731018,-6.42959880829,14.2471256256,0.34364798665,0
1532135034517301744,85.513521504,carbonZ_2018-07-30-16-39-00_2_engine_failure,engine,7.36999988556,-121.4427948,-8.95186805725,177,28.2156772614,-0.0786120593548,113.947731018,-6.60798978806,14.1423301697,0.355151772499,0
1532135034558379632,85.554599392,carbonZ_2018-07-30-16-39-00_2_engine_failure,engine,7.40999984741,-129.688262939,-8.07671642303,177,28.2156772614,-0.0786120593548,113.947731018,-6.79278039932,14.0358991623,0.358427673578,0
1532135034614939696,85.611159456,carbonZ_2018-07-30-16-39-00_2_engine_failure,engine,7.40999984741,-129.688262939,-8.07671642303,177,28.2156772614,-0.0786120593548,113.947731018,-6.96955013275,13.9201526642,0.359787076712,0
1532135034645233840,85.6414536,carbonZ_2018-07-30-16-39-00_2_engine_failure,engine,7.44999980927,-140.672485352,-7.26001834869,178,29.8898029327,0.414320975542,121.323776245,-7.34037923813,13.6671590805,0.331532984972,0
1532135034709922352,85.706142112,carbonZ_2018-07-30-16-39-00_2_engine_failure,engine,7.44999980927,-140.672485352,-7.26001834869,178,29.8898029327,0.414320975542,121.323776245,-7.43451833725,13.6040067673,0.311619341373,0
1532135034746278576,85.742498336,carbonZ_2018-07-30-16-39-00_2_engine_failure,engine,7.48999977112,-154.787261963,-7.27878570557,178,29.8898029327,0.414320975542,121.323776245,-7.79807949066,13.3487844467,0.266099572182,0
1532135034825010032,85.821229792,carbonZ_2018-07-30-16-39-00_2_engine_failure,engine,7.48999977112,-154.787261963,-7.27878570557,178,29.8898029327,0.414320975542,121.323776245,-7.96969652176,13.2033529282,0.262519031763,0
1532135034865907408,85.862127168,carbonZ_2018-07-30-16-39-00_2_engine_failure,engine,7.50999975204,-164.933776855,-6.51801156998,178,29.8898029327,0.414320975542,121.323776245,-8.14239406586,13.0645065308,0.254645943642,0
1532135034913505360,85.90972512,carbonZ_2018-07-30-16-39-00_2_engine_failure,engine,7.50999975204,-164.933776855,-6.51801156998,178,30.4804496765,0.792069613934,125.958992004,-8.3141412735,12.9253435135,0.248658433557,0
1532135034994492368,85.990712128,carbonZ_2018-07-30-16-39-00_2_engine_failure,engine,7.53999996185,-166.791351318,-8.21309661865,178,30.4804496765,0.792069613934,125.958992004,-8.71562767029,12.5775899887,0.276496052742,0
1532135035086022672,86.082242432,carbonZ_2018-07-30-16-39-00_2_engine_failure,engine,7.55999994278,-159.479614258,-7.41834115982,178,30.4804496765,0.792069613934,125.958992004,-9.0189409256,12.2713136673,0.306309849024,0
1532135035109934832,86.106154592,carbonZ_2018-07-30-16-39-00_2_engine_failure,engine,7.55999994278,-159.479614258,-7.41834115982,178,30.4804496765,0.792069613934,125.958992004,-9.10027885437,12.1944932938,0.320108473301,0
1532135035133721680,86.12994144,carbonZ_2018-07-30-16-39-00_2_engine_failure,engine,7.58999967575,-160.187057495,-6.66306495667,179,30.4804496765,0.792069613934,125.958992004,-9.10027885437,12.1944932938,0.320108473301,0
1532135035189494800,86.18571456,carbonZ_2018-07-30-16-39-00_2_engine_failure,engine,7.58999967575,-160.187057495,-6.66306495667,179,30.4804496765,0.792069613934,125.958992004,-9.4610786438,11.8101930618,0.36594671011,0
1532135035265559760,86.26177952,carbonZ_2018-07-30-16-39-00_2_engine_failure,engine,7.61999988556,-164.654251099,-7.52608776093,179,31.4086837769,0.941062688828,132.468185425,-9.73696804047,11.4823303223,0.436932832003,0
1532135035311258512,86.307478272,carbonZ_2018-07-30-16-39-00_2_engine_failure,engine,7.61999988556,-164.654251099,-7.52608776093,179,31.4086837769,0.941062688828,132.468185425,-9.87804222107,11.3200836182,0.455522745848,0
1532135035373239056,86.369458816,carbonZ_2018-07-30-16-39-00_2_engine_failure,engine,7.65999984741,-163.876815796,-6.7930431366,179,31.4086837769,0.941062688828,132.468185425,-10.0867776871,11.0731496811,0.488503158092,0
1532135035394878352,86.391098112,carbonZ_2018-07-30-16-39-00_2_engine_failure,engine,7.65999984741,-163.876815796,-6.7930431366,179,31.4086837769,0.941062688828,132.468185425,-10.1567687988,10.9729967117,0.483582019806,0
1532135035475641040,86.4718608,carbonZ_2018-07-30-16-39-00_2_engine_failure,engine,7.71000003815,-158.670898438,-8.38891506195,179,31.4086837769,0.941062688828,132.468185425,-10.4456768036,10.6079130173,0.450001358986,0
1532135035504216080,86.50043584,carbonZ_2018-07-30-16-39-00_2_engine_failure,engine,7.71000003815,-158.670898438,-8.38891506195,179,31.4086837769,0.941062688828,132.468185425,-10.5165929794,10.517791748,0.446368575096,0
1532135035553639312,86.549859072,carbonZ_2018-07-30-16-39-00_2_engine_failure,engine,7.75,-169.880203247,-7.61986923218,179,31.4086837769,0.941062688828,132.468185425,-10.7313537598,10.2441930771,0.39528170228,0
1532135035615403056,86.611622816,carbonZ_2018-07-30-16-39-00_2_engine_failure,engine,7.75,-169.880203247,-7.61986923218,179,31.4086837769,0.941062688828,132.468185425,-10.9286251068,9.96105766296,0.359826475382,0
1532135035660498960,86.65671872,carbonZ_2018-07-30-16-39-00_2_engine_failure,engine,7.77999973297,-180.268188477,-6.92357826233,178,31.4086837769,0.941062688828,132.468185425,-11.0490427017,9.77560329437,0.355959832668,0
1532135035700509840,86.6967296,carbonZ_2018-07-30-16-39-00_2_engine_failure,engine,7.77999973297,-180.268188477,-6.92357826233,178,29.6819286346,1.39590227604,141.384780884,-11.1765193939,9.58849906921,0.332799017429,0
1532135035734682352,86.730902112,carbonZ_2018-07-30-16-39-00_2_engine_failure,engine,7.77999973297,-180.268188477,-6.92357826233,178,29.6819286346,1.39590227604,141.384780884,-11.2929468155,9.40318393707,0.309715300798,0
1532135035772816464,86.769036224,carbonZ_2018-07-30-16-39-00_2_engine_failure,engine,7.7999997139,-186.940856934,-6.92563009262,178,29.6819286346,1.39590227604,141.384780884,-11.4188890457,9.21721458435,0.290490716696,0
1532135035852352400,86.84857216,carbonZ_2018-07-30-16-39-00_2_engine_failure,engine,7.81999969482,-182.652099609,-6.30034017563,178,29.6819286346,1.39590227604,141.384780884,-11.6379165649,8.81570911407,0.282816231251,0
1532135035878135536,86.874355296,carbonZ_2018-07-30-16-39-00_2_engine_failure,engine,7.81999969482,-182.652099609,-6.30034017563,178,29.6819286346,1.39590227604,141.384780884,-11.6839380264,8.72305297852,0.295046031475,0
1532135035913412944,86.909632704,carbonZ_2018-07-30-16-39-00_2_engine_failure,engine,7.81999969482,-182.652099609,-6.30034017563,178,29.6819286346,1.39590227604,141.384780884,-11.7884559631,8.54559230804,0.314256936312,0
1532135035968417936,86.964637696,carbonZ_2018-07-30-16-39-00_2_engine_failure,engine,7.83999967575,-177.914047241,-7.4192199707,178,29.6819286346,1.39590227604,141.384780884,-11.9395179749,8.27886199951,0.347958922386,0
1532135036017143536,87.013363296,carbonZ_2018-07-30-16-39-00_2_engine_failure,engine,7.83999967575,-177.914047241,-7.4192199707,178,30.357963562,1.63246691227,147.422317505,-12.0342082977,8.07393836975,0.35489860177,0
1532135036058487248,87.054707008,carbonZ_2018-07-30-16-39-00_2_engine_failure,engine,7.85999965668,-177.232940674,-6.8077173233,178,30.357963562,1.63246691227,147.422317505,-12.1259384155,7.87094211578,0.353587031364,0
1532135036107094928,87.103314688,carbonZ_2018-07-30-16-39-00_2_engine_failure,engine,7.85999965668,-177.232940674,-6.8077173233,178,30.357963562,1.63246691227,147.422317505,-12.2183017731,7.67870426178,0.352116554976,0
1532135036149412464,87.145632224,carbonZ_2018-07-30-16-39-00_2_engine_failure,engine,7.8799996376,-178.604888916,-7.11492824554,177,30.357963562,1.63246691227,147.422317505,-12.2183017731,7.67870426178,0.352116554976,0
1532135036200901136,87.197120896,carbonZ_2018-07-30-16-39-00_2_engine_failure,engine,7.8799996376,-178.604888916,-7.11492824554,177,30.357963562,1.63246691227,147.422317505,-12.4084596634,7.29561328888,0.326636433601,0
1532135036253362256,87.249582016,carbonZ_2018-07-30-16-39-00_2_engine_failure,engine,7.89999961853,-182.388885498,-6.55186986923,177,30.357963562,1.63246691227,147.422317505,-12.5643692017,6.8700094223,0.264947742224,0
1532135036291762384,87.287982144,carbonZ_2018-07-30-16-39-00_2_engine_failure,engine,7.89999961853,-182.388885498,-6.55186986923,177,30.357963562,1.63246691227,147.422317505,-12.6517210007,6.66494941711,0.234309107065,0
1532135036334146160,87.33036592,carbonZ_2018-07-30-16-39-00_2_engine_failure,engine,7.89999961853,-182.388885498,-6.55186986923,177,30.357963562,1.63246691227,147.422317505,-12.7264728546,6.461186409,0.188154473901,0
1532135036389541040,87.3857608,carbonZ_2018-07-30-16-39-00_2_engine_failure,engine,7.91999959946,-187.182998657,-6.37978363037,176,30.357963562,1.63246691227,147.422317505,-12.8308315277,6.17202615738,0.165649324656,0
1532135036437805360,87.43402512,carbonZ_2018-07-30-16-39-00_2_engine_failure,engine,7.91999959946,-187.182998657,-6.37978363037,176,30.357963562,1.63246691227,147.422317505,-12.8765573502,5.98418521881,0.168602064252,0
1532135036469638160,87.46585792,carbonZ_2018-07-30-16-39-00_2_engine_failure,engine,7.91999959946,-180.261810303,-5.90073871613,176,27.4398822784,2.25057339668,155.931976318,-12.9272909164,5.79794597626,0.190667435527,0
1532135036554071440,87.5502912,carbonZ_2018-07-30-16-39-00_2_engine_failure,engine,7.91999959946,-174.288360596,-5.45628261566,176,27.4398822784,2.25057339668,155.931976318,-13.0284099579,5.44711637497,0.208018645644,0
1532135036582106704,87.578326464,carbonZ_2018-07-30-16-39-00_2_engine_failure,engine,7.91999959946,-174.288360596,-5.45628261566,176,27.4398822784,2.25057339668,155.931976318,-13.0598621368,5.35834646225,0.219200968742,0
1532135036640317648,87.636537408,carbonZ_2018-07-30-16-39-00_2_engine_failure,engine,7.91999959946,-174.288360596,-5.45628261566,176,27.4398822784,2.25057339668,155.931976318,-13.1114559174,5.064889431,0.214162230492,0
1532135036670342032,87.666561792,carbonZ_2018-07-30-16-39-00_2_engine_failure,engine,7.92999982834,-169.821548462,-5.7960524559,175,27.4398822784,2.25057339668,155.931976318,-13.150305748,4.87278270721,0.189636006951,0
1532135036734904464,87.731124224,carbonZ_2018-07-30-16-39-00_2_engine_failure,engine,7.92999982834,-169.821548462,-5.7960524559,175,27.4398822784,2.25057339668,155.931976318,-13.2115936279,4.58578538895,0.155806720257,0
1532135036777382704,87.773602464,carbonZ_2018-07-30-16-39-00_2_engine_failure,engine,7.94000005722,-170.402053833,-5.41222953796,174,27.4398822784,2.25057339668,155.931976318,-13.2504911423,4.40895414352,0.140195891261,0
1532135036833172432,87.829392192,carbonZ_2018-07-30-16-39-00_2_engine_failure,engine,7.94000005722,-161.243911743,-5.14675283432,174,25.440071106,2.54796528816,161.694259644,-13.2728157043,4.12683963776,0.128544420004,0
1532135036882252688,87.878472448,carbonZ_2018-07-30-16-39-00_2_engine_failure,engine,7.94000005722,-161.243911743,-5.14675283432,174,25.440071106,2.54796528816,161.694259644,-13.2964010239,3.94963335991,0.125865593553,0
1532135036913819824,87.910039584,carbonZ_2018-07-30-16-39-00_2_engine_failure,engine,7.94000005722,-161.243911743,-5.14675283432,174,25.440071106,2.54796528816,161.694259644,-13.3128042221,3.77458620071,0.0902324616909,0
1532135036952667664,87.948887424,carbonZ_2018-07-30-16-39-00_2_engine_failure,engine,7.92999982834,-168.972961426,-4.85264205933,173,25.440071106,2.54796528816,161.694259644,-13.3354148865,3.59453606606,0.0412535481155,0
1532135037038516688,88.034736448,carbonZ_2018-07-30-16-39-00_2_engine_failure,engine,7.92999982834,-168.972961426,-4.85264205933,173,25.440071106,2.54796528816,161.694259644,-13.3552436829,3.24355316162,-0.0424376763403,0
1532135037079824944,88.076044704,carbonZ_2018-07-30-16-39-00_2_engine_failure,engine,7.91999959946,-173.608978271,-4.63229894638,173,25.440071106,2.54796528816,161.694259644,-13.3609085083,3.08673620224,-0.0666186213493,0
1532135037101988688,88.098208448,carbonZ_2018-07-30-16-39-00_2_engine_failure,engine,7.91999959946,-173.608978271,-4.63229894638,173,25.440071106,2.54796528816,161.694259644,-13.3658456802,3.00439357758,-0.0745502486825,0
1532135037177362416,88.173582176,carbonZ_2018-07-30-16-39-00_2_engine_failure,engine,7.89999961853,-157.963745117,-4.40406513214,172,21.3380470276,3.38455343246,166.73890686,-13.373957634,2.71381831169,-0.113976798952,0
1532135037232530544,88.228750304,carbonZ_2018-07-30-16-39-00_2_engine_failure,engine,7.86999988556,-153.603363037,-4.22655010223,171,21.3380470276,3.38455343246,166.73890686,-13.3496751785,2.41737222672,-0.163568690419,0
1532135037275722256,88.271942016,carbonZ_2018-07-30-16-39-00_2_engine_failure,engine,7.86999988556,-153.603363037,-4.22655010223,171,21.3380470276,3.38455343246,166.73890686,-13.3476924896,2.34503746033,-0.163480088115,0
1532135037341278832,88.337498592,carbonZ_2018-07-30-16-39-00_2_engine_failure,engine,7.86999988556,-153.603363037,-4.22655010223,171,21.3380470276,3.38455343246,166.73890686,-13.3319597244,2.14497256279,-0.185340970755,0
1532135037414747920,88.41096768,carbonZ_2018-07-30-16-39-00_2_engine_failure,engine,7.82999992371,-147.461883545,-4.07439565659,171,21.3380470276,3.38455343246,166.73890686,-13.2966041565,1.89642763138,-0.219961449504,0
1532135037454957136,88.451176896,carbonZ_2018-07-30-16-39-00_2_engine_failure,engine,7.78999996185,-138.473510742,-3.94759941101,170,21.3380470276,3.38455343246,166.73890686,-13.2733983994,1.7747759819,-0.217994987965,0
1532135037497509552,88.493729312,carbonZ_2018-07-30-16-39-00_2_engine_failure,engine,7.78999996185,-138.473510742,-3.94759941101,170,21.3380470276,3.38455343246,166.73890686,-13.2527627945,1.66641688347,-0.229919970036,0
1532135037530557968,88.526777728,carbonZ_2018-07-30-16-39-00_2_engine_failure,engine,7.78999996185,-138.473510742,-3.94759941101,170,21.3380470276,3.38455343246,166.73890686,-13.2404289246,1.6126806736,-0.225149810314,0
1532135037555827408,88.552047168,carbonZ_2018-07-30-16-39-00_2_engine_failure,engine,7.75,-127.510643005,-3.85461521149,169,21.3380470276,3.38455343246,166.73890686,-13.2240362167,1.51300489902,-0.239607274532,0
1532135037598139344,88.594359104,carbonZ_2018-07-30-16-39-00_2_engine_failure,engine,7.75,-127.510643005,-3.85461521149,169,21.3380470276,3.38455343246,166.73890686,-13.194393158,1.41573441029,-0.255115032196,0
1532135037681733552,88.677953312,carbonZ_2018-07-30-16-39-00_2_engine_failure,engine,7.71000003815,-111.664390564,-3.77853941917,169,14.0951147079,4.05513811111,173.238616943,-13.1326341629,1.2180287838,-0.279000282288,0
1532135037723159696,88.719379456,carbonZ_2018-07-30-16-39-00_2_engine_failure,engine,7.71000003815,-111.664390564,-3.77853941917,169,14.0951147079,4.05513811111,173.238616943,-13.1012916565,1.1321502924,-0.285232067108,0
1532135037746302704,88.742522464,carbonZ_2018-07-30-16-39-00_2_engine_failure,engine,7.65999984741,-105.787849426,-3.71936798096,168,14.0951147079,4.05513811111,173.238616943,-13.1012916565,1.1321502924,-0.285232067108,0
1532135037802302576,88.798522336,carbonZ_2018-07-30-16-39-00_2_engine_failure,engine,7.65999984741,-105.787849426,-3.71936798096,168,14.0951147079,4.05513811111,173.238616943,-13.0228042603,0.919128060341,-0.299846380949,0
1532135037857181648,88.853401408,carbonZ_2018-07-30-16-39-00_2_engine_failure,engine,7.61999988556,-91.1769866943,-3.68555641174,167,14.0951147079,4.05513811111,173.238616943,-12.986907959,0.840270936489,-0.30033031106,0
1532135037909887536,88.906107296,carbonZ_2018-07-30-16-39-00_2_engine_failure,engine,7.61999988556,-91.1769866943,-3.68555641174,167,14.0951147079,4.05513811111,173.238616943,-12.9510421753,0.772518098354,-0.302190601826,0
1532135037960807984,88.957027744,carbonZ_2018-07-30-16-39-00_2_engine_failure,engine,7.57999992371,-89.2663955688,-3.66019701958,167,14.0951147079,4.05513811111,173.238616943,-12.9078855515,0.673617243767,-0.297929495573,0
1532135038026236432,89.022456192,carbonZ_2018-07-30-16-39-00_2_engine_failure,engine,7.57999992371,-89.2663955688,-3.66019701958,167,14.0951147079,4.05513811111,173.238616943,-12.8524141312,0.575937330723,-0.306152522564,0
1532135038051980784,89.048200544,carbonZ_2018-07-30-16-39-00_2_engine_failure,engine,7.53999996185,-82.4851989746,-3.65174460411,166,14.0951147079,4.05513811111,173.238616943,-12.811041832,0.521216869354,-0.326451212168,0
1532135038126383760,89.12260352,carbonZ_2018-07-30-16-39-00_2_engine_failure,engine,7.53999996185,-82.4851989746,-3.65174460411,166,14.0951147079,4.05513811111,173.238616943,-12.7631149292,0.437673389912,-0.348889917135,0
1532135038148712080,89.14493184,carbonZ_2018-07-30-16-39-00_2_engine_failure,engine,7.48999977112,-80.1811218262,-3.65174460411,165,8.11997795105,4.82857275009,177.237808228,-12.7313404083,0.391738533974,-0.374464422464,0
1532135038194824112,89.191043872,carbonZ_2018-07-30-16-39-00_2_engine_failure,engine,7.48999977112,-80.1811218262,-3.65174460411,165,8.11997795105,4.82857275009,177.237808228,-12.696146965,0.344699710608,-0.390606939793,0
1532135038272468752,89.268688512,carbonZ_2018-07-30-16-39-00_2_engine_failure,engine,7.44999980927,-69.4452285767,-3.66019749641,164,8.11997795105,4.82857275009,177.237808228,-12.6224746704,0.265719711781,-0.435016572475,0
1532135038302809904,89.299029664,carbonZ_2018-07-30-16-39-00_2_engine_failure,engine,7.44999980927,-69.4452285767,-3.66019749641,164,8.11997795105,4.82857275009,177.237808228,-12.6024980545,0.25019004941,-0.447429478168,0
1532135038345091600,89.34131136,carbonZ_2018-07-30-16-39-00_2_engine_failure,engine,7.38999986649,-66.854095459,-3.66865301132,164,8.11997795105,4.82857275009,177.237808228,-12.5727415085,0.219278857112,-0.476557731628,0
1532135038394445744,89.390665504,carbonZ_2018-07-30-16-39-00_2_engine_failure,engine,7.38999986649,-66.854095459,-3.66865301132,164,8.11997795105,4.82857275009,177.237808228,-12.524687767,0.179012268782,-0.517387866974,0
1532135038434340912,89.430560672,carbonZ_2018-07-30-16-39-00_2_engine_failure,engine,7.38999986649,-66.854095459,-3.66865301132,164,8.11997795105,4.82857275009,177.237808228,-12.4827432632,0.154384657741,-0.544351279736,0
1532135038469089328,89.465309088,carbonZ_2018-07-30-16-39-00_2_engine_failure,engine,7.32999992371,-61.212348938,-3.68555951118,163,8.11997795105,4.82857275009,177.237808228,-12.4493074417,0.137549296021,-0.553977429867,0
1532135038536848560,89.53306832,carbonZ_2018-07-30-16-39-00_2_engine_failure,engine,7.26999998093,-46.7777252197,-3.70246696472,162,3.14780378342,5.26341533661,178.606216431,-12.3889703751,0.116509705782,-0.545841515064,0
1532135038584234256,89.580454016,carbonZ_2018-07-30-16-39-00_2_engine_failure,engine,7.26999998093,-46.7777252197,-3.70246696472,162,3.14780378342,5.26341533661,178.606216431,-12.3815813065,0.114390835166,-0.545856297016,0
1532135038662025776,89.658245536,carbonZ_2018-07-30-16-39-00_2_engine_failure,engine,7.21000003815,-32.6086044312,-3.71937346458,162,3.14780378342,5.26341533661,178.606216431,-12.3031625748,0.113399237394,-0.521901249886,0
1532135038678309776,89.674529536,carbonZ_2018-07-30-16-39-00_2_engine_failure,engine,7.21000003815,-32.6086044312,-3.71937346458,162,3.14780378342,5.26341533661,178.606216431,-12.292509079,0.115340866148,-0.514876186848,0
1532135038735008688,89.731228448,carbonZ_2018-07-30-16-39-00_2_engine_failure,engine,7.15999984741,-23.975944519,-3.73627948761,161,3.14780378342,5.26341533661,178.606216431,-12.2499485016,0.130501657724,-0.502642273903,0
1532135038771237008,89.767456768,carbonZ_2018-07-30-16-39-00_2_engine_failure,engine,7.15999984741,-23.975944519,-3.73627948761,161,3.14780378342,5.26341533661,178.606216431,-12.2301454544,0.152074038982,-0.503761947155,0
1532135038827086992,89.823306752,carbonZ_2018-07-30-16-39-00_2_engine_failure,engine,7.15999984741,-23.975944519,-3.73627948761,161,3.14780378342,5.26341533661,178.606216431,-12.1724910736,0.186718925834,-0.507601618767,0
1532135038866922896,89.863142656,carbonZ_2018-07-30-16-39-00_2_engine_failure,engine,7.10999965668,-5.48667907715,-3.74473333359,161,3.14780378342,5.26341533661,178.606216431,-12.1460847855,0.215476959944,-0.49855273962,0
1532135038914424496,89.910644256,carbonZ_2018-07-30-16-39-00_2_engine_failure,engine,7.10999965668,-5.48667907715,-3.74473333359,161,3.14780378342,5.26341533661,178.606216431,-12.1202726364,0.250761717558,-0.498322337866,0
1532135038953543216,89.949762976,carbonZ_2018-07-30-16-39-00_2_engine_failure,engine,7.05999994278,-2.5110244751,-3.73628044128,160,-2.58920526505,4.90660667419,178.505096436,-12.0965595245,0.287371963263,-0.49163633585,0
1532135039065840432,90.062060192,carbonZ_2018-07-30-16-39-00_2_engine_failure,engine,7.00999975204,6.17876052856,-3.71937656403,159,-2.58920526505,4.90660667419,178.505096436,-12.0282278061,0.38562899828,-0.455712497234,0
1532135039159262160,90.15548192,carbonZ_2018-07-30-16-39-00_2_engine_failure,engine,7.00999975204,6.17876052856,-3.71937656403,159,-2.58920526505,4.90660667419,178.505096436,-11.9821424484,0.469766795635,-0.428945541382,0
1532135039173897424,90.170117184,carbonZ_2018-07-30-16-39-00_2_engine_failure,engine,6.96000003815,11.346912384,-3.69401717186,159,-2.58920526505,4.90660667419,178.505096436,-11.9738235474,0.504295349121,-0.408379942179,0
1532135039215255696,90.211475456,carbonZ_2018-07-30-16-39-00_2_engine_failure,engine,6.96000003815,11.346912384,-3.69401717186,159,-2.58920526505,4.90660667419,178.505096436,-11.9445285797,0.542876124382,-0.398515105247,0
1532135039253800144,90.250019904,carbonZ_2018-07-30-16-39-00_2_engine_failure,engine,6.92999982834,21.4886665344,-3.65175175667,158,-2.58920526505,4.90660667419,178.505096436,-11.9218864441,0.582753539085,-0.380547314882,0
1532135039336271184,90.332490944,carbonZ_2018-07-30-16-39-00_2_engine_failure,engine,6.92999982834,21.4886665344,-3.65175175667,158,-2.58920526505,4.90660667419,178.505096436,-11.8903341293,0.658073306084,-0.328228920698,0
1532135039398242992,90.394462752,carbonZ_2018-07-30-16-39-00_2_engine_failure,engine,6.88999986649,37.0031356812,-3.60103344917,158,-4.81278419495,4.34072351456,178.458328247,-11.8659925461,0.721968352795,-0.295912772417,0
1532135039434364624,90.430584384,carbonZ_2018-07-30-16-39-00_2_engine_failure,engine,6.86999988556,41.9448852539,-3.54186153412,157,-4.81278419495,4.34072351456,178.458328247,-11.8659925461,0.721968352795,-0.295912772417,0
1532135039499380016,90.495599776,carbonZ_2018-07-30-16-39-00_2_engine_failure,engine,6.86999988556,41.9448852539,-3.54186153412,157,-4.81278419495,4.34072351456,178.458328247,-11.8272018433,0.831040143967,-0.26093646884,0
1532135039557179344,90.553399104,carbonZ_2018-07-30-16-39-00_2_engine_failure,engine,6.84999990463,49.6564865112,-3.46578431129,157,-4.81278419495,4.34072351456,178.458328247,-11.8132219315,0.895711779594,-0.213984876871,0
1532135039598258928,90.594478688,carbonZ_2018-07-30-16-39-00_2_engine_failure,engine,6.84999990463,49.6564865112,-3.46578431129,157,-4.81278419495,4.34072351456,178.458328247,-11.8009023666,0.940451145172,-0.186947286129,0
1532135039655065360,90.65128512,carbonZ_2018-07-30-16-39-00_2_engine_failure,engine,6.83999967575,55.8902740479,-3.38125324249,156,-4.81278419495,4.34072351456,178.458328247,-11.7723922729,1.01096177101,-0.151767000556,0
1532135039670976752,90.667196512,carbonZ_2018-07-30-16-39-00_2_engine_failure,engine,6.83999967575,55.8902740479,-3.38125324249,156,-4.81278419495,4.34072351456,178.458328247,-11.7734899521,1.03060472012,-0.123249724507,0
1532135039733468976,90.729688736,carbonZ_2018-07-30-16-39-00_2_engine_failure,engine,6.83999967575,55.8902740479,-3.38125324249,156,-4.81278419495,4.34072351456,178.458328247,-11.7574329376,1.1011595726,-0.0891821980476,0
1532135039798032944,90.794252704,carbonZ_2018-07-30-16-39-00_2_engine_failure,engine,6.82999992371,60.6949806213,-3.2882707119,156,-4.81278419495,4.34072351456,178.458328247,-11.756696701,1.16621494293,-0.00479025114328,0
1532135039837297712,90.833517472,carbonZ_2018-07-30-16-39-00_2_engine_failure,engine,6.82999992371,60.6949806213,-3.2882707119,156,-5.44865226746,3.24220252037,176.710693359,-11.7439193726,1.21303713322,0.0548288300633,0
1532135039859792240,90.856012,carbonZ_2018-07-30-16-39-00_2_engine_failure,engine,6.83999967575,70.0080871582,-3.17837977409,155,-5.44865226746,3.24220252037,176.710693359,-11.7385835648,1.25915789604,0.122475780547,0
1532135039950169456,90.946389216,carbonZ_2018-07-30-16-39-00_2_engine_failure,engine,6.85999965668,72.1297302246,-3.06003665924,155,-5.44865226746,3.24220252037,176.710693359,-11.7361745834,1.32657134533,0.191656962037,0
1532135039958244144,90.954463904,carbonZ_2018-07-30-16-39-00_2_engine_failure,engine,6.85999965668,72.1297302246,-3.06003665924,155,-5.44865226746,3.24220252037,176.710693359,-11.7369222641,1.34605610371,0.236217856407,0
1532135040006934256,91.003154016,carbonZ_2018-07-30-16-39-00_2_engine_failure,engine,6.85999965668,72.1297302246,-3.06003665924,155,-5.44865226746,3.24220252037,176.710693359,-11.7319984436,1.40735316277,0.294334292412,0
1532135040059171280,91.05539104,carbonZ_2018-07-30-16-39-00_2_engine_failure,engine,6.89999961853,75.536819458,-2.93323945999,154,-5.44865226746,3.24220252037,176.710693359,-11.7223072052,1.46491861343,0.372396051884,0
1532135040121715984,91.117935744,carbonZ_2018-07-30-16-39-00_2_engine_failure,engine,6.89999961853,75.536819458,-2.93323945999,154,-5.44865226746,3.24220252037,176.710693359,-11.7233476639,1.50140452385,0.407155632973,0
1532135040157324272,91.153544032,carbonZ_2018-07-30-16-39-00_2_engine_failure,engine,6.94000005722,74.58152771,-2.79798936844,154,-3.93238067627,2.55069994926,175.495117188,-11.7297592163,1.53893852234,0.443672865629,0
1532135040197941168,91.194160928,carbonZ_2018-07-30-16-39-00_2_engine_failure,engine,6.94000005722,74.58152771,-2.79798936844,154,-3.93238067627,2.55069994926,175.495117188,-11.7303123474,1.57454454899,0.469175428152,0
1532135040255324080,91.25154384,carbonZ_2018-07-30-16-39-00_2_engine_failure,engine,7.00999975204,77.1737060547,-2.65428614616,154,-3.93238067627,2.55069994926,175.495117188,-11.7364940643,1.62462902069,0.516386270523,0
1532135040307561168,91.303780928,carbonZ_2018-07-30-16-39-00_2_engine_failure,engine,7.00999975204,77.1737060547,-2.65428614616,154,-3.93238067627,2.55069994926,175.495117188,-11.7392807007,1.6589205265,0.521490812302,0
1532135040373728880,91.36994864,carbonZ_2018-07-30-16-39-00_2_engine_failure,engine,7.06999969482,63.29164505,-2.49367666245,153,-3.93238067627,2.55069994926,175.495117188,-11.761425972,1.73580861092,0.482338160276,0
1532135040434100112,91.430319872,carbonZ_2018-07-30-16-39-00_2_engine_failure,engine,7.06999969482,63.29164505,-2.49367666245,153,-3.93238067627,2.55069994926,175.495117188,-11.7672014236,1.78914391994,0.479203402996,0
1532135040475461392,91.471681152,carbonZ_2018-07-30-16-39-00_2_engine_failure,engine,7.13999986649,51.4630317688,-2.33306860924,153,-3.93238067627,2.55069994926,175.495117188,-11.7728042603,1.83173453808,0.439690589905,0
1532135040511222704,91.507442464,carbonZ_2018-07-30-16-39-00_2_engine_failure,engine,7.13999986649,51.4630317688,-2.33306860924,153,-3.06051802635,2.53692531586,174.18081665,-11.7888431549,1.84769499302,0.434808373451,0
1532135040624849680,91.62106944,carbonZ_2018-07-30-16-39-00_2_engine_failure,engine,7.19999980927,47.3296165466,-2.16400575638,153,-3.06051802635,2.53692531586,174.18081665,-11.8079214096,1.96879029274,0.36340507865,1
1532135040669608272,91.665828032,carbonZ_2018-07-30-16-39-00_2_engine_failure,engine,7.25999975204,45.3997612,-1.97803676128,152,-3.06051802635,2.53692531586,174.18081665,-11.8219861984,2.01608800888,0.347060769796,1
1532135040696268176,91.692487936,carbonZ_2018-07-30-16-39-00_2_engine_failure,engine,7.25999975204,45.3997612,-1.97803676128,152,-3.06051802635,2.53692531586,174.18081665,-11.8215284348,2.0293970108,0.321630179882,1
1532135040757124848,91.753344608,carbonZ_2018-07-30-16-39-00_2_engine_failure,engine,7.30999994278,36.9902610779,-1.78361427784,152,-3.06051802635,2.53692531586,174.18081665,-11.8269262314,2.06737184525,0.314029812813,1
1532135040809910992,91.806130752,carbonZ_2018-07-30-16-39-00_2_engine_failure,engine,7.30999994278,36.9902610779,-1.78361427784,152,-3.06051802635,2.53692531586,174.18081665,-11.8203821182,2.08247971535,0.291408866644,1
1532135040875025552,91.871245312,carbonZ_2018-07-30-16-39-00_2_engine_failure,engine,7.34999990463,33.1913948059,-1.59764540195,152,-3.06051802635,2.53692531586,174.18081665,-11.7961587906,2.09379696846,0.265810519457,1
1532135040905550640,91.9017704,carbonZ_2018-07-30-16-39-00_2_engine_failure,engine,7.34999990463,33.1913948059,-1.59764540195,152,0.152403235435,2.65892481804,173.071166992,-11.7800836563,2.1051940918,0.26451510191,1
1532135040945074352,91.941294112,carbonZ_2018-07-30-16-39-00_2_engine_failure,engine,7.38999986649,42.0269966125,-1.394769907,151,0.152403235435,2.65892481804,173.071166992,-11.7389421463,2.11108565331,0.285015642643,1
1532135041023375344,92.019595104,carbonZ_2018-07-30-16-39-00_2_engine_failure,engine,7.38999986649,42.0269966125,-1.394769907,151,0.152403235435,2.65892481804,173.071166992,-11.6984004974,2.09972810745,0.293090164661,1
1532135041050278704,92.046498464,carbonZ_2018-07-30-16-39-00_2_engine_failure,engine,7.42999982834,50.4427909851,-1.20880055428,151,0.152403235435,2.65892481804,173.071166992,-11.67943573,2.09444046021,0.291090011597,1
1532135041134973232,92.131192992,carbonZ_2018-07-30-16-39-00_2_engine_failure,engine,7.42999982834,50.4427909851,-1.20880055428,151,0.152403235435,2.65892481804,173.071166992,-11.5858545303,2.09392023087,0.281574457884,1
1532135041218813776,92.215033536,carbonZ_2018-07-30-16-39-00_2_engine_failure,engine,7.46999979019,46.0782051086,-1.01437866688,151,0.152403235435,2.65892481804,173.071166992,-11.5037841797,2.07270050049,0.236234724522,1
1532135041264038992,92.260258752,carbonZ_2018-07-30-16-39-00_2_engine_failure,engine,7.5,41.718006134,-0.828409314156,150,0.152403235435,2.65892481804,173.071166992,-11.4593296051,2.05639386177,0.215069487691,1
1532135041315602960,92.31182272,carbonZ_2018-07-30-16-39-00_2_engine_failure,engine,7.5,41.718006134,-0.828409314156,150,0.152403235435,2.65892481804,173.071166992,-11.3955116272,2.04580616951,0.206001266837,1
1532135041352002384,92.348222144,carbonZ_2018-07-30-16-39-00_2_engine_failure,engine,7.50999975204,43.4376716614,-0.642439842224,150,0.152403235435,2.65892481804,173.071166992,-11.3539466858,2.04270195961,0.207224607468,1
1532135041429459632,92.425679392,carbonZ_2018-07-30-16-39-00_2_engine_failure,engine,7.50999975204,43.4376716614,-0.642439842224,150,3.30960512161,2.69324612617,171.867401123,-11.2808113098,2.0065407753,0.211019635201,1
1532135041455443536,92.451663296,carbonZ_2018-07-30-16-39-00_2_engine_failure,engine,7.52999973297,65.1514053345,-0.464923739433,150,3.30960512161,2.69324612617,171.867401123,-11.2356739044,1.99500012398,0.244892045856,1
1532135041518888848,92.515108608,carbonZ_2018-07-30-16-39-00_2_engine_failure,engine,7.52999973297,65.1514053345,-0.464923739433,150,3.30960512161,2.69324612617,171.867401123,-11.1694145203,1.9565538168,0.290406763554,1
1532135041545172272,92.541392032,carbonZ_2018-07-30-16-39-00_2_engine_failure,engine,7.53999996185,75.3821411133,-0.295860528946,150,3.30960512161,2.69324612617,171.867401123,-11.1189365387,1.93354439735,0.353407174349,1
1532135041644714960,92.64093472,carbonZ_2018-07-30-16-39-00_2_engine_failure,engine,7.53999996185,75.3821411133,-0.295860528946,150,3.30960512161,2.69324612617,171.867401123,-11.048989296,1.88629519939,0.409736961126,1
1532135041682035344,92.678255104,carbonZ_2018-07-30-16-39-00_2_engine_failure,engine,7.5499997139,89.3132171631,-0.135250538588,149,3.30960512161,2.69324612617,171.867401123,-11.0127849579,1.85723412037,0.431643784046,1
1532135041709414640,92.7056344,carbonZ_2018-07-30-16-39-00_2_engine_failure,engine,7.5499997139,89.3132171631,-0.135250538588,149,3.30960512161,2.69324612617,171.867401123,-10.9777927399,1.83079600334,0.470457285643,1
1532135041754346288,92.750566048,carbonZ_2018-07-30-16-39-00_2_engine_failure,engine,7.57999992371,90.3876342773,0.0169063173234,149,3.30960512161,2.69324612617,171.867401123,-10.9493379593,1.8013112545,0.490993440151,1
1532135041796597136,92.792816896,carbonZ_2018-07-30-16-39-00_2_engine_failure,engine,7.57999992371,90.3876342773,0.0169063173234,149,3.30960512161,2.69324612617,171.867401123,-10.9142608643,1.77526187897,0.532051086426,1
1532135041852302576,92.848522336,carbonZ_2018-07-30-16-39-00_2_engine_failure,engine,7.60999965668,97.5830078125,0.160610020161,149,5.68892049789,0.636691749096,173.940292358,-10.8586950302,1.72393369675,0.586781024933,1
1532135041917081968,92.913301728,carbonZ_2018-07-30-16-39-00_2_engine_failure,engine,7.60999965668,97.5830078125,0.160610020161,149,5.68892049789,0.636691749096,173.940292358,-10.8132648468,1.67461812496,0.646493315697,1
1532135041961514832,92.957734592,carbonZ_2018-07-30-16-39-00_2_engine_failure,engine,7.64999961853,101.36013031,0.304313868284,149,5.68892049789,0.636691749096,173.940292358,-10.789768219,1.64427685738,0.695313811302,1
1532135041993699728,92.989919488,carbonZ_2018-07-30-16-39-00_2_engine_failure,engine,7.64999961853,101.36013031,0.304313868284,149,5.68892049789,0.636691749096,173.940292358,-10.7606544495,1.61239016056,0.759812533855,1
1532135042063891312,93.060111072,carbonZ_2018-07-30-16-39-00_2_engine_failure,engine,7.71000003815,114.096069336,0.42265817523,148,5.68892049789,0.636691749096,173.940292358,-10.7125558853,1.55594074726,0.853656291962,1
1532135042145839792,93.142059552,carbonZ_2018-07-30-16-39-00_2_engine_failure,engine,7.77999973297,123.602485657,0.541002631187,148,6.68035507202,-0.774849891663,175.743484497,-10.6642684937,1.47760140896,0.991069555283,1
1532135042173813136,93.170032896,carbonZ_2018-07-30-16-39-00_2_engine_failure,engine,7.77999973297,123.602485657,0.541002631187,148,6.68035507202,-0.774849891663,175.743484497,-10.6464309692,1.44143795967,1.061622262,1
1532135042195661712,93.191881472,carbonZ_2018-07-30-16-39-00_2_engine_failure,engine,7.77999973297,123.602485657,0.541002631187,148,6.68035507202,-0.774849891663,175.743484497,-10.630645752,1.41631174088,1.09657430649,1
1532135042268266736,93.264486496,carbonZ_2018-07-30-16-39-00_2_engine_failure,engine,7.86999988556,131.68850708,0.642440617085,148,6.68035507202,-0.774849891663,175.743484497,-10.5916481018,1.3446867466,1.19829821587,1
1532135042314860624,93.311080384,carbonZ_2018-07-30-16-39-00_2_engine_failure,engine,7.86999988556,131.68850708,0.642440617085,148,6.68035507202,-0.774849891663,175.743484497,-10.563993454,1.27129566669,1.28598189354,1
1532135042355474480,93.35169424,carbonZ_2018-07-30-16-39-00_2_engine_failure,engine,7.98000001907,140.196044922,0.73542547226,148,6.68035507202,-0.774849891663,175.743484497,-10.5516672134,1.22406876087,1.34296607971,1
1532135042419698928,93.415918688,carbonZ_2018-07-30-16-39-00_2_engine_failure,engine,7.98000001907,140.196044922,0.73542547226,148,6.68035507202,-0.774849891663,175.743484497,-10.5267505646,1.14110124111,1.41702306271,1
1532135042446081680,93.44230144,carbonZ_2018-07-30-16-39-00_2_engine_failure,engine,8.0999994278,142.96913147,0.811504244804,147,6.68035507202,-0.774849891663,175.743484497,-10.5037736893,1.05518305302,1.48674106598,1
1532135042513305520,93.50952528,carbonZ_2018-07-30-16-39-00_2_engine_failure,engine,8.0999994278,142.96913147,0.811504244804,147,6.68035507202,-0.774849891663,175.743484497,-10.4925813675,1.00271904469,1.5364279747,1
1532135042573440944,93.569660704,carbonZ_2018-07-30-16-39-00_2_engine_failure,engine,8.23999977112,144.417953491,0.870676457882,147,6.68035507202,-0.774849891663,175.743484497,-10.4856996536,0.946972310543,1.57257187366,1
1532135042615820720,93.61204048,carbonZ_2018-07-30-16-39-00_2_engine_failure,engine,8.23999977112,144.417953491,0.870676457882,147,8.49765396118,-2.66445469856,179.740585327,-10.4697380066,0.860353827477,1.62740063667,1
1532135042669820976,93.666040736,carbonZ_2018-07-30-16-39-00_2_engine_failure,engine,8.38999938965,142.888641357,0.921395897865,147,8.49765396118,-2.66445469856,179.740585327,-10.4563484192,0.773306667805,1.6668497324,1
1532135042717825008,93.714044768,carbonZ_2018-07-30-16-39-00_2_engine_failure,engine,8.38999938965,142.888641357,0.921395897865,147,8.49765396118,-2.66445469856,179.740585327,-10.4514102936,0.718417406082,1.6868493557,1
1532135042751590864,93.747810624,carbonZ_2018-07-30-16-39-00_2_engine_failure,engine,8.53999996185,136.364654541,0.955208599567,147,8.49765396118,-2.66445469856,179.740585327,-10.450709343,0.664597153664,1.70094645023,1
1532135042795512112,93.791731872,carbonZ_2018-07-30-16-39-00_2_engine_failure,engine,8.53999996185,136.364654541,0.955208599567,147,8.49765396118,-2.66445469856,179.740585327,-10.4477567673,0.610755860806,1.71988248825,1
1532135042876492272,93.872712032,carbonZ_2018-07-30-16-39-00_2_engine_failure,engine,8.69999980927,144.351776123,0.972114920616,146,8.49765396118,-2.66445469856,179.740585327,-10.4341506958,0.50824546814,1.75330197811,1
1532135042889306864,93.885526624,carbonZ_2018-07-30-16-39-00_2_engine_failure,engine,8.69999980927,144.351776123,0.972114920616,146,8.49765396118,-2.66445469856,179.740585327,-10.4341506958,0.50824546814,1.75330197811,1
1532135042989204720,93.98542448,carbonZ_2018-07-30-16-39-00_2_engine_failure,engine,8.85999965668,131.819732666,0.980568468571,146,6.98244142532,-3.01173615456,-178.198577881,-10.43318367,0.392679780722,1.78983843327,1
1532135043014329648,94.010549408,carbonZ_2018-07-30-16-39-00_2_engine_failure,engine,8.85999965668,131.819732666,0.980568468571,146,6.98244142532,-3.01173615456,-178.198577881,-10.4237470627,0.341931551695,1.80026292801,1
1532135043053723120,94.04994288,carbonZ_2018-07-30-16-39-00_2_engine_failure,engine,9.02999973297,126.483345032,0.972115278244,146,6.98244142532,-3.01173615456,-178.198577881,-10.4186286926,0.291670084,1.80406689644,1
1532135043102744400,94.09896416,carbonZ_2018-07-30-16-39-00_2_engine_failure,engine,9.02999973297,126.483345032,0.972115278244,146,6.98244142532,-3.01173615456,-178.198577881,-10.4214105606,0.243728294969,1.80439031124,1
1532135043168037392,94.164257152,carbonZ_2018-07-30-16-39-00_2_engine_failure,engine,9.18999958038,126.374343872,0.955208957195,145,6.98244142532,-3.01173615456,-178.198577881,-10.4281787872,0.129001811147,1.78611671925,1
1532135043253249456,94.249469216,carbonZ_2018-07-30-16-39-00_2_engine_failure,engine,9.35999965668,121.748733521,0.921396255493,145,6.98244142532,-3.01173615456,-178.198577881,-10.4252471924,0.0605319738388,1.77555668354,1
1532135043299202288,94.295422048,carbonZ_2018-07-30-16-39-00_2_engine_failure,engine,9.35999965668,121.748733521,0.921396255493,145,6.98244142532,-3.01173615456,-178.198577881,-10.4269313812,0.0149938724935,1.76251387596,1
1532135043348188880,94.34440864,carbonZ_2018-07-30-16-39-00_2_engine_failure,engine,9.52999973297,121.155639648,0.887583553791,145,6.98244142532,-3.01173615456,-178.198577881,-10.4343881607,-0.0453080013394,1.75035297871,1
1532135043379837040,94.3760568,carbonZ_2018-07-30-16-39-00_2_engine_failure,engine,9.52999973297,121.155639648,0.887583553791,145,6.98244142532,-3.01173615456,-178.198577881,-10.4351272583,-0.0891221985221,1.73783516884,1
1532135043426031728,94.422251488,carbonZ_2018-07-30-16-39-00_2_engine_failure,engine,9.52999973297,121.155639648,0.887583553791,145,5.36840295792,-2.55603981018,-175.633575439,-10.4299345016,-0.153672933578,1.7288954258,1
1532135043464423728,94.460643488,carbonZ_2018-07-30-16-39-00_2_engine_failure,engine,9.68999958038,106.268218994,0.836865007877,145,5.36840295792,-2.55603981018,-175.633575439,-10.4299345016,-0.153672933578,1.7288954258,1
1532135043606561488,94.602781248,carbonZ_2018-07-30-16-39-00_2_engine_failure,engine,9.85999965668,116.710281372,0.777692675591,144,5.36840295792,-2.55603981018,-175.633575439,-10.4255580902,-0.290757834911,1.72365903854,1
1532135043650307248,94.646527008,carbonZ_2018-07-30-16-39-00_2_engine_failure,engine,10.0199995041,121.347137451,0.710067391396,144,5.36840295792,-2.55603981018,-175.633575439,-10.4144001007,-0.351259440184,1.71700942516,1
1532135043699861040,94.6960808,carbonZ_2018-07-30-16-39-00_2_engine_failure,engine,10.0199995041,121.347137451,0.710067391396,144,5.36840295792,-2.55603981018,-175.633575439,-10.4093513489,-0.386846035719,1.71645843983,1
1532135043743714960,94.73993472,carbonZ_2018-07-30-16-39-00_2_engine_failure,engine,10.1799993515,125.538825989,0.63398873806,144,5.36840295792,-2.55603981018,-175.633575439,-10.4062070847,-0.419437527657,1.71513295174,1
1532135043797562224,94.793781984,carbonZ_2018-07-30-16-39-00_2_engine_failure,engine,10.1799993515,125.538825989,0.63398873806,144,5.36840295792,-2.55603981018,-175.633575439,-10.4015493393,-0.470193117857,1.70457649231,1
1532135043856218896,94.852438656,carbonZ_2018-07-30-16-39-00_2_engine_failure,engine,10.3400001526,131.94303894,0.549457013607,143,5.36840295792,-2.55603981018,-175.633575439,-10.3869123459,-0.515963375568,1.70079159737,1
1532135043892496816,94.888716576,carbonZ_2018-07-30-16-39-00_2_engine_failure,engine,10.3400001526,131.94303894,0.549457013607,143,3.68985390663,-1.55562019348,-173.514144897,-10.3839149475,-0.558146059513,1.67921388149,1
1532135043939595472,94.935815232,carbonZ_2018-07-30-16-39-00_2_engine_failure,engine,10.5,135.949890137,0.464925199747,143,3.68985390663,-1.55562019348,-173.514144897,-10.3828306198,-0.572368860245,1.66186487675,1
1532135043971832144,94.968051904,carbonZ_2018-07-30-16-39-00_2_engine_failure,engine,10.5,135.949890137,0.464925199747,143,3.68985390663,-1.55562019348,-173.514144897,-10.3862934113,-0.595803558826,1.63832807541,1
1532135044025647728,95.021867488,carbonZ_2018-07-30-16-39-00_2_engine_failure,engine,10.5,135.949890137,0.464925199747,143,3.68985390663,-1.55562019348,-173.514144897,-10.3767566681,-0.619794785976,1.61556220055,1
1532135044056825552,95.053045312,carbonZ_2018-07-30-16-39-00_2_engine_failure,engine,10.6599998474,135.4453125,0.363486975431,143,3.68985390663,-1.55562019348,-173.514144897,-10.3700742722,-0.640846848488,1.59157681465,1
1532135044106237328,95.102457088,carbonZ_2018-07-30-16-39-00_2_engine_failure,engine,10.6599998474,135.4453125,0.363486975431,143,3.68985390663,-1.55562019348,-173.514144897,-10.3665971756,-0.657409667969,1.57160198689,1
1532135044232751056,95.228970816,carbonZ_2018-07-30-16-39-00_2_engine_failure,engine,10.8099994659,138.163574219,0.270501971245,142,1.2227627039,-0.610186874866,-172.477325439,-10.3499059677,-0.700015544891,1.50524544716,1
1532135044265338704,95.261558464,carbonZ_2018-07-30-16-39-00_2_engine_failure,engine,10.9499998093,142.902755737,0.169063732028,142,1.2227627039,-0.610186874866,-172.477325439,-10.3376083374,-0.72059237957,1.47040975094,1
1532135044305505296,95.301725056,carbonZ_2018-07-30-16-39-00_2_engine_failure,engine,10.9499998093,142.902755737,0.169063732028,142,1.2227627039,-0.610186874866,-172.477325439,-10.3316555023,-0.729651629925,1.45303416252,1
1532135044349602032,95.345821792,carbonZ_2018-07-30-16-39-00_2_engine_failure,engine,11.0799999237,144.295120239,0.0676255300641,142,1.2227627039,-0.610186874866,-172.477325439,-10.3275365829,-0.743878185749,1.4087651968,1
1532135044421679312,95.417899072,carbonZ_2018-07-30-16-39-00_2_engine_failure,engine,11.0799999237,144.295120239,0.0676255300641,142,1.2227627039,-0.610186874866,-172.477325439,-10.3144569397,-0.753864526749,1.38413190842,1
1532135044456615856,95.452835616,carbonZ_2018-07-30-16-39-00_2_engine_failure,engine,11.2100000381,141.771514893,-0.0338127650321,141,1.2227627039,-0.610186874866,-172.477325439,-10.3041877747,-0.762523770332,1.36240541935,1
1532135044505695856,95.501915616,carbonZ_2018-07-30-16-39-00_2_engine_failure,engine,11.2100000381,141.771514893,-0.0338127650321,141,1.2227627039,-0.610186874866,-172.477325439,-10.2951126099,-0.7693977952,1.34060502052,1
1532135044551709712,95.547929472,carbonZ_2018-07-30-16-39-00_2_engine_failure,engine,11.3400001526,148.073104858,-0.135251104832,141,0.471253961325,0.248777583241,-171.886779785,-10.2847690582,-0.777539908886,1.31072378159,1
1532135044574557616,95.570777376,carbonZ_2018-07-30-16-39-00_2_engine_failure,engine,11.3400001526,148.073104858,-0.135251104832,141,0.471253961325,0.248777583241,-171.886779785,-10.2822332382,-0.780772030354,1.31112480164,1
1532135044626130640,95.6223504,carbonZ_2018-07-30-16-39-00_2_engine_failure,engine,11.3400001526,148.073104858,-0.135251104832,141,0.471253961325,0.248777583241,-171.886779785,-10.2571372986,-0.791765213013,1.28214406967,1
1532135044668596208,95.664815968,carbonZ_2018-07-30-16-39-00_2_engine_failure,engine,11.4600000381,152.875991821,-0.236689433455,141,0.471253961325,0.248777583241,-171.886779785,-10.246966362,-0.797975122929,1.26504397392,1
1532135044744794544,95.741014304,carbonZ_2018-07-30-16-39-00_2_engine_failure,engine,11.5699996948,161.692626953,-0.346580952406,140,0.471253961325,0.248777583241,-171.886779785,-10.2248182297,-0.807531356812,1.23392224312,1
1532135044798089776,95.794309536,carbonZ_2018-07-30-16-39-00_2_engine_failure,engine,11.5699996948,161.692626953,-0.346580952406,140,0.471253961325,0.248777583241,-171.886779785,-10.2248182297,-0.807531356812,1.23392224312,1
1532135044848600464,95.844820224,carbonZ_2018-07-30-16-39-00_2_engine_failure,engine,11.6799993515,165.095046997,-0.44801941514,140,0.471253961325,0.248777583241,-171.886779785,-10.189748764,-0.812698066235,1.20811545849,1
1532135044901374128,95.897593888,carbonZ_2018-07-30-16-39-00_2_engine_failure,engine,11.6799993515,165.095046997,-0.44801941514,140,0.471253961325,0.248777583241,-171.886779785,-10.1759643555,-0.811451375484,1.20104527473,1
1532135044962120624,95.958340384,carbonZ_2018-07-30-16-39-00_2_engine_failure,engine,11.7899999619,179.325485229,-0.549457728863,140,-0.668724894524,0.868033289909,-171.798400879,-10.1573886871,-0.802935242653,1.20650327206,1
1532135044983553520,95.97977328,carbonZ_2018-07-30-16-39-00_2_engine_failure,engine,11.7899999619,179.325485229,-0.549457728863,140,-0.668724894524,0.868033289909,-171.798400879,-10.1533470154,-0.800157546997,1.19329428673,1
1532135045041681360,96.03790112,carbonZ_2018-07-30-16-39-00_2_engine_failure,engine,11.7899999619,179.325485229,-0.549457728863,140,-0.668724894524,0.868033289909,-171.798400879,-10.1218233109,-0.783948004246,1.21128499508,1
1532135045073326864,96.069546624,carbonZ_2018-07-30-16-39-00_2_engine_failure,engine,11.8999996185,184.581756592,-0.650896072388,140,-0.668724894524,0.868033289909,-171.798400879,-10.105890274,-0.774084925652,1.21663022041,1
1532135045146606864,96.142826624,carbonZ_2018-07-30-16-39-00_2_engine_failure,engine,12.0199995041,185.645477295,-0.75233477354,139,-0.668724894524,0.868033289909,-171.798400879,-10.0800933838,-0.742175042629,1.20498514175,1
1532135045193379984,96.189599744,carbonZ_2018-07-30-16-39-00_2_engine_failure,engine,12.0199995041,185.645477295,-0.75233477354,139,-0.668724894524,0.868033289909,-171.798400879,-10.0800933838,-0.742175042629,1.20498514175,1
1532135045266672752,96.262892512,carbonZ_2018-07-30-16-39-00_2_engine_failure,engine,12.1300001144,185.621826172,-0.836866796017,139,-0.668724894524,0.868033289909,-171.798400879,-10.0338659286,-0.699453890324,1.18636274338,1
1532135045327754960,96.32397472,carbonZ_2018-07-30-16-39-00_2_engine_failure,engine,12.1300001144,185.621826172,-0.836866796017,139,-0.668724894524,0.868033289909,-171.798400879,-10.0125999451,-0.657039523125,1.15467238426,1
1532135045374293808,96.370513568,carbonZ_2018-07-30-16-39-00_2_engine_failure,engine,12.2399997711,183.578018188,-0.921399235725,139,-0.668724894524,0.868033289909,-171.798400879,-10.0073308945,-0.648432075977,1.15542459488,1
1532135045465418576,96.461638336,carbonZ_2018-07-30-16-39-00_2_engine_failure,engine,12.3499994278,196.802230835,-1.0059312582,139,-0.668724894524,0.868033289909,-171.798400879,-9.96901416779,-0.605710566044,1.13577961922,1
1532135045498794544,96.495014304,carbonZ_2018-07-30-16-39-00_2_engine_failure,engine,12.3499994278,196.802230835,-1.0059312582,139,-0.668724894524,0.868033289909,-171.798400879,-9.95579147339,-0.583624064922,1.12339866161,1
1532135045531325744,96.527545504,carbonZ_2018-07-30-16-39-00_2_engine_failure,engine,12.3499994278,196.802230835,-1.0059312582,139,-3.62199759483,1.72250747681,-172.520080566,-9.94365692139,-0.560413002968,1.11016774178,1
1532135045593050928,96.589270688,carbonZ_2018-07-30-16-39-00_2_engine_failure,engine,12.4600000381,198.933410645,-1.07355690002,139,-3.62199759483,1.72250747681,-172.520080566,-9.92625236511,-0.524399459362,1.07699728012,1
1532135045629240048,96.625459808,carbonZ_2018-07-30-16-39-00_2_engine_failure,engine,12.4600000381,198.933410645,-1.07355690002,139,-3.62199759483,1.72250747681,-172.520080566,-9.90707206726,-0.501089394093,1.06170213223,1
1532135045696621744,96.692841504,carbonZ_2018-07-30-16-39-00_2_engine_failure,engine,12.5599994659,192.911712646,-1.14118242264,138,-3.62199759483,1.72250747681,-172.520080566,-9.88935470581,-0.46170347929,1.03814411163,1
1532135045733403312,96.729623072,carbonZ_2018-07-30-16-39-00_2_engine_failure,engine,12.5599994659,192.911712646,-1.14118242264,138,-3.62199759483,1.72250747681,-172.520080566,-9.87992477417,-0.434547513723,1.00808930397,1
1532135045780813968,96.777033728,carbonZ_2018-07-30-16-39-00_2_engine_failure,engine,12.6599998474,192.111968994,-1.20035493374,138,-3.62199759483,1.72250747681,-172.520080566,-9.87464809418,-0.405858367682,0.982716500759,1
1532135045844692784,96.840912544,carbonZ_2018-07-30-16-39-00_2_engine_failure,engine,12.6599998474,192.111968994,-1.20035493374,138,-3.62199759483,1.72250747681,-172.520080566,-9.84700584412,-0.363269120455,0.948087871075,1
1532135045870583472,96.866803232,carbonZ_2018-07-30-16-39-00_2_engine_failure,engine,12.75,196.583938599,-1.25952756405,138,-4.45036458969,2.14166593552,-173.82371521,-9.8334274292,-0.331073611975,0.940148293972,1
1532135045954567856,96.950787616,carbonZ_2018-07-30-16-39-00_2_engine_failure,engine,12.8400001526,212.135498047,-1.30179357529,138,-4.45036458969,2.14166593552,-173.82371521,-9.80787944794,-0.264254271984,0.933260321617,1
1532135046014790288,97.011010048,carbonZ_2018-07-30-16-39-00_2_engine_failure,engine,12.8400001526,212.135498047,-1.30179357529,138,-4.45036458969,2.14166593552,-173.82371521,-9.77935409546,-0.208392843604,0.946796238422,1
1532135046042344880,97.03856464,carbonZ_2018-07-30-16-39-00_2_engine_failure,engine,12.9399995804,216.400436401,-1.32715320587,138,-4.45036458969,2.14166593552,-173.82371521,-9.76800727844,-0.18967013061,0.938428044319,1
1532135046071270096,97.067489856,carbonZ_2018-07-30-16-39-00_2_engine_failure,engine,12.9399995804,216.400436401,-1.32715320587,138,-4.45036458969,2.14166593552,-173.82371521,-9.75139522552,-0.149848967791,0.942477583885,1
1532135046112839792,97.109059552,carbonZ_2018-07-30-16-39-00_2_engine_failure,engine,12.9399995804,216.400436401,-1.32715320587,138,-4.45036458969,2.14166593552,-173.82371521,-9.73593521118,-0.109506599605,0.944999158382,1
1532135046156198032,97.152417792,carbonZ_2018-07-30-16-39-00_2_engine_failure,engine,13.029999733,218.050384521,-1.35251367092,138,-4.45036458969,2.14166593552,-173.82371521,-9.72366428375,-0.0680788531899,0.951857209206,1
1532135046206399280,97.20261904,carbonZ_2018-07-30-16-39-00_2_engine_failure,engine,13.029999733,218.050384521,-1.35251367092,138,-4.45036458969,2.14166593552,-173.82371521,-9.69716644287,-0.00533515866846,0.970608532429,1
1532135046296329808,97.292549568,carbonZ_2018-07-30-16-39-00_2_engine_failure,engine,13.1199998856,226.299194336,-1.36096715927,138,-5.96073818207,2.0685031414,-175.929122925,-9.66454410553,0.0795674026012,0.98091095686,1
1532135046371090096,97.367309856,carbonZ_2018-07-30-16-39-00_2_engine_failure,engine,13.2100000381,224.676803589,-1.35251390934,137,-5.96073818207,2.0685031414,-175.929122925,-9.63923549652,0.162130340934,1.00266027451,1
1532135046422764432,97.418984192,carbonZ_2018-07-30-16-39-00_2_engine_failure,engine,13.2100000381,224.676803589,-1.35251390934,137,-5.96073818207,2.0685031414,-175.929122925,-9.6151971817,0.203190535307,1.01603424549,1
1532135046460326160,97.45654592,carbonZ_2018-07-30-16-39-00_2_engine_failure,engine,13.3099994659,232.448959351,-1.34406065941,137,-5.96073818207,2.0685031414,-175.929122925,-9.59537982941,0.242828860879,1.03055179119,1
1532135046494417296,97.490637056,carbonZ_2018-07-30-16-39-00_2_engine_failure,engine,13.3099994659,232.448959351,-1.34406065941,137,-5.96073818207,2.0685031414,-175.929122925,-9.57335948944,0.302555024624,1.04400503635,1
1532135046553121296,97.549341056,carbonZ_2018-07-30-16-39-00_2_engine_failure,engine,13.4099998474,238.310058594,-1.31870138645,137,-5.96073818207,2.0685031414,-175.929122925,-9.56192207336,0.343232303858,1.05474388599,1
1532135046598621552,97.594841312,carbonZ_2018-07-30-16-39-00_2_engine_failure,engine,13.4099998474,238.310058594,-1.31870138645,137,-5.96073818207,2.0685031414,-175.929122925,-9.54703426361,0.382562100887,1.05379021168,1
1532135046652803280,97.64902304,carbonZ_2018-07-30-16-39-00_2_engine_failure,engine,13.5199995041,245.384307861,-1.29334175587,137,-5.96073818207,2.0685031414,-175.929122925,-9.52372837067,0.442840099335,1.03908205032,1
1532135046699661488,97.695881248,carbonZ_2018-07-30-16-39-00_2_engine_failure,engine,13.5199995041,245.384307861,-1.29334175587,137,-5.96073818207,2.0685031414,-175.929122925,-9.51160240173,0.483668744564,1.02469372749,1
1532135046829468272,97.825688032,carbonZ_2018-07-30-16-39-00_2_engine_failure,engine,13.6300001144,256.727600098,-1.25107562542,137,-6.03555870056,2.71045851707,-178.390686035,-9.47182178497,0.609062552452,0.979242563248,1
1532135046868710672,97.864930432,carbonZ_2018-07-30-16-39-00_2_engine_failure,engine,13.7299995422,256.452575684,-1.19190359116,137,-6.03555870056,2.71045851707,-178.390686035,-9.45415210724,0.648822069168,0.960702717304,1
1532135046906311856,97.902531616,carbonZ_2018-07-30-16-39-00_2_engine_failure,engine,13.7299995422,256.452575684,-1.19190359116,137,-6.03555870056,2.71045851707,-178.390686035,-9.45415210724,0.648822069168,0.960702717304,1
1532135046984086480,97.98030624,carbonZ_2018-07-30-16-39-00_2_engine_failure,engine,13.8299999237,253.540222168,-1.13273108006,137,-6.03555870056,2.71045851707,-178.390686035,-9.41795253754,0.755545139313,0.938607871532,1
1532135047001171088,97.997390848,carbonZ_2018-07-30-16-39-00_2_engine_failure,engine,13.8299999237,253.540222168,-1.13273108006,137,-6.03555870056,2.71045851707,-178.390686035,-9.40796756744,0.770685255527,0.941252171993,1
1532135047066030928,98.062250688,carbonZ_2018-07-30-16-39-00_2_engine_failure,engine,13.9200000763,252.345947266,-1.05665266514,137,-6.03555870056,2.71045851707,-178.390686035,-9.37983226776,0.823924124241,0.945693731308,1
1532135047117908656,98.114128416,carbonZ_2018-07-30-16-39-00_2_engine_failure,engine,13.9200000763,252.345947266,-1.05665266514,137,-5.06466817856,2.8911652565,179.875610352,-9.35836315155,0.872793793678,0.93998414278,1
1532135047154752912,98.150972672,carbonZ_2018-07-30-16-39-00_2_engine_failure,engine,14.0199995041,265.267364502,-0.980573713779,137,-5.06466817856,2.8911652565,179.875610352,-9.34618186951,0.905853450298,0.94165712595,1
1532135047260975600,98.25719536,carbonZ_2018-07-30-16-39-00_2_engine_failure,engine,14.1199998856,260.363952637,-0.887588262558,138,-5.06466817856,2.8911652565,179.875610352,-9.30836486816,0.977127373219,0.949450016022,1
1532135047323071088,98.319290848,carbonZ_2018-07-30-16-39-00_2_engine_failure,engine,14.1199998856,260.363952637,-0.887588262558,138,-5.06466817856,2.8911652565,179.875610352,-9.28690624237,1.01578307152,0.935207247734,1
1532135047358450768,98.354670528,carbonZ_2018-07-30-16-39-00_2_engine_failure,engine,14.2100000381,252.577590942,-0.794602751732,138,-5.06466817856,2.8911652565,179.875610352,-9.27886295319,1.03596913815,0.919568777084,1
1532135047419472624,98.415692384,carbonZ_2018-07-30-16-39-00_2_engine_failure,engine,14.2100000381,252.577590942,-0.794602751732,138,-5.06466817856,2.8911652565,179.875610352,-9.2558631897,1.06223988533,0.886118769646,1
1532135047469183632,98.465403392,carbonZ_2018-07-30-16-39-00_2_engine_failure,engine,14.2999992371,247.682861328,-0.70161741972,138,-5.06466817856,2.8911652565,179.875610352,-9.24120521545,1.07644999027,0.869181632996,1
1532135047506584144,98.502803904,carbonZ_2018-07-30-16-39-00_2_engine_failure,engine,14.2999992371,247.682861328,-0.70161741972,138,-1.87523543835,2.87227010727,176.889663696,-9.22785282135,1.09191131592,0.851118147373,1
1532135047533976944,98.530196704,carbonZ_2018-07-30-16-39-00_2_engine_failure,engine,14.2999992371,247.682861328,-0.70161741972,138,-1.87523543835,2.87227010727,176.889663696,-9.21636962891,1.10988152027,0.827439188957,1
1532135047574597104,98.570816864,carbonZ_2018-07-30-16-39-00_2_engine_failure,engine,14.3899993896,246.522338867,-0.600178837776,138,-1.87523543835,2.87227010727,176.889663696,-9.21041202545,1.1266784668,0.805975973606,1
1532135047643469168,98.639688928,carbonZ_2018-07-30-16-39-00_2_engine_failure,engine,14.4699993134,243.54447937,-0.490286916494,138,-1.87523543835,2.87227010727,176.889663696,-9.16611862183,1.17513012886,0.758960485458,1
1532135047696334224,98.692553984,carbonZ_2018-07-30-16-39-00_2_engine_failure,engine,14.4699993134,243.54447937,-0.490286916494,138,-1.87523543835,2.87227010727,176.889663696,-9.16611862183,1.17513012886,0.758960485458,1
1532135047723255600,98.71947536,carbonZ_2018-07-30-16-39-00_2_engine_failure,engine,14.4699993134,243.54447937,-0.490286916494,138,-1.87523543835,2.87227010727,176.889663696,-9.14913272858,1.19733250141,0.75345826149,1
1532135047747231792,98.743451552,carbonZ_2018-07-30-16-39-00_2_engine_failure,engine,14.5499992371,245.352264404,-0.380394995213,138,-2.29717898369,3.20900464058,175.172042847,-9.14913272858,1.19733250141,0.75345826149,1
1532135047867540752,98.863760512,carbonZ_2018-07-30-16-39-00_2_engine_failure,engine,14.6199998856,245.60118103,-0.26205009222,138,-2.29717898369,3.20900464058,175.172042847,-9.09109592438,1.28299081326,0.714742779732,1
1532135047916777712,98.912997472,carbonZ_2018-07-30-16-39-00_2_engine_failure,engine,14.6199998856,245.60118103,-0.26205009222,138,-2.29717898369,3.20900464058,175.172042847,-9.06650829315,1.31634187698,0.711506307125,1
1532135047954011312,98.950231072,carbonZ_2018-07-30-16-39-00_2_engine_failure,engine,14.6999998093,260.50213623,-0.143704891205,138,-2.29717898369,3.20900464058,175.172042847,-9.05326843262,1.34160602093,0.71180576086,1
1532135048005005936,99.001225696,carbonZ_2018-07-30-16-39-00_2_engine_failure,engine,14.6999998093,260.50213623,-0.143704891205,138,-2.29717898369,3.20900464058,175.172042847,-9.03614902496,1.36483716965,0.715037167072,1
1532135048045521808,99.041741568,carbonZ_2018-07-30-16-39-00_2_engine_failure,engine,14.7699995041,265.761749268,-0.0169064607471,138,-2.29717898369,3.20900464058,175.172042847,-9.01298999786,1.3864428997,0.719828426838,1
1532135048102513200,99.09873296,carbonZ_2018-07-30-16-39-00_2_engine_failure,engine,14.7699995041,265.761749268,-0.0169064607471,138,-2.29717898369,3.20900464058,175.172042847,-8.98698043823,1.41541004181,0.740581095219,1
1532135048139138736,99.135358496,carbonZ_2018-07-30-16-39-00_2_engine_failure,engine,14.8399991989,271.843719482,0.118345230818,139,-2.29717898369,3.20900464058,175.172042847,-8.9644651413,1.44772160053,0.755670130253,1
1532135048193943184,99.190162944,carbonZ_2018-07-30-16-39-00_2_engine_failure,engine,14.8399991989,271.843719482,0.118345230818,139,-2.25925922394,3.79130148888,174.751312256,-8.94752311707,1.46390640736,0.760441064835,1
1532135048257256368,99.253476128,carbonZ_2018-07-30-16-39-00_2_engine_failure,engine,14.9200000763,277.886108398,0.253596931696,139,-2.25925922394,3.79130148888,174.751312256,-8.91848087311,1.48744153976,0.770576357841,1
1532135048270530736,99.266750496,carbonZ_2018-07-30-16-39-00_2_engine_failure,engine,14.9200000763,277.886108398,0.253596931696,139,-2.25925922394,3.79130148888,174.751312256,-8.91093540192,1.49435174465,0.777186334133,1
1532135048382731280,99.37895104,carbonZ_2018-07-30-16-39-00_2_engine_failure,engine,15.0,286.140930176,0.397301822901,139,-2.25925922394,3.79130148888,174.751312256,-8.87833023071,1.53344213963,0.812077522278,1
1532135048468392848,99.464612608,carbonZ_2018-07-30-16-39-00_2_engine_failure,engine,15.0899991989,300.451171875,0.532553553581,139,-2.25925922394,3.79130148888,174.751312256,-8.8336687088,1.55336403847,0.851361036301,1
1532135048477618416,99.473838176,carbonZ_2018-07-30-16-39-00_2_engine_failure,engine,15.0899991989,300.451171875,0.532553553581,139,-2.25925922394,3.79130148888,174.751312256,-8.8336687088,1.55336403847,0.851361036301,1
1532135048536113648,99.532333408,carbonZ_2018-07-30-16-39-00_2_engine_failure,engine,15.0899991989,300.451171875,0.532553553581,139,-1.60048830509,4.24421739578,175.449539185,-8.80771446228,1.56976807117,0.888988733292,1
1532135048545626864,99.541846624,carbonZ_2018-07-30-16-39-00_2_engine_failure,engine,15.1799993515,306.061157227,0.684711813927,139,-1.60048830509,4.24421739578,175.449539185,-8.80771446228,1.56976807117,0.888988733292,1
1532135048613921200,99.61014096,carbonZ_2018-07-30-16-39-00_2_engine_failure,engine,15.1799993515,306.061157227,0.684711813927,139,-1.60048830509,4.24421739578,175.449539185,-8.76748085022,1.59442412853,0.925927817822,1
1532135048650979568,99.647199328,carbonZ_2018-07-30-16-39-00_2_engine_failure,engine,15.279999733,304.676055908,0.828416764736,140,-1.60048830509,4.24421739578,175.449539185,-8.75075531006,1.59940493107,0.941260695457,1
1532135048691543216,99.687762976,carbonZ_2018-07-30-16-39-00_2_engine_failure,engine,15.279999733,304.676055908,0.828416764736,140,-1.60048830509,4.24421739578,175.449539185,-8.73568630219,1.60675144196,0.955258190632,1
1532135048772195984,99.768415744,carbonZ_2018-07-30-16-39-00_2_engine_failure,engine,15.3800001144,309.497161865,0.972122192383,140,-1.60048830509,4.24421739578,175.449539185,-8.710313797,1.61772489548,1.00536584854,1
1532135048796442736,99.792662496,carbonZ_2018-07-30-16-39-00_2_engine_failure,engine,15.3800001144,309.497161865,0.972122192383,140,-1.60048830509,4.24421739578,175.449539185,-8.69835281372,1.61851239204,1.02289628983,1
1532135048859201360,99.85542112,carbonZ_2018-07-30-16-39-00_2_engine_failure,engine,15.4899997711,313.903625488,1.1158272028,140,-1.60048830509,4.24421739578,175.449539185,-8.66794490814,1.61927855015,1.07712686062,1
1532135048905597200,99.90181696,carbonZ_2018-07-30-16-39-00_2_engine_failure,engine,15.4899997711,313.903625488,1.1158272028,140,0.0171909462661,3.93767499924,175.948989868,-8.65447330475,1.61962270737,1.11151230335,1
1532135048971024240,99.967244,carbonZ_2018-07-30-16-39-00_2_engine_failure,engine,15.6099996567,318.21585083,1.25953269005,140,0.0171909462661,3.93767499924,175.948989868,-8.63325309753,1.61845517159,1.16927587986,1
1532135049026492848,100.022712608,carbonZ_2018-07-30-16-39-00_2_engine_failure,engine,15.6099996567,318.21585083,1.25953269005,140,0.0171909462661,3.93767499924,175.948989868,-8.61354732513,1.6169680357,1.20483279228,1
1532135049060938832,100.057158592,carbonZ_2018-07-30-16-39-00_2_engine_failure,engine,15.7399997711,323.631011963,1.40323793888,140,0.0171909462661,3.93767499924,175.948989868,-8.59978485107,1.61398160458,1.23591589928,1
1532135049124186704,100.120406464,carbonZ_2018-07-30-16-39-00_2_engine_failure,engine,15.7399997711,323.631011963,1.40323793888,140,0.0171909462661,3.93767499924,175.948989868,-8.58554363251,1.61142969131,1.28100860119,1
1532135049171168880,100.16738864,carbonZ_2018-07-30-16-39-00_2_engine_failure,engine,15.8699998856,333.619506836,1.5469429493,141,0.0171909462661,3.93767499924,175.948989868,-8.57855701447,1.60876643658,1.33120131493,1
1532135049222421232,100.218640992,carbonZ_2018-07-30-16-39-00_2_engine_failure,engine,15.8699998856,333.619506836,1.5469429493,141,0.0171909462661,3.93767499924,175.948989868,-8.56343173981,1.60307395458,1.36065173149,1
1532135049281360144,100.277579904,carbonZ_2018-07-30-16-39-00_2_engine_failure,engine,16.0200004578,329.243652344,1.68219470978,141,0.471248149872,3.48348665237,176.044570923,-8.54845237732,1.5947163105,1.4150313139,1
1532135049306586032,100.302805792,carbonZ_2018-07-30-16-39-00_2_engine_failure,engine,16.0200004578,329.243652344,1.68219470978,141,0.471248149872,3.48348665237,176.044570923,-8.54411220551,1.59433138371,1.42677485943,1
1532135049339862544,100.336082304,carbonZ_2018-07-30-16-39-00_2_engine_failure,engine,16.1700000763,334.589111328,1.82589995861,141,0.471248149872,3.48348665237,176.044570923,-8.54411220551,1.59433138371,1.42677485943,1
1532135049396131248,100.392351008,carbonZ_2018-07-30-16-39-00_2_engine_failure,engine,16.1700000763,334.589111328,1.82589995861,141,0.471248149872,3.48348665237,176.044570923,-8.54008197784,1.58243572712,1.46600222588,1
1532135049454350544,100.450570304,carbonZ_2018-07-30-16-39-00_2_engine_failure,engine,16.3299999237,331.528076172,1.96115207672,141,0.471248149872,3.48348665237,176.044570923,-8.52351665497,1.56262552738,1.49496042728,1
1532135049494657904,100.490877664,carbonZ_2018-07-30-16-39-00_2_engine_failure,engine,16.3299999237,331.528076172,1.96115207672,141,0.471248149872,3.48348665237,176.044570923,-8.51822853088,1.55347764492,1.51411533356,1
1532135049535591088,100.531810848,carbonZ_2018-07-30-16-39-00_2_engine_failure,engine,16.3299999237,331.528076172,1.96115207672,141,0.471248149872,3.48348665237,176.044570923,-8.51588821411,1.54508924484,1.52622365952,1
1532135049595754864,100.591974624,carbonZ_2018-07-30-16-39-00_2_engine_failure,engine,16.4899997711,328.586853027,2.0964038372,141,0.471248149872,3.48348665237,176.044570923,-8.51664924622,1.52557682991,1.52320683002,1
1532135049642830992,100.639050752,carbonZ_2018-07-30-16-39-00_2_engine_failure,engine,16.4899997711,328.586853027,2.0964038372,141,0.471248149872,3.48348665237,176.044570923,-8.5096988678,1.51236712933,1.52647686005,1
1532135049694183312,100.690403072,carbonZ_2018-07-30-16-39-00_2_engine_failure,engine,16.6599998474,333.322509766,2.22320342064,142,2.65862441063,3.06403613091,175.964126587,-8.50348854065,1.49796593189,1.5442276001,1
1532135049734043856,100.730263616,carbonZ_2018-07-30-16-39-00_2_engine_failure,engine,16.8199996948,340.400024414,2.3500020504,142,2.65862441063,3.06403613091,175.964126587,-8.50249099731,1.48917222023,1.57354569435,1
1532135049777592656,100.773812416,carbonZ_2018-07-30-16-39-00_2_engine_failure,engine,16.8199996948,340.400024414,2.3500020504,142,2.65862441063,3.06403613091,175.964126587,-8.50445652008,1.48506784439,1.61764895916,1
1532135049855102448,100.851322208,carbonZ_2018-07-30-16-39-00_2_engine_failure,engine,16.9899997711,354.243286133,2.47680068016,142,2.65862441063,3.06403613091,175.964126587,-8.50422000885,1.48462307453,1.64359128475,1
1532135049918521840,100.9147416,carbonZ_2018-07-30-16-39-00_2_engine_failure,engine,16.9899997711,354.243286133,2.47680068016,142,2.65862441063,3.06403613091,175.964126587,-8.5098400116,1.48950791359,1.69042670727,1
1532135049946478704,100.942698464,carbonZ_2018-07-30-16-39-00_2_engine_failure,engine,17.1700000763,358.562561035,2.57799863815,142,2.65862441063,3.06403613091,175.964126587,-8.51791763306,1.50000667572,1.70191049576,1
1532135049987834576,100.984054336,carbonZ_2018-07-30-16-39-00_2_engine_failure,engine,17.1700000763,358.562561035,2.57799863815,142,2.65862441063,3.06403613091,175.964126587,-8.52118301392,1.50493466854,1.71629881859,1
1532135050040208368,101.036428128,carbonZ_2018-07-30-16-39-00_2_engine_failure,engine,17.1700000763,358.562561035,2.57799863815,142,2.65862441063,3.06403613091,175.964126587,-8.52021121979,1.51625549793,1.771235466,1
1532135050073428976,101.069648736,carbonZ_2018-07-30-16-39-00_2_engine_failure,engine,17.3500003815,358.065795898,2.7055208683,143,-1.50246083736,0.984364807606,175.905181885,-8.52861213684,1.52948641777,1.79596972466,1
1532135050108216368,101.104436128,carbonZ_2018-07-30-16-39-00_2_engine_failure,engine,17.3500003815,358.065795898,2.7055208683,143,-1.50246083736,0.984364807606,175.905181885,-8.54685497284,1.54856824875,1.8184762001,1
1532135050146533168,101.142752928,carbonZ_2018-07-30-16-39-00_2_engine_failure,engine,17.5399990082,347.917663574,2.84150648117,143,-1.50246083736,0.984364807606,175.905181885,-8.55381584167,1.56024062634,1.82346105576,1
1532135050217631024,101.213850784,carbonZ_2018-07-30-16-39-00_2_engine_failure,engine,17.5399990082,347.917663574,2.84150648117,143,-1.50246083736,0.984364807606,175.905181885,-8.56779193878,1.57596695423,1.84761381149,1
1532135050271103888,101.267323648,carbonZ_2018-07-30-16-39-00_2_engine_failure,engine,17.7299995422,354.594604492,2.9774916172,143,-1.50246083736,0.984364807606,175.905181885,-8.58592796326,1.58851826191,1.86994469166,1
1532135050303355984,101.299575744,carbonZ_2018-07-30-16-39-00_2_engine_failure,engine,17.7299995422,354.594604492,2.9774916172,143,-1.50246083736,0.984364807606,175.905181885,-8.59261512756,1.58698487282,1.87629938126,1
1532135050380318896,101.376538656,carbonZ_2018-07-30-16-39-00_2_engine_failure,engine,17.9300003052,345.127288818,3.12192988396,143,-1.50246083736,0.984364807606,175.905181885,-8.62645435333,1.60103094578,1.90476858616,1
1532135050407475504,101.403695264,carbonZ_2018-07-30-16-39-00_2_engine_failure,engine,17.9300003052,345.127288818,3.12192988396,143,-1.50246083736,0.984364807606,175.905181885,-8.63073062897,1.60039651394,1.91031014919,1
1532135050454516112,101.450735872,carbonZ_2018-07-30-16-39-00_2_engine_failure,engine,18.1199989319,335.361755371,3.22560477257,144,0.180721014738,0.354341566563,176.558242798,-8.64392566681,1.5968593359,1.95623481274,1
1532135050467797360,101.46401712,carbonZ_2018-07-30-16-39-00_2_engine_failure,engine,18.1199989319,335.361755371,3.22560477257,144,0.180721014738,0.354341566563,176.558242798,-8.6509847641,1.59421110153,1.9693236351,1
1532135050513644624,101.509864384,carbonZ_2018-07-30-16-39-00_2_engine_failure,engine,18.1199989319,335.361755371,3.22560477257,144,0.180721014738,0.354341566563,176.558242798,-8.66203594208,1.58810353279,2.00809836388,1
1532135050555512944,101.551732704,carbonZ_2018-07-30-16-39-00_2_engine_failure,engine,18.3299999237,339.739990234,3.36285114288,144,0.180721014738,0.354341566563,176.558242798,-8.67416954041,1.58017659187,2.04932379723,1
1532135050603851472,101.600071232,carbonZ_2018-07-30-16-39-00_2_engine_failure,engine,18.3299999237,339.739990234,3.36285114288,144,0.180721014738,0.354341566563,176.558242798,-8.68288993835,1.57050895691,2.08456969261,1
1532135050660791760,101.65701152,carbonZ_2018-07-30-16-39-00_2_engine_failure,engine,18.5399990082,348.200805664,3.3235809803,144,0.180721014738,0.354341566563,176.558242798,-8.69219779968,1.54837346077,2.14416241646,1
1532135050702794128,101.699013888,carbonZ_2018-07-30-16-39-00_2_engine_failure,engine,18.5399990082,348.200805664,3.3235809803,144,0.180721014738,0.354341566563,176.558242798,-8.71702003479,1.51714754105,2.18540811539,1
1532135050785053360,101.78127312,carbonZ_2018-07-30-16-39-00_2_engine_failure,engine,18.7600002289,337.198822021,3.46638917923,144,0.180721014738,0.354341566563,176.558242798,-8.73930072784,1.4984742403,2.17509150505,1
1532135050841898160,101.83811792,carbonZ_2018-07-30-16-39-00_2_engine_failure,engine,18.9899997711,319.001403809,3.22510504723,145,3.82092952728,0.901433765888,175.77142334,-8.73930072784,1.4984742403,2.17509150505,1
1532135050928388464,101.924608224,carbonZ_2018-07-30-16-39-00_2_engine_failure,engine,18.9899997711,319.001403809,3.22510504723,145,3.82092952728,0.901433765888,175.77142334,-8.78210067749,1.40618991852,2.0993142128,1
1532135050952422672,101.948642432,carbonZ_2018-07-30-16-39-00_2_engine_failure,engine,19.2099990845,302.722076416,3.37120342255,145,3.82092952728,0.901433765888,175.77142334,-8.78210067749,1.40618991852,2.0993142128,1
1532135050999374000,101.99559376,carbonZ_2018-07-30-16-39-00_2_engine_failure,engine,19.2099990845,302.722076416,3.37120342255,145,3.82092952728,0.901433765888,175.77142334,-8.77813243866,1.38848757744,2.10415029526,1
1532135051054928624,102.051148384,carbonZ_2018-07-30-16-39-00_2_engine_failure,engine,19.4300003052,293.362609863,3.50859546661,145,3.82092952728,0.901433765888,175.77142334,-8.76518535614,1.35989868641,2.10606575012,1
1532135051115923024,102.112142784,carbonZ_2018-07-30-16-39-00_2_engine_failure,engine,19.4300003052,293.362609863,3.50859546661,145,3.82092952728,0.901433765888,175.77142334,-8.75164604187,1.3364597559,2.10401654243,1
1532135051149810928,102.146030688,carbonZ_2018-07-30-16-39-00_2_engine_failure,engine,19.6499996185,281.527130127,3.64624214172,146,3.82092952728,0.901433765888,175.77142334,-8.74341773987,1.32307875156,2.09428119659,1
1532135051235467888,102.231687648,carbonZ_2018-07-30-16-39-00_2_engine_failure,engine,19.6499996185,281.527130127,3.64624214172,146,4.61441421509,4.51110935211,176.051086426,-8.7116727829,1.27674007416,2.06867313385,1
1532135051269809008,102.266028768,carbonZ_2018-07-30-16-39-00_2_engine_failure,engine,19.859998703,273.709686279,3.77518367767,146,4.61441421509,4.51110935211,176.051086426,-8.69362258911,1.25038540363,2.04931378365,1
1532135051297610416,102.293830176,carbonZ_2018-07-30-16-39-00_2_engine_failure,engine,19.859998703,273.709686279,3.77518367767,146,4.61441421509,4.51110935211,176.051086426,-8.68606376648,1.23716533184,2.04557347298,1
1532135051355183984,102.351403744,carbonZ_2018-07-30-16-39-00_2_engine_failure,engine,20.0699996948,271.149353027,3.63427972794,146,4.61441421509,4.51110935211,176.051086426,-8.66218185425,1.19181752205,2.00374674797,1
1532135051422076080,102.41829584,carbonZ_2018-07-30-16-39-00_2_engine_failure,engine,20.0699996948,271.149353027,3.63427972794,146,4.61441421509,4.51110935211,176.051086426,-8.62720108032,1.13372468948,1.96845304966,1
1532135051476376464,102.472596224,carbonZ_2018-07-30-16-39-00_2_engine_failure,engine,20.2700004578,281.438537598,3.75397777557,146,4.61441421509,4.51110935211,176.051086426,-8.58355712891,1.0782469511,1.96236586571,1
1532135051543030864,102.539250624,carbonZ_2018-07-30-16-39-00_2_engine_failure,engine,20.2700004578,281.438537598,3.75397777557,146,4.61441421509,4.51110935211,176.051086426,-8.53791427612,1.02517771721,1.98350131512,1
1532135051565850896,102.562070656,carbonZ_2018-07-30-16-39-00_2_engine_failure,engine,20.4699993134,298.037353516,3.87404179573,147,4.61441421509,4.51110935211,176.051086426,-8.52406311035,1.00769877434,1.98686623573,1
1532135051600759888,102.596979648,carbonZ_2018-07-30-16-39-00_2_engine_failure,engine,20.4699993134,298.037353516,3.87404179573,147,6.89150381088,8.00395202637,179.919326782,-8.49202251434,0.970058202744,1.99992072582,1
1532135051650748688,102.646968448,carbonZ_2018-07-30-16-39-00_2_engine_failure,engine,20.6800003052,319.851318359,3.26847362518,147,6.89150381088,8.00395202637,179.919326782,-8.44104194641,0.913811326027,2.01368689537,1
1532135051691201872,102.687421632,carbonZ_2018-07-30-16-39-00_2_engine_failure,engine,20.6800003052,319.851318359,3.26847362518,147,6.89150381088,8.00395202637,179.919326782,-8.40977096558,0.87567615509,2.00926780701,1
1532135051749944240,102.746164,carbonZ_2018-07-30-16-39-00_2_engine_failure,engine,20.8799991608,324.167449951,3.38516998291,147,6.89150381088,8.00395202637,179.919326782,-8.36536121368,0.822240591049,2.00884532928,1
1532135051802787568,102.799007328,carbonZ_2018-07-30-16-39-00_2_engine_failure,engine,20.8799991608,324.167449951,3.38516998291,147,6.89150381088,8.00395202637,179.919326782,-8.3319940567,0.789048969746,2.01596951485,1
1532135051864303824,102.860523584,carbonZ_2018-07-30-16-39-00_2_engine_failure,engine,21.0900001526,335.416229248,2.43543887138,147,6.89150381088,8.00395202637,179.919326782,-8.26794242859,0.727392852306,2.07970690727,1
1532135051940978384,102.937198144,carbonZ_2018-07-30-16-39-00_2_engine_failure,engine,21.0900001526,335.416229248,2.43543887138,147,6.89150381088,8.00395202637,179.919326782,-8.22862625122,0.682863235474,2.15110254288,1
1532135051973529360,102.96974912,carbonZ_2018-07-30-16-39-00_2_engine_failure,engine,21.2999992371,342.49105835,2.56403231621,148,6.89150381088,8.00395202637,179.919326782,-8.20715141296,0.651198863983,2.19576263428,1
1532135052037551760,103.03377152,carbonZ_2018-07-30-16-39-00_2_engine_failure,engine,21.5200004578,357.551086426,2.67360138893,148,6.89150381088,8.00395202637,179.919326782,-8.17073249817,0.601916611195,2.30547738075,1
1532135052081603728,103.077823488,carbonZ_2018-07-30-16-39-00_2_engine_failure,engine,21.5200004578,357.551086426,2.67360138893,148,6.28329658508,5.01687431335,-176.2472229,-8.15783882141,0.566447198391,2.37511587143,1
1532135052097962672,103.094182432,carbonZ_2018-07-30-16-39-00_2_engine_failure,engine,21.5200004578,357.551086426,2.67360138893,148,6.28329658508,5.01687431335,-176.2472229,-8.15271568298,0.545753359795,2.42258381844,1
1532135052161817840,103.1580376,carbonZ_2018-07-30-16-39-00_2_engine_failure,engine,21.7700004578,363.788208008,2.7842707634,148,6.28329658508,5.01687431335,-176.2472229,-8.1463842392,0.488895595074,2.52570939064,1
1532135052220353840,103.2165736,carbonZ_2018-07-30-16-39-00_2_engine_failure,engine,21.7700004578,363.788208008,2.7842707634,148,6.28329658508,5.01687431335,-176.2472229,-8.13699817657,0.427628695965,2.63391923904,1
1532135052242870064,103.239089824,carbonZ_2018-07-30-16-39-00_2_engine_failure,engine,22.0299987793,373.094543457,2.87811636925,148,6.28329658508,5.01687431335,-176.2472229,-8.13699817657,0.427628695965,2.63391923904,1
1532135052306597712,103.302817472,carbonZ_2018-07-30-16-39-00_2_engine_failure,engine,22.0299987793,373.094543457,2.87811636925,148,6.28329658508,5.01687431335,-176.2472229,-8.13312721252,0.339985311031,2.80507183075,1
1532135052357708656,103.353928416,carbonZ_2018-07-30-16-39-00_2_engine_failure,engine,22.3099994659,378.912841797,2.34703946114,149,6.28329658508,5.01687431335,-176.2472229,-8.14368152618,0.271254092455,2.92031812668,1
1532135052434921136,103.431140896,carbonZ_2018-07-30-16-39-00_2_engine_failure,engine,22.3099994659,378.912841797,2.34703946114,149,8.3401260376,0.299989283085,-176.052093506,-8.16079521179,0.176482513547,3.04849553108,1
1532135052465086800,103.46130656,carbonZ_2018-07-30-16-39-00_2_engine_failure,engine,22.609998703,382.164001465,2.43239283562,149,8.3401260376,0.299989283085,-176.052093506,-8.16666316986,0.15561504662,3.07661890984,1
1532135052490033872,103.486253632,carbonZ_2018-07-30-16-39-00_2_engine_failure,engine,22.609998703,382.164001465,2.43239283562,149,8.3401260376,0.299989283085,-176.052093506,-8.1840877533,0.108500659466,3.1290910244,1
1532135052557265040,103.5534848,carbonZ_2018-07-30-16-39-00_2_engine_failure,engine,22.9300003052,377.816009521,2.51207375526,149,8.3401260376,0.299989283085,-176.052093506,-8.2196855545,0.0398267731071,3.17255592346,1
1532135052646745552,103.642965312,carbonZ_2018-07-30-16-39-00_2_engine_failure,engine,22.9300003052,377.816009521,2.51207375526,149,8.3401260376,0.299989283085,-176.052093506,-8.26852989197,-0.043593313545,3.19142889977,1
1532135052684347248,103.680567008,carbonZ_2018-07-30-16-39-00_2_engine_failure,engine,23.2600002289,356.384857178,1.15601122379,149,8.3401260376,0.299989283085,-176.052093506,-8.31257820129,-0.110790893435,3.21888422966,1
1532135052780215440,103.7764352,carbonZ_2018-07-30-16-39-00_2_engine_failure,engine,23.5900001526,350.198455811,1.26371920109,149,5.79041671753,-0.194175988436,-176.098968506,-8.3529882431,-0.146238669753,3.23509478569,1
1532135052845593040,103.8418128,carbonZ_2018-07-30-16-39-00_2_engine_failure,engine,23.5900001526,350.198455811,1.26371920109,149,5.79041671753,-0.194175988436,-176.098968506,-8.38787078857,-0.181270495057,3.21616506577,1
1532135052873648880,103.86986864,carbonZ_2018-07-30-16-39-00_2_engine_failure,engine,23.9200000763,350.048736572,1.36506545544,150,5.79041671753,-0.194175988436,-176.098968506,-8.41673088074,-0.194615468383,3.18444252014,1
1532135052886127664,103.882347424,carbonZ_2018-07-30-16-39-00_2_engine_failure,engine,23.9200000763,350.048736572,1.36506545544,150,5.79041671753,-0.194175988436,-176.098968506,-8.4290933609,-0.202027246356,3.17075777054,1
1532135052997909040,103.9941288,carbonZ_2018-07-30-16-39-00_2_engine_failure,engine,24.25,342.062286377,-0.255299270153,150,5.79041671753,-0.194175988436,-176.098968506,-8.49827671051,-0.214089512825,3.14075136185,1
1532135053056787440,104.0530072,carbonZ_2018-07-30-16-39-00_2_engine_failure,engine,24.5699996948,324.795532227,-0.0921258181334,150,5.79041671753,-0.194175988436,-176.098968506,-8.5354642868,-0.216854125261,3.14098358154,1
1532135053089128272,104.085348032,carbonZ_2018-07-30-16-39-00_2_engine_failure,engine,24.5699996948,324.795532227,-0.0921258181334,150,5.79041671753,-0.194175988436,-176.098968506,-8.56482028961,-0.214256539941,3.14351272583,1
1532135053158736880,104.15495664,carbonZ_2018-07-30-16-39-00_2_engine_failure,engine,24.8899993896,308.847137451,0.071046680212,150,0.258374601603,-1.03600609303,-175.129226685,-8.61343288422,-0.213043794036,3.12891173363,1
1532135053198506096,104.194725856,carbonZ_2018-07-30-16-39-00_2_engine_failure,engine,24.8899993896,308.847137451,0.071046680212,150,0.258374601603,-1.03600609303,-175.129226685,-8.66593074799,-0.208974555135,3.08425784111,1
1532135053282168464,104.278388224,carbonZ_2018-07-30-16-39-00_2_engine_failure,engine,25.1999988556,292.56829834,0.236868828535,150,0.258374601603,-1.03600609303,-175.129226685,-8.72122001648,-0.213561356068,3.03557133675,1
1532135053319656432,104.315876192,carbonZ_2018-07-30-16-39-00_2_engine_failure,engine,25.1999988556,292.56829834,0.236868828535,150,0.258374601603,-1.03600609303,-175.129226685,-8.7399597168,-0.215068817139,3.00943374634,1
1532135053347624528,104.343844288,carbonZ_2018-07-30-16-39-00_2_engine_failure,engine,25.5100002289,269.897186279,-0.481423467398,151,0.258374601603,-1.03600609303,-175.129226685,-8.79941272736,-0.221443071961,2.93533301353,1
1532135053394282384,104.390502144,carbonZ_2018-07-30-16-39-00_2_engine_failure,engine,25.5100002289,269.897186279,-0.481423467398,151,0.258374601603,-1.03600609303,-175.129226685,-8.83717441559,-0.226857289672,2.88159799576,1
1532135053474816624,104.471036384,carbonZ_2018-07-30-16-39-00_2_engine_failure,engine,25.8099994659,245.246307373,-0.281703740358,151,1.74888122082,-1.54558479786,-175.348220825,-8.9174489975,-0.236664175987,2.74157738686,1
1532135053506996976,104.503216736,carbonZ_2018-07-30-16-39-00_2_engine_failure,engine,25.8099994659,245.246307373,-0.281703740358,151,1.74888122082,-1.54558479786,-175.348220825,-8.93651580811,-0.239058867097,2.70116496086,1
1532135053550043344,104.546263104,carbonZ_2018-07-30-16-39-00_2_engine_failure,engine,26.0900001526,241.286941528,-0.075951859355,151,1.74888122082,-1.54558479786,-175.348220825,-8.99598312378,-0.238526463509,2.61780285835,1
1532135053601934160,104.59815392,carbonZ_2018-07-30-16-39-00_2_engine_failure,engine,26.0900001526,241.286941528,-0.075951859355,151,1.74888122082,-1.54558479786,-175.348220825,-9.0317325592,-0.246053680778,2.57049584389,1
1532135053646319376,104.642539136,carbonZ_2018-07-30-16-39-00_2_engine_failure,engine,26.3499984741,242.533966064,-1.70335996151,151,1.74888122082,-1.54558479786,-175.348220825,-9.10076999664,-0.232702329755,2.47985839844,1
1532135053687677456,104.683897216,carbonZ_2018-07-30-16-39-00_2_engine_failure,engine,26.3499984741,242.533966064,-1.70335996151,151,1.74888122082,-1.54558479786,-175.348220825,-9.11395168304,-0.238594681025,2.46361756325,1
1532135053775362448,104.771582208,carbonZ_2018-07-30-16-39-00_2_engine_failure,engine,26.5999984741,247.517105103,-1.43411386013,152,1.74888122082,-1.54558479786,-175.348220825,-9.17836380005,-0.227282658219,2.42185497284,1
1532135053815350192,104.811569952,carbonZ_2018-07-30-16-39-00_2_engine_failure,engine,26.5999984741,247.517105103,-1.43411386013,152,1.74888122082,-1.54558479786,-175.348220825,-9.20562076569,-0.217114806175,2.39571738243,1
1532135053898539984,104.894759744,carbonZ_2018-07-30-16-39-00_2_engine_failure,engine,26.8400001526,255.065628052,-3.09536242485,152,1.74888122082,-1.54558479786,-175.348220825,-9.26495265961,-0.195141851902,2.32807588577,1
1532135053985994736,104.982214496,carbonZ_2018-07-30-16-39-00_2_engine_failure,engine,27.0699996948,251.637176514,-2.7467212677,152,0.387129306793,-0.5640655756,-178.855941772,-9.33041381836,-0.151195168495,2.25665593147,1
1532135054011859472,105.008079232,carbonZ_2018-07-30-16-39-00_2_engine_failure,engine,27.0699996948,251.637176514,-2.7467212677,152,0.387129306793,-0.5640655756,-178.855941772,-9.33041381836,-0.151195168495,2.25665593147,1
1532135054065384752,105.061604512,carbonZ_2018-07-30-16-39-00_2_engine_failure,engine,27.2999992371,266.78314209,-2.39807748795,153,0.387129306793,-0.5640655756,-178.855941772,-9.38006496429,-0.100460715592,2.21322250366,1
1532135054109719344,105.105939104,carbonZ_2018-07-30-16-39-00_2_engine_failure,engine,27.2999992371,266.78314209,-2.39807748795,153,0.387129306793,-0.5640655756,-178.855941772,-9.38006496429,-0.100460715592,2.21322250366,1
1532135054160253296,105.156473056,carbonZ_2018-07-30-16-39-00_2_engine_failure,engine,27.5199985504,272.382171631,-2.03720808029,153,0.387129306793,-0.5640655756,-178.855941772,-9.4092502594,-0.0726960524917,2.19974088669,1
1532135054194158864,105.190378624,carbonZ_2018-07-30-16-39-00_2_engine_failure,engine,27.5199985504,272.382171631,-2.03720808029,153,0.387129306793,-0.5640655756,-178.855941772,-9.42525672913,-0.0569096840918,2.17652630806,1
1532135054250312272,105.246532032,carbonZ_2018-07-30-16-39-00_2_engine_failure,engine,27.7399997711,276.856414795,-1.66860365868,153,0.387129306793,-0.5640655756,-178.855941772,-9.43615818024,-0.0264602527022,2.13633942604,1
1532135054289793200,105.28601296,carbonZ_2018-07-30-16-39-00_2_engine_failure,engine,27.7399997711,276.856414795,-1.66860365868,153,0.387129306793,-0.5640655756,-178.855941772,-9.4406003952,-0.0142925828695,2.11170244217,1
1532135054349512816,105.345732576,carbonZ_2018-07-30-16-39-00_2_engine_failure,engine,27.9599990845,285.139465332,-2.20225095749,153,0.387129306793,-0.5640655756,-178.855941772,-9.44890403748,0.011294176802,2.04533696175,1
1532135054436953680,105.43317344,carbonZ_2018-07-30-16-39-00_2_engine_failure,engine,28.1700000763,286.30847168,-1.79672682285,154,0.365196913481,3.26825070381,-179.031600952,-9.43446063995,0.0296921022236,1.9854131937,1
1532135054464925680,105.46114544,carbonZ_2018-07-30-16-39-00_2_engine_failure,engine,28.1700000763,286.30847168,-1.79672682285,154,0.365196913481,3.26825070381,-179.031600952,-9.43446063995,0.0296921022236,1.9854131937,1
1532135054512598384,105.508818144,carbonZ_2018-07-30-16-39-00_2_engine_failure,engine,28.1700000763,286.30847168,-1.79672682285,154,0.365196913481,3.26825070381,-179.031600952,-9.42164325714,0.049664478749,1.92633354664,1
1532135054598276752,105.594496512,carbonZ_2018-07-30-16-39-00_2_engine_failure,engine,28.3699989319,284.620849609,-1.40090847015,154,0.365196913481,3.26825070381,-179.031600952,-9.39029026031,0.0875577032566,1.81431293488,1
1532135054651690256,105.647910016,carbonZ_2018-07-30-16-39-00_2_engine_failure,engine,28.5599994659,287.130828857,-3.78388786316,155,0.365196913481,3.26825070381,-179.031600952,-9.35823059082,0.0993085876107,1.75865912437,1
1532135054690630384,105.686850144,carbonZ_2018-07-30-16-39-00_2_engine_failure,engine,28.5599994659,287.130828857,-3.78388786316,155,0.365196913481,3.26825070381,-179.031600952,-9.32411575317,0.109289556742,1.7370660305,1
1532135054759200592,105.755420352,carbonZ_2018-07-30-16-39-00_2_engine_failure,engine,28.7399997711,287.112518311,-3.29855442047,155,1.01546680927,5.11649560928,-179.337188721,-9.3043680191,0.123778618872,1.74068391323,1
1532135054792908848,105.789128608,carbonZ_2018-07-30-16-39-00_2_engine_failure,engine,28.7399997711,287.112518311,-3.29855442047,155,1.01546680927,5.11649560928,-179.337188721,-9.26749897003,0.126202791929,1.74882590771,1
1532135054869236656,105.865456416,carbonZ_2018-07-30-16-39-00_2_engine_failure,engine,28.9099998474,279.861083984,-3.29855442047,155,1.01546680927,5.11649560928,-179.337188721,-9.23128128052,0.121528573334,1.76902627945,1
1532135054909155248,105.905375008,carbonZ_2018-07-30-16-39-00_2_engine_failure,engine,28.9099998474,279.861083984,-3.29855442047,155,1.01546680927,5.11649560928,-179.337188721,-9.21045589447,0.113430462778,1.77447474003,1
1532135054984755408,105.980975168,carbonZ_2018-07-30-16-39-00_2_engine_failure,engine,29.0900001526,282.975189209,-3.29855442047,156,1.01546680927,5.11649560928,-179.337188721,-9.19252300262,0.120453134179,1.77282965183,1
1532135055006078640,106.0022984,carbonZ_2018-07-30-16-39-00_2_engine_failure,engine,29.0900001526,282.975189209,-3.29855442047,156,1.01546680927,5.11649560928,-179.337188721,-9.19251918793,0.129695087671,1.77798521519,1
