timestamp_ns,time_sec,flight_id,fault_type,alt_error,aspd_error,xtrack_error,wp_dist,nav_roll,nav_pitch,nav_yaw,nav_x,nav_y,nav_z,label_anomaly
1539875435217393576,0.0,carbonZ_2018-10-18-11-06-06_engine_failure_with_emr_traj,engine,-0.0499999970198,-363.144287109,-36.7875595093,7,-1.79533481598,-1.39109289646,-67.6934051514,3.47407722473,-15.5005979538,0.0283563584089,0
1539875435274226568,0.056832992,carbonZ_2018-10-18-11-06-06_engine_failure_with_emr_traj,engine,-0.070000000298,-363.144287109,-35.1764144897,8,-1.79533481598,-1.39109289646,-67.6934051514,3.44843792915,-15.518614769,0.0924841091037,0
1539875435323271400,0.105877824,carbonZ_2018-10-18-11-06-06_engine_failure_with_emr_traj,engine,-0.070000000298,-363.144287109,-35.1764144897,8,-1.7327709198,-2.648686409,-68.5422286987,3.42752957344,-15.5169401169,0.205491915345,0
1539875435361541864,0.144148288,carbonZ_2018-10-18-11-06-06_engine_failure_with_emr_traj,engine,-0.0899999961257,-372.702972412,-33.5680046082,10,-1.7327709198,-2.648686409,-68.5422286987,3.4316906929,-15.5224380493,0.273504495621,0
1539875435409880808,0.192487232,carbonZ_2018-10-18-11-06-06_engine_failure_with_emr_traj,engine,-0.0899999961257,-372.702972412,-33.5680046082,10,-1.7327709198,-2.648686409,-68.5422286987,3.43236231804,-15.5174484253,0.417803257704,0
1539875435458921608,0.241528032,carbonZ_2018-10-18-11-06-06_engine_failure_with_emr_traj,engine,-0.0799999982119,-372.702972412,-472.963012695,11,-1.7327709198,-2.648686409,-68.5422286987,3.43236231804,-15.5174484253,0.417803257704,0
1539875435523663496,0.30626992,carbonZ_2018-10-18-11-06-06_engine_failure_with_emr_traj,engine,-0.0799999982119,-372.702972412,-472.963012695,11,-1.7327709198,-2.648686409,-68.5422286987,3.47759032249,-15.5136051178,0.447242170572,0
1539875435567480616,0.35008704,carbonZ_2018-10-18-11-06-06_engine_failure_with_emr_traj,engine,-0.0599999986589,-274.053009033,-471.382263184,13,-1.7327709198,-2.648686409,-68.5422286987,3.49690055847,-15.5101613998,0.444483011961,0
1539875435603336200,0.385942624,carbonZ_2018-10-18-11-06-06_engine_failure_with_emr_traj,engine,-0.0599999986589,-274.053009033,-471.382263184,13,-1.7327709198,-2.648686409,-68.5422286987,3.5214574337,-15.5037345886,0.464514821768,0
1539875435669069736,0.45167616,carbonZ_2018-10-18-11-06-06_engine_failure_with_emr_traj,engine,-0.0299999993294,-274.053009033,-469.801422119,15,-1.7327709198,-2.648686409,-68.5422286987,3.57752084732,-15.4897241592,0.519695281982,0
1539875435720050600,0.502657024,carbonZ_2018-10-18-11-06-06_engine_failure_with_emr_traj,engine,-0.0299999993294,-274.053009033,-469.801422119,15,-1.7327709198,-2.648686409,-68.5422286987,3.61363458633,-15.4789247513,0.524268388748,0
1539875435801941256,0.58454768,carbonZ_2018-10-18-11-06-06_engine_failure_with_emr_traj,engine,0.0,-267.73223877,-468.229095459,16,-1.7327709198,-2.648686409,-68.5422286987,3.71387338638,-15.4317522049,0.612908422947,0
1539875435883299208,0.665905632,carbonZ_2018-10-18-11-06-06_engine_failure_with_emr_traj,engine,0.0399999991059,-267.73223877,-466.648376465,18,9.45710659027,-2.8312895298,-68.2098617554,3.80506849289,-15.381685257,0.68817025423,0
1539875435921157512,0.703763936,carbonZ_2018-10-18-11-06-06_engine_failure_with_emr_traj,engine,0.0399999991059,-267.73223877,-466.648376465,18,9.45710659027,-2.8312895298,-68.2098617554,3.84421896935,-15.3703069687,0.692952930927,0
1539875435961811592,0.744418016,carbonZ_2018-10-18-11-06-06_engine_failure_with_emr_traj,engine,0.0999999940395,-269.767181396,-465.084533691,20,9.45710659027,-2.8312895298,-68.2098617554,3.94309020042,-15.3145427704,0.745079576969,0
1539875436000939912,0.783546336,carbonZ_2018-10-18-11-06-06_engine_failure_with_emr_traj,engine,0.0999999940395,-269.767181396,-465.084533691,20,9.45710659027,-2.8312895298,-68.2098617554,4.01854705811,-15.2776613235,0.764895498753,0
1539875436071998024,0.854604448,carbonZ_2018-10-18-11-06-06_engine_failure_with_emr_traj,engine,0.159999996424,-269.767181396,-463.520721436,21,9.45710659027,-2.8312895298,-68.2098617554,4.13464784622,-15.2069301605,0.833295941353,0
1539875436156655432,0.939261856,carbonZ_2018-10-18-11-06-06_engine_failure_with_emr_traj,engine,0.219999998808,-259.166534424,-461.973632812,23,9.45710659027,-2.8312895298,-68.2098617554,4.30476903915,-15.1037855148,0.945087134838,0
1539875436181568072,0.964174496,carbonZ_2018-10-18-11-06-06_engine_failure_with_emr_traj,engine,0.219999998808,-259.166534424,-461.973632812,23,9.45710659027,-2.8312895298,-68.2098617554,4.3856549263,-15.0520038605,1.07499706745,0
1539875436218714760,1.001321184,carbonZ_2018-10-18-11-06-06_engine_failure_with_emr_traj,engine,0.219999998808,-259.166534424,-461.973632812,23,19.3264331818,-4.16769075394,-67.9533233643,4.42056703568,-15.0255680084,1.14003610611,0
1539875436291520360,1.074126784,carbonZ_2018-10-18-11-06-06_engine_failure_with_emr_traj,engine,0.319999992847,-259.166534424,-460.443664551,24,19.3264331818,-4.16769075394,-67.9533233643,4.59055709839,-14.9122638702,1.33785104752,0
1539875436319778952,1.102385376,carbonZ_2018-10-18-11-06-06_engine_failure_with_emr_traj,engine,0.319999992847,-259.166534424,-460.443664551,24,19.3264331818,-4.16769075394,-67.9533233643,4.69962835312,-14.8473358154,1.4291394949,0
1539875436388875240,1.171481664,carbonZ_2018-10-18-11-06-06_engine_failure_with_emr_traj,engine,0.439999997616,-244.060897827,-458.930541992,26,19.3264331818,-4.16769075394,-67.9533233643,4.85535478592,-14.7460479736,1.56480336189,0
1539875436400485224,1.183091648,carbonZ_2018-10-18-11-06-06_engine_failure_with_emr_traj,engine,0.439999997616,-244.060897827,-458.930541992,26,19.3264331818,-4.16769075394,-67.9533233643,4.85535478592,-14.7460479736,1.56480336189,0
1539875436477195944,1.259802368,carbonZ_2018-10-18-11-06-06_engine_failure_with_emr_traj,engine,0.579999983311,-244.060897827,-457.434326172,28,19.3264331818,-4.16769075394,-67.9533233643,5.06635141373,-14.6048297882,1.79903364182,0
1539875436521847240,1.304453664,carbonZ_2018-10-18-11-06-06_engine_failure_with_emr_traj,engine,0.579999983311,-244.060897827,-457.434326172,28,19.3264331818,-4.16769075394,-67.9533233643,5.18125295639,-14.531124115,1.90690386295,0
1539875436566987816,1.34959424,carbonZ_2018-10-18-11-06-06_engine_failure_with_emr_traj,engine,0.75,-226.38092041,-455.955047607,29,28.0122623444,-6.30243635178,-67.3791809082,5.36068820953,-14.4148263931,2.08295750618,0
1539875436603077288,1.385683712,carbonZ_2018-10-18-11-06-06_engine_failure_with_emr_traj,engine,0.75,-226.38092041,-455.955047607,29,28.0122623444,-6.30243635178,-67.3791809082,5.46388339996,-14.3409738541,2.20531797409,0
1539875436686749320,1.469355744,carbonZ_2018-10-18-11-06-06_engine_failure_with_emr_traj,engine,0.949999988079,-226.38092041,-454.500976562,31,28.0122623444,-6.30243635178,-67.3791809082,5.71314764023,-14.1829462051,2.45667481422,0
1539875436708069192,1.490675616,carbonZ_2018-10-18-11-06-06_engine_failure_with_emr_traj,engine,0.949999988079,-226.38092041,-454.500976562,31,28.0122623444,-6.30243635178,-67.3791809082,5.76597929001,-14.1424398422,2.52919721603,0
1539875436777149608,1.559756032,carbonZ_2018-10-18-11-06-06_engine_failure_with_emr_traj,engine,1.17999994755,-200.951385498,-453.055541992,32,28.0122623444,-6.30243635178,-67.3791809082,5.94269275665,-14.019903183,2.71943330765,0
1539875436795521800,1.578128224,carbonZ_2018-10-18-11-06-06_engine_failure_with_emr_traj,engine,1.17999994755,-200.951385498,-453.055541992,32,28.0122623444,-6.30243635178,-67.3791809082,6.06210565567,-13.938044548,2.83526420593,0
1539875436891053544,1.673659968,carbonZ_2018-10-18-11-06-06_engine_failure_with_emr_traj,engine,1.43999993801,-200.951385498,-451.643615723,34,28.0122623444,-6.30243635178,-67.3791809082,6.27990674973,-13.7848386765,3.10562133789,0
1539875436932643016,1.71524944,carbonZ_2018-10-18-11-06-06_engine_failure_with_emr_traj,engine,1.43999993801,-200.951385498,-451.643615723,34,31.6179676056,-9.16505622864,-66.073059082,6.39642095566,-13.7095241547,3.22683191299,0
1539875436968134856,1.75074128,carbonZ_2018-10-18-11-06-06_engine_failure_with_emr_traj,engine,1.74000000954,-182.612792969,-450.24887085,35,31.6179676056,-9.16505622864,-66.073059082,6.49926948547,-13.6383981705,3.34911727905,0
1539875437000955432,1.783561856,carbonZ_2018-10-18-11-06-06_engine_failure_with_emr_traj,engine,1.74000000954,-182.612792969,-450.24887085,35,31.6179676056,-9.16505622864,-66.073059082,6.59396982193,-13.569226265,3.46946835518,0
1539875437081058824,1.863665248,carbonZ_2018-10-18-11-06-06_engine_failure_with_emr_traj,engine,2.06999993324,-182.612792969,-448.879425049,37,31.6179676056,-9.16505622864,-66.073059082,6.71970081329,-13.4735641479,3.67269492149,0
1539875437123344488,1.905950912,carbonZ_2018-10-18-11-06-06_engine_failure_with_emr_traj,engine,2.42999982834,-172.87979126,-447.518463135,38,31.6179676056,-9.16505622864,-66.073059082,6.81193447113,-13.3647222519,4.03596687317,0
1539875437188640392,1.971246816,carbonZ_2018-10-18-11-06-06_engine_failure_with_emr_traj,engine,2.42999982834,-172.87979126,-447.518463135,38,31.6179676056,-9.16505622864,-66.073059082,6.80390739441,-13.3181686401,4.30696344376,0
1539875437217492680,2.000099104,carbonZ_2018-10-18-11-06-06_engine_failure_with_emr_traj,engine,2.42999982834,-172.87979126,-447.518463135,38,31.6179676056,-9.16505622864,-66.073059082,6.81684064865,-13.2680578232,4.54572296143,0
1539875437293320456,2.07592688,carbonZ_2018-10-18-11-06-06_engine_failure_with_emr_traj,engine,2.84999990463,-172.87979126,-446.182891846,40,31.6179676056,-9.16505622864,-66.073059082,6.93887519836,-13.1711912155,4.75306987762,0
1539875437317468264,2.100074688,carbonZ_2018-10-18-11-06-06_engine_failure_with_emr_traj,engine,2.84999990463,-172.87979126,-446.182891846,40,29.0490684509,-13.9143190384,-63.137676239,7.00007915497,-13.1408901215,4.79067516327,0
1539875437384838216,2.16744464,carbonZ_2018-10-18-11-06-06_engine_failure_with_emr_traj,engine,3.30999994278,-152.813720703,-444.847229004,41,29.0490684509,-13.9143190384,-63.137676239,7.24037599564,-13.0343103409,4.88214445114,0
1539875437435949704,2.218556128,carbonZ_2018-10-18-11-06-06_engine_failure_with_emr_traj,engine,3.78999996185,-152.813720703,-443.536956787,43,29.0490684509,-13.9143190384,-63.137676239,7.40025997162,-12.9675598145,4.94681072235,0
1539875437464997128,2.247603552,carbonZ_2018-10-18-11-06-06_engine_failure_with_emr_traj,engine,3.78999996185,-152.813720703,-443.536956787,43,29.0490684509,-13.9143190384,-63.137676239,7.45078229904,-12.9436311722,4.97729825974,0
1539875437517420648,2.300027072,carbonZ_2018-10-18-11-06-06_engine_failure_with_emr_traj,engine,3.78999996185,-152.813720703,-443.536956787,43,29.0490684509,-13.9143190384,-63.137676239,7.55078268051,-12.8912277222,5.07564210892,0
1539875437588870408,2.371476832,carbonZ_2018-10-18-11-06-06_engine_failure_with_emr_traj,engine,4.27999973297,-148.940460205,-442.226745605,44,29.0490684509,-13.9143190384,-63.137676239,7.72813415527,-12.8022766113,5.29262876511,0
1539875437601846952,2.384453376,carbonZ_2018-10-18-11-06-06_engine_failure_with_emr_traj,engine,4.27999973297,-148.940460205,-442.226745605,44,29.0490684509,-13.9143190384,-63.137676239,7.77103376389,-12.7850761414,5.33487892151,0
1539875437663839528,2.446445952,carbonZ_2018-10-18-11-06-06_engine_failure_with_emr_traj,engine,4.7999997139,-148.940460205,-440.924835205,46,29.0490684509,-13.9143190384,-63.137676239,7.91228437424,-12.7294816971,5.45856046677,0
1539875437720486536,2.50309296,carbonZ_2018-10-18-11-06-06_engine_failure_with_emr_traj,engine,4.7999997139,-148.940460205,-440.924835205,46,21.8409938812,-19.4266777039,-55.9307594299,8.0609292984,-12.6800079346,5.56245183945,0
1539875437782186920,2.564793344,carbonZ_2018-10-18-11-06-06_engine_failure_with_emr_traj,engine,5.33999967575,-143.141357422,-439.639984131,47,21.8409938812,-19.4266777039,-55.9307594299,8.19285106659,-12.6417131424,5.65613222122,0
1539875437836435848,2.619042272,carbonZ_2018-10-18-11-06-06_engine_failure_with_emr_traj,engine,5.33999967575,-143.141357422,-439.639984131,47,21.8409938812,-19.4266777039,-55.9307594299,8.30232334137,-12.6086368561,5.70504045486,0
1539875437919026152,2.701632576,carbonZ_2018-10-18-11-06-06_engine_failure_with_emr_traj,engine,5.90000009537,-143.141357422,-438.363555908,49,21.8409938812,-19.4266777039,-55.9307594299,8.46289634705,-12.5675544739,5.82471990585,0
1539875437974350600,2.756957024,carbonZ_2018-10-18-11-06-06_engine_failure_with_emr_traj,engine,6.46999979019,-153.842346191,-437.086853027,50,21.8409938812,-19.4266777039,-55.9307594299,8.6137046814,-12.5068893433,6.00777101517,0
1539875438008996776,2.7916032,carbonZ_2018-10-18-11-06-06_engine_failure_with_emr_traj,engine,6.46999979019,-153.842346191,-437.086853027,50,21.8409938812,-19.4266777039,-55.9307594299,8.68505573273,-12.4858951569,6.08693122864,0
1539875438046188552,2.828794976,carbonZ_2018-10-18-11-06-06_engine_failure_with_emr_traj,engine,7.05999994278,-153.842346191,-435.827301025,52,21.8409938812,-19.4266777039,-55.9307594299,8.72195625305,-12.4706602097,6.12988138199,0
1539875438098792040,2.881398464,carbonZ_2018-10-18-11-06-06_engine_failure_with_emr_traj,engine,7.05999994278,-153.842346191,-435.827301025,52,21.8409938812,-19.4266777039,-55.9307594299,8.79484558105,-12.4288520813,6.25042152405,0
1539875438134724424,2.917330848,carbonZ_2018-10-18-11-06-06_engine_failure_with_emr_traj,engine,7.05999994278,-153.842346191,-435.827301025,52,17.522441864,-23.0546226501,-48.8576011658,8.85032653809,-12.392829895,6.38370084763,0
1539875438193698984,2.976305408,carbonZ_2018-10-18-11-06-06_engine_failure_with_emr_traj,engine,7.67999982834,-118.106651306,-434.567810059,53,17.522441864,-23.0546226501,-48.8576011658,8.92486095428,-12.3399591446,6.60146617889,0
1539875438251905480,3.034511904,carbonZ_2018-10-18-11-06-06_engine_failure_with_emr_traj,engine,7.67999982834,-118.106651306,-434.567810059,53,17.522441864,-23.0546226501,-48.8576011658,8.99591636658,-12.289896965,6.72954845428,0
1539875438283415208,3.066021632,carbonZ_2018-10-18-11-06-06_engine_failure_with_emr_traj,engine,8.32999992371,-118.106651306,-433.316741943,55,17.522441864,-23.0546226501,-48.8576011658,9.11877727509,-12.2390012741,6.85339403152,0
1539875438351028296,3.13363472,carbonZ_2018-10-18-11-06-06_engine_failure_with_emr_traj,engine,9.01999950409,-120.285987854,-432.082489014,56,17.522441864,-23.0546226501,-48.8576011658,9.26822948456,-12.1752290726,6.94751310349,0
1539875438407969640,3.190576064,carbonZ_2018-10-18-11-06-06_engine_failure_with_emr_traj,engine,9.01999950409,-120.285987854,-432.082489014,56,17.522441864,-23.0546226501,-48.8576011658,9.42751979828,-12.1175394058,7.01321220398,0
1539875438443111912,3.225718336,carbonZ_2018-10-18-11-06-06_engine_failure_with_emr_traj,engine,9.01999950409,-120.285987854,-432.082489014,56,17.522441864,-23.0546226501,-48.8576011658,9.47867679596,-12.1022605896,7.03313875198,0
1539875438483835080,3.266441504,carbonZ_2018-10-18-11-06-06_engine_failure_with_emr_traj,engine,9.72999954224,-120.285987854,-430.856781006,58,18.0686531067,-23.9250831604,-46.0658836365,9.6345615387,-12.0277843475,7.13375711441,0
1539875438542285768,3.324892192,carbonZ_2018-10-18-11-06-06_engine_failure_with_emr_traj,engine,10.4600000381,-125.597953796,-429.647979736,59,18.0686531067,-23.9250831604,-46.0658836365,9.76337242126,-11.9548044205,7.27687549591,0
1539875438597976040,3.380582464,carbonZ_2018-10-18-11-06-06_engine_failure_with_emr_traj,engine,10.4600000381,-125.597953796,-429.647979736,59,18.0686531067,-23.9250831604,-46.0658836365,9.859375,-11.9142045975,7.34165143967,0
1539875438648013768,3.430620192,carbonZ_2018-10-18-11-06-06_engine_failure_with_emr_traj,engine,11.1999998093,-125.597953796,-428.447479248,61,18.0686531067,-23.9250831604,-46.0658836365,10.0291862488,-11.8353366852,7.42265272141,0
1539875438685659784,3.468266208,carbonZ_2018-10-18-11-06-06_engine_failure_with_emr_traj,engine,11.1999998093,-125.597953796,-428.447479248,61,18.0686531067,-23.9250831604,-46.0658836365,10.150478363,-11.7972202301,7.42139625549,0
1539875438728939656,3.51154608,carbonZ_2018-10-18-11-06-06_engine_failure_with_emr_traj,engine,11.1999998093,-125.597953796,-428.447479248,61,18.0686531067,-23.9250831604,-46.0658836365,10.2745552063,-11.7732477188,7.39588403702,0
1539875438781122440,3.563728864,carbonZ_2018-10-18-11-06-06_engine_failure_with_emr_traj,engine,11.9600000381,-134.581939697,-427.264068604,62,18.0686531067,-23.9250831604,-46.0658836365,10.4597187042,-11.7207698822,7.3708782196,0
1539875438836858600,3.619465024,carbonZ_2018-10-18-11-06-06_engine_failure_with_emr_traj,engine,11.9600000381,-134.581939697,-427.264068604,62,18.0686531067,-23.9250831604,-46.0658836365,10.5714235306,-11.6965932846,7.34692525864,0
1539875438881975080,3.664581504,carbonZ_2018-10-18-11-06-06_engine_failure_with_emr_traj,engine,12.7199993134,-134.581939697,-426.088806152,64,18.0686531067,-23.9250831604,-46.0658836365,10.7495040894,-11.6930217743,7.21750736237,0
1539875438956042408,3.738648832,carbonZ_2018-10-18-11-06-06_engine_failure_with_emr_traj,engine,13.4600000381,-149.576385498,-424.913848877,65,18.0686531067,-23.9250831604,-46.0658836365,10.9139518738,-11.6784353256,7.12032270432,0
1539875438997220040,3.779826464,carbonZ_2018-10-18-11-06-06_engine_failure_with_emr_traj,engine,13.4600000381,-149.576385498,-424.913848877,65,14.8661222458,-21.7454357147,-47.2281837463,11.0006761551,-11.667424202,7.10080385208,0
1539875439047465640,3.830072064,carbonZ_2018-10-18-11-06-06_engine_failure_with_emr_traj,engine,14.1899995804,-149.576385498,-423.738830566,67,14.8661222458,-21.7454357147,-47.2281837463,11.111866951,-11.6700820923,7.04969453812,0
1539875439091001960,3.873608384,carbonZ_2018-10-18-11-06-06_engine_failure_with_emr_traj,engine,14.1899995804,-149.576385498,-423.738830566,67,14.8661222458,-21.7454357147,-47.2281837463,11.1939487457,-11.6851577759,6.97248029709,0
1539875439139713576,3.92232,carbonZ_2018-10-18-11-06-06_engine_failure_with_emr_traj,engine,14.1899995804,-149.576385498,-423.738830566,67,14.8661222458,-21.7454357147,-47.2281837463,11.2642774582,-11.6977062225,6.9235253334,0
1539875439182094568,3.964700992,carbonZ_2018-10-18-11-06-06_engine_failure_with_emr_traj,engine,14.8899993896,-179.08782959,-422.563873291,68,14.8661222458,-21.7454357147,-47.2281837463,11.3478765488,-11.6932992935,6.90745973587,0
1539875439219060808,4.001667232,carbonZ_2018-10-18-11-06-06_engine_failure_with_emr_traj,engine,14.8899993896,-179.08782959,-422.563873291,68,14.8661222458,-21.7454357147,-47.2281837463,11.3731946945,-11.6896934509,6.91278123856,0
1539875439315466920,4.098073344,carbonZ_2018-10-18-11-06-06_engine_failure_with_emr_traj,engine,15.5899991989,-179.08782959,-421.380432129,70,14.8661222458,-21.7454357147,-47.2281837463,11.5124158859,-11.6965675354,6.86735343933,0
1539875439341481160,4.124087584,carbonZ_2018-10-18-11-06-06_engine_failure_with_emr_traj,engine,15.5899991989,-179.08782959,-421.380432129,70,14.8661222458,-21.7454357147,-47.2281837463,11.5324878693,-11.7037057877,6.85432910919,0
1539875439402193224,4.184799648,carbonZ_2018-10-18-11-06-06_engine_failure_with_emr_traj,engine,16.2799987793,-197.695159912,-420.205230713,71,6.22440719604,-21.1584873199,-43.6625099182,11.5863742828,-11.7317714691,6.80915927887,0
1539875439450964872,4.233571296,carbonZ_2018-10-18-11-06-06_engine_failure_with_emr_traj,engine,16.9699993134,-197.695159912,-419.021789551,73,6.22440719604,-21.1584873199,-43.6625099182,11.6437854767,-11.7591228485,6.75373220444,0
1539875439517593576,4.3002,carbonZ_2018-10-18-11-06-06_engine_failure_with_emr_traj,engine,16.9699993134,-197.695159912,-419.021789551,73,6.22440719604,-21.1584873199,-43.6625099182,11.695523262,-11.7809486389,6.70760774612,0
1539875439535613608,4.318220032,carbonZ_2018-10-18-11-06-06_engine_failure_with_emr_traj,engine,16.9699993134,-197.695159912,-419.021789551,73,6.22440719604,-21.1584873199,-43.6625099182,11.7114810944,-11.789484024,6.68831348419,0
1539875439595013320,4.377619744,carbonZ_2018-10-18-11-06-06_engine_failure_with_emr_traj,engine,17.6599998474,-212.732513428,-417.838104248,74,6.22440719604,-21.1584873199,-43.6625099182,11.7697019577,-11.818192482,6.6083073616,0
1539875439638910184,4.421516608,carbonZ_2018-10-18-11-06-06_engine_failure_with_emr_traj,engine,17.6599998474,-212.732513428,-417.838104248,74,6.22440719604,-21.1584873199,-43.6625099182,11.8104114532,-11.842915535,6.53395843506,0
1539875439682637000,4.465243424,carbonZ_2018-10-18-11-06-06_engine_failure_with_emr_traj,engine,18.3299999237,-212.732513428,-416.646209717,76,6.22440719604,-21.1584873199,-43.6625099182,11.8686819077,-11.8843412399,6.41967344284,0
1539875439739233864,4.521840288,carbonZ_2018-10-18-11-06-06_engine_failure_with_emr_traj,engine,18.3299999237,-212.732513428,-416.646209717,76,6.22440719604,-21.1584873199,-43.6625099182,11.9010925293,-11.9158821106,6.33306264877,0
1539875439778978120,4.561584544,carbonZ_2018-10-18-11-06-06_engine_failure_with_emr_traj,engine,18.9899997711,-233.290679932,-415.445892334,77,3.47424221039,-19.2285766602,-42.1564979553,11.9482879639,-11.9563503265,6.21619319916,0
1539875439850620424,4.633226848,carbonZ_2018-10-18-11-06-06_engine_failure_with_emr_traj,engine,19.6299991608,-233.290679932,-414.228515625,79,3.47424221039,-19.2285766602,-42.1564979553,11.9999036789,-11.9916334152,6.10816669464,0
1539875439894795272,4.677401696,carbonZ_2018-10-18-11-06-06_engine_failure_with_emr_traj,engine,19.6299991608,-233.290679932,-414.228515625,79,3.47424221039,-19.2285766602,-42.1564979553,12.0436191559,-12.0139331818,6.01689529419,0
1539875439974037480,4.756643904,carbonZ_2018-10-18-11-06-06_engine_failure_with_emr_traj,engine,20.25,-259.078399658,-413.011291504,81,3.47424221039,-19.2285766602,-42.1564979553,12.1133584976,-12.0408687592,5.87506914139,0
1539875440006724136,4.78933056,carbonZ_2018-10-18-11-06-06_engine_failure_with_emr_traj,engine,20.25,-259.078399658,-413.011291504,81,3.47424221039,-19.2285766602,-42.1564979553,12.1419811249,-12.0461645126,5.80397510529,0
1539875440046879464,4.829485888,carbonZ_2018-10-18-11-06-06_engine_failure_with_emr_traj,engine,20.8500003815,-259.078399658,-411.793945312,82,3.47424221039,-19.2285766602,-42.1564979553,12.2005996704,-12.0469846725,5.67320966721,0
1539875440089181512,4.871787936,carbonZ_2018-10-18-11-06-06_engine_failure_with_emr_traj,engine,20.8500003815,-259.078399658,-411.793945312,82,4.8001999855,-17.8734970093,-41.5819549561,12.2607078552,-12.025138855,5.59500360489,0
1539875440133629480,4.916235904,carbonZ_2018-10-18-11-06-06_engine_failure_with_emr_traj,engine,20.8500003815,-259.078399658,-411.793945312,82,4.8001999855,-17.8734970093,-41.5819549561,12.2809276581,-12.0104579926,5.59823226929,0
1539875440162133928,4.944740352,carbonZ_2018-10-18-11-06-06_engine_failure_with_emr_traj,engine,21.4200000763,-278.025634766,-410.568267822,84,4.8001999855,-17.8734970093,-41.5819549561,12.2894287109,-12.0042381287,5.61955165863,0
1539875440212629384,4.995235808,carbonZ_2018-10-18-11-06-06_engine_failure_with_emr_traj,engine,21.4200000763,-278.025634766,-410.568267822,84,4.8001999855,-17.8734970093,-41.5819549561,12.2875289917,-12.0015306473,5.67943668365,0
1539875440272747688,5.055354112,carbonZ_2018-10-18-11-06-06_engine_failure_with_emr_traj,engine,22.0,-278.025634766,-409.350708008,86,4.8001999855,-17.8734970093,-41.5819549561,12.2869472504,-12.0052089691,5.69329023361,0
1539875440310150856,5.09275728,carbonZ_2018-10-18-11-06-06_engine_failure_with_emr_traj,engine,22.0,-278.025634766,-409.350708008,86,4.8001999855,-17.8734970093,-41.5819549561,12.2773532867,-11.9944925308,5.76958990097,0
1539875440372731592,5.155338016,carbonZ_2018-10-18-11-06-06_engine_failure_with_emr_traj,engine,22.5900001526,-282.845703125,-408.133483887,87,4.8001999855,-17.8734970093,-41.5819549561,12.2623147964,-11.9806022644,5.85597276688,0
1539875440403853832,5.186460256,carbonZ_2018-10-18-11-06-06_engine_failure_with_emr_traj,engine,22.5900001526,-282.845703125,-408.133483887,87,4.8001999855,-17.8734970093,-41.5819549561,12.2465848923,-11.9632253647,5.93891143799,0
1539875440507768584,5.290375008,carbonZ_2018-10-18-11-06-06_engine_failure_with_emr_traj,engine,23.1999988556,-282.845703125,-406.91619873,89,4.69063806534,-16.813791275,-44.7938842773,12.2552318573,-11.9753732681,5.89598655701,0
1539875440530668328,5.313274752,carbonZ_2018-10-18-11-06-06_engine_failure_with_emr_traj,engine,23.1999988556,-282.845703125,-406.91619873,89,4.69063806534,-16.813791275,-44.7938842773,12.2494287491,-11.9999303818,5.82355356216,0
1539875440562791528,5.345397952,carbonZ_2018-10-18-11-06-06_engine_failure_with_emr_traj,engine,23.8199996948,-281.663879395,-405.698913574,91,4.69063806534,-16.813791275,-44.7938842773,12.2466192245,-12.0240211487,5.7564406395,0
1539875440638771144,5.421377568,carbonZ_2018-10-18-11-06-06_engine_failure_with_emr_traj,engine,23.8199996948,-281.663879395,-405.698913574,91,4.69063806534,-16.813791275,-44.7938842773,12.233839035,-12.033082962,5.76121997833,0
1539875440658380168,5.440986592,carbonZ_2018-10-18-11-06-06_engine_failure_with_emr_traj,engine,24.4300003052,-281.663879395,-404.481628418,92,4.69063806534,-16.813791275,-44.7938842773,12.2219524384,-12.0322284698,5.78173732758,0
1539875440691329096,5.47393552,carbonZ_2018-10-18-11-06-06_engine_failure_with_emr_traj,engine,24.4300003052,-281.663879395,-404.481628418,92,4.69063806534,-16.813791275,-44.7938842773,12.1846494675,-12.0272626877,5.87047481537,0
1539875440743072232,5.525678656,carbonZ_2018-10-18-11-06-06_engine_failure_with_emr_traj,engine,25.0399990082,-288.034637451,-403.264312744,94,4.69063806534,-16.813791275,-44.7938842773,12.1253099442,-12.052687645,5.91763687134,0
1539875440790131880,5.572738304,carbonZ_2018-10-18-11-06-06_engine_failure_with_emr_traj,engine,25.0399990082,-288.034637451,-403.264312744,94,4.69063806534,-16.813791275,-44.7938842773,12.1118621826,-12.0754985809,5.88850927353,0
1539875440850525448,5.633131872,carbonZ_2018-10-18-11-06-06_engine_failure_with_emr_traj,engine,25.6700000763,-288.034637451,-402.038513184,95,0.669749975204,-16.0732250214,-45.1414756775,12.0803556442,-12.1093740463,5.84020376205,0
1539875440888523272,5.671129696,carbonZ_2018-10-18-11-06-06_engine_failure_with_emr_traj,engine,25.6700000763,-288.034637451,-402.038513184,95,0.669749975204,-16.0732250214,-45.1414756775,12.0537881851,-12.1479682922,5.79202842712,0
1539875440919124616,5.70173104,carbonZ_2018-10-18-11-06-06_engine_failure_with_emr_traj,engine,25.6700000763,-288.034637451,-402.038513184,95,0.669749975204,-16.0732250214,-45.1414756775,12.0280218124,-12.1837930679,5.74378204346,0
1539875441010710024,5.793316448,carbonZ_2018-10-18-11-06-06_engine_failure_with_emr_traj,engine,26.2899990082,-275.501647949,-400.812805176,97,0.669749975204,-16.0732250214,-45.1414756775,11.9825391769,-12.2926464081,5.51489639282,0
1539875441044913832,5.827520256,carbonZ_2018-10-18-11-06-06_engine_failure_with_emr_traj,engine,26.8999996185,-275.501647949,-399.570068359,99,0.669749975204,-16.0732250214,-45.1414756775,11.9755992889,-12.3565044403,5.3439002037,0
1539875441088695944,5.871302368,carbonZ_2018-10-18-11-06-06_engine_failure_with_emr_traj,engine,26.8999996185,-275.501647949,-399.570068359,99,0.669749975204,-16.0732250214,-45.1414756775,11.9634160995,-12.4042243958,5.20428657532,0
1539875441174204744,5.956811168,carbonZ_2018-10-18-11-06-06_engine_failure_with_emr_traj,engine,27.4599990845,-288.29309082,-398.310546875,100,0.669749975204,-16.0732250214,-45.1414756775,11.8837738037,-12.507935524,5.03940343857,0
1539875441208210344,5.990816768,carbonZ_2018-10-18-11-06-06_engine_failure_with_emr_traj,engine,27.4599990845,-288.29309082,-398.310546875,100,0.669749975204,-16.0732250214,-45.1414756775,11.8661317825,-12.5359506607,4.98833942413,0
1539875441242917672,6.025524096,carbonZ_2018-10-18-11-06-06_engine_failure_with_emr_traj,engine,27.4599990845,-288.29309082,-398.310546875,100,0.669749975204,-16.0732250214,-45.1414756775,11.8403282166,-12.5732898712,4.91539144516,0
1539875441312593000,6.095199424,carbonZ_2018-10-18-11-06-06_engine_failure_with_emr_traj,engine,28.0,-288.29309082,-397.05090332,102,-1.9849344492,-12.9288272858,-43.4949836731,11.8096284866,-12.6451263428,4.76152944565,0
1539875441374811432,6.157417856,carbonZ_2018-10-18-11-06-06_engine_failure_with_emr_traj,engine,28.5299987793,-302.433410645,-395.757568359,104,-1.9849344492,-12.9288272858,-43.4949836731,11.8359737396,-12.7284059525,4.35781621933,0
1539875441401437256,6.18404368,carbonZ_2018-10-18-11-06-06_engine_failure_with_emr_traj,engine,28.5299987793,-302.433410645,-395.757568359,104,-1.9849344492,-12.9288272858,-43.4949836731,11.8819818497,-12.7923688889,3.97208309174,0
1539875441449240392,6.231846816,carbonZ_2018-10-18-11-06-06_engine_failure_with_emr_traj,engine,28.9799995422,-302.433410645,-394.464263916,106,-1.9849344492,-12.9288272858,-43.4949836731,11.8937606812,-12.8256206512,3.77986860275,0
1539875441475400488,6.258006912,carbonZ_2018-10-18-11-06-06_engine_failure_with_emr_traj,engine,28.9799995422,-302.433410645,-394.464263916,106,-1.9849344492,-12.9288272858,-43.4949836731,11.9503650665,-12.8716611862,3.36707139015,0
1539875441504819336,6.28742576,carbonZ_2018-10-18-11-06-06_engine_failure_with_emr_traj,engine,28.9799995422,-302.433410645,-394.464263916,106,-1.9849344492,-12.9288272858,-43.4949836731,12.0373277664,-12.9344301224,2.75087475777,0
1539875441555579432,6.338185856,carbonZ_2018-10-18-11-06-06_engine_failure_with_emr_traj,engine,29.3400001526,-312.375823975,-393.153869629,107,-1.9849344492,-12.9288272858,-43.4949836731,12.0489635468,-12.9484233856,2.55935025215,0
1539875441596212936,6.37881936,carbonZ_2018-10-18-11-06-06_engine_failure_with_emr_traj,engine,29.3400001526,-312.375823975,-393.153869629,107,-1.9849344492,-12.9288272858,-43.4949836731,12.0883140564,-12.9669265747,2.22667384148,0
1539875441631378120,6.413984544,carbonZ_2018-10-18-11-06-06_engine_failure_with_emr_traj,engine,29.3400001526,-312.375823975,-393.153869629,107,2.44036984444,-7.85627126694,-43.6103820801,12.1187705994,-12.9877729416,1.94743895531,0
1539875441691079304,6.473685728,carbonZ_2018-10-18-11-06-06_engine_failure_with_emr_traj,engine,29.609998703,-312.375823975,-391.84362793,109,2.44036984444,-7.85627126694,-43.6103820801,12.1504335403,-13.0025129318,1.47059094906,0
1539875441753970760,6.536577184,carbonZ_2018-10-18-11-06-06_engine_failure_with_emr_traj,engine,29.7899990082,-352.065856934,-390.524780273,111,2.44036984444,-7.85627126694,-43.6103820801,12.1802568436,-13.0151901245,0.89551204443,0
1539875441814252712,6.596859136,carbonZ_2018-10-18-11-06-06_engine_failure_with_emr_traj,engine,29.7899990082,-352.065856934,-390.524780273,111,2.44036984444,-7.85627126694,-43.6103820801,12.1986236572,-13.0109214783,0.391637474298,0
1539875441834104136,6.61671056,carbonZ_2018-10-18-11-06-06_engine_failure_with_emr_traj,engine,29.8699989319,-352.065856934,-389.197662354,112,2.44036984444,-7.85627126694,-43.6103820801,12.1953630447,-13.0015668869,0.220693096519,0
1539875441897634728,6.680241152,carbonZ_2018-10-18-11-06-06_engine_failure_with_emr_traj,engine,29.8699989319,-352.065856934,-389.197662354,112,2.44036984444,-7.85627126694,-43.6103820801,12.1894254684,-13.0068235397,-0.221279263496,0
1539875441936969800,6.719576224,carbonZ_2018-10-18-11-06-06_engine_failure_with_emr_traj,engine,29.8799991608,-355.765716553,-387.87890625,114,2.62516212463,-2.53601074219,-45.5913391113,12.143860817,-13.0176582336,-0.472026377916,0
1539875441990695528,6.773301952,carbonZ_2018-10-18-11-06-06_engine_failure_with_emr_traj,engine,29.8799991608,-355.765716553,-387.87890625,114,2.62516212463,-2.53601074219,-45.5913391113,12.0771522522,-13.0021705627,-0.791147470474,0
1539875442043746312,6.826352736,carbonZ_2018-10-18-11-06-06_engine_failure_with_emr_traj,engine,29.8199996948,-355.765716553,-386.560180664,116,2.62516212463,-2.53601074219,-45.5913391113,12.0771522522,-13.0021705627,-0.791147470474,0
1539875442079353544,6.861959968,carbonZ_2018-10-18-11-06-06_engine_failure_with_emr_traj,engine,29.8199996948,-355.765716553,-386.560180664,116,2.62516212463,-2.53601074219,-45.5913391113,12.0401515961,-12.9353046417,-0.812713980675,0
1539875442151020264,6.933626688,carbonZ_2018-10-18-11-06-06_engine_failure_with_emr_traj,engine,29.8199996948,-355.765716553,-386.560180664,116,2.62516212463,-2.53601074219,-45.5913391113,12.0442667007,-12.9069013596,-0.788890182972,0
1539875442175704264,6.958310688,carbonZ_2018-10-18-11-06-06_engine_failure_with_emr_traj,engine,29.7699985504,-346.654693604,-385.249969482,118,2.62516212463,-2.53601074219,-45.5913391113,12.0300779343,-12.8554058075,-0.707678616047,0
1539875442236257992,7.018864416,carbonZ_2018-10-18-11-06-06_engine_failure_with_emr_traj,engine,29.7699985504,-346.654693604,-385.249969482,118,2.62516212463,-2.53601074219,-45.5913391113,12.0192661285,-12.8059225082,-0.536831617355,0
1539875442274794408,7.057400832,carbonZ_2018-10-18-11-06-06_engine_failure_with_emr_traj,engine,29.7399997711,-346.654693604,-383.947967529,119,2.62516212463,-2.53601074219,-45.5913391113,11.9951705933,-12.7609443665,-0.463946908712,0
1539875442302745864,7.085352288,carbonZ_2018-10-18-11-06-06_engine_failure_with_emr_traj,engine,29.7399997711,-346.654693604,-383.947967529,119,2.62516212463,-2.53601074219,-45.5913391113,11.9951705933,-12.7609443665,-0.463946908712,0
1539875442367942376,7.1505488,carbonZ_2018-10-18-11-06-06_engine_failure_with_emr_traj,engine,29.7399997711,-334.259979248,-382.663085938,121,2.62516212463,-2.53601074219,-45.5913391113,11.9557695389,-12.6740522385,-0.434571117163,0
1539875442403845352,7.186451776,carbonZ_2018-10-18-11-06-06_engine_failure_with_emr_traj,engine,29.7399997711,-334.259979248,-382.663085938,121,5.79171133041,1.98956024647,-46.2039489746,11.9119110107,-12.6481018066,-0.435042411089,0
1539875442431073192,7.213679616,carbonZ_2018-10-18-11-06-06_engine_failure_with_emr_traj,engine,29.7600002289,-334.259979248,-381.395019531,123,5.79171133041,1.98956024647,-46.2039489746,11.9119110107,-12.6481018066,-0.435042411089,0
1539875442529736648,7.312343072,carbonZ_2018-10-18-11-06-06_engine_failure_with_emr_traj,engine,29.7600002289,-334.259979248,-381.395019531,123,5.79171133041,1.98956024647,-46.2039489746,11.7764530182,-12.5111370087,-0.833018839359,0
1539875442581649288,7.364255712,carbonZ_2018-10-18-11-06-06_engine_failure_with_emr_traj,engine,29.7699985504,-320.867919922,-380.135528564,125,5.79171133041,1.98956024647,-46.2039489746,11.7046642303,-12.4580554962,-0.917631864548,0
1539875442625324424,7.407930848,carbonZ_2018-10-18-11-06-06_engine_failure_with_emr_traj,engine,29.7699985504,-320.867919922,-380.135528564,125,5.79171133041,1.98956024647,-46.2039489746,11.6608543396,-12.4320039749,-0.934002697468,0
1539875442685831272,7.468437696,carbonZ_2018-10-18-11-06-06_engine_failure_with_emr_traj,engine,29.7600002289,-320.867919922,-378.884368896,126,5.79171133041,1.98956024647,-46.2039489746,11.6164426804,-12.3551721573,-1.08403360844,0
1539875442730104200,7.512710624,carbonZ_2018-10-18-11-06-06_engine_failure_with_emr_traj,engine,29.7600002289,-320.867919922,-378.884368896,126,5.79171133041,1.98956024647,-46.2039489746,11.5421733856,-12.2749176025,-1.22869980335,0
1539875442800986568,7.583592992,carbonZ_2018-10-18-11-06-06_engine_failure_with_emr_traj,engine,29.7299995422,-291.39440918,-377.641784668,128,5.79171133041,1.98956024647,-46.2039489746,11.5366716385,-12.205037117,-1.28662729263,0
1539875442832733768,7.615340192,carbonZ_2018-10-18-11-06-06_engine_failure_with_emr_traj,engine,29.7299995422,-291.39440918,-377.641784668,128,2.96879196167,5.34613037109,-44.6540107727,11.5079488754,-12.1430540085,-1.35363888741,0
1539875442875818024,7.658424448,carbonZ_2018-10-18-11-06-06_engine_failure_with_emr_traj,engine,29.6700000763,-291.39440918,-376.41607666,130,2.96879196167,5.34613037109,-44.6540107727,11.4733228683,-12.076171875,-1.41909098625,0
1539875442910536552,7.693142976,carbonZ_2018-10-18-11-06-06_engine_failure_with_emr_traj,engine,29.6700000763,-291.39440918,-376.41607666,130,2.96879196167,5.34613037109,-44.6540107727,11.422328949,-11.9877691269,-1.53945684433,0
1539875443001794120,7.784400544,carbonZ_2018-10-18-11-06-06_engine_failure_with_emr_traj,engine,29.5999984741,-269.99911499,-375.198577881,131,2.96879196167,5.34613037109,-44.6540107727,11.3821735382,-11.8913841248,-1.65384626389,0
1539875443013906120,7.796512544,carbonZ_2018-10-18-11-06-06_engine_failure_with_emr_traj,engine,29.5999984741,-269.99911499,-375.198577881,131,2.96879196167,5.34613037109,-44.6540107727,11.3645439148,-11.8587636948,-1.69298768044,0
1539875443082032680,7.864639104,carbonZ_2018-10-18-11-06-06_engine_failure_with_emr_traj,engine,29.5,-269.99911499,-374.006713867,133,2.96879196167,5.34613037109,-44.6540107727,11.3028669357,-11.7694759369,-1.80737960339,0
1539875443121401736,7.90400816,carbonZ_2018-10-18-11-06-06_engine_failure_with_emr_traj,engine,29.5,-269.99911499,-374.006713867,133,2.96879196167,5.34613037109,-44.6540107727,11.2729091644,-11.702000618,-1.91388082504,0
1539875443173721288,7.956327712,carbonZ_2018-10-18-11-06-06_engine_failure_with_emr_traj,engine,29.3899993896,-232.221603394,-372.831665039,134,3.54237723351,7.53904008865,-45.7166099548,11.2181901932,-11.6110610962,-2.00045752525,0
1539875443213938600,7.996545024,carbonZ_2018-10-18-11-06-06_engine_failure_with_emr_traj,engine,29.3899993896,-232.221603394,-372.831665039,134,3.54237723351,7.53904008865,-45.7166099548,11.1647891998,-11.5564556122,-2.04717516899,0
1539875443266610568,8.049216992,carbonZ_2018-10-18-11-06-06_engine_failure_with_emr_traj,engine,29.2600002289,-232.221603394,-371.665130615,136,3.54237723351,7.53904008865,-45.7166099548,11.072432518,-11.4991445541,-2.1166203022,0
1539875443292452616,8.07505904,carbonZ_2018-10-18-11-06-06_engine_failure_with_emr_traj,engine,29.2600002289,-232.221603394,-371.665130615,136,3.54237723351,7.53904008865,-45.7166099548,11.0559139252,-11.4746627808,-2.13226366043,0
1539875443314926664,8.097533088,carbonZ_2018-10-18-11-06-06_engine_failure_with_emr_traj,engine,29.2600002289,-232.221603394,-371.665130615,136,3.54237723351,7.53904008865,-45.7166099548,10.996011734,-11.439368248,-2.14667153358,0
1539875443394009640,8.176616064,carbonZ_2018-10-18-11-06-06_engine_failure_with_emr_traj,engine,29.1199989319,-200.004577637,-370.515441895,138,3.54237723351,7.53904008865,-45.7166099548,10.885676384,-11.3882322311,-2.23264813423,0
1539875443434798024,8.217404448,carbonZ_2018-10-18-11-06-06_engine_failure_with_emr_traj,engine,29.1199989319,-200.004577637,-370.515441895,138,1.10897767544,9.01172542572,-47.6650848389,10.8114652634,-11.3532476425,-2.30631661415,0
1539875443462902440,8.245508864,carbonZ_2018-10-18-11-06-06_engine_failure_with_emr_traj,engine,28.9599990845,-200.004577637,-369.374267578,139,1.10897767544,9.01172542572,-47.6650848389,10.7517404556,-11.3148193359,-2.39836740494,0
1539875443576648040,8.359254464,carbonZ_2018-10-18-11-06-06_engine_failure_with_emr_traj,engine,28.7799987793,-108.017730713,-368.241577148,141,1.10897767544,9.01172542572,-47.6650848389,10.6205024719,-11.1660070419,-2.70242810249,0
1539875443633208168,8.415814592,carbonZ_2018-10-18-11-06-06_engine_failure_with_emr_traj,engine,28.7799987793,-108.017730713,-368.241577148,141,1.10897767544,9.01172542572,-47.6650848389,10.5830221176,-11.0748853683,-2.79349946976,0
1539875443673894184,8.456500608,carbonZ_2018-10-18-11-06-06_engine_failure_with_emr_traj,engine,28.5799999237,-108.017730713,-367.133972168,142,1.10897767544,9.01172542572,-47.6650848389,10.5732526779,-11.0018320084,-2.80507588387,0
1539875443724384488,8.506990912,carbonZ_2018-10-18-11-06-06_engine_failure_with_emr_traj,engine,28.5799999237,-108.017730713,-367.133972168,142,1.10897767544,9.01172542572,-47.6650848389,10.5539636612,-10.9406137466,-2.79918718338,0
1539875443772637832,8.555244256,carbonZ_2018-10-18-11-06-06_engine_failure_with_emr_traj,engine,28.3499984741,-78.4738540649,-366.026611328,144,1.10897767544,9.01172542572,-47.6650848389,10.5185575485,-10.8638362885,-2.71136331558,0
1539875443829961640,8.612568064,carbonZ_2018-10-18-11-06-06_engine_failure_with_emr_traj,engine,28.3499984741,-78.4738540649,-366.026611328,144,4.38898944855,8.88577747345,-48.3283958435,10.5209732056,-10.7548618317,-2.70081090927,0
1539875443876056328,8.658662752,carbonZ_2018-10-18-11-06-06_engine_failure_with_emr_traj,engine,28.1299991608,-78.4738540649,-364.927612305,145,4.38898944855,8.88577747345,-48.3283958435,10.5146884918,-10.7017803192,-2.59502840042,0
1539875443926748424,8.709354848,carbonZ_2018-10-18-11-06-06_engine_failure_with_emr_traj,engine,28.1299991608,-78.4738540649,-364.927612305,145,4.38898944855,8.88577747345,-48.3283958435,10.4904680252,-10.6825170517,-2.44242358208,0
1539875443962240360,8.744846784,carbonZ_2018-10-18-11-06-06_engine_failure_with_emr_traj,engine,27.9300003052,-50.0135421753,-363.845611572,147,4.38898944855,8.88577747345,-48.3283958435,10.4662284851,-10.639336586,-2.27399325371,0
1539875444000359720,8.782966144,carbonZ_2018-10-18-11-06-06_engine_failure_with_emr_traj,engine,27.9300003052,-50.0135421753,-363.845611572,147,4.38898944855,8.88577747345,-48.3283958435,10.4166078568,-10.6234588623,-2.17871189117,0
1539875444083516328,8.866122752,carbonZ_2018-10-18-11-06-06_engine_failure_with_emr_traj,engine,27.7600002289,-50.0135421753,-362.772064209,148,4.38898944855,8.88577747345,-48.3283958435,10.3501682281,-10.6242866516,-2.03923487663,0
1539875444155083208,8.937689632,carbonZ_2018-10-18-11-06-06_engine_failure_with_emr_traj,engine,27.6199989319,-26.1753082275,-361.698516846,149,4.11125946045,8.89866161346,-51.2895698547,10.2203607559,-10.6389007568,-1.87049031258,0
1539875444193121896,8.97572832,carbonZ_2018-10-18-11-06-06_engine_failure_with_emr_traj,engine,27.6199989319,-26.1753082275,-361.698516846,149,4.11125946045,8.89866161346,-51.2895698547,10.1761741638,-10.6453456879,-1.78322279453,0
1539875444206532392,8.989138816,carbonZ_2018-10-18-11-06-06_engine_failure_with_emr_traj,engine,27.6199989319,-26.1753082275,-361.698516846,149,4.11125946045,8.89866161346,-51.2895698547,10.1551189423,-10.6474685669,-1.76153409481,0
1539875444268803880,9.051410304,carbonZ_2018-10-18-11-06-06_engine_failure_with_emr_traj,engine,27.5,-26.1753082275,-360.616516113,151,4.11125946045,8.89866161346,-51.2895698547,10.0714998245,-10.6463336945,-1.67428922653,0
1539875444287076776,9.0696832,carbonZ_2018-10-18-11-06-06_engine_failure_with_emr_traj,engine,27.5,-26.1753082275,-360.616516113,151,4.11125946045,8.89866161346,-51.2895698547,10.0426635742,-10.6515130997,-1.63746893406,0
1539875444372988744,9.155595168,carbonZ_2018-10-18-11-06-06_engine_failure_with_emr_traj,engine,27.3899993896,-9.85698699951,-359.534393311,152,4.11125946045,8.89866161346,-51.2895698547,9.97796058655,-10.6476392746,-1.51253509521,0
1539875444393047144,9.175653568,carbonZ_2018-10-18-11-06-06_engine_failure_with_emr_traj,engine,27.3899993896,-9.85698699951,-359.534393311,152,4.11125946045,8.89866161346,-51.2895698547,9.95884609222,-10.6437110901,-1.4705966711,0
1539875444475486344,9.258092768,carbonZ_2018-10-18-11-06-06_engine_failure_with_emr_traj,engine,27.2999992371,-9.85698699951,-358.443969727,154,1.45274877548,6.89344024658,-48.7599143982,9.92541027069,-10.6381959915,-1.2801220417,0
1539875444498337352,9.280943776,carbonZ_2018-10-18-11-06-06_engine_failure_with_emr_traj,engine,27.2999992371,-9.85698699951,-358.443969727,154,1.45274877548,6.89344024658,-48.7599143982,9.92214584351,-10.6310129166,-1.24294638634,0
1539875444535691720,9.318298144,carbonZ_2018-10-18-11-06-06_engine_failure_with_emr_traj,engine,27.2999992371,-9.85698699951,-358.443969727,154,1.45274877548,6.89344024658,-48.7599143982,9.90417957306,-10.6201295853,-1.15746247768,0
1539875444582268680,9.364875104,carbonZ_2018-10-18-11-06-06_engine_failure_with_emr_traj,engine,27.2199993134,3.1551361084,-357.361724854,155,1.45274877548,6.89344024658,-48.7599143982,9.90322303772,-10.6071958542,-1.01875197887,0
1539875444630268392,9.412874816,carbonZ_2018-10-18-11-06-06_engine_failure_with_emr_traj,engine,27.2199993134,3.1551361084,-357.361724854,155,1.45274877548,6.89344024658,-48.7599143982,9.90741157532,-10.5912179947,-0.951138675213,0
1539875444721931144,9.504537568,carbonZ_2018-10-18-11-06-06_engine_failure_with_emr_traj,engine,27.1700000763,3.1551361084,-356.27130127,157,1.45274877548,6.89344024658,-48.7599143982,9.89605140686,-10.5673036575,-0.826612532139,0
1539875444732286792,9.514893216,carbonZ_2018-10-18-11-06-06_engine_failure_with_emr_traj,engine,27.1700000763,3.1551361084,-356.27130127,157,1.45274877548,6.89344024658,-48.7599143982,9.90428924561,-10.5559425354,-0.807348966599,0
1539875444803334088,9.585940512,carbonZ_2018-10-18-11-06-06_engine_failure_with_emr_traj,engine,27.1299991608,14.0768051147,-355.197753906,158,1.45274877548,6.89344024658,-48.7599143982,9.89525985718,-10.5270051956,-0.793699502945,0
1539875444823615624,9.606222048,carbonZ_2018-10-18-11-06-06_engine_failure_with_emr_traj,engine,27.1299991608,14.0768051147,-355.197753906,158,1.45274877548,6.89344024658,-48.7599143982,9.89525985718,-10.5270051956,-0.793699502945,0
1539875444893704584,9.676311008,carbonZ_2018-10-18-11-06-06_engine_failure_with_emr_traj,engine,27.0999984741,14.0768051147,-354.126068115,160,1.45274877548,6.89344024658,-48.7599143982,9.89132595062,-10.4875946045,-0.818816661835,0
1539875444940247816,9.72285424,carbonZ_2018-10-18-11-06-06_engine_failure_with_emr_traj,engine,27.0999984741,14.0768051147,-354.126068115,160,3.78446102142,5.87431287766,-46.5878410339,9.88027858734,-10.4676609039,-0.823790967464,0
1539875445027224072,9.809830496,carbonZ_2018-10-18-11-06-06_engine_failure_with_emr_traj,engine,27.0499992371,99.5207824707,-353.060913086,161,3.78446102142,5.87431287766,-46.5878410339,9.88648223877,-10.4389152527,-0.806648731232,0
1539875445124041224,9.906647648,carbonZ_2018-10-18-11-06-06_engine_failure_with_emr_traj,engine,27.0100002289,99.5207824707,-352.025878906,163,3.78446102142,5.87431287766,-46.5878410339,9.87386417389,-10.4275131226,-0.770757436752,0
1539875445131282248,9.913888672,carbonZ_2018-10-18-11-06-06_engine_failure_with_emr_traj,engine,27.0100002289,99.5207824707,-352.025878906,163,3.78446102142,5.87431287766,-46.5878410339,9.88212203979,-10.4173231125,-0.776314079762,0
1539875445201860392,9.984466816,carbonZ_2018-10-18-11-06-06_engine_failure_with_emr_traj,engine,26.9499988556,117.064193726,-350.96875,164,3.78446102142,5.87431287766,-46.5878410339,9.87265396118,-10.3991527557,-0.785737752914,0
1539875445223457960,10.006064384,carbonZ_2018-10-18-11-06-06_engine_failure_with_emr_traj,engine,26.9499988556,117.064193726,-350.96875,164,3.78446102142,5.87431287766,-46.5878410339,9.86436462402,-10.4009962082,-0.776527047157,0
1539875445297206504,10.079812928,carbonZ_2018-10-18-11-06-06_engine_failure_with_emr_traj,engine,26.8899993896,117.064193726,-349.920013428,165,3.89379358292,5.39398431778,-47.4223175049,9.87430000305,-10.3833866119,-0.763929903507,0
1539875445325285064,10.107891488,carbonZ_2018-10-18-11-06-06_engine_failure_with_emr_traj,engine,26.8899993896,117.064193726,-349.920013428,165,3.89379358292,5.39398431778,-47.4223175049,9.8579788208,-10.3832521439,-0.733626127243,0
1539875445420930824,10.203537248,carbonZ_2018-10-18-11-06-06_engine_failure_with_emr_traj,engine,26.8299999237,119.017219543,-348.9480896,167,3.89379358292,5.39398431778,-47.4223175049,9.86152076721,-10.3810176849,-0.703709900379,0
1539875445445247176,10.2278536,carbonZ_2018-10-18-11-06-06_engine_failure_with_emr_traj,engine,26.8299999237,119.017219543,-348.9480896,167,3.89379358292,5.39398431778,-47.4223175049,9.85475826263,-10.3809022903,-0.703497171402,0
1539875445475061256,10.25766768,carbonZ_2018-10-18-11-06-06_engine_failure_with_emr_traj,engine,26.7799987793,119.017219543,-347.896087646,168,3.89379358292,5.39398431778,-47.4223175049,9.83501720428,-10.3882598877,-0.671425819397,0
1539875445516865576,10.299472,carbonZ_2018-10-18-11-06-06_engine_failure_with_emr_traj,engine,26.7799987793,119.017219543,-347.896087646,168,3.89379358292,5.39398431778,-47.4223175049,9.83761787415,-10.3925876617,-0.644867956638,0
1539875445562716168,10.345322592,carbonZ_2018-10-18-11-06-06_engine_failure_with_emr_traj,engine,26.7299995422,124.572662354,-346.835632324,170,2.57084584236,4.97011756897,-47.3996009827,9.83408927917,-10.3903045654,-0.629964590073,0
1539875445612915752,10.395522176,carbonZ_2018-10-18-11-06-06_engine_failure_with_emr_traj,engine,26.7299995422,124.572662354,-346.835632324,170,2.57084584236,4.97011756897,-47.3996009827,9.81971263885,-10.4003944397,-0.598286747932,0
1539875445670662376,10.4532688,carbonZ_2018-10-18-11-06-06_engine_failure_with_emr_traj,engine,26.6800003052,124.572662354,-345.994171143,171,2.57084584236,4.97011756897,-47.3996009827,9.83497524261,-10.3869886398,-0.608248412609,0
1539875445684963880,10.467570304,carbonZ_2018-10-18-11-06-06_engine_failure_with_emr_traj,engine,26.6800003052,124.572662354,-345.994171143,171,2.57084584236,4.97011756897,-47.3996009827,9.83427047729,-10.383228302,-0.623808264732,0
1539875445724822888,10.507429312,carbonZ_2018-10-18-11-06-06_engine_failure_with_emr_traj,engine,26.6800003052,124.572662354,-345.994171143,171,2.57084584236,4.97011756897,-47.3996009827,9.82932186127,-10.3751564026,-0.661972880363,0
1539875445793982248,10.576588672,carbonZ_2018-10-18-11-06-06_engine_failure_with_emr_traj,engine,26.6299991608,121.691703796,-344.925415039,173,2.57084584236,4.97011756897,-47.3996009827,9.8499622345,-10.3547353745,-0.706778943539,0
1539875445838708392,10.621314816,carbonZ_2018-10-18-11-06-06_engine_failure_with_emr_traj,engine,26.6299991608,121.691703796,-344.925415039,173,2.57084584236,4.97011756897,-47.3996009827,9.85154342651,-10.3427238464,-0.737382352352,0
1539875445875149160,10.657755584,carbonZ_2018-10-18-11-06-06_engine_failure_with_emr_traj,engine,26.5699996948,121.691703796,-343.864959717,174,2.57084584236,4.97011756897,-47.3996009827,9.84087276459,-10.340716362,-0.717941224575,0
1539875445956869736,10.73947616,carbonZ_2018-10-18-11-06-06_engine_failure_with_emr_traj,engine,26.5100002289,128.34854126,-342.804504395,175,2.57084584236,4.97011756897,-47.3996009827,9.86410236359,-10.3191041946,-0.742055356503,0
1539875445989671336,10.77227776,carbonZ_2018-10-18-11-06-06_engine_failure_with_emr_traj,engine,26.5100002289,128.34854126,-342.804504395,175,2.50858783722,4.60214710236,-47.3905944824,9.85723876953,-10.3111848831,-0.749601006508,0
1539875446021324296,10.80393072,carbonZ_2018-10-18-11-06-06_engine_failure_with_emr_traj,engine,26.5100002289,128.34854126,-342.804504395,175,2.50858783722,4.60214710236,-47.3905944824,9.85366535187,-10.3140707016,-0.749329388142,0
1539875446088309384,10.870915808,carbonZ_2018-10-18-11-06-06_engine_failure_with_emr_traj,engine,26.4399986267,128.34854126,-342.270324707,177,2.50858783722,4.60214710236,-47.3905944824,9.86564731598,-10.2998914719,-0.813091576099,0
1539875446156729160,10.939335584,carbonZ_2018-10-18-11-06-06_engine_failure_with_emr_traj,engine,26.3699989319,129.827301025,-341.191467285,178,2.50858783722,4.60214710236,-47.3905944824,9.83275318146,-10.3166723251,-0.847911000252,0
1539875446173905928,10.956512352,carbonZ_2018-10-18-11-06-06_engine_failure_with_emr_traj,engine,26.3699989319,129.827301025,-341.191467285,178,2.50858783722,4.60214710236,-47.3905944824,9.83275318146,-10.3166723251,-0.847911000252,0
1539875446214379272,10.996985696,carbonZ_2018-10-18-11-06-06_engine_failure_with_emr_traj,engine,26.3699989319,129.827301025,-341.191467285,178,2.50858783722,4.60214710236,-47.3905944824,9.81842041016,-10.3255691528,-0.900776028633,0
1539875446275161480,11.057767904,carbonZ_2018-10-18-11-06-06_engine_failure_with_emr_traj,engine,26.2799987793,129.827301025,-340.289550781,180,2.50858783722,4.60214710236,-47.3905944824,9.76838302612,-10.3434848785,-0.918306410313,0
1539875446316204936,11.09881136,carbonZ_2018-10-18-11-06-06_engine_failure_with_emr_traj,engine,26.2799987793,129.827301025,-340.289550781,180,2.50858783722,4.60214710236,-47.3905944824,9.76086330414,-10.3503656387,-0.958223998547,0
1539875446379108328,11.161714752,carbonZ_2018-10-18-11-06-06_engine_failure_with_emr_traj,engine,26.1899986267,133.036712646,-339.190155029,181,2.50858783722,4.60214710236,-47.3905944824,9.73268508911,-10.3550071716,-1.03637588024,0
1539875446403671912,11.186278336,carbonZ_2018-10-18-11-06-06_engine_failure_with_emr_traj,engine,26.1899986267,133.036712646,-339.190155029,181,1.44850301743,4.61489009857,-49.0555305481,9.71313095093,-10.3645238876,-1.05225455761,0
1539875446497640136,11.28024656,carbonZ_2018-10-18-11-06-06_engine_failure_with_emr_traj,engine,26.0799999237,133.036712646,-338.209747314,183,1.44850301743,4.61489009857,-49.0555305481,9.72080993652,-10.3514146805,-1.15593338013,0
1539875446574247784,11.356854208,carbonZ_2018-10-18-11-06-06_engine_failure_with_emr_traj,engine,25.9699993134,139.654541016,-337.095092773,184,1.44850301743,4.61489009857,-49.0555305481,9.72759246826,-10.3229932785,-1.44587635994,0
1539875446623215304,11.405821728,carbonZ_2018-10-18-11-06-06_engine_failure_with_emr_traj,engine,25.9699993134,139.654541016,-337.095092773,184,1.44850301743,4.61489009857,-49.0555305481,9.74729633331,-10.2830591202,-1.62953650951,0
1539875446678614312,11.461220736,carbonZ_2018-10-18-11-06-06_engine_failure_with_emr_traj,engine,25.8199996948,139.654541016,-335.98046875,185,1.44850301743,4.61489009857,-49.0555305481,9.74310493469,-10.2728939056,-1.66752147675,0
1539875446713794664,11.496401088,carbonZ_2018-10-18-11-06-06_engine_failure_with_emr_traj,engine,25.8199996948,139.654541016,-335.98046875,185,1.44850301743,4.61489009857,-49.0555305481,9.76197910309,-10.2505912781,-1.68900132179,0
1539875446804300680,11.586907104,carbonZ_2018-10-18-11-06-06_engine_failure_with_emr_traj,engine,25.6499996185,211.817550659,-334.885559082,187,1.44850301743,4.61489009857,-49.0555305481,9.73381710052,-10.2283687592,-1.77543711662,0
1539875446835581832,11.618188256,carbonZ_2018-10-18-11-06-06_engine_failure_with_emr_traj,engine,25.6499996185,211.817550659,-334.885559082,187,2.83186554909,4.99587917328,-50.7796440125,9.71647644043,-10.2103796005,-1.85952174664,0
1539875446865517640,11.648124064,carbonZ_2018-10-18-11-06-06_engine_failure_with_emr_traj,engine,25.4699993134,211.817550659,-333.760986328,188,2.83186554909,4.99587917328,-50.7796440125,9.67499446869,-10.2092857361,-1.92583250999,0
1539875446916004488,11.698610912,carbonZ_2018-10-18-11-06-06_engine_failure_with_emr_traj,engine,25.4699993134,211.817550659,-333.760986328,188,2.83186554909,4.99587917328,-50.7796440125,9.61930656433,-10.1927814484,-2.11787676811,0
1539875446956945576,11.739552,carbonZ_2018-10-18-11-06-06_engine_failure_with_emr_traj,engine,25.2600002289,228.290557861,-332.655273438,190,2.83186554909,4.99587917328,-50.7796440125,9.59311771393,-10.1994781494,-2.14375638962,0
1539875446999613448,11.782219872,carbonZ_2018-10-18-11-06-06_engine_failure_with_emr_traj,engine,25.2600002289,228.290557861,-332.655273438,190,2.83186554909,4.99587917328,-50.7796440125,9.52848052979,-10.2041378021,-2.18980240822,0
1539875447055039944,11.837646368,carbonZ_2018-10-18-11-06-06_engine_failure_with_emr_traj,engine,25.0399990082,228.290557861,-330.435241699,191,2.83186554909,4.99587917328,-50.7796440125,9.5037317276,-10.2210359573,-2.13136339188,0
1539875447093885224,11.876491648,carbonZ_2018-10-18-11-06-06_engine_failure_with_emr_traj,engine,25.0399990082,228.290557861,-330.435241699,191,2.83186554909,4.99587917328,-50.7796440125,9.45526027679,-10.2338590622,-2.03116631508,0
1539875447195975752,11.978582176,carbonZ_2018-10-18-11-06-06_engine_failure_with_emr_traj,engine,24.8199996948,236.184509277,-329.254547119,193,2.83186554909,4.99587917328,-50.7796440125,9.41125774384,-10.2604532242,-1.77399504185,0
1539875447233372648,12.015979072,carbonZ_2018-10-18-11-06-06_engine_failure_with_emr_traj,engine,24.6299991608,236.184509277,-327.168823242,194,5.69918727875,3.6113255024,-50.4973144531,9.39748001099,-10.2618179321,-1.62053084373,0
1539875447282622600,12.065229024,carbonZ_2018-10-18-11-06-06_engine_failure_with_emr_traj,engine,24.6299991608,236.184509277,-327.168823242,194,5.69918727875,3.6113255024,-50.4973144531,9.40647602081,-10.2491226196,-1.52336490154,0
1539875447337607752,12.120214176,carbonZ_2018-10-18-11-06-06_engine_failure_with_emr_traj,engine,24.4599990845,242.855926514,-325.976318359,195,5.69918727875,3.6113255024,-50.4973144531,9.42124843597,-10.2219257355,-1.34488713741,0
1539875447389164072,12.171770496,carbonZ_2018-10-18-11-06-06_engine_failure_with_emr_traj,engine,24.4599990845,242.855926514,-325.976318359,195,5.69918727875,3.6113255024,-50.4973144531,9.43383026123,-10.2130479813,-1.15783774853,0
1539875447440628520,12.223234944,carbonZ_2018-10-18-11-06-06_engine_failure_with_emr_traj,engine,24.3400001526,242.855926514,-324.783813477,197,5.69918727875,3.6113255024,-50.4973144531,9.45921516418,-10.1686401367,-1.0625013113,0
1539875447481632072,12.264238496,carbonZ_2018-10-18-11-06-06_engine_failure_with_emr_traj,engine,24.3400001526,242.855926514,-324.783813477,197,5.69918727875,3.6113255024,-50.4973144531,9.46973705292,-10.1359100342,-1.01989305019,0
1539875447574346696,12.35695312,carbonZ_2018-10-18-11-06-06_engine_failure_with_emr_traj,engine,24.2299995422,243.476196289,-323.597473145,198,5.69918727875,3.6113255024,-50.4973144531,9.54887485504,-10.0603647232,-0.884176850319,0
1539875447606879720,12.389486144,carbonZ_2018-10-18-11-06-06_engine_failure_with_emr_traj,engine,24.2299995422,243.476196289,-323.597473145,198,5.69918727875,3.6113255024,-50.4973144531,9.57562160492,-10.0174255371,-0.81126755476,0
1539875447641603336,12.42420976,carbonZ_2018-10-18-11-06-06_engine_failure_with_emr_traj,engine,24.1399993896,243.476196289,-322.425567627,199,5.69918727875,3.6113255024,-50.4973144531,9.61046504974,-9.99185562134,-0.801245093346,0
1539875447718195368,12.500801792,carbonZ_2018-10-18-11-06-06_engine_failure_with_emr_traj,engine,24.1399993896,243.476196289,-322.425567627,199,5.69918727875,3.6113255024,-50.4973144531,9.69650554657,-9.89199447632,-0.714867472649,0
1539875447742929832,12.525536256,carbonZ_2018-10-18-11-06-06_engine_failure_with_emr_traj,engine,24.1399993896,243.476196289,-322.425567627,199,11.8595209122,0.919219970703,-45.4103546143,9.77243614197,-9.83920669556,-0.688818573952,0
1539875447836548776,12.6191552,carbonZ_2018-10-18-11-06-06_engine_failure_with_emr_traj,engine,24.0599994659,247.545913696,-316.060272217,201,11.8595209122,0.919219970703,-45.4103546143,9.87040233612,-9.74944114685,-0.512117624283,0
1539875447873227112,12.655833536,carbonZ_2018-10-18-11-06-06_engine_failure_with_emr_traj,engine,24.0,246.545883179,-314.834259033,202,11.8595209122,0.919219970703,-45.4103546143,9.94146156311,-9.68922328949,-0.308256924152,0
1539875447935409064,12.718015488,carbonZ_2018-10-18-11-06-06_engine_failure_with_emr_traj,engine,24.0,246.545883179,-314.834259033,202,11.8595209122,0.919219970703,-45.4103546143,9.98483371735,-9.6418762207,-0.188614919782,0
1539875447986206408,12.768812832,carbonZ_2018-10-18-11-06-06_engine_failure_with_emr_traj,engine,23.9499988556,320.635620117,-308.228515625,204,11.8595209122,0.919219970703,-45.4103546143,10.0453929901,-9.59031963348,-0.0302760116756,0
1539875448041871944,12.824478368,carbonZ_2018-10-18-11-06-06_engine_failure_with_emr_traj,engine,23.9499988556,320.635620117,-308.228515625,204,11.8595209122,0.919219970703,-45.4103546143,10.1203298569,-9.52810001373,-0.0379864647985,0
1539875448074723656,12.85733008,carbonZ_2018-10-18-11-06-06_engine_failure_with_emr_traj,engine,23.9399986267,321.635620117,-306.970428467,205,11.8595209122,0.919219970703,-45.4103546143,10.1962490082,-9.46266269684,-0.074307076633,0
1539875448153304488,12.935910912,carbonZ_2018-10-18-11-06-06_engine_failure_with_emr_traj,engine,23.9200000763,320.708953857,-305.724182129,206,11.8595209122,0.919219970703,-45.4103546143,10.3161640167,-9.31583213806,-0.127435490489,0
1539875448188833928,12.971440352,carbonZ_2018-10-18-11-06-06_engine_failure_with_emr_traj,engine,23.9200000763,320.708953857,-305.724182129,206,17.7642478943,0.263297826052,-45.5634613037,10.4313621521,-9.21132946014,-0.182209685445,0
1539875448238385736,13.02099216,carbonZ_2018-10-18-11-06-06_engine_failure_with_emr_traj,engine,23.9200000763,320.708953857,-305.724182129,206,17.7642478943,0.263297826052,-45.5634613037,10.4313621521,-9.21132946014,-0.182209685445,0
1539875448268792424,13.051398848,carbonZ_2018-10-18-11-06-06_engine_failure_with_emr_traj,engine,23.8999996185,320.708953857,-57.1234169006,208,17.7642478943,0.263297826052,-45.5634613037,10.5516252518,-9.09589767456,-0.24557004869,0
1539875448316261960,13.098868384,carbonZ_2018-10-18-11-06-06_engine_failure_with_emr_traj,engine,23.8999996185,320.708953857,-57.1234169006,208,17.7642478943,0.263297826052,-45.5634613037,10.6232376099,-9.01984024048,-0.257616758347,0
1539875448336248488,13.118854912,carbonZ_2018-10-18-11-06-06_engine_failure_with_emr_traj,engine,23.8999996185,320.708953857,-57.1234169006,208,17.7642478943,0.263297826052,-45.5634613037,10.6613121033,-8.98877620697,-0.243433430791,0
1539875448394899400,13.177505824,carbonZ_2018-10-18-11-06-06_engine_failure_with_emr_traj,engine,23.8699989319,317.717468262,-56.0705833435,209,17.7642478943,0.263297826052,-45.5634613037,10.7968711853,-8.86372947693,-0.277189999819,0
1539875448435853960,13.218460384,carbonZ_2018-10-18-11-06-06_engine_failure_with_emr_traj,engine,23.8699989319,317.717468262,-56.0705833435,209,17.7642478943,0.263297826052,-45.5634613037,10.8998003006,-8.75766468048,-0.31993201375,0
1539875448465207880,13.247814304,carbonZ_2018-10-18-11-06-06_engine_failure_with_emr_traj,engine,23.8299999237,317.717468262,-54.9840621948,210,17.7642478943,0.263297826052,-45.5634613037,11.0284423828,-8.64507198334,-0.335618108511,0
1539875448518739304,13.301345728,carbonZ_2018-10-18-11-06-06_engine_failure_with_emr_traj,engine,23.8299999237,317.717468262,-54.9840621948,210,17.7642478943,0.263297826052,-45.5634613037,11.1294898987,-8.55537509918,-0.293514251709,0
1539875448558583624,13.341190048,carbonZ_2018-10-18-11-06-06_engine_failure_with_emr_traj,engine,23.7799987793,313.916107178,-53.8859672546,212,28.7007751465,-0.721556127071,-42.2923431396,11.3018026352,-8.3959312439,-0.216189861298,0
1539875448618685448,13.401291872,carbonZ_2018-10-18-11-06-06_engine_failure_with_emr_traj,engine,23.7799987793,313.916107178,-53.8859672546,212,28.7007751465,-0.721556127071,-42.2923431396,11.4247817993,-8.26239013672,-0.179581463337,0
1539875448667329512,13.449935936,carbonZ_2018-10-18-11-06-06_engine_failure_with_emr_traj,engine,23.75,313.916107178,-52.7427635193,213,28.7007751465,-0.721556127071,-42.2923431396,11.7700977325,-7.94954204559,-0.119089446962,0
1539875448713761480,13.496367904,carbonZ_2018-10-18-11-06-06_engine_failure_with_emr_traj,engine,23.75,313.916107178,-52.7427635193,213,28.7007751465,-0.721556127071,-42.2923431396,11.947016716,-7.76391983032,-0.107061229646,0
1539875448786550344,13.569156768,carbonZ_2018-10-18-11-06-06_engine_failure_with_emr_traj,engine,23.7299995422,306.970703125,-51.5654258728,215,28.7007751465,-0.721556127071,-42.2923431396,12.2551326752,-7.46702003479,-0.0928716436028,0
1539875448835046984,13.617653408,carbonZ_2018-10-18-11-06-06_engine_failure_with_emr_traj,engine,23.7299995422,306.970703125,-51.5654258728,215,28.7007751465,-0.721556127071,-42.2923431396,12.4678478241,-7.26663923264,-0.0929299816489,0
1539875448862635304,13.645241728,carbonZ_2018-10-18-11-06-06_engine_failure_with_emr_traj,engine,23.7099990845,306.970703125,-50.3315544128,216,40.4541091919,-2.2598567009,-34.9426689148,12.6892185211,-7.03094244003,-0.115171059966,0
1539875448930675240,13.713281664,carbonZ_2018-10-18-11-06-06_engine_failure_with_emr_traj,engine,23.7099990845,306.970703125,-50.3315544128,216,40.4541091919,-2.2598567009,-34.9426689148,13.0513343811,-6.65010166168,-0.156073138118,0
1539875448968910280,13.751516704,carbonZ_2018-10-18-11-06-06_engine_failure_with_emr_traj,engine,23.6899986267,283.997344971,-49.0521240234,217,40.4541091919,-2.2598567009,-34.9426689148,13.2811565399,-6.37831878662,-0.204249188304,0
1539875449000278760,13.782885184,carbonZ_2018-10-18-11-06-06_engine_failure_with_emr_traj,engine,23.6899986267,283.997344971,-49.0521240234,217,40.4541091919,-2.2598567009,-34.9426689148,13.5328607559,-6.09698104858,-0.244090020657,0
1539875449067194216,13.84980064,carbonZ_2018-10-18-11-06-06_engine_failure_with_emr_traj,engine,23.6599998474,283.997344971,-47.6936073303,219,40.4541091919,-2.2598567009,-34.9426689148,14.0037813187,-5.51831817627,-0.366284817457,0
1539875449110542728,13.893149152,carbonZ_2018-10-18-11-06-06_engine_failure_with_emr_traj,engine,23.6599998474,283.997344971,-47.6936073303,219,40.4541091919,-2.2598567009,-34.9426689148,14.1264781952,-5.36458683014,-0.38664111495,0
1539875449195277896,13.97788432,carbonZ_2018-10-18-11-06-06_engine_failure_with_emr_traj,engine,23.6199989319,240.134429932,-46.2779579163,220,40.4541091919,-2.2598567009,-34.9426689148,14.549331665,-4.76783466339,-0.473616987467,0
1539875449212090056,13.99469648,carbonZ_2018-10-18-11-06-06_engine_failure_with_emr_traj,engine,23.6199989319,240.134429932,-46.2779579163,220,40.4541091919,-2.2598567009,-34.9426689148,14.6499414444,-4.62159395218,-0.483331143856,0
1539875449266248328,14.048854752,carbonZ_2018-10-18-11-06-06_engine_failure_with_emr_traj,engine,23.5599994659,240.134429932,-44.8053245544,221,40.4541091919,-2.2598567009,-34.9426689148,14.998257637,-4.08354902267,-0.514594972134,0
1539875449319726088,14.102332512,carbonZ_2018-10-18-11-06-06_engine_failure_with_emr_traj,engine,23.5599994659,240.134429932,-44.8053245544,221,40.4541091919,-2.2598567009,-34.9426689148,15.0819301605,-3.95036530495,-0.513558089733,0
1539875449363002056,14.14560848,carbonZ_2018-10-18-11-06-06_engine_failure_with_emr_traj,engine,23.4899997711,185.217285156,-43.2757110596,222,43.6025428772,0.589996099472,-22.8029975891,15.3281183243,-3.55573391914,-0.497963726521,0
1539875449401945832,14.184552256,carbonZ_2018-10-18-11-06-06_engine_failure_with_emr_traj,engine,23.4899997711,185.217285156,-43.2757110596,222,43.6025428772,0.589996099472,-22.8029975891,15.4565219879,-3.33271145821,-0.476001441479,0
1539875449471204552,14.253810976,carbonZ_2018-10-18-11-06-06_engine_failure_with_emr_traj,engine,23.4300003052,185.217285156,-41.7115287781,224,43.6025428772,0.589996099472,-22.8029975891,15.6863002777,-2.95018601418,-0.434232532978,0
1539875449520994632,14.303601056,carbonZ_2018-10-18-11-06-06_engine_failure_with_emr_traj,engine,23.4300003052,185.217285156,-41.7115287781,224,43.6025428772,0.589996099472,-22.8029975891,15.810297966,-2.7073841095,-0.416474789381,0
1539875449584819080,14.367425504,carbonZ_2018-10-18-11-06-06_engine_failure_with_emr_traj,engine,23.3699989319,141.329772949,-40.1239051819,225,43.6025428772,0.589996099472,-22.8029975891,16.0980510712,-2.13662672043,-0.431583046913,0
1539875449605827816,14.38843424,carbonZ_2018-10-18-11-06-06_engine_failure_with_emr_traj,engine,23.3699989319,141.329772949,-40.1239051819,225,43.6025428772,0.589996099472,-22.8029975891,16.0980510712,-2.13662672043,-0.431583046913,0
1539875449663380584,14.445987008,carbonZ_2018-10-18-11-06-06_engine_failure_with_emr_traj,engine,23.3099994659,141.329772949,-38.4907226562,226,43.6025428772,0.589996099472,-22.8029975891,16.3493442535,-1.58447062969,-0.458306252956,0
1539875449757134664,14.539741088,carbonZ_2018-10-18-11-06-06_engine_failure_with_emr_traj,engine,23.25,90.2565002441,-36.8452301025,227,43.6025428772,0.589996099472,-22.8029975891,16.5715904236,-1.02232933044,-0.478398740292,0
1539875449779160488,14.561766912,carbonZ_2018-10-18-11-06-06_engine_failure_with_emr_traj,engine,23.25,90.2565002441,-36.8452301025,227,43.6025428772,0.589996099472,-22.8029975891,16.6129951477,-0.873282849789,-0.472450107336,0
1539875449813444168,14.596050592,carbonZ_2018-10-18-11-06-06_engine_failure_with_emr_traj,engine,23.25,90.2565002441,-36.8452301025,227,43.6025428772,0.589996099472,-22.8029975891,16.7025814056,-0.618730843067,-0.451612204313,0
1539875449864458792,14.647065216,carbonZ_2018-10-18-11-06-06_engine_failure_with_emr_traj,engine,23.1899986267,90.2565002441,-35.1762924194,228,42.3083648682,-2.34745407104,-9.57588100433,16.8418560028,-0.203134730458,-0.426236063242,0
1539875449911917160,14.694523584,carbonZ_2018-10-18-11-06-06_engine_failure_with_emr_traj,engine,23.1899986267,90.2565002441,-35.1762924194,228,42.3083648682,-2.34745407104,-9.57588100433,16.9293308258,0.0693148225546,-0.376431673765,0
1539875449958847464,14.741453888,carbonZ_2018-10-18-11-06-06_engine_failure_with_emr_traj,engine,23.1399993896,48.0823516846,-33.4839096069,229,42.3083648682,-2.34745407104,-9.57588100433,17.0118751526,0.458280235529,-0.277808606625,0
1539875450003052136,14.78565856,carbonZ_2018-10-18-11-06-06_engine_failure_with_emr_traj,engine,23.1399993896,48.0823516846,-33.4839096069,229,42.3083648682,-2.34745407104,-9.57588100433,17.0760345459,0.774354994297,-0.245144218206,0
1539875450068767336,14.85137376,carbonZ_2018-10-18-11-06-06_engine_failure_with_emr_traj,engine,23.1000003815,48.0823516846,-31.7903518677,230,42.3083648682,-2.34745407104,-9.57588100433,17.1734695435,1.27621126175,-0.261853814125,0
1539875450112345640,14.894952064,carbonZ_2018-10-18-11-06-06_engine_failure_with_emr_traj,engine,23.1000003815,48.0823516846,-31.7903518677,230,42.3083648682,-2.34745407104,-9.57588100433,17.2147369385,1.62186598778,-0.286870747805,0
1539875450188879880,14.971486304,carbonZ_2018-10-18-11-06-06_engine_failure_with_emr_traj,engine,23.0499992371,25.7781982422,-30.0732002258,231,42.3083648682,-2.34745407104,-9.57588100433,17.2952747345,2.36306929588,-0.380560338497,0
1539875450201325672,14.983932096,carbonZ_2018-10-18-11-06-06_engine_failure_with_emr_traj,engine,23.0499992371,25.7781982422,-30.0732002258,231,42.3083648682,-2.34745407104,-9.57588100433,17.2952747345,2.36306929588,-0.380560338497,0
1539875450300857640,15.083464064,carbonZ_2018-10-18-11-06-06_engine_failure_with_emr_traj,engine,23.0,25.7781982422,-28.3654060364,232,42.3083648682,-2.34745407104,-9.57588100433,17.3546352386,3.34759020805,-0.544210970402,0
1539875450327128328,15.109734752,carbonZ_2018-10-18-11-06-06_engine_failure_with_emr_traj,engine,23.0,25.7781982422,-28.3654060364,232,42.2721061707,-3.11136937141,3.73849081993,17.3355064392,3.69040393829,-0.562131166458,0
1539875450362540968,15.145147392,carbonZ_2018-10-18-11-06-06_engine_failure_with_emr_traj,engine,22.9300003052,-3.80058288574,-26.6448574066,233,42.2721061707,-3.11136937141,3.73849081993,17.31757164,4.07829046249,-0.586285471916,0
1539875450401644904,15.184251328,carbonZ_2018-10-18-11-06-06_engine_failure_with_emr_traj,engine,22.9300003052,-3.80058288574,-26.6448574066,233,42.2721061707,-3.11136937141,3.73849081993,17.3006000519,4.44135379791,-0.621179521084,0
1539875450460873032,15.243479456,carbonZ_2018-10-18-11-06-06_engine_failure_with_emr_traj,engine,22.8500003815,-3.80058288574,-24.944940567,234,42.2721061707,-3.11136937141,3.73849081993,17.2651882172,4.81208992004,-0.665510356426,0
1539875450483458664,15.266065088,carbonZ_2018-10-18-11-06-06_engine_failure_with_emr_traj,engine,22.8500003815,-3.80058288574,-24.944940567,234,42.2721061707,-3.11136937141,3.73849081993,17.2471733093,5.15695476532,-0.677028775215,0
1539875450524998504,15.307604928,carbonZ_2018-10-18-11-06-06_engine_failure_with_emr_traj,engine,22.8500003815,-3.80058288574,-24.944940567,234,42.2721061707,-3.11136937141,3.73849081993,17.1909675598,5.42561197281,-0.63700646162,0
1539875450592490632,15.375097056,carbonZ_2018-10-18-11-06-06_engine_failure_with_emr_traj,engine,22.7600002289,-45.9781646729,-23.2545318604,235,42.2721061707,-3.11136937141,3.73849081993,17.1197319031,5.73061466217,-0.461832284927,0
1539875450623473480,15.406079904,carbonZ_2018-10-18-11-06-06_engine_failure_with_emr_traj,engine,22.6800003052,-45.9781646729,-21.5742168427,235,42.2721061707,-3.11136937141,3.73849081993,17.0776786804,5.92558288574,-0.322061926126,0
1539875450712096520,15.494702944,carbonZ_2018-10-18-11-06-06_engine_failure_with_emr_traj,engine,22.6800003052,-45.9781646729,-21.5742168427,235,40.5529899597,-1.05514621735,11.6102085114,16.9616241455,6.2932600975,-0.133122444153,0
1539875450757386952,15.539993376,carbonZ_2018-10-18-11-06-06_engine_failure_with_emr_traj,engine,22.6399993896,-77.6033401489,-19.9154224396,236,40.5529899597,-1.05514621735,11.6102085114,16.8305130005,6.69727659225,0.0498898029327,0
1539875450829118824,15.611725248,carbonZ_2018-10-18-11-06-06_engine_failure_with_emr_traj,engine,22.6399993896,-77.6033401489,-19.9154224396,236,40.5529899597,-1.05514621735,11.6102085114,16.750005722,6.90422773361,0.126171141863,0
1539875450881971784,15.664578208,carbonZ_2018-10-18-11-06-06_engine_failure_with_emr_traj,engine,22.6199989319,-77.6033401489,-18.2780036926,237,40.5529899597,-1.05514621735,11.6102085114,16.6439533234,7.22648429871,0.259214401245,0
1539875450954220008,15.736826432,carbonZ_2018-10-18-11-06-06_engine_failure_with_emr_traj,engine,22.6199989319,-84.8432540894,-16.6622543335,237,40.5529899597,-1.05514621735,11.6102085114,16.5099830627,7.57965660095,0.341616660357,0
1539875450981971656,15.76457808,carbonZ_2018-10-18-11-06-06_engine_failure_with_emr_traj,engine,22.6199989319,-84.8432540894,-16.6622543335,237,40.5529899597,-1.05514621735,11.6102085114,16.3993911743,7.85799217224,0.331211090088,0
1539875451046460296,15.82906672,carbonZ_2018-10-18-11-06-06_engine_failure_with_emr_traj,engine,22.6299991608,-84.8432540894,-15.0678796768,238,40.5529899597,-1.05514621735,11.6102085114,16.244720459,8.29759120941,0.32533827424,0
1539875451117827656,15.90043408,carbonZ_2018-10-18-11-06-06_engine_failure_with_emr_traj,engine,22.6299991608,-84.8432540894,-15.0678796768,238,40.5529899597,-1.05514621735,11.6102085114,16.0770435333,8.76125812531,0.294714450836,0
1539875451154810024,15.937416448,carbonZ_2018-10-18-11-06-06_engine_failure_with_emr_traj,engine,22.6299991608,-84.8432540894,-15.0678796768,238,42.9420890808,-2.96744322777,21.6732521057,16.0034790039,8.93034553528,0.276153802872,0
1539875451189012776,15.9716192,carbonZ_2018-10-18-11-06-06_engine_failure_with_emr_traj,engine,22.6399993896,-96.0657119751,-13.494433403,238,42.9420890808,-2.96744322777,21.6732521057,15.8147106171,9.38736915588,0.260104864836,0
1539875451222384360,16.004990784,carbonZ_2018-10-18-11-06-06_engine_failure_with_emr_traj,engine,22.6399993896,-96.0657119751,-13.494433403,238,42.9420890808,-2.96744322777,21.6732521057,15.6142654419,9.86923217773,0.253177702427,0
1539875451286385416,16.06899184,carbonZ_2018-10-18-11-06-06_engine_failure_with_emr_traj,engine,22.6599998474,-96.0657119751,-11.964179039,239,42.9420890808,-2.96744322777,21.6732521057,15.4894618988,10.1834335327,0.300947666168,0
1539875451357720456,16.14032688,carbonZ_2018-10-18-11-06-06_engine_failure_with_emr_traj,engine,22.6700000763,-109.063720703,-10.4548540115,239,42.9420890808,-2.96744322777,21.6732521057,15.1282510757,10.8818101883,0.510343432426,0
1539875451457539240,16.240145664,carbonZ_2018-10-18-11-06-06_engine_failure_with_emr_traj,engine,22.6899986267,-109.063720703,-9.0,239,45.9321632385,-3.86879086494,28.7959098816,14.9126815796,11.2845430374,0.6536257267,0
1539875451483597352,16.266203776,carbonZ_2018-10-18-11-06-06_engine_failure_with_emr_traj,engine,22.6899986267,-109.063720703,-9.0,239,45.9321632385,-3.86879086494,28.7959098816,14.7619743347,11.5499458313,0.725379109383,0
1539875451532464328,16.315070752,carbonZ_2018-10-18-11-06-06_engine_failure_with_emr_traj,engine,22.6899986267,-109.063720703,-9.0,239,45.9321632385,-3.86879086494,28.7959098816,14.5898675919,11.8576622009,0.788084685802,0
1539875451590561096,16.37316752,carbonZ_2018-10-18-11-06-06_engine_failure_with_emr_traj,engine,22.7399997711,-137.640563965,-7.57720422745,240,45.9321632385,-3.86879086494,28.7959098816,14.3300027847,12.282459259,0.867798566818,0
1539875451643710056,16.42631648,carbonZ_2018-10-18-11-06-06_engine_failure_with_emr_traj,engine,22.7999992371,-137.640563965,-6.18661832809,240,45.9321632385,-3.86879086494,28.7959098816,14.0647850037,12.6879205704,0.946790874004,0
1539875451697273032,16.479879456,carbonZ_2018-10-18-11-06-06_engine_failure_with_emr_traj,engine,22.7999992371,-137.640563965,-6.18661832809,240,45.9321632385,-3.86879086494,28.7959098816,13.8861322403,12.9409341812,0.987063109875,0
1539875451723727880,16.506334304,carbonZ_2018-10-18-11-06-06_engine_failure_with_emr_traj,engine,22.7999992371,-137.640563965,-6.18661832809,240,45.9321632385,-3.86879086494,28.7959098816,13.6974668503,13.2179956436,1.02969586849,0
1539875451796969288,16.579575712,carbonZ_2018-10-18-11-06-06_engine_failure_with_emr_traj,engine,22.8799991608,-171.789169312,-4.85050058365,240,45.9321632385,-3.86879086494,28.7959098816,13.4088964462,13.593506813,1.08138585091,0
1539875451877053544,16.659659968,carbonZ_2018-10-18-11-06-06_engine_failure_with_emr_traj,engine,22.9599990845,-171.789169312,-4.38642215729,240,46.012386322,-1.55074393749,37.5221366882,13.0059204102,14.1195268631,1.10917162895,0
1539875451899751432,16.682357856,carbonZ_2018-10-18-11-06-06_engine_failure_with_emr_traj,engine,22.9599990845,-171.789169312,-4.38642215729,240,46.012386322,-1.55074393749,37.5221366882,12.9049930573,14.2613887787,1.10946500301,0
1539875451939254504,16.721860928,carbonZ_2018-10-18-11-06-06_engine_failure_with_emr_traj,engine,23.0599994659,-203.792755127,-3.09153389931,240,46.012386322,-1.55074393749,37.5221366882,12.6895437241,14.4900226593,1.1160389185,0
1539875451992037096,16.77464352,carbonZ_2018-10-18-11-06-06_engine_failure_with_emr_traj,engine,23.0599994659,-203.792755127,-3.09153389931,240,46.012386322,-1.55074393749,37.5221366882,12.3751773834,14.8430700302,1.16578912735,0
1539875452075520584,16.858127008,carbonZ_2018-10-18-11-06-06_engine_failure_with_emr_traj,engine,23.1599998474,-203.792755127,-1.84968078136,240,46.012386322,-1.55074393749,37.5221366882,11.9347658157,15.3188304901,1.16179072857,0
1539875452093652552,16.876258976,carbonZ_2018-10-18-11-06-06_engine_failure_with_emr_traj,engine,23.1599998474,-203.792755127,-1.84968078136,240,46.012386322,-1.55074393749,37.5221366882,11.8296403885,15.4296693802,1.14185523987,0
1539875452131180872,16.913787296,carbonZ_2018-10-18-11-06-06_engine_failure_with_emr_traj,engine,23.1599998474,-203.792755127,-1.84968078136,240,46.012386322,-1.55074393749,37.5221366882,11.5798540115,15.6932296753,1.12046849728,0
1539875452181020744,16.963627168,carbonZ_2018-10-18-11-06-06_engine_failure_with_emr_traj,engine,23.2600002289,-241.379547119,-1.03655219078,240,46.012386322,-1.55074393749,37.5221366882,11.2230205536,16.0383472443,1.09727489948,0
1539875452237387528,17.019993952,carbonZ_2018-10-18-11-06-06_engine_failure_with_emr_traj,engine,23.2600002289,-241.379547119,-1.03655219078,240,46.012386322,-1.55074393749,37.5221366882,10.9682722092,16.2722740173,1.07365000248,0
1539875452288662888,17.071269312,carbonZ_2018-10-18-11-06-06_engine_failure_with_emr_traj,engine,23.3500003815,-241.379547119,0.125264599919,239,43.8376960754,-2.13477754593,48.8523521423,10.4488611221,16.7363986969,1.03787255287,0
1539875452318142216,17.10074864,carbonZ_2018-10-18-11-06-06_engine_failure_with_emr_traj,engine,23.3500003815,-241.379547119,0.125264599919,239,43.8376960754,-2.13477754593,48.8523521423,10.4488611221,16.7363986969,1.03787255287,0
1539875452375921160,17.158527584,carbonZ_2018-10-18-11-06-06_engine_failure_with_emr_traj,engine,23.4399986267,-268.668762207,0.281290829182,239,43.8376960754,-2.13477754593,48.8523521423,9.76577186584,17.2963600159,1.01167726517,0
1539875452448105832,17.230712256,carbonZ_2018-10-18-11-06-06_engine_failure_with_emr_traj,engine,23.5299987793,-267.668731689,1.38193953037,239,43.8376960754,-2.13477754593,48.8523521423,9.76577186584,17.2963600159,1.01167726517,0
1539875452493946696,17.27655312,carbonZ_2018-10-18-11-06-06_engine_failure_with_emr_traj,engine,23.5299987793,-267.668731689,1.38193953037,239,43.8376960754,-2.13477754593,48.8523521423,9.16888237,17.7572612762,0.94246840477,0
1539875452526799912,17.309406336,carbonZ_2018-10-18-11-06-06_engine_failure_with_emr_traj,engine,23.5299987793,-267.668731689,1.38193953037,239,43.8376960754,-2.13477754593,48.8523521423,8.83936500549,17.9762115479,0.889426410198,0
1539875452586399112,17.369005536,carbonZ_2018-10-18-11-06-06_engine_failure_with_emr_traj,engine,23.609998703,-290.863983154,2.42248296738,238,43.8376960754,-2.13477754593,48.8523521423,8.34664916992,18.3145942688,0.813775479794,0
1539875452607556360,17.390162784,carbonZ_2018-10-18-11-06-06_engine_failure_with_emr_traj,engine,23.609998703,-290.863983154,2.42248296738,238,43.8376960754,-2.13477754593,48.8523521423,8.19148540497,18.4070262909,0.785243213177,0
1539875452674510536,17.45711696,carbonZ_2018-10-18-11-06-06_engine_failure_with_emr_traj,engine,23.6800003052,-290.863983154,1.58748483658,238,44.0322608948,-2.40285921097,59.5092658997,7.67879056931,18.7411003113,0.698094189167,0
1539875452727526088,17.510132512,carbonZ_2018-10-18-11-06-06_engine_failure_with_emr_traj,engine,23.6800003052,-290.863983154,1.58748483658,238,44.0322608948,-2.40285921097,59.5092658997,7.19370889664,19.0340480804,0.639396369457,0
1539875452762864680,17.545471104,carbonZ_2018-10-18-11-06-06_engine_failure_with_emr_traj,engine,23.7299995422,-321.97076416,2.61333465576,237,44.0322608948,-2.40285921097,59.5092658997,6.84473609924,19.2184104919,0.579428970814,0
1539875452810469320,17.593075744,carbonZ_2018-10-18-11-06-06_engine_failure_with_emr_traj,engine,23.7299995422,-321.97076416,2.61333465576,237,44.0322608948,-2.40285921097,59.5092658997,6.48527860641,19.4247207642,0.525883972645,0
1539875452838659400,17.621265824,carbonZ_2018-10-18-11-06-06_engine_failure_with_emr_traj,engine,23.7699985504,-321.97076416,2.06705093384,237,44.0322608948,-2.40285921097,59.5092658997,5.97241163254,19.6768436432,0.463240236044,0
1539875452920536712,17.703143136,carbonZ_2018-10-18-11-06-06_engine_failure_with_emr_traj,engine,23.7699985504,-321.97076416,2.06705093384,237,44.0322608948,-2.40285921097,59.5092658997,5.61016178131,19.8511009216,0.432906895876,0
1539875452941375272,17.723981696,carbonZ_2018-10-18-11-06-06_engine_failure_with_emr_traj,engine,23.7699985504,-321.97076416,2.06705093384,237,44.0322608948,-2.40285921097,59.5092658997,5.42457485199,19.9207229614,0.409646838903,0
1539875452987684232,17.770290656,carbonZ_2018-10-18-11-06-06_engine_failure_with_emr_traj,engine,23.7999992371,-362.798309326,3.05392575264,236,44.0322608948,-2.40285921097,59.5092658997,4.68297195435,20.230550766,0.317750602961,0
1539875453033467240,17.816073664,carbonZ_2018-10-18-11-06-06_engine_failure_with_emr_traj,engine,23.7999992371,-362.798309326,3.05392575264,236,45.3380699158,-1.27872884274,68.8817214966,4.51942205429,20.290813446,0.2988691926,0
1539875453108907400,17.891513824,carbonZ_2018-10-18-11-06-06_engine_failure_with_emr_traj,engine,23.8299999237,-362.798309326,1.47539424896,235,45.3380699158,-1.27872884274,68.8817214966,3.80244588852,20.5552539825,0.236252933741,0
1539875453138014920,17.920621344,carbonZ_2018-10-18-11-06-06_engine_failure_with_emr_traj,engine,23.8299999237,-362.798309326,1.47539424896,235,45.3380699158,-1.27872884274,68.8817214966,3.64238834381,20.6054611206,0.224057450891,0
1539875453195573256,17.97817968,carbonZ_2018-10-18-11-06-06_engine_failure_with_emr_traj,engine,23.8500003815,-394.634429932,2.50044417381,234,45.3380699158,-1.27872884274,68.8817214966,3.0990626812,20.7881507874,0.189341396093,0
1539875453235515144,18.018121568,carbonZ_2018-10-18-11-06-06_engine_failure_with_emr_traj,engine,23.8500003815,-394.634429932,2.50044417381,234,45.3380699158,-1.27872884274,68.8817214966,2.77676582336,20.8779277802,0.169298157096,0
1539875453282071240,18.064677664,carbonZ_2018-10-18-11-06-06_engine_failure_with_emr_traj,engine,23.859998703,-394.634429932,3.45092344284,233,42.7086639404,-1.31792795658,74.5056762695,2.29601550102,21.0193309784,0.167860805988,0
1539875453317962248,18.100568672,carbonZ_2018-10-18-11-06-06_engine_failure_with_emr_traj,engine,23.859998703,-394.634429932,3.45092344284,233,42.7086639404,-1.31792795658,74.5056762695,2.17314910889,21.0405654907,0.184130504727,0
1539875453360487176,18.1430936,carbonZ_2018-10-18-11-06-06_engine_failure_with_emr_traj,engine,23.8799991608,-435.486022949,0.937479615211,232,42.7086639404,-1.31792795658,74.5056762695,1.73881983757,21.1371631622,0.233691886067,0
1539875453431650024,18.214256448,carbonZ_2018-10-18-11-06-06_engine_failure_with_emr_traj,engine,23.8799991608,-435.486022949,0.937479615211,232,42.7086639404,-1.31792795658,74.5056762695,1.33571612835,21.2221298218,0.268387436867,0
1539875453460621608,18.243228032,carbonZ_2018-10-18-11-06-06_engine_failure_with_emr_traj,engine,23.8999996185,-436.486053467,2.01836824417,231,42.7086639404,-1.31792795658,74.5056762695,0.918445646763,21.2891769409,0.301855146885,0
1539875453528229256,18.31083568,carbonZ_2018-10-18-11-06-06_engine_failure_with_emr_traj,engine,23.8999996185,-436.486053467,2.01836824417,231,42.7086639404,-1.31792795658,74.5056762695,0.614026546478,21.3316631317,0.318203240633,0
1539875453566215816,18.34882224,carbonZ_2018-10-18-11-06-06_engine_failure_with_emr_traj,engine,23.9300003052,-466.010864258,1.25765490532,230,42.7086639404,-1.31792795658,74.5056762695,0.323308259249,21.3824081421,0.351832419634,0
1539875453599904168,18.382510592,carbonZ_2018-10-18-11-06-06_engine_failure_with_emr_traj,engine,23.9300003052,-466.010864258,1.25765490532,230,42.7086639404,-1.31792795658,74.5056762695,0.0303042624146,21.4083518982,0.376407891512,0
1539875453658821704,18.441428128,carbonZ_2018-10-18-11-06-06_engine_failure_with_emr_traj,engine,23.9699993134,-466.010864258,2.37362313271,228,42.7086639404,-1.31792795658,74.5056762695,-0.599087715149,21.4772205353,0.403063207865,0
1539875453713748456,18.49635488,carbonZ_2018-10-18-11-06-06_engine_failure_with_emr_traj,engine,23.9699993134,-466.010864258,2.37362313271,228,42.7086639404,-1.31792795658,74.5056762695,-0.765247285366,21.4999752045,0.414196580648,0
1539875453777145224,18.559751648,carbonZ_2018-10-18-11-06-06_engine_failure_with_emr_traj,engine,24.0100002289,-487.105163574,-0.370052725077,227,42.7086639404,-1.31792795658,74.5056762695,-1.23346793652,21.5278110504,0.455553799868,0
1539875453805510344,18.588116768,carbonZ_2018-10-18-11-06-06_engine_failure_with_emr_traj,engine,24.0100002289,-487.105163574,-0.370052725077,227,42.6440963745,-2.60690402985,86.7833786011,-1.56125080585,21.5392341614,0.495750725269,0
1539875453897350472,18.679956896,carbonZ_2018-10-18-11-06-06_engine_failure_with_emr_traj,engine,24.0699996948,-486.105163574,0.885308146477,226,42.6440963745,-2.60690402985,86.7833786011,-2.17843866348,21.5581760406,0.64780408144,0
1539875453915815272,18.698421696,carbonZ_2018-10-18-11-06-06_engine_failure_with_emr_traj,engine,24.0699996948,-486.105163574,0.885308146477,226,42.6440963745,-2.60690402985,86.7833786011,-2.33718371391,21.5632305145,0.701772212982,0
1539875453985755976,18.7683624,carbonZ_2018-10-18-11-06-06_engine_failure_with_emr_traj,engine,24.1399993896,-513.193481445,2.09006857872,225,42.6440963745,-2.60690402985,86.7833786011,-2.99341917038,21.5669021606,0.824739933014,0
1539875454008649320,18.791255744,carbonZ_2018-10-18-11-06-06_engine_failure_with_emr_traj,engine,24.1399993896,-513.193481445,2.09006857872,225,42.6440963745,-2.60690402985,86.7833786011,-3.17244458199,21.5637683868,0.837973415852,0
1539875454086009544,18.868615968,carbonZ_2018-10-18-11-06-06_engine_failure_with_emr_traj,engine,24.2299995422,-513.193481445,1.35680890083,223,42.6440963745,-2.60690402985,86.7833786011,-3.64326953888,21.5575180054,0.894978880882,0
1539875454155014152,18.937620576,carbonZ_2018-10-18-11-06-06_engine_failure_with_emr_traj,engine,24.3299999237,-529.271118164,2.56557512283,222,42.6440963745,-2.60690402985,86.7833786011,-4.28874731064,21.5295009613,0.92713958025,0
1539875454194093640,18.976700064,carbonZ_2018-10-18-11-06-06_engine_failure_with_emr_traj,engine,24.3299999237,-529.271118164,2.56557512283,222,42.6440963745,-2.60690402985,86.7833786011,-4.61647748947,21.5198898315,0.949481368065,0
1539875454223405896,19.00601232,carbonZ_2018-10-18-11-06-06_engine_failure_with_emr_traj,engine,24.3299999237,-529.271118164,2.56557512283,222,45.7590179443,-1.89075517654,95.3513259888,-4.76240253448,21.5040626526,0.966920375824,0
1539875454270882312,19.053488736,carbonZ_2018-10-18-11-06-06_engine_failure_with_emr_traj,engine,24.4399986267,-529.271118164,3.71905064583,220,45.7590179443,-1.89075517654,95.3513259888,-5.16631889343,21.4826087952,1.03724253178,0
1539875454314733480,19.097339904,carbonZ_2018-10-18-11-06-06_engine_failure_with_emr_traj,engine,24.4399986267,-529.271118164,3.71905064583,220,45.7590179443,-1.89075517654,95.3513259888,-5.47669029236,21.460226059,1.06670439243,0
1539875454390843528,19.173449952,carbonZ_2018-10-18-11-06-06_engine_failure_with_emr_traj,engine,24.5699996948,-560.283081055,2.15495538712,219,45.7590179443,-1.89075517654,95.3513259888,-6.04837703705,21.4127597809,1.12539768219,0
1539875454429148584,19.211755008,carbonZ_2018-10-18-11-06-06_engine_failure_with_emr_traj,engine,24.5699996948,-560.283081055,2.15495538712,219,45.7590179443,-1.89075517654,95.3513259888,-6.34168624878,21.3879013062,1.16633498669,0
1539875454481497704,19.264104128,carbonZ_2018-10-18-11-06-06_engine_failure_with_emr_traj,engine,24.6999988556,-559.283081055,3.40084004402,217,45.7590179443,-1.89075517654,95.3513259888,-6.73331546783,21.3334903717,1.2439738512,0
1539875454521768008,19.304374432,carbonZ_2018-10-18-11-06-06_engine_failure_with_emr_traj,engine,24.6999988556,-559.283081055,3.40084004402,217,45.7590179443,-1.89075517654,95.3513259888,-6.88428592682,21.313331604,1.27494704723,0
1539875454560833768,19.343440192,carbonZ_2018-10-18-11-06-06_engine_failure_with_emr_traj,engine,24.8400001526,-578.922058105,0.710058867931,215,45.7590179443,-1.89075517654,95.3513259888,-7.34331274033,21.2366027832,1.33583056927,0
1539875454611537512,19.394143936,carbonZ_2018-10-18-11-06-06_engine_failure_with_emr_traj,engine,24.8400001526,-578.922058105,0.710058867931,215,41.6316261292,-4.04464769363,105.021743774,-7.62811136246,21.1868572235,1.38294386864,0
1539875454690785000,19.473391424,carbonZ_2018-10-18-11-06-06_engine_failure_with_emr_traj,engine,25.0,-578.922058105,2.1257994175,214,41.6316261292,-4.04464769363,105.021743774,-8.25890922546,21.0538787842,1.41708302498,0
1539875454723320968,19.505927392,carbonZ_2018-10-18-11-06-06_engine_failure_with_emr_traj,engine,25.0,-578.922058105,2.1257994175,214,41.6316261292,-4.04464769363,105.021743774,-8.41810894012,21.020488739,1.43492722511,0
1539875454763449192,19.546055616,carbonZ_2018-10-18-11-06-06_engine_failure_with_emr_traj,engine,25.1800003052,-603.983520508,2.47793865204,212,41.6316261292,-4.04464769363,105.021743774,-8.91910552979,20.8883304596,1.45892369747,0
1539875454800369320,19.582975744,carbonZ_2018-10-18-11-06-06_engine_failure_with_emr_traj,engine,25.1800003052,-603.983520508,2.47793865204,212,41.6316261292,-4.04464769363,105.021743774,-9.23102378845,20.8083362579,1.46892607212,0
1539875454893275368,19.675881792,carbonZ_2018-10-18-11-06-06_engine_failure_with_emr_traj,engine,25.3699989319,-603.983520508,3.84217453003,210,41.6316261292,-4.04464769363,105.021743774,-9.92279338837,20.6110687256,1.44233012199,0
1539875454923318440,19.705924864,carbonZ_2018-10-18-11-06-06_engine_failure_with_emr_traj,engine,25.3699989319,-603.983520508,3.84217453003,210,41.6316261292,-4.04464769363,105.021743774,-10.0804443359,20.5642871857,1.43514847755,0
1539875454963986248,19.746592672,carbonZ_2018-10-18-11-06-06_engine_failure_with_emr_traj,engine,25.5499992371,-609.48638916,5.14848089218,208,44.0605392456,-3.27218484879,112.804161072,-10.6146230698,20.3914604187,1.42007708549,0
1539875455009745000,19.792351424,carbonZ_2018-10-18-11-06-06_engine_failure_with_emr_traj,engine,25.5499992371,-609.48638916,5.14848089218,208,44.0605392456,-3.27218484879,112.804161072,-11.1726427078,20.1807842255,1.34474718571,0
1539875455069569192,19.852175616,carbonZ_2018-10-18-11-06-06_engine_failure_with_emr_traj,engine,25.7299995422,-609.48638916,2.58217000961,206,44.0605392456,-3.27218484879,112.804161072,-11.5441484451,20.0374889374,1.28634476662,0
1539875455122200168,19.904806592,carbonZ_2018-10-18-11-06-06_engine_failure_with_emr_traj,engine,25.7299995422,-609.48638916,2.58217000961,206,44.0605392456,-3.27218484879,112.804161072,-11.9326353073,19.881072998,1.2353194952,0
1539875455165807624,19.948414048,carbonZ_2018-10-18-11-06-06_engine_failure_with_emr_traj,engine,25.8899993896,-635.248535156,4.01028156281,204,44.0605392456,-3.27218484879,112.804161072,-12.5111427307,19.6181735992,1.13043320179,0
1539875455214206472,19.996812896,carbonZ_2018-10-18-11-06-06_engine_failure_with_emr_traj,engine,25.8899993896,-635.248535156,4.01028156281,204,44.0605392456,-3.27218484879,112.804161072,-12.8503704071,19.4527626038,1.05647623539,0
1539875455273208968,20.055815392,carbonZ_2018-10-18-11-06-06_engine_failure_with_emr_traj,engine,26.0299987793,-635.248535156,3.36881160736,202,44.0605392456,-3.27218484879,112.804161072,-13.3976831436,19.1770572662,0.943868398666,0
1539875455315483016,20.09808944,carbonZ_2018-10-18-11-06-06_engine_failure_with_emr_traj,engine,26.0299987793,-635.248535156,3.36881160736,202,43.8082237244,-0.956218242645,121.93221283,-13.7347106934,19.0021533966,0.89119797945,0
1539875455395286984,20.177893408,carbonZ_2018-10-18-11-06-06_engine_failure_with_emr_traj,engine,26.1599998474,-669.694702148,4.78882360458,200,43.8082237244,-0.956218242645,121.93221283,-14.3699445724,18.641626358,0.806287050247,0
1539875455411689064,20.194295488,carbonZ_2018-10-18-11-06-06_engine_failure_with_emr_traj,engine,26.1599998474,-669.694702148,4.78882360458,200,43.8082237244,-0.956218242645,121.93221283,-14.5387439728,18.5382843018,0.773618638515,0
1539875455442282984,20.224889408,carbonZ_2018-10-18-11-06-06_engine_failure_with_emr_traj,engine,26.2799987793,-669.694702148,6.12638616562,198,43.8082237244,-0.956218242645,121.93221283,-14.832906723,18.3489227295,0.739224433899,0
1539875455486027336,20.26863376,carbonZ_2018-10-18-11-06-06_engine_failure_with_emr_traj,engine,26.2799987793,-669.694702148,6.12638616562,198,43.8082237244,-0.956218242645,121.93221283,-15.0957603455,18.1755065918,0.711545109749,0
1539875455534304200,20.316910624,carbonZ_2018-10-18-11-06-06_engine_failure_with_emr_traj,engine,26.2799987793,-669.694702148,6.12638616562,198,43.8082237244,-0.956218242645,121.93221283,-15.4060983658,17.9627590179,0.671257853508,0
1539875455586804264,20.369410688,carbonZ_2018-10-18-11-06-06_engine_failure_with_emr_traj,engine,26.3899993896,-693.421936035,3.84639692307,196,43.8082237244,-0.956218242645,121.93221283,-16.0736618042,17.495508194,0.521278858185,0
1539875455648701128,20.431307552,carbonZ_2018-10-18-11-06-06_engine_failure_with_emr_traj,engine,26.4799995422,-694.421936035,5.30256700516,194,43.8082237244,-0.956218242645,121.93221283,-16.4032077789,17.2407951355,0.448434561491,0
1539875455718995560,20.501601984,carbonZ_2018-10-18-11-06-06_engine_failure_with_emr_traj,engine,26.4799995422,-694.421936035,5.30256700516,194,45.1006278992,-0.351928055286,131.71736145,-16.8239917755,16.9083328247,0.431101977825,0
1539875455738067272,20.520673696,carbonZ_2018-10-18-11-06-06_engine_failure_with_emr_traj,engine,26.4799995422,-694.421936035,5.30256700516,194,45.1006278992,-0.351928055286,131.71736145,-16.9590015411,16.797082901,0.430724263191,0
1539875455800185544,20.582791968,carbonZ_2018-10-18-11-06-06_engine_failure_with_emr_traj,engine,26.5699996948,-702.309631348,5.12877225876,191,45.1006278992,-0.351928055286,131.71736145,-17.5021781921,16.3391056061,0.422833770514,0
1539875455852555080,20.635161504,carbonZ_2018-10-18-11-06-06_engine_failure_with_emr_traj,engine,26.6599998474,-701.309570312,6.55046415329,189,45.1006278992,-0.351928055286,131.71736145,-17.7792358398,16.0931301117,0.417192965746,0
1539875455921679368,20.704285792,carbonZ_2018-10-18-11-06-06_engine_failure_with_emr_traj,engine,26.6599998474,-701.309570312,6.55046415329,189,45.1006278992,-0.351928055286,131.71736145,-18.216337204,15.6831979752,0.383231937885,0
1539875455943209288,20.725815712,carbonZ_2018-10-18-11-06-06_engine_failure_with_emr_traj,engine,26.6599998474,-701.309570312,6.55046415329,189,45.1006278992,-0.351928055286,131.71736145,-18.3580589294,15.5465974808,0.374283134937,0
1539875455961665672,20.744272096,carbonZ_2018-10-18-11-06-06_engine_failure_with_emr_traj,engine,26.7600002289,-723.404663086,7.90453910828,187,45.1006278992,-0.351928055286,131.71736145,-18.648727417,15.2541255951,0.335993856192,0
1539875456020057576,20.802664,carbonZ_2018-10-18-11-06-06_engine_failure_with_emr_traj,engine,26.7600002289,-723.404663086,7.90453910828,187,45.1006278992,-0.351928055286,131.71736145,-18.9257068634,14.9722757339,0.301627039909,0
1539875456072513224,20.855119648,carbonZ_2018-10-18-11-06-06_engine_failure_with_emr_traj,engine,26.8499984741,-723.404663086,7.49548578262,184,46.3343544006,-1.16820001602,142.058425903,-19.3386917114,14.5332393646,0.249504074454,0
1539875456123052744,20.905659168,carbonZ_2018-10-18-11-06-06_engine_failure_with_emr_traj,engine,26.8499984741,-723.404663086,7.49548578262,184,46.3343544006,-1.16820001602,142.058425903,-19.5933532715,14.2527837753,0.23769505322,0
1539875456163918344,20.946524768,carbonZ_2018-10-18-11-06-06_engine_failure_with_emr_traj,engine,26.9499988556,-728.760314941,8.81127071381,182,46.3343544006,-1.16820001602,142.058425903,-19.9982872009,13.7974863052,0.210950747132,0
1539875456202644840,20.985251264,carbonZ_2018-10-18-11-06-06_engine_failure_with_emr_traj,engine,26.9499988556,-728.760314941,8.81127071381,182,46.3343544006,-1.16820001602,142.058425903,-20.2517585754,13.4919166565,0.182549625635,0
1539875456280252360,21.062858784,carbonZ_2018-10-18-11-06-06_engine_failure_with_emr_traj,engine,27.0499992371,-728.760314941,9.30237960815,180,46.3343544006,-1.16820001602,142.058425903,-20.7400722504,12.8299226761,0.0768576413393,0
1539875456351386120,21.133992544,carbonZ_2018-10-18-11-06-06_engine_failure_with_emr_traj,engine,27.1299991608,-743.858154297,10.5085554123,177,46.3343544006,-1.16820001602,142.058425903,-21.095867157,12.3230190277,-0.0253145862371,0
1539875456380282472,21.162888896,carbonZ_2018-10-18-11-06-06_engine_failure_with_emr_traj,engine,27.1299991608,-743.858154297,10.5085554123,177,46.3343544006,-1.16820001602,142.058425903,-21.3268527985,11.9762115479,-0.109331570566,0
1539875456432028648,21.214635072,carbonZ_2018-10-18-11-06-06_engine_failure_with_emr_traj,engine,27.1899986267,-743.858154297,11.6364021301,175,46.3343544006,-1.16820001602,142.058425903,-21.5536689758,11.6191921234,-0.202832877636,0
1539875456479569224,21.262175648,carbonZ_2018-10-18-11-06-06_engine_failure_with_emr_traj,engine,27.1899986267,-743.858154297,11.6364021301,175,46.3343544006,-1.16820001602,142.058425903,-21.7660007477,11.25938797,-0.305791854858,0
1539875456502786664,21.285393088,carbonZ_2018-10-18-11-06-06_engine_failure_with_emr_traj,engine,27.1899986267,-743.858154297,11.6364021301,175,42.7403373718,0.609168052673,153.632339478,-22.0642185211,10.7165269852,-0.459440797567,0
1539875456568912744,21.351519168,carbonZ_2018-10-18-11-06-06_engine_failure_with_emr_traj,engine,27.2199993134,-760.217834473,12.1451044083,172,42.7403373718,0.609168052673,153.632339478,-22.2393608093,10.362247467,-0.539481639862,0
1539875456609174088,21.391780512,carbonZ_2018-10-18-11-06-06_engine_failure_with_emr_traj,engine,27.2199993134,-760.217834473,12.1451044083,172,42.7403373718,0.609168052673,153.632339478,-22.4099349976,9.9894952774,-0.624909460545,0
1539875456637832168,21.420438592,carbonZ_2018-10-18-11-06-06_engine_failure_with_emr_traj,engine,27.2099990845,-761.217895508,13.1326055527,170,42.7403373718,0.609168052673,153.632339478,-22.4099349976,9.9894952774,-0.624909460545,0
1539875456679162120,21.461768544,carbonZ_2018-10-18-11-06-06_engine_failure_with_emr_traj,engine,27.2099990845,-761.217895508,13.1326055527,170,42.7403373718,0.609168052673,153.632339478,-22.7126789093,9.25457668304,-0.751151382923,0
1539875456725862760,21.508469184,carbonZ_2018-10-18-11-06-06_engine_failure_with_emr_traj,engine,27.2099990845,-761.217895508,13.1326055527,170,42.7403373718,0.609168052673,153.632339478,-22.8418216705,8.91198539734,-0.774147748947,0
1539875456800997384,21.583603808,carbonZ_2018-10-18-11-06-06_engine_failure_with_emr_traj,engine,27.1800003052,-758.255554199,13.9221935272,167,42.7403373718,0.609168052673,153.632339478,-23.0233078003,8.39924430847,-0.808335840702,0
1539875456863356616,21.64596304,carbonZ_2018-10-18-11-06-06_engine_failure_with_emr_traj,engine,27.1499996185,-757.255554199,14.74214077,165,42.7403373718,0.609168052673,153.632339478,-23.2334079742,7.70525932312,-0.864273965359,0
1539875456954061224,21.736667648,carbonZ_2018-10-18-11-06-06_engine_failure_with_emr_traj,engine,27.109998703,-759.508117676,15.477560997,162,42.7403373718,0.609168052673,153.632339478,-23.4033222198,7.06740903854,-0.865139961243,0
1539875456991847176,21.7744536,carbonZ_2018-10-18-11-06-06_engine_failure_with_emr_traj,engine,27.109998703,-759.508117676,15.477560997,162,43.6337509155,2.5267291069,165.438858032,-23.4825382233,6.73606729507,-0.875692546368,0
1539875457039154984,21.821761408,carbonZ_2018-10-18-11-06-06_engine_failure_with_emr_traj,engine,27.109998703,-759.508117676,15.477560997,162,43.6337509155,2.5267291069,165.438858032,-23.5606918335,6.3729224205,-0.911855876446,0
1539875457077236776,21.8598432,carbonZ_2018-10-18-11-06-06_engine_failure_with_emr_traj,engine,27.0799999237,-759.508117676,16.1368980408,160,43.6337509155,2.5267291069,165.438858032,-23.6338176727,6.00209712982,-0.951785802841,0
1539875457111272008,21.893878432,carbonZ_2018-10-18-11-06-06_engine_failure_with_emr_traj,engine,27.0799999237,-759.508117676,16.1368980408,160,43.6337509155,2.5267291069,165.438858032,-23.6960468292,5.62344312668,-1.00154995918,0
1539875457158802280,21.941408704,carbonZ_2018-10-18-11-06-06_engine_failure_with_emr_traj,engine,27.0299987793,-744.840209961,16.7117080688,158,43.6337509155,2.5267291069,165.438858032,-23.7737140656,5.06036186218,-1.07250845432,0
1539875457199667432,21.982273856,carbonZ_2018-10-18-11-06-06_engine_failure_with_emr_traj,engine,27.0299987793,-744.840209961,16.7117080688,158,43.6337509155,2.5267291069,165.438858032,-23.7954540253,4.86942911148,-1.09865760803,0
1539875457235251880,22.017858304,carbonZ_2018-10-18-11-06-06_engine_failure_with_emr_traj,engine,27.0299987793,-744.840209961,16.7117080688,158,43.5855903625,2.82937932014,171.316207886,-23.8357982635,4.49096822739,-1.15267944336,0
1539875457277095784,22.059702208,carbonZ_2018-10-18-11-06-06_engine_failure_with_emr_traj,engine,26.9599990845,-744.840209961,17.1935501099,155,43.5855903625,2.82937932014,171.316207886,-23.8708114624,4.1081700325,-1.20839071274,0
1539875457335450472,22.118056896,carbonZ_2018-10-18-11-06-06_engine_failure_with_emr_traj,engine,26.9599990845,-744.840209961,17.1935501099,155,43.5855903625,2.82937932014,171.316207886,-23.9094467163,3.5444316864,-1.27754795551,0
1539875457368643048,22.151249472,carbonZ_2018-10-18-11-06-06_engine_failure_with_emr_traj,engine,26.8799991608,-730.689025879,17.5739383698,153,43.5855903625,2.82937932014,171.316207886,-23.9266777039,3.16283583641,-1.32868015766,0
1539875457398164040,22.180770464,carbonZ_2018-10-18-11-06-06_engine_failure_with_emr_traj,engine,26.8799991608,-730.689025879,17.5739383698,153,43.5855903625,2.82937932014,171.316207886,-23.9266777039,3.16283583641,-1.32868015766,0
1539875457483351784,22.265958208,carbonZ_2018-10-18-11-06-06_engine_failure_with_emr_traj,engine,26.7799987793,-730.689025879,17.869802475,151,43.5855903625,2.82937932014,171.316207886,-23.9331665039,2.22753787041,-1.42837679386,0
1539875457529156872,22.311763296,carbonZ_2018-10-18-11-06-06_engine_failure_with_emr_traj,engine,26.7799987793,-730.689025879,17.869802475,151,43.5855903625,2.82937932014,171.316207886,-23.9146823883,1.7168751955,-1.41276228428,0
1539875457561925640,22.344532064,carbonZ_2018-10-18-11-06-06_engine_failure_with_emr_traj,engine,26.6700000763,-707.776611328,18.072675705,148,43.5855903625,2.82937932014,171.316207886,-23.8915596008,1.39046871662,-1.40400600433,0
1539875457654323464,22.436929888,carbonZ_2018-10-18-11-06-06_engine_failure_with_emr_traj,engine,26.5699996948,-707.776611328,18.1741275787,146,43.5855903625,2.82937932014,171.316207886,-23.8324146271,0.741932868958,-1.36823225021,0
1539875457684153704,22.466760128,carbonZ_2018-10-18-11-06-06_engine_failure_with_emr_traj,engine,26.5699996948,-707.776611328,18.1741275787,146,44.1985282898,3.56619119644,-177.682647705,-23.7952728271,0.438228487968,-1.33865213394,0
1539875457733284968,22.515891392,carbonZ_2018-10-18-11-06-06_engine_failure_with_emr_traj,engine,26.5699996948,-707.776611328,18.1741275787,146,44.1985282898,3.56619119644,-177.682647705,-23.758354187,0.152433753014,-1.30047130585,0
1539875457768933160,22.551539584,carbonZ_2018-10-18-11-06-06_engine_failure_with_emr_traj,engine,26.4799995422,-708.885559082,18.2079391479,144,44.1985282898,3.56619119644,-177.682647705,-23.7106513977,-0.137294247746,-1.28151154518,0
1539875457802386568,22.584992992,carbonZ_2018-10-18-11-06-06_engine_failure_with_emr_traj,engine,26.4799995422,-708.885559082,18.2079391479,144,44.1985282898,3.56619119644,-177.682647705,-23.6583404541,-0.434983789921,-1.2702960968,0
1539875457890850472,22.673456896,carbonZ_2018-10-18-11-06-06_engine_failure_with_emr_traj,engine,26.4099998474,-708.885559082,18.1741275787,142,44.1985282898,3.56619119644,-177.682647705,-23.5317764282,-1.06817924976,-1.31924271584,0
1539875457922560200,22.705166624,carbonZ_2018-10-18-11-06-06_engine_failure_with_emr_traj,engine,26.4099998474,-708.885559082,18.1741275787,142,44.1985282898,3.56619119644,-177.682647705,-23.4990119934,-1.22775900364,-1.34495508671,0
1539875457983123432,22.765729856,carbonZ_2018-10-18-11-06-06_engine_failure_with_emr_traj,engine,26.3299999237,-691.210205078,18.064245224,140,44.1985282898,3.56619119644,-177.682647705,-23.343914032,-1.85258734226,-1.47519743443,0
1539875458050586824,22.833193248,carbonZ_2018-10-18-11-06-06_engine_failure_with_emr_traj,engine,26.2299995422,-691.210205078,17.8867301941,138,44.1985282898,3.56619119644,-177.682647705,-23.2188739777,-2.25097417831,-1.52831983566,0
1539875458084990824,22.867597248,carbonZ_2018-10-18-11-06-06_engine_failure_with_emr_traj,engine,26.2299995422,-691.210205078,17.8867301941,138,44.1985282898,3.56619119644,-177.682647705,-23.1759204865,-2.38423371315,-1.54824233055,0
1539875458120094504,22.902700928,carbonZ_2018-10-18-11-06-06_engine_failure_with_emr_traj,engine,26.2299995422,-691.210205078,17.8867301941,138,37.7969551086,3.56368589401,-168.531814575,-23.085773468,-2.67645144463,-1.59394741058,0
1539875458156776264,22.939382688,carbonZ_2018-10-18-11-06-06_engine_failure_with_emr_traj,engine,26.109998703,-666.668151855,17.6331539154,136,37.7969551086,3.56368589401,-168.531814575,-22.8686962128,-3.27892613411,-1.74183881283,0
1539875458220262856,23.00286928,carbonZ_2018-10-18-11-06-06_engine_failure_with_emr_traj,engine,26.109998703,-666.668151855,17.6331539154,136,37.7969551086,3.56368589401,-168.531814575,-22.8149719238,-3.40671753883,-1.77255213261,0
1539875458270602248,23.053208672,carbonZ_2018-10-18-11-06-06_engine_failure_with_emr_traj,engine,25.9599990845,-666.668151855,17.3119354248,134,37.7969551086,3.56368589401,-168.531814575,-22.661655426,-3.80262970924,-1.80757462978,0
1539875458325182440,23.107788864,carbonZ_2018-10-18-11-06-06_engine_failure_with_emr_traj,engine,25.9599990845,-666.668151855,17.3119354248,134,37.7969551086,3.56368589401,-168.531814575,-22.5012111664,-4.14119100571,-1.83013367653,0
1539875458369231592,23.151838016,carbonZ_2018-10-18-11-06-06_engine_failure_with_emr_traj,engine,25.8099994659,-626.182739258,16.9231090546,132,37.7969551086,3.56368589401,-168.531814575,-22.3621749878,-4.44191074371,-1.80641591549,0
1539875458411965064,23.194571488,carbonZ_2018-10-18-11-06-06_engine_failure_with_emr_traj,engine,25.8099994659,-626.182739258,16.9231090546,132,37.7969551086,3.56368589401,-168.531814575,-22.3096466064,-4.54385471344,-1.81222903728,0
1539875458466348008,23.248954432,carbonZ_2018-10-18-11-06-06_engine_failure_with_emr_traj,engine,25.6499996185,-626.182739258,16.4835453033,131,37.7969551086,3.56368589401,-168.531814575,-22.1008625031,-4.89330339432,-1.82715272903,0
1539875458513466216,23.29607264,carbonZ_2018-10-18-11-06-06_engine_failure_with_emr_traj,engine,25.6499996185,-626.182739258,16.4835453033,131,37.7969551086,3.56368589401,-168.531814575,-22.041103363,-4.98425722122,-1.85309028625,0
1539875458561095208,23.343701632,carbonZ_2018-10-18-11-06-06_engine_failure_with_emr_traj,engine,25.4799995422,-610.119262695,15.9932661057,129,37.7969551086,3.56368589401,-168.531814575,-21.8729686737,-5.22358608246,-1.9265614748,0
1539875458634276072,23.416882496,carbonZ_2018-10-18-11-06-06_engine_failure_with_emr_traj,engine,25.4799995422,-610.119262695,15.9932661057,129,25.6713600159,5.11778354645,-160.461593628,-21.6839733124,-5.45156860352,-2.0519080162,0
1539875458688935560,23.471541984,carbonZ_2018-10-18-11-06-06_engine_failure_with_emr_traj,engine,25.2999992371,-610.119262695,15.4691896439,128,25.6713600159,5.11778354645,-160.461593628,-21.5063648224,-5.63915061951,-2.13131213188,0
1539875458712392936,23.49499936,carbonZ_2018-10-18-11-06-06_engine_failure_with_emr_traj,engine,25.2999992371,-610.119262695,15.4691896439,128,25.6713600159,5.11778354645,-160.461593628,-21.4543399811,-5.70679712296,-2.15322327614,0
1539875458779166632,23.561773056,carbonZ_2018-10-18-11-06-06_engine_failure_with_emr_traj,engine,25.1000003815,-571.510131836,14.9197368622,126,25.6713600159,5.11778354645,-160.461593628,-21.2427139282,-5.85644626617,-2.1712782383,0
1539875458820913352,23.603519776,carbonZ_2018-10-18-11-06-06_engine_failure_with_emr_traj,engine,25.1000003815,-571.510131836,14.9197368622,126,25.6713600159,5.11778354645,-160.461593628,-21.2007312775,-5.88046216965,-2.16594433784,0
1539875458876572520,23.659178944,carbonZ_2018-10-18-11-06-06_engine_failure_with_emr_traj,engine,24.8999996185,-571.510131836,14.3449306488,125,25.6713600159,5.11778354645,-160.461593628,-21.0564346313,-5.95367574692,-2.21251320839,0
1539875458932017544,23.714623968,carbonZ_2018-10-18-11-06-06_engine_failure_with_emr_traj,engine,24.8999996185,-571.510131836,14.3449306488,125,16.066778183,5.55195474625,-158.588256836,-20.8884449005,-5.98750400543,-2.20356154442,0
1539875458962958824,23.745565248,carbonZ_2018-10-18-11-06-06_engine_failure_with_emr_traj,engine,24.6800003052,-543.477416992,13.7616662979,123,16.066778183,5.55195474625,-158.588256836,-20.8563251495,-5.98265981674,-2.16918253899,0
1539875459006586504,23.789192928,carbonZ_2018-10-18-11-06-06_engine_failure_with_emr_traj,engine,24.6800003052,-543.477416992,13.7616662979,123,16.066778183,5.55195474625,-158.588256836,-20.7855892181,-5.97621917725,-2.13493990898,0
1539875459067287048,23.849893472,carbonZ_2018-10-18-11-06-06_engine_failure_with_emr_traj,engine,24.4699993134,-543.477416992,13.1868543625,122,16.066778183,5.55195474625,-158.588256836,-20.6501960754,-5.97002267838,-2.04225993156,0
1539875459131697544,23.914303968,carbonZ_2018-10-18-11-06-06_engine_failure_with_emr_traj,engine,24.4699993134,-543.477416992,13.1868543625,122,16.066778183,5.55195474625,-158.588256836,-20.5620002747,-5.94233798981,-1.94322752953,0
1539875459192186696,23.97479312,carbonZ_2018-10-18-11-06-06_engine_failure_with_emr_traj,engine,24.2699985504,-505.138793945,12.6120548248,120,16.066778183,5.55195474625,-158.588256836,-20.5026340485,-5.92168807983,-1.88017427921,0
1539875459216035112,23.998641536,carbonZ_2018-10-18-11-06-06_engine_failure_with_emr_traj,engine,24.2699985504,-505.138793945,12.6120548248,120,16.066778183,5.55195474625,-158.588256836,-20.4820365906,-5.91785526276,-1.85284328461,0
1539875459269342152,24.051948576,carbonZ_2018-10-18-11-06-06_engine_failure_with_emr_traj,engine,24.0699996948,-505.138793945,12.0541477203,119,16.066778183,5.55195474625,-158.588256836,-20.4032402039,-5.86867570877,-1.67986476421,0
1539875459313283944,24.095890368,carbonZ_2018-10-18-11-06-06_engine_failure_with_emr_traj,engine,24.0699996948,-505.138793945,12.0541477203,119,16.066778183,5.55195474625,-158.588256836,-20.3314533234,-5.82827854156,-1.56963407993,0
1539875459384994536,24.16760096,carbonZ_2018-10-18-11-06-06_engine_failure_with_emr_traj,engine,23.8999996185,-466.778381348,11.5047044754,118,2.62997674942,3.12884259224,-154.408187866,-20.2561340332,-5.77602672577,-1.45583570004,0
1539875459402629544,24.185235968,carbonZ_2018-10-18-11-06-06_engine_failure_with_emr_traj,engine,23.8999996185,-466.778381348,11.5047044754,118,2.62997674942,3.12884259224,-154.408187866,-20.2350063324,-5.75805139542,-1.43196821213,0
1539875459498686824,24.281293248,carbonZ_2018-10-18-11-06-06_engine_failure_with_emr_traj,engine,23.75,-466.778381348,10.9637041092,117,2.62997674942,3.12884259224,-154.408187866,-20.1516418457,-5.68197393417,-1.19740331173,0
1539875459513997896,24.29660432,carbonZ_2018-10-18-11-06-06_engine_failure_with_emr_traj,engine,23.75,-466.778381348,10.9637041092,117,2.62997674942,3.12884259224,-154.408187866,-20.1335315704,-5.67473077774,-1.11947607994,0
1539875459577227176,24.3598336,carbonZ_2018-10-18-11-06-06_engine_failure_with_emr_traj,engine,23.6199989319,-443.861572266,10.4311580658,115,2.62997674942,3.12884259224,-154.408187866,-20.0692844391,-5.60447263718,-0.973112046719,0
1539875459606144488,24.388750912,carbonZ_2018-10-18-11-06-06_engine_failure_with_emr_traj,engine,23.6199989319,-443.861572266,10.4311580658,115,2.62997674942,3.12884259224,-154.408187866,-20.029291153,-5.55579900742,-0.932183027267,0
1539875459682143848,24.464750272,carbonZ_2018-10-18-11-06-06_engine_failure_with_emr_traj,engine,23.5199985504,-443.861572266,9.91552066803,114,2.62997674942,3.12884259224,-154.408187866,-19.9728870392,-5.46662282944,-0.896682739258,0
1539875459712697608,24.495304032,carbonZ_2018-10-18-11-06-06_engine_failure_with_emr_traj,engine,23.5199985504,-443.861572266,9.91552066803,114,-1.96323692799,2.25765323639,-153.674697876,-19.9233875275,-5.37778329849,-0.864455640316,0
1539875459787532008,24.570138432,carbonZ_2018-10-18-11-06-06_engine_failure_with_emr_traj,engine,23.4300003052,-413.209899902,9.41678619385,113,-1.96323692799,2.25765323639,-153.674697876,-19.8865013123,-5.27404403687,-0.78658413887,0
1539875459803007880,24.585614304,carbonZ_2018-10-18-11-06-06_engine_failure_with_emr_traj,engine,23.4300003052,-413.209899902,9.41678619385,113,-1.96323692799,2.25765323639,-153.674697876,-19.8722076416,-5.22748994827,-0.767244935036,0
1539875459874095752,24.656702176,carbonZ_2018-10-18-11-06-06_engine_failure_with_emr_traj,engine,23.3500003815,-413.209899902,8.92651176453,112,-1.96323692799,2.25765323639,-153.674697876,-19.8424854279,-5.09884548187,-0.729926168919,0
1539875459925293192,24.707899616,carbonZ_2018-10-18-11-06-06_engine_failure_with_emr_traj,engine,23.3500003815,-413.209899902,8.92651176453,112,-1.96323692799,2.25765323639,-153.674697876,-19.817697525,-4.97619438171,-0.657803475857,0
1539875460014890760,24.797497184,carbonZ_2018-10-18-11-06-06_engine_failure_with_emr_traj,engine,23.2799987793,-385.486206055,8.45313644409,111,-1.96323692799,2.25765323639,-153.674697876,-19.7826900482,-4.81218099594,-0.477870941162,0
1539875460079069064,24.861675488,carbonZ_2018-10-18-11-06-06_engine_failure_with_emr_traj,engine,23.2199993134,-385.486206055,7.99666690826,109,-1.96323692799,2.25765323639,-153.674697876,-19.7661190033,-4.68549966812,-0.377725481987,0
1539875460136296808,24.918903232,carbonZ_2018-10-18-11-06-06_engine_failure_with_emr_traj,engine,23.2199993134,-385.486206055,7.99666690826,109,-8.43393325806,1.06722080708,-154.494064331,-19.7575721741,-4.55081129074,-0.316008985043,0
1539875460169521416,24.95212784,carbonZ_2018-10-18-11-06-06_engine_failure_with_emr_traj,engine,23.1700000763,-355.5597229,7.56556415558,108,-8.43393325806,1.06722080708,-154.494064331,-19.751411438,-4.45715045929,-0.262376725674,0
1539875460209824360,24.992430784,carbonZ_2018-10-18-11-06-06_engine_failure_with_emr_traj,engine,23.1700000763,-355.5597229,7.56556415558,108,-8.43393325806,1.06722080708,-154.494064331,-19.7450408936,-4.37316036224,-0.200387060642,0
1539875460263319048,25.045925472,carbonZ_2018-10-18-11-06-06_engine_failure_with_emr_traj,engine,23.1299991608,-355.5597229,7.15136003494,107,-8.43393325806,1.06722080708,-154.494064331,-19.7392749786,-4.24200057983,-0.112741105258,0
1539875460301317480,25.083923904,carbonZ_2018-10-18-11-06-06_engine_failure_with_emr_traj,engine,23.1299991608,-355.5597229,7.15136003494,107,-8.43393325806,1.06722080708,-154.494064331,-19.7359313965,-4.15698862076,-0.0819666385651,0
1539875460372045992,25.154652416,carbonZ_2018-10-18-11-06-06_engine_failure_with_emr_traj,engine,23.109998703,-339.493743896,6.76251745224,106,-8.43393325806,1.06722080708,-154.494064331,-19.7390518188,-4.01873016357,-0.0720029845834,0
1539875460390206792,25.172813216,carbonZ_2018-10-18-11-06-06_engine_failure_with_emr_traj,engine,23.109998703,-339.493743896,6.76251745224,106,-8.43393325806,1.06722080708,-154.494064331,-19.7390518188,-4.01873016357,-0.0720029845834,0
1539875460429975784,25.212582208,carbonZ_2018-10-18-11-06-06_engine_failure_with_emr_traj,engine,23.109998703,-339.493743896,6.76251745224,106,-8.43393325806,1.06722080708,-154.494064331,-19.7402019501,-3.88834142685,-0.034354634583,0
1539875460487368936,25.26997536,carbonZ_2018-10-18-11-06-06_engine_failure_with_emr_traj,engine,23.0900001526,-339.493743896,6.3905787468,105,-8.43393325806,1.06722080708,-154.494064331,-19.7439250946,-3.75977754593,0.00370609853417,0
1539875460515113448,25.297719872,carbonZ_2018-10-18-11-06-06_engine_failure_with_emr_traj,engine,23.0900001526,-339.493743896,6.3905787468,105,-8.43393325806,1.06722080708,-154.494064331,-19.7439250946,-3.75977754593,0.00370609853417,0
1539875460591899112,25.374505536,carbonZ_2018-10-18-11-06-06_engine_failure_with_emr_traj,engine,23.0699996948,-323.519134521,6.0355463028,104,-10.1497650146,-0.536128282547,-156.116409302,-19.759979248,-3.49722647667,0.13634313643,0
1539875460642097352,25.424703776,carbonZ_2018-10-18-11-06-06_engine_failure_with_emr_traj,engine,23.0699996948,-323.519134521,6.0355463028,104,-10.1497650146,-0.536128282547,-156.116409302,-19.7673416138,-3.45312142372,0.146698981524,0
1539875460688512424,25.471118848,carbonZ_2018-10-18-11-06-06_engine_failure_with_emr_traj,engine,23.0699996948,-323.519134521,5.69742584229,103,-10.1497650146,-0.536128282547,-156.116409302,-19.7822971344,-3.31947779655,0.22396658361,0
1539875460724006504,25.506612928,carbonZ_2018-10-18-11-06-06_engine_failure_with_emr_traj,engine,23.0699996948,-323.519134521,5.69742584229,103,-10.1497650146,-0.536128282547,-156.116409302,-19.7820072174,-3.27726554871,0.266051083803,0
1539875460764909704,25.547516128,carbonZ_2018-10-18-11-06-06_engine_failure_with_emr_traj,engine,23.0799999237,-311.863342285,5.38465929031,102,-10.1497650146,-0.536128282547,-156.116409302,-19.797077179,-3.09912705421,0.440321266651,0
1539875460809991912,25.592598336,carbonZ_2018-10-18-11-06-06_engine_failure_with_emr_traj,engine,23.0799999237,-311.863342285,5.38465929031,102,-10.1497650146,-0.536128282547,-156.116409302,-19.8014183044,-3.06465578079,0.495383322239,0
1539875460849937960,25.632544384,carbonZ_2018-10-18-11-06-06_engine_failure_with_emr_traj,engine,23.109998703,-311.863342285,5.08034753799,101,-10.1497650146,-0.536128282547,-156.116409302,-19.8040428162,-2.98663806915,0.612147152424,0
1539875460886544872,25.669151296,carbonZ_2018-10-18-11-06-06_engine_failure_with_emr_traj,engine,23.109998703,-311.863342285,5.08034753799,101,-11.2233781815,-2.14730381966,-157.792419434,-19.8102645874,-2.91581106186,0.735168755054,0
1539875460926165288,25.708771712,carbonZ_2018-10-18-11-06-06_engine_failure_with_emr_traj,engine,23.109998703,-311.863342285,5.08034753799,101,-11.2233781815,-2.14730381966,-157.792419434,-19.8213062286,-2.8411667347,0.839633882046,0
1539875460994241736,25.77684816,carbonZ_2018-10-18-11-06-06_engine_failure_with_emr_traj,engine,23.1599998474,-306.959899902,4.80139303207,100,-11.2233781815,-2.14730381966,-157.792419434,-19.8394355774,-2.72392487526,0.985475301743,0
1539875461050259080,25.832865504,carbonZ_2018-10-18-11-06-06_engine_failure_with_emr_traj,engine,23.25,-306.959899902,4.53934907913,99,-11.2233781815,-2.14730381966,-157.792419434,-19.86170578,-2.60613632202,1.10204279423,0
1539875461087064456,25.86967088,carbonZ_2018-10-18-11-06-06_engine_failure_with_emr_traj,engine,23.25,-306.959899902,4.53934907913,99,-11.2233781815,-2.14730381966,-157.792419434,-19.8813476562,-2.52665138245,1.17119109631,0
1539875461157939432,25.940545856,carbonZ_2018-10-18-11-06-06_engine_failure_with_emr_traj,engine,23.3500003815,-295.47958374,4.28575468063,98,-11.2233781815,-2.14730381966,-157.792419434,-19.9036540985,-2.42025899887,1.29097998142,0
1539875461188563208,25.971169632,carbonZ_2018-10-18-11-06-06_engine_failure_with_emr_traj,engine,23.3500003815,-295.47958374,4.28575468063,98,-11.2233781815,-2.14730381966,-157.792419434,-19.9157066345,-2.34787631035,1.36787736416,0
1539875461235918056,26.01852448,carbonZ_2018-10-18-11-06-06_engine_failure_with_emr_traj,engine,23.3500003815,-295.47958374,4.28575468063,98,-11.2233781815,-2.14730381966,-157.792419434,-19.9321708679,-2.28272032738,1.43169820309,0
1539875461281284008,26.063890432,carbonZ_2018-10-18-11-06-06_engine_failure_with_emr_traj,engine,23.4799995422,-295.47958374,4.05751895905,97,-10.3093976974,-3.7027015686,-159.271362305,-19.9622993469,-2.17929601669,1.50262606144,0
1539875461348610088,26.131216512,carbonZ_2018-10-18-11-06-06_engine_failure_with_emr_traj,engine,23.6199989319,-293.515777588,3.83773803711,96,-10.3093976974,-3.7027015686,-159.271362305,-19.9881877899,-2.07968521118,1.57650399208,0
1539875461381843624,26.164450048,carbonZ_2018-10-18-11-06-06_engine_failure_with_emr_traj,engine,23.6199989319,-293.515777588,3.83773803711,96,-10.3093976974,-3.7027015686,-159.271362305,-20.0061206818,-2.01888179779,1.61825692654,0
1539875461435228584,26.217835008,carbonZ_2018-10-18-11-06-06_engine_failure_with_emr_traj,engine,23.7699985504,-293.515777588,3.63486194611,95,-10.3093976974,-3.7027015686,-159.271362305,-20.0305709839,-1.94809901714,1.64839935303,0
1539875461485832808,26.268439232,carbonZ_2018-10-18-11-06-06_engine_failure_with_emr_traj,engine,23.7699985504,-293.515777588,3.63486194611,95,-10.3093976974,-3.7027015686,-159.271362305,-20.0605564117,-1.85470473766,1.73282086849,0
1539875461550783688,26.333390112,carbonZ_2018-10-18-11-06-06_engine_failure_with_emr_traj,engine,23.9300003052,-293.502227783,3.44044137001,94,-10.3093976974,-3.7027015686,-159.271362305,-20.0824317932,-1.76330733299,1.82557785511,0
1539875461601991816,26.38459824,carbonZ_2018-10-18-11-06-06_engine_failure_with_emr_traj,engine,23.9300003052,-293.502227783,3.44044137001,94,-10.3093976974,-3.7027015686,-159.271362305,-20.1081943512,-1.66907429695,1.89865970612,0
1539875461629232328,26.411838752,carbonZ_2018-10-18-11-06-06_engine_failure_with_emr_traj,engine,23.9300003052,-293.502227783,3.44044137001,94,-10.3093976974,-3.7027015686,-159.271362305,-20.1314659119,-1.60678887367,1.93352890015,0
1539875461699557288,26.482163712,carbonZ_2018-10-18-11-06-06_engine_failure_with_emr_traj,engine,24.109998703,-293.502227783,3.26292467117,93,-10.3093976974,-3.7027015686,-159.271362305,-20.1533470154,-1.54084312916,1.95666956902,0
1539875461728380712,26.510987136,carbonZ_2018-10-18-11-06-06_engine_failure_with_emr_traj,engine,24.2999992371,-296.272644043,3.1023144722,93,-9.09195137024,-4.80143070221,-161.961227417,-20.1860675812,-1.45584881306,2.00526595116,0
1539875461790482696,26.57308912,carbonZ_2018-10-18-11-06-06_engine_failure_with_emr_traj,engine,24.2999992371,-296.272644043,3.1023144722,93,-9.09195137024,-4.80143070221,-161.961227417,-20.2079200745,-1.39447700977,2.00343847275,0
1539875461838208328,26.620814752,carbonZ_2018-10-18-11-06-06_engine_failure_with_emr_traj,engine,24.4899997711,-296.272644043,2.95015978813,92,-9.09195137024,-4.80143070221,-161.961227417,-20.2257995605,-1.33690547943,2.01336479187,0
1539875461888440168,26.671046592,carbonZ_2018-10-18-11-06-06_engine_failure_with_emr_traj,engine,24.4899997711,-296.272644043,2.95015978813,92,-9.09195137024,-4.80143070221,-161.961227417,-20.2653522491,-1.26892971992,2.00468564034,0
1539875461930593032,26.713199456,carbonZ_2018-10-18-11-06-06_engine_failure_with_emr_traj,engine,24.4899997711,-296.272644043,2.95015978813,92,-9.09195137024,-4.80143070221,-161.961227417,-20.2857379913,-1.22088563442,1.97362279892,0
1539875461984240840,26.766847264,carbonZ_2018-10-18-11-06-06_engine_failure_with_emr_traj,engine,24.6899986267,-299.120147705,2.81490898132,91,-9.09195137024,-4.80143070221,-161.961227417,-20.3245296478,-1.15809309483,1.92115688324,0
1539875462031179112,26.813785536,carbonZ_2018-10-18-11-06-06_engine_failure_with_emr_traj,engine,24.8699989319,-299.120147705,2.67965936661,90,-9.09195137024,-4.80143070221,-161.961227417,-20.3574066162,-1.10971581936,1.86149835587,0
1539875462098371944,26.880978368,carbonZ_2018-10-18-11-06-06_engine_failure_with_emr_traj,engine,24.8699989319,-299.120147705,2.67965936661,90,-5.5222568512,-4.45113945007,-164.331848145,-20.398607254,-1.02909636497,1.77786719799,0
1539875462139380232,26.921986656,carbonZ_2018-10-18-11-06-06_engine_failure_with_emr_traj,engine,25.0399990082,-305.216217041,2.56131482124,89,-5.5222568512,-4.45113945007,-164.331848145,-20.4546527863,-0.932521760464,1.64607262611,0
1539875462200854568,26.983460992,carbonZ_2018-10-18-11-06-06_engine_failure_with_emr_traj,engine,25.0399990082,-305.216217041,2.56131482124,89,-5.5222568512,-4.45113945007,-164.331848145,-20.4674816132,-0.903500556946,1.61403954029,0
1539875462248372488,27.030978912,carbonZ_2018-10-18-11-06-06_engine_failure_with_emr_traj,engine,25.1999988556,-305.216217041,2.45987677574,89,-5.5222568512,-4.45113945007,-164.331848145,-20.5025081635,-0.836562812328,1.59994411469,0
1539875462272166664,27.054773088,carbonZ_2018-10-18-11-06-06_engine_failure_with_emr_traj,engine,25.1999988556,-305.216217041,2.45987677574,89,-5.5222568512,-4.45113945007,-164.331848145,-20.5258712769,-0.787290334702,1.58523738384,0
1539875462345615016,27.12822144,carbonZ_2018-10-18-11-06-06_engine_failure_with_emr_traj,engine,25.3500003815,-314.051818848,2.35844039917,88,-5.5222568512,-4.45113945007,-164.331848145,-20.5544109344,-0.703510761261,1.56719112396,0
1539875462399371976,27.1819784,carbonZ_2018-10-18-11-06-06_engine_failure_with_emr_traj,engine,25.3500003815,-314.051818848,2.35844039917,88,-5.5222568512,-4.45113945007,-164.331848145,-20.5862197876,-0.641210258007,1.59060847759,0
1539875462449047112,27.231653536,carbonZ_2018-10-18-11-06-06_engine_failure_with_emr_traj,engine,25.5,-314.051818848,2.28236174583,87,-5.5222568512,-4.45113945007,-164.331848145,-20.6058502197,-0.594607055187,1.60939216614,0
1539875462483510344,27.266116768,carbonZ_2018-10-18-11-06-06_engine_failure_with_emr_traj,engine,25.5,-314.051818848,2.28236174583,87,-5.627576828,-3.92044830322,-166.74041748,-20.6285095215,-0.54751765728,1.62767446041,0
1539875462530063368,27.312669792,carbonZ_2018-10-18-11-06-06_engine_failure_with_emr_traj,engine,25.5,-314.051818848,2.28236174583,87,-5.627576828,-3.92044830322,-166.74041748,-20.648223877,-0.501399159431,1.65287101269,0
1539875462616408616,27.39901504,carbonZ_2018-10-18-11-06-06_engine_failure_with_emr_traj,engine,25.6599998474,-273.295227051,2.20628499985,87,-5.627576828,-3.92044830322,-166.74041748,-20.6917953491,-0.404783189297,1.67513132095,0
1539875462655602920,27.438209344,carbonZ_2018-10-18-11-06-06_engine_failure_with_emr_traj,engine,25.6599998474,-273.295227051,2.20628499985,87,-5.627576828,-3.92044830322,-166.74041748,-20.7136154175,-0.385149121284,1.65292596817,0
1539875462670092744,27.452699168,carbonZ_2018-10-18-11-06-06_engine_failure_with_emr_traj,engine,25.8199996948,-273.295227051,2.14711260796,86,-5.627576828,-3.92044830322,-166.74041748,-20.7409877777,-0.335263222456,1.6413872242,0
1539875462740498888,27.523105312,carbonZ_2018-10-18-11-06-06_engine_failure_with_emr_traj,engine,25.9799995422,-281.059082031,2.10484647751,86,-5.627576828,-3.92044830322,-166.74041748,-20.790397644,-0.229493796825,1.60723376274,0
1539875462790219848,27.572826272,carbonZ_2018-10-18-11-06-06_engine_failure_with_emr_traj,engine,25.9799995422,-281.059082031,2.10484647751,86,-5.627576828,-3.92044830322,-166.74041748,-20.8169784546,-0.171586737037,1.57747375965,0
1539875462801798600,27.584405024,carbonZ_2018-10-18-11-06-06_engine_failure_with_emr_traj,engine,25.9799995422,-281.059082031,2.10484647751,86,-5.627576828,-3.92044830322,-166.74041748,-20.8169784546,-0.171586737037,1.57747375965,0
1539875462863346184,27.645952608,carbonZ_2018-10-18-11-06-06_engine_failure_with_emr_traj,engine,26.1399993896,-281.059082031,2.07103443146,85,-5.627576828,-3.92044830322,-166.74041748,-20.8646278381,-0.0620117112994,1.48885905743,0
1539875462916006440,27.698612864,carbonZ_2018-10-18-11-06-06_engine_failure_with_emr_traj,engine,26.1399993896,-281.059082031,2.07103443146,85,-5.627576828,-3.92044830322,-166.74041748,-20.9090995789,0.0232490655035,1.42729592323,0
1539875462962837224,27.745443648,carbonZ_2018-10-18-11-06-06_engine_failure_with_emr_traj,engine,26.2799987793,-294.388000488,2.05412817001,85,-6.32534885406,-2.86313676834,-168.234573364,-20.9272727966,0.044363271445,1.38531458378,0
1539875462985052936,27.76765936,carbonZ_2018-10-18-11-06-06_engine_failure_with_emr_traj,engine,26.2799987793,-294.388000488,2.05412817001,85,-6.32534885406,-2.86313676834,-168.234573364,-20.9272727966,0.044363271445,1.38531458378,0
1539875463039823656,27.82243008,carbonZ_2018-10-18-11-06-06_engine_failure_with_emr_traj,engine,26.2799987793,-294.388000488,2.05412817001,85,-6.32534885406,-2.86313676834,-168.234573364,-20.9676418304,0.163656011224,1.32411158085,0
1539875463063197768,27.845804192,carbonZ_2018-10-18-11-06-06_engine_failure_with_emr_traj,engine,26.4099998474,-294.388000488,2.02550315857,84,-6.32534885406,-2.86313676834,-168.234573364,-20.9858570099,0.22555975616,1.30760931969,0
1539875463135178280,27.917784704,carbonZ_2018-10-18-11-06-06_engine_failure_with_emr_traj,engine,26.4099998474,-294.388000488,2.02550315857,84,-6.32534885406,-2.86313676834,-168.234573364,-21.0224971771,0.306325137615,1.26517593861,0
1539875463165318312,27.947924736,carbonZ_2018-10-18-11-06-06_engine_failure_with_emr_traj,engine,26.5399990082,-306.450653076,2.0440132618,84,-6.32534885406,-2.86313676834,-168.234573364,-21.0403003693,0.366532415152,1.20904326439,0
1539875463193717000,27.976323424,carbonZ_2018-10-18-11-06-06_engine_failure_with_emr_traj,engine,26.5399990082,-306.450653076,2.0440132618,84,-6.32534885406,-2.86313676834,-168.234573364,-21.0600013733,0.380588233471,1.18450057507,0
1539875463223137704,28.005744128,carbonZ_2018-10-18-11-06-06_engine_failure_with_emr_traj,engine,26.5399990082,-306.450653076,2.0440132618,84,-5.73910331726,-1.8289154768,-169.372741699,-21.0957050323,0.447775363922,1.12981414795,0
1539875463304360744,28.086967168,carbonZ_2018-10-18-11-06-06_engine_failure_with_emr_traj,engine,26.6599998474,-306.450653076,1.9793112278,83,-5.73910331726,-1.8289154768,-169.372741699,-21.1083946228,0.4888664186,1.14648830891,0
1539875463356174984,28.138781408,carbonZ_2018-10-18-11-06-06_engine_failure_with_emr_traj,engine,26.7699985504,-309.788879395,2.0312974453,83,-5.73910331726,-1.8289154768,-169.372741699,-21.1249790192,0.532253682613,1.17757582664,0
1539875463383553704,28.166160128,carbonZ_2018-10-18-11-06-06_engine_failure_with_emr_traj,engine,26.7699985504,-309.788879395,2.0312974453,83,-5.73910331726,-1.8289154768,-169.372741699,-21.1324214935,0.577278912067,1.20632445812,0
1539875463449308232,28.231914656,carbonZ_2018-10-18-11-06-06_engine_failure_with_emr_traj,engine,26.8899993896,-309.788879395,1.68014478683,82,-5.73910331726,-1.8289154768,-169.372741699,-21.1511497498,0.620081484318,1.2233710289,0
1539875463493220584,28.275827008,carbonZ_2018-10-18-11-06-06_engine_failure_with_emr_traj,engine,26.8899993896,-309.788879395,1.68014478683,82,-5.73910331726,-1.8289154768,-169.372741699,-21.1579990387,0.639074921608,1.20529401302,0
1539875463555674664,28.338281088,carbonZ_2018-10-18-11-06-06_engine_failure_with_emr_traj,engine,27.0100002289,-323.937225342,1.78463673592,82,-5.73910331726,-1.8289154768,-169.372741699,-21.1666030884,0.679706573486,1.21010506153,0
1539875463585905672,28.368512096,carbonZ_2018-10-18-11-06-06_engine_failure_with_emr_traj,engine,27.0100002289,-323.937225342,1.78463673592,82,-5.73910331726,-1.8289154768,-169.372741699,-21.1877231598,0.694616913795,1.21570253372,0
1539875463625717768,28.408324192,carbonZ_2018-10-18-11-06-06_engine_failure_with_emr_traj,engine,27.0100002289,-323.937225342,1.78463673592,82,-5.73910331726,-1.8289154768,-169.372741699,-21.1903133392,0.729251801968,1.22428846359,0
1539875463711859624,28.494466048,carbonZ_2018-10-18-11-06-06_engine_failure_with_emr_traj,engine,27.1399993896,-323.937225342,1.88936972618,82,-0.440161138773,-0.40841293335,-171.464553833,-21.210144043,0.762310683727,1.19095230103,0
1539875463747968808,28.530575232,carbonZ_2018-10-18-11-06-06_engine_failure_with_emr_traj,engine,27.2699985504,-332.308197021,0.742633759975,82,-0.440161138773,-0.40841293335,-171.464553833,-21.2105979919,0.789805591106,1.22114300728,0
1539875463779359048,28.561965472,carbonZ_2018-10-18-11-06-06_engine_failure_with_emr_traj,engine,27.2699985504,-332.308197021,0.742633759975,82,-0.440161138773,-0.40841293335,-171.464553833,-21.212518692,0.794161498547,1.20073795319,0
1539875463832477800,28.615084224,carbonZ_2018-10-18-11-06-06_engine_failure_with_emr_traj,engine,27.2699985504,-332.308197021,0.742633759975,82,-0.440161138773,-0.40841293335,-171.464553833,-21.2295761108,0.804156005383,1.18405580521,0
1539875463872645224,28.655251648,carbonZ_2018-10-18-11-06-06_engine_failure_with_emr_traj,engine,27.3999996185,-333.308227539,0.969437420368,82,-0.440161138773,-0.40841293335,-171.464553833,-21.2397079468,0.826438963413,1.10372078419,0
1539875463911321192,28.693927616,carbonZ_2018-10-18-11-06-06_engine_failure_with_emr_traj,engine,27.3999996185,-333.308227539,0.969437420368,82,-0.440161138773,-0.40841293335,-171.464553833,-21.2431087494,0.827119410038,1.06062674522,0
1539875463940113064,28.722719488,carbonZ_2018-10-18-11-06-06_engine_failure_with_emr_traj,engine,27.5199985504,-283.358398438,0.184068709612,82,-0.440161138773,-0.40841293335,-171.464553833,-21.2425689697,0.843922078609,1.05046772957,0
1539875464023282376,28.8058888,carbonZ_2018-10-18-11-06-06_engine_failure_with_emr_traj,engine,27.5199985504,-283.358398438,0.184068709612,82,0.702830195427,0.886914670467,-171.751495361,-21.2422008514,0.844224274158,1.03130733967,0
1539875464054553352,28.837159776,carbonZ_2018-10-18-11-06-06_engine_failure_with_emr_traj,engine,27.6399993896,-282.35836792,0.509390354156,81,0.702830195427,0.886914670467,-171.751495361,-21.2486839294,0.828644037247,1.01645362377,0
1539875464107736680,28.890343104,carbonZ_2018-10-18-11-06-06_engine_failure_with_emr_traj,engine,27.6399993896,-282.35836792,0.509390354156,81,0.702830195427,0.886914670467,-171.751495361,-21.250202179,0.810173511505,0.925582230091,0
1539875464137226536,28.91983296,carbonZ_2018-10-18-11-06-06_engine_failure_with_emr_traj,engine,27.75,-290.456207275,0.826319158077,81,0.702830195427,0.886914670467,-171.751495361,-21.2448310852,0.807111978531,0.870768129826,0
1539875464190708424,28.973314848,carbonZ_2018-10-18-11-06-06_engine_failure_with_emr_traj,engine,27.75,-290.456207275,0.826319158077,81,0.702830195427,0.886914670467,-171.751495361,-21.2428627014,0.793323993683,0.744808375835,0
1539875464206638184,28.989244608,carbonZ_2018-10-18-11-06-06_engine_failure_with_emr_traj,engine,27.75,-290.456207275,0.826319158077,81,0.702830195427,0.886914670467,-171.751495361,-21.2428627014,0.793323993683,0.744808375835,0
1539875464310392168,29.092998592,carbonZ_2018-10-18-11-06-06_engine_failure_with_emr_traj,engine,27.8299999237,-290.456207275,-1.44550478458,82,0.702830195427,0.886914670467,-171.751495361,-21.2257843018,0.774322211742,0.515820324421,0
1539875464371413896,29.15402032,carbonZ_2018-10-18-11-06-06_engine_failure_with_emr_traj,engine,27.8999996185,-289.448730469,-0.896646976471,82,5.43379116058,2.38651800156,-172.585983276,-21.2140636444,0.729318380356,0.427548080683,0
1539875464410411368,29.193017792,carbonZ_2018-10-18-11-06-06_engine_failure_with_emr_traj,engine,27.8999996185,-289.448730469,-0.896646976471,82,5.43379116058,2.38651800156,-172.585983276,-21.2151165009,0.701559603214,0.425125360489,0
1539875464461990824,29.244597248,carbonZ_2018-10-18-11-06-06_engine_failure_with_emr_traj,engine,27.9599990845,-289.448730469,-1.92458713055,82,5.43379116058,2.38651800156,-172.585983276,-21.1959781647,0.657762050629,0.399132430553,0
1539875464518418856,29.30102528,carbonZ_2018-10-18-11-06-06_engine_failure_with_emr_traj,engine,27.9599990845,-289.448730469,-1.92458713055,82,5.43379116058,2.38651800156,-172.585983276,-21.1758556366,0.578127920628,0.269978672266,0
1539875464565750824,29.348357248,carbonZ_2018-10-18-11-06-06_engine_failure_with_emr_traj,engine,28.0100002289,-291.060241699,-1.24509596825,82,5.43379116058,2.38651800156,-172.585983276,-21.1667289734,0.552145838737,0.154290691018,0
1539875464642611240,29.425217664,carbonZ_2018-10-18-11-06-06_engine_failure_with_emr_traj,engine,28.0399990082,-291.060241699,-2.98149204254,82,5.43379116058,2.38651800156,-172.585983276,-21.1463394165,0.497810959816,0.00497087044641,0
1539875464706837032,29.489443456,carbonZ_2018-10-18-11-06-06_engine_failure_with_emr_traj,engine,28.0399990082,-291.060241699,-2.98149204254,82,5.43379116058,2.38651800156,-172.585983276,-21.134967804,0.446488171816,-0.0281370598823,0
1539875464725212744,29.507819168,carbonZ_2018-10-18-11-06-06_engine_failure_with_emr_traj,engine,28.0399990082,-291.060241699,-2.98149204254,82,5.43379116058,2.38651800156,-172.585983276,-21.134967804,0.446488171816,-0.0281370598823,0
1539875464785310952,29.567917376,carbonZ_2018-10-18-11-06-06_engine_failure_with_emr_traj,engine,28.0499992371,-292.742340088,-2.11466479301,83,5.43379116058,2.38651800156,-172.585983276,-21.1139965057,0.338854312897,-0.131980732083,0
1539875464808321896,29.59092832,carbonZ_2018-10-18-11-06-06_engine_failure_with_emr_traj,engine,28.0499992371,-292.742340088,-2.11466479301,83,11.6674947739,3.7085006237,-171.048156738,-21.0972557068,0.309224784374,-0.1550142169,0
1539875464870336776,29.6529432,carbonZ_2018-10-18-11-06-06_engine_failure_with_emr_traj,engine,28.0499992371,-292.742340088,-1.26778447628,83,11.6674947739,3.7085006237,-171.048156738,-21.0891151428,0.190374732018,-0.204416662455,0
1539875464912041512,29.694647936,carbonZ_2018-10-18-11-06-06_engine_failure_with_emr_traj,engine,28.0499992371,-292.742340088,-1.26778447628,83,11.6674947739,3.7085006237,-171.048156738,-21.0805950165,0.124720044434,-0.220445230603,0
1539875464974299112,29.756905536,carbonZ_2018-10-18-11-06-06_engine_failure_with_emr_traj,engine,28.0399990082,-296.462646484,-3.57396030426,84,11.6674947739,3.7085006237,-171.048156738,-21.054605484,-0.0562192648649,-0.273775666952,0
1539875465002279240,29.784885664,carbonZ_2018-10-18-11-06-06_engine_failure_with_emr_traj,engine,28.0399990082,-296.462646484,-3.57396030426,84,11.6674947739,3.7085006237,-171.048156738,-21.0425376892,-0.14967367053,-0.275335282087,0
1539875465056430120,29.839036544,carbonZ_2018-10-18-11-06-06_engine_failure_with_emr_traj,engine,28.0299987793,-296.462646484,-2.50900411606,84,11.6674947739,3.7085006237,-171.048156738,-21.0079879761,-0.323242455721,-0.279930472374,0
1539875465116648264,29.899254688,carbonZ_2018-10-18-11-06-06_engine_failure_with_emr_traj,engine,28.0299987793,-296.462646484,-2.50900411606,84,11.6674947739,3.7085006237,-171.048156738,-20.9990329742,-0.43152359128,-0.232939839363,0
1539875465165952168,29.948558592,carbonZ_2018-10-18-11-06-06_engine_failure_with_emr_traj,engine,28.0199985504,-296.381774902,-3.10707712173,85,11.6674947739,3.7085006237,-171.048156738,-20.9505176544,-0.716706454754,-0.20118817687,0
1539875465215415752,29.998022176,carbonZ_2018-10-18-11-06-06_engine_failure_with_emr_traj,engine,28.0199985504,-296.381774902,-3.10707712173,85,11.6674947739,3.7085006237,-171.048156738,-20.9432945251,-0.803107917309,-0.190351068974,0
1539875465295244904,30.077851328,carbonZ_2018-10-18-11-06-06_engine_failure_with_emr_traj,engine,28.0100002289,-297.381774902,-1.96760499477,86,11.6674947739,3.7085006237,-171.048156738,-20.8709506989,-1.1826145649,-0.265659600496,0
1539875465319996456,30.10260288,carbonZ_2018-10-18-11-06-06_engine_failure_with_emr_traj,engine,28.0100002289,-297.381774902,-1.96760499477,86,11.6674947739,3.7085006237,-171.048156738,-20.8535861969,-1.29054045677,-0.275702804327,0
1539875465363430984,30.146037408,carbonZ_2018-10-18-11-06-06_engine_failure_with_emr_traj,engine,28.0100002289,-295.026580811,-4.30340480804,87,28.9773273468,2.60130190849,-165.928131104,-20.7730770111,-1.64405190945,-0.303050875664,0
1539875465411591848,30.194198272,carbonZ_2018-10-18-11-06-06_engine_failure_with_emr_traj,engine,28.0100002289,-295.026580811,-4.30340480804,87,28.9773273468,2.60130190849,-165.928131104,-20.7240219116,-1.85214293003,-0.278977364302,0
1539875465463618760,30.246225184,carbonZ_2018-10-18-11-06-06_engine_failure_with_emr_traj,engine,28.0,-294.026550293,-3.01002144814,87,28.9773273468,2.60130190849,-165.928131104,-20.6334609985,-2.2750210762,-0.117027312517,0
1539875465535399400,30.318005824,carbonZ_2018-10-18-11-06-06_engine_failure_with_emr_traj,engine,28.0100002289,-283.918945312,-1.76703894138,88,28.9773273468,2.60130190849,-165.928131104,-20.5873584747,-2.46268081665,-0.0184832923114,0
1539875465568608168,30.351214592,carbonZ_2018-10-18-11-06-06_engine_failure_with_emr_traj,engine,28.0100002289,-283.918945312,-1.76703894138,88,28.9773273468,2.60130190849,-165.928131104,-20.5286693573,-2.72059869766,0.00612000282854,0
1539875465579326952,30.361933376,carbonZ_2018-10-18-11-06-06_engine_failure_with_emr_traj,engine,28.0100002289,-283.918945312,-1.76703894138,88,28.9773273468,2.60130190849,-165.928131104,-20.4949073792,-2.86248755455,0.00750660942867,0
1539875465621915560,30.404521984,carbonZ_2018-10-18-11-06-06_engine_failure_with_emr_traj,engine,28.0100002289,-283.918945312,-1.76703894138,88,28.9773273468,2.60130190849,-165.928131104,-20.4061927795,-3.16942191124,-0.0782423019409,0
1539875465697958888,30.480565312,carbonZ_2018-10-18-11-06-06_engine_failure_with_emr_traj,engine,28.0399990082,-283.918945312,-4.18811941147,89,28.9773273468,2.60130190849,-165.928131104,-20.2608394623,-3.62121295929,-0.230358690023,0
1539875465728914856,30.51152128,carbonZ_2018-10-18-11-06-06_engine_failure_with_emr_traj,engine,28.0399990082,-283.918945312,-4.18811941147,89,28.9773273468,2.60130190849,-165.928131104,-20.1569538116,-3.95020031929,-0.316944420338,0
1539875465795778568,30.578384992,carbonZ_2018-10-18-11-06-06_engine_failure_with_emr_traj,engine,28.0499992371,-283.628845215,-2.83277058601,91,28.9773273468,2.60130190849,-165.928131104,-20.0275554657,-4.38955545425,-0.372247368097,0
1539875465820190856,30.60279728,carbonZ_2018-10-18-11-06-06_engine_failure_with_emr_traj,engine,28.0499992371,-283.628845215,-2.83277058601,91,38.2575035095,4.82400655746,-160.919845581,-19.9714508057,-4.5560874939,-0.433981984854,0
1539875465885277256,30.66788368,carbonZ_2018-10-18-11-06-06_engine_failure_with_emr_traj,engine,28.0399990082,-283.628845215,-2.45776939392,92,38.2575035095,4.82400655746,-160.919845581,-19.7140293121,-5.29212236404,-0.726310431957,0
1539875465953738376,30.7363448,carbonZ_2018-10-18-11-06-06_engine_failure_with_emr_traj,engine,28.0,-277.181427002,-1.17873597145,93,38.2575035095,4.82400655746,-160.919845581,-19.5821495056,-5.66222381592,-0.8032335639,0
1539875465967501480,30.750107904,carbonZ_2018-10-18-11-06-06_engine_failure_with_emr_traj,engine,28.0,-277.181427002,-1.17873597145,93,38.2575035095,4.82400655746,-160.919845581,-19.5821495056,-5.66222381592,-0.8032335639,0
1539875466010755624,30.793362048,carbonZ_2018-10-18-11-06-06_engine_failure_with_emr_traj,engine,28.0,-277.181427002,-1.17873597145,93,38.2575035095,4.82400655746,-160.919845581,-19.4671459198,-5.96313714981,-0.931996583939,0
1539875466050330184,30.832936608,carbonZ_2018-10-18-11-06-06_engine_failure_with_emr_traj,engine,27.9399986267,-277.181427002,0.0285338032991,95,38.2575035095,4.82400655746,-160.919845581,-19.338312149,-6.30964183807,-1.11415171623,0
1539875466085946920,30.868553344,carbonZ_2018-10-18-11-06-06_engine_failure_with_emr_traj,engine,27.9399986267,-277.181427002,0.0285338032991,95,38.2575035095,4.82400655746,-160.919845581,-19.1803798676,-6.6776676178,-1.29954242706,0
1539875466137734920,30.920341344,carbonZ_2018-10-18-11-06-06_engine_failure_with_emr_traj,engine,27.9399986267,-277.181427002,0.0285338032991,95,35.5647773743,5.38424301147,-155.602172852,-19.033536911,-7.00650691986,-1.44338023663,0
1539875466211116328,30.993722752,carbonZ_2018-10-18-11-06-06_engine_failure_with_emr_traj,engine,27.8299999237,-277.596466064,-2.37068033218,96,35.5647773743,5.38424301147,-155.602172852,-18.743429184,-7.64448451996,-1.59111642838,0
1539875466229546760,31.012153184,carbonZ_2018-10-18-11-06-06_engine_failure_with_emr_traj,engine,27.8299999237,-277.596466064,-2.37068033218,96,35.5647773743,5.38424301147,-155.602172852,-18.6741409302,-7.80314683914,-1.60641813278,0
1539875466284551400,31.067157824,carbonZ_2018-10-18-11-06-06_engine_failure_with_emr_traj,engine,27.6899986267,-277.596466064,-1.07263839245,98,35.5647773743,5.38424301147,-155.602172852,-18.4847583771,-8.23226356506,-1.59274089336,0
1539875466328684328,31.111290752,carbonZ_2018-10-18-11-06-06_engine_failure_with_emr_traj,engine,27.6899986267,-277.596466064,-1.07263839245,98,35.5647773743,5.38424301147,-155.602172852,-18.3735961914,-8.47582435608,-1.5401507616,0
1539875466391142152,31.173748576,carbonZ_2018-10-18-11-06-06_engine_failure_with_emr_traj,engine,27.5399990082,-318.072509766,-0.753830373287,99,35.5647773743,5.38424301147,-155.602172852,-18.2178573608,-8.84379673004,-1.4416821003,0
1539875466419633128,31.202239552,carbonZ_2018-10-18-11-06-06_engine_failure_with_emr_traj,engine,27.5399990082,-318.072509766,-0.753830373287,99,35.5647773743,5.38424301147,-155.602172852,-18.10364151,-9.10797977448,-1.3929194212,0
1539875466500539624,31.283146048,carbonZ_2018-10-18-11-06-06_engine_failure_with_emr_traj,engine,27.3899993896,-319.072540283,0.472372859716,101,41.4482421875,5.3583073616,-150.689651489,-17.9001617432,-9.53357124329,-1.39230239391,0
1539875466576921896,31.35952832,carbonZ_2018-10-18-11-06-06_engine_failure_with_emr_traj,engine,27.2600002289,-320.533172607,-0.0946696102619,103,41.4482421875,5.3583073616,-150.689651489,-17.6054191589,-10.0987472534,-1.48597753048,0
1539875466593380296,31.37598672,carbonZ_2018-10-18-11-06-06_engine_failure_with_emr_traj,engine,27.2600002289,-320.533172607,-0.0946696102619,103,41.4482421875,5.3583073616,-150.689651489,-17.5131778717,-10.2577562332,-1.55219697952,0
1539875466625740680,31.408347104,carbonZ_2018-10-18-11-06-06_engine_failure_with_emr_traj,engine,27.2600002289,-320.533172607,-0.0946696102619,103,41.4482421875,5.3583073616,-150.689651489,-17.3339214325,-10.5728187561,-1.69015955925,0
1539875466720533384,31.503139808,carbonZ_2018-10-18-11-06-06_engine_failure_with_emr_traj,engine,27.1199989319,-319.53314209,1.14796411991,105,41.4482421875,5.3583073616,-150.689651489,-16.9980010986,-11.1197299957,-1.9390989542,0
1539875466736006216,31.51861264,carbonZ_2018-10-18-11-06-06_engine_failure_with_emr_traj,engine,26.9499988556,-331.432739258,2.33129739761,107,41.4482421875,5.3583073616,-150.689651489,-16.8301277161,-11.3602457047,-2.08452582359,0
1539875466780311304,31.562917728,carbonZ_2018-10-18-11-06-06_engine_failure_with_emr_traj,engine,26.9499988556,-331.432739258,2.33129739761,107,39.8234329224,5.64419984818,-146.858596802,-16.6671829224,-11.6018896103,-2.19014549255,0
1539875466830725544,31.613331968,carbonZ_2018-10-18-11-06-06_engine_failure_with_emr_traj,engine,26.9499988556,-331.432739258,2.33129739761,107,39.8234329224,5.64419984818,-146.858596802,-16.5028438568,-11.8548879623,-2.32543730736,0
1539875466892354600,31.674961024,carbonZ_2018-10-18-11-06-06_engine_failure_with_emr_traj,engine,26.7399997711,-331.432739258,0.933541119099,109,39.8234329224,5.64419984818,-146.858596802,-16.2145614624,-12.2671070099,-2.56420612335,0
1539875466940537192,31.723143616,carbonZ_2018-10-18-11-06-06_engine_failure_with_emr_traj,engine,26.7399997711,-331.432739258,0.933541119099,109,39.8234329224,5.64419984818,-146.858596802,-16.0310630798,-12.5141153336,-2.68626093864,0
1539875466970297192,31.752903616,carbonZ_2018-10-18-11-06-06_engine_failure_with_emr_traj,engine,26.5,-343.842498779,2.16013503075,110,39.8234329224,5.64419984818,-146.858596802,-15.9076004028,-12.7173929214,-2.6863090992,0
1539875467021536520,31.804142944,carbonZ_2018-10-18-11-06-06_engine_failure_with_emr_traj,engine,26.5,-343.842498779,2.16013503075,110,39.8234329224,5.64419984818,-146.858596802,-15.7301645279,-12.9731502533,-2.58745193481,0
1539875467079609288,31.862215712,carbonZ_2018-10-18-11-06-06_engine_failure_with_emr_traj,engine,26.2299995422,-343.842498779,0.0692955628037,112,39.8234329224,5.64419984818,-146.858596802,-15.5827150345,-13.2569875717,-2.34032249451,0
1539875467150660040,31.933266464,carbonZ_2018-10-18-11-06-06_engine_failure_with_emr_traj,engine,25.9899997711,-406.817810059,1.43217337132,114,39.8234329224,5.64419984818,-146.858596802,-15.4703302383,-13.4258565903,-2.25702261925,0
1539875467192832232,31.975438656,carbonZ_2018-10-18-11-06-06_engine_failure_with_emr_traj,engine,25.9899997711,-406.817810059,1.43217337132,114,38.415435791,-1.63283777237,-136.650726318,-15.3782291412,-13.5591888428,-2.15705919266,0
1539875467261770792,32.044377216,carbonZ_2018-10-18-11-06-06_engine_failure_with_emr_traj,engine,25.7600002289,-406.817810059,1.3348171711,116,38.415435791,-1.63283777237,-136.650726318,-15.2005987167,-13.829287529,-1.92859590054,0
1539875467307852264,32.090458688,carbonZ_2018-10-18-11-06-06_engine_failure_with_emr_traj,engine,25.7600002289,-406.817810059,1.3348171711,116,38.415435791,-1.63283777237,-136.650726318,-15.116774559,-13.9675321579,-1.79752576351,0
1539875467336517480,32.119123904,carbonZ_2018-10-18-11-06-06_engine_failure_with_emr_traj,engine,25.7600002289,-406.817810059,1.3348171711,116,38.415435791,-1.63283777237,-136.650726318,-15.0862808228,-14.0120801926,-1.72551250458,0
1539875467376076680,32.158683104,carbonZ_2018-10-18-11-06-06_engine_failure_with_emr_traj,engine,25.5799999237,-417.622558594,2.72291970253,118,38.415435791,-1.63283777237,-136.650726318,-15.003030777,-14.1526927948,-1.61429655552,0
1539875467395975560,32.178581984,carbonZ_2018-10-18-11-06-06_engine_failure_with_emr_traj,engine,25.5799999237,-417.622558594,2.72291970253,118,38.415435791,-1.63283777237,-136.650726318,-15.003030777,-14.1526927948,-1.61429655552,0
1539875467490200168,32.272806592,carbonZ_2018-10-18-11-06-06_engine_failure_with_emr_traj,engine,25.4300003052,-417.622558594,4.09738206863,120,34.0614395142,-4.56479263306,-130.12612915,-14.6807804108,-14.578783989,-1.35216510296,0
1539875467531400936,32.31400736,carbonZ_2018-10-18-11-06-06_engine_failure_with_emr_traj,engine,25.4300003052,-417.622558594,4.09738206863,120,34.0614395142,-4.56479263306,-130.12612915,-14.6745548248,-14.6310663223,-1.05090785027,0
1539875467544548936,32.32715536,carbonZ_2018-10-18-11-06-06_engine_failure_with_emr_traj,engine,25.2999992371,-379.185119629,3.88287568092,122,34.0614395142,-4.56479263306,-130.12612915,-14.6745548248,-14.6310663223,-1.05090785027,0
1539875467589794632,32.372401056,carbonZ_2018-10-18-11-06-06_engine_failure_with_emr_traj,engine,25.2999992371,-379.185119629,3.88287568092,122,34.0614395142,-4.56479263306,-130.12612915,-14.7011222839,-14.6779155731,-0.271764099598,0
1539875467622546600,32.405153024,carbonZ_2018-10-18-11-06-06_engine_failure_with_emr_traj,engine,25.2999992371,-379.185119629,3.88287568092,122,34.0614395142,-4.56479263306,-130.12612915,-14.6901702881,-14.7138614655,-0.1098722592,0
1539875467724898728,32.507505152,carbonZ_2018-10-18-11-06-06_engine_failure_with_emr_traj,engine,25.25,-379.185119629,5.30870389938,124,34.0614395142,-4.56479263306,-130.12612915,-14.5999584198,-14.8126688004,0.430952489376,0
1539875467807059880,32.589666304,carbonZ_2018-10-18-11-06-06_engine_failure_with_emr_traj,engine,25.2899990082,-398.838439941,6.35961580276,127,34.0614395142,-4.56479263306,-130.12612915,-14.3699464798,-15.0476121902,0.76063734293,0
1539875467859272392,32.641878816,carbonZ_2018-10-18-11-06-06_engine_failure_with_emr_traj,engine,25.3699989319,-398.838439941,7.79373168945,129,34.0614395142,-4.56479263306,-130.12612915,-14.228676796,-15.1804227829,0.838165462017,0
1539875467894635176,32.6772416,carbonZ_2018-10-18-11-06-06_engine_failure_with_emr_traj,engine,25.3699989319,-398.838439941,7.79373168945,129,35.3446731567,-6.85678434372,-122.23625946,-14.0689783096,-15.3268060684,0.939508974552,0
1539875467938769192,32.721375616,carbonZ_2018-10-18-11-06-06_engine_failure_with_emr_traj,engine,25.4699993134,-395.915405273,9.19367980957,131,35.3446731567,-6.85678434372,-122.23625946,-13.9110183716,-15.4518032074,1.11163640022,0
1539875467983908360,32.766514784,carbonZ_2018-10-18-11-06-06_engine_failure_with_emr_traj,engine,25.4699993134,-395.915405273,9.19367980957,131,35.3446731567,-6.85678434372,-122.23625946,-13.6580114365,-15.6483869553,1.29630041122,0
1539875468045545320,32.828151744,carbonZ_2018-10-18-11-06-06_engine_failure_with_emr_traj,engine,25.609998703,-395.915405273,9.7703962326,133,35.3446731567,-6.85678434372,-122.23625946,-13.4059810638,-15.8443861008,1.46343672276,0
1539875468109091912,32.891698336,carbonZ_2018-10-18-11-06-06_engine_failure_with_emr_traj,engine,25.609998703,-395.915405273,9.7703962326,133,35.3446731567,-6.85678434372,-122.23625946,-13.1118812561,-16.0677814484,1.57241344452,0
1539875468130125320,32.912731744,carbonZ_2018-10-18-11-06-06_engine_failure_with_emr_traj,engine,25.609998703,-395.915405273,9.7703962326,133,35.3446731567,-6.85678434372,-122.23625946,-12.979847908,-16.1548309326,1.57228398323,0
1539875468163608744,32.946215168,carbonZ_2018-10-18-11-06-06_engine_failure_with_emr_traj,engine,25.7600002289,-403.111083984,11.101934433,135,35.3446731567,-6.85678434372,-122.23625946,-12.6045341492,-16.4360694885,1.58999478817,0
1539875468223975400,33.006581824,carbonZ_2018-10-18-11-06-06_engine_failure_with_emr_traj,engine,25.7600002289,-403.111083984,11.101934433,135,43.431678772,-5.54735136032,-115.630157471,-12.3165454865,-16.6270217896,1.55435431004,0
1539875468327236968,33.109843392,carbonZ_2018-10-18-11-06-06_engine_failure_with_emr_traj,engine,26.0599994659,-388.304901123,13.5256080627,139,43.431678772,-5.54735136032,-115.630157471,-11.6326599121,-17.0766830444,1.60625505447,0
1539875468414709384,33.197315808,carbonZ_2018-10-18-11-06-06_engine_failure_with_emr_traj,engine,26.0599994659,-388.304901123,13.5256080627,139,43.431678772,-5.54735136032,-115.630157471,-11.0536422729,-17.4430084229,1.61815142632,0
1539875468451900328,33.234506752,carbonZ_2018-10-18-11-06-06_engine_failure_with_emr_traj,engine,26.2099990845,-388.304901123,14.6596670151,141,43.431678772,-5.54735136032,-115.630157471,-10.7165269852,-17.6354980469,1.58360612392,0
1539875468512309736,33.29491616,carbonZ_2018-10-18-11-06-06_engine_failure_with_emr_traj,engine,26.2099990845,-388.304901123,14.6596670151,141,43.431678772,-5.54735136032,-115.630157471,-10.2385129929,-17.8917598724,1.51407623291,0
1539875468541767112,33.324373536,carbonZ_2018-10-18-11-06-06_engine_failure_with_emr_traj,engine,26.359998703,-386.483001709,15.6736936569,143,43.431678772,-5.54735136032,-115.630157471,-9.89318656921,-18.0656890869,1.44918453693,0
1539875468585382696,33.36798912,carbonZ_2018-10-18-11-06-06_engine_failure_with_emr_traj,engine,26.359998703,-386.483001709,15.6736936569,143,43.431678772,-5.54735136032,-115.630157471,-9.54078197479,-18.2403068542,1.38004827499,0
1539875468649983208,33.432589632,carbonZ_2018-10-18-11-06-06_engine_failure_with_emr_traj,engine,26.5,-385.482971191,16.6310348511,145,45.3284873962,-2.64919400215,-106.592468262,-9.00001907349,-18.4847240448,1.27284765244,0
1539875468691448392,33.474054816,carbonZ_2018-10-18-11-06-06_engine_failure_with_emr_traj,engine,26.5,-385.482971191,16.6310348511,145,45.3284873962,-2.64919400215,-106.592468262,-8.63658046722,-18.6349086761,1.20427942276,0
1539875468726947368,33.509553792,carbonZ_2018-10-18-11-06-06_engine_failure_with_emr_traj,engine,26.5,-385.482971191,16.6310348511,145,45.3284873962,-2.64919400215,-106.592468262,-8.28463840485,-18.7673625946,1.15327751637,0
1539875468813821352,33.596427776,carbonZ_2018-10-18-11-06-06_engine_failure_with_emr_traj,engine,26.6199989319,-396.314056396,17.4770584106,147,45.3284873962,-2.64919400215,-106.592468262,-7.64974498749,-18.9931869507,1.14351952076,0
1539875468870099496,33.65270592,carbonZ_2018-10-18-11-06-06_engine_failure_with_emr_traj,engine,26.7299995422,-396.314056396,18.2451591492,149,45.3284873962,-2.64919400215,-106.592468262,-7.15424966812,-19.1442890167,1.14454329014,0
1539875468936745032,33.719351456,carbonZ_2018-10-18-11-06-06_engine_failure_with_emr_traj,engine,26.7299995422,-396.314056396,18.2451591492,149,45.3284873962,-2.64919400215,-106.592468262,-6.56565141678,-19.2933311462,1.05727863312,0
1539875468980626088,33.763232512,carbonZ_2018-10-18-11-06-06_engine_failure_with_emr_traj,engine,26.8400001526,-393.054779053,18.9130725861,151,45.3284873962,-2.64919400215,-106.592468262,-5.92419958115,-19.4379463196,0.898156821728,0
1539875469033402952,33.816009376,carbonZ_2018-10-18-11-06-06_engine_failure_with_emr_traj,engine,26.9399986267,-393.054779053,19.4807987213,153,45.3284873962,-2.64919400215,-106.592468262,-5.48816823959,-19.5285148621,0.784373402596,0
1539875469095050888,33.877657312,carbonZ_2018-10-18-11-06-06_engine_failure_with_emr_traj,engine,26.9399986267,-393.054779053,19.4807987213,153,45.3284873962,-2.64919400215,-106.592468262,-4.84312009811,-19.6492767334,0.642477631569,0
1539875469127509960,33.910116384,carbonZ_2018-10-18-11-06-06_engine_failure_with_emr_traj,engine,26.9399986267,-393.054779053,19.4807987213,153,44.725730896,-2.55997419357,-91.5645446777,-4.42351913452,-19.711977005,0.577382206917,0
1539875469169168136,33.95177456,carbonZ_2018-10-18-11-06-06_engine_failure_with_emr_traj,engine,27.0100002289,-379.739013672,19.937204361,155,44.725730896,-2.55997419357,-91.5645446777,-4.02894926071,-19.764005661,0.544080615044,0
1539875469204884264,33.987490688,carbonZ_2018-10-18-11-06-06_engine_failure_with_emr_traj,engine,27.0100002289,-379.739013672,19.937204361,155,44.725730896,-2.55997419357,-91.5645446777,-3.641674757,-19.8061485291,0.522005558014,0
1539875469263254024,34.045860448,carbonZ_2018-10-18-11-06-06_engine_failure_with_emr_traj,engine,27.0699996948,-379.739013672,20.2934246063,156,44.725730896,-2.55997419357,-91.5645446777,-2.86295437813,-19.8644924164,0.445562958717,0
1539875469336009384,34.118615808,carbonZ_2018-10-18-11-06-06_engine_failure_with_emr_traj,engine,27.0699996948,-379.739013672,20.2934246063,156,44.725730896,-2.55997419357,-91.5645446777,-2.46160817146,-19.8735809326,0.383879959583,0
1539875469402797256,34.18540368,carbonZ_2018-10-18-11-06-06_engine_failure_with_emr_traj,engine,27.0999984741,-368.075378418,20.5494594574,158,44.725730896,-2.55997419357,-91.5645446777,-1.54769921303,-19.8623199463,0.17737801373,0
1539875469473963944,34.256570368,carbonZ_2018-10-18-11-06-06_engine_failure_with_emr_traj,engine,27.1199989319,-368.075378418,20.6941738129,160,44.725730896,-2.55997419357,-91.5645446777,-0.781816661358,-19.8203125,-0.0488324724138,0
1539875469510567400,34.293173824,carbonZ_2018-10-18-11-06-06_engine_failure_with_emr_traj,engine,27.1199989319,-368.075378418,20.6941738129,160,44.6002731323,-0.594581365585,-79.9905929565,-0.311249941587,-19.7757472992,-0.187242344022,0
1539875469538133928,34.320740352,carbonZ_2018-10-18-11-06-06_engine_failure_with_emr_traj,engine,27.1199989319,-372.353179932,20.7164363861,162,44.6002731323,-0.594581365585,-79.9905929565,0.434012502432,-19.6823158264,-0.38490486145,0
1539875469608020776,34.3906272,carbonZ_2018-10-18-11-06-06_engine_failure_with_emr_traj,engine,27.1199989319,-372.353179932,20.7164363861,162,44.6002731323,-0.594581365585,-79.9905929565,0.888248085976,-19.6103496552,-0.506079912186,0
1539875469628581864,34.411188288,carbonZ_2018-10-18-11-06-06_engine_failure_with_emr_traj,engine,27.1199989319,-372.353179932,20.7164363861,162,44.6002731323,-0.594581365585,-79.9905929565,1.15127229691,-19.5675735474,-0.581997215748,0
1539875469685012328,34.467618752,carbonZ_2018-10-18-11-06-06_engine_failure_with_emr_traj,engine,27.0900001526,-372.353179932,20.6051177979,163,44.6002731323,-0.594581365585,-79.9905929565,2.09357571602,-19.3643989563,-0.85098785162,0
1539875469733358984,34.515965408,carbonZ_2018-10-18-11-06-06_engine_failure_with_emr_traj,engine,27.0900001526,-372.353179932,20.6051177979,163,44.6002731323,-0.594581365585,-79.9905929565,2.30432271957,-19.3066387177,-0.914984345436,0
1539875469800934472,34.583540896,carbonZ_2018-10-18-11-06-06_engine_failure_with_emr_traj,engine,27.0199985504,-360.299499512,20.3824806213,165,44.6002731323,-0.594581365585,-79.9905929565,3.15371203423,-19.0687255859,-1.10420572758,0
1539875469859304264,34.641910688,carbonZ_2018-10-18-11-06-06_engine_failure_with_emr_traj,engine,26.9300003052,-360.299499512,20.0373916626,166,44.6002731323,-0.594581365585,-79.9905929565,3.56199669838,-18.9352416992,-1.22551333904,0
1539875469889390056,34.67199648,carbonZ_2018-10-18-11-06-06_engine_failure_with_emr_traj,engine,26.9300003052,-360.299499512,20.0373916626,166,42.8073539734,3.01894116402,-70.014465332,3.95546221733,-18.795917511,-1.35065710545,0
1539875469942275400,34.724881824,carbonZ_2018-10-18-11-06-06_engine_failure_with_emr_traj,engine,26.7999992371,-341.990478516,19.6032485962,168,42.8073539734,3.01894116402,-70.014465332,4.50115871429,-18.5710144043,-1.54914939404,0
1539875470009371432,34.791977856,carbonZ_2018-10-18-11-06-06_engine_failure_with_emr_traj,engine,26.7999992371,-341.990478516,19.6032485962,168,42.8073539734,3.01894116402,-70.014465332,5.10455656052,-18.296836853,-1.93520879745,0
1539875470043581384,34.826187808,carbonZ_2018-10-18-11-06-06_engine_failure_with_emr_traj,engine,26.6299991608,-341.990478516,19.0689182281,169,42.8073539734,3.01894116402,-70.014465332,5.46977424622,-18.1080760956,-2.23283195496,0
1539875470088456424,34.871062848,carbonZ_2018-10-18-11-06-06_engine_failure_with_emr_traj,engine,26.6299991608,-341.990478516,19.0689182281,169,42.8073539734,3.01894116402,-70.014465332,5.78720474243,-17.9296951294,-2.50559234619,0
1539875470145430440,34.928036864,carbonZ_2018-10-18-11-06-06_engine_failure_with_emr_traj,engine,26.3899993896,-323.502166748,18.4566650391,170,42.8073539734,3.01894116402,-70.014465332,6.15585422516,-17.6896858215,-2.75328469276,0
1539875470175761672,34.958368096,carbonZ_2018-10-18-11-06-06_engine_failure_with_emr_traj,engine,26.3899993896,-323.502166748,18.4566650391,170,42.8073539734,3.01894116402,-70.014465332,6.34898805618,-17.5282077789,-2.75638747215,0
1539875470226111432,35.008717856,carbonZ_2018-10-18-11-06-06_engine_failure_with_emr_traj,engine,26.3899993896,-323.502166748,18.4566650391,170,42.8073539734,3.01894116402,-70.014465332,6.34898805618,-17.5282077789,-2.75638747215,0
1539875470312859560,35.095465984,carbonZ_2018-10-18-11-06-06_engine_failure_with_emr_traj,engine,26.109998703,-323.502166748,17.7887516022,171,42.8073539734,3.01894116402,-70.014465332,6.7082529068,-17.2573013306,-3.01269245148,0
1539875470372420712,35.155027136,carbonZ_2018-10-18-11-06-06_engine_failure_with_emr_traj,engine,25.8099994659,-333.404174805,17.1097068787,172,25.9345016479,3.83781886101,-61.2441635132,6.96658706665,-16.9982471466,-3.20755290985,0
1539875470406253288,35.188859712,carbonZ_2018-10-18-11-06-06_engine_failure_with_emr_traj,engine,25.8099994659,-333.404174805,17.1097068787,172,25.9345016479,3.83781886101,-61.2441635132,7.06524753571,-16.8873195648,-3.23245239258,0
1539875470431700232,35.214306656,carbonZ_2018-10-18-11-06-06_engine_failure_with_emr_traj,engine,25.8099994659,-333.404174805,17.1097068787,172,25.9345016479,3.83781886101,-61.2441635132,7.07921743393,-16.8498764038,-3.19750547409,0
1539875470516483624,35.299090048,carbonZ_2018-10-18-11-06-06_engine_failure_with_emr_traj,engine,25.4699993134,-333.404174805,16.386133194,173,25.9345016479,3.83781886101,-61.2441635132,7.1556634903,-16.7309894562,-3.11795377731,0
1539875470540101832,35.322708256,carbonZ_2018-10-18-11-06-06_engine_failure_with_emr_traj,engine,25.4699993134,-333.404174805,16.386133194,173,25.9345016479,3.83781886101,-61.2441635132,7.19001483917,-16.6505203247,-3.09055042267,0
1539875470583488360,35.366094784,carbonZ_2018-10-18-11-06-06_engine_failure_with_emr_traj,engine,25.1499996185,-316.522796631,15.6625614166,175,25.9345016479,3.83781886101,-61.2441635132,7.19906902313,-16.5913619995,-3.01010751724,0
1539875470615239272,35.397845696,carbonZ_2018-10-18-11-06-06_engine_failure_with_emr_traj,engine,25.1499996185,-316.522796631,15.6625614166,175,25.9345016479,3.83781886101,-61.2441635132,7.19891119003,-16.5468044281,-2.85670256615,0
1539875470663939016,35.44654544,carbonZ_2018-10-18-11-06-06_engine_failure_with_emr_traj,engine,24.8400001526,-316.522796631,14.9612531662,176,10.9813623428,2.58083105087,-56.8187675476,7.21290826797,-16.4194126129,-2.6887421608,0
1539875470714692136,35.49729856,carbonZ_2018-10-18-11-06-06_engine_failure_with_emr_traj,engine,24.8400001526,-316.522796631,14.9612531662,176,10.9813623428,2.58083105087,-56.8187675476,7.2199139595,-16.3845424652,-2.68338751793,0
1539875470781780104,35.564386528,carbonZ_2018-10-18-11-06-06_engine_failure_with_emr_traj,engine,24.5499992371,-293.112365723,14.2488117218,177,10.9813623428,2.58083105087,-56.8187675476,7.22724342346,-16.256685257,-2.5984120369,0
1539875470821129512,35.603735936,carbonZ_2018-10-18-11-06-06_engine_failure_with_emr_traj,engine,24.2799987793,-293.112365723,13.5586357117,178,10.9813623428,2.58083105087,-56.8187675476,7.21065568924,-16.2016162872,-2.52991104126,0
1539875470909150984,35.691757408,carbonZ_2018-10-18-11-06-06_engine_failure_with_emr_traj,engine,24.2799987793,-293.112365723,13.5586357117,178,10.9813623428,2.58083105087,-56.8187675476,7.16133975983,-16.1120967865,-2.43805646896,0
1539875470958054600,35.740661024,carbonZ_2018-10-18-11-06-06_engine_failure_with_emr_traj,engine,24.0299987793,-271.451171875,12.8684587479,179,10.9813623428,2.58083105087,-56.8187675476,7.14768218994,-16.0404949188,-2.35351419449,0
1539875471013042056,35.79564848,carbonZ_2018-10-18-11-06-06_engine_failure_with_emr_traj,engine,24.0299987793,-271.451171875,12.8684587479,179,10.9813623428,2.58083105087,-56.8187675476,7.12177705765,-16.0048999786,-2.22083306313,0
1539875471052540840,35.835147264,carbonZ_2018-10-18-11-06-06_engine_failure_with_emr_traj,engine,23.7999992371,-271.451171875,12.1894140244,180,10.9813623428,2.58083105087,-56.8187675476,7.1059012413,-15.9684677124,-2.09766221046,0
1539875471091752328,35.874358752,carbonZ_2018-10-18-11-06-06_engine_failure_with_emr_traj,engine,23.7999992371,-271.451171875,12.1894140244,180,7.46999692917,1.92662990093,-55.4530181885,7.10264444351,-15.9275112152,-2.03737878799,0
1539875471127058056,35.90966448,carbonZ_2018-10-18-11-06-06_engine_failure_with_emr_traj,engine,23.7999992371,-271.451171875,12.1894140244,180,7.46999692917,1.92662990093,-55.4530181885,7.11640787125,-15.866481781,-2.09703350067,0
1539875471185003752,35.967610176,carbonZ_2018-10-18-11-06-06_engine_failure_with_emr_traj,engine,23.5799999237,-241.530609131,11.5215005875,181,7.46999692917,1.92662990093,-55.4530181885,7.15324401855,-15.7390346527,-2.4965133667,0
1539875471239058664,36.021665088,carbonZ_2018-10-18-11-06-06_engine_failure_with_emr_traj,engine,23.5799999237,-241.530609131,11.5215005875,181,7.46999692917,1.92662990093,-55.4530181885,7.16285800934,-15.7076425552,-2.57845711708,0
1539875471293883592,36.076490016,carbonZ_2018-10-18-11-06-06_engine_failure_with_emr_traj,engine,23.3400001526,-241.530609131,10.842455864,182,7.46999692917,1.92662990093,-55.4530181885,7.14687013626,-15.6274938583,-2.63972377777,0
1539875471344559560,36.127165984,carbonZ_2018-10-18-11-06-06_engine_failure_with_emr_traj,engine,23.0699996948,-222.717102051,10.1634101868,183,7.46999692917,1.92662990093,-55.4530181885,7.08840417862,-15.579331398,-2.57484316826,0
1539875471419630984,36.202237408,carbonZ_2018-10-18-11-06-06_engine_failure_with_emr_traj,engine,23.0699996948,-222.717102051,10.1634101868,183,7.46999692917,1.92662990093,-55.4530181885,6.98979139328,-15.56690979,-2.4366569519,0
1539875471434186312,36.216792736,carbonZ_2018-10-18-11-06-06_engine_failure_with_emr_traj,engine,22.7999992371,-222.717102051,9.49549770355,185,7.46999692917,1.92662990093,-55.4530181885,6.98979139328,-15.56690979,-2.4366569519,0
1539875471507253704,36.289860128,carbonZ_2018-10-18-11-06-06_engine_failure_with_emr_traj,engine,22.7999992371,-222.717102051,9.49549770355,185,7.46999692917,1.92662990093,-55.4530181885,6.80988359451,-15.5750379562,-1.90559625626,0
1539875471553553256,36.33615968,carbonZ_2018-10-18-11-06-06_engine_failure_with_emr_traj,engine,22.5699996948,-188.912200928,8.83871650696,186,-6.26711797714,-0.594298362732,-56.4942321777,6.75197935104,-15.5737171173,-1.6782399416,0
1539875471582538984,36.365145408,carbonZ_2018-10-18-11-06-06_engine_failure_with_emr_traj,engine,22.5699996948,-188.912200928,8.83871650696,186,-6.26711797714,-0.594298362732,-56.4942321777,6.66768360138,-15.5859632492,-1.61353337765,0
1539875471626633992,36.409240416,carbonZ_2018-10-18-11-06-06_engine_failure_with_emr_traj,engine,22.5699996948,-188.912200928,8.83871650696,186,-6.26711797714,-0.594298362732,-56.4942321777,6.59107065201,-15.5975780487,-1.61085736752,0
1539875471687561256,36.47016768,carbonZ_2018-10-18-11-06-06_engine_failure_with_emr_traj,engine,22.3799991608,-188.912200928,8.21533107758,187,-6.26711797714,-0.594298362732,-56.4942321777,6.4459528923,-15.6379890442,-1.60529112816,0
1539875471747907944,36.530514368,carbonZ_2018-10-18-11-06-06_engine_failure_with_emr_traj,engine,22.3799991608,-188.912200928,8.21533107758,187,-6.26711797714,-0.594298362732,-56.4942321777,6.34944343567,-15.6580162048,-1.52066206932,0
1539875471785608200,36.568214624,carbonZ_2018-10-18-11-06-06_engine_failure_with_emr_traj,engine,22.2099990845,-184.504882812,7.60307693481,188,-6.26711797714,-0.594298362732,-56.4942321777,6.25104570389,-15.6553411484,-1.27969121933,0
1539875471824540040,36.607146464,carbonZ_2018-10-18-11-06-06_engine_failure_with_emr_traj,engine,22.2099990845,-184.504882812,7.60307693481,188,-13.049454689,-2.52426719666,-54.6671257019,6.22459459305,-15.6495666504,-1.18839859962,0
1539875471865190600,36.647797024,carbonZ_2018-10-18-11-06-06_engine_failure_with_emr_traj,engine,22.0699996948,-184.504882812,7.01308727264,189,-13.049454689,-2.52426719666,-54.6671257019,6.14540290833,-15.6277685165,-0.907029390335,0
1539875471949259656,36.73186608,carbonZ_2018-10-18-11-06-06_engine_failure_with_emr_traj,engine,21.9699993134,-139.802734375,6.44536113739,191,-13.049454689,-2.52426719666,-54.6671257019,5.97905445099,-15.6443786621,-0.657357811928,0
1539875471993653384,36.776259808,carbonZ_2018-10-18-11-06-06_engine_failure_with_emr_traj,engine,21.9699993134,-139.802734375,6.44536113739,191,-13.049454689,-2.52426719666,-54.6671257019,5.88214159012,-15.6682758331,-0.557799518108,0
1539875472022933640,36.805540064,carbonZ_2018-10-18-11-06-06_engine_failure_with_emr_traj,engine,21.9699993134,-139.802734375,6.44536113739,191,-13.049454689,-2.52426719666,-54.6671257019,5.79557466507,-15.6851711273,-0.431935876608,0
1539875472082703336,36.86530976,carbonZ_2018-10-18-11-06-06_engine_failure_with_emr_traj,engine,21.8999996185,-139.802734375,5.88876676559,192,-13.049454689,-2.52426719666,-54.6671257019,5.67478656769,-15.6934738159,-0.124624170363,0
1539875472122369480,36.904975904,carbonZ_2018-10-18-11-06-06_engine_failure_with_emr_traj,engine,21.8999996185,-139.802734375,5.88876676559,192,-13.049454689,-2.52426719666,-54.6671257019,5.63485527039,-15.6939525604,-0.0193073935807,0
1539875472172393928,36.955000352,carbonZ_2018-10-18-11-06-06_engine_failure_with_emr_traj,engine,21.859998703,-117.273330688,5.35443639755,193,-13.049454689,-2.52426719666,-54.6671257019,5.50365591049,-15.7046146393,0.293870389462,0
1539875472204482664,36.987089088,carbonZ_2018-10-18-11-06-06_engine_failure_with_emr_traj,engine,21.859998703,-117.273330688,5.35443639755,193,-18.1219882965,-5.42966794968,-56.6626777649,5.40800714493,-15.7233791351,0.456029683352,0
1539875472278852360,37.061458784,carbonZ_2018-10-18-11-06-06_engine_failure_with_emr_traj,engine,21.8799991608,-117.273330688,4.84236955643,194,-18.1219882965,-5.42966794968,-56.6626777649,5.28723335266,-15.7361679077,0.758803129196,0
1539875472311099752,37.093706176,carbonZ_2018-10-18-11-06-06_engine_failure_with_emr_traj,engine,21.8799991608,-117.273330688,4.84236955643,194,-18.1219882965,-5.42966794968,-56.6626777649,5.19661092758,-15.7538051605,0.958951294422,0
1539875472364830056,37.14743648,carbonZ_2018-10-18-11-06-06_engine_failure_with_emr_traj,engine,21.9499988556,-108.291435242,4.35256671906,196,-18.1219882965,-5.42966794968,-56.6626777649,5.0667514801,-15.7795829773,1.24508213997,0
1539875472401600488,37.184206912,carbonZ_2018-10-18-11-06-06_engine_failure_with_emr_traj,engine,21.9499988556,-108.291435242,4.35256671906,196,-18.1219882965,-5.42966794968,-56.6626777649,4.96008682251,-15.8177070618,1.38994264603,0
1539875472479412872,37.262019296,carbonZ_2018-10-18-11-06-06_engine_failure_with_emr_traj,engine,22.0699996948,-108.291435242,3.87389588356,197,-18.1219882965,-5.42966794968,-56.6626777649,4.78997278214,-15.894785881,1.5412569046,0
1539875472510602632,37.293209056,carbonZ_2018-10-18-11-06-06_engine_failure_with_emr_traj,engine,22.0699996948,-108.291435242,3.87389588356,197,-19.6256599426,-6.85163831711,-58.8023910522,4.65944051743,-15.9595766068,1.61518108845,0
1539875472566972264,37.349578688,carbonZ_2018-10-18-11-06-06_engine_failure_with_emr_traj,engine,22.2099990845,-95.6119537354,3.42862033844,198,-19.6256599426,-6.85163831711,-58.8023910522,4.3871011734,-16.1173343658,1.61733198166,0
1539875472624638632,37.407245056,carbonZ_2018-10-18-11-06-06_engine_failure_with_emr_traj,engine,22.2099990845,-95.6119537354,3.42862033844,198,-19.6256599426,-6.85163831711,-58.8023910522,4.25911569595,-16.208234787,1.57045423985,0
1539875472679371304,37.461977728,carbonZ_2018-10-18-11-06-06_engine_failure_with_emr_traj,engine,22.359998703,-95.6119537354,3.01674079895,200,-19.6256599426,-6.85163831711,-58.8023910522,4.12311410904,-16.3061752319,1.51524186134,0
1539875472735742888,37.518349312,carbonZ_2018-10-18-11-06-06_engine_failure_with_emr_traj,engine,22.359998703,-95.6119537354,3.01674079895,200,-19.6256599426,-6.85163831711,-58.8023910522,3.93317580223,-16.4553031921,1.39747929573,0
1539875472769280200,37.551886624,carbonZ_2018-10-18-11-06-06_engine_failure_with_emr_traj,engine,22.4899997711,-90.9425735474,2.62712478638,201,-19.6256599426,-6.85163831711,-58.8023910522,3.80555009842,-16.5558834076,1.30141174793,0
1539875472818632424,37.601238848,carbonZ_2018-10-18-11-06-06_engine_failure_with_emr_traj,engine,22.4899997711,-90.9425735474,2.62712478638,201,-19.6256599426,-6.85163831711,-58.8023910522,3.69441127777,-16.6495075226,1.1949583292,0
1539875472875933512,37.658539936,carbonZ_2018-10-18-11-06-06_engine_failure_with_emr_traj,engine,22.5900001526,-90.9425735474,2.28203630447,202,-14.5259256363,-7.29035615921,-60.749042511,3.53299498558,-16.7924480438,1.05222630501,0
1539875472914165032,37.696771456,carbonZ_2018-10-18-11-06-06_engine_failure_with_emr_traj,engine,22.5900001526,-90.9425735474,2.28203630447,202,-14.5259256363,-7.29035615921,-60.749042511,3.43647813797,-16.8664417267,1.00207316875,0
1539875472983914888,37.766521312,carbonZ_2018-10-18-11-06-06_engine_failure_with_emr_traj,engine,22.6599998474,-117.664718628,1.95921170712,204,-14.5259256363,-7.29035615921,-60.749042511,3.25229716301,-17.0035266876,0.930797696114,0
1539875473021158664,37.803765088,carbonZ_2018-10-18-11-06-06_engine_failure_with_emr_traj,engine,22.6599998474,-117.664718628,1.95921170712,204,-14.5259256363,-7.29035615921,-60.749042511,3.15598893166,-17.078119278,0.872411608696,0
1539875473057714664,37.840321088,carbonZ_2018-10-18-11-06-06_engine_failure_with_emr_traj,engine,22.7099990845,-117.664718628,1.65865075588,205,-14.5259256363,-7.29035615921,-60.749042511,3.06069636345,-17.1446876526,0.823208093643,0
1539875473121488872,37.904095296,carbonZ_2018-10-18-11-06-06_engine_failure_with_emr_traj,engine,22.7099990845,-117.664718628,1.65865075588,205,-14.5259256363,-7.29035615921,-60.749042511,2.96319437027,-17.2129688263,0.791477620602,0
1539875473197743560,37.980349984,carbonZ_2018-10-18-11-06-06_engine_failure_with_emr_traj,engine,22.75,-133.714675903,1.38035368919,207,-13.3838891983,-8.37804794312,-63.7500267029,2.72863221169,-17.3495903015,0.786547720432,0
1539875473213251208,37.995857632,carbonZ_2018-10-18-11-06-06_engine_failure_with_emr_traj,engine,22.75,-133.714675903,1.38035368919,207,-13.3838891983,-8.37804794312,-63.7500267029,2.66052937508,-17.3874797821,0.78710693121,0
1539875473265577736,38.04818416,carbonZ_2018-10-18-11-06-06_engine_failure_with_emr_traj,engine,22.7899990082,-133.714675903,1.13545227051,208,-13.3838891983,-8.37804794312,-63.7500267029,2.39182305336,-17.5415401459,0.802083611488,0
1539875473334269288,38.116875712,carbonZ_2018-10-18-11-06-06_engine_failure_with_emr_traj,engine,22.7899990082,-133.714675903,1.13545227051,208,-13.3838891983,-8.37804794312,-63.7500267029,2.2792994976,-17.5917854309,0.877068519592,0
1539875473369723752,38.152330176,carbonZ_2018-10-18-11-06-06_engine_failure_with_emr_traj,engine,22.8299999237,-138.990783691,0.912814557552,210,-13.3838891983,-8.37804794312,-63.7500267029,2.16670060158,-17.6372947693,0.972578763962,0
1539875473381456808,38.164063232,carbonZ_2018-10-18-11-06-06_engine_failure_with_emr_traj,engine,22.8299999237,-138.990783691,0.912814557552,210,-13.3838891983,-8.37804794312,-63.7500267029,2.11321640015,-17.660572052,1.01622486115,0
1539875473419133128,38.201739552,carbonZ_2018-10-18-11-06-06_engine_failure_with_emr_traj,engine,22.8299999237,-138.990783691,0.912814557552,210,-13.3838891983,-8.37804794312,-63.7500267029,1.99597203732,-17.6872253418,1.30185115337,0
1539875473503366632,38.285973056,carbonZ_2018-10-18-11-06-06_engine_failure_with_emr_traj,engine,22.8899993896,-138.990783691,0.712440609932,212,-13.3838891983,-8.37804794312,-63.7500267029,1.91538608074,-17.6378612518,2.00164890289,0
1539875473552557768,38.335164192,carbonZ_2018-10-18-11-06-06_engine_failure_with_emr_traj,engine,23.0199985504,-155.030639648,0.534330487251,213,-13.3838891983,-8.37804794312,-63.7500267029,1.91538608074,-17.6378612518,2.00164890289,0
1539875473602361480,38.384967904,carbonZ_2018-10-18-11-06-06_engine_failure_with_emr_traj,engine,23.0199985504,-155.030639648,0.534330487251,213,-16.3913192749,-10.1224851608,-64.4834365845,1.81582319736,-17.6071224213,2.58645486832,0
1539875473638788168,38.421394592,carbonZ_2018-10-18-11-06-06_engine_failure_with_emr_traj,engine,23.0199985504,-155.030639648,0.534330487251,213,-16.3913192749,-10.1224851608,-64.4834365845,1.79526662827,-17.6036529541,2.7043530941,0
1539875473671112424,38.453718848,carbonZ_2018-10-18-11-06-06_engine_failure_with_emr_traj,engine,23.2399997711,-155.030639648,0.378484070301,215,-16.3913192749,-10.1224851608,-64.4834365845,1.73531770706,-17.6053771973,2.89694166183,0
1539875473689679816,38.47228624,carbonZ_2018-10-18-11-06-06_engine_failure_with_emr_traj,engine,23.2399997711,-155.030639648,0.378484070301,215,-16.3913192749,-10.1224851608,-64.4834365845,1.68546712399,-17.6093215942,3.03583073616,0
1539875473775916104,38.558522528,carbonZ_2018-10-18-11-06-06_engine_failure_with_emr_traj,engine,23.5299987793,-142.1459198,0.211505800486,216,-16.3913192749,-10.1224851608,-64.4834365845,1.54466187954,-17.6475811005,3.20230937004,0
1539875473825870792,38.608477216,carbonZ_2018-10-18-11-06-06_engine_failure_with_emr_traj,engine,23.859998703,-142.1459198,0.0667913109064,218,-16.3913192749,-10.1224851608,-64.4834365845,1.54466187954,-17.6475811005,3.20230937004,0
1539875473863538408,38.646144832,carbonZ_2018-10-18-11-06-06_engine_failure_with_emr_traj,engine,23.859998703,-142.1459198,0.0667913109064,218,-16.3913192749,-10.1224851608,-64.4834365845,1.4750534296,-17.6749477386,3.26547026634,0
1539875473938011816,38.72061824,carbonZ_2018-10-18-11-06-06_engine_failure_with_emr_traj,engine,23.859998703,-142.1459198,0.0667913109064,218,-16.3913192749,-10.1224851608,-64.4834365845,1.40646028519,-17.6999702454,3.29267072678,0
1539875473985167624,38.767774048,carbonZ_2018-10-18-11-06-06_engine_failure_with_emr_traj,engine,24.1999988556,-143.422515869,-0.077923193574,220,-16.3913192749,-10.1224851608,-64.4834365845,1.32578086853,-17.7483139038,3.23591399193,0
1539875474031200008,38.813806432,carbonZ_2018-10-18-11-06-06_engine_failure_with_emr_traj,engine,24.1999988556,-143.422515869,-0.077923193574,220,-8.24499511719,-8.67388439178,-65.1935577393,1.32578086853,-17.7483139038,3.23591399193,0
1539875474066266664,38.848873088,carbonZ_2018-10-18-11-06-06_engine_failure_with_emr_traj,engine,24.5399990082,-143.422515869,-0.222637683153,221,-8.24499511719,-8.67388439178,-65.1935577393,1.27288556099,-17.7836437225,3.19232487679,0
1539875474110606184,38.893212608,carbonZ_2018-10-18-11-06-06_engine_failure_with_emr_traj,engine,24.5399990082,-143.422515869,-0.222637683153,221,-8.24499511719,-8.67388439178,-65.1935577393,1.22988891602,-17.7971305847,3.15146875381,0
1539875474180587048,38.963193472,carbonZ_2018-10-18-11-06-06_engine_failure_with_emr_traj,engine,24.8699989319,-145.068740845,-0.356220304966,223,-8.24499511719,-8.67388439178,-65.1935577393,1.16191589832,-17.8363037109,3.06824827194,0
1539875474225896584,39.008503008,carbonZ_2018-10-18-11-06-06_engine_failure_with_emr_traj,engine,24.8699989319,-145.068740845,-0.356220304966,223,-8.24499511719,-8.67388439178,-65.1935577393,1.13073301315,-17.8489933014,3.03352236748,0
1539875474265400328,39.048006752,carbonZ_2018-10-18-11-06-06_engine_failure_with_emr_traj,engine,25.1800003052,-145.068740845,-0.489802926779,224,-8.24499511719,-8.67388439178,-65.1935577393,1.06497716904,-17.8951377869,2.92628526688,0
1539875474334321512,39.116927936,carbonZ_2018-10-18-11-06-06_engine_failure_with_emr_traj,engine,25.4699993134,-150.000579834,-0.612253665924,226,-8.24499511719,-8.67388439178,-65.1935577393,0.982048988342,-17.9227313995,2.837195158,0
1539875474375037480,39.157643904,carbonZ_2018-10-18-11-06-06_engine_failure_with_emr_traj,engine,25.4699993134,-150.000579834,-0.612253665924,226,-8.24499511719,-8.67388439178,-65.1935577393,0.851334869862,-17.9826431274,2.68072414398,0
1539875474456036200,39.238642624,carbonZ_2018-10-18-11-06-06_engine_failure_with_emr_traj,engine,25.7399997711,-150.000579834,-0.712440609932,228,-8.24499511719,-8.67388439178,-65.1935577393,0.70140337944,-18.0404853821,2.52820825577,0
1539875474490655336,39.27326176,carbonZ_2018-10-18-11-06-06_engine_failure_with_emr_traj,engine,25.7399997711,-150.000579834,-0.712440609932,228,-7.35221815109,-6.13695478439,-72.023765564,0.70140337944,-18.0404853821,2.52820825577,0
1539875474507223784,39.289830208,carbonZ_2018-10-18-11-06-06_engine_failure_with_emr_traj,engine,25.7399997711,-150.000579834,-0.712440609932,228,-7.35221815109,-6.13695478439,-72.023765564,0.664862692356,-18.0479621887,2.5113093853,0
1539875474579239816,39.36184624,carbonZ_2018-10-18-11-06-06_engine_failure_with_emr_traj,engine,25.9899997711,-161.043548584,-0.801495671272,229,-7.35221815109,-6.13695478439,-72.023765564,0.546472012997,-18.0877971649,2.38046073914,0
1539875474595737320,39.378343744,carbonZ_2018-10-18-11-06-06_engine_failure_with_emr_traj,engine,25.9899997711,-161.043548584,-0.801495671272,229,-7.35221815109,-6.13695478439,-72.023765564,0.546472012997,-18.0877971649,2.38046073914,0
1539875474687686056,39.47029248,carbonZ_2018-10-18-11-06-06_engine_failure_with_emr_traj,engine,26.2299995422,-161.043548584,-0.868286967278,231,-7.35221815109,-6.13695478439,-72.023765564,0.321837574244,-18.1716346741,2.17815709114,0
1539875474702142952,39.484749376,carbonZ_2018-10-18-11-06-06_engine_failure_with_emr_traj,engine,26.2299995422,-161.043548584,-0.868286967278,231,-7.35221815109,-6.13695478439,-72.023765564,0.321837574244,-18.1716346741,2.17815709114,0
1539875474778246472,39.560852896,carbonZ_2018-10-18-11-06-06_engine_failure_with_emr_traj,engine,26.4399986267,-172.740753174,-0.912814557552,233,-7.35221815109,-6.13695478439,-72.023765564,0.170159891248,-18.2163047791,2.01099944115,0
1539875474830949224,39.613555648,carbonZ_2018-10-18-11-06-06_engine_failure_with_emr_traj,engine,26.4399986267,-172.740753174,-0.912814557552,233,-8.58160591125,-4.21165704727,-74.1806488037,0.0505989603698,-18.2400817871,1.85938286781,0
1539875474873045896,39.65565232,carbonZ_2018-10-18-11-06-06_engine_failure_with_emr_traj,engine,26.6399993896,-172.740753174,-0.92394644022,234,-8.58160591125,-4.21165704727,-74.1806488037,-0.0187292322516,-18.2622070312,1.75600969791,0
1539875474919909896,39.70251632,carbonZ_2018-10-18-11-06-06_engine_failure_with_emr_traj,engine,26.6399993896,-172.740753174,-0.92394644022,234,-8.58160591125,-4.21165704727,-74.1806488037,-0.132119446993,-18.2859687805,1.57947683334,0
1539875474995960520,39.778566944,carbonZ_2018-10-18-11-06-06_engine_failure_with_emr_traj,engine,26.8099994659,-178.782073975,-0.92394644022,236,-8.58160591125,-4.21165704727,-74.1806488037,-0.228050142527,-18.3089942932,1.37632405758,0
1539875475023192296,39.80579872,carbonZ_2018-10-18-11-06-06_engine_failure_with_emr_traj,engine,26.8099994659,-178.782073975,-0.92394644022,236,-8.58160591125,-4.21165704727,-74.1806488037,-0.303928643465,-18.3215179443,1.26390910149,0
1539875475099654216,39.88226064,carbonZ_2018-10-18-11-06-06_engine_failure_with_emr_traj,engine,26.9499988556,-178.782073975,-0.901682674885,238,-8.58160591125,-4.21165704727,-74.1806488037,-0.384758234024,-18.3302154541,1.14130461216,0
1539875475112441864,39.895048288,carbonZ_2018-10-18-11-06-06_engine_failure_with_emr_traj,engine,26.9499988556,-178.782073975,-0.901682674885,238,-8.58160591125,-4.21165704727,-74.1806488037,-0.421708732843,-18.3260383606,1.08784890175,0
1539875475173186184,39.955792608,carbonZ_2018-10-18-11-06-06_engine_failure_with_emr_traj,engine,27.0599994659,-183.423797607,-0.868286967278,240,-8.58160591125,-4.21165704727,-74.1806488037,-0.516036689281,-18.3146762848,1.00666308403,0
1539875475207876328,39.990482752,carbonZ_2018-10-18-11-06-06_engine_failure_with_emr_traj,engine,27.0599994659,-183.423797607,-0.868286967278,240,-5.58521747589,-1.52314579487,-77.3023300171,-0.573364317417,-18.3117103577,0.920544028282,0
1539875475270561928,40.053168352,carbonZ_2018-10-18-11-06-06_engine_failure_with_emr_traj,engine,27.1599998474,-183.423797607,-0.81262755394,241,-5.58521747589,-1.52314579487,-77.3023300171,-0.673369824886,-18.3022155762,0.832090258598,0
1539875475302738696,40.08534512,carbonZ_2018-10-18-11-06-06_engine_failure_with_emr_traj,engine,27.1599998474,-183.423797607,-0.81262755394,241,-5.58521747589,-1.52314579487,-77.3023300171,-0.730475008488,-18.2940101624,0.744659364223,0
1539875475350674312,40.133280736,carbonZ_2018-10-18-11-06-06_engine_failure_with_emr_traj,engine,27.2399997711,-185.291671753,-0.745836257935,243,-5.58521747589,-1.52314579487,-77.3023300171,-0.794940590858,-18.2918720245,0.672715365887,0
1539875475403396456,40.18600288,carbonZ_2018-10-18-11-06-06_engine_failure_with_emr_traj,engine,27.2399997711,-185.291671753,-0.745836257935,243,-5.58521747589,-1.52314579487,-77.3023300171,-0.902051746845,-18.2720737457,0.538923501968,0
1539875475427912840,40.210519264,carbonZ_2018-10-18-11-06-06_engine_failure_with_emr_traj,engine,27.2399997711,-185.291671753,-0.745836257935,243,-5.58521747589,-1.52314579487,-77.3023300171,-0.946011722088,-18.2651252747,0.52358341217,0
1539875475498147208,40.280753632,carbonZ_2018-10-18-11-06-06_engine_failure_with_emr_traj,engine,27.3099994659,-185.291671753,-0.656781196594,245,-5.58521747589,-1.52314579487,-77.3023300171,-1.04963302612,-18.2576084137,0.394319206476,0
1539875475520458760,40.303065184,carbonZ_2018-10-18-11-06-06_engine_failure_with_emr_traj,engine,27.3099994659,-185.291671753,-0.656781196594,245,-5.14054441452,0.470633864403,-79.7011260986,-1.12355196476,-18.234167099,0.301145017147,0
1539875475612627016,40.39523344,carbonZ_2018-10-18-11-06-06_engine_failure_with_emr_traj,engine,27.359998703,-178.11907959,-0.545462369919,247,-5.14054441452,0.470633864403,-79.7011260986,-1.24574100971,-18.2144508362,0.137235984206,0
1539875475627507240,40.410113664,carbonZ_2018-10-18-11-06-06_engine_failure_with_emr_traj,engine,27.359998703,-178.11907959,-0.545462369919,247,-5.14054441452,0.470633864403,-79.7011260986,-1.28486704826,-18.2001819611,0.0866969227791,0
1539875475693586792,40.476193216,carbonZ_2018-10-18-11-06-06_engine_failure_with_emr_traj,engine,27.3899993896,-178.11907959,-0.423011600971,248,-5.14054441452,0.470633864403,-79.7011260986,-1.37646865845,-18.1748733521,-0.0250057801604,0
1539875475737796264,40.520402688,carbonZ_2018-10-18-11-06-06_engine_failure_with_emr_traj,engine,27.3899993896,-178.11907959,-0.423011600971,248,-5.14054441452,0.470633864403,-79.7011260986,-1.42368817329,-18.161277771,-0.122971206903,0
1539875475792087272,40.574693696,carbonZ_2018-10-18-11-06-06_engine_failure_with_emr_traj,engine,27.3899993896,-277.596862793,-0.278297126293,250,-5.14054441452,0.470633864403,-79.7011260986,-1.50407397747,-18.1216011047,-0.260187327862,0
1539875475818784200,40.601390624,carbonZ_2018-10-18-11-06-06_engine_failure_with_emr_traj,engine,27.3899993896,-277.596862793,-0.278297126293,250,-2.3918428421,1.466776371,-80.1475143433,-1.53517603874,-18.1123275757,-0.270892977715,0
1539875475850639912,40.633246336,carbonZ_2018-10-18-11-06-06_engine_failure_with_emr_traj,engine,27.3799991608,-277.596862793,-0.122450731695,252,-2.3918428421,1.466776371,-80.1475143433,-1.57837498188,-18.0846157074,-0.331967622042,0
1539875475890723688,40.673330112,carbonZ_2018-10-18-11-06-06_engine_failure_with_emr_traj,engine,27.3799991608,-277.596862793,-0.122450731695,252,-2.3918428421,1.466776371,-80.1475143433,-1.61225628853,-18.0695381165,-0.386829823256,0
1539875475938598760,40.721205184,carbonZ_2018-10-18-11-06-06_engine_failure_with_emr_traj,engine,27.359998703,-276.938049316,0.0445275381207,254,-2.3918428421,1.466776371,-80.1475143433,-1.70543050766,-18.0050315857,-0.527081489563,0
1539875476006295272,40.788901696,carbonZ_2018-10-18-11-06-06_engine_failure_with_emr_traj,engine,27.359998703,-276.938049316,0.0445275381207,254,-2.3918428421,1.466776371,-80.1475143433,-1.73322713375,-17.9694690704,-0.672370612621,0
1539875476020787688,40.803394112,carbonZ_2018-10-18-11-06-06_engine_failure_with_emr_traj,engine,27.359998703,-276.938049316,0.0445275381207,254,-2.3918428421,1.466776371,-80.1475143433,-1.74847865105,-17.9582939148,-0.709933996201,0
1539875476092752392,40.875358816,carbonZ_2018-10-18-11-06-06_engine_failure_with_emr_traj,engine,27.3099994659,-276.938049316,0.222637683153,255,-2.3918428421,1.466776371,-80.1475143433,-1.7646292448,-17.9027137756,-0.85386544466,0
1539875476176537416,40.95914384,carbonZ_2018-10-18-11-06-06_engine_failure_with_emr_traj,engine,27.2399997711,-269.278533936,0.411879718304,257,-0.595552861691,2.19311571121,-80.0218582153,-1.78895664215,-17.8074855804,-0.918461501598,0
1539875476193266056,40.97587248,carbonZ_2018-10-18-11-06-06_engine_failure_with_emr_traj,engine,27.2399997711,-269.278533936,0.411879718304,257,-0.595552861691,2.19311571121,-80.0218582153,-1.7846558094,-17.7922439575,-0.909230709076,0
1539875476241230056,41.02383648,carbonZ_2018-10-18-11-06-06_engine_failure_with_emr_traj,engine,27.2399997711,-269.278533936,0.411879718304,257,-0.595552861691,2.19311571121,-80.0218582153,-1.80042624474,-17.7498149872,-0.919341564178,0
1539875476296381096,41.07898752,carbonZ_2018-10-18-11-06-06_engine_failure_with_emr_traj,engine,27.1700000763,-269.278533936,0.589989900589,259,-0.595552861691,2.19311571121,-80.0218582153,-1.80428659916,-17.6926727295,-0.929968953133,0
1539875476347313992,41.129920416,carbonZ_2018-10-18-11-06-06_engine_failure_with_emr_traj,engine,27.0900001526,-247.342102051,0.779231905937,260,-0.595552861691,2.19311571121,-80.0218582153,-1.80986249447,-17.628364563,-0.956182301044,0
1539875476383702920,41.166309344,carbonZ_2018-10-18-11-06-06_engine_failure_with_emr_traj,engine,27.0900001526,-247.342102051,0.779231905937,260,-0.595552861691,2.19311571121,-80.0218582153,-1.81984877586,-17.580280304,-0.961601495743,0
1539875476420634280,41.203240704,carbonZ_2018-10-18-11-06-06_engine_failure_with_emr_traj,engine,27.0900001526,-247.342102051,0.779231905937,260,-0.595552861691,2.19311571121,-80.0218582153,-1.83480858803,-17.5368881226,-0.993931770325,0
1539875476502688456,41.28529488,carbonZ_2018-10-18-11-06-06_engine_failure_with_emr_traj,engine,27.0,-247.342102051,0.957342088223,262,-0.595552861691,2.19311571121,-80.0218582153,-1.83196794987,-17.4319839478,-1.11796379089,0
1539875476571281960,41.353888384,carbonZ_2018-10-18-11-06-06_engine_failure_with_emr_traj,engine,26.9200000763,-237.013061523,1.13545227051,264,3.09577202797,2.51279163361,-81.4983825684,-1.81635677814,-17.3734912872,-1.13868749142,0
1539875476586631880,41.369238304,carbonZ_2018-10-18-11-06-06_engine_failure_with_emr_traj,engine,26.9200000763,-237.013061523,1.13545227051,264,3.09577202797,2.51279163361,-81.4983825684,-1.81635677814,-17.3734912872,-1.13868749142,0
1539875476627092680,41.409699104,carbonZ_2018-10-18-11-06-06_engine_failure_with_emr_traj,engine,26.9200000763,-237.013061523,1.13545227051,264,3.09577202797,2.51279163361,-81.4983825684,-1.81126582623,-17.3306655884,-1.11972951889,0
1539875476718143624,41.500750048,carbonZ_2018-10-18-11-06-06_engine_failure_with_emr_traj,engine,26.8199996948,-237.013061523,1.32469427586,266,3.09577202797,2.51279163361,-81.4983825684,-1.8076018095,-17.253490448,-1.07754790783,0
1539875476727296456,41.50990288,carbonZ_2018-10-18-11-06-06_engine_failure_with_emr_traj,engine,26.8199996948,-237.013061523,1.32469427586,266,3.09577202797,2.51279163361,-81.4983825684,-1.78945302963,-17.2421073914,-1.07435762882,0
1539875476811587496,41.59419392,carbonZ_2018-10-18-11-06-06_engine_failure_with_emr_traj,engine,26.7299995422,-219.506454468,1.49167251587,267,3.09577202797,2.51279163361,-81.4983825684,-1.7625285387,-17.1651573181,-0.977552950382,0
1539875476834882824,41.617489248,carbonZ_2018-10-18-11-06-06_engine_failure_with_emr_traj,engine,26.7299995422,-219.506454468,1.49167251587,267,3.09577202797,2.51279163361,-81.4983825684,-1.75369846821,-17.146364212,-0.974414885044,0
1539875476868455112,41.651061536,carbonZ_2018-10-18-11-06-06_engine_failure_with_emr_traj,engine,26.6499996185,-219.506454468,1.66978263855,269,3.09577202797,2.51279163361,-81.4983825684,-1.73631548882,-17.1192378998,-0.917354464531,0
1539875476901636744,41.684243168,carbonZ_2018-10-18-11-06-06_engine_failure_with_emr_traj,engine,26.6499996185,-219.506454468,1.66978263855,269,3.09577202797,2.51279163361,-81.4983825684,-1.71602320671,-17.0886764526,-0.875528335571,0
1539875476949593800,41.732200224,carbonZ_2018-10-18-11-06-06_engine_failure_with_emr_traj,engine,26.5699996948,-206.510742188,1.83676099777,271,5.18177700043,2.06615614891,-82.1898574829,-1.69606363773,-17.0531291962,-0.826920807362,0
1539875477004889640,41.787496064,carbonZ_2018-10-18-11-06-06_engine_failure_with_emr_traj,engine,26.5699996948,-206.510742188,1.83676099777,271,5.18177700043,2.06615614891,-82.1898574829,-1.6730786562,-16.9976100922,-0.76682382822,0
1539875477082724904,41.865331328,carbonZ_2018-10-18-11-06-06_engine_failure_with_emr_traj,engine,26.5100002289,-206.510742188,2.00373911858,272,5.18177700043,2.06615614891,-82.1898574829,-1.64492642879,-16.9600696564,-0.675963997841,0
1539875477097710952,41.880317376,carbonZ_2018-10-18-11-06-06_engine_failure_with_emr_traj,engine,26.5100002289,-206.510742188,2.00373911858,272,5.18177700043,2.06615614891,-82.1898574829,-1.63177490234,-16.9435825348,-0.67139518261,0
1539875477137270344,41.919876768,carbonZ_2018-10-18-11-06-06_engine_failure_with_emr_traj,engine,26.5100002289,-206.510742188,2.00373911858,272,5.18177700043,2.06615614891,-82.1898574829,-1.6088539362,-16.9179229736,-0.632865428925,0
1539875477172367016,41.95497344,carbonZ_2018-10-18-11-06-06_engine_failure_with_emr_traj,engine,26.4599990845,-196.84677124,2.1707174778,274,5.18177700043,2.06615614891,-82.1898574829,-1.5833427906,-16.8777656555,-0.563173770905,0
1539875477231793416,42.01439984,carbonZ_2018-10-18-11-06-06_engine_failure_with_emr_traj,engine,26.4599990845,-196.84677124,2.1707174778,274,5.18177700043,2.06615614891,-82.1898574829,-1.56376028061,-16.8536872864,-0.533780038357,0
1539875477310396264,42.093002688,carbonZ_2018-10-18-11-06-06_engine_failure_with_emr_traj,engine,26.4300003052,-196.84677124,2.31543207169,276,5.18177700043,2.06615614891,-82.1898574829,-1.53031337261,-16.8113422394,-0.449847877026,0
1539875477348981128,42.131587552,carbonZ_2018-10-18-11-06-06_engine_failure_with_emr_traj,engine,26.3999996185,-179.127319336,2.47127842903,277,5.18177700043,2.06615614891,-82.1898574829,-1.51456940174,-16.7896537781,-0.418384313583,0
1539875477384407656,42.16701408,carbonZ_2018-10-18-11-06-06_engine_failure_with_emr_traj,engine,26.3999996185,-179.127319336,2.47127842903,277,5.18177700043,2.06615614891,-82.1898574829,-1.49452614784,-16.7705421448,-0.392225891352,0
1539875477453649608,42.236256032,carbonZ_2018-10-18-11-06-06_engine_failure_with_emr_traj,engine,26.3699989319,-179.127319336,2.6159927845,279,8.72100734711,0.303925812244,-82.5684356689,-1.44811356068,-16.7487335205,-0.39121311903,0
1539875477496137832,42.278744256,carbonZ_2018-10-18-11-06-06_engine_failure_with_emr_traj,engine,26.3699989319,-179.127319336,2.6159927845,279,8.72100734711,0.303925812244,-82.5684356689,-1.42624986172,-16.7304782867,-0.367152780294,0
1539875477573540104,42.356146528,carbonZ_2018-10-18-11-06-06_engine_failure_with_emr_traj,engine,26.3499984741,-179.812042236,2.76070737839,281,8.72100734711,0.303925812244,-82.5684356689,-1.38591122627,-16.7002830505,-0.234945043921,0
1539875477600002984,42.382609408,carbonZ_2018-10-18-11-06-06_engine_failure_with_emr_traj,engine,26.3499984741,-179.812042236,2.76070737839,281,8.72100734711,0.303925812244,-82.5684356689,-1.38473582268,-16.6884098053,-0.197219669819,0
1539875477617153160,42.399759584,carbonZ_2018-10-18-11-06-06_engine_failure_with_emr_traj,engine,26.3499984741,-179.812042236,2.76070737839,281,8.72100734711,0.303925812244,-82.5684356689,-1.38473582268,-16.6884098053,-0.197219669819,0
1539875477690832360,42.473438784,carbonZ_2018-10-18-11-06-06_engine_failure_with_emr_traj,engine,26.3499984741,-179.812042236,2.90542197227,282,8.72100734711,0.303925812244,-82.5684356689,-1.29606211185,-16.6656894684,0.0211392194033,0
1539875477727471528,42.510077952,carbonZ_2018-10-18-11-06-06_engine_failure_with_emr_traj,engine,26.3499984741,-179.812042236,2.90542197227,282,8.72100734711,0.303925812244,-82.5684356689,-1.26514065266,-16.654838562,0.129610016942,0
1539875477786143720,42.568750144,carbonZ_2018-10-18-11-06-06_engine_failure_with_emr_traj,engine,26.359998703,-170.859710693,3.03900456429,284,8.72100734711,0.303925812244,-82.5684356689,-1.23122119904,-16.6406402588,0.285680115223,0
1539875477871442504,42.654048928,carbonZ_2018-10-18-11-06-06_engine_failure_with_emr_traj,engine,26.3999996185,-170.859710693,3.16145515442,286,8.72100734711,0.303925812244,-82.5684356689,-1.17379903793,-16.6295509338,0.501650750637,0
1539875477908031880,42.690638304,carbonZ_2018-10-18-11-06-06_engine_failure_with_emr_traj,engine,26.3999996185,-170.859710693,3.16145515442,286,10.5838489532,-2.57912778854,-78.8857192993,-1.13523852825,-16.6250782013,0.576920151711,0
1539875477945186728,42.727793152,carbonZ_2018-10-18-11-06-06_engine_failure_with_emr_traj,engine,26.4699993134,-166.909790039,3.27277398109,287,10.5838489532,-2.57912778854,-78.8857192993,-1.08764994144,-16.6215324402,0.627040863037,0
1539875477984289928,42.766896352,carbonZ_2018-10-18-11-06-06_engine_failure_with_emr_traj,engine,26.4699993134,-166.909790039,3.27277398109,287,10.5838489532,-2.57912778854,-78.8857192993,-1.0326962471,-16.6191749573,0.65902531147,0
1539875478040614568,42.823220992,carbonZ_2018-10-18-11-06-06_engine_failure_with_emr_traj,engine,26.5499992371,-166.909790039,3.38409280777,289,10.5838489532,-2.57912778854,-78.8857192993,-0.954998373985,-16.6141471863,0.717838585377,0
1539875478124249032,42.906855456,carbonZ_2018-10-18-11-06-06_engine_failure_with_emr_traj,engine,26.5499992371,-166.909790039,3.38409280777,289,10.5838489532,-2.57912778854,-78.8857192993,-0.848368227482,-16.6154842377,0.733571350574,0
1539875478136599048,42.919205472,carbonZ_2018-10-18-11-06-06_engine_failure_with_emr_traj,engine,26.5499992371,-166.909790039,3.38409280777,289,10.5838489532,-2.57912778854,-78.8857192993,-0.825405836105,-16.6041812897,0.751077592373,0
1539875478193979528,42.976585952,carbonZ_2018-10-18-11-06-06_engine_failure_with_emr_traj,engine,26.6399993896,-168.327713013,3.47314786911,290,10.5838489532,-2.57912778854,-78.8857192993,-0.712028384209,-16.6009883881,0.804460048676,0
1539875478235320616,43.01792704,carbonZ_2018-10-18-11-06-06_engine_failure_with_emr_traj,engine,26.6399993896,-168.327713013,3.47314786911,290,11.3151073456,-3.22857117653,-76.4236450195,-0.64456987381,-16.5973472595,0.846260786057,0
1539875478286536808,43.069143232,carbonZ_2018-10-18-11-06-06_engine_failure_with_emr_traj,engine,26.7299995422,-168.327713013,3.53993916512,292,11.3151073456,-3.22857117653,-76.4236450195,-0.509084880352,-16.6001758575,0.820524036884,0
1539875478310565448,43.093171872,carbonZ_2018-10-18-11-06-06_engine_failure_with_emr_traj,engine,26.7299995422,-168.327713013,3.53993916512,292,11.3151073456,-3.22857117653,-76.4236450195,-0.470039606094,-16.5942821503,0.796984016895,0
1539875478391501480,43.174107904,carbonZ_2018-10-18-11-06-06_engine_failure_with_emr_traj,engine,26.8299999237,-168.113128662,3.5844669342,294,11.3151073456,-3.22857117653,-76.4236450195,-0.261198401451,-16.6031284332,0.605664491653,0
1539875478419659624,43.202266048,carbonZ_2018-10-18-11-06-06_engine_failure_with_emr_traj,engine,26.8299999237,-168.113128662,3.5844669342,294,11.3151073456,-3.22857117653,-76.4236450195,-0.170380920172,-16.6132354736,0.532391428947,0
1539875478466033576,43.24864,carbonZ_2018-10-18-11-06-06_engine_failure_with_emr_traj,engine,26.8999996185,-168.113128662,3.60673069954,295,11.3151073456,-3.22857117653,-76.4236450195,-0.0955967530608,-16.6123027802,0.504316329956,0
1539875478505002760,43.287609184,carbonZ_2018-10-18-11-06-06_engine_failure_with_emr_traj,engine,26.8999996185,-168.113128662,3.60673069954,295,11.3151073456,-3.22857117653,-76.4236450195,-0.0397295504808,-16.6094646454,0.482696115971,0
1539875478543708840,43.326315264,carbonZ_2018-10-18-11-06-06_engine_failure_with_emr_traj,engine,26.9499988556,-173.658172607,3.60673069954,297,11.3151073456,-3.22857117653,-76.4236450195,0.0135568138212,-16.6047286987,0.48351469636,0
1539875478631968872,43.414575296,carbonZ_2018-10-18-11-06-06_engine_failure_with_emr_traj,engine,27.0,-173.658172607,3.59559869766,299,10.6319818497,-2.04754900932,-77.35496521,0.162446931005,-16.6095180511,0.481991440058,0
1539875478701713480,43.484319904,carbonZ_2018-10-18-11-06-06_engine_failure_with_emr_traj,engine,27.0,-173.658172607,3.59559869766,299,10.6319818497,-2.04754900932,-77.35496521,0.167739897966,-16.5995063782,0.485312968493,0
1539875478726929736,43.50953616,carbonZ_2018-10-18-11-06-06_engine_failure_with_emr_traj,engine,27.0,-173.658172607,3.59559869766,299,10.6319818497,-2.04754900932,-77.35496521,0.211245194077,-16.6028823853,0.473056763411,0
1539875478791355208,43.573961632,carbonZ_2018-10-18-11-06-06_engine_failure_with_emr_traj,engine,27.0599994659,-177.718536377,3.57333493233,300,10.6319818497,-2.04754900932,-77.35496521,0.245512366295,-16.5980091095,0.480517685413,0
1539875478823555656,43.60616208,carbonZ_2018-10-18-11-06-06_engine_failure_with_emr_traj,engine,27.0599994659,-177.718536377,3.57333493233,300,10.6319818497,-2.04754900932,-77.35496521,0.282497376204,-16.5986728668,0.459331601858,0
1539875478916333608,43.698940032,carbonZ_2018-10-18-11-06-06_engine_failure_with_emr_traj,engine,27.109998703,-177.718536377,3.53993916512,302,7.7790927887,-1.44466543198,-77.5905838013,0.330548852682,-16.6073455811,0.455504953861,0
1539875478940399144,43.723005568,carbonZ_2018-10-18-11-06-06_engine_failure_with_emr_traj,engine,27.109998703,-177.718536377,3.53993916512,302,7.7790927887,-1.44466543198,-77.5905838013,0.337707102299,-16.6060504913,0.428605318069,0
1539875478985777960,43.768384384,carbonZ_2018-10-18-11-06-06_engine_failure_with_emr_traj,engine,27.1599998474,-175.900268555,3.51767539978,303,7.7790927887,-1.44466543198,-77.5905838013,0.337212920189,-16.6156826019,0.413165986538,0
1539875479045644712,43.828251136,carbonZ_2018-10-18-11-06-06_engine_failure_with_emr_traj,engine,27.2099990845,-175.900268555,3.49541163445,305,7.7790927887,-1.44466543198,-77.5905838013,0.323653459549,-16.6341323853,0.43057847023,0
1539875479107227592,43.889834016,carbonZ_2018-10-18-11-06-06_engine_failure_with_emr_traj,engine,27.2099990845,-175.900268555,3.49541163445,305,7.7790927887,-1.44466543198,-77.5905838013,0.313928157091,-16.6579551697,0.48398578167,0
1539875479133285544,43.915891968,carbonZ_2018-10-18-11-06-06_engine_failure_with_emr_traj,engine,27.2099990845,-175.900268555,3.49541163445,305,7.7790927887,-1.44466543198,-77.5905838013,0.321077048779,-16.6738052368,0.468331903219,0
1539875479188637736,43.97124416,carbonZ_2018-10-18-11-06-06_engine_failure_with_emr_traj,engine,27.2600002289,-177.098266602,3.47314786911,307,7.7790927887,-1.44466543198,-77.5905838013,0.325186342001,-16.6894893646,0.447627454996,0
1539875479219745192,44.002351616,carbonZ_2018-10-18-11-06-06_engine_failure_with_emr_traj,engine,27.2600002289,-177.098266602,3.47314786911,307,7.7790927887,-1.44466543198,-77.5905838013,0.31437510252,-16.6893768311,0.461757779121,0
1539875479295487496,44.07809392,carbonZ_2018-10-18-11-06-06_engine_failure_with_emr_traj,engine,27.3099994659,-177.098266602,3.46201610565,308,4.38002252579,-1.42515945435,-75.5138473511,0.346369087696,-16.7167491913,0.464137107134,0
1539875479355521992,44.138128416,carbonZ_2018-10-18-11-06-06_engine_failure_with_emr_traj,engine,27.359998703,-188.187225342,3.43975234032,310,4.38002252579,-1.42515945435,-75.5138473511,0.358384698629,-16.7245597839,0.460736960173,0
1539875479379575176,44.1621816,carbonZ_2018-10-18-11-06-06_engine_failure_with_emr_traj,engine,27.359998703,-188.187225342,3.43975234032,310,4.38002252579,-1.42515945435,-75.5138473511,0.372350692749,-16.733997345,0.483795374632,0
1539875479413989032,44.196595456,carbonZ_2018-10-18-11-06-06_engine_failure_with_emr_traj,engine,27.359998703,-188.187225342,3.43975234032,310,4.38002252579,-1.42515945435,-75.5138473511,0.375289261341,-16.7302818298,0.481129914522,0
1539875479474188328,44.256794752,carbonZ_2018-10-18-11-06-06_engine_failure_with_emr_traj,engine,27.4200000763,-188.187225342,3.42862033844,312,4.38002252579,-1.42515945435,-75.5138473511,0.402449399233,-16.7299728394,0.558269441128,0
1539875479515253256,44.29785968,carbonZ_2018-10-18-11-06-06_engine_failure_with_emr_traj,engine,27.4200000763,-188.187225342,3.42862033844,312,4.38002252579,-1.42515945435,-75.5138473511,0.441025525331,-16.7388706207,0.602084696293,0
1539875479571920744,44.354527168,carbonZ_2018-10-18-11-06-06_engine_failure_with_emr_traj,engine,27.4799995422,-121.620941162,3.41748857498,313,6.29205322266,-1.3855509758,-73.6513671875,0.509998083115,-16.7310657501,0.616080641747,0
1539875479650905320,44.433511744,carbonZ_2018-10-18-11-06-06_engine_failure_with_emr_traj,engine,27.5499992371,-121.620941162,3.38409280777,315,6.29205322266,-1.3855509758,-73.6513671875,0.619785487652,-16.7182216644,0.568525612354,0
1539875479664947720,44.447554144,carbonZ_2018-10-18-11-06-06_engine_failure_with_emr_traj,engine,27.5499992371,-121.620941162,3.38409280777,315,6.29205322266,-1.3855509758,-73.6513671875,0.670461237431,-16.7158374786,0.532457709312,0
1539875479725306312,44.507912736,carbonZ_2018-10-18-11-06-06_engine_failure_with_emr_traj,engine,27.5499992371,-121.620941162,3.38409280777,315,6.29205322266,-1.3855509758,-73.6513671875,0.757153391838,-16.7108669281,0.437055975199,0
1539875479769305992,44.551912416,carbonZ_2018-10-18-11-06-06_engine_failure_with_emr_traj,engine,27.609998703,-119.424057007,3.3395652771,316,6.29205322266,-1.3855509758,-73.6513671875,0.790012776852,-16.7065505981,0.369471997023,0
1539875479852675208,44.635281632,carbonZ_2018-10-18-11-06-06_engine_failure_with_emr_traj,engine,27.6499996185,-119.424057007,3.27277398109,318,6.29205322266,-1.3855509758,-73.6513671875,0.883206963539,-16.7047672272,0.141643762589,0
1539875479891460904,44.674067328,carbonZ_2018-10-18-11-06-06_engine_failure_with_emr_traj,engine,27.6499996185,-119.424057007,3.27277398109,318,6.29205322266,-1.3855509758,-73.6513671875,0.910114526749,-16.7086353302,0.000678888929542,0
1539875479925019880,44.707626304,carbonZ_2018-10-18-11-06-06_engine_failure_with_emr_traj,engine,27.6499996185,-119.424057007,3.27277398109,318,6.29205322266,-1.3855509758,-73.6513671875,0.910114526749,-16.7086353302,0.000678888929542,0
1539875479967324776,44.7499312,carbonZ_2018-10-18-11-06-06_engine_failure_with_emr_traj,engine,27.6700000763,-120.90473175,3.20598268509,320,6.29205322266,-1.3855509758,-73.6513671875,0.913316965103,-16.7144870758,-0.118364907801,0
1539875479999585704,44.782192128,carbonZ_2018-10-18-11-06-06_engine_failure_with_emr_traj,engine,27.6700000763,-120.90473175,3.20598268509,320,5.61521911621,1.1702439785,-76.6009521484,0.89277946949,-16.7124080658,-0.224300906062,0
1539875480062605480,44.845211904,carbonZ_2018-10-18-11-06-06_engine_failure_with_emr_traj,engine,27.6599998474,-120.90473175,3.12805962563,321,5.61521911621,1.1702439785,-76.6009521484,0.8810069561,-16.717300415,-0.439914554358,0
1539875480159574408,44.942180832,carbonZ_2018-10-18-11-06-06_engine_failure_with_emr_traj,engine,27.609998703,-124.014663696,3.06126832962,323,5.61521911621,1.1702439785,-76.6009521484,0.851803481579,-16.7355461121,-0.6993252635,0
1539875480179760136,44.96236656,carbonZ_2018-10-18-11-06-06_engine_failure_with_emr_traj,engine,27.609998703,-124.014663696,3.06126832962,323,5.61521911621,1.1702439785,-76.6009521484,0.816314220428,-16.73346138,-0.794403076172,0
1539875480237762984,45.020369408,carbonZ_2018-10-18-11-06-06_engine_failure_with_emr_traj,engine,27.609998703,-124.014663696,3.06126832962,323,5.61521911621,1.1702439785,-76.6009521484,0.803403615952,-16.7449951172,-0.8796864748,0
1539875480290238088,45.072844512,carbonZ_2018-10-18-11-06-06_engine_failure_with_emr_traj,engine,27.5299987793,-124.014663696,3.00560879707,325,5.61521911621,1.1702439785,-76.6009521484,0.756380498409,-16.7523231506,-0.935401201248,0
1539875480308327784,45.090934208,carbonZ_2018-10-18-11-06-06_engine_failure_with_emr_traj,engine,27.5299987793,-124.014663696,3.00560879707,325,5.61521911621,1.1702439785,-76.6009521484,0.722856640816,-16.7474479675,-0.938325941563,0
1539875480374596104,45.157202528,carbonZ_2018-10-18-11-06-06_engine_failure_with_emr_traj,engine,27.4300003052,-124.308204651,2.9610812664,326,5.61521911621,1.1702439785,-76.6009521484,0.660183012486,-16.7548160553,-0.995163500309,0
1539875480440380392,45.222986816,carbonZ_2018-10-18-11-06-06_engine_failure_with_emr_traj,engine,27.3199996948,-124.308204651,2.93881750107,328,1.14573419094,1.18823611736,-76.0382385254,0.594243168831,-16.7743206024,-1.1657756567,0
1539875480517608904,45.300215328,carbonZ_2018-10-18-11-06-06_engine_failure_with_emr_traj,engine,27.3199996948,-124.308204651,2.93881750107,328,1.14573419094,1.18823611736,-76.0382385254,0.496468365192,-16.7748069763,-1.50966155529,0
1539875480579175720,45.361782144,carbonZ_2018-10-18-11-06-06_engine_failure_with_emr_traj,engine,27.1899986267,-126.889419556,2.91655373573,330,1.14573419094,1.18823611736,-76.0382385254,0.491311848164,-16.7764396667,-1.579600811,0
1539875480600365768,45.382972192,carbonZ_2018-10-18-11-06-06_engine_failure_with_emr_traj,engine,27.1899986267,-126.889419556,2.91655373573,330,1.14573419094,1.18823611736,-76.0382385254,0.463241219521,-16.7694358826,-1.63562941551,0
1539875480679658984,45.462265408,carbonZ_2018-10-18-11-06-06_engine_failure_with_emr_traj,engine,27.0199985504,-126.889419556,2.91655373573,331,1.14573419094,1.18823611736,-76.0382385254,0.440272003412,-16.7651176453,-1.68763625622,0
1539875480718257096,45.50086352,carbonZ_2018-10-18-11-06-06_engine_failure_with_emr_traj,engine,27.0199985504,-126.889419556,2.91655373573,331,1.14573419094,1.18823611736,-76.0382385254,0.416092216969,-16.7543144226,-1.66258108616,0
1539875480790835592,45.573442016,carbonZ_2018-10-18-11-06-06_engine_failure_with_emr_traj,engine,26.8499984741,-123.971557617,2.91655373573,333,-1.10826730728,1.19545924664,-74.0844116211,0.380397945642,-16.7361774445,-1.57931494713,0
1539875480808424936,45.59103136,carbonZ_2018-10-18-11-06-06_engine_failure_with_emr_traj,engine,26.8499984741,-123.971557617,2.91655373573,333,-1.10826730728,1.19545924664,-74.0844116211,0.372922003269,-16.7392120361,-1.54033505917,0
1539875480865638440,45.648244864,carbonZ_2018-10-18-11-06-06_engine_failure_with_emr_traj,engine,26.6800003052,-123.971557617,2.91655373573,335,-1.10826730728,1.19545924664,-74.0844116211,0.348854422569,-16.7340183258,-1.45352339745,0
1539875480917948744,45.700555168,carbonZ_2018-10-18-11-06-06_engine_failure_with_emr_traj,engine,26.6800003052,-123.971557617,2.91655373573,335,-1.10826730728,1.19545924664,-74.0844116211,0.315856665373,-16.7219715118,-1.41033422947,0
1539875480978047272,45.760653696,carbonZ_2018-10-18-11-06-06_engine_failure_with_emr_traj,engine,26.5299987793,-115.276527405,2.92768573761,336,-1.10826730728,1.19545924664,-74.0844116211,0.230765610933,-16.7074203491,-1.35087621212,0
1539875481007005928,45.789612352,carbonZ_2018-10-18-11-06-06_engine_failure_with_emr_traj,engine,26.5299987793,-115.276527405,2.92768573761,336,-1.10826730728,1.19545924664,-74.0844116211,0.192849546671,-16.6964473724,-1.31662166119,0
1539875481079776232,45.862382656,carbonZ_2018-10-18-11-06-06_engine_failure_with_emr_traj,engine,26.3899993896,-115.276527405,2.94994950294,338,-1.10826730728,1.19545924664,-74.0844116211,0.157777413726,-16.6898002625,-1.28974342346,0
1539875481109741096,45.89234752,carbonZ_2018-10-18-11-06-06_engine_failure_with_emr_traj,engine,26.3899993896,-115.276527405,2.94994950294,338,-0.596372365952,0.828910768032,-75.8293457031,0.118001766503,-16.6848697662,-1.26454615593,0
1539875481171104520,45.953710944,carbonZ_2018-10-18-11-06-06_engine_failure_with_emr_traj,engine,26.25,-107.809829712,2.97221326828,339,-0.596372365952,0.828910768032,-75.8293457031,0.0561920404434,-16.6753101349,-1.23130130768,0
1539875481201206920,45.983813344,carbonZ_2018-10-18-11-06-06_engine_failure_with_emr_traj,engine,26.25,-107.809829712,2.97221326828,339,-0.596372365952,0.828910768032,-75.8293457031,0.0251531898975,-16.6626853943,-1.23248422146,0
1539875481288379112,46.070985536,carbonZ_2018-10-18-11-06-06_engine_failure_with_emr_traj,engine,26.1299991608,-107.809829712,3.00560879707,341,-0.596372365952,0.828910768032,-75.8293457031,-0.0290923602879,-16.6334228516,-1.2500628233,0
1539875481329991848,46.112598272,carbonZ_2018-10-18-11-06-06_engine_failure_with_emr_traj,engine,26.1299991608,-107.809829712,3.00560879707,341,-0.596372365952,0.828910768032,-75.8293457031,-0.0320660658181,-16.6310882568,-1.25657629967,0
1539875481379766984,46.162373408,carbonZ_2018-10-18-11-06-06_engine_failure_with_emr_traj,engine,26.0,-101.037406921,3.05013632774,343,-0.596372365952,0.828910768032,-75.8293457031,-0.0863018482924,-16.6011333466,-1.26229417324,0
1539875481415216840,46.197823264,carbonZ_2018-10-18-11-06-06_engine_failure_with_emr_traj,engine,26.0,-101.037406921,3.05013632774,343,0.965539038181,0.438824385405,-76.7992477417,-0.109331704676,-16.5817432404,-1.25167822838,0
1539875481466417736,46.24902416,carbonZ_2018-10-18-11-06-06_engine_failure_with_emr_traj,engine,25.8799991608,-101.037406921,3.09466385841,344,0.965539038181,0.438824385405,-76.7992477417,-0.122037179768,-16.5549793243,-1.23800933361,0
1539875481523722344,46.306328768,carbonZ_2018-10-18-11-06-06_engine_failure_with_emr_traj,engine,25.75,-93.7147140503,3.15032339096,346,0.965539038181,0.438824385405,-76.7992477417,-0.156460016966,-16.5161991119,-1.26405894756,0
1539875481566523848,46.349130272,carbonZ_2018-10-18-11-06-06_engine_failure_with_emr_traj,engine,25.75,-93.7147140503,3.15032339096,346,0.965539038181,0.438824385405,-76.7992477417,-0.174332082272,-16.503370285,-1.27756154537,0
1539875481695268264,46.477874688,carbonZ_2018-10-18-11-06-06_engine_failure_with_emr_traj,engine,25.6199989319,-93.7147140503,3.20598268509,348,0.965539038181,0.438824385405,-76.7992477417,-0.236098468304,-16.4520549774,-1.2559325695,0
1539875481746210216,46.52881664,carbonZ_2018-10-18-11-06-06_engine_failure_with_emr_traj,engine,25.6199989319,-93.7147140503,3.20598268509,348,0.965539038181,0.438824385405,-76.7992477417,-0.25394102931,-16.4377059937,-1.25109267235,0
1539875481794049032,46.576655456,carbonZ_2018-10-18-11-06-06_engine_failure_with_emr_traj,engine,25.4899997711,-81.0821533203,3.26164221764,349,0.965539038181,0.438824385405,-76.7992477417,-0.270886361599,-16.4188709259,-1.19499611855,0
1539875481820665736,46.60327216,carbonZ_2018-10-18-11-06-06_engine_failure_with_emr_traj,engine,25.4899997711,-81.0821533203,3.26164221764,349,0.322218090296,-0.479924350977,-78.2653198242,-0.28057256341,-16.4000701904,-1.11245858669,0
1539875481866223752,46.648830176,carbonZ_2018-10-18-11-06-06_engine_failure_with_emr_traj,engine,25.359998703,-81.0821533203,3.32843351364,351,0.322218090296,-0.479924350977,-78.2653198242,-0.290140897036,-16.38646698,-1.00418448448,0
1539875481909949800,46.692556224,carbonZ_2018-10-18-11-06-06_engine_failure_with_emr_traj,engine,25.359998703,-81.0821533203,3.32843351364,351,0.322218090296,-0.479924350977,-78.2653198242,-0.303338825703,-16.3763122559,-0.908976018429,0
1539875481978640808,46.761247232,carbonZ_2018-10-18-11-06-06_engine_failure_with_emr_traj,engine,25.2600002289,-75.0274658203,3.39522480965,353,0.322218090296,-0.479924350977,-78.2653198242,-0.329494953156,-16.3606319427,-0.836789488792,0
1539875482013109160,46.795715584,carbonZ_2018-10-18-11-06-06_engine_failure_with_emr_traj,engine,25.2600002289,-75.0274658203,3.39522480965,353,0.322218090296,-0.479924350977,-78.2653198242,-0.340918898582,-16.3537502289,-0.854823887348,0
1539875482097370664,46.879977088,carbonZ_2018-10-18-11-06-06_engine_failure_with_emr_traj,engine,25.1599998474,-75.0274658203,3.46201610565,354,0.322218090296,-0.479924350977,-78.2653198242,-0.352867841721,-16.3414096832,-0.903557956219,0
1539875482141100232,46.923706656,carbonZ_2018-10-18-11-06-06_engine_failure_with_emr_traj,engine,25.1599998474,-75.0274658203,3.46201610565,354,0.322218090296,-0.479924350977,-78.2653198242,-0.353701144457,-16.3337459564,-0.902899026871,0
1539875482154900840,46.937507264,carbonZ_2018-10-18-11-06-06_engine_failure_with_emr_traj,engine,25.0699996948,-70.1736450195,3.51767539978,356,0.322218090296,-0.479924350977,-78.2653198242,-0.353701144457,-16.3337459564,-0.902899026871,0
1539875482228392968,47.010999392,carbonZ_2018-10-18-11-06-06_engine_failure_with_emr_traj,engine,25.0699996948,-70.1736450195,3.51767539978,356,0.322218090296,-0.479924350977,-78.2653198242,-0.38684925437,-16.3226699829,-1.0115391016,0
1539875482315664488,47.098270912,carbonZ_2018-10-18-11-06-06_engine_failure_with_emr_traj,engine,24.9699993134,-70.1736450195,3.5844669342,357,2.65974974632,-1.32572960854,-81.6578216553,-0.406821280718,-16.3031826019,-0.967160105705,0
1539875482336966984,47.119573408,carbonZ_2018-10-18-11-06-06_engine_failure_with_emr_traj,engine,24.859998703,-60.1285934448,3.65125823021,359,2.65974974632,-1.32572960854,-81.6578216553,-0.415188759565,-16.295583725,-0.944279789925,0
1539875482376512744,47.159119168,carbonZ_2018-10-18-11-06-06_engine_failure_with_emr_traj,engine,24.859998703,-60.1285934448,3.65125823021,359,2.65974974632,-1.32572960854,-81.6578216553,-0.471876263618,-16.2787418365,-0.866881608963,0
1539875482431730952,47.214337376,carbonZ_2018-10-18-11-06-06_engine_failure_with_emr_traj,engine,24.859998703,-60.1285934448,3.65125823021,359,2.65974974632,-1.32572960854,-81.6578216553,-0.486037373543,-16.2732334137,-0.844468832016,0
1539875482481665256,47.26427168,carbonZ_2018-10-18-11-06-06_engine_failure_with_emr_traj,engine,24.7600002289,-60.1285934448,3.71804952621,361,2.65974974632,-1.32572960854,-81.6578216553,-0.53606903553,-16.2580413818,-0.834521591663,0
1539875482541762536,47.32436896,carbonZ_2018-10-18-11-06-06_engine_failure_with_emr_traj,engine,24.6700000763,-60.5314254761,3.79597258568,362,2.65974974632,-1.32572960854,-81.6578216553,-0.563636362553,-16.2532367706,-0.79738599062,0
1539875482580147688,47.362754112,carbonZ_2018-10-18-11-06-06_engine_failure_with_emr_traj,engine,24.6700000763,-60.5314254761,3.79597258568,362,2.65974974632,-1.32572960854,-81.6578216553,-0.603556871414,-16.2380027771,-0.677248895168,0
1539875482655136232,47.437742656,carbonZ_2018-10-18-11-06-06_engine_failure_with_emr_traj,engine,24.5799999237,-60.5314254761,3.88502764702,364,2.75844454765,-3.13728904724,-83.2422332764,-0.625517547131,-16.2183208466,-0.476456403732,0
1539875482721562216,47.50416864,carbonZ_2018-10-18-11-06-06_engine_failure_with_emr_traj,engine,24.5799999237,-60.5314254761,3.88502764702,364,2.75844454765,-3.13728904724,-83.2422332764,-0.638811707497,-16.198764801,-0.202132195234,0
1539875482782078536,47.56468496,carbonZ_2018-10-18-11-06-06_engine_failure_with_emr_traj,engine,24.5299987793,-62.8688812256,3.98521471024,366,2.75844454765,-3.13728904724,-83.2422332764,-0.647249996662,-16.1883296967,-0.0958953499794,0
1539875482840137032,47.622743456,carbonZ_2018-10-18-11-06-06_engine_failure_with_emr_traj,engine,24.5100002289,-62.8688812256,4.07426977158,367,2.75844454765,-3.13728904724,-83.2422332764,-0.655148386955,-16.176027298,0.0668607577682,0
1539875482895783272,47.678389696,carbonZ_2018-10-18-11-06-06_engine_failure_with_emr_traj,engine,24.5100002289,-62.8688812256,4.07426977158,367,2.75844454765,-3.13728904724,-83.2422332764,-0.661786496639,-16.1616897583,0.233109280467,0
1539875482938183432,47.720789856,carbonZ_2018-10-18-11-06-06_engine_failure_with_emr_traj,engine,24.5100002289,-62.8688812256,4.07426977158,367,2.75844454765,-3.13728904724,-83.2422332764,-0.675216794014,-16.1510734558,0.374747544527,0
1539875482989910120,47.772516544,carbonZ_2018-10-18-11-06-06_engine_failure_with_emr_traj,engine,24.5299987793,-51.135635376,4.17445659637,369,3.13919520378,-5.05030441284,-81.7102584839,-0.686740100384,-16.1424808502,0.582431793213,0
1539875483011583848,47.794190272,carbonZ_2018-10-18-11-06-06_engine_failure_with_emr_traj,engine,24.5299987793,-51.135635376,4.17445659637,369,3.13919520378,-5.05030441284,-81.7102584839,-0.682461023331,-16.1436710358,0.647936105728,0
1539875483059569640,47.842176064,carbonZ_2018-10-18-11-06-06_engine_failure_with_emr_traj,engine,24.5799999237,-51.135635376,4.26351165771,370,3.13919520378,-5.05030441284,-81.7102584839,-0.672472417355,-16.1322193146,0.874747157097,0
1539875483118197704,47.900804128,carbonZ_2018-10-18-11-06-06_engine_failure_with_emr_traj,engine,24.5799999237,-51.135635376,4.26351165771,370,3.13919520378,-5.05030441284,-81.7102584839,-0.663380563259,-16.1216163635,0.998967766762,0
1539875483163176488,47.945782912,carbonZ_2018-10-18-11-06-06_engine_failure_with_emr_traj,engine,24.6700000763,-42.0845031738,4.35256671906,372,3.13919520378,-5.05030441284,-81.7102584839,-0.627289950848,-16.1255302429,1.10181903839,0
1539875483244280552,48.026886976,carbonZ_2018-10-18-11-06-06_engine_failure_with_emr_traj,engine,24.7799987793,-42.0845031738,4.4416217804,374,3.13919520378,-5.05030441284,-81.7102584839,-0.568163990974,-16.1346817017,1.16203975677,0
1539875483292387496,48.07499392,carbonZ_2018-10-18-11-06-06_engine_failure_with_emr_traj,engine,24.7799987793,-42.0845031738,4.4416217804,374,3.13919520378,-5.05030441284,-81.7102584839,-0.493690520525,-16.1477127075,1.19555974007,0
1539875483336990184,48.119596608,carbonZ_2018-10-18-11-06-06_engine_failure_with_emr_traj,engine,24.7799987793,-42.0845031738,4.4416217804,374,3.13919520378,-5.05030441284,-81.7102584839,-0.470436453819,-16.1477794647,1.21811294556,0
1539875483358671976,48.1412784,carbonZ_2018-10-18-11-06-06_engine_failure_with_emr_traj,engine,24.8899993896,-46.1990356445,4.50841331482,375,3.13919520378,-5.05030441284,-81.7102584839,-0.423468440771,-16.1585235596,1.24774861336,0
1539875483403962472,48.186568896,carbonZ_2018-10-18-11-06-06_engine_failure_with_emr_traj,engine,24.8899993896,-46.1990356445,4.50841331482,375,7.13306474686,-5.77322530746,-81.8065795898,-0.367017179728,-16.1737251282,1.28253948689,0
1539875483440569448,48.223175872,carbonZ_2018-10-18-11-06-06_engine_failure_with_emr_traj,engine,25.0199985504,-46.1990356445,4.56407260895,377,7.13306474686,-5.77322530746,-81.8065795898,-0.357058018446,-16.1766109467,1.30787336826,0
1539875483485766920,48.268373344,carbonZ_2018-10-18-11-06-06_engine_failure_with_emr_traj,engine,25.0199985504,-46.1990356445,4.56407260895,377,7.13306474686,-5.77322530746,-81.8065795898,-0.290835082531,-16.2055168152,1.37501215935,0
1539875483555749320,48.338355744,carbonZ_2018-10-18-11-06-06_engine_failure_with_emr_traj,engine,25.1399993896,-44.6998596191,4.60860013962,378,7.13306474686,-5.77322530746,-81.8065795898,-0.265497893095,-16.2157344818,1.406478405,0
1539875483588880392,48.371486816,carbonZ_2018-10-18-11-06-06_engine_failure_with_emr_traj,engine,25.1399993896,-44.6998596191,4.60860013962,378,7.13306474686,-5.77322530746,-81.8065795898,-0.244030103087,-16.2271995544,1.46464383602,0
1539875483633556008,48.416162432,carbonZ_2018-10-18-11-06-06_engine_failure_with_emr_traj,engine,25.1399993896,-44.6998596191,4.60860013962,378,7.13306474686,-5.77322530746,-81.8065795898,-0.216500982642,-16.2423381805,1.52242314816,0
1539875483720802664,48.503409088,carbonZ_2018-10-18-11-06-06_engine_failure_with_emr_traj,engine,25.2799987793,-44.6998596191,4.64199590683,380,8.15625190735,-5.79330873489,-83.9688720703,-0.173475563526,-16.2781944275,1.61062502861,0
1539875483753269960,48.535876384,carbonZ_2018-10-18-11-06-06_engine_failure_with_emr_traj,engine,25.4300003052,-59.1609954834,4.66425943375,382,8.15625190735,-5.79330873489,-83.9688720703,-0.164232909679,-16.2952041626,1.64960229397,0
1539875483775727560,48.558333984,carbonZ_2018-10-18-11-06-06_engine_failure_with_emr_traj,engine,25.4300003052,-59.1609954834,4.66425943375,382,8.15625190735,-5.79330873489,-83.9688720703,-0.164232909679,-16.2952041626,1.64960229397,0
1539875483827644712,48.610251136,carbonZ_2018-10-18-11-06-06_engine_failure_with_emr_traj,engine,25.4300003052,-59.1609954834,4.66425943375,382,8.15625190735,-5.79330873489,-83.9688720703,-0.155319899321,-16.343044281,1.69890999794,0
1539875483899855720,48.682462144,carbonZ_2018-10-18-11-06-06_engine_failure_with_emr_traj,engine,25.5799999237,-59.1609954834,4.6865234375,383,8.15625190735,-5.79330873489,-83.9688720703,-0.15698108077,-16.4023399353,1.64810991287,0
1539875483936748008,48.719354432,carbonZ_2018-10-18-11-06-06_engine_failure_with_emr_traj,engine,25.5799999237,-59.1609954834,4.6865234375,383,8.15625190735,-5.79330873489,-83.9688720703,-0.16907171905,-16.4435176849,1.61609077454,0
1539875484023781576,48.806388,carbonZ_2018-10-18-11-06-06_engine_failure_with_emr_traj,engine,25.8799991608,-71.8751907349,4.74218273163,386,4.73618125916,-6.07747650146,-84.0258026123,-0.179344564676,-16.5607891083,1.50823140144,0
1539875484120179432,48.902785856,carbonZ_2018-10-18-11-06-06_engine_failure_with_emr_traj,engine,25.8799991608,-71.8751907349,4.74218273163,386,4.73618125916,-6.07747650146,-84.0258026123,-0.159042000771,-16.6311817169,1.50996589661,0
1539875484158236488,48.940842912,carbonZ_2018-10-18-11-06-06_engine_failure_with_emr_traj,engine,26.0199985504,-86.0023498535,4.77557849884,388,4.73618125916,-6.07747650146,-84.0258026123,-0.105121344328,-16.6976776123,1.55246031284,0
1539875484234826312,49.017432736,carbonZ_2018-10-18-11-06-06_engine_failure_with_emr_traj,engine,26.0199985504,-86.0023498535,4.77557849884,388,4.73618125916,-6.07747650146,-84.0258026123,-0.0658586248755,-16.7370128632,1.55369412899,0
1539875484316323656,49.09893008,carbonZ_2018-10-18-11-06-06_engine_failure_with_emr_traj,engine,26.1599998474,-86.0023498535,4.80897426605,390,4.73618125916,-6.07747650146,-84.0258026123,-0.00477772159502,-16.787519455,1.75185275078,0
1539875484386156936,49.16876336,carbonZ_2018-10-18-11-06-06_engine_failure_with_emr_traj,engine,26.3099994659,-101.024246216,4.82010602951,391,4.73618125916,-6.07747650146,-84.0258026123,0.0515670925379,-16.8338050842,1.89965105057,0
1539875484433676552,49.216282976,carbonZ_2018-10-18-11-06-06_engine_failure_with_emr_traj,engine,26.3099994659,-101.024246216,4.82010602951,391,8.09574127197,-6.63153839111,-81.3171463013,0.133369654417,-16.8897895813,1.80236911774,0
1539875484445706696,49.22831312,carbonZ_2018-10-18-11-06-06_engine_failure_with_emr_traj,engine,26.4799995422,-101.024246216,4.83123779297,393,8.09574127197,-6.63153839111,-81.3171463013,0.186660900712,-16.9184455872,1.7263957262,0
1539875484483321416,49.26592784,carbonZ_2018-10-18-11-06-06_engine_failure_with_emr_traj,engine,26.4799995422,-101.024246216,4.83123779297,393,8.09574127197,-6.63153839111,-81.3171463013,0.258134365082,-16.9585933685,1.56849932671,0
1539875484534262856,49.31686928,carbonZ_2018-10-18-11-06-06_engine_failure_with_emr_traj,engine,26.6399993896,-118.058586121,4.82010602951,395,8.09574127197,-6.63153839111,-81.3171463013,0.321275740862,-17.0016517639,1.38505470753,0
1539875484581893032,49.364499456,carbonZ_2018-10-18-11-06-06_engine_failure_with_emr_traj,engine,26.6399993896,-118.058586121,4.82010602951,395,8.09574127197,-6.63153839111,-81.3171463013,0.377561151981,-17.0799160004,0.990656673908,0
1539875484629300360,49.411906784,carbonZ_2018-10-18-11-06-06_engine_failure_with_emr_traj,engine,26.7399997711,-118.058586121,4.7867102623,396,8.09574127197,-6.63153839111,-81.3171463013,0.416141450405,-17.1450443268,0.657620787621,0
1539875484683613256,49.46621968,carbonZ_2018-10-18-11-06-06_engine_failure_with_emr_traj,engine,26.7399997711,-118.058586121,4.7867102623,396,8.09574127197,-6.63153839111,-81.3171463013,0.434695452452,-17.1628170013,0.5003246665,0
1539875484741321064,49.523927488,carbonZ_2018-10-18-11-06-06_engine_failure_with_emr_traj,engine,26.7799987793,-145.238677979,4.75331449509,398,4.03607177734,-3.91448140144,-82.3798446655,0.484138995409,-17.1798763275,0.29255771637,0
1539875484826158568,49.608764992,carbonZ_2018-10-18-11-06-06_engine_failure_with_emr_traj,engine,26.7799987793,-145.238677979,4.75331449509,398,4.03607177734,-3.91448140144,-82.3798446655,0.503490924835,-17.1735744476,0.14451085031,0
1539875484899223048,49.681829472,carbonZ_2018-10-18-11-06-06_engine_failure_with_emr_traj,engine,26.7899990082,-145.238677979,4.70878696442,400,4.03607177734,-3.91448140144,-82.3798446655,0.521037399769,-17.1807727814,0.00023438455537,0
1539875484954020872,49.736627296,carbonZ_2018-10-18-11-06-06_engine_failure_with_emr_traj,engine,26.7799987793,-155.976867676,4.67539167404,402,4.03607177734,-3.91448140144,-82.3798446655,0.526244938374,-17.1971092224,-0.191122576594,0
1539875484990646344,49.773252768,carbonZ_2018-10-18-11-06-06_engine_failure_with_emr_traj,engine,26.7799987793,-155.976867676,4.67539167404,402,4.03607177734,-3.91448140144,-82.3798446655,0.518442332745,-17.1989974976,-0.319230973721,0
1539875485021622312,49.804228736,carbonZ_2018-10-18-11-06-06_engine_failure_with_emr_traj,engine,26.7799987793,-155.976867676,4.67539167404,402,4.03607177734,-3.91448140144,-82.3798446655,0.509386122227,-17.205286026,-0.453200906515,0
1539875485085585352,49.868191776,carbonZ_2018-10-18-11-06-06_engine_failure_with_emr_traj,engine,26.7399997711,-155.976867676,4.63086414337,403,2.19321799278,-1.47979724407,-83.5047149658,0.52289712429,-17.2233200073,-0.703095197678,0
1539875485154194568,49.936800992,carbonZ_2018-10-18-11-06-06_engine_failure_with_emr_traj,engine,26.6599998474,-155.614852905,4.58323860168,405,2.19321799278,-1.47979724407,-83.5047149658,0.541603684425,-17.2309436798,-1.0174908638,0
1539875485179377000,49.961983424,carbonZ_2018-10-18-11-06-06_engine_failure_with_emr_traj,engine,26.6599998474,-155.614852905,4.58323860168,405,2.19321799278,-1.47979724407,-83.5047149658,0.55119407177,-17.2295951843,-1.1998142004,0
1539875485254965064,50.037571488,carbonZ_2018-10-18-11-06-06_engine_failure_with_emr_traj,engine,26.5299987793,-155.614852905,4.56193399429,407,2.19321799278,-1.47979724407,-83.5047149658,0.560489654541,-17.1808452606,-1.5803732872,0
1539875485327738632,50.110345056,carbonZ_2018-10-18-11-06-06_engine_failure_with_emr_traj,engine,26.5299987793,-155.614852905,4.56193399429,407,2.19321799278,-1.47979724407,-83.5047149658,0.560489654541,-17.1808452606,-1.5803732872,0
1539875485398476584,50.181083008,carbonZ_2018-10-18-11-06-06_engine_failure_with_emr_traj,engine,26.3699989319,-159.754943848,4.52947902679,408,2.19321799278,-1.47979724407,-83.5047149658,0.530007123947,-17.1379966736,-1.84788560867,0
1539875485426168616,50.20877504,carbonZ_2018-10-18-11-06-06_engine_failure_with_emr_traj,engine,26.3699989319,-159.754943848,4.52947902679,408,2.19321799278,-1.47979724407,-83.5047149658,0.51316344738,-17.1165752411,-1.94269788265,0
1539875485491228936,50.27383536,carbonZ_2018-10-18-11-06-06_engine_failure_with_emr_traj,engine,26.1700000763,-159.754943848,4.34011554718,410,1.29474627972,-0.376541912556,-84.6420822144,0.494002759457,-17.0880413055,-2.03982686996,0
1539875485535856648,50.318463072,carbonZ_2018-10-18-11-06-06_engine_failure_with_emr_traj,engine,26.1700000763,-159.754943848,4.34011554718,410,1.29474627972,-0.376541912556,-84.6420822144,0.467627048492,-17.0629825592,-2.04483556747,0
1539875485573563976,50.3561704,carbonZ_2018-10-18-11-06-06_engine_failure_with_emr_traj,engine,25.9499988556,-144.458770752,4.33075046539,412,1.29474627972,-0.376541912556,-84.6420822144,0.456844002008,-17.0328578949,-1.97493386269,0
1539875485609229768,50.391836192,carbonZ_2018-10-18-11-06-06_engine_failure_with_emr_traj,engine,25.9499988556,-144.458770752,4.33075046539,412,1.29474627972,-0.376541912556,-84.6420822144,0.445432066917,-17.001832962,-1.90111410618,0
1539875485662976456,50.44558288,carbonZ_2018-10-18-11-06-06_engine_failure_with_emr_traj,engine,25.7399997711,-144.458770752,4.04317808151,413,1.29474627972,-0.376541912556,-84.6420822144,0.427811592817,-16.9538764954,-1.88987922668,0
1539875485709680488,50.492286912,carbonZ_2018-10-18-11-06-06_engine_failure_with_emr_traj,engine,25.7399997711,-144.458770752,4.04317808151,413,1.29474627972,-0.376541912556,-84.6420822144,0.408782094717,-16.9215354919,-1.8618543148,0
1539875485757453416,50.54005984,carbonZ_2018-10-18-11-06-06_engine_failure_with_emr_traj,engine,25.5499992371,-138.479995728,4.07650566101,415,1.29474627972,-0.376541912556,-84.6420822144,0.379426091909,-16.8903522491,-1.82815289497,0
1539875485794774088,50.577380512,carbonZ_2018-10-18-11-06-06_engine_failure_with_emr_traj,engine,25.5499992371,-138.479995728,4.07650566101,415,1.29474627972,-0.376541912556,-84.6420822144,0.331597208977,-16.836517334,-1.61780285835,0
1539875485858691016,50.64129744,carbonZ_2018-10-18-11-06-06_engine_failure_with_emr_traj,engine,25.3699989319,-138.479995728,4.10966682434,417,1.35060489178,-1.24878394604,-85.9361190796,0.331597208977,-16.836517334,-1.61780285835,0
1539875485893761608,50.676368032,carbonZ_2018-10-18-11-06-06_engine_failure_with_emr_traj,engine,25.3699989319,-138.479995728,4.10966682434,417,1.35060489178,-1.24878394604,-85.9361190796,0.323999911547,-16.8019695282,-1.43712544441,0
1539875485960092648,50.742699072,carbonZ_2018-10-18-11-06-06_engine_failure_with_emr_traj,engine,25.2299995422,-118.999862671,3.69022870064,418,1.35060489178,-1.24878394604,-85.9361190796,0.294330477715,-16.726228714,-1.03752636909,0
1539875486027891336,50.81049776,carbonZ_2018-10-18-11-06-06_engine_failure_with_emr_traj,engine,25.2299995422,-118.999862671,3.69022870064,418,1.35060489178,-1.24878394604,-85.9361190796,0.285634279251,-16.6768188477,-0.792427718639,0
1539875486094305416,50.87691184,carbonZ_2018-10-18-11-06-06_engine_failure_with_emr_traj,engine,25.1399993896,-118.999862671,3.76884198189,420,1.35060489178,-1.24878394604,-85.9361190796,0.293252408504,-16.6518993378,-0.640223622322,0
1539875486149067880,50.931674304,carbonZ_2018-10-18-11-06-06_engine_failure_with_emr_traj,engine,25.0799999237,-109.363365173,2.69520306587,422,1.35060489178,-1.24878394604,-85.9361190796,0.30054846406,-16.6060066223,-0.413121670485,0
1539875486184954568,50.967560992,carbonZ_2018-10-18-11-06-06_engine_failure_with_emr_traj,engine,25.0799999237,-109.363365173,2.69520306587,422,1.35060489178,-1.24878394604,-85.9361190796,0.31599676609,-16.5805625916,-0.298244148493,0
1539875486208901576,50.991508,carbonZ_2018-10-18-11-06-06_engine_failure_with_emr_traj,engine,25.0799999237,-109.363365173,2.69520306587,422,1.35060489178,-1.24878394604,-85.9361190796,0.328571408987,-16.5560512543,-0.274880617857,0
1539875486285369160,51.067975584,carbonZ_2018-10-18-11-06-06_engine_failure_with_emr_traj,engine,25.0699996948,-110.363388062,2.84510993958,423,6.21063184738,-2.74417567253,-85.804977417,0.349192798138,-16.5262012482,-0.285771459341,0
1539875486319419880,51.102026304,carbonZ_2018-10-18-11-06-06_engine_failure_with_emr_traj,engine,25.0699996948,-110.363388062,2.84510993958,423,6.21063184738,-2.74417567253,-85.804977417,0.365673452616,-16.4935798645,-0.308362543583,0
1539875486392236840,51.174843264,carbonZ_2018-10-18-11-06-06_engine_failure_with_emr_traj,engine,25.0599994659,-94.8564529419,1.86805796623,425,6.21063184738,-2.74417567253,-85.804977417,0.371958404779,-16.476480484,-0.329388558865,0
1539875486472307944,51.254914368,carbonZ_2018-10-18-11-06-06_engine_failure_with_emr_traj,engine,25.0499992371,-93.8564300537,2.0943543911,427,6.21063184738,-2.74417567253,-85.804977417,0.370377033949,-16.4358501434,-0.31171259284,0
1539875486500116456,51.28272288,carbonZ_2018-10-18-11-06-06_engine_failure_with_emr_traj,engine,25.0499992371,-93.8564300537,2.0943543911,427,6.21063184738,-2.74417567253,-85.804977417,0.373683303595,-16.4318656921,-0.316222637892,0
1539875486543375720,51.325982144,carbonZ_2018-10-18-11-06-06_engine_failure_with_emr_traj,engine,25.0299987793,-92.783164978,2.31079101562,428,6.21063184738,-2.74417567253,-85.804977417,0.37991553545,-16.409702301,-0.275748997927,0
1539875486571080328,51.353686752,carbonZ_2018-10-18-11-06-06_engine_failure_with_emr_traj,engine,25.0299987793,-92.783164978,2.31079101562,428,6.21063184738,-2.74417567253,-85.804977417,0.383406579494,-16.3883838654,-0.247578501701,0
1539875486630654760,51.413261184,carbonZ_2018-10-18-11-06-06_engine_failure_with_emr_traj,engine,25.0299987793,-92.783164978,2.31079101562,428,5.05124998093,-3.61225390434,-84.7900390625,0.385186493397,-16.3679332733,-0.1624032408,0
1539875486690973160,51.473579584,carbonZ_2018-10-18-11-06-06_engine_failure_with_emr_traj,engine,25.0100002289,-92.783164978,0.462571561337,430,5.05124998093,-3.61225390434,-84.7900390625,0.40174472332,-16.3376979828,-0.00871188752353,0
1539875486727298568,51.509904992,carbonZ_2018-10-18-11-06-06_engine_failure_with_emr_traj,engine,25.0100002289,-79.7634124756,0.811561703682,431,5.05124998093,-3.61225390434,-84.7900390625,0.40681385994,-16.3200302124,0.108114764094,0
1539875486784363208,51.566969632,carbonZ_2018-10-18-11-06-06_engine_failure_with_emr_traj,engine,25.0100002289,-79.7634124756,0.811561703682,431,5.05124998093,-3.61225390434,-84.7900390625,0.435388565063,-16.2949352264,0.228949323297,0
1539875486844523048,51.627129472,carbonZ_2018-10-18-11-06-06_engine_failure_with_emr_traj,engine,25.0299987793,-79.7634124756,-0.463016152382,433,5.05124998093,-3.61225390434,-84.7900390625,0.493604332209,-16.2756481171,0.292004019022,0
1539875486885456648,51.668063072,carbonZ_2018-10-18-11-06-06_engine_failure_with_emr_traj,engine,25.0299987793,-79.7634124756,-0.463016152382,433,5.05124998093,-3.61225390434,-84.7900390625,0.543590068817,-16.2626819611,0.334872931242,0
1539875486941480072,51.724086496,carbonZ_2018-10-18-11-06-06_engine_failure_with_emr_traj,engine,25.0599994659,-4.46701049805,-0.0208207126707,435,5.05124998093,-3.61225390434,-84.7900390625,0.631847381592,-16.2435493469,0.390448302031,0
1539875486994923112,51.777529536,carbonZ_2018-10-18-11-06-06_engine_failure_with_emr_traj,engine,25.0599994659,-4.46701049805,-0.0208207126707,435,5.05124998093,-3.61225390434,-84.7900390625,0.698221385479,-16.233045578,0.443179100752,0
1539875487056230600,51.838837024,carbonZ_2018-10-18-11-06-06_engine_failure_with_emr_traj,engine,25.109998703,-4.46701049805,0.397612810135,436,14.6412582397,-4.94047927856,-83.0012588501,0.813397407532,-16.2177810669,0.479661643505,0
1539875487093018664,51.875625088,carbonZ_2018-10-18-11-06-06_engine_failure_with_emr_traj,engine,25.109998703,-4.46701049805,0.397612810135,436,14.6412582397,-4.94047927856,-83.0012588501,0.913023233414,-16.2105407715,0.487051606178,0
1539875487133950568,51.916556992,carbonZ_2018-10-18-11-06-06_engine_failure_with_emr_traj,engine,25.1599998474,4.31728363037,-1.65610992908,438,14.6412582397,-4.94047927856,-83.0012588501,1.02781927586,-16.2048149109,0.484235465527,0
1539875487213567848,51.996174272,carbonZ_2018-10-18-11-06-06_engine_failure_with_emr_traj,engine,25.1599998474,4.31728363037,-1.65610992908,438,14.6412582397,-4.94047927856,-83.0012588501,1.25803220272,-16.184091568,0.502572178841,0
1539875487231797160,52.014403584,carbonZ_2018-10-18-11-06-06_engine_failure_with_emr_traj,engine,25.1599998474,4.31728363037,-1.65610992908,438,14.6412582397,-4.94047927856,-83.0012588501,1.3277078867,-16.1817321777,0.512937486172,0
1539875487300348552,52.082954976,carbonZ_2018-10-18-11-06-06_engine_failure_with_emr_traj,engine,25.2199993134,4.31728363037,-1.12594807148,439,14.6412582397,-4.94047927856,-83.0012588501,1.5036303997,-16.1581344604,0.607487201691,0
1539875487334833352,52.117439776,carbonZ_2018-10-18-11-06-06_engine_failure_with_emr_traj,engine,25.2699985504,-7.45811462402,-2.31732320786,441,21.1937828064,-5.44595003128,-82.0519790649,1.5036303997,-16.1581344604,0.607487201691,0
1539875487385393960,52.168000384,carbonZ_2018-10-18-11-06-06_engine_failure_with_emr_traj,engine,25.2699985504,-7.45811462402,-2.31732320786,441,21.1937828064,-5.44595003128,-82.0519790649,1.73664939404,-16.1264839172,0.827678799629,0
1539875487451725448,52.234331872,carbonZ_2018-10-18-11-06-06_engine_failure_with_emr_traj,engine,25.3500003815,-7.45811462402,-1.7474783659,442,21.1937828064,-5.44595003128,-82.0519790649,1.87760484219,-16.1165561676,0.930205643177,0
1539875487512696776,52.2953032,carbonZ_2018-10-18-11-06-06_engine_failure_with_emr_traj,engine,25.3500003815,-7.45811462402,-1.7474783659,442,21.1937828064,-5.44595003128,-82.0519790649,2.02984142303,-16.1103229523,1.03025484085,0
1539875487541924840,52.324531264,carbonZ_2018-10-18-11-06-06_engine_failure_with_emr_traj,engine,25.3500003815,-7.45811462402,-1.7474783659,442,21.1937828064,-5.44595003128,-82.0519790649,2.07717418671,-16.1099357605,1.07393527031,0
1539875487572716360,52.355322784,carbonZ_2018-10-18-11-06-06_engine_failure_with_emr_traj,engine,25.4499988556,-12.0128631592,-1.18754160404,444,21.1937828064,-5.44595003128,-82.0519790649,2.19227647781,-16.1111621857,1.10664522648,0
1539875487615504456,52.39811088,carbonZ_2018-10-18-11-06-06_engine_failure_with_emr_traj,engine,25.4499988556,-12.0128631592,-1.18754160404,444,21.1937828064,-5.44595003128,-82.0519790649,2.3234770298,-16.1108703613,1.10093295574,0
1539875487662166856,52.44477328,carbonZ_2018-10-18-11-06-06_engine_failure_with_emr_traj,engine,25.5599994659,-12.0128631592,-3.120251894,446,24.4728317261,-5.50151538849,-80.8759994507,2.52741742134,-16.1134033203,1.13394153118,0
1539875487700726120,52.483332544,carbonZ_2018-10-18-11-06-06_engine_failure_with_emr_traj,engine,25.5599994659,-12.0128631592,-3.120251894,446,24.4728317261,-5.50151538849,-80.8759994507,2.68084168434,-16.115032196,1.12987208366,0
1539875487758967592,52.541574016,carbonZ_2018-10-18-11-06-06_engine_failure_with_emr_traj,engine,25.6800003052,-21.9068527222,-2.45021009445,447,24.4728317261,-5.50151538849,-80.8759994507,2.90758466721,-16.1077518463,1.11842811108,0
1539875487799460296,52.58206672,carbonZ_2018-10-18-11-06-06_engine_failure_with_emr_traj,engine,25.6800003052,-21.9068527222,-2.45021009445,447,24.4728317261,-5.50151538849,-80.8759994507,3.06606078148,-16.1031246185,1.12026274204,0
1539875487866716008,52.649322432,carbonZ_2018-10-18-11-06-06_engine_failure_with_emr_traj,engine,25.7999992371,-21.9068527222,-3.51324033737,449,24.4728317261,-5.50151538849,-80.8759994507,3.31634283066,-16.0929470062,1.10035192966,0
1539875487901564296,52.68417072,carbonZ_2018-10-18-11-06-06_engine_failure_with_emr_traj,engine,25.7999992371,-21.9068527222,-3.51324033737,449,24.4728317261,-5.50151538849,-80.8759994507,3.38744544983,-16.0896453857,1.12655389309,0
1539875487952155784,52.734762208,carbonZ_2018-10-18-11-06-06_engine_failure_with_emr_traj,engine,25.9099998474,-45.5909729004,-2.81540131569,450,24.4728317261,-5.50151538849,-80.8759994507,3.60221219063,-16.0777778625,1.18537700176,0
1539875487991279272,52.773885696,carbonZ_2018-10-18-11-06-06_engine_failure_with_emr_traj,engine,25.9099998474,-45.5909729004,-2.81540131569,450,24.4728317261,-5.50151538849,-80.8759994507,3.73900437355,-16.0724658966,1.24962699413,0
1539875488022426536,52.80503296,carbonZ_2018-10-18-11-06-06_engine_failure_with_emr_traj,engine,25.9099998474,-45.5909729004,-2.81540131569,450,28.1396598816,-6.69751834869,-75.5040512085,3.88318729401,-16.0647888184,1.3000587225,0
1539875488091091112,52.873697536,carbonZ_2018-10-18-11-06-06_engine_failure_with_emr_traj,engine,26.0399990082,-45.5909729004,-4.77037811279,452,28.1396598816,-6.69751834869,-75.5040512085,4.11769771576,-16.057390213,1.39196312428,0
1539875488153002952,52.935609376,carbonZ_2018-10-18-11-06-06_engine_failure_with_emr_traj,engine,26.1700000763,-70.3746795654,-3.98127937317,453,28.1396598816,-6.69751834869,-75.5040512085,4.38624191284,-16.0397281647,1.4284838438,0
1539875488213258408,52.995864832,carbonZ_2018-10-18-11-06-06_engine_failure_with_emr_traj,engine,26.1700000763,-70.3746795654,-3.98127937317,453,28.1396598816,-6.69751834869,-75.5040512085,4.65183591843,-16.0163936615,1.53339195251,0
1539875488220657512,53.003263936,carbonZ_2018-10-18-11-06-06_engine_failure_with_emr_traj,engine,26.1700000763,-70.3746795654,-3.98127937317,453,28.1396598816,-6.69751834869,-75.5040512085,4.65183591843,-16.0163936615,1.53339195251,0
1539875488290705160,53.073311584,carbonZ_2018-10-18-11-06-06_engine_failure_with_emr_traj,engine,26.3199996948,-70.3746795654,-3.21066308022,455,28.1396598816,-6.69751834869,-75.5040512085,5.04561853409,-15.971534729,1.62622797489,0
1539875488322270920,53.104877344,carbonZ_2018-10-18-11-06-06_engine_failure_with_emr_traj,engine,26.3199996948,-70.3746795654,-3.21066308022,455,33.9852676392,-7.67126226425,-70.0175247192,5.04561853409,-15.971534729,1.62622797489,0
1539875488396369736,53.17897616,carbonZ_2018-10-18-11-06-06_engine_failure_with_emr_traj,engine,26.4899997711,-79.7595977783,-4.19032382965,456,33.9852676392,-7.67126226425,-70.0175247192,5.89862728119,-15.8617219925,1.65288233757,0
1539875488449472904,53.232079328,carbonZ_2018-10-18-11-06-06_engine_failure_with_emr_traj,engine,26.6599998474,-78.7595748901,-3.40463662148,458,33.9852676392,-7.67126226425,-70.0175247192,5.89862728119,-15.8617219925,1.65288233757,0
1539875488535685928,53.318292352,carbonZ_2018-10-18-11-06-06_engine_failure_with_emr_traj,engine,26.6599998474,-78.7595748901,-3.40463662148,458,33.9852676392,-7.67126226425,-70.0175247192,6.49364948273,-15.7689647675,1.62710726261,0
1539875488597630504,53.380236928,carbonZ_2018-10-18-11-06-06_engine_failure_with_emr_traj,engine,26.8199996948,-102.709388733,-2.67791008949,459,33.9852676392,-7.67126226425,-70.0175247192,6.8276386261,-15.7128677368,1.60450553894,0
1539875488626985224,53.409591648,carbonZ_2018-10-18-11-06-06_engine_failure_with_emr_traj,engine,26.8199996948,-102.709388733,-2.67791008949,459,33.9852676392,-7.67126226425,-70.0175247192,7.09021091461,-15.6724472046,1.53725838661,0
1539875488690909800,53.473516224,carbonZ_2018-10-18-11-06-06_engine_failure_with_emr_traj,engine,26.9799995422,-102.709388733,-4.44312810898,461,33.9852676392,-7.67126226425,-70.0175247192,7.44658184052,-15.6174497604,1.40939950943,0
1539875488734132712,53.516739136,carbonZ_2018-10-18-11-06-06_engine_failure_with_emr_traj,engine,27.1299991608,-146.421630859,-3.63656926155,462,33.9852676392,-7.67126226425,-70.0175247192,7.65251636505,-15.5802135468,1.34761273861,0
1539875488802343976,53.5849504,carbonZ_2018-10-18-11-06-06_engine_failure_with_emr_traj,engine,27.1299991608,-146.421630859,-3.63656926155,462,28.2295303345,-6.21027565002,-60.9425888062,8.1292181015,-15.496006012,1.19922733307,0
1539875488825407240,53.608013664,carbonZ_2018-10-18-11-06-06_engine_failure_with_emr_traj,engine,27.2699985504,-146.421630859,-4.56117391586,464,28.2295303345,-6.21027565002,-60.9425888062,8.3654499054,-15.4314775467,1.09384453297,0
1539875488890822312,53.673428736,carbonZ_2018-10-18-11-06-06_engine_failure_with_emr_traj,engine,27.2699985504,-146.421630859,-4.56117391586,464,28.2295303345,-6.21027565002,-60.9425888062,8.62557983398,-15.370306015,0.990841150284,0
1539875488935606216,53.71821264,carbonZ_2018-10-18-11-06-06_engine_failure_with_emr_traj,engine,27.2699985504,-146.421630859,-4.56117391586,464,28.2295303345,-6.21027565002,-60.9425888062,8.85758781433,-15.2977905273,0.86159157753,0
1539875488987221672,53.769828096,carbonZ_2018-10-18-11-06-06_engine_failure_with_emr_traj,engine,27.3699989319,-168.929870605,-3.7348549366,465,28.2295303345,-6.21027565002,-60.9425888062,9.26120662689,-15.1646566391,0.575824141502,0
1539875489052514696,53.83512112,carbonZ_2018-10-18-11-06-06_engine_failure_with_emr_traj,engine,27.4300003052,-168.929870605,-5.51296663284,466,28.2295303345,-6.21027565002,-60.9425888062,9.70873260498,-15.0019416809,0.163705453277,0
1539875489091858120,53.874464544,carbonZ_2018-10-18-11-06-06_engine_failure_with_emr_traj,engine,27.4300003052,-168.929870605,-5.51296663284,466,28.2295303345,-6.21027565002,-60.9425888062,10.0180196762,-14.8764419556,-0.129319772124,0
1539875489134026728,53.916633152,carbonZ_2018-10-18-11-06-06_engine_failure_with_emr_traj,engine,27.4300003052,-168.929870605,-5.51296663284,466,24.7385292053,-3.207644701,-55.4323654175,10.2844705582,-14.7631607056,-0.370285242796,0
1539875489160381320,53.942987744,carbonZ_2018-10-18-11-06-06_engine_failure_with_emr_traj,engine,27.4200000763,-204.749298096,-4.62992238998,468,24.7385292053,-3.207644701,-55.4323654175,10.5053882599,-14.6481952667,-0.568527698517,0
1539875489213513608,53.996120032,carbonZ_2018-10-18-11-06-06_engine_failure_with_emr_traj,engine,27.4200000763,-204.749298096,-4.62992238998,468,24.7385292053,-3.207644701,-55.4323654175,10.7439975739,-14.5314226151,-0.768023371696,0
1539875489290256008,54.072862432,carbonZ_2018-10-18-11-06-06_engine_failure_with_emr_traj,engine,27.3499984741,-204.749298096,-5.54387664795,469,24.7385292053,-3.207644701,-55.4323654175,11.0967168808,-14.3162755966,-1.05172145367,0
1539875489337996904,54.120603328,carbonZ_2018-10-18-11-06-06_engine_failure_with_emr_traj,engine,27.3499984741,-204.749298096,-5.54387664795,469,24.7385292053,-3.207644701,-55.4323654175,11.2672462463,-14.2141599655,-1.16000723839,0
1539875489354127816,54.13673424,carbonZ_2018-10-18-11-06-06_engine_failure_with_emr_traj,engine,27.2299995422,-252.420043945,-4.65691566467,470,24.7385292053,-3.207644701,-55.4323654175,11.3165740967,-14.1614866257,-1.19896960258,0
1539875489404448840,54.187055264,carbonZ_2018-10-18-11-06-06_engine_failure_with_emr_traj,engine,27.2299995422,-252.420043945,-4.65691566467,470,24.7385292053,-3.207644701,-55.4323654175,11.524230957,-14.0029153824,-1.33179748058,0
1539875489454853384,54.237459808,carbonZ_2018-10-18-11-06-06_engine_failure_with_emr_traj,engine,27.0900001526,-252.420043945,-3.80609560013,471,25.9758758545,0.151627421379,-54.1058540344,11.6704359055,-13.901219368,-1.40105330944,0
1539875489506360296,54.28896672,carbonZ_2018-10-18-11-06-06_engine_failure_with_emr_traj,engine,27.0900001526,-252.420043945,-3.80609560013,471,25.9758758545,0.151627421379,-54.1058540344,11.8288393021,-13.7576446533,-1.43316304684,0
1539875489534593704,54.317200128,carbonZ_2018-10-18-11-06-06_engine_failure_with_emr_traj,engine,27.0900001526,-252.420043945,-3.80609560013,471,25.9758758545,0.151627421379,-54.1058540344,11.8540773392,-13.7196350098,-1.41697621346,0
1539875489608624776,54.3912312,carbonZ_2018-10-18-11-06-06_engine_failure_with_emr_traj,engine,26.9300003052,-253.611572266,-5.44712734222,473,25.9758758545,0.151627421379,-54.1058540344,12.0611124039,-13.5475978851,-1.38581824303,0
1539875489708775400,54.491381824,carbonZ_2018-10-18-11-06-06_engine_failure_with_emr_traj,engine,26.7799987793,-254.611587524,-4.49442863464,474,25.9758758545,0.151627421379,-54.1058540344,12.3558120728,-13.2776899338,-1.42356574535,0
1539875489757588648,54.540195072,carbonZ_2018-10-18-11-06-06_engine_failure_with_emr_traj,engine,26.6299991608,-264.12411499,-5.14605569839,475,27.8547286987,-1.33123123646,-49.3418312073,12.4904899597,-13.1407976151,-1.46327364445,0
1539875489779533640,54.562140064,carbonZ_2018-10-18-11-06-06_engine_failure_with_emr_traj,engine,26.6299991608,-264.12411499,-5.14605569839,475,27.8547286987,-1.33123123646,-49.3418312073,12.6349220276,-13.0005369186,-1.50809752941,0
1539875489829703560,54.612309984,carbonZ_2018-10-18-11-06-06_engine_failure_with_emr_traj,engine,26.6299991608,-264.12411499,-5.14605569839,475,27.8547286987,-1.33123123646,-49.3418312073,12.7638463974,-12.8728876114,-1.4828671217,0
1539875489882932808,54.665539232,carbonZ_2018-10-18-11-06-06_engine_failure_with_emr_traj,engine,26.4799995422,-264.12411499,-4.15359687805,476,27.8547286987,-1.33123123646,-49.3418312073,12.8699922562,-12.7398872375,-1.30830395222,0
1539875489945662696,54.72826912,carbonZ_2018-10-18-11-06-06_engine_failure_with_emr_traj,engine,26.3400001526,-298.147399902,-5.33152294159,477,27.8547286987,-1.33123123646,-49.3418312073,12.9956417084,-12.5945777893,-1.1703722477,0
1539875489987874120,54.770480544,carbonZ_2018-10-18-11-06-06_engine_failure_with_emr_traj,engine,26.3400001526,-298.147399902,-5.33152294159,477,27.8547286987,-1.33123123646,-49.3418312073,13.0808086395,-12.4835529327,-1.10064780712,0
1539875490050324040,54.832930464,carbonZ_2018-10-18-11-06-06_engine_failure_with_emr_traj,engine,26.2199993134,-298.147399902,-4.26741313934,478,27.8547286987,-1.33123123646,-49.3418312073,13.2427196503,-12.3050069809,-1.025791049,0
1539875490089079848,54.871686272,carbonZ_2018-10-18-11-06-06_engine_failure_with_emr_traj,engine,26.2199993134,-298.147399902,-4.26741313934,478,27.8547286987,-1.33123123646,-49.3418312073,13.3382081985,-12.1902103424,-0.982268571854,0
1539875490133203752,54.915810176,carbonZ_2018-10-18-11-06-06_engine_failure_with_emr_traj,engine,26.2199993134,-298.147399902,-4.26741313934,478,27.8547286987,-1.33123123646,-49.3418312073,13.4283428192,-12.065577507,-0.951992630959,0
1539875490213767048,54.996373472,carbonZ_2018-10-18-11-06-06_engine_failure_with_emr_traj,engine,26.1199989319,-291.097259521,-3.23974275589,479,30.7964630127,-3.68609762192,-41.6584472656,13.6424770355,-11.7856807709,-0.945205330849,0
1539875490234345256,55.01695168,carbonZ_2018-10-18-11-06-06_engine_failure_with_emr_traj,engine,26.1199989319,-291.097259521,-3.23974275589,479,30.7964630127,-3.68609762192,-41.6584472656,13.6424770355,-11.7856807709,-0.945205330849,0
1539875490304996840,55.087603264,carbonZ_2018-10-18-11-06-06_engine_failure_with_emr_traj,engine,26.0299987793,-291.097259521,-3.35948348045,480,30.7964630127,-3.68609762192,-41.6584472656,13.8985891342,-11.4269218445,-0.841350853443,0
1539875490343212136,55.12581856,carbonZ_2018-10-18-11-06-06_engine_failure_with_emr_traj,engine,25.9499988556,-289.420715332,-2.33608651161,481,30.7964630127,-3.68609762192,-41.6584472656,13.984828949,-11.2782583237,-0.782192587852,0
1539875490393640840,55.176247264,carbonZ_2018-10-18-11-06-06_engine_failure_with_emr_traj,engine,25.9499988556,-289.420715332,-2.33608651161,481,30.7964630127,-3.68609762192,-41.6584472656,14.0869140625,-11.1162185669,-0.747380971909,0
1539875490416560968,55.199167392,carbonZ_2018-10-18-11-06-06_engine_failure_with_emr_traj,engine,25.9499988556,-289.420715332,-2.33608651161,481,30.7964630127,-3.68609762192,-41.6584472656,14.0869140625,-11.1162185669,-0.747380971909,0
1539875490504995208,55.287601632,carbonZ_2018-10-18-11-06-06_engine_failure_with_emr_traj,engine,25.8699989319,-289.420715332,-2.61458849907,482,30.7964630127,-3.68609762192,-41.6584472656,14.4470348358,-10.5778932571,-0.658917367458,0
1539875490541917000,55.324523424,carbonZ_2018-10-18-11-06-06_engine_failure_with_emr_traj,engine,25.8699989319,-289.420715332,-2.61458849907,482,30.7964630127,-3.68609762192,-41.6584472656,14.4848136902,-10.4994440079,-0.616359114647,0
1539875490590869608,55.373476032,carbonZ_2018-10-18-11-06-06_engine_failure_with_emr_traj,engine,25.7999992371,-248.198120117,-1.60618901253,483,30.7964630127,-3.68609762192,-41.6584472656,14.6243085861,-10.2601261139,-0.472027033567,0
1539875490651754888,55.434361312,carbonZ_2018-10-18-11-06-06_engine_failure_with_emr_traj,engine,25.75,-248.198120117,-0.657684504986,484,30.7964630127,-3.68609762192,-41.6584472656,14.761302948,-9.99384212494,-0.35507619381,0
1539875490719541256,55.50214768,carbonZ_2018-10-18-11-06-06_engine_failure_with_emr_traj,engine,25.75,-248.198120117,-0.657684504986,484,37.7835197449,-5.46590471268,-32.1376571655,14.941860199,-9.67231941223,-0.308302730322,0
1539875490732027816,55.51463424,carbonZ_2018-10-18-11-06-06_engine_failure_with_emr_traj,engine,25.75,-248.198120117,-0.657684504986,484,37.7835197449,-5.46590471268,-32.1376571655,15.0235290527,-9.55077934265,-0.314211696386,0
1539875490771615144,55.554221568,carbonZ_2018-10-18-11-06-06_engine_failure_with_emr_traj,engine,25.7199993134,-250.90713501,-0.246500700712,485,37.7835197449,-5.46590471268,-32.1376571655,15.2467746735,-9.15004920959,-0.383698105812,0
1539875490805004744,55.587611168,carbonZ_2018-10-18-11-06-06_engine_failure_with_emr_traj,engine,25.7199993134,-250.90713501,-0.246500700712,485,37.7835197449,-5.46590471268,-32.1376571655,15.32234478,-9.01552295685,-0.405902832747,0
1539875490897136488,55.679742912,carbonZ_2018-10-18-11-06-06_engine_failure_with_emr_traj,engine,25.6899986267,-250.90713501,0.620347440243,486,37.7835197449,-5.46590471268,-32.1376571655,15.5965843201,-8.50033187866,-0.460732102394,0
1539875490929546696,55.71215312,carbonZ_2018-10-18-11-06-06_engine_failure_with_emr_traj,engine,25.6399993896,-254.706192017,1.11336755753,487,37.7835197449,-5.46590471268,-32.1376571655,15.7322511673,-8.2308921814,-0.473441421986,0
1539875490986594888,55.769201312,carbonZ_2018-10-18-11-06-06_engine_failure_with_emr_traj,engine,25.6399993896,-254.706192017,1.11336755753,487,37.7835197449,-5.46590471268,-32.1376571655,15.9147453308,-7.84257268906,-0.503042459488,0
1539875491014260680,55.796867104,carbonZ_2018-10-18-11-06-06_engine_failure_with_emr_traj,engine,25.6399993896,-254.706192017,1.11336755753,487,37.7835197449,-5.46590471268,-32.1376571655,15.9796066284,-7.71219730377,-0.505208075047,0
1539875491067339560,55.849945984,carbonZ_2018-10-18-11-06-06_engine_failure_with_emr_traj,engine,25.5999984741,-254.706192017,1.86394071579,487,37.7835197449,-5.46590471268,-32.1376571655,16.1729240417,-7.3090801239,-0.551382601261,0
1539875491095418952,55.878025376,carbonZ_2018-10-18-11-06-06_engine_failure_with_emr_traj,engine,25.5999984741,-254.706192017,1.86394071579,487,37.7835197449,-5.46590471268,-32.1376571655,16.224603653,-7.17251634598,-0.574697732925,0
1539875491143756520,55.926362944,carbonZ_2018-10-18-11-06-06_engine_failure_with_emr_traj,engine,25.5399990082,-235.904510498,2.52369904518,488,36.8315086365,-5.17427396774,-22.97514534,16.3371105194,-6.90320730209,-0.59283721447,0
1539875491191495112,55.974101536,carbonZ_2018-10-18-11-06-06_engine_failure_with_emr_traj,engine,25.5399990082,-235.904510498,2.52369904518,488,36.8315086365,-5.17427396774,-22.97514534,16.4628582001,-6.55832529068,-0.55321419239,0
1539875491260723528,56.043329952,carbonZ_2018-10-18-11-06-06_engine_failure_with_emr_traj,engine,25.4899997711,-235.904510498,3.14049720764,488,36.8315086365,-5.17427396774,-22.97514534,16.6091747284,-6.16698455811,-0.535208821297,0
1539875491294397000,56.077003424,carbonZ_2018-10-18-11-06-06_engine_failure_with_emr_traj,engine,25.4899997711,-235.904510498,3.14049720764,488,36.8315086365,-5.17427396774,-22.97514534,16.7041950226,-5.89548110962,-0.540779590607,0
1539875491325585032,56.108191456,carbonZ_2018-10-18-11-06-06_engine_failure_with_emr_traj,engine,25.4300003052,-252.084732056,3.69811916351,489,36.8315086365,-5.17427396774,-22.97514534,16.7932529449,-5.61259078979,-0.541425049305,0
1539875491386992424,56.169598848,carbonZ_2018-10-18-11-06-06_engine_failure_with_emr_traj,engine,25.4300003052,-252.084732056,3.69811916351,489,36.8315086365,-5.17427396774,-22.97514534,16.924041748,-5.19498586655,-0.510506212711,0
1539875491447337320,56.229943744,carbonZ_2018-10-18-11-06-06_engine_failure_with_emr_traj,engine,25.3799991608,-252.084732056,4.17588233948,489,36.8315086365,-5.17427396774,-22.97514534,17.0534667969,-4.76925992966,-0.525086820126,0
1539875491485528936,56.26813536,carbonZ_2018-10-18-11-06-06_engine_failure_with_emr_traj,engine,25.3799991608,-252.084732056,4.17588233948,489,38.4861373901,-4.56104707718,-16.1664924622,17.1263599396,-4.51633548737,-0.506176412106,0
1539875491540045384,56.322651808,carbonZ_2018-10-18-11-06-06_engine_failure_with_emr_traj,engine,25.3299999237,-256.842803955,4.59008979797,489,38.4861373901,-4.56104707718,-16.1664924622,17.2024536133,-4.1438574791,-0.46953523159,0
1539875491593943624,56.376550048,carbonZ_2018-10-18-11-06-06_engine_failure_with_emr_traj,engine,25.3299999237,-256.842803955,4.59008979797,489,38.4861373901,-4.56104707718,-16.1664924622,17.2586688995,-3.90035748482,-0.454674959183,0
1539875491631350888,56.413957312,carbonZ_2018-10-18-11-06-06_engine_failure_with_emr_traj,engine,25.3299999237,-256.842803955,4.59008979797,489,38.4861373901,-4.56104707718,-16.1664924622,17.3154258728,-3.66491389275,-0.442827731371,0
1539875491671783912,56.454390336,carbonZ_2018-10-18-11-06-06_engine_failure_with_emr_traj,engine,25.2899990082,-256.842803955,4.95357561111,490,38.4861373901,-4.56104707718,-16.1664924622,17.3594207764,-3.45062756538,-0.418421119452,0
1539875491706089992,56.488696416,carbonZ_2018-10-18-11-06-06_engine_failure_with_emr_traj,engine,25.2899990082,-256.842803955,4.95357561111,490,38.4861373901,-4.56104707718,-16.1664924622,17.3871879578,-3.17283630371,-0.338543057442,0
1539875491784430792,56.567037216,carbonZ_2018-10-18-11-06-06_engine_failure_with_emr_traj,engine,25.25,-261.440673828,5.25789117813,490,38.4861373901,-4.56104707718,-16.1664924622,17.4144439697,-2.90263009071,-0.281253755093,0
1539875491832312936,56.61491936,carbonZ_2018-10-18-11-06-06_engine_failure_with_emr_traj,engine,25.2199993134,-261.440673828,5.5199379921,490,38.4861373901,-4.56104707718,-16.1664924622,17.4278926849,-2.73180890083,-0.245117411017,0
1539875491868155688,56.650762112,carbonZ_2018-10-18-11-06-06_engine_failure_with_emr_traj,engine,25.2199993134,-261.440673828,5.5199379921,490,30.2952899933,-4.22440958023,-10.5212373734,17.4373512268,-2.58865594864,-0.171310275793,0
1539875491909420488,56.692026912,carbonZ_2018-10-18-11-06-06_engine_failure_with_emr_traj,engine,25.2199993134,-261.440673828,5.5199379921,490,30.2952899933,-4.22440958023,-10.5212373734,17.4361877441,-2.46357131004,-0.0710439383984,0
1539875491974460488,56.757066912,carbonZ_2018-10-18-11-06-06_engine_failure_with_emr_traj,engine,25.1999988556,-272.646514893,5.74817466736,490,30.2952899933,-4.22440958023,-10.5212373734,17.4488563538,-2.24003195763,0.0066274292767,0
1539875492002081544,56.784687968,carbonZ_2018-10-18-11-06-06_engine_failure_with_emr_traj,engine,25.1999988556,-272.646514893,5.74817466736,490,30.2952899933,-4.22440958023,-10.5212373734,17.4488735199,-2.11024069786,0.085217371583,0
1539875492098992200,56.881598624,carbonZ_2018-10-18-11-06-06_engine_failure_with_emr_traj,engine,25.1999988556,-272.646514893,5.9510512352,490,30.2952899933,-4.22440958023,-10.5212373734,17.439289093,-1.86296677589,0.274126797915,0
1539875492117721064,56.900327488,carbonZ_2018-10-18-11-06-06_engine_failure_with_emr_traj,engine,25.1999988556,-272.646514893,5.9510512352,490,30.2952899933,-4.22440958023,-10.5212373734,17.4303798676,-1.81206905842,0.33726644516,0
1539875492139446184,56.922052608,carbonZ_2018-10-18-11-06-06_engine_failure_with_emr_traj,engine,25.2299995422,-275.527191162,6.12856435776,490,30.2952899933,-4.22440958023,-10.5212373734,17.4264450073,-1.68149471283,0.404761224985,0
1539875492195821640,56.978428064,carbonZ_2018-10-18-11-06-06_engine_failure_with_emr_traj,engine,25.2299995422,-275.527191162,6.12856435776,490,30.2952899933,-4.22440958023,-10.5212373734,17.4233951569,-1.53988659382,0.451419562101,0
1539875492234905640,57.017512064,carbonZ_2018-10-18-11-06-06_engine_failure_with_emr_traj,engine,25.2299995422,-275.527191162,6.12856435776,490,24.1079406738,-5.33972167969,-3.49299263954,17.4238471985,-1.38562941551,0.46467769146,0
1539875492299302664,57.081909088,carbonZ_2018-10-18-11-06-06_engine_failure_with_emr_traj,engine,25.2699985504,-275.527191162,6.28072166443,491,24.1079406738,-5.33972167969,-3.49299263954,17.4284610748,-1.11322581768,0.376185834408,0
1539875492352435752,57.135042176,carbonZ_2018-10-18-11-06-06_engine_failure_with_emr_traj,engine,25.3099994659,-264.788452148,6.39906358719,491,24.1079406738,-5.33972167969,-3.49299263954,17.4341907501,-0.806897521019,0.243463337421,0
1539875492390652488,57.173258912,carbonZ_2018-10-18-11-06-06_engine_failure_with_emr_traj,engine,25.3099994659,-264.788452148,6.39906358719,491,24.1079406738,-5.33972167969,-3.49299263954,17.4323387146,-0.603370547295,0.158128798008,0
1539875492435068520,57.217674944,carbonZ_2018-10-18-11-06-06_engine_failure_with_emr_traj,engine,25.3099994659,-264.788452148,6.39906358719,491,24.1079406738,-5.33972167969,-3.49299263954,17.4322872162,-0.400716543198,0.0697369426489,0
1539875492502557576,57.285164,carbonZ_2018-10-18-11-06-06_engine_failure_with_emr_traj,engine,25.3299999237,-264.788452148,6.4666891098,491,24.1079406738,-5.33972167969,-3.49299263954,17.4276447296,-0.118175789714,-0.0150039680302,0
1539875492510536872,57.293143296,carbonZ_2018-10-18-11-06-06_engine_failure_with_emr_traj,engine,25.3299999237,-264.788452148,6.4666891098,491,24.1079406738,-5.33972167969,-3.49299263954,17.4276447296,-0.118175789714,-0.0150039680302,0
1539875492552788264,57.335394688,carbonZ_2018-10-18-11-06-06_engine_failure_with_emr_traj,engine,25.3199996948,-239.026824951,6.48359155655,491,24.1079406738,-5.33972167969,-3.49299263954,17.3972644806,0.12233954668,-0.064249612391,0
1539875492613145192,57.395751616,carbonZ_2018-10-18-11-06-06_engine_failure_with_emr_traj,engine,25.3199996948,-239.026824951,6.48359155655,491,24.1079406738,-5.33972167969,-3.49299263954,17.3773078918,0.374306797981,-0.207587137818,0
1539875492633151752,57.415758176,carbonZ_2018-10-18-11-06-06_engine_failure_with_emr_traj,engine,25.3199996948,-239.026824951,6.48359155655,491,23.3197116852,-3.86783742905,1.39980483055,17.3741607666,0.469948142767,-0.271154463291,0
1539875492687931880,57.470538304,carbonZ_2018-10-18-11-06-06_engine_failure_with_emr_traj,engine,25.2999992371,-239.026824951,6.44977855682,491,23.3197116852,-3.86783742905,1.39980483055,17.3489780426,0.712216317654,-0.484360337257,0
1539875492737451720,57.520058144,carbonZ_2018-10-18-11-06-06_engine_failure_with_emr_traj,engine,25.2399997711,-230.81817627,6.38215303421,490,23.3197116852,-3.86783742905,1.39980483055,17.3253078461,0.859441101551,-0.598914265633,0
1539875492795753224,57.578359648,carbonZ_2018-10-18-11-06-06_engine_failure_with_emr_traj,engine,25.2399997711,-230.81817627,6.38215303421,490,23.3197116852,-3.86783742905,1.39980483055,17.2927970886,1.06009292603,-0.765249431133,0
1539875492845397800,57.628004224,carbonZ_2018-10-18-11-06-06_engine_failure_with_emr_traj,engine,25.1499996185,-230.81817627,6.28071260452,490,23.3197116852,-3.86783742905,1.39980483055,17.2335205078,1.25207340717,-0.845220685005,0
1539875492907328872,57.689935296,carbonZ_2018-10-18-11-06-06_engine_failure_with_emr_traj,engine,25.1499996185,-230.81817627,6.28071260452,490,23.3197116852,-3.86783742905,1.39980483055,17.2225112915,1.29392588139,-0.830784320831,0
1539875492931508360,57.714114784,carbonZ_2018-10-18-11-06-06_engine_failure_with_emr_traj,engine,25.1499996185,-230.81817627,6.28071260452,490,23.3197116852,-3.86783742905,1.39980483055,17.18409729,1.3429569006,-0.775358140469,0
1539875493009247560,57.791853984,carbonZ_2018-10-18-11-06-06_engine_failure_with_emr_traj,engine,25.0399990082,-232.746887207,6.1539144516,490,23.3197116852,-3.86783742905,1.39980483055,17.1187667847,1.39770126343,-0.662259042263,0
1539875493018835784,57.801442208,carbonZ_2018-10-18-11-06-06_engine_failure_with_emr_traj,engine,25.0399990082,-232.746887207,6.1539144516,490,23.3197116852,-3.86783742905,1.39980483055,17.1083526611,1.4154945612,-0.633624076843,0
1539875493083767464,57.866373888,carbonZ_2018-10-18-11-06-06_engine_failure_with_emr_traj,engine,24.9399986267,-232.746887207,6.01866149902,490,9.26679325104,-3.98661398888,5.52709722519,17.0667629242,1.43692553043,-0.600106775761,0
1539875493154571688,57.937178112,carbonZ_2018-10-18-11-06-06_engine_failure_with_emr_traj,engine,24.859998703,-211.642456055,5.88341093063,490,9.26679325104,-3.98661398888,5.52709722519,17.0146484375,1.44436442852,-0.541223943233,0
1539875493195480008,57.978086432,carbonZ_2018-10-18-11-06-06_engine_failure_with_emr_traj,engine,24.859998703,-211.642456055,5.88341093063,490,9.26679325104,-3.98661398888,5.52709722519,16.9858493805,1.4598839283,-0.516142129898,0
1539875493213449736,57.99605616,carbonZ_2018-10-18-11-06-06_engine_failure_with_emr_traj,engine,24.859998703,-211.642456055,5.88341093063,490,9.26679325104,-3.98661398888,5.52709722519,16.9700298309,1.46625721455,-0.529637753963,0
1539875493333681000,58.116287424,carbonZ_2018-10-18-11-06-06_engine_failure_with_emr_traj,engine,24.7899990082,-211.642456055,5.75661325455,490,9.26679325104,-3.98661398888,5.52709722519,16.8900680542,1.53557407856,-0.640361428261,0
1539875493401114184,58.183720608,carbonZ_2018-10-18-11-06-06_engine_failure_with_emr_traj,engine,24.7199993134,-206.207275391,5.62981128693,490,9.26679325104,-3.98661398888,5.52709722519,16.8469219208,1.57061052322,-0.710385859013,0
1539875493426846984,58.209453408,carbonZ_2018-10-18-11-06-06_engine_failure_with_emr_traj,engine,24.6299991608,-206.207275391,5.49456071854,490,9.26679325104,-3.98661398888,5.52709722519,16.8021202087,1.6025826931,-0.756232380867,0
1539875493495906824,58.278513248,carbonZ_2018-10-18-11-06-06_engine_failure_with_emr_traj,engine,24.6299991608,-206.207275391,5.49456071854,490,9.26679325104,-3.98661398888,5.52709722519,16.7251930237,1.64374661446,-0.718662559986,0
1539875493559149032,58.341755456,carbonZ_2018-10-18-11-06-06_engine_failure_with_emr_traj,engine,24.5399990082,-172.106933594,5.35930728912,489,4.61477899551,-4.49761533737,9.2835817337,16.7251930237,1.64374661446,-0.718662559986,0
1539875493597255368,58.379861792,carbonZ_2018-10-18-11-06-06_engine_failure_with_emr_traj,engine,24.5399990082,-172.106933594,5.35930728912,489,4.61477899551,-4.49761533737,9.2835817337,16.6523017883,1.70305752754,-0.725356161594,0
1539875493633628680,58.416235104,carbonZ_2018-10-18-11-06-06_engine_failure_with_emr_traj,engine,24.5399990082,-172.106933594,5.35930728912,489,4.61477899551,-4.49761533737,9.2835817337,16.6283912659,1.71847724915,-0.689819693565,0
1539875493663969992,58.446576416,carbonZ_2018-10-18-11-06-06_engine_failure_with_emr_traj,engine,24.4499988556,-172.106933594,5.2240562439,489,4.61477899551,-4.49761533737,9.2835817337,16.6283912659,1.71847724915,-0.689819693565,0
1539875493712256168,58.494862592,carbonZ_2018-10-18-11-06-06_engine_failure_with_emr_traj,engine,24.4499988556,-172.106933594,5.2240562439,489,4.61477899551,-4.49761533737,9.2835817337,16.5445404053,1.75544905663,-0.367419272661,0
1539875493746164328,58.528770752,carbonZ_2018-10-18-11-06-06_engine_failure_with_emr_traj,engine,24.3799991608,-156.994247437,5.07189702988,489,4.61477899551,-4.49761533737,9.2835817337,16.5017585754,1.77134788036,-0.251500695944,0
1539875493779312552,58.561918976,carbonZ_2018-10-18-11-06-06_engine_failure_with_emr_traj,engine,24.3799991608,-156.994247437,5.07189702988,489,4.61477899551,-4.49761533737,9.2835817337,16.4609985352,1.76581728458,-0.128593280911,0
1539875493823360648,58.605967072,carbonZ_2018-10-18-11-06-06_engine_failure_with_emr_traj,engine,24.3799991608,-156.994247437,5.07189702988,489,4.61477899551,-4.49761533737,9.2835817337,16.4223251343,1.76074850559,0.0980477780104,0
1539875493922974088,58.705580512,carbonZ_2018-10-18-11-06-06_engine_failure_with_emr_traj,engine,24.3500003815,-156.994247437,4.91974020004,489,1.05574131012,-4.359562397,6.68266582489,16.3198070526,1.74205553532,0.626940608025,0
1539875493978663272,58.761269696,carbonZ_2018-10-18-11-06-06_engine_failure_with_emr_traj,engine,24.3799991608,-139.484588623,4.76758146286,489,1.05574131012,-4.359562397,6.68266582489,16.2605342865,1.71166598797,0.85460960865,0
1539875494042578792,58.825185216,carbonZ_2018-10-18-11-06-06_engine_failure_with_emr_traj,engine,24.4599990845,-139.484588623,4.61542463303,489,1.05574131012,-4.359562397,6.68266582489,16.2052307129,1.67967832088,1.01376616955,0
1539875494101425416,58.88403184,carbonZ_2018-10-18-11-06-06_engine_failure_with_emr_traj,engine,24.4599990845,-139.484588623,4.61542463303,489,1.05574131012,-4.359562397,6.68266582489,16.1729183197,1.66173279285,1.08661782742,0
1539875494145976488,58.928582912,carbonZ_2018-10-18-11-06-06_engine_failure_with_emr_traj,engine,24.5699996948,-118.2264328,4.4717206955,489,1.05574131012,-4.359562397,6.68266582489,16.1233406067,1.61579453945,1.15603661537,0
1539875494183283048,58.965889472,carbonZ_2018-10-18-11-06-06_engine_failure_with_emr_traj,engine,24.5699996948,-118.2264328,4.4717206955,489,1.05574131012,-4.359562397,6.68266582489,16.0985298157,1.57595169544,1.155195117,0
1539875494225230312,59.007836736,carbonZ_2018-10-18-11-06-06_engine_failure_with_emr_traj,engine,24.5699996948,-118.2264328,4.4717206955,489,-1.2657520771,-4.6803560257,3.93561315536,16.0725708008,1.53845846653,1.16301476955,0
1539875494283349064,59.065955488,carbonZ_2018-10-18-11-06-06_engine_failure_with_emr_traj,engine,24.6999988556,-118.2264328,4.34492063522,489,-1.2657520771,-4.6803560257,3.93561315536,16.0387325287,1.48501491547,1.19013142586,0
1539875494352212136,59.13481856,carbonZ_2018-10-18-11-06-06_engine_failure_with_emr_traj,engine,24.8199996948,-108.54511261,4.21812295914,489,-1.2657520771,-4.6803560257,3.93561315536,16.002374649,1.42037975788,1.24427998066,0
1539875494379823016,59.16242944,carbonZ_2018-10-18-11-06-06_engine_failure_with_emr_traj,engine,24.8199996948,-108.54511261,4.21812295914,489,-1.2657520771,-4.6803560257,3.93561315536,15.9828290939,1.37843394279,1.28779423237,0
1539875494469120232,59.251726656,carbonZ_2018-10-18-11-06-06_engine_failure_with_emr_traj,engine,24.9499988556,-108.54511261,4.10823202133,489,-1.2657520771,-4.6803560257,3.93561315536,15.9428796768,1.29721617699,1.41036510468,0
1539875494510482344,59.293088768,carbonZ_2018-10-18-11-06-06_engine_failure_with_emr_traj,engine,24.9499988556,-108.54511261,4.10823202133,489,-1.2657520771,-4.6803560257,3.93561315536,15.9161376953,1.23650765419,1.50284481049,0
1539875494566294216,59.34890064,carbonZ_2018-10-18-11-06-06_engine_failure_with_emr_traj,engine,25.0900001526,-101.165962219,4.00679206848,489,-1.2657520771,-4.6803560257,3.93561315536,15.9161376953,1.23650765419,1.50284481049,0
1539875494614357352,59.396963776,carbonZ_2018-10-18-11-06-06_engine_failure_with_emr_traj,engine,25.0900001526,-101.165962219,4.00679206848,489,-3.13249969482,-5.43592309952,2.95072293282,15.8867368698,1.15209257603,1.61462116241,0
1539875494631474184,59.414080608,carbonZ_2018-10-18-11-06-06_engine_failure_with_emr_traj,engine,25.0900001526,-101.165962219,4.00679206848,489,-3.13249969482,-5.43592309952,2.95072293282,15.8840456009,1.1391762495,1.64846634865,0
1539875494689640968,59.472247392,carbonZ_2018-10-18-11-06-06_engine_failure_with_emr_traj,engine,25.2399997711,-101.165962219,3.91380786896,488,-3.13249969482,-5.43592309952,2.95072293282,15.8656578064,1.08532989025,1.74330234528,0
1539875494720736328,59.503342752,carbonZ_2018-10-18-11-06-06_engine_failure_with_emr_traj,engine,25.3999996185,-86.3361358643,3.82927393913,488,-3.13249969482,-5.43592309952,2.95072293282,15.8472385406,1.02441775799,1.82785725594,0
1539875494784568136,59.56717456,carbonZ_2018-10-18-11-06-06_engine_failure_with_emr_traj,engine,25.3999996185,-86.3361358643,3.82927393913,488,-3.13249969482,-5.43592309952,2.95072293282,15.8318500519,0.967009723186,1.90808308125,0
1539875494812918888,59.595525312,carbonZ_2018-10-18-11-06-06_engine_failure_with_emr_traj,engine,25.3999996185,-86.3361358643,3.82927393913,488,-3.13249969482,-5.43592309952,2.95072293282,15.8318500519,0.967009723186,1.90808308125,0
1539875494911519112,59.694125536,carbonZ_2018-10-18-11-06-06_engine_failure_with_emr_traj,engine,25.5799999237,-86.3361358643,3.76164865494,488,-3.13249969482,-5.43592309952,2.95072293282,15.8141202927,0.890564680099,2.04965043068,0
1539875494941871976,59.7244784,carbonZ_2018-10-18-11-06-06_engine_failure_with_emr_traj,engine,25.5799999237,-86.3361358643,3.76164865494,488,-3.13249969482,-5.43592309952,2.95072293282,15.8083372116,0.87147372961,2.07333850861,0
1539875494983165384,59.765771808,carbonZ_2018-10-18-11-06-06_engine_failure_with_emr_traj,engine,25.7799987793,-84.7618103027,3.69402360916,489,-3.13249969482,-5.43592309952,2.95072293282,15.8079519272,0.818865358829,2.11866259575,0
1539875495093571688,59.876178112,carbonZ_2018-10-18-11-06-06_engine_failure_with_emr_traj,engine,25.9799995422,-84.7618103027,3.63485002518,489,-2.17956256866,-5.65079498291,2.76162338257,15.8150730133,0.748077213764,2.03458571434,0
1539875495147960936,59.93056736,carbonZ_2018-10-18-11-06-06_engine_failure_with_emr_traj,engine,26.1899986267,-83.7083816528,3.58413147926,489,-2.17956256866,-5.65079498291,2.76162338257,15.8281641006,0.688010454178,1.94537913799,0
1539875495213449672,59.996056096,carbonZ_2018-10-18-11-06-06_engine_failure_with_emr_traj,engine,26.1899986267,-83.7083816528,3.58413147926,489,-2.17956256866,-5.65079498291,2.76162338257,15.8351020813,0.660650968552,1.89288187027,0
1539875495225242984,60.007849408,carbonZ_2018-10-18-11-06-06_engine_failure_with_emr_traj,engine,26.1899986267,-83.7083816528,3.58413147926,489,-2.17956256866,-5.65079498291,2.76162338257,15.8336334229,0.640722155571,1.87493658066,0
1539875495289387368,60.071993792,carbonZ_2018-10-18-11-06-06_engine_failure_with_emr_traj,engine,26.3799991608,-83.7083816528,3.53341245651,489,-2.17956256866,-5.65079498291,2.76162338257,15.8559141159,0.595166921616,1.74066197872,0
1539875495352905064,60.135511488,carbonZ_2018-10-18-11-06-06_engine_failure_with_emr_traj,engine,26.5599994659,-90.0012969971,3.48269152641,489,-2.17956256866,-5.65079498291,2.76162338257,15.8678598404,0.574932157993,1.66722869873,0
1539875495416844392,60.199450816,carbonZ_2018-10-18-11-06-06_engine_failure_with_emr_traj,engine,26.5599994659,-90.0012969971,3.48269152641,489,-2.17956256866,-5.65079498291,2.76162338257,15.8734197617,0.547379732132,1.6584662199,0
1539875495438443848,60.221050272,carbonZ_2018-10-18-11-06-06_engine_failure_with_emr_traj,engine,26.5599994659,-90.0012969971,3.48269152641,489,-0.0783383175731,-4.50778722763,1.36669313908,15.8772354126,0.538483142853,1.65214145184,0
1539875495494201320,60.276807744,carbonZ_2018-10-18-11-06-06_engine_failure_with_emr_traj,engine,26.7199993134,-90.0012969971,3.44887900352,489,-0.0783383175731,-4.50778722763,1.36669313908,15.8802928925,0.50845605135,1.62895858288,0
1539875495534935208,60.317541632,carbonZ_2018-10-18-11-06-06_engine_failure_with_emr_traj,engine,26.8799991608,-91.0659790039,3.40661144257,489,-0.0783383175731,-4.50778722763,1.36669313908,15.8824834824,0.487540334463,1.63887345791,0
1539875495609832904,60.392439328,carbonZ_2018-10-18-11-06-06_engine_failure_with_emr_traj,engine,26.8799991608,-91.0659790039,3.40661144257,489,-0.0783383175731,-4.50778722763,1.36669313908,15.8928260803,0.450574189425,1.63551390171,0
1539875495644988904,60.427595328,carbonZ_2018-10-18-11-06-06_engine_failure_with_emr_traj,engine,27.0399990082,-91.0659790039,3.37279891968,489,-0.0783383175731,-4.50778722763,1.36669313908,15.8928260803,0.450574189425,1.63551390171,0
1539875495715556904,60.498163328,carbonZ_2018-10-18-11-06-06_engine_failure_with_emr_traj,engine,27.0399990082,-91.0659790039,3.37279891968,489,-0.0783383175731,-4.50778722763,1.36669313908,15.8973264694,0.398471534252,1.66214561462,0
1539875495759276104,60.541882528,carbonZ_2018-10-18-11-06-06_engine_failure_with_emr_traj,engine,27.1899986267,-90.8882141113,3.33898448944,489,-0.751046359539,-3.6570045948,0.217189148068,15.8942832947,0.378530472517,1.65769898891,0
1539875495779540872,60.562147296,carbonZ_2018-10-18-11-06-06_engine_failure_with_emr_traj,engine,27.1899986267,-90.8882141113,3.33898448944,489,-0.751046359539,-3.6570045948,0.217189148068,15.9017400742,0.340442091227,1.67489671707,0
1539875495833215944,60.615822368,carbonZ_2018-10-18-11-06-06_engine_failure_with_emr_traj,engine,27.1899986267,-90.8882141113,3.33898448944,489,-0.751046359539,-3.6570045948,0.217189148068,15.9026279449,0.311140567064,1.68880915642,0
1539875495861430664,60.644037088,carbonZ_2018-10-18-11-06-06_engine_failure_with_emr_traj,engine,27.359998703,-90.8882141113,3.322078228,489,-0.751046359539,-3.6570045948,0.217189148068,15.9014596939,0.281859576702,1.70648682117,0
1539875495932302216,60.71490864,carbonZ_2018-10-18-11-06-06_engine_failure_with_emr_traj,engine,27.359998703,-90.8882141113,3.322078228,489,-0.751046359539,-3.6570045948,0.217189148068,15.9145421982,0.248212575912,1.68533957005,0
1539875495978798440,60.761404864,carbonZ_2018-10-18-11-06-06_engine_failure_with_emr_traj,engine,27.5299987793,-93.8831329346,3.29671740532,489,-0.751046359539,-3.6570045948,0.217189148068,15.9146299362,0.203217029572,1.6220511198,0
1539875496026638760,60.809245184,carbonZ_2018-10-18-11-06-06_engine_failure_with_emr_traj,engine,27.5299987793,-93.8831329346,3.29671740532,489,-0.751046359539,-3.6570045948,0.217189148068,15.9226980209,0.189334779978,1.56567168236,0
1539875496117025544,60.899631968,carbonZ_2018-10-18-11-06-06_engine_failure_with_emr_traj,engine,27.6999988556,-93.8831329346,3.2882642746,489,-0.751046359539,-3.6570045948,0.217189148068,15.9410638809,0.17200884223,1.52815270424,0
1539875496167667368,60.950273792,carbonZ_2018-10-18-11-06-06_engine_failure_with_emr_traj,engine,27.859998703,-93.9765930176,3.27981114388,490,-0.751046359539,-3.6570045948,0.217189148068,15.9485797882,0.156339243054,1.46109998226,0
1539875496212663688,60.995270112,carbonZ_2018-10-18-11-06-06_engine_failure_with_emr_traj,engine,27.859998703,-93.9765930176,3.27981114388,490,-0.751046359539,-3.6570045948,0.217189148068,15.9557914734,0.136362805963,1.41275644302,0
1539875496240588296,61.02319472,carbonZ_2018-10-18-11-06-06_engine_failure_with_emr_traj,engine,27.859998703,-93.9765930176,3.27981114388,490,0.55834209919,-2.4334731102,0.517631173134,15.9459981918,0.118781775236,1.37196087837,0
1539875496290127144,61.072733568,carbonZ_2018-10-18-11-06-06_engine_failure_with_emr_traj,engine,28.0100002289,-93.9765930176,3.27135562897,490,0.55834209919,-2.4334731102,0.517631173134,15.9473695755,0.0658381283283,1.26951336861,0
1539875496380452808,61.163059232,carbonZ_2018-10-18-11-06-06_engine_failure_with_emr_traj,engine,28.1399993896,-96.1881637573,3.26290249825,490,0.55834209919,-2.4334731102,0.517631173134,15.9705038071,0.0105571355671,1.03557837009,0
1539875496393420936,61.17602736,carbonZ_2018-10-18-11-06-06_engine_failure_with_emr_traj,engine,28.1399993896,-96.1881637573,3.26290249825,490,0.55834209919,-2.4334731102,0.517631173134,15.9648208618,-0.0210081618279,0.992129921913,0
1539875496452522216,61.23512864,carbonZ_2018-10-18-11-06-06_engine_failure_with_emr_traj,engine,28.2600002289,-96.1881637573,3.26290130615,490,0.55834209919,-2.4334731102,0.517631173134,15.955365181,-0.0512928776443,0.950315237045,0
1539875496488923432,61.271529856,carbonZ_2018-10-18-11-06-06_engine_failure_with_emr_traj,engine,28.2600002289,-96.1881637573,3.26290130615,490,0.55834209919,-2.4334731102,0.517631173134,15.959939003,-0.0619445331395,0.882651031017,0
1539875496550787688,61.333394112,carbonZ_2018-10-18-11-06-06_engine_failure_with_emr_traj,engine,28.359998703,-98.4617233276,3.27135419846,490,-0.493775039911,-1.12494301796,0.906662344933,15.9559268951,-0.0920669436455,0.804881215096,0
1539875496602713480,61.385319904,carbonZ_2018-10-18-11-06-06_engine_failure_with_emr_traj,engine,28.359998703,-98.4617233276,3.27135419846,490,-0.493775039911,-1.12494301796,0.906662344933,15.9499731064,-0.118504136801,0.725043416023,0
1539875496626718408,61.409324832,carbonZ_2018-10-18-11-06-06_engine_failure_with_emr_traj,engine,28.359998703,-98.4617233276,3.27135419846,490,-0.493775039911,-1.12494301796,0.906662344933,15.9560823441,-0.128002375364,0.659861922264,0
1539875496692860328,61.475466752,carbonZ_2018-10-18-11-06-06_engine_failure_with_emr_traj,engine,28.4399986267,-98.4617233276,3.2798075676,490,-0.493775039911,-1.12494301796,0.906662344933,15.9419240952,-0.157855093479,0.60388559103,0
1539875496751402504,61.534008928,carbonZ_2018-10-18-11-06-06_engine_failure_with_emr_traj,engine,28.5100002289,-90.1168823242,3.29671239853,491,-0.493775039911,-1.12494301796,0.906662344933,15.9215774536,-0.18145814538,0.485489577055,0
1539875496790001416,61.57260784,carbonZ_2018-10-18-11-06-06_engine_failure_with_emr_traj,engine,28.5100002289,-90.1168823242,3.29671239853,491,-0.493775039911,-1.12494301796,0.906662344933,15.8976736069,-0.198484674096,0.406089872122,0
1539875496819027752,61.601634176,carbonZ_2018-10-18-11-06-06_engine_failure_with_emr_traj,engine,28.5100002289,-90.1168823242,3.29671239853,491,-0.493775039911,-1.12494301796,0.906662344933,15.8915815353,-0.210029736161,0.308066576719,0
1539875496892566568,61.675172992,carbonZ_2018-10-18-11-06-06_engine_failure_with_emr_traj,engine,28.5499992371,-90.1168823242,3.3220717907,491,1.57449841499,0.632994294167,1.24216425419,15.8407335281,-0.256521463394,0.0724317952991,0
1539875496925458376,61.7080648,carbonZ_2018-10-18-11-06-06_engine_failure_with_emr_traj,engine,28.5499992371,-90.1168823242,3.3220717907,491,1.57449841499,0.632994294167,1.24216425419,15.8278932571,-0.275322675705,0.0311502628028,0
1539875497002382280,61.784988704,carbonZ_2018-10-18-11-06-06_engine_failure_with_emr_traj,engine,28.5799999237,-90.1643753052,3.34742903709,491,1.57449841499,0.632994294167,1.24216425419,15.7901601791,-0.299207180738,-0.247661262751,0
1539875497017798920,61.800405344,carbonZ_2018-10-18-11-06-06_engine_failure_with_emr_traj,engine,28.5799999237,-90.1643753052,3.34742903709,491,1.57449841499,0.632994294167,1.24216425419,15.7901601791,-0.299207180738,-0.247661262751,0
1539875497082627624,61.865234048,carbonZ_2018-10-18-11-06-06_engine_failure_with_emr_traj,engine,28.5699996948,-90.1643753052,3.38124155998,491,1.57449841499,0.632994294167,1.24216425419,15.7481107712,-0.330804139376,-0.516686975956,0
1539875497152207368,61.934813792,carbonZ_2018-10-18-11-06-06_engine_failure_with_emr_traj,engine,28.5299987793,-77.0990371704,3.41505384445,492,1.57449841499,0.632994294167,1.24216425419,15.7127761841,-0.360800504684,-0.708960473537,0
1539875497176208648,61.958815072,carbonZ_2018-10-18-11-06-06_engine_failure_with_emr_traj,engine,28.5299987793,-77.0990371704,3.41505384445,492,1.57449841499,0.632994294167,1.24216425419,15.7127761841,-0.360800504684,-0.708960473537,0
1539875497217801256,62.00040768,carbonZ_2018-10-18-11-06-06_engine_failure_with_emr_traj,engine,28.5299987793,-77.0990371704,3.41505384445,492,1.57449841499,0.632994294167,1.24216425419,15.6790437698,-0.399971246719,-0.905500710011,0
1539875497287473864,62.070080288,carbonZ_2018-10-18-11-06-06_engine_failure_with_emr_traj,engine,28.4599990845,-77.0990371704,3.45731806755,492,1.57449841499,0.632994294167,1.24216425419,15.6357898712,-0.439892530441,-1.00784659386,0
1539875497355036488,62.137642912,carbonZ_2018-10-18-11-06-06_engine_failure_with_emr_traj,engine,28.359998703,-58.616065979,3.49958348274,492,1.57449841499,0.632994294167,1.24216425419,15.6125621796,-0.490043640137,-0.987506508827,0
1539875497382457768,62.165064192,carbonZ_2018-10-18-11-06-06_engine_failure_with_emr_traj,engine,28.359998703,-58.616065979,3.49958348274,492,-3.13965272903,2.67626929283,1.24984383583,15.5924930573,-0.52451390028,-0.973477303982,0
1539875497453228808,62.235835232,carbonZ_2018-10-18-11-06-06_engine_failure_with_emr_traj,engine,28.2699985504,-58.616065979,3.55875253677,492,-3.13965272903,2.67626929283,1.24984383583,15.5567808151,-0.596614956856,-1.05064213276,0
1539875497480898024,62.263504448,carbonZ_2018-10-18-11-06-06_engine_failure_with_emr_traj,engine,28.2699985504,-58.616065979,3.55875253677,492,-3.13965272903,2.67626929283,1.24984383583,15.5260009766,-0.657932281494,-1.09852159023,0
1539875497573229928,62.355836352,carbonZ_2018-10-18-11-06-06_engine_failure_with_emr_traj,engine,28.1700000763,-56.8634033203,3.63483047485,493,-3.13965272903,2.67626929283,1.24984383583,15.4909772873,-0.760755002499,-1.1793397665,0
1539875497596357832,62.378964256,carbonZ_2018-10-18-11-06-06_engine_failure_with_emr_traj,engine,28.1700000763,-56.8634033203,3.63483047485,493,-3.13965272903,2.67626929283,1.24984383583,15.4691781998,-0.792017757893,-1.20480883121,0
1539875497648185640,62.430792064,carbonZ_2018-10-18-11-06-06_engine_failure_with_emr_traj,engine,28.0599994659,-56.8634033203,3.71936154366,493,-3.13965272903,2.67626929283,1.24984383583,15.4323215485,-0.87364667654,-1.21386039257,0
1539875497681869384,62.464475808,carbonZ_2018-10-18-11-06-06_engine_failure_with_emr_traj,engine,28.0599994659,-56.8634033203,3.71936154366,493,-3.13965272903,2.67626929283,1.24984383583,15.4191083908,-0.911046862602,-1.22654020786,0
1539875497772312520,62.554918944,carbonZ_2018-10-18-11-06-06_engine_failure_with_emr_traj,engine,27.9499988556,-48.9717483521,3.82079672813,493,-2.24273228645,2.5570526123,0.20793043077,15.3708152771,-1.00619602203,-1.17013955116,0
1539875497808993480,62.591599904,carbonZ_2018-10-18-11-06-06_engine_failure_with_emr_traj,engine,27.9499988556,-48.9717483521,3.82079672813,493,-2.24273228645,2.5570526123,0.20793043077,15.3555555344,-1.03364896774,-1.12043440342,0
1539875497827731048,62.610337472,carbonZ_2018-10-18-11-06-06_engine_failure_with_emr_traj,engine,27.9499988556,-48.9717483521,3.82079672813,493,-2.24273228645,2.5570526123,0.20793043077,15.357421875,-1.03712463379,-1.06254291534,0
1539875497918291272,62.700897696,carbonZ_2018-10-18-11-06-06_engine_failure_with_emr_traj,engine,27.8400001526,-48.9717483521,3.93068695068,494,-2.24273228645,2.5570526123,0.20793043077,15.3183078766,-0.971963763237,-0.916440784931,0
1539875497931615592,62.714222016,carbonZ_2018-10-18-11-06-06_engine_failure_with_emr_traj,engine,27.8400001526,-48.9717483521,3.93068695068,494,-2.24273228645,2.5570526123,0.20793043077,15.3186750412,-0.942639529705,-0.807946503162,0
1539875497968343144,62.750949568,carbonZ_2018-10-18-11-06-06_engine_failure_with_emr_traj,engine,27.7600002289,-42.3645019531,4.04057455063,494,-2.24273228645,2.5570526123,0.20793043077,15.3087902069,-0.87072956562,-0.566885054111,0
1539875498028372264,62.810978688,carbonZ_2018-10-18-11-06-06_engine_failure_with_emr_traj,engine,27.7600002289,-42.3645019531,4.04057455063,494,-2.24273228645,2.5570526123,0.20793043077,15.2886743546,-0.742984771729,-0.405362606049,0
1539875498045248936,62.82785536,carbonZ_2018-10-18-11-06-06_engine_failure_with_emr_traj,engine,27.7099990845,-42.3645019531,4.13355827332,494,-2.24273228645,2.5570526123,0.20793043077,15.2863588333,-0.603901743889,-0.311501562595,0
1539875498091464712,62.874071136,carbonZ_2018-10-18-11-06-06_engine_failure_with_emr_traj,engine,27.7099990845,-42.3645019531,4.13355827332,494,-2.24273228645,2.5570526123,0.20793043077,15.2754592896,-0.434313118458,-0.255022466183,0
1539875498169881032,62.952487456,carbonZ_2018-10-18-11-06-06_engine_failure_with_emr_traj,engine,27.6999988556,-32.7381134033,4.17582368851,494,-2.24273228645,2.5570526123,0.20793043077,15.2564573288,-0.113332487643,-0.237177908421,0
1539875498230239752,63.012846176,carbonZ_2018-10-18-11-06-06_engine_failure_with_emr_traj,engine,27.6999988556,-32.7381134033,4.16736984253,495,-2.24273228645,2.5570526123,0.20793043077,15.2459602356,0.14435492456,-0.304498821497,0
1539875498301516136,63.08412256,carbonZ_2018-10-18-11-06-06_engine_failure_with_emr_traj,engine,27.6999988556,-32.7381134033,4.16736984253,495,22.3397579193,2.45168566704,-1.29826653004,15.2240343094,0.461699932814,-0.528771400452,0
1539875498341840648,63.124447072,carbonZ_2018-10-18-11-06-06_engine_failure_with_emr_traj,engine,27.6700000763,-31.1941146851,4.11665153503,495,22.3397579193,2.45168566704,-1.29826653004,15.2215576172,0.589891135693,-0.625941455364,0
1539875498376679496,63.15928592,carbonZ_2018-10-18-11-06-06_engine_failure_with_emr_traj,engine,27.6700000763,-31.1941146851,4.11665153503,495,22.3397579193,2.45168566704,-1.29826653004,15.2045001984,0.683882832527,-0.731671869755,0
1539875498436057864,63.218664288,carbonZ_2018-10-18-11-06-06_engine_failure_with_emr_traj,engine,27.6700000763,-31.1941146851,4.11665153503,495,22.3397579193,2.45168566704,-1.29826653004,15.1867389679,0.776972472668,-0.858309268951,0
1539875498461253064,63.243859488,carbonZ_2018-10-18-11-06-06_engine_failure_with_emr_traj,engine,27.609998703,-31.1941146851,4.02366447449,495,22.3397579193,2.45168566704,-1.29826653004,15.1859083176,0.843523263931,-0.91371268034,0
1539875498514274856,63.29688128,carbonZ_2018-10-18-11-06-06_engine_failure_with_emr_traj,engine,27.609998703,-31.1941146851,4.02366447449,495,22.3397579193,2.45168566704,-1.29826653004,15.1733827591,0.864663243294,-0.920640707016,0
1539875498592220392,63.374826816,carbonZ_2018-10-18-11-06-06_engine_failure_with_emr_traj,engine,27.5299987793,-27.4175643921,3.91377449036,495,13.8233938217,3.59838271141,-4.8324341774,15.1427974701,0.895305395126,-0.835117101669,0
1539875498626356584,63.408963008,carbonZ_2018-10-18-11-06-06_engine_failure_with_emr_traj,engine,27.5299987793,-27.4175643921,3.91377449036,495,13.8233938217,3.59838271141,-4.8324341774,15.146736145,0.885406255722,-0.671535551548,0
1539875498659601480,63.442207904,carbonZ_2018-10-18-11-06-06_engine_failure_with_emr_traj,engine,27.4399986267,-27.4175643921,3.79543018341,495,13.8233938217,3.59838271141,-4.8324341774,15.149980545,0.857203185558,-0.397984445095,0
1539875498710654472,63.493260896,carbonZ_2018-10-18-11-06-06_engine_failure_with_emr_traj,engine,27.4399986267,-27.4175643921,3.79543018341,495,13.8233938217,3.59838271141,-4.8324341774,15.1480369568,0.839830100536,-0.113895721734,0
1539875498762156584,63.544763008,carbonZ_2018-10-18-11-06-06_engine_failure_with_emr_traj,engine,27.4200000763,-25.1571655273,3.69399333,496,13.8233938217,3.59838271141,-4.8324341774,15.1697940826,0.822162687778,0.290661722422,0
1539875498799358760,63.581965184,carbonZ_2018-10-18-11-06-06_engine_failure_with_emr_traj,engine,27.4200000763,-25.1571655273,3.69399333,496,13.8233938217,3.59838271141,-4.8324341774,15.1662740707,0.815643429756,0.48049852252,0
1539875498876856424,63.659462848,carbonZ_2018-10-18-11-06-06_engine_failure_with_emr_traj,engine,27.4499988556,-25.1571655273,3.60946106911,496,13.8233938217,3.59838271141,-4.8324341774,15.1895046234,0.813398063183,0.748132586479,0
1539875498912882312,63.695488736,carbonZ_2018-10-18-11-06-06_engine_failure_with_emr_traj,engine,27.4499988556,-25.1571655273,3.60946106911,496,4.93118524551,-1.43873775005,0.268732637167,15.1936511993,0.81074899435,0.892096698284,0
1539875498968009992,63.750616416,carbonZ_2018-10-18-11-06-06_engine_failure_with_emr_traj,engine,27.5499992371,-30.5358886719,3.53338360786,496,4.93118524551,-1.43873775005,0.268732637167,15.2238836288,0.815364837646,1.00018501282,0
1539875498996333512,63.778939936,carbonZ_2018-10-18-11-06-06_engine_failure_with_emr_traj,engine,27.5499992371,-30.5358886719,3.53338360786,496,4.93118524551,-1.43873775005,0.268732637167,15.2412757874,0.815473794937,1.10641086102,0
1539875499078239144,63.860845568,carbonZ_2018-10-18-11-06-06_engine_failure_with_emr_traj,engine,27.6899986267,-30.5358886719,3.45730614662,496,4.93118524551,-1.43873775005,0.268732637167,15.2652750015,0.813275814056,1.22510588169,0
1539875499121471528,63.904077952,carbonZ_2018-10-18-11-06-06_engine_failure_with_emr_traj,engine,27.6899986267,-30.5358886719,3.45730614662,496,4.93118524551,-1.43873775005,0.268732637167,15.2851905823,0.810099959373,1.29993498325,0
1539875499180997576,63.963604,carbonZ_2018-10-18-11-06-06_engine_failure_with_emr_traj,engine,27.8400001526,-28.1949996948,3.38967990875,496,4.93118524551,-1.43873775005,0.268732637167,15.3246574402,0.802235662937,1.36662077904,0
1539875499208469512,63.991075936,carbonZ_2018-10-18-11-06-06_engine_failure_with_emr_traj,engine,27.8400001526,-28.1949996948,3.38967990875,496,4.93118524551,-1.43873775005,0.268732637167,15.3450756073,0.813422441483,1.38650560379,0
1539875499253327496,64.03593392,carbonZ_2018-10-18-11-06-06_engine_failure_with_emr_traj,engine,28.0,-28.1949996948,3.32205533981,497,4.93118524551,-1.43873775005,0.268732637167,15.3888874054,0.831627428532,1.35886085033,0
1539875499269016392,64.051622816,carbonZ_2018-10-18-11-06-06_engine_failure_with_emr_traj,engine,28.0,-28.1949996948,3.32205533981,497,4.93118524551,-1.43873775005,0.268732637167,15.3888874054,0.831627428532,1.35886085033,0
1539875499338610888,64.121217312,carbonZ_2018-10-18-11-06-06_engine_failure_with_emr_traj,engine,28.1499996185,-36.5634918213,3.24760961533,497,2.06443071365,-1.96606779099,4.86847496033,15.4314947128,0.851322293282,1.27284729481,0
1539875499389536136,64.17214256,carbonZ_2018-10-18-11-06-06_engine_failure_with_emr_traj,engine,28.1499996185,-36.5634918213,3.24760961533,497,2.06443071365,-1.96606779099,4.86847496033,15.4745788574,0.865713059902,1.15144538879,0
1539875499437298184,64.219904608,carbonZ_2018-10-18-11-06-06_engine_failure_with_emr_traj,engine,28.2899990082,-37.5635147095,3.17194032669,497,2.06443071365,-1.96606779099,4.86847496033,15.5214338303,0.870718955994,1.02345216274,0
1539875499517002216,64.29960864,carbonZ_2018-10-18-11-06-06_engine_failure_with_emr_traj,engine,28.2899990082,-37.5635147095,3.17194032669,497,2.06443071365,-1.96606779099,4.86847496033,15.5638847351,0.896244049072,0.917671740055,0
1539875499548536904,64.331143328,carbonZ_2018-10-18-11-06-06_engine_failure_with_emr_traj,engine,28.3899993896,-14.1597747803,3.0878276825,497,2.06443071365,-1.96606779099,4.86847496033,15.5891475677,0.914407074451,0.83342820406,0
1539875499586748872,64.369355296,carbonZ_2018-10-18-11-06-06_engine_failure_with_emr_traj,engine,28.3899993896,-14.1597747803,3.0878276825,497,2.06443071365,-1.96606779099,4.86847496033,15.6272935867,0.940370976925,0.753446161747,0
1539875499628099368,64.410705792,carbonZ_2018-10-18-11-06-06_engine_failure_with_emr_traj,engine,28.3899993896,-14.1597747803,3.0878276825,497,2.06443071365,-1.96606779099,4.86847496033,15.6440382004,0.962852180004,0.728892743587,0
1539875499691858344,64.474464768,carbonZ_2018-10-18-11-06-06_engine_failure_with_emr_traj,engine,28.4699993134,-14.1597747803,2.94291400909,498,5.50082159042,-0.545968711376,2.53764152527,15.6810131073,0.981394529343,0.7057929039,0
1539875499761467528,64.544073952,carbonZ_2018-10-18-11-06-06_engine_failure_with_emr_traj,engine,28.5399990082,-29.8599243164,2.86269831657,498,5.50082159042,-0.545968711376,2.53764152527,15.7045135498,0.980494856834,0.691631197929,0
1539875499790021064,64.572627488,carbonZ_2018-10-18-11-06-06_engine_failure_with_emr_traj,engine,28.5399990082,-29.8599243164,2.86269831657,498,5.50082159042,-0.545968711376,2.53764152527,15.7156896591,0.987202644348,0.629731714725,0
1539875499827467720,64.610074144,carbonZ_2018-10-18-11-06-06_engine_failure_with_emr_traj,engine,28.5399990082,-29.8599243164,2.86269831657,498,5.50082159042,-0.545968711376,2.53764152527,15.7515726089,1.00281453133,0.506229400635,0
1539875499887375528,64.669981952,carbonZ_2018-10-18-11-06-06_engine_failure_with_emr_traj,engine,28.5999984741,-29.8599243164,2.45725727081,498,5.50082159042,-0.545968711376,2.53764152527,15.7713708878,0.995135605335,0.416156440973,0
1539875499927106664,64.709713088,carbonZ_2018-10-18-11-06-06_engine_failure_with_emr_traj,engine,28.5999984741,-29.8599243164,2.45725727081,498,5.50082159042,-0.545968711376,2.53764152527,15.7801122665,0.991094052792,0.28769209981,0
1539875500040698760,64.823305184,carbonZ_2018-10-18-11-06-06_engine_failure_with_emr_traj,engine,28.6499996185,-42.4087524414,2.33103585243,499,2.80210494995,0.72283411026,0.966281831264,15.8316316605,0.927705168724,0.0951958149672,0
1539875500128593512,64.911199936,carbonZ_2018-10-18-11-06-06_engine_failure_with_emr_traj,engine,28.6499996185,-42.4087524414,2.33103585243,499,2.80210494995,0.72283411026,0.966281831264,15.8477420807,0.881518125534,-0.0783724859357,0
1539875500137776520,64.920382944,carbonZ_2018-10-18-11-06-06_engine_failure_with_emr_traj,engine,28.6499996185,-42.4087524414,2.33103585243,499,2.80210494995,0.72283411026,0.966281831264,15.8568897247,0.891228020191,-0.164064228535,0
1539875500197578728,64.980185152,carbonZ_2018-10-18-11-06-06_engine_failure_with_emr_traj,engine,28.6499996185,-39.9341583252,1.85203611851,499,2.80210494995,0.72283411026,0.966281831264,15.8647279739,0.871052384377,-0.344524294138,0
1539875500227571208,65.010177632,carbonZ_2018-10-18-11-06-06_engine_failure_with_emr_traj,engine,28.609998703,-38.934135437,1.83953917027,499,2.80210494995,0.72283411026,0.966281831264,15.8608427048,0.841833055019,-0.384361714125,0
1539875500294701160,65.077307584,carbonZ_2018-10-18-11-06-06_engine_failure_with_emr_traj,engine,28.609998703,-38.934135437,1.83953917027,499,2.80210494995,0.72283411026,0.966281831264,15.8633346558,0.820090889931,-0.406677752733,0
1539875500325787976,65.1083944,carbonZ_2018-10-18-11-06-06_engine_failure_with_emr_traj,engine,28.609998703,-38.934135437,1.83953917027,499,-0.497848808765,1.89769124985,0.976782977581,15.8547019958,0.76762264967,-0.409589141607,0
1539875500366069224,65.148675648,carbonZ_2018-10-18-11-06-06_engine_failure_with_emr_traj,engine,28.5699996948,-43.6965942383,1.17349100113,499,-0.497848808765,1.89769124985,0.976782977581,15.8476276398,0.73259806633,-0.411547422409,0
1539875500408392520,65.190998944,carbonZ_2018-10-18-11-06-06_engine_failure_with_emr_traj,engine,28.5699996948,-43.6965942383,1.17349100113,499,-0.497848808765,1.89769124985,0.976782977581,15.8440208435,0.691317796707,-0.368613213301,0
1539875500455851528,65.238457952,carbonZ_2018-10-18-11-06-06_engine_failure_with_emr_traj,engine,28.5199985504,-43.6965942383,1.22316610813,500,-0.497848808765,1.89769124985,0.976782977581,15.8309230804,0.658743858337,-0.217462599277,0
1539875500507972040,65.290578464,carbonZ_2018-10-18-11-06-06_engine_failure_with_emr_traj,engine,28.5199985504,-43.6965942383,1.22316610813,500,-0.497848808765,1.89769124985,0.976782977581,15.8265542984,0.652434885502,-0.207548096776,0
1539875500553536584,65.336143008,carbonZ_2018-10-18-11-06-06_engine_failure_with_emr_traj,engine,28.4899997711,-45.7605361938,-0.218384504318,500,-0.497848808765,1.89769124985,0.976782977581,15.8182935715,0.620559453964,-0.117569305003,0
1539875500597550472,65.380156896,carbonZ_2018-10-18-11-06-06_engine_failure_with_emr_traj,engine,28.4899997711,-45.7605361938,-0.218384504318,500,-0.220416292548,2.20856523514,0.962591171265,15.8050718307,0.612977266312,-0.123838327825,0
1539875500651678856,65.43428528,carbonZ_2018-10-18-11-06-06_engine_failure_with_emr_traj,engine,28.4899997711,-46.760559082,-0.051868788898,500,-0.220416292548,2.20856523514,0.962591171265,15.7924966812,0.569418251514,-0.121086575091,0
1539875500729620264,65.512226688,carbonZ_2018-10-18-11-06-06_engine_failure_with_emr_traj,engine,28.4899997711,-46.760559082,-0.051868788898,500,-0.220416292548,2.20856523514,0.962591171265,15.7561807632,0.514764666557,-0.108403243124,0
1539875500801334632,65.583941056,carbonZ_2018-10-18-11-06-06_engine_failure_with_emr_traj,engine,28.4899997711,-38.4784698486,0.121633395553,501,-0.220416292548,2.20856523514,0.962591171265,15.7336807251,0.457743257284,-0.0750821456313,0
1539875500828796744,65.611403168,carbonZ_2018-10-18-11-06-06_engine_failure_with_emr_traj,engine,28.4899997711,-38.4784698486,-0.97488796711,501,-0.220416292548,2.20856523514,0.962591171265,15.7362060547,0.446360886097,-0.0732633918524,0
1539875500886221416,65.66882784,carbonZ_2018-10-18-11-06-06_engine_failure_with_emr_traj,engine,28.4899997711,-38.4784698486,-0.97488796711,501,-0.317080527544,3.1507601738,0.481205463409,15.7201595306,0.414482831955,-0.114794127643,0
1539875500929094024,65.711700448,carbonZ_2018-10-18-11-06-06_engine_failure_with_emr_traj,engine,28.4899997711,-38.4784698486,-0.97488796711,501,-0.317080527544,3.1507601738,0.481205463409,15.7211446762,0.40821313858,-0.167544335127,0
1539875500989666344,65.772272768,carbonZ_2018-10-18-11-06-06_engine_failure_with_emr_traj,engine,28.5,-29.0660858154,-0.708603620529,501,-0.317080527544,3.1507601738,0.481205463409,15.7022418976,0.395472198725,-0.20163500309,0
1539875501023932904,65.806539328,carbonZ_2018-10-18-11-06-06_engine_failure_with_emr_traj,engine,28.5,-29.0660858154,-0.708603620529,501,-0.317080527544,3.1507601738,0.481205463409,15.6856651306,0.382099032402,-0.214322566986,0
1539875501084291528,65.866897952,carbonZ_2018-10-18-11-06-06_engine_failure_with_emr_traj,engine,28.4899997711,-29.0660858154,-2.80047631264,502,-0.317080527544,3.1507601738,0.481205463409,15.6767692566,0.376354426146,-0.261225312948,0
1539875501132232584,65.914839008,carbonZ_2018-10-18-11-06-06_engine_failure_with_emr_traj,engine,28.4899997711,-29.0660858154,-2.80047631264,502,-0.317080527544,3.1507601738,0.481205463409,15.6680259705,0.334510624409,-0.36666354537,0
1539875501192258600,65.974865024,carbonZ_2018-10-18-11-06-06_engine_failure_with_emr_traj,engine,28.4799995422,-30.987739563,-2.38672184944,502,-0.317080527544,3.1507601738,0.481205463409,15.6418056488,0.235189676285,-0.788930296898,0
1539875501285471336,66.06807776,carbonZ_2018-10-18-11-06-06_engine_failure_with_emr_traj,engine,28.4399986267,-30.987739563,-1.95057368279,503,-0.317080527544,3.1507601738,0.481205463409,15.5952920914,0.112447157502,-1.21228301525,0
1539875501334648040,66.117254464,carbonZ_2018-10-18-11-06-06_engine_failure_with_emr_traj,engine,28.4399986267,-30.987739563,-1.95057368279,503,-1.89504241943,4.64802074432,-2.01927185059,15.5774555206,0.0667709633708,-1.28357183933,0
1539875501386098120,66.168704544,carbonZ_2018-10-18-11-06-06_engine_failure_with_emr_traj,engine,28.3400001526,-24.0816116333,-3.13897442818,503,-1.89504241943,4.64802074432,-2.01927185059,15.5472869873,-0.0297750793397,-1.4536113739,0
1539875501428883336,66.21148976,carbonZ_2018-10-18-11-06-06_engine_failure_with_emr_traj,engine,28.1999988556,-25.0816345215,-2.58060765266,503,-1.89504241943,4.64802074432,-2.01927185059,15.5361642838,-0.0908619090915,-1.40689694881,0
1539875501481607432,66.264213856,carbonZ_2018-10-18-11-06-06_engine_failure_with_emr_traj,engine,28.1999988556,-25.0816345215,-2.58060765266,503,-1.89504241943,4.64802074432,-2.01927185059,15.5286283493,-0.129753768444,-1.29213583469,0
1539875501547949384,66.330555808,carbonZ_2018-10-18-11-06-06_engine_failure_with_emr_traj,engine,28.0699996948,-17.8100585938,-4.56889486313,504,-1.89504241943,4.64802074432,-2.01927185059,15.5201931,-0.179590031505,-1.1565887928,0
1539875501592890696,66.37549712,carbonZ_2018-10-18-11-06-06_engine_failure_with_emr_traj,engine,28.0699996948,-17.8100585938,-4.56889486313,504,-1.89504241943,4.64802074432,-2.01927185059,15.5180664062,-0.180801153183,-1.08391022682,0
1539875501632421288,66.415027712,carbonZ_2018-10-18-11-06-06_engine_failure_with_emr_traj,engine,28.0699996948,-17.8100585938,-4.56889486313,504,-1.89504241943,4.64802074432,-2.01927185059,15.5287771225,-0.187010377645,-0.969668567181,0
1539875501682230920,66.464837344,carbonZ_2018-10-18-11-06-06_engine_failure_with_emr_traj,engine,27.9499988556,-16.8100357056,-3.83177089691,504,0.834854066372,3.86003351212,-1.17149245739,15.5270967484,-0.19149941206,-0.878243625164,0
1539875501717838824,66.500445248,carbonZ_2018-10-18-11-06-06_engine_failure_with_emr_traj,engine,27.9499988556,-16.8100357056,-3.83177089691,504,0.834854066372,3.86003351212,-1.17149245739,15.5193653107,-0.211948662996,-0.818651258945,0
1539875501755119400,66.537725824,carbonZ_2018-10-18-11-06-06_engine_failure_with_emr_traj,engine,27.859998703,-8.59565734863,-3.10936164856,505,0.834854066372,3.86003351212,-1.17149245739,15.5076704025,-0.200482174754,-0.76086473465,0
1539875501842429128,66.625035552,carbonZ_2018-10-18-11-06-06_engine_failure_with_emr_traj,engine,27.7899990082,-8.59565734863,-4.03881216049,505,0.834854066372,3.86003351212,-1.17149245739,15.5041942596,-0.171506032348,-0.718840539455,0
1539875501894674184,66.677280608,carbonZ_2018-10-18-11-06-06_engine_failure_with_emr_traj,engine,27.7899990082,-8.59565734863,-4.03881216049,505,0.834854066372,3.86003351212,-1.17149245739,15.5007667542,-0.120615959167,-0.648020982742,0
1539875501914007048,66.696613472,carbonZ_2018-10-18-11-06-06_engine_failure_with_emr_traj,engine,27.7899990082,-8.59565734863,-4.03881216049,505,0.834854066372,3.86003351212,-1.17149245739,15.492805481,-0.111640863121,-0.615327119827,0
1539875501944027944,66.726634368,carbonZ_2018-10-18-11-06-06_engine_failure_with_emr_traj,engine,27.7299995422,-9.19818878174,-3.22563934326,506,0.834854066372,3.86003351212,-1.17149245739,15.4984302521,-0.0403372086585,-0.6316857934,0
1539875501996317896,66.77892432,carbonZ_2018-10-18-11-06-06_engine_failure_with_emr_traj,engine,27.7299995422,-9.19818878174,-3.22563934326,506,0.834854066372,3.86003351212,-1.17149245739,15.4967880249,0.0197936315089,-0.596069633961,0
1539875502034562312,66.817168736,carbonZ_2018-10-18-11-06-06_engine_failure_with_emr_traj,engine,27.7299995422,-9.19818878174,-3.22563934326,506,0.834854066372,3.86003351212,-1.17149245739,15.4906425476,0.0673357844353,-0.578083157539,0
1539875502098414664,66.881021088,carbonZ_2018-10-18-11-06-06_engine_failure_with_emr_traj,engine,27.6800003052,-9.19818878174,-5.06031322479,506,11.5743741989,2.77467608452,-0.821296513081,15.4866752625,0.190785348415,-0.675761222839,0
1539875502135722600,66.918329024,carbonZ_2018-10-18-11-06-06_engine_failure_with_emr_traj,engine,27.6800003052,-9.19818878174,-5.06031322479,506,11.5743741989,2.77467608452,-0.821296513081,15.484495163,0.301641345024,-0.825910627842,0
1539875502201296520,66.983902944,carbonZ_2018-10-18-11-06-06_engine_failure_with_emr_traj,engine,27.6199989319,-8.89949798584,-4.13800954819,507,11.5743741989,2.77467608452,-0.821296513081,15.4815444946,0.486678183079,-0.907924175262,0
1539875502260365000,67.042971424,carbonZ_2018-10-18-11-06-06_engine_failure_with_emr_traj,engine,27.5399990082,-8.89949798584,-4.13182973862,507,11.5743741989,2.77467608452,-0.821296513081,15.4866514206,0.620746612549,-0.861200451851,0
1539875502319271368,67.101877792,carbonZ_2018-10-18-11-06-06_engine_failure_with_emr_traj,engine,27.5399990082,-8.89949798584,-4.13182973862,507,11.5743741989,2.77467608452,-0.821296513081,15.4954271317,0.74672961235,-0.927164971828,0
1539875502365806152,67.148412576,carbonZ_2018-10-18-11-06-06_engine_failure_with_emr_traj,engine,27.4499988556,-10.1402282715,-3.21207118034,507,11.5743741989,2.77467608452,-0.821296513081,15.4912986755,0.945166826248,-1.0495043993,0
1539875502455504456,67.23811088,carbonZ_2018-10-18-11-06-06_engine_failure_with_emr_traj,engine,27.3400001526,-10.1402282715,-2.32547545433,508,11.5743741989,2.77467608452,-0.821296513081,15.4800300598,1.11870002747,-0.977059841156,0
1539875502487798920,67.270405344,carbonZ_2018-10-18-11-06-06_engine_failure_with_emr_traj,engine,27.3400001526,-10.1402282715,-2.32547545433,508,21.6889438629,2.74561214447,-2.03900909424,15.4834794998,1.2819955349,-1.03475415707,0
1539875502530795368,67.313401792,carbonZ_2018-10-18-11-06-06_engine_failure_with_emr_traj,engine,27.3400001526,-10.1402282715,-2.32547545433,508,21.6889438629,2.74561214447,-2.03900909424,15.495513916,1.34730553627,-1.06610906124,0
1539875502613121064,67.395727488,carbonZ_2018-10-18-11-06-06_engine_failure_with_emr_traj,engine,27.2299995422,21.302986145,-4.98919296265,508,21.6889438629,2.74561214447,-2.03900909424,15.5032215118,1.63368487358,-1.31147837639,0
1539875502640825224,67.423431648,carbonZ_2018-10-18-11-06-06_engine_failure_with_emr_traj,engine,27.2299995422,21.302986145,-4.98919296265,508,21.6889438629,2.74561214447,-2.03900909424,15.500287056,1.69015669823,-1.37589120865,0
1539875502680380488,67.462986912,carbonZ_2018-10-18-11-06-06_engine_failure_with_emr_traj,engine,27.0999984741,21.302986145,-3.97081518173,508,21.6889438629,2.74561214447,-2.03900909424,15.5106878281,1.90134549141,-1.53075516224,0
1539875502723845352,67.506451776,carbonZ_2018-10-18-11-06-06_engine_failure_with_emr_traj,engine,27.0999984741,21.302986145,-3.97081518173,508,21.6889438629,2.74561214447,-2.03900909424,15.5248508453,1.96243727207,-1.54593741894,0
1539875502791011464,67.573617888,carbonZ_2018-10-18-11-06-06_engine_failure_with_emr_traj,engine,26.9399986267,13.2111549377,-3.91589522362,509,21.6889438629,2.74561214447,-2.03900909424,15.5224428177,2.22452044487,-1.6278835535,0
1539875502805694792,67.588301216,carbonZ_2018-10-18-11-06-06_engine_failure_with_emr_traj,engine,26.9399986267,13.2111549377,-3.91589522362,509,21.6889438629,2.74561214447,-2.03900909424,15.5224428177,2.22452044487,-1.6278835535,0
1539875502876465352,67.659071776,carbonZ_2018-10-18-11-06-06_engine_failure_with_emr_traj,engine,26.7699985504,13.2111549377,-2.89526367188,509,21.6889438629,2.74561214447,-2.03900909424,15.5306224823,2.40684819221,-1.43578994274,0
1539875502924479400,67.707085824,carbonZ_2018-10-18-11-06-06_engine_failure_with_emr_traj,engine,26.7699985504,13.2111549377,-2.89526367188,509,25.276468277,0.00529585126787,2.65460634232,15.5248527527,2.54472494125,-1.36041688919,0
1539875503033028872,67.815635296,carbonZ_2018-10-18-11-06-06_engine_failure_with_emr_traj,engine,26.609998703,-3.49464416504,-3.72663092613,509,25.276468277,0.00529585126787,2.65460634232,15.5112009048,3.08892822266,-1.12255477905,0
1539875503048334600,67.830941024,carbonZ_2018-10-18-11-06-06_engine_failure_with_emr_traj,engine,26.4799995422,-3.49464416504,-2.67378425598,509,25.276468277,0.00529585126787,2.65460634232,15.5083856583,3.20558261871,-1.08778345585,0
1539875503082404744,67.865011168,carbonZ_2018-10-18-11-06-06_engine_failure_with_emr_traj,engine,26.4799995422,-3.49464416504,-2.67378425598,509,25.276468277,0.00529585126787,2.65460634232,15.4948863983,3.39857435226,-0.979296982288,0
1539875503133296808,67.915903232,carbonZ_2018-10-18-11-06-06_engine_failure_with_emr_traj,engine,26.3699989319,-15.837097168,-1.65180563927,509,25.276468277,0.00529585126787,2.65460634232,15.4769105911,3.61008143425,-0.906218707561,0
1539875503212581256,67.99518768,carbonZ_2018-10-18-11-06-06_engine_failure_with_emr_traj,engine,26.3699989319,-15.837097168,-1.65180563927,509,25.276468277,0.00529585126787,2.65460634232,15.4456310272,4.11747121811,-0.806852042675,0
1539875503233944680,68.016551104,carbonZ_2018-10-18-11-06-06_engine_failure_with_emr_traj,engine,26.3699989319,-15.837097168,-1.65180563927,509,36.6657371521,-1.71473371983,7.70004272461,15.425535202,4.22747659683,-0.77655929327,0
1539875503280150824,68.062757248,carbonZ_2018-10-18-11-06-06_engine_failure_with_emr_traj,engine,26.2899990082,-15.837097168,-2.46831536293,510,36.6657371521,-1.71473371983,7.70004272461,15.3935518265,4.61697244644,-0.7058198452,0
1539875503343080072,68.125686496,carbonZ_2018-10-18-11-06-06_engine_failure_with_emr_traj,engine,26.2899990082,-15.837097168,-2.46831536293,510,36.6657371521,-1.71473371983,7.70004272461,15.364279747,4.91474723816,-0.685914993286,0
1539875503394746376,68.1773528,carbonZ_2018-10-18-11-06-06_engine_failure_with_emr_traj,engine,26.2199993134,-19.4736480713,-1.44244909286,510,36.6657371521,-1.71473371983,7.70004272461,15.3122701645,5.33562326431,-0.67028015852,0
1539875503413232520,68.195838944,carbonZ_2018-10-18-11-06-06_engine_failure_with_emr_traj,engine,26.2199993134,-19.4736480713,-1.44244909286,510,36.6657371521,-1.71473371983,7.70004272461,15.3122701645,5.33562326431,-0.67028015852,0
1539875503439533288,68.222139712,carbonZ_2018-10-18-11-06-06_engine_failure_with_emr_traj,engine,26.1499996185,-19.4736480713,-2.31882619858,510,36.6657371521,-1.71473371983,7.70004272461,15.2527084351,5.7491440773,-0.693523347378,0
1539875503484940808,68.267547232,carbonZ_2018-10-18-11-06-06_engine_failure_with_emr_traj,engine,26.1499996185,-19.4736480713,-2.31882619858,510,36.6657371521,-1.71473371983,7.70004272461,15.1889228821,6.12690734863,-0.702387571335,0
1539875503542740584,68.325347008,carbonZ_2018-10-18-11-06-06_engine_failure_with_emr_traj,engine,26.0799999237,-40.5765533447,-1.31194460392,509,36.6657371521,-1.71473371983,7.70004272461,15.1377449036,6.33950138092,-0.687274694443,0
1539875503593483496,68.37608992,carbonZ_2018-10-18-11-06-06_engine_failure_with_emr_traj,engine,26.0799999237,-40.5765533447,-1.31194460392,509,36.6657371521,-1.71473371983,7.70004272461,15.0383806229,6.87254619598,-0.776615798473,0
1539875503674443400,68.457049824,carbonZ_2018-10-18-11-06-06_engine_failure_with_emr_traj,engine,26.0100002289,-40.5765533447,-3.23832535744,509,37.436504364,1.01020109653,11.511721611,14.9511165619,7.28991651535,-0.906226754189,0
1539875503684528648,68.467135072,carbonZ_2018-10-18-11-06-06_engine_failure_with_emr_traj,engine,26.0100002289,-40.5765533447,-3.23832535744,509,37.436504364,1.01020109653,11.511721611,14.9511165619,7.28991651535,-0.906226754189,0
1539875503744069896,68.52667632,carbonZ_2018-10-18-11-06-06_engine_failure_with_emr_traj,engine,25.9200000763,-69.0395355225,-2.17258381844,509,37.436504364,1.01020109653,11.511721611,14.8613319397,7.67990350723,-1.0106304884,0
1539875503797439848,68.580046272,carbonZ_2018-10-18-11-06-06_engine_failure_with_emr_traj,engine,25.9200000763,-69.0395355225,-2.17258381844,509,37.436504364,1.01020109653,11.511721611,14.7782421112,8.04277324677,-1.04765486717,0
1539875503851145448,68.633751872,carbonZ_2018-10-18-11-06-06_engine_failure_with_emr_traj,engine,25.8199996948,-69.0395355225,-1.15402972698,509,37.436504364,1.01020109653,11.511721611,14.7211408615,8.28272628784,-1.02314639091,0
1539875503879881672,68.662488096,carbonZ_2018-10-18-11-06-06_engine_failure_with_emr_traj,engine,25.8199996948,-69.0395355225,-1.15402972698,509,37.436504364,1.01020109653,11.511721611,14.6789579391,8.47136211395,-0.964989006519,0
1539875503954644072,68.737250496,carbonZ_2018-10-18-11-06-06_engine_failure_with_emr_traj,engine,25.7099990845,-137.850006104,-1.10769963264,508,37.436504364,1.01020109653,11.511721611,14.5875988007,8.80324172974,-0.904536426067,0
1539875503992208168,68.774814592,carbonZ_2018-10-18-11-06-06_engine_failure_with_emr_traj,engine,25.7099990845,-137.850006104,-1.10769963264,508,38.5124893188,-1.90095436573,17.9684276581,14.5083904266,9.03686141968,-0.885324656963,0
1539875504054046792,68.836653216,carbonZ_2018-10-18-11-06-06_engine_failure_with_emr_traj,engine,25.609998703,-138.850021362,-0.11091081053,508,38.5124893188,-1.90095436573,17.9684276581,14.4015893936,9.42781448364,-0.875930786133,0
1539875504084729608,68.867336032,carbonZ_2018-10-18-11-06-06_engine_failure_with_emr_traj,engine,25.609998703,-138.850021362,-0.11091081053,508,38.5124893188,-1.90095436573,17.9684276581,14.3204154968,9.72161769867,-0.900692462921,0
1539875504158132264,68.940738688,carbonZ_2018-10-18-11-06-06_engine_failure_with_emr_traj,engine,25.5199985504,-158.325576782,-0.978717923164,508,38.5124893188,-1.90095436573,17.9684276581,14.1921167374,10.1093626022,-0.852805495262,0
1539875504215315720,68.997922144,carbonZ_2018-10-18-11-06-06_engine_failure_with_emr_traj,engine,25.5199985504,-158.325576782,-0.978717923164,508,38.5124893188,-1.90095436573,17.9684276581,14.0564470291,10.5017986298,-0.785340070724,0
1539875504229003112,69.011609536,carbonZ_2018-10-18-11-06-06_engine_failure_with_emr_traj,engine,25.5199985504,-158.325576782,-0.978717923164,508,38.5124893188,-1.90095436573,17.9684276581,14.0168991089,10.6368837357,-0.744385778904,0
1539875504276085256,69.05869168,carbonZ_2018-10-18-11-06-06_engine_failure_with_emr_traj,engine,25.4300003052,-157.325561523,0.031315356493,507,38.5124893188,-1.90095436573,17.9684276581,14.0168991089,10.6368837357,-0.744385778904,0
1539875504359026120,69.141632544,carbonZ_2018-10-18-11-06-06_engine_failure_with_emr_traj,engine,25.3500003815,-198.209381104,1.00254321098,507,38.5124893188,-1.90095436573,17.9684276581,13.6506757736,11.5495843887,-0.386354327202,0
1539875504389204744,69.171811168,carbonZ_2018-10-18-11-06-06_engine_failure_with_emr_traj,engine,25.3500003815,-198.209381104,1.00254321098,507,44.3127784729,-5.46474456787,28.1353321075,13.6506757736,11.5495843887,-0.386354327202,0
1539875504446227912,69.228834336,carbonZ_2018-10-18-11-06-06_engine_failure_with_emr_traj,engine,25.2999992371,-198.209381104,-0.602743089199,506,44.3127784729,-5.46474456787,28.1353321075,13.5351486206,11.8297100067,-0.20306006074,0
1539875504491521832,69.274128256,carbonZ_2018-10-18-11-06-06_engine_failure_with_emr_traj,engine,25.2999992371,-198.209381104,-0.602743089199,506,44.3127784729,-5.46474456787,28.1353321075,13.4524879456,12.0314426422,-0.105891183019,0
1539875504552206504,69.334812928,carbonZ_2018-10-18-11-06-06_engine_failure_with_emr_traj,engine,25.2699985504,-211.382675171,0.430333375931,505,44.3127784729,-5.46474456787,28.1353321075,13.2928247452,12.3613510132,0.0347502604127,0
1539875504591545032,69.374151456,carbonZ_2018-10-18-11-06-06_engine_failure_with_emr_traj,engine,25.2699985504,-211.382675171,0.430333375931,505,44.3127784729,-5.46474456787,28.1353321075,13.1705741882,12.6306753159,0.0991941764951,0
1539875504625788104,69.408394528,carbonZ_2018-10-18-11-06-06_engine_failure_with_emr_traj,engine,25.2699985504,-211.382675171,0.430333375931,505,44.3127784729,-5.46474456787,28.1353321075,13.0418787003,12.8823766708,0.123114950955,0
1539875504685767240,69.468373664,carbonZ_2018-10-18-11-06-06_engine_failure_with_emr_traj,engine,25.2699985504,-211.382675171,-0.167419984937,505,44.3127784729,-5.46474456787,28.1353321075,12.8614168167,13.2331972122,0.12748979032,0
1539875504748047336,69.53065376,carbonZ_2018-10-18-11-06-06_engine_failure_with_emr_traj,engine,25.2799987793,-233.953094482,0.864643990993,504,47.0731773376,-7.47394800186,36.2466545105,12.518989563,13.8471641541,0.199314817786,0
1539875504806383560,69.588989984,carbonZ_2018-10-18-11-06-06_engine_failure_with_emr_traj,engine,25.2799987793,-233.953094482,0.864643990993,504,47.0731773376,-7.47394800186,36.2466545105,12.265879631,14.271946907,0.303199350834,0
1539875504870676488,69.653282912,carbonZ_2018-10-18-11-06-06_engine_failure_with_emr_traj,engine,25.2999992371,-233.953094482,0.509546279907,503,47.0731773376,-7.47394800186,36.2466545105,12.0201148987,14.6917676926,0.362687319517,0
1539875504897202408,69.679808832,carbonZ_2018-10-18-11-06-06_engine_failure_with_emr_traj,engine,25.2999992371,-233.953094482,0.509546279907,503,47.0731773376,-7.47394800186,36.2466545105,11.9361371994,14.8084878922,0.394710928202,0
1539875504931870536,69.71447696,carbonZ_2018-10-18-11-06-06_engine_failure_with_emr_traj,engine,25.2999992371,-233.953094482,0.509546279907,503,47.0731773376,-7.47394800186,36.2466545105,11.6400632858,15.2469491959,0.401257276535,0
1539875504996129000,69.778735424,carbonZ_2018-10-18-11-06-06_engine_failure_with_emr_traj,engine,25.3400001526,-290.012176514,1.51154053211,502,47.0731773376,-7.47394800186,36.2466545105,11.4116353989,15.552983284,0.342954218388,0
1539875505031057288,69.813663712,carbonZ_2018-10-18-11-06-06_engine_failure_with_emr_traj,engine,25.3699989319,-290.012176514,2.43115448952,501,45.7680053711,-7.1550822258,44.3681488037,11.1644010544,15.9008693695,0.285180181265,0
1539875505118033928,69.900640352,carbonZ_2018-10-18-11-06-06_engine_failure_with_emr_traj,engine,25.3699989319,-290.012176514,2.43115448952,501,45.7680053711,-7.1550822258,44.3681488037,10.6648921967,16.519908905,0.18240582943,0
1539875505135772968,69.918379392,carbonZ_2018-10-18-11-06-06_engine_failure_with_emr_traj,engine,25.3699989319,-290.012176514,2.43115448952,501,45.7680053711,-7.1550822258,44.3681488037,10.5399446487,16.6530227661,0.155571296811,0
1539875505200676360,69.983282784,carbonZ_2018-10-18-11-06-06_engine_failure_with_emr_traj,engine,25.3899993896,-307.953063965,2.30839467049,500,45.7680053711,-7.1550822258,44.3681488037,10.1520195007,17.0799465179,0.110436625779,0
1539875505235897224,70.018503648,carbonZ_2018-10-18-11-06-06_engine_failure_with_emr_traj,engine,25.3899993896,-307.953063965,2.30839467049,500,45.7680053711,-7.1550822258,44.3681488037,9.93375682831,17.3076896667,0.117129154503,0
1539875505352257256,70.13486368,carbonZ_2018-10-18-11-06-06_engine_failure_with_emr_traj,engine,25.3999996185,-359.25579834,2.98846840858,497,45.7680053711,-7.1550822258,44.3681488037,9.2351398468,17.9389533997,0.182243928313,0
1539875505393160808,70.175767232,carbonZ_2018-10-18-11-06-06_engine_failure_with_emr_traj,engine,25.3999996185,-359.25579834,2.98846840858,497,45.7680053711,-7.1550822258,44.3681488037,8.99042892456,18.144575119,0.217592969537,0
1539875505427256296,70.20986272,carbonZ_2018-10-18-11-06-06_engine_failure_with_emr_traj,engine,25.3999996185,-359.25579834,2.98846840858,497,43.2422561646,-6.88365602493,55.6709747314,8.72221755981,18.3407611847,0.236253112555,0
1539875505487441448,70.270047872,carbonZ_2018-10-18-11-06-06_engine_failure_with_emr_traj,engine,25.3999996185,-359.25579834,3.78000497818,496,43.2422561646,-6.88365602493,55.6709747314,8.4288854599,18.5702667236,0.25829783082,0
1539875505521428584,70.304035008,carbonZ_2018-10-18-11-06-06_engine_failure_with_emr_traj,engine,25.3999996185,-359.25579834,3.78000497818,496,43.2422561646,-6.88365602493,55.6709747314,8.14948368073,18.7459030151,0.301882326603,0
1539875505560506248,70.343112672,carbonZ_2018-10-18-11-06-06_engine_failure_with_emr_traj,engine,25.4200000763,-388.403686523,4.18571996689,494,43.2422561646,-6.88365602493,55.6709747314,7.52171325684,19.1389446259,0.340127110481,0
1539875505598679464,70.381285888,carbonZ_2018-10-18-11-06-06_engine_failure_with_emr_traj,engine,25.4200000763,-388.403686523,4.18571996689,494,43.2422561646,-6.88365602493,55.6709747314,7.20917081833,19.3133029938,0.334804654121,0
1539875505671365448,70.453971872,carbonZ_2018-10-18-11-06-06_engine_failure_with_emr_traj,engine,25.4399986267,-389.403717041,4.85498571396,493,43.2422561646,-6.88365602493,55.6709747314,6.74533557892,19.568365097,0.347632408142,0
1539875505712404456,70.49501088,carbonZ_2018-10-18-11-06-06_engine_failure_with_emr_traj,engine,25.4399986267,-389.403717041,4.85498571396,493,43.2422561646,-6.88365602493,55.6709747314,6.59217023849,19.6466751099,0.367480188608,0
1539875505785130824,70.567737248,carbonZ_2018-10-18-11-06-06_engine_failure_with_emr_traj,engine,25.4599990845,-395.917510986,5.44615411758,491,43.2422561646,-6.88365602493,55.6709747314,5.90417528152,19.9745292664,0.303539782763,0
1539875505801137384,70.583743808,carbonZ_2018-10-18-11-06-06_engine_failure_with_emr_traj,engine,25.4599990845,-395.917510986,5.44615411758,491,43.2422561646,-6.88365602493,55.6709747314,5.70148944855,20.055721283,0.259247094393,0
1539875505885713544,70.668319968,carbonZ_2018-10-18-11-06-06_engine_failure_with_emr_traj,engine,25.4699993134,-395.917510986,5.8338932991,490,44.494052887,-4.45313024521,67.3251037598,5.08873414993,20.3124084473,0.226022928953,0
1539875505908577448,70.691183872,carbonZ_2018-10-18-11-06-06_engine_failure_with_emr_traj,engine,25.4699993134,-395.917510986,5.8338932991,490,44.494052887,-4.45313024521,67.3251037598,4.94993782043,20.3582859039,0.226498410106,0
1539875505958244040,70.740850464,carbonZ_2018-10-18-11-06-06_engine_failure_with_emr_traj,engine,25.4799995422,-409.053222656,6.26797866821,488,44.494052887,-4.45313024521,67.3251037598,4.35404253006,20.5675811768,0.132367223501,0
1539875506001384232,70.783990656,carbonZ_2018-10-18-11-06-06_engine_failure_with_emr_traj,engine,25.4799995422,-409.053222656,6.26797866821,488,44.494052887,-4.45313024521,67.3251037598,4.20437002182,20.6330928802,0.0922108739614,0
1539875506085732104,70.868338528,carbonZ_2018-10-18-11-06-06_engine_failure_with_emr_traj,engine,25.4699993134,-409.053222656,6.62347126007,486,44.494052887,-4.45313024521,67.3251037598,3.82985281944,20.7491359711,0.0621312707663,0
1539875506102133864,70.884740288,carbonZ_2018-10-18-11-06-06_engine_failure_with_emr_traj,engine,25.4699993134,-409.053222656,6.62347126007,486,44.494052887,-4.45313024521,67.3251037598,3.82985281944,20.7491359711,0.0621312707663,0
1539875506172743464,70.955349888,carbonZ_2018-10-18-11-06-06_engine_failure_with_emr_traj,engine,25.4499988556,-425.089660645,6.9240322113,485,44.494052887,-4.45313024521,67.3251037598,3.25360989571,20.8776931763,0.0855471640825,0
1539875506237524296,71.02013072,carbonZ_2018-10-18-11-06-06_engine_failure_with_emr_traj,engine,25.4499988556,-425.089660645,6.9240322113,485,44.494052887,-4.45313024521,67.3251037598,2.91082859039,20.9548130035,0.12750890851,0
1539875506285989288,71.068595712,carbonZ_2018-10-18-11-06-06_engine_failure_with_emr_traj,engine,25.4300003052,-425.089660645,7.16893386841,483,44.494052887,-4.45313024521,67.3251037598,2.56813097,21.024438858,0.191124171019,0
1539875506326408840,71.109015264,carbonZ_2018-10-18-11-06-06_engine_failure_with_emr_traj,engine,25.4300003052,-425.089660645,7.16893386841,483,44.494052887,-4.45313024521,67.3251037598,2.33986401558,21.0498409271,0.238250851631,0
1539875506397361000,71.179967424,carbonZ_2018-10-18-11-06-06_engine_failure_with_emr_traj,engine,25.4300003052,-450.315093994,7.36930751801,481,35.8506851196,-7.23825883865,80.4802017212,1.97083067894,21.0891685486,0.278152793646,0
1539875506432873448,71.215479872,carbonZ_2018-10-18-11-06-06_engine_failure_with_emr_traj,engine,25.4300003052,-450.315093994,7.36930751801,481,35.8506851196,-7.23825883865,80.4802017212,1.72292041779,21.1095199585,0.28766849637,0
1539875506466792584,71.249399008,carbonZ_2018-10-18-11-06-06_engine_failure_with_emr_traj,engine,25.4200000763,-450.315093994,7.51402187347,479,35.8506851196,-7.23825883865,80.4802017212,1.34133863449,21.1421222687,0.313266545534,0
1539875506510879464,71.293485888,carbonZ_2018-10-18-11-06-06_engine_failure_with_emr_traj,engine,25.4200000763,-450.315093994,7.51402187347,479,35.8506851196,-7.23825883865,80.4802017212,1.18044519424,21.1570968628,0.28488573432,0
1539875506547634664,71.330241088,carbonZ_2018-10-18-11-06-06_engine_failure_with_emr_traj,engine,25.4200000763,-447.497558594,7.60307693481,477,35.8506851196,-7.23825883865,80.4802017212,0.848317980766,21.1713027954,0.201805815101,0
1539875506598111080,71.380717504,carbonZ_2018-10-18-11-06-06_engine_failure_with_emr_traj,engine,25.4200000763,-447.497558594,7.60307693481,477,35.8506851196,-7.23825883865,80.4802017212,0.264823704958,21.2097053528,-0.061820551753,0
1539875506631659080,71.414265504,carbonZ_2018-10-18-11-06-06_engine_failure_with_emr_traj,engine,25.4200000763,-447.497558594,7.60307693481,477,35.8506851196,-7.23825883865,80.4802017212,0.0918531939387,21.2070331573,-0.135935127735,0
1539875506693984232,71.476590656,carbonZ_2018-10-18-11-06-06_engine_failure_with_emr_traj,engine,25.3899993896,-447.497558594,7.61420917511,476,35.8506851196,-7.23825883865,80.4802017212,-0.483728259802,21.2322483063,-0.398597627878,0
1539875506739772840,71.522379264,carbonZ_2018-10-18-11-06-06_engine_failure_with_emr_traj,engine,25.3899993896,-447.497558594,7.61420917511,476,35.8506851196,-7.23825883865,80.4802017212,-0.891113460064,21.2270526886,-0.622555315495,0
1539875506785307400,71.567913824,carbonZ_2018-10-18-11-06-06_engine_failure_with_emr_traj,engine,25.3199996948,-405.238922119,7.52515411377,474,34.9050445557,-5.21954298019,90.4346466064,-1.50575423241,21.220287323,-0.979928553104,0
1539875506806146120,71.588752544,carbonZ_2018-10-18-11-06-06_engine_failure_with_emr_traj,engine,25.3199996948,-405.238922119,7.52515411377,474,34.9050445557,-5.21954298019,90.4346466064,-1.70433568954,21.2133541107,-1.09644305706,0
1539875506889906344,71.672512768,carbonZ_2018-10-18-11-06-06_engine_failure_with_emr_traj,engine,25.1899986267,-405.238922119,7.33591175079,472,34.9050445557,-5.21954298019,90.4346466064,-2.36387658119,21.1485481262,-1.42127585411,0
1539875506921951944,71.704558368,carbonZ_2018-10-18-11-06-06_engine_failure_with_emr_traj,engine,25.0100002289,-410.058227539,7.05761480331,470,34.9050445557,-5.21954298019,90.4346466064,-2.36387658119,21.1485481262,-1.42127585411,0
1539875506974157128,71.756763552,carbonZ_2018-10-18-11-06-06_engine_failure_with_emr_traj,engine,25.0100002289,-410.058227539,7.05761480331,470,34.9050445557,-5.21954298019,90.4346466064,-3.0302875042,21.0256557465,-1.85680007935,0
1539875506997626920,71.780233344,carbonZ_2018-10-18-11-06-06_engine_failure_with_emr_traj,engine,25.0100002289,-410.058227539,7.05761480331,470,34.9050445557,-5.21954298019,90.4346466064,-3.32027554512,20.9611492157,-2.02736139297,0
1539875507051574760,71.834181184,carbonZ_2018-10-18-11-06-06_engine_failure_with_emr_traj,engine,24.7699985504,-410.058227539,6.69026279449,468,34.9050445557,-5.21954298019,90.4346466064,-3.56369304657,20.8974590302,-2.15800428391,0
1539875507079901480,71.862507904,carbonZ_2018-10-18-11-06-06_engine_failure_with_emr_traj,engine,24.7699985504,-410.058227539,6.69026279449,468,34.9050445557,-5.21954298019,90.4346466064,-3.76457834244,20.8285541534,-2.23966789246,0
1539875507142203816,71.92481024,carbonZ_2018-10-18-11-06-06_engine_failure_with_emr_traj,engine,24.7699985504,-410.058227539,6.69026279449,468,34.9050445557,-5.21954298019,90.4346466064,-3.91837024689,20.7514781952,-2.2814450264,0
1539875507169994216,71.95260064,carbonZ_2018-10-18-11-06-06_engine_failure_with_emr_traj,engine,24.5100002289,-398.810180664,6.26725101471,466,34.9050445557,-5.21954298019,90.4346466064,-4.06487703323,20.6576709747,-2.33917021751,0
1539875507272600456,72.05520688,carbonZ_2018-10-18-11-06-06_engine_failure_with_emr_traj,engine,24.2099990845,-398.810180664,5.82197570801,464,21.9545269012,-0.614011049271,94.7045288086,-4.33200550079,20.4288215637,-2.42228198051,0
1539875507352330984,72.134937408,carbonZ_2018-10-18-11-06-06_engine_failure_with_emr_traj,engine,23.9099998474,-381.822021484,5.35443639755,462,21.9545269012,-0.614011049271,94.7045288086,-4.47703695297,20.2408905029,-2.45736384392,0
1539875507412852488,72.195458912,carbonZ_2018-10-18-11-06-06_engine_failure_with_emr_traj,engine,23.9099998474,-381.822021484,5.35443639755,462,21.9545269012,-0.614011049271,94.7045288086,-4.53543567657,20.1029510498,-2.43057775497,0
1539875507458367816,72.24097424,carbonZ_2018-10-18-11-06-06_engine_failure_with_emr_traj,engine,23.609998703,-381.822021484,4.8868970871,460,21.9545269012,-0.614011049271,94.7045288086,-4.57180643082,19.9436454773,-2.41866350174,0
1539875507531602056,72.31420848,carbonZ_2018-10-18-11-06-06_engine_failure_with_emr_traj,engine,23.609998703,-381.822021484,4.8868970871,460,21.9545269012,-0.614011049271,94.7045288086,-4.54812431335,19.8570022583,-2.38158035278,0
1539875507565755048,72.348361472,carbonZ_2018-10-18-11-06-06_engine_failure_with_emr_traj,engine,23.3099994659,-359.509643555,4.43049001694,458,21.9545269012,-0.614011049271,94.7045288086,-4.51605319977,19.7755374908,-2.31845188141,0
1539875507607894440,72.390500864,carbonZ_2018-10-18-11-06-06_engine_failure_with_emr_traj,engine,23.3099994659,-359.509643555,4.43049001694,458,21.9545269012,-0.614011049271,94.7045288086,-4.45988750458,19.6631526947,-2.19599342346,0
1539875507670770536,72.45337696,carbonZ_2018-10-18-11-06-06_engine_failure_with_emr_traj,engine,23.0299987793,-359.509643555,3.99634647369,456,1.28944301605,-1.43128931522,96.8508834839,-4.44212675095,19.6275844574,-2.1397383213,0
1539875507690063848,72.472670272,carbonZ_2018-10-18-11-06-06_engine_failure_with_emr_traj,engine,23.0299987793,-359.509643555,3.99634647369,456,1.28944301605,-1.43128931522,96.8508834839,-4.39765930176,19.5601730347,-1.99272084236,0
1539875507725058504,72.507664928,carbonZ_2018-10-18-11-06-06_engine_failure_with_emr_traj,engine,23.0299987793,-359.509643555,3.99634647369,456,1.28944301605,-1.43128931522,96.8508834839,-4.34307003021,19.4873809814,-1.82491767406,0
1539875507807293448,72.589899872,carbonZ_2018-10-18-11-06-06_engine_failure_with_emr_traj,engine,22.7799987793,-334.293762207,3.5844669342,454,1.28944301605,-1.43128931522,96.8508834839,-4.23652029037,19.3518791199,-1.32301902771,0
1539875507849572168,72.632178592,carbonZ_2018-10-18-11-06-06_engine_failure_with_emr_traj,engine,22.5799999237,-334.293762207,3.19485092163,452,1.28944301605,-1.43128931522,96.8508834839,-4.20936584473,19.3197650909,-1.19541728497,0
1539875507922549352,72.705155776,carbonZ_2018-10-18-11-06-06_engine_failure_with_emr_traj,engine,22.5799999237,-334.293762207,3.19485092163,452,1.28944301605,-1.43128931522,96.8508834839,-4.07867193222,19.1590824127,-0.599903106689,0
1539875507989260680,72.771867104,carbonZ_2018-10-18-11-06-06_engine_failure_with_emr_traj,engine,22.4599990845,-306.356445312,2.82749867439,450,1.28944301605,-1.43128931522,96.8508834839,-3.98597025871,19.0605449677,-0.33125436306,0
1539875508040123624,72.822730048,carbonZ_2018-10-18-11-06-06_engine_failure_with_emr_traj,engine,22.3899993896,-306.356445312,2.48241019249,449,-9.60596847534,-3.40872502327,99.171913147,-3.87953352928,18.9730815887,-0.0850298851728,0
1539875508093657320,72.876263744,carbonZ_2018-10-18-11-06-06_engine_failure_with_emr_traj,engine,22.3899993896,-306.356445312,2.48241019249,449,-9.60596847534,-3.40872502327,99.171913147,-3.82398724556,18.9195861816,0.0842940956354,0
1539875508117733608,72.900340032,carbonZ_2018-10-18-11-06-06_engine_failure_with_emr_traj,engine,22.3899993896,-306.356445312,2.48241019249,449,-9.60596847534,-3.40872502327,99.171913147,-3.79235458374,18.8928966522,0.151085063815,0
1539875508196091912,72.978698336,carbonZ_2018-10-18-11-06-06_engine_failure_with_emr_traj,engine,22.359998703,-282.963562012,2.14845371246,447,-9.60596847534,-3.40872502327,99.171913147,-3.6214723587,18.7922000885,0.340443342924,0
1539875508209418056,72.99202448,carbonZ_2018-10-18-11-06-06_engine_failure_with_emr_traj,engine,22.359998703,-282.963562012,2.14845371246,447,-9.60596847534,-3.40872502327,99.171913147,-3.58095026016,18.765499115,0.371674865484,0
1539875508274096232,73.056702656,carbonZ_2018-10-18-11-06-06_engine_failure_with_emr_traj,engine,22.3799991608,-282.963562012,1.83676099777,445,-9.60596847534,-3.40872502327,99.171913147,-3.36570096016,18.6573944092,0.559733808041,0
1539875508345373288,73.127979712,carbonZ_2018-10-18-11-06-06_engine_failure_with_emr_traj,engine,22.4099998474,-254.218292236,1.54733192921,443,-9.60596847534,-3.40872502327,99.171913147,-3.18859243393,18.574005127,0.717504799366,0
1539875508359526120,73.142132544,carbonZ_2018-10-18-11-06-06_engine_failure_with_emr_traj,engine,22.4099998474,-254.218292236,1.54733192921,443,-9.60596847534,-3.40872502327,99.171913147,-3.18859243393,18.574005127,0.717504799366,0
1539875508434077576,73.216684,carbonZ_2018-10-18-11-06-06_engine_failure_with_emr_traj,engine,22.4099998474,-254.218292236,1.54733192921,443,-9.60596847534,-3.40872502327,99.171913147,-3.11234259605,18.5373897552,0.80677819252,0
1539875508468193736,73.25080016,carbonZ_2018-10-18-11-06-06_engine_failure_with_emr_traj,engine,22.4599990845,-254.218292236,1.28016674519,441,-12.4496831894,-5.08508634567,98.4370269775,-3.07400751114,18.5191249847,0.856057524681,0
1539875508508734440,73.291340864,carbonZ_2018-10-18-11-06-06_engine_failure_with_emr_traj,engine,22.4599990845,-254.218292236,1.28016674519,441,-12.4496831894,-5.08508634567,98.4370269775,-2.9326877594,18.466802597,0.992868721485,0
1539875508546329192,73.328935616,carbonZ_2018-10-18-11-06-06_engine_failure_with_emr_traj,engine,22.5199985504,-236.57244873,1.02413332462,440,-12.4496831894,-5.08508634567,98.4370269775,-2.84564518929,18.4283332825,1.0719383955,0
1539875508610835592,73.393442016,carbonZ_2018-10-18-11-06-06_engine_failure_with_emr_traj,engine,22.5199985504,-236.57244873,1.02413332462,440,-12.4496831894,-5.08508634567,98.4370269775,-2.69725394249,18.3809986115,1.16489231586,0
1539875508635740200,73.418346624,carbonZ_2018-10-18-11-06-06_engine_failure_with_emr_traj,engine,22.5199985504,-236.57244873,1.02413332462,440,-12.4496831894,-5.08508634567,98.4370269775,-2.65186572075,18.3714637756,1.18950927258,0
1539875508673944712,73.456551136,carbonZ_2018-10-18-11-06-06_engine_failure_with_emr_traj,engine,22.609998703,-236.57244873,0.801495671272,438,-12.4496831894,-5.08508634567,98.4370269775,-2.56852602959,18.3436222076,1.24229979515,0
1539875508710638216,73.49324464,carbonZ_2018-10-18-11-06-06_engine_failure_with_emr_traj,engine,22.609998703,-236.57244873,0.801495671272,438,-12.4496831894,-5.08508634567,98.4370269775,-2.43346524239,18.3000774384,1.3766541481,0
1539875508765371176,73.5479776,carbonZ_2018-10-18-11-06-06_engine_failure_with_emr_traj,engine,22.6999988556,-216.438293457,0.589989900589,436,-12.4496831894,-5.08508634567,98.4370269775,-2.35127854347,18.2661361694,1.46951556206,0
1539875508810234344,73.592840768,carbonZ_2018-10-18-11-06-06_engine_failure_with_emr_traj,engine,22.6999988556,-216.438293457,0.589989900589,436,-11.6336965561,-6.74383401871,95.7335586548,-2.19509482384,18.2314796448,1.54784798622,0
1539875508845363784,73.627970208,carbonZ_2018-10-18-11-06-06_engine_failure_with_emr_traj,engine,22.8299999237,-216.438293457,0.411879718304,435,-11.6336965561,-6.74383401871,95.7335586548,-2.10778093338,18.2073192596,1.59775197506,0
1539875508931403240,73.714009664,carbonZ_2018-10-18-11-06-06_engine_failure_with_emr_traj,engine,22.8299999237,-216.438293457,0.411879718304,435,-11.6336965561,-6.74383401871,95.7335586548,-1.97904515266,18.1688919067,1.71476709843,0
1539875508994658152,73.777264576,carbonZ_2018-10-18-11-06-06_engine_failure_with_emr_traj,engine,22.9599990845,-204.373748779,0.244901463389,433,-11.6336965561,-6.74383401871,95.7335586548,-1.81721818447,18.1217308044,1.84302222729,0
1539875509034757768,73.817364192,carbonZ_2018-10-18-11-06-06_engine_failure_with_emr_traj,engine,22.9599990845,-204.373748779,0.244901463389,433,-11.6336965561,-6.74383401871,95.7335586548,-1.7748439312,18.117603302,1.86096954346,0
1539875509081167240,73.863773664,carbonZ_2018-10-18-11-06-06_engine_failure_with_emr_traj,engine,23.1199989319,-204.373748779,0.0890550762415,431,-11.6336965561,-6.74383401871,95.7335586548,-1.69439220428,18.1006660461,1.90567779541,0
1539875509158925768,73.941532192,carbonZ_2018-10-18-11-06-06_engine_failure_with_emr_traj,engine,23.2899990082,-190.173721313,-0.0333956554532,429,-13.1331930161,-7.7863202095,92.6956558228,-1.45614647865,18.0865478516,1.93105316162,0
1539875509200924232,73.983530656,carbonZ_2018-10-18-11-06-06_engine_failure_with_emr_traj,engine,23.2899990082,-190.173721313,-0.0333956554532,429,-13.1331930161,-7.7863202095,92.6956558228,-1.33033943176,18.08111763,1.96193063259,0
1539875509215059240,73.997665664,carbonZ_2018-10-18-11-06-06_engine_failure_with_emr_traj,engine,23.2899990082,-190.173721313,-0.0333956554532,429,-13.1331930161,-7.7863202095,92.6956558228,-1.270357728,18.081445694,1.98113024235,0
1539875509314864328,74.097470752,carbonZ_2018-10-18-11-06-06_engine_failure_with_emr_traj,engine,23.4699993134,-190.173721313,-0.133582621813,428,-13.1331930161,-7.7863202095,92.6956558228,-1.02410924435,18.0686340332,2.11394524574,0
1539875509364180904,74.146787328,carbonZ_2018-10-18-11-06-06_engine_failure_with_emr_traj,engine,23.6499996185,-184.367370605,-0.211505800486,426,-13.1331930161,-7.7863202095,92.6956558228,-0.850567519665,18.0580196381,2.24005246162,0
1539875509439353640,74.221960064,carbonZ_2018-10-18-11-06-06_engine_failure_with_emr_traj,engine,23.6499996185,-184.367370605,-0.211505800486,426,-13.1331930161,-7.7863202095,92.6956558228,-0.773291170597,18.0560779572,2.2898952961,0
1539875509458735464,74.241341888,carbonZ_2018-10-18-11-06-06_engine_failure_with_emr_traj,engine,23.8500003815,-184.367370605,-0.256033331156,425,-13.1331930161,-7.7863202095,92.6956558228,-0.691174149513,18.0647964478,2.29708909988,0
1539875509485129736,74.26773616,carbonZ_2018-10-18-11-06-06_engine_failure_with_emr_traj,engine,23.8500003815,-184.367370605,-0.256033331156,425,-13.1331930161,-7.7863202095,92.6956558228,-0.654778540134,18.0668334961,2.29695010185,0
1539875509533792328,74.316398752,carbonZ_2018-10-18-11-06-06_engine_failure_with_emr_traj,engine,23.8500003815,-184.367370605,-0.256033331156,425,-11.5190591812,-8.86166191101,89.2017288208,-0.56974029541,18.0773162842,2.28690004349,0
1539875509594297928,74.376904352,carbonZ_2018-10-18-11-06-06_engine_failure_with_emr_traj,engine,24.0599994659,-189.969451904,-0.289429008961,423,-11.5190591812,-8.86166191101,89.2017288208,-0.474137663841,18.0959072113,2.2942135334,0
1539875509621626888,74.404233312,carbonZ_2018-10-18-11-06-06_engine_failure_with_emr_traj,engine,24.0599994659,-189.969451904,-0.289429008961,423,-11.5190591812,-8.86166191101,89.2017288208,-0.416656136513,18.1092128754,2.29175829887,0
1539875509681751400,74.464357824,carbonZ_2018-10-18-11-06-06_engine_failure_with_emr_traj,engine,24.2699985504,-189.969451904,-0.300560891628,421,-11.5190591812,-8.86166191101,89.2017288208,-0.325029045343,18.1281738281,2.30304050446,0
1539875509747343464,74.529949888,carbonZ_2018-10-18-11-06-06_engine_failure_with_emr_traj,engine,24.4799995422,-199.522781372,-0.311692774296,420,-11.5190591812,-8.86166191101,89.2017288208,-0.268628835678,18.1362342834,2.32903957367,0
1539875509835027656,74.61763408,carbonZ_2018-10-18-11-06-06_engine_failure_with_emr_traj,engine,24.4799995422,-199.522781372,-0.311692774296,420,-11.5190591812,-8.86166191101,89.2017288208,-0.142683967948,18.1816539764,2.3135008812,0
1539875509889795048,74.672401472,carbonZ_2018-10-18-11-06-06_engine_failure_with_emr_traj,engine,24.6999988556,-199.522781372,-0.311692774296,418,-4.54012823105,-9.45928287506,83.4227142334,-0.0684459730983,18.2145004272,2.26844573021,0
1539875509930574440,74.713180864,carbonZ_2018-10-18-11-06-06_engine_failure_with_emr_traj,engine,24.6999988556,-199.522781372,-0.311692774296,418,-4.54012823105,-9.45928287506,83.4227142334,-0.0190230943263,18.2396678925,2.21609449387,0
1539875509980561192,74.763167616,carbonZ_2018-10-18-11-06-06_engine_failure_with_emr_traj,engine,24.9099998474,-202.292053223,-0.300560891628,416,-4.54012823105,-9.45928287506,83.4227142334,0.0474818721414,18.2762069702,2.15363836288,0
1539875510051827432,74.834433856,carbonZ_2018-10-18-11-06-06_engine_failure_with_emr_traj,engine,25.109998703,-202.292053223,-0.278297126293,415,-4.54012823105,-9.45928287506,83.4227142334,0.0932765230536,18.297454834,2.17080950737,0
1539875510081688552,74.864294976,carbonZ_2018-10-18-11-06-06_engine_failure_with_emr_traj,engine,25.109998703,-202.292053223,-0.278297126293,415,-4.54012823105,-9.45928287506,83.4227142334,0.12506505847,18.3132152557,2.16940879822,0
1539875510127760488,74.910366912,carbonZ_2018-10-18-11-06-06_engine_failure_with_emr_traj,engine,25.109998703,-202.292053223,-0.278297126293,415,-4.54012823105,-9.45928287506,83.4227142334,0.180995970964,18.3329467773,2.12579536438,0
1539875510214462536,74.99706896,carbonZ_2018-10-18-11-06-06_engine_failure_with_emr_traj,engine,25.3099994659,-212.209503174,-0.256033331156,413,-4.54012823105,-9.45928287506,83.4227142334,0.276912778616,18.3590927124,2.08748459816,0
1539875510238971368,75.021577792,carbonZ_2018-10-18-11-06-06_engine_failure_with_emr_traj,engine,25.3099994659,-212.209503174,-0.256033331156,413,-4.54012823105,-9.45928287506,83.4227142334,0.304818183184,18.3622283936,2.0741558075,0
1539875510288283816,75.07089024,carbonZ_2018-10-18-11-06-06_engine_failure_with_emr_traj,engine,25.5,-212.209503174,-0.211505800486,411,-4.54012823105,-9.45928287506,83.4227142334,0.403541773558,18.3918857574,2.00945734978,0
1539875510364375752,75.146982176,carbonZ_2018-10-18-11-06-06_engine_failure_with_emr_traj,engine,25.6899986267,-222.687347412,-0.166978269815,410,-2.27900028229,-8.72529983521,77.7007904053,0.523774027824,18.3978824615,1.94762182236,0
1539875510453328072,75.235934496,carbonZ_2018-10-18-11-06-06_engine_failure_with_emr_traj,engine,25.8799991608,-222.687347412,-0.100186958909,408,-2.27900028229,-8.72529983521,77.7007904053,0.589631199837,18.3992938995,1.97124493122,0
1539875510487330824,75.269937248,carbonZ_2018-10-18-11-06-06_engine_failure_with_emr_traj,engine,25.8799991608,-222.687347412,-0.100186958909,408,-2.27900028229,-8.72529983521,77.7007904053,0.631989002228,18.3882789612,1.99944114685,0
1539875510532716584,75.315323008,carbonZ_2018-10-18-11-06-06_engine_failure_with_emr_traj,engine,25.8799991608,-222.687347412,-0.100186958909,408,-2.27900028229,-8.72529983521,77.7007904053,0.671782851219,18.3838253021,2.03960680962,0
1539875510549990184,75.332596608,carbonZ_2018-10-18-11-06-06_engine_failure_with_emr_traj,engine,26.0699996948,-231.538772583,-0.0222637690604,407,-2.27900028229,-8.72529983521,77.7007904053,0.684821844101,18.3889694214,2.05282402039,0
1539875510589222280,75.371828704,carbonZ_2018-10-18-11-06-06_engine_failure_with_emr_traj,engine,26.0699996948,-231.538772583,-0.0222637690604,407,-2.27900028229,-8.72529983521,77.7007904053,0.720175683498,18.386423111,2.06060695648,0
1539875510639566792,75.422173216,carbonZ_2018-10-18-11-06-06_engine_failure_with_emr_traj,engine,26.0699996948,-231.538772583,-0.0222637690604,407,-2.27900028229,-8.72529983521,77.7007904053,0.751390278339,18.383644104,2.06832885742,0
1539875510670952232,75.453558656,carbonZ_2018-10-18-11-06-06_engine_failure_with_emr_traj,engine,26.2699985504,-231.538772583,0.0556594207883,405,-2.02928948402,-7.81124782562,77.4722900391,0.782837510109,18.3860054016,2.05544781685,0
1539875510710623080,75.493229504,carbonZ_2018-10-18-11-06-06_engine_failure_with_emr_traj,engine,26.2699985504,-231.538772583,0.0556594207883,405,-2.02928948402,-7.81124782562,77.4722900391,0.806729018688,18.3931884766,2.01216387749,0
1539875510743153352,75.525759776,carbonZ_2018-10-18-11-06-06_engine_failure_with_emr_traj,engine,26.4799995422,-232.431213379,0.14471450448,403,-2.02928948402,-7.81124782562,77.4722900391,0.851658165455,18.4050216675,1.91000258923,0
1539875510792696808,75.575303232,carbonZ_2018-10-18-11-06-06_engine_failure_with_emr_traj,engine,26.4799995422,-232.431213379,0.14471450448,403,-2.02928948402,-7.81124782562,77.4722900391,0.86845433712,18.4059085846,1.89099931717,0
1539875510848150536,75.63075696,carbonZ_2018-10-18-11-06-06_engine_failure_with_emr_traj,engine,26.6700000763,-232.431213379,0.244901463389,402,-2.02928948402,-7.81124782562,77.4722900391,0.932604253292,18.4065284729,1.76910591125,0
1539875510882435432,75.665041856,carbonZ_2018-10-18-11-06-06_engine_failure_with_emr_traj,engine,26.6700000763,-232.431213379,0.244901463389,402,-2.02928948402,-7.81124782562,77.4722900391,0.973515272141,18.4035568237,1.71642065048,0
1539875510931722536,75.71432896,carbonZ_2018-10-18-11-06-06_engine_failure_with_emr_traj,engine,26.6700000763,-232.431213379,0.244901463389,402,-2.02928948402,-7.81124782562,77.4722900391,1.05506503582,18.39686203,1.59828829765,0
1539875511025970344,75.808576768,carbonZ_2018-10-18-11-06-06_engine_failure_with_emr_traj,engine,26.8499984741,-235.021026611,0.345088422298,400,-2.02928948402,-7.81124782562,77.4722900391,1.10929048061,18.3983745575,1.50444734097,0
1539875511087919304,75.870525728,carbonZ_2018-10-18-11-06-06_engine_failure_with_emr_traj,engine,27.0199985504,-235.021026611,0.456407278776,399,-1.72429859638,-5.58872747421,77.1570892334,1.17748630047,18.3770008087,1.44738316536,0
1539875511122932488,75.905538912,carbonZ_2018-10-18-11-06-06_engine_failure_with_emr_traj,engine,27.1700000763,-233.728027344,0.578858017921,397,-1.72429859638,-5.58872747421,77.1570892334,1.22538304329,18.3729019165,1.40200304985,0
1539875511179362600,75.961969024,carbonZ_2018-10-18-11-06-06_engine_failure_with_emr_traj,engine,27.1700000763,-233.728027344,0.578858017921,397,-1.72429859638,-5.58872747421,77.1570892334,1.25695419312,18.3694629669,1.3378868103,0
1539875511236632072,76.019238496,carbonZ_2018-10-18-11-06-06_engine_failure_with_emr_traj,engine,27.1700000763,-233.728027344,0.578858017921,397,-1.72429859638,-5.58872747421,77.1570892334,1.28702819347,18.3689193726,1.24629259109,0
1539875511286377384,76.068983808,carbonZ_2018-10-18-11-06-06_engine_failure_with_emr_traj,engine,27.2999992371,-233.728027344,0.701308727264,395,-1.72429859638,-5.58872747421,77.1570892334,1.32145011425,18.3737277985,1.09717452526,0
1539875511343523528,76.126129952,carbonZ_2018-10-18-11-06-06_engine_failure_with_emr_traj,engine,27.4200000763,-232.87487793,0.834891319275,394,-1.72429859638,-5.58872747421,77.1570892334,1.3515433073,18.360994339,0.965218961239,0
1539875511389755752,76.172362176,carbonZ_2018-10-18-11-06-06_engine_failure_with_emr_traj,engine,27.4200000763,-232.87487793,0.834891319275,394,-1.72429859638,-5.58872747421,77.1570892334,1.35382795334,18.355304718,0.892339527607,0
1539875511448846472,76.231452896,carbonZ_2018-10-18-11-06-06_engine_failure_with_emr_traj,engine,27.5199985504,-232.87487793,0.979605853558,392,-1.72429859638,-5.58872747421,77.1570892334,1.33904576302,18.3472919464,0.922939181328,0
1539875511531876360,76.314482784,carbonZ_2018-10-18-11-06-06_engine_failure_with_emr_traj,engine,27.5199985504,-232.87487793,0.979605853558,392,1.09245574474,-3.28598189354,78.1495895386,1.301181674,18.3351745605,0.953637719154,0
1539875511609084072,76.391690496,carbonZ_2018-10-18-11-06-06_engine_failure_with_emr_traj,engine,27.6199989319,-237.64743042,1.11318850517,391,1.09245574474,-3.28598189354,78.1495895386,1.22109150887,18.3411102295,0.826248288155,0
1539875511642401704,76.425008128,carbonZ_2018-10-18-11-06-06_engine_failure_with_emr_traj,engine,27.7099990845,-237.64743042,1.23563921452,389,1.09245574474,-3.28598189354,78.1495895386,1.22109150887,18.3411102295,0.826248288155,0
1539875511690138312,76.472744736,carbonZ_2018-10-18-11-06-06_engine_failure_with_emr_traj,engine,27.7099990845,-237.64743042,1.23563921452,389,1.09245574474,-3.28598189354,78.1495895386,1.13294124603,18.3372097015,0.652978956699,0
1539875511729380840,76.511987264,carbonZ_2018-10-18-11-06-06_engine_failure_with_emr_traj,engine,27.7099990845,-237.64743042,1.23563921452,389,1.09245574474,-3.28598189354,78.1495895386,1.1173183918,18.3392658234,0.637593984604,0
1539875511791593768,76.574200192,carbonZ_2018-10-18-11-06-06_engine_failure_with_emr_traj,engine,27.7899990082,-233.99772644,1.34695804119,388,1.09245574474,-3.28598189354,78.1495895386,1.05458700657,18.3400154114,0.532447218895,0
1539875511850353544,76.632959968,carbonZ_2018-10-18-11-06-06_engine_failure_with_emr_traj,engine,27.859998703,-233.99772644,1.43601310253,386,1.09245574474,-3.28598189354,78.1495895386,1.00660598278,18.3253116608,0.425000607967,0
1539875511919269320,76.701875744,carbonZ_2018-10-18-11-06-06_engine_failure_with_emr_traj,engine,27.859998703,-233.99772644,1.43601310253,386,1.09245574474,-3.28598189354,78.1495895386,0.953132748604,18.3057880402,0.360903382301,0
1539875511937444136,76.72005056,carbonZ_2018-10-18-11-06-06_engine_failure_with_emr_traj,engine,27.859998703,-233.99772644,1.43601310253,386,1.09245574474,-3.28598189354,78.1495895386,0.932185590267,18.3105316162,0.347532302141,0
1539875512015338952,76.797945376,carbonZ_2018-10-18-11-06-06_engine_failure_with_emr_traj,engine,27.9099998474,-184.447296143,1.52506816387,384,6.89259243011,-0.0104378098622,74.7213134766,0.851464390755,18.2889213562,0.233977094293,0
1539875512070732360,76.853338784,carbonZ_2018-10-18-11-06-06_engine_failure_with_emr_traj,engine,27.9499988556,-184.447296143,1.59185945988,383,6.89259243011,-0.0104378098622,74.7213134766,0.804244101048,18.2733631134,0.171977102757,0
1539875512156241960,76.938848384,carbonZ_2018-10-18-11-06-06_engine_failure_with_emr_traj,engine,27.9699993134,-178.768737793,1.65865075588,381,6.89259243011,-0.0104378098622,74.7213134766,0.732304811478,18.2537536621,0.0169388838112,0
1539875512207479592,76.990086016,carbonZ_2018-10-18-11-06-06_engine_failure_with_emr_traj,engine,27.9699993134,-178.768737793,1.65865075588,381,6.89259243011,-0.0104378098622,74.7213134766,0.695913255215,18.220035553,-0.0850966349244,0
1539875512242300200,77.024906624,carbonZ_2018-10-18-11-06-06_engine_failure_with_emr_traj,engine,27.9799995422,-178.768737793,1.72544205189,380,6.89259243011,-0.0104378098622,74.7213134766,0.660168349743,18.211025238,-0.164706408978,0
1539875512279313384,77.061919808,carbonZ_2018-10-18-11-06-06_engine_failure_with_emr_traj,engine,27.9799995422,-178.768737793,1.72544205189,380,6.89259243011,-0.0104378098622,74.7213134766,0.634849905968,18.1988563538,-0.201449170709,0
1539875512334048008,77.116654432,carbonZ_2018-10-18-11-06-06_engine_failure_with_emr_traj,engine,27.9799995422,-178.768737793,1.72544205189,380,6.89259243011,-0.0104378098622,74.7213134766,0.607000768185,18.177690506,-0.213595494628,0
1539875512371006056,77.15361248,carbonZ_2018-10-18-11-06-06_engine_failure_with_emr_traj,engine,27.9699993134,-171.457855225,1.76996958256,378,7.13301229477,1.09911966324,74.1026992798,0.576789617538,18.1567840576,-0.240948155522,0
1539875512401364264,77.183970688,carbonZ_2018-10-18-11-06-06_engine_failure_with_emr_traj,engine,27.9699993134,-171.457855225,1.76996958256,378,7.13301229477,1.09911966324,74.1026992798,0.542510390282,18.1442966461,-0.290731310844,0
1539875512449690600,77.232297024,carbonZ_2018-10-18-11-06-06_engine_failure_with_emr_traj,engine,27.9499988556,-171.457855225,1.8256291151,377,7.13301229477,1.09911966324,74.1026992798,0.503847002983,18.1392230988,-0.339448332787,0
1539875512506163144,77.288769568,carbonZ_2018-10-18-11-06-06_engine_failure_with_emr_traj,engine,27.9499988556,-171.457855225,1.8256291151,377,7.13301229477,1.09911966324,74.1026992798,0.446953088045,18.1150569916,-0.366489619017,0
1539875512540186408,77.322792832,carbonZ_2018-10-18-11-06-06_engine_failure_with_emr_traj,engine,27.9300003052,-156.66217041,1.85902476311,375,7.13301229477,1.09911966324,74.1026992798,0.446953088045,18.1150569916,-0.366489619017,0
1539875512588529992,77.371136416,carbonZ_2018-10-18-11-06-06_engine_failure_with_emr_traj,engine,27.9300003052,-156.66217041,1.85902476311,375,7.13301229477,1.09911966324,74.1026992798,0.392307341099,18.1025543213,-0.412590920925,0
1539875512647630152,77.430236576,carbonZ_2018-10-18-11-06-06_engine_failure_with_emr_traj,engine,27.8999996185,-156.66217041,1.89242041111,373,6.41494083405,1.28193306923,75.6494598389,0.344345450401,18.0789737701,-0.456422746181,0
1539875512680542280,77.463148704,carbonZ_2018-10-18-11-06-06_engine_failure_with_emr_traj,engine,27.8999996185,-156.66217041,1.89242041111,373,6.41494083405,1.28193306923,75.6494598389,0.319064944983,18.0745487213,-0.447400420904,0
1539875512741680520,77.524286944,carbonZ_2018-10-18-11-06-06_engine_failure_with_emr_traj,engine,27.8699989319,-155.178833008,1.92581605911,372,6.41494083405,1.28193306923,75.6494598389,0.293493628502,18.0624237061,-0.412005007267,0
1539875512801471816,77.58407824,carbonZ_2018-10-18-11-06-06_engine_failure_with_emr_traj,engine,27.8699989319,-155.178833008,1.92581605911,372,6.41494083405,1.28193306923,75.6494598389,0.261936455965,18.0311145782,-0.347868174314,0
1539875512838238920,77.620845344,carbonZ_2018-10-18-11-06-06_engine_failure_with_emr_traj,engine,27.8699989319,-155.178833008,1.92581605911,372,6.41494083405,1.28193306923,75.6494598389,0.247557327151,18.0368690491,-0.332134753466,0
1539875512880266408,77.662872832,carbonZ_2018-10-18-11-06-06_engine_failure_with_emr_traj,engine,27.8400001526,-155.178833008,1.94807982445,370,6.41494083405,1.28193306923,75.6494598389,0.241755753756,18.0189571381,-0.310122907162,0
1539875512916265416,77.69887184,carbonZ_2018-10-18-11-06-06_engine_failure_with_emr_traj,engine,27.8400001526,-155.178833008,1.94807982445,370,4.70452308655,0.739903390408,76.65965271,0.229284524918,18.0019550323,-0.300072997808,0
1539875512980229064,77.762835488,carbonZ_2018-10-18-11-06-06_engine_failure_with_emr_traj,engine,27.8199996948,-148.964309692,1.95921170712,369,4.70452308655,0.739903390408,76.65965271,0.21011570096,17.9901351929,-0.202476650476,0
1539875513025410120,77.808016544,carbonZ_2018-10-18-11-06-06_engine_failure_with_emr_traj,engine,27.8199996948,-148.964309692,1.95921170712,369,4.70452308655,0.739903390408,76.65965271,0.211392149329,17.9819927216,-0.11017499119,0
1539875513069392968,77.851999392,carbonZ_2018-10-18-11-06-06_engine_failure_with_emr_traj,engine,27.8199996948,-148.964309692,1.98147547245,367,4.70452308655,0.739903390408,76.65965271,0.215493351221,17.9684734344,-0.0142379309982,0
1539875513112535016,77.89514144,carbonZ_2018-10-18-11-06-06_engine_failure_with_emr_traj,engine,27.8299999237,-143.787963867,2.00373911858,366,4.70452308655,0.739903390408,76.65965271,0.215493351221,17.9684734344,-0.0142379309982,0
1539875513164857096,77.94746352,carbonZ_2018-10-18-11-06-06_engine_failure_with_emr_traj,engine,27.8299999237,-143.787963867,2.00373911858,366,4.70452308655,0.739903390408,76.65965271,0.209844976664,17.9560089111,0.226202905178,0
1539875513198425896,77.98103232,carbonZ_2018-10-18-11-06-06_engine_failure_with_emr_traj,engine,27.8299999237,-143.787963867,2.00373911858,366,4.70452308655,0.739903390408,76.65965271,0.213046431541,17.9455623627,0.319579720497,0
1539875513275204776,78.0578112,carbonZ_2018-10-18-11-06-06_engine_failure_with_emr_traj,engine,27.8699989319,-143.787963867,2.02600288391,364,4.70452308655,0.739903390408,76.65965271,0.197261795402,17.9497394562,0.466147363186,0
1539875513286557416,78.06916384,carbonZ_2018-10-18-11-06-06_engine_failure_with_emr_traj,engine,27.8699989319,-143.787963867,2.02600288391,364,4.70452308655,0.739903390408,76.65965271,0.197261795402,17.9497394562,0.466147363186,0
1539875513342037480,78.124643904,carbonZ_2018-10-18-11-06-06_engine_failure_with_emr_traj,engine,27.9399986267,-137.627792358,2.03713488579,363,5.67778968811,-0.805057346821,78.3361434937,0.183469265699,17.9432277679,0.654314219952,0
1539875513388706792,78.171313216,carbonZ_2018-10-18-11-06-06_engine_failure_with_emr_traj,engine,27.9399986267,-137.627792358,2.03713488579,363,5.67778968811,-0.805057346821,78.3361434937,0.161461248994,17.9507522583,0.738114774227,0
1539875513440465640,78.223072064,carbonZ_2018-10-18-11-06-06_engine_failure_with_emr_traj,engine,28.0399990082,-137.627792358,2.05939865112,361,5.67778968811,-0.805057346821,78.3361434937,0.142967954278,17.9605388641,0.818380951881,0
1539875513539309000,78.321915424,carbonZ_2018-10-18-11-06-06_engine_failure_with_emr_traj,engine,28.0399990082,-137.627792358,2.05939865112,361,5.67778968811,-0.805057346821,78.3361434937,0.0952867120504,17.9748744965,0.942598342896,0
1539875513587665192,78.370271616,carbonZ_2018-10-18-11-06-06_engine_failure_with_emr_traj,engine,28.1599998474,-141.114624023,2.08166241646,360,5.67778968811,-0.805057346821,78.3361434937,0.0746141523123,17.9866924286,0.924764156342,0
1539875513629702696,78.41230912,carbonZ_2018-10-18-11-06-06_engine_failure_with_emr_traj,engine,28.2799987793,-141.114624023,2.09279417992,358,5.67778968811,-0.805057346821,78.3361434937,0.046383690089,18.0019054413,0.959875941277,0
1539875513689885032,78.472491456,carbonZ_2018-10-18-11-06-06_engine_failure_with_emr_traj,engine,28.2799987793,-141.114624023,2.09279417992,358,4.9011092186,-0.771195590496,79.7696533203,0.0162301436067,18.0277748108,0.976191520691,0
1539875513733689160,78.516295584,carbonZ_2018-10-18-11-06-06_engine_failure_with_emr_traj,engine,28.2799987793,-141.114624023,2.09279417992,358,4.9011092186,-0.771195590496,79.7696533203,-0.0223506130278,18.0456943512,0.980079829693,0
1539875513795794728,78.578401152,carbonZ_2018-10-18-11-06-06_engine_failure_with_emr_traj,engine,28.4099998474,-139.170257568,2.09279417992,356,4.9011092186,-0.771195590496,79.7696533203,-0.093497812748,18.0875720978,0.882733047009,0
1539875513840618344,78.623224768,carbonZ_2018-10-18-11-06-06_engine_failure_with_emr_traj,engine,28.5199985504,-139.170257568,2.09279417992,355,4.9011092186,-0.771195590496,79.7696533203,-0.12688267231,18.1014118195,0.82604175806,0
1539875513883859624,78.666466048,carbonZ_2018-10-18-11-06-06_engine_failure_with_emr_traj,engine,28.5199985504,-139.170257568,2.09279417992,355,4.9011092186,-0.771195590496,79.7696533203,-0.189424067736,18.1310863495,0.695274412632,0
1539875513940759496,78.72336592,carbonZ_2018-10-18-11-06-06_engine_failure_with_emr_traj,engine,28.609998703,-149.318511963,2.07053041458,353,4.9011092186,-0.771195590496,79.7696533203,-0.260234981775,18.171503067,0.494736671448,0
1539875514030782696,78.81338912,carbonZ_2018-10-18-11-06-06_engine_failure_with_emr_traj,engine,28.609998703,-149.318511963,2.07053041458,353,4.9011092186,-0.771195590496,79.7696533203,-0.279058456421,18.1904716492,0.41272649169,0
1539875514091780040,78.874386464,carbonZ_2018-10-18-11-06-06_engine_failure_with_emr_traj,engine,28.6800003052,-149.318511963,2.04826664925,352,5.0598320961,0.9355712533,77.8360748291,-0.283312708139,18.1940441132,0.378243893385,0
1539875514165950280,78.948556704,carbonZ_2018-10-18-11-06-06_engine_failure_with_emr_traj,engine,28.7299995422,-155.49621582,2.01487112045,350,5.0598320961,0.9355712533,77.8360748291,-0.268223166466,18.2025260925,0.402125507593,0
1539875514207972520,78.990578944,carbonZ_2018-10-18-11-06-06_engine_failure_with_emr_traj,engine,28.7299995422,-155.49621582,2.01487112045,350,5.0598320961,0.9355712533,77.8360748291,-0.263873934746,18.2028808594,0.380957514048,0
1539875514217544328,79.000150752,carbonZ_2018-10-18-11-06-06_engine_failure_with_emr_traj,engine,28.7299995422,-155.49621582,2.01487112045,350,5.0598320961,0.9355712533,77.8360748291,-0.242821589112,18.185836792,0.391452968121,0
1539875514278663816,79.06127024,carbonZ_2018-10-18-11-06-06_engine_failure_with_emr_traj,engine,28.7699985504,-155.49621582,1.99260735512,349,5.0598320961,0.9355712533,77.8360748291,-0.1881275177,18.1778335571,0.357769757509,0
1539875514326070376,79.1086768,carbonZ_2018-10-18-11-06-06_engine_failure_with_emr_traj,engine,28.7699985504,-155.49621582,1.99260735512,349,5.0598320961,0.9355712533,77.8360748291,-0.170324981213,18.1752243042,0.32220095396,0
1539875514385394888,79.168001312,carbonZ_2018-10-18-11-06-06_engine_failure_with_emr_traj,engine,28.8199996948,-157.682418823,1.97034358978,347,1.47320973873,1.28438174725,75.9150390625,-0.0949039235711,18.1444568634,0.366577774286,0
1539875514434197320,79.216803744,carbonZ_2018-10-18-11-06-06_engine_failure_with_emr_traj,engine,28.8799991608,-157.682418823,1.97034358978,346,1.47320973873,1.28438174725,75.9150390625,-0.0777120739222,18.1442680359,0.396088093519,0
1539875514486631592,79.269238016,carbonZ_2018-10-18-11-06-06_engine_failure_with_emr_traj,engine,28.8799991608,-157.682418823,1.97034358978,346,1.47320973873,1.28438174725,75.9150390625,-0.0378974787891,18.1318359375,0.526926696301,0
1539875514551573480,79.334179904,carbonZ_2018-10-18-11-06-06_engine_failure_with_emr_traj,engine,28.9399986267,-153.231811523,1.98147547245,344,1.47320973873,1.28438174725,75.9150390625,0.00216400786303,18.1278381348,0.736752808094,0
1539875514634036072,79.416642496,carbonZ_2018-10-18-11-06-06_engine_failure_with_emr_traj,engine,28.9399986267,-153.231811523,1.98147547245,344,1.47320973873,1.28438174725,75.9150390625,0.0278736762702,18.1052246094,0.783517956734,0
1539875514689276904,79.471883328,carbonZ_2018-10-18-11-06-06_engine_failure_with_emr_traj,engine,29.0299987793,-153.231811523,1.99260735512,342,1.47320973873,1.28438174725,75.9150390625,0.0442053228617,18.0999011993,0.779769122601,0
1539875514753750216,79.53635664,carbonZ_2018-10-18-11-06-06_engine_failure_with_emr_traj,engine,29.1399993896,-146.629714966,2.01487112045,341,1.47320973873,1.28438174725,75.9150390625,0.0445521511137,18.1128540039,0.733182251453,0
1539875514795868232,79.578474656,carbonZ_2018-10-18-11-06-06_engine_failure_with_emr_traj,engine,29.1399993896,-146.629714966,2.01487112045,341,1.26183629036,1.50694155693,77.7065963745,0.0758747085929,18.1003952026,0.742268502712,0
1539875514825174312,79.607780736,carbonZ_2018-10-18-11-06-06_engine_failure_with_emr_traj,engine,29.1399993896,-146.629714966,2.01487112045,341,1.26183629036,1.50694155693,77.7065963745,0.0933124348521,18.1094455719,0.721642315388,0
1539875514882738248,79.665344672,carbonZ_2018-10-18-11-06-06_engine_failure_with_emr_traj,engine,29.2399997711,-146.629714966,2.04826664925,339,1.26183629036,1.50694155693,77.7065963745,0.165953889489,18.0973243713,0.684169650078,0
1539875514937113832,79.719720256,carbonZ_2018-10-18-11-06-06_engine_failure_with_emr_traj,engine,29.2399997711,-146.629714966,2.04826664925,339,1.26183629036,1.50694155693,77.7065963745,0.222617745399,18.0797424316,0.666980326176,0
1539875515036621192,79.819227616,carbonZ_2018-10-18-11-06-06_engine_failure_with_emr_traj,engine,29.3400001526,-139.922149658,2.08166241646,338,1.26183629036,1.50694155693,77.7065963745,0.382745921612,18.0581436157,0.820426225662,0
1539875515082185576,79.864792,carbonZ_2018-10-18-11-06-06_engine_failure_with_emr_traj,engine,29.4399986267,-139.922149658,2.12618994713,336,1.26183629036,1.50694155693,77.7065963745,0.461104661226,18.0684089661,1.06487524509,0
1539875515132255432,79.914861856,carbonZ_2018-10-18-11-06-06_engine_failure_with_emr_traj,engine,29.4399986267,-139.922149658,2.12618994713,336,1.26183629036,1.50694155693,77.7065963745,0.501482784748,18.0815238953,1.17917883396,0
1539875515209601320,79.992207744,carbonZ_2018-10-18-11-06-06_engine_failure_with_emr_traj,engine,29.5599994659,-143.115814209,2.19298124313,335,2.02676558495,1.13668251038,79.7143783569,0.525329887867,18.0994606018,1.19916582108,0
1539875515240133672,80.022740096,carbonZ_2018-10-18-11-06-06_engine_failure_with_emr_traj,engine,29.5599994659,-143.115814209,2.19298124313,335,2.02676558495,1.13668251038,79.7143783569,0.535589933395,18.105682373,1.19594991207,0
1539875515294661480,80.077267904,carbonZ_2018-10-18-11-06-06_engine_failure_with_emr_traj,engine,29.6999988556,-143.115814209,2.25977253914,334,2.02676558495,1.13668251038,79.7143783569,0.503366589546,18.1474876404,1.04064798355,0
1539875515326622952,80.109229376,carbonZ_2018-10-18-11-06-06_engine_failure_with_emr_traj,engine,29.6999988556,-143.115814209,2.25977253914,334,2.02676558495,1.13668251038,79.7143783569,0.503366589546,18.1474876404,1.04064798355,0
1539875515358119176,80.1407256,carbonZ_2018-10-18-11-06-06_engine_failure_with_emr_traj,engine,29.8400001526,-144.422912598,2.33769583702,332,2.02676558495,1.13668251038,79.7143783569,0.480414122343,18.1760311127,0.903426587582,0
1539875515406257384,80.188863808,carbonZ_2018-10-18-11-06-06_engine_failure_with_emr_traj,engine,29.8400001526,-144.422912598,2.33769583702,332,2.02676558495,1.13668251038,79.7143783569,0.423520684242,18.2020435333,0.616366267204,0
1539875515457250344,80.239856768,carbonZ_2018-10-18-11-06-06_engine_failure_with_emr_traj,engine,29.9599990845,-144.422912598,2.39335513115,331,4.66877937317,2.38911938667,81.9722518921,0.390954017639,18.2200603485,0.312961339951,0
1539875515487213896,80.26982032,carbonZ_2018-10-18-11-06-06_engine_failure_with_emr_traj,engine,29.9599990845,-144.422912598,2.39335513115,331,4.66877937317,2.38911938667,81.9722518921,0.339095681906,18.2374420166,0.00734967924654,0
1539875515553031912,80.335638336,carbonZ_2018-10-18-11-06-06_engine_failure_with_emr_traj,engine,30.0100002289,-149.540710449,2.4490146637,329,4.66877937317,2.38911938667,81.9722518921,0.325190275908,18.2391319275,-0.148411229253,0
1539875515610017128,80.392623552,carbonZ_2018-10-18-11-06-06_engine_failure_with_emr_traj,engine,30.0100002289,-149.540710449,2.4490146637,329,4.66877937317,2.38911938667,81.9722518921,0.317769050598,18.2176265717,-0.292991578579,0
1539875515635188776,80.4177952,carbonZ_2018-10-18-11-06-06_engine_failure_with_emr_traj,engine,30.0100002289,-149.540710449,2.49354219437,328,4.66877937317,2.38911938667,81.9722518921,0.308342725039,18.2154502869,-0.356588721275,0
1539875515681636360,80.464242784,carbonZ_2018-10-18-11-06-06_engine_failure_with_emr_traj,engine,30.0100002289,-149.540710449,2.49354219437,328,4.66877937317,2.38911938667,81.9722518921,0.32957983017,18.1632976532,-0.837642252445,0
1539875515761186280,80.543792704,carbonZ_2018-10-18-11-06-06_engine_failure_with_emr_traj,engine,29.9299983978,-161.804382324,2.52693772316,326,4.66877937317,2.38911938667,81.9722518921,0.419874876738,18.0653781891,-1.745464921,0
1539875515805740456,80.58834688,carbonZ_2018-10-18-11-06-06_engine_failure_with_emr_traj,engine,29.9299983978,-161.804382324,2.52693772316,326,4.66877937317,2.38911938667,81.9722518921,0.419874876738,18.0653781891,-1.745464921,0
1539875515829074408,80.611680832,carbonZ_2018-10-18-11-06-06_engine_failure_with_emr_traj,engine,29.9299983978,-161.804382324,2.52693772316,326,4.66877937317,2.38911938667,81.9722518921,0.466124802828,18.0051670074,-2.06033825874,0
1539875515921314184,80.703920608,carbonZ_2018-10-18-11-06-06_engine_failure_with_emr_traj,engine,29.7600002289,-161.804382324,2.58259725571,325,4.66877937317,2.38911938667,81.9722518921,0.556106567383,17.9014644623,-2.52427220345,0
1539875515948474920,80.731081344,carbonZ_2018-10-18-11-06-06_engine_failure_with_emr_traj,engine,29.7600002289,-161.804382324,2.58259725571,325,-3.53358602524,7.62494325638,76.6640625,0.589778006077,17.8725318909,-2.62611818314,0
1539875516005212712,80.787819136,carbonZ_2018-10-18-11-06-06_engine_failure_with_emr_traj,engine,29.5100002289,-133.465194702,2.63825654984,323,-3.53358602524,7.62494325638,76.6640625,0.725502312183,17.7373962402,-2.99276232719,0
1539875516044890696,80.82749712,carbonZ_2018-10-18-11-06-06_engine_failure_with_emr_traj,engine,29.1999988556,-133.465194702,2.72731161118,322,-3.53358602524,7.62494325638,76.6640625,0.762443840504,17.6792125702,-3.14428663254,0
1539875516087828968,80.870435392,carbonZ_2018-10-18-11-06-06_engine_failure_with_emr_traj,engine,29.1999988556,-133.465194702,2.72731161118,322,-3.53358602524,7.62494325638,76.6640625,0.821817696095,17.6052131653,-3.28054666519,0
1539875516154920712,80.937527136,carbonZ_2018-10-18-11-06-06_engine_failure_with_emr_traj,engine,28.859998703,-115.571212769,2.82749867439,320,-3.53358602524,7.62494325638,76.6640625,0.897922515869,17.5103607178,-3.479408741,0
1539875516188321032,80.970927456,carbonZ_2018-10-18-11-06-06_engine_failure_with_emr_traj,engine,28.859998703,-115.571212769,2.82749867439,320,-3.53358602524,7.62494325638,76.6640625,0.979669570923,17.4092254639,-3.59180569649,0
1539875516229151496,81.01175792,carbonZ_2018-10-18-11-06-06_engine_failure_with_emr_traj,engine,28.859998703,-115.571212769,2.82749867439,320,-3.53358602524,7.62494325638,76.6640625,0.988856971264,17.3902359009,-3.62362313271,0
1539875516288599720,81.071206144,carbonZ_2018-10-18-11-06-06_engine_failure_with_emr_traj,engine,28.5,-115.571212769,2.9610812664,319,-0.0408979989588,7.82226133347,73.2795333862,1.05764186382,17.3067588806,-3.60760831833,0
1539875516352797896,81.13540432,carbonZ_2018-10-18-11-06-06_engine_failure_with_emr_traj,engine,28.1299991608,-86.051940918,3.09466385841,318,-0.0408979989588,7.82226133347,73.2795333862,1.12388753891,17.2317886353,-3.54771113396,0
1539875516388770376,81.1713768,carbonZ_2018-10-18-11-06-06_engine_failure_with_emr_traj,engine,28.1299991608,-86.051940918,3.09466385841,318,-0.0408979989588,7.82226133347,73.2795333862,1.15141737461,17.2004032135,-3.50071835518,0
1539875516439656680,81.222263104,carbonZ_2018-10-18-11-06-06_engine_failure_with_emr_traj,engine,28.1299991608,-86.051940918,3.09466385841,318,-0.0408979989588,7.82226133347,73.2795333862,1.1990609169,17.1643390656,-3.39769268036,0
1539875516499909032,81.282515456,carbonZ_2018-10-18-11-06-06_engine_failure_with_emr_traj,engine,27.7799987793,-86.051940918,3.2393784523,317,-0.0408979989588,7.82226133347,73.2795333862,1.25136864185,17.1127490997,-3.26472043991,0
1539875516527882664,81.310489088,carbonZ_2018-10-18-11-06-06_engine_failure_with_emr_traj,engine,27.7799987793,-86.051940918,3.2393784523,317,-0.0408979989588,7.82226133347,73.2795333862,1.29499161243,17.0660076141,-3.17958688736,0
1539875516591595464,81.374201888,carbonZ_2018-10-18-11-06-06_engine_failure_with_emr_traj,engine,27.4599990845,-62.3334884644,3.4063565731,315,-0.0408979989588,7.82226133347,73.2795333862,1.34143638611,17.0179634094,-3.04349970818,0
1539875516647395656,81.43000208,carbonZ_2018-10-18-11-06-06_engine_failure_with_emr_traj,engine,27.1700000763,-62.3334884644,3.57333493233,314,-0.0408979989588,7.82226133347,73.2795333862,1.36800348759,16.9825897217,-2.90066814423,0
1539875516690093576,81.4727,carbonZ_2018-10-18-11-06-06_engine_failure_with_emr_traj,engine,27.1700000763,-62.3334884644,3.57333493233,314,-0.0408979989588,7.82226133347,73.2795333862,1.38645112514,16.950428009,-2.79676246643,0
1539875516742556328,81.525162752,carbonZ_2018-10-18-11-06-06_engine_failure_with_emr_traj,engine,26.8999996185,-50.8787155151,3.75144505501,313,0.20402084291,4.72415351868,76.462928772,1.40582036972,16.9169006348,-2.65962791443,0
1539875516781997224,81.564603648,carbonZ_2018-10-18-11-06-06_engine_failure_with_emr_traj,engine,26.8999996185,-50.8787155151,3.75144505501,313,0.20402084291,4.72415351868,76.462928772,1.42170953751,16.8885746002,-2.57035493851,0
1539875516826925608,81.609532032,carbonZ_2018-10-18-11-06-06_engine_failure_with_emr_traj,engine,26.6599998474,-50.8787155151,3.92955517769,312,0.20402084291,4.72415351868,76.462928772,1.4307359457,16.8549842834,-2.44395089149,0
1539875516886622696,81.66922912,carbonZ_2018-10-18-11-06-06_engine_failure_with_emr_traj,engine,26.6599998474,-50.8787155151,3.92955517769,312,0.20402084291,4.72415351868,76.462928772,1.43375015259,16.8351993561,-2.34053587914,0
1539875516965660744,81.748267168,carbonZ_2018-10-18-11-06-06_engine_failure_with_emr_traj,engine,26.4499988556,-42.3376083374,4.10766553879,310,0.20402084291,4.72415351868,76.462928772,1.4337439537,16.8033275604,-2.15025854111,0
1539875516998021768,81.780628192,carbonZ_2018-10-18-11-06-06_engine_failure_with_emr_traj,engine,26.4499988556,-42.3376083374,4.10766553879,310,0.20402084291,4.72415351868,76.462928772,1.43926179409,16.7869567871,-2.12073349953,0
1539875517029585800,81.812192224,carbonZ_2018-10-18-11-06-06_engine_failure_with_emr_traj,engine,26.25,-42.3376083374,4.27464389801,309,0.20402084291,4.72415351868,76.462928772,1.43861401081,16.7734718323,-2.11134362221,0
1539875517114033960,81.896640384,carbonZ_2018-10-18-11-06-06_engine_failure_with_emr_traj,engine,26.25,-42.3376083374,4.27464389801,309,0.20402084291,4.72415351868,76.462928772,1.42786133289,16.7523822784,-2.10937666893,0
1539875517129990184,81.912596608,carbonZ_2018-10-18-11-06-06_engine_failure_with_emr_traj,engine,26.25,-42.3376083374,4.27464389801,309,0.20402084291,4.72415351868,76.462928772,1.42201352119,16.7542915344,-2.13345718384,0
1539875517182053576,81.96466,carbonZ_2018-10-18-11-06-06_engine_failure_with_emr_traj,engine,26.0499992371,-31.1063766479,4.4416217804,308,4.12998342514,2.36851191521,77.1696929932,1.42195153236,16.7390956879,-2.12297725677,0
1539875517209784136,81.99239056,carbonZ_2018-10-18-11-06-06_engine_failure_with_emr_traj,engine,26.0499992371,-31.1063766479,4.4416217804,308,4.12998342514,2.36851191521,77.1696929932,1.41299068928,16.7361030579,-2.16227030754,0
1539875517289878600,82.072485024,carbonZ_2018-10-18-11-06-06_engine_failure_with_emr_traj,engine,25.8499984741,-31.1063766479,4.59746837616,307,4.12998342514,2.36851191521,77.1696929932,1.39232230186,16.7234745026,-2.18183851242,0
1539875517308068808,82.090675232,carbonZ_2018-10-18-11-06-06_engine_failure_with_emr_traj,engine,25.8499984741,-31.1063766479,4.59746837616,307,4.12998342514,2.36851191521,77.1696929932,1.38170993328,16.7292919159,-2.16693544388,0
1539875517392301384,82.174907808,carbonZ_2018-10-18-11-06-06_engine_failure_with_emr_traj,engine,25.6399993896,-25.6198883057,4.75331449509,305,4.12998342514,2.36851191521,77.1696929932,1.3630951643,16.7353630066,-2.18567728996,0
1539875517418538728,82.201145152,carbonZ_2018-10-18-11-06-06_engine_failure_with_emr_traj,engine,25.6399993896,-25.6198883057,4.75331449509,305,4.12998342514,2.36851191521,77.1696929932,1.36365413666,16.7331066132,-2.17878746986,0
1539875517440292072,82.222898496,carbonZ_2018-10-18-11-06-06_engine_failure_with_emr_traj,engine,25.4200000763,-25.6198883057,4.90916109085,304,4.12998342514,2.36851191521,77.1696929932,1.34492051601,16.741765976,-2.21570372581,0
1539875517491363880,82.273970304,carbonZ_2018-10-18-11-06-06_engine_failure_with_emr_traj,engine,25.4200000763,-25.6198883057,4.90916109085,304,8.52911567688,0.793703973293,75.8076858521,1.33387923241,16.7433624268,-2.23321413994,0
1539875517550636040,82.333242464,carbonZ_2018-10-18-11-06-06_engine_failure_with_emr_traj,engine,25.1899986267,-26.9262313843,5.05387544632,303,8.52911567688,0.793703973293,75.8076858521,1.30814290047,16.7486991882,-2.17426943779,0
1539875517621657480,82.404263904,carbonZ_2018-10-18-11-06-06_engine_failure_with_emr_traj,engine,24.9699993134,-26.9262313843,5.19859027863,302,8.52911567688,0.793703973293,75.8076858521,1.2492544651,16.7655849457,-2.02125263214,0
1539875517706304584,82.488911008,carbonZ_2018-10-18-11-06-06_engine_failure_with_emr_traj,engine,24.9699993134,-26.9262313843,5.19859027863,302,8.52911567688,0.793703973293,75.8076858521,1.18774831295,16.7732753754,-1.73762392998,0
1539875517730129640,82.512736064,carbonZ_2018-10-18-11-06-06_engine_failure_with_emr_traj,engine,24.9699993134,-26.9262313843,5.19859027863,302,8.52911567688,0.793703973293,75.8076858521,1.17262291908,16.7784919739,-1.65410733223,0
1539875517785000712,82.567607136,carbonZ_2018-10-18-11-06-06_engine_failure_with_emr_traj,engine,24.7699985504,-20.3866958618,5.32104063034,301,8.52911567688,0.793703973293,75.8076858521,1.15050399303,16.7831516266,-1.29787790775,0
1539875517804855976,82.5874624,carbonZ_2018-10-18-11-06-06_engine_failure_with_emr_traj,engine,24.7699985504,-20.3866958618,5.32104063034,301,8.52911567688,0.793703973293,75.8076858521,1.14018881321,16.7827625275,-1.17303788662,0
1539875517842741000,82.625347424,carbonZ_2018-10-18-11-06-06_engine_failure_with_emr_traj,engine,24.609998703,-20.3866958618,5.44349145889,299,14.2988061905,-2.83589839935,77.0806350708,1.11573302746,16.7912216187,-0.971947610378,0
1539875517928312872,82.710919296,carbonZ_2018-10-18-11-06-06_engine_failure_with_emr_traj,engine,24.609998703,-20.3866958618,5.44349145889,299,14.2988061905,-2.83589839935,77.0806350708,1.04369175434,16.8136100769,-0.606467247009,0
1539875517995731624,82.778338048,carbonZ_2018-10-18-11-06-06_engine_failure_with_emr_traj,engine,24.5199985504,-24.7117996216,5.55481052399,298,14.2988061905,-2.83589839935,77.0806350708,0.930331647396,16.8626422882,-0.224969908595,0
1539875518041752872,82.824359296,carbonZ_2018-10-18-11-06-06_engine_failure_with_emr_traj,engine,24.4699993134,-24.7117996216,5.65499734879,297,14.2988061905,-2.83589839935,77.0806350708,0.930331647396,16.8626422882,-0.224969908595,0
1539875518109971240,82.892577664,carbonZ_2018-10-18-11-06-06_engine_failure_with_emr_traj,engine,24.4699993134,-24.7117996216,5.65499734879,297,14.2988061905,-2.83589839935,77.0806350708,0.834364175797,16.9029979706,0.0671343803406,0
1539875518125064456,82.90767088,carbonZ_2018-10-18-11-06-06_engine_failure_with_emr_traj,engine,24.4499988556,-25.9368896484,5.74405241013,296,14.2988061905,-2.83589839935,77.0806350708,0.834364175797,16.9029979706,0.0671343803406,0
1539875518196500168,82.979106592,carbonZ_2018-10-18-11-06-06_engine_failure_with_emr_traj,engine,24.4499988556,-25.9368896484,5.74405241013,296,15.9363136292,-5.72613048553,79.2679367065,0.716663360596,16.96534729,0.261291116476,0
1539875518242403176,83.0250096,carbonZ_2018-10-18-11-06-06_engine_failure_with_emr_traj,engine,24.4699993134,-25.9368896484,5.81084394455,294,15.9363136292,-5.72613048553,79.2679367065,0.647943198681,17.0004005432,0.325211435556,0
1539875518280803432,83.063409856,carbonZ_2018-10-18-11-06-06_engine_failure_with_emr_traj,engine,24.4699993134,-25.9368896484,5.81084394455,294,15.9363136292,-5.72613048553,79.2679367065,0.532853245735,17.066608429,0.3356782794,0
1539875518334779880,83.117386304,carbonZ_2018-10-18-11-06-06_engine_failure_with_emr_traj,engine,24.4699993134,-25.9368896484,5.81084394455,294,15.9363136292,-5.72613048553,79.2679367065,0.455485492945,17.114824295,0.351579099894,0
1539875518391811336,83.17441776,carbonZ_2018-10-18-11-06-06_engine_failure_with_emr_traj,engine,24.5,-34.3004226685,5.85537147522,293,15.9363136292,-5.72613048553,79.2679367065,0.358434319496,17.1815414429,0.390037417412,0
1539875518442785800,83.225392224,carbonZ_2018-10-18-11-06-06_engine_failure_with_emr_traj,engine,24.5299987793,-34.3004226685,5.88876676559,292,15.9363136292,-5.72613048553,79.2679367065,0.268348574638,17.2516021729,0.403840184212,0
1539875518479813288,83.262419712,carbonZ_2018-10-18-11-06-06_engine_failure_with_emr_traj,engine,24.5299987793,-34.3004226685,5.88876676559,292,15.9363136292,-5.72613048553,79.2679367065,0.221286743879,17.3014965057,0.382444471121,0
1539875518532918216,83.31552464,carbonZ_2018-10-18-11-06-06_engine_failure_with_emr_traj,engine,24.5299987793,-34.3004226685,5.88876676559,292,15.9363136292,-5.72613048553,79.2679367065,0.171335667372,17.3721866608,0.33949509263,0
1539875518587155208,83.369761632,carbonZ_2018-10-18-11-06-06_engine_failure_with_emr_traj,engine,24.5499992371,-52.0784378052,5.89989900589,290,10.5970373154,-7.28449678421,80.4037246704,0.163089841604,17.4105949402,0.307678520679,0
1539875518624746952,83.407353376,carbonZ_2018-10-18-11-06-06_engine_failure_with_emr_traj,engine,24.5499992371,-52.0784378052,5.89989900589,290,10.5970373154,-7.28449678421,80.4037246704,0.159189000726,17.4586601257,0.295969724655,0
1539875518674570312,83.457176736,carbonZ_2018-10-18-11-06-06_engine_failure_with_emr_traj,engine,24.5699996948,-52.0784378052,5.91103076935,289,10.5970373154,-7.28449678421,80.4037246704,0.191336408257,17.5309638977,0.25827306509,0
1539875518746656424,83.529262848,carbonZ_2018-10-18-11-06-06_engine_failure_with_emr_traj,engine,24.5699996948,-52.0784378052,5.91103076935,289,10.5970373154,-7.28449678421,80.4037246704,0.202926725149,17.5406188965,0.296827435493,0
1539875518778290376,83.5608968,carbonZ_2018-10-18-11-06-06_engine_failure_with_emr_traj,engine,24.5699996948,-71.3874816895,5.92216253281,288,10.5970373154,-7.28449678421,80.4037246704,0.25843885541,17.5605812073,0.489374756813,0
1539875518833734280,83.616340704,carbonZ_2018-10-18-11-06-06_engine_failure_with_emr_traj,engine,24.5799999237,-71.3874816895,5.94442653656,286,10.5970373154,-7.28449678421,80.4037246704,0.29372921586,17.5664100647,0.649926781654,0
1539875518893904904,83.676511328,carbonZ_2018-10-18-11-06-06_engine_failure_with_emr_traj,engine,24.5799999237,-71.3874816895,5.94442653656,286,10.5970373154,-7.28449678421,80.4037246704,0.315007895231,17.5988559723,0.80477142334,0
1539875518928529992,83.711136416,carbonZ_2018-10-18-11-06-06_engine_failure_with_emr_traj,engine,24.5799999237,-71.3874816895,5.94442653656,286,10.5970373154,-7.28449678421,80.4037246704,0.318292826414,17.6271724701,0.888713479042,0
1539875518991589256,83.77419568,carbonZ_2018-10-18-11-06-06_engine_failure_with_emr_traj,engine,24.6399993896,-95.9087371826,5.98895406723,285,10.5970373154,-7.28449678421,80.4037246704,0.28968501091,17.69298172,0.912567913532,0
1539875519031988712,83.814595136,carbonZ_2018-10-18-11-06-06_engine_failure_with_emr_traj,engine,24.6399993896,-95.9087371826,5.98895406723,285,7.2514333725,-11.6348934174,87.5585021973,0.235893577337,17.7428359985,0.911034822464,0
1539875519090665256,83.87327168,carbonZ_2018-10-18-11-06-06_engine_failure_with_emr_traj,engine,24.7099990845,-95.9087371826,6.0223493576,284,7.2514333725,-11.6348934174,87.5585021973,0.14191056788,17.8079223633,0.942144334316,0
1539875519119727080,83.902333504,carbonZ_2018-10-18-11-06-06_engine_failure_with_emr_traj,engine,24.7099990845,-95.9087371826,6.0223493576,284,7.2514333725,-11.6348934174,87.5585021973,0.108842730522,17.8236217499,0.97023165226,0
1539875519191702312,83.974308736,carbonZ_2018-10-18-11-06-06_engine_failure_with_emr_traj,engine,24.7799987793,-94.8356628418,6.04461336136,283,7.2514333725,-11.6348934174,87.5585021973,-0.032268922776,17.8449859619,1.35027909279,0
1539875519222025032,84.004631456,carbonZ_2018-10-18-11-06-06_engine_failure_with_emr_traj,engine,24.7799987793,-94.8356628418,6.04461336136,283,7.2514333725,-11.6348934174,87.5585021973,-0.0618461556733,17.8461093903,1.45839333534,0
1539875519266741096,84.04934752,carbonZ_2018-10-18-11-06-06_engine_failure_with_emr_traj,engine,24.8999996185,-94.8356628418,6.05574512482,281,7.2514333725,-11.6348934174,87.5585021973,-0.191790342331,17.8616008759,1.69700193405,0
1539875519334247016,84.11685344,carbonZ_2018-10-18-11-06-06_engine_failure_with_emr_traj,engine,24.8999996185,-94.8356628418,6.05574512482,281,7.2514333725,-11.6348934174,87.5585021973,-0.3391469419,17.8940010071,1.87825500965,0
1539875519368610504,84.151216928,carbonZ_2018-10-18-11-06-06_engine_failure_with_emr_traj,engine,25.0699996948,-56.7068099976,6.0334815979,280,7.2514333725,-11.6348934174,87.5585021973,-0.430825382471,17.9013347626,1.97448074818,0
1539875519435122504,84.217728928,carbonZ_2018-10-18-11-06-06_engine_failure_with_emr_traj,engine,25.0699996948,-56.7068099976,6.0334815979,280,13.4791250229,-11.3327569962,90.3047409058,-0.579977869987,17.9394836426,2.0699608326,0
1539875519466738216,84.24934464,carbonZ_2018-10-18-11-06-06_engine_failure_with_emr_traj,engine,25.2600002289,-56.7068099976,5.98895406723,279,13.4791250229,-11.3327569962,90.3047409058,-0.66486209631,17.9591197968,2.1261639595,0
1539875519526045256,84.30865168,carbonZ_2018-10-18-11-06-06_engine_failure_with_emr_traj,engine,25.2600002289,-56.7068099976,5.98895406723,279,13.4791250229,-11.3327569962,90.3047409058,-0.830526590347,18.0278091431,2.04700040817,0
1539875519579925032,84.362531456,carbonZ_2018-10-18-11-06-06_engine_failure_with_emr_traj,engine,25.4699993134,-48.5078811646,5.91103076935,277,13.4791250229,-11.3327569962,90.3047409058,-0.971698105335,18.0710926056,2.00330162048,0
1539875519638468488,84.421074912,carbonZ_2018-10-18-11-06-06_engine_failure_with_emr_traj,engine,25.6700000763,-48.5078811646,5.81084394455,276,13.4791250229,-11.3327569962,90.3047409058,-1.06031215191,18.1027317047,1.98508894444,0
1539875519685557992,84.468164416,carbonZ_2018-10-18-11-06-06_engine_failure_with_emr_traj,engine,25.6700000763,-48.5078811646,5.81084394455,276,13.4791250229,-11.3327569962,90.3047409058,-1.16909396648,18.1284313202,1.99676299095,0
1539875519739068904,84.521675328,carbonZ_2018-10-18-11-06-06_engine_failure_with_emr_traj,engine,25.6700000763,-48.5078811646,5.81084394455,276,13.4791250229,-11.3327569962,90.3047409058,-1.22831857204,18.147687912,1.9799079895,0
1539875519751989704,84.534596128,carbonZ_2018-10-18-11-06-06_engine_failure_with_emr_traj,engine,25.8699989319,-66.0125732422,5.688393116,274,13.4791250229,-11.3327569962,90.3047409058,-1.25573813915,18.1614818573,1.93298900127,0
1539875519779202728,84.561809152,carbonZ_2018-10-18-11-06-06_engine_failure_with_emr_traj,engine,25.8699989319,-66.0125732422,5.688393116,274,13.4791250229,-11.3327569962,90.3047409058,-1.30138897896,18.1879081726,1.81333124638,0
1539875519828678440,84.611284864,carbonZ_2018-10-18-11-06-06_engine_failure_with_emr_traj,engine,25.8699989319,-66.0125732422,5.688393116,274,8.90084171295,-5.46655464172,84.8173065186,-1.33132886887,18.2172164917,1.69725859165,0
1539875519883849096,84.66645552,carbonZ_2018-10-18-11-06-06_engine_failure_with_emr_traj,engine,26.0499992371,-66.0125732422,5.55481052399,273,8.90084171295,-5.46655464172,84.8173065186,-1.36334609985,18.2560348511,1.52366042137,0
1539875519938813000,84.721419424,carbonZ_2018-10-18-11-06-06_engine_failure_with_emr_traj,engine,26.0499992371,-66.0125732422,5.55481052399,273,8.90084171295,-5.46655464172,84.8173065186,-1.37173390388,18.2770233154,1.39392340183,0
1539875519983757288,84.766363712,carbonZ_2018-10-18-11-06-06_engine_failure_with_emr_traj,engine,26.1899986267,-74.3209838867,5.42122793198,272,8.90084171295,-5.46655464172,84.8173065186,-1.36015725136,18.3030643463,1.1385833025,0
1539875520036048808,84.818655232,carbonZ_2018-10-18-11-06-06_engine_failure_with_emr_traj,engine,26.1899986267,-74.3209838867,5.42122793198,272,8.90084171295,-5.46655464172,84.8173065186,-1.35164618492,18.3171634674,1.00070309639,0
1539875520058894984,84.841501408,carbonZ_2018-10-18-11-06-06_engine_failure_with_emr_traj,engine,26.2999992371,-74.3209838867,5.28764533997,270,8.90084171295,-5.46655464172,84.8173065186,-1.34364545345,18.3286743164,0.895117402077,0
1539875520127080872,84.909687296,carbonZ_2018-10-18-11-06-06_engine_failure_with_emr_traj,engine,26.2999992371,-74.3209838867,5.28764533997,270,8.90084171295,-5.46655464172,84.8173065186,-1.33692157269,18.3400115967,0.818046867847,0
1539875520194338792,84.976945216,carbonZ_2018-10-18-11-06-06_engine_failure_with_emr_traj,engine,26.3799991608,-91.8210983276,5.16519451141,269,8.90084171295,-5.46655464172,84.8173065186,-1.33195269108,18.3457241058,0.750639796257,0
1539875520223864328,85.006470752,carbonZ_2018-10-18-11-06-06_engine_failure_with_emr_traj,engine,26.3799991608,-91.8210983276,5.16519451141,269,5.11681509018,-3.97229194641,85.450958252,-1.32848250866,18.3438816071,0.758511185646,0
1539875520254748392,85.037354816,carbonZ_2018-10-18-11-06-06_engine_failure_with_emr_traj,engine,26.4399986267,-91.8210983276,5.05387544632,267,5.11681509018,-3.97229194641,85.450958252,-1.34250676632,18.3480949402,0.775037109852,0
1539875520309474664,85.092081088,carbonZ_2018-10-18-11-06-06_engine_failure_with_emr_traj,engine,26.4399986267,-91.8210983276,5.05387544632,267,5.11681509018,-3.97229194641,85.450958252,-1.34800302982,18.3489608765,0.804416835308,0
1539875520344591080,85.127197504,carbonZ_2018-10-18-11-06-06_engine_failure_with_emr_traj,engine,26.5100002289,-90.9233093262,4.94255685806,266,5.11681509018,-3.97229194641,85.450958252,-1.3490562439,18.3496875763,0.837047159672,0
1539875520377623080,85.160229504,carbonZ_2018-10-18-11-06-06_engine_failure_with_emr_traj,engine,26.5100002289,-90.9233093262,4.94255685806,266,5.11681509018,-3.97229194641,85.450958252,-1.35806834698,18.3484249115,0.884453952312,0
1539875520432138376,85.2147448,carbonZ_2018-10-18-11-06-06_engine_failure_with_emr_traj,engine,26.5799999237,-90.9233093262,4.84236955643,265,5.11681509018,-3.97229194641,85.450958252,-1.3614872694,18.3457050323,0.910301685333,0
1539875520494020744,85.276627168,carbonZ_2018-10-18-11-06-06_engine_failure_with_emr_traj,engine,26.5799999237,-90.9233093262,4.84236955643,265,5.11681509018,-3.97229194641,85.450958252,-1.35826659203,18.3366527557,0.935047626495,0
1539875520552190792,85.334797216,carbonZ_2018-10-18-11-06-06_engine_failure_with_emr_traj,engine,26.6599998474,-90.0203704834,4.74218273163,263,2.50566077232,-3.219186306,87.4615783691,-1.36417686939,18.3402099609,0.946909427643,0
1539875520586221512,85.368827936,carbonZ_2018-10-18-11-06-06_engine_failure_with_emr_traj,engine,26.6599998474,-90.0203704834,4.74218273163,263,2.50566077232,-3.219186306,87.4615783691,-1.35876274109,18.3339481354,0.910956442356,0
1539875520625408232,85.408014656,carbonZ_2018-10-18-11-06-06_engine_failure_with_emr_traj,engine,26.6599998474,-90.0203704834,4.74218273163,263,2.50566077232,-3.219186306,87.4615783691,-1.35728681087,18.3327140808,0.916943430901,0
1539875520695265960,85.477872384,carbonZ_2018-10-18-11-06-06_engine_failure_with_emr_traj,engine,26.75,-90.0203704834,4.64199590683,262,2.50566077232,-3.219186306,87.4615783691,-1.38180196285,18.3414840698,0.645168185234,0
1539875520794874440,85.577480864,carbonZ_2018-10-18-11-06-06_engine_failure_with_emr_traj,engine,26.8299999237,-93.6241149902,4.54180908203,261,2.50566077232,-3.219186306,87.4615783691,-1.42221164703,18.3316841125,0.438852548599,0
1539875520834057064,85.616663488,carbonZ_2018-10-18-11-06-06_engine_failure_with_emr_traj,engine,26.8799991608,-93.6241149902,4.43049001694,259,2.50566077232,-3.219186306,87.4615783691,-1.43750190735,18.328332901,0.419501066208,0
1539875520890451944,85.673058368,carbonZ_2018-10-18-11-06-06_engine_failure_with_emr_traj,engine,26.8799991608,-93.6241149902,4.43049001694,259,2.50566077232,-3.219186306,87.4615783691,-1.45534682274,18.3153572083,0.479484289885,0
1539875520927057480,85.709663904,carbonZ_2018-10-18-11-06-06_engine_failure_with_emr_traj,engine,26.8799991608,-93.6241149902,4.43049001694,259,2.50566077232,-3.219186306,87.4615783691,-1.45576822758,18.3044605255,0.489580392838,0
1539875520995918504,85.778524928,carbonZ_2018-10-18-11-06-06_engine_failure_with_emr_traj,engine,26.9200000763,-90.8271789551,4.33030319214,258,2.50566077232,-3.219186306,87.4615783691,-1.44653844833,18.2976856232,0.549534201622,0
1539875521051973896,85.83458032,carbonZ_2018-10-18-11-06-06_engine_failure_with_emr_traj,engine,26.9699993134,-90.8271789551,4.21898412704,257,0.319867372513,-0.619324684143,85.3818206787,-1.41995120049,18.2960109711,0.62203681469,0
1539875521082103240,85.864709664,carbonZ_2018-10-18-11-06-06_engine_failure_with_emr_traj,engine,26.9699993134,-90.8271789551,4.21898412704,257,0.319867372513,-0.619324684143,85.3818206787,-1.39304339886,18.2859687805,0.644932925701,0
1539875521118633416,85.90123984,carbonZ_2018-10-18-11-06-06_engine_failure_with_emr_traj,engine,26.9699993134,-90.8271789551,4.21898412704,257,0.319867372513,-0.619324684143,85.3818206787,-1.35691976547,18.2707920074,0.673544347286,0
1539875521182823048,85.965429472,carbonZ_2018-10-18-11-06-06_engine_failure_with_emr_traj,engine,27.0399990082,-83.3530426025,4.10766553879,255,0.319867372513,-0.619324684143,85.3818206787,-1.28958761692,18.2579574585,0.608640491962,0
1539875521224390248,86.006996672,carbonZ_2018-10-18-11-06-06_engine_failure_with_emr_traj,engine,27.109998703,-83.3530426025,4.01861047745,254,0.319867372513,-0.619324684143,85.3818206787,-1.21976232529,18.2284946442,0.595285654068,0
1539875521290721672,86.073328096,carbonZ_2018-10-18-11-06-06_engine_failure_with_emr_traj,engine,27.109998703,-83.3530426025,4.01861047745,254,0.319867372513,-0.619324684143,85.3818206787,-1.17772495747,18.2192440033,0.598004996777,0
1539875521358665512,86.141271936,carbonZ_2018-10-18-11-06-06_engine_failure_with_emr_traj,engine,27.1800003052,-79.8446655273,3.94068717957,253,0.319867372513,-0.619324684143,85.3818206787,-1.04988324642,18.1812801361,0.489969223738,0
1539875521427127656,86.20973408,carbonZ_2018-10-18-11-06-06_engine_failure_with_emr_traj,engine,27.1800003052,-79.8446655273,3.94068717957,253,0.319867372513,-0.619324684143,85.3818206787,-0.993418514729,18.1744537354,0.370379418135,0
1539875521485716168,86.268322592,carbonZ_2018-10-18-11-06-06_engine_failure_with_emr_traj,engine,27.2299995422,-79.8446655273,3.85339283943,252,-0.176976338029,0.575076878071,81.4635848999,-0.949675559998,18.1580905914,0.311042040586,0
1539875521521714376,86.3043208,carbonZ_2018-10-18-11-06-06_engine_failure_with_emr_traj,engine,27.2299995422,-79.8446655273,3.85339283943,252,-0.176976338029,0.575076878071,81.4635848999,-0.886459469795,18.1464099884,0.197953552008,0
1539875521591064424,86.373670848,carbonZ_2018-10-18-11-06-06_engine_failure_with_emr_traj,engine,27.2699985504,-83.7539672852,3.81032681465,250,-0.176976338029,0.575076878071,81.4635848999,-0.821979224682,18.1279506683,0.121732398868,0
1539875521623595016,86.40620144,carbonZ_2018-10-18-11-06-06_engine_failure_with_emr_traj,engine,27.2999992371,-83.7539672852,3.77838563919,249,-0.176976338029,0.575076878071,81.4635848999,-0.740303754807,18.1121692657,0.0186651498079,0
1539875521696790152,86.479396576,carbonZ_2018-10-18-11-06-06_engine_failure_with_emr_traj,engine,27.2999992371,-83.7539672852,3.77838563919,249,-0.176976338029,0.575076878071,81.4635848999,-0.609073936939,18.072473526,-0.0355312414467,0
1539875521748397480,86.531003904,carbonZ_2018-10-18-11-06-06_engine_failure_with_emr_traj,engine,27.2999992371,-78.458404541,3.42766547203,248,-0.176976338029,0.575076878071,81.4635848999,-0.609073936939,18.072473526,-0.0355312414467,0
1539875521800503560,86.583109984,carbonZ_2018-10-18-11-06-06_engine_failure_with_emr_traj,engine,27.2999992371,-78.458404541,3.42766547203,248,-1.27726697922,0.837637424469,80.6679763794,-0.520308375359,18.0648231506,-0.00665063410997,0
1539875521834847592,86.617454016,carbonZ_2018-10-18-11-06-06_engine_failure_with_emr_traj,engine,27.2999992371,-78.458404541,3.42766547203,248,-1.27726697922,0.837637424469,80.6679763794,-0.455668091774,18.0515537262,0.0359211303294,0
1539875521881214248,86.663820672,carbonZ_2018-10-18-11-06-06_engine_failure_with_emr_traj,engine,27.2999992371,-78.458404541,3.45317077637,247,-1.27726697922,0.837637424469,80.6679763794,-0.379727423191,18.0445289612,0.0131593234837,0
1539875521939752392,86.722358816,carbonZ_2018-10-18-11-06-06_engine_failure_with_emr_traj,engine,27.3099994659,-74.8071670532,3.31403684616,246,-1.27726697922,0.837637424469,80.6679763794,-0.323905646801,18.0338630676,0.0144765879959,0
1539875521988650280,86.771256704,carbonZ_2018-10-18-11-06-06_engine_failure_with_emr_traj,engine,27.3099994659,-74.8071670532,3.31403684616,246,-1.27726697922,0.837637424469,80.6679763794,-0.262913584709,18.0270671844,0.0294720344245,0
1539875522002022600,86.784629024,carbonZ_2018-10-18-11-06-06_engine_failure_with_emr_traj,engine,27.3099994659,-74.8071670532,3.31403684616,246,-1.27726697922,0.837637424469,80.6679763794,-0.240490034223,18.0112037659,0.056193549186,0
1539875522088160008,86.870766432,carbonZ_2018-10-18-11-06-06_engine_failure_with_emr_traj,engine,27.3199996948,-73.807144165,3.37569475174,244,-1.27726697922,0.837637424469,80.6679763794,-0.206445991993,18.0166759491,0.185585722327,0
1539875522115361832,86.897968256,carbonZ_2018-10-18-11-06-06_engine_failure_with_emr_traj,engine,27.3199996948,-73.807144165,3.37569475174,244,-1.27726697922,0.837637424469,80.6679763794,-0.193875968456,18.0051651001,0.254595309496,0
1539875522162120584,86.944727008,carbonZ_2018-10-18-11-06-06_engine_failure_with_emr_traj,engine,27.3400001526,-73.7718582153,2.10427427292,243,-0.717700302601,-0.0503173619509,82.5746994019,-0.179031610489,18.0068511963,0.506703138351,0
1539875522212764264,86.995370688,carbonZ_2018-10-18-11-06-06_engine_failure_with_emr_traj,engine,27.3400001526,-73.7718582153,2.10427427292,243,-0.717700302601,-0.0503173619509,82.5746994019,-0.165282025933,18.0030193329,0.665043413639,0
1539875522282804456,87.06541088,carbonZ_2018-10-18-11-06-06_engine_failure_with_emr_traj,engine,27.3999996185,-73.7718582153,2.2743844986,242,-0.717700302601,-0.0503173619509,82.5746994019,-0.178418815136,18.0029659271,0.776455938816,0
1539875522333371048,87.115977472,carbonZ_2018-10-18-11-06-06_engine_failure_with_emr_traj,engine,27.3999996185,-73.7718582153,2.2743844986,242,-0.717700302601,-0.0503173619509,82.5746994019,-0.182673767209,18.0111751556,0.794135153294,0
1539875522349138344,87.131744768,carbonZ_2018-10-18-11-06-06_engine_failure_with_emr_traj,engine,27.4799995422,-74.4449615479,2.43404483795,241,-0.717700302601,-0.0503173619509,82.5746994019,-0.176707223058,18.0002193451,0.817291259766,0
1539875522391925384,87.174531808,carbonZ_2018-10-18-11-06-06_engine_failure_with_emr_traj,engine,27.4799995422,-74.4449615479,2.43404483795,241,-0.717700302601,-0.0503173619509,82.5746994019,-0.180396080017,18.0024299622,0.812936007977,0
1539875522440908904,87.223515328,carbonZ_2018-10-18-11-06-06_engine_failure_with_emr_traj,engine,27.5699996948,-74.4449615479,1.56288504601,240,-0.717700302601,-0.0503173619509,82.5746994019,-0.178823620081,18.0142765045,0.821298956871,0
1539875522511253064,87.293859488,carbonZ_2018-10-18-11-06-06_engine_failure_with_emr_traj,engine,27.5699996948,-74.4449615479,1.56288504601,240,-0.717700302601,-0.0503173619509,82.5746994019,-0.16974888742,18.0082855225,0.814908385277,0
1539875522536418376,87.3190248,carbonZ_2018-10-18-11-06-06_engine_failure_with_emr_traj,engine,27.6700000763,-74.783706665,1.78890752792,239,-0.717700302601,-0.0503173619509,82.5746994019,-0.193798899651,18.0016689301,0.750729799271,0
1539875522605947240,87.388553664,carbonZ_2018-10-18-11-06-06_engine_failure_with_emr_traj,engine,27.6700000763,-74.783706665,1.78890752792,239,5.11755800247,0.186156064272,81.443031311,-0.238919213414,18.0003032684,0.516340076923,0
1539875522625783304,87.408389728,carbonZ_2018-10-18-11-06-06_engine_failure_with_emr_traj,engine,27.7399997711,-74.783706665,-0.0412026047707,238,5.11755800247,0.186156064272,81.443031311,-0.260156452656,18.0096645355,0.452237904072,0
1539875522696386472,87.478992896,carbonZ_2018-10-18-11-06-06_engine_failure_with_emr_traj,engine,27.7399997711,-74.783706665,-0.0412026047707,238,5.11755800247,0.186156064272,81.443031311,-0.296950370073,17.9998264313,0.309874415398,0
1539875522788747528,87.571353952,carbonZ_2018-10-18-11-06-06_engine_failure_with_emr_traj,engine,27.7899990082,-67.4016952515,0.312486708164,237,5.11755800247,0.186156064272,81.443031311,-0.314185172319,17.9760246277,-0.115106642246,0
1539875522871465544,87.654071968,carbonZ_2018-10-18-11-06-06_engine_failure_with_emr_traj,engine,27.7899990082,-67.4016952515,0.677075445652,236,5.11755800247,0.186156064272,81.443031311,-0.360066831112,17.9681091309,-0.471207797527,0
1539875522896034408,87.678640832,carbonZ_2018-10-18-11-06-06_engine_failure_with_emr_traj,engine,27.7899990082,-67.4016952515,0.677075445652,236,5.11755800247,0.186156064272,81.443031311,-0.357386410236,17.9400806427,-0.528847932816,0
1539875522931302120,87.713908544,carbonZ_2018-10-18-11-06-06_engine_failure_with_emr_traj,engine,27.7899990082,-67.4016952515,0.677075445652,236,5.11755800247,0.186156064272,81.443031311,-0.370497941971,17.9411144257,-0.55879765749,0
1539875522980911976,87.7635184,carbonZ_2018-10-18-11-06-06_engine_failure_with_emr_traj,engine,27.75,-65.9526824951,-1.40724050999,234,6.03890562057,2.08939123154,79.66822052,-0.352835118771,17.9142074585,-0.537770748138,0
1539875523043355560,87.825961984,carbonZ_2018-10-18-11-06-06_engine_failure_with_emr_traj,engine,27.6999988556,-66.9527053833,-0.879750370979,233,6.03890562057,2.08939123154,79.66822052,-0.322929292917,17.8889312744,-0.457598417997,0
1539875523077947016,87.86055344,carbonZ_2018-10-18-11-06-06_engine_failure_with_emr_traj,engine,27.6999988556,-66.9527053833,-0.879750370979,233,6.03890562057,2.08939123154,79.66822052,-0.305933892727,17.8622150421,-0.378409743309,0
1539875523150474856,87.93308128,carbonZ_2018-10-18-11-06-06_engine_failure_with_emr_traj,engine,27.6599998474,-64.9318695068,-2.06961941719,232,6.03890562057,2.08939123154,79.66822052,-0.302852898836,17.847618103,-0.243547171354,0
1539875523178189896,87.96079632,carbonZ_2018-10-18-11-06-06_engine_failure_with_emr_traj,engine,27.6599998474,-64.9318695068,-2.06961941719,232,6.03890562057,2.08939123154,79.66822052,-0.312853336334,17.8422641754,-0.14620937407,0
1539875523228471400,88.011077824,carbonZ_2018-10-18-11-06-06_engine_failure_with_emr_traj,engine,27.6599998474,-64.9318695068,-2.06961941719,232,6.03890562057,2.08939123154,79.66822052,-0.317969143391,17.8487224579,-0.00125760468654,0
1539875523304852712,88.087459136,carbonZ_2018-10-18-11-06-06_engine_failure_with_emr_traj,engine,27.6499996185,-63.9318466187,-1.42606782913,231,6.03890562057,2.08939123154,79.66822052,-0.346175223589,17.8352012634,0.244909226894,0
1539875523325415816,88.10802224,carbonZ_2018-10-18-11-06-06_engine_failure_with_emr_traj,engine,27.6700000763,-56.2505722046,-0.782515227795,230,6.03890562057,2.08939123154,79.66822052,-0.401512503624,17.848613739,0.33059039712,0
1539875523397164776,88.1797712,carbonZ_2018-10-18-11-06-06_engine_failure_with_emr_traj,engine,27.6700000763,-56.2505722046,-0.782515227795,230,6.03890562057,2.08939123154,79.66822052,-0.45396822691,17.8546886444,0.420439064503,0
1539875523435889288,88.218495712,carbonZ_2018-10-18-11-06-06_engine_failure_with_emr_traj,engine,27.7299995422,-56.2505722046,-2.62158560753,229,14.7010974884,0.194178968668,83.8983154297,-0.569995284081,17.8724193573,0.538718283176,0
1539875523505071688,88.287678112,carbonZ_2018-10-18-11-06-06_engine_failure_with_emr_traj,engine,27.7299995422,-56.2505722046,-2.62158560753,229,14.7010974884,0.194178968668,83.8983154297,-0.645856738091,17.8761672974,0.626880884171,0
1539875523524714664,88.307321088,carbonZ_2018-10-18-11-06-06_engine_failure_with_emr_traj,engine,27.7299995422,-56.2505722046,-2.62158560753,229,14.7010974884,0.194178968668,83.8983154297,-0.76223731041,17.8958053589,0.699884235859,0
1539875523596100040,88.378706464,carbonZ_2018-10-18-11-06-06_engine_failure_with_emr_traj,engine,27.8099994659,-61.0095977783,-1.83195888996,228,14.7010974884,0.194178968668,83.8983154297,-0.952720284462,17.9308948517,0.893319547176,0
1539875523638405416,88.42101184,carbonZ_2018-10-18-11-06-06_engine_failure_with_emr_traj,engine,27.8099994659,-61.0095977783,-1.83195888996,228,14.7010974884,0.194178968668,83.8983154297,-1.02685654163,17.9502983093,0.919983923435,0
1539875523660899432,88.443505856,carbonZ_2018-10-18-11-06-06_engine_failure_with_emr_traj,engine,27.9099998474,-61.0095977783,-2.74698925018,227,14.7010974884,0.194178968668,83.8983154297,-1.13209843636,17.9609298706,0.985842168331,0
1539875523715326120,88.497932544,carbonZ_2018-10-18-11-06-06_engine_failure_with_emr_traj,engine,27.9099998474,-61.0095977783,-2.74698925018,227,14.7010974884,0.194178968668,83.8983154297,-1.27610719204,17.9874267578,1.04817807674,0
1539875523790845992,88.573452416,carbonZ_2018-10-18-11-06-06_engine_failure_with_emr_traj,engine,28.0299987793,-60.1711273193,-1.89847493172,226,14.7010974884,0.194178968668,83.8983154297,-1.51938486099,18.0267543793,1.21879911423,0
1539875523870220616,88.65282704,carbonZ_2018-10-18-11-06-06_engine_failure_with_emr_traj,engine,28.1700000763,-60.1711273193,-3.68619322777,225,26.6362838745,-0.09703425318,87.7600479126,-1.80093836784,18.0771350861,1.33290851116,0
1539875523912103240,88.694709664,carbonZ_2018-10-18-11-06-06_engine_failure_with_emr_traj,engine,28.1700000763,-60.1711273193,-3.68619322777,225,26.6362838745,-0.09703425318,87.7600479126,-2.06893563271,18.1253204346,1.36650753021,0
1539875523957017416,88.73962384,carbonZ_2018-10-18-11-06-06_engine_failure_with_emr_traj,engine,28.3199996948,-67.7480697632,-2.72075653076,224,26.6362838745,-0.09703425318,87.7600479126,-2.1330769062,18.1363277435,1.39149594307,0
1539875524003080072,88.785686496,carbonZ_2018-10-18-11-06-06_engine_failure_with_emr_traj,engine,28.3199996948,-67.7480697632,-2.72075653076,224,26.6362838745,-0.09703425318,87.7600479126,-2.41174578667,18.1900348663,1.44108593464,0
1539875524030177416,88.81278384,carbonZ_2018-10-18-11-06-06_engine_failure_with_emr_traj,engine,28.3199996948,-67.7480697632,-2.72075653076,224,26.6362838745,-0.09703425318,87.7600479126,-2.49757552147,18.19688797,1.45474231243,0
1539875524080986600,88.863593024,carbonZ_2018-10-18-11-06-06_engine_failure_with_emr_traj,engine,28.4799995422,-67.7480697632,-1.78529930115,222,26.6362838745,-0.09703425318,87.7600479126,-2.77681851387,18.2440338135,1.49689745903,0
1539875524116122600,88.898729024,carbonZ_2018-10-18-11-06-06_engine_failure_with_emr_traj,engine,28.4799995422,-67.7480697632,-1.78529930115,222,26.6362838745,-0.09703425318,87.7600479126,-2.88261294365,18.2595405579,1.50397634506,0
1539875524157595688,88.940202112,carbonZ_2018-10-18-11-06-06_engine_failure_with_emr_traj,engine,28.6499996185,-80.7159423828,-2.55912804604,221,32.7855949402,0.951727867126,91.2307510376,-3.15854310989,18.2876548767,1.54689407349,0
1539875524210163240,88.992769664,carbonZ_2018-10-18-11-06-06_engine_failure_with_emr_traj,engine,28.6499996185,-80.7159423828,-2.55912804604,221,32.7855949402,0.951727867126,91.2307510376,-3.35875797272,18.3124027252,1.58109617233,0
1539875524268905256,89.05151168,carbonZ_2018-10-18-11-06-06_engine_failure_with_emr_traj,engine,28.8099994659,-81.715965271,-1.59106636047,220,32.7855949402,0.951727867126,91.2307510376,-3.68409276009,18.335773468,1.59697580338,0
1539875524326330600,89.108937024,carbonZ_2018-10-18-11-06-06_engine_failure_with_emr_traj,engine,28.9799995422,-100.889015198,-3.23168730736,219,32.7855949402,0.951727867126,91.2307510376,-3.990421772,18.3532428741,1.59925127029,0
1539875524375988232,89.158594656,carbonZ_2018-10-18-11-06-06_engine_failure_with_emr_traj,engine,28.9799995422,-100.889015198,-3.23168730736,219,32.7855949402,0.951727867126,91.2307510376,-4.36266756058,18.3758182526,1.56516158581,0
1539875524427081544,89.209687968,carbonZ_2018-10-18-11-06-06_engine_failure_with_emr_traj,engine,29.1499996185,-99.8889923096,-2.16698288918,217,32.7855949402,0.951727867126,91.2307510376,-4.62079286575,18.3772525787,1.52586877346,0
1539875524477380936,89.25998736,carbonZ_2018-10-18-11-06-06_engine_failure_with_emr_traj,engine,29.1499996185,-99.8889923096,-2.16698288918,217,32.7855949402,0.951727867126,91.2307510376,-4.97634649277,18.3800106049,1.48820257187,0
1539875524517416488,89.300022912,carbonZ_2018-10-18-11-06-06_engine_failure_with_emr_traj,engine,29.1499996185,-99.8889923096,-2.16698288918,217,32.7855949402,0.951727867126,91.2307510376,-5.09695577621,18.3808078766,1.47253787518,0
1539875524558797800,89.341404224,carbonZ_2018-10-18-11-06-06_engine_failure_with_emr_traj,engine,29.3099994659,-115.684127808,-2.90585851669,216,32.7855949402,0.951727867126,91.2307510376,-5.48147583008,18.3731937408,1.41932809353,0
1539875524623532712,89.406139136,carbonZ_2018-10-18-11-06-06_engine_failure_with_emr_traj,engine,29.3099994659,-115.684127808,-2.90585851669,216,32.7855949402,0.951727867126,91.2307510376,-5.88907718658,18.35455513,1.35073578358,0
1539875524664365896,89.44697232,carbonZ_2018-10-18-11-06-06_engine_failure_with_emr_traj,engine,29.4599990845,-115.684127808,-1.82241857052,214,36.5120124817,1.77604603767,100.47429657,-6.16380929947,18.3383102417,1.31299650669,0
1539875524708994632,89.491601056,carbonZ_2018-10-18-11-06-06_engine_failure_with_emr_traj,engine,29.4599990845,-115.684127808,-1.82241857052,214,36.5120124817,1.77604603767,100.47429657,-6.58697509766,18.3005218506,1.25789999962,0
1539875524761019816,89.54362624,carbonZ_2018-10-18-11-06-06_engine_failure_with_emr_traj,engine,29.609998703,-136.502258301,-0.779883265495,213,36.5120124817,1.77604603767,100.47429657,-7.02800703049,18.2456645966,1.19163548946,0
1539875524803844040,89.586450464,carbonZ_2018-10-18-11-06-06_engine_failure_with_emr_traj,engine,29.609998703,-136.502258301,-0.779883265495,213,36.5120124817,1.77604603767,100.47429657,-7.32309579849,18.2048969269,1.15076684952,0
1539875524863838984,89.646445408,carbonZ_2018-10-18-11-06-06_engine_failure_with_emr_traj,engine,29.75,-136.502258301,-2.3297021389,211,36.5120124817,1.77604603767,100.47429657,-7.62343883514,18.1615447998,1.10225689411,0
1539875524924320200,89.706926624,carbonZ_2018-10-18-11-06-06_engine_failure_with_emr_traj,engine,29.75,-136.502258301,-2.3297021389,211,36.5120124817,1.77604603767,100.47429657,-8.10773086548,18.0798931122,1.01094174385,0
1539875524968340648,89.750947072,carbonZ_2018-10-18-11-06-06_engine_failure_with_emr_traj,engine,29.8699989319,-159.158508301,-1.21816301346,210,36.5120124817,1.77604603767,100.47429657,-8.42740249634,18.0238819122,0.966696381569,0
1539875525001335848,89.783942272,carbonZ_2018-10-18-11-06-06_engine_failure_with_emr_traj,engine,29.8699989319,-159.158508301,-1.21816301346,210,36.5120124817,1.77604603767,100.47429657,-8.73867321014,17.9643878937,0.911974012852,0
1539875525079997960,89.862604384,carbonZ_2018-10-18-11-06-06_engine_failure_with_emr_traj,engine,29.9799995422,-159.158508301,-0.168008565903,208,36.5120124817,1.77604603767,100.47429657,-9.36930084229,17.7989330292,0.774237215519,0
1539875525120476264,89.903082688,carbonZ_2018-10-18-11-06-06_engine_failure_with_emr_traj,engine,29.9799995422,-159.158508301,-0.168008565903,208,36.5120124817,1.77604603767,100.47429657,-9.53548145294,17.7504196167,0.728628695011,0
1539875525146119912,89.928726336,carbonZ_2018-10-18-11-06-06_engine_failure_with_emr_traj,engine,30.0699996948,-187.355041504,-1.67694556713,206,40.9266853333,3.31204152107,112.631958008,-10.0315752029,17.6205177307,0.645015060902,0
1539875525187601224,89.970207648,carbonZ_2018-10-18-11-06-06_engine_failure_with_emr_traj,engine,30.0699996948,-187.355041504,-1.67694556713,206,40.9266853333,3.31204152107,112.631958008,-10.186501503,17.5829467773,0.628240346909,0
1539875525239591016,90.02219744,carbonZ_2018-10-18-11-06-06_engine_failure_with_emr_traj,engine,30.0699996948,-187.355041504,-1.67694556713,206,40.9266853333,3.31204152107,112.631958008,-10.4756402969,17.491235733,0.607248783112,0
1539875525276174216,90.05878064,carbonZ_2018-10-18-11-06-06_engine_failure_with_emr_traj,engine,30.1499996185,-187.355041504,-0.564417123795,205,40.9266853333,3.31204152107,112.631958008,-10.7909946442,17.3746643066,0.542581558228,0
1539875525303044360,90.085650784,carbonZ_2018-10-18-11-06-06_engine_failure_with_emr_traj,engine,30.1499996185,-187.355041504,-0.564417123795,205,40.9266853333,3.31204152107,112.631958008,-11.1194000244,17.2701454163,0.511186480522,0
1539875525379405352,90.162011776,carbonZ_2018-10-18-11-06-06_engine_failure_with_emr_traj,engine,30.2199993134,-205.925750732,-1.20930802822,203,40.9266853333,3.31204152107,112.631958008,-11.8277549744,16.9771575928,0.486494719982,0
1539875525426744680,90.209351104,carbonZ_2018-10-18-11-06-06_engine_failure_with_emr_traj,engine,30.2199993134,-205.925750732,-1.20930802822,203,40.9266853333,3.31204152107,112.631958008,-11.8277549744,16.9771575928,0.486494719982,0
1539875525466921512,90.249527936,carbonZ_2018-10-18-11-06-06_engine_failure_with_emr_traj,engine,30.2899990082,-205.925750732,-0.0916011556983,201,42.7773132324,4.04240894318,120.944618225,-12.4299020767,16.7048950195,0.421670109034,0
1539875525505949736,90.28855616,carbonZ_2018-10-18-11-06-06_engine_failure_with_emr_traj,engine,30.2899990082,-205.925750732,-0.0916011556983,201,42.7773132324,4.04240894318,120.944618225,-12.5977859497,16.6156692505,0.377965807915,0
1539875525549727720,90.332334144,carbonZ_2018-10-18-11-06-06_engine_failure_with_emr_traj,engine,30.3499984741,-233.427612305,-1.60021042824,199,42.7773132324,4.04240894318,120.944618225,-12.9339599609,16.4550189972,0.321116030216,0
1539875525588371496,90.37097792,carbonZ_2018-10-18-11-06-06_engine_failure_with_emr_traj,engine,30.3499984741,-233.427612305,-1.60021042824,199,42.7773132324,4.04240894318,120.944618225,-13.2360610962,16.274066925,0.263339877129,0
1539875525622170888,90.404777312,carbonZ_2018-10-18-11-06-06_engine_failure_with_emr_traj,engine,30.3499984741,-233.427612305,-1.60021042824,199,42.7773132324,4.04240894318,120.944618225,-13.6079082489,16.0766887665,0.16354303062,0
1539875525714740584,90.497347008,carbonZ_2018-10-18-11-06-06_engine_failure_with_emr_traj,engine,30.3899993896,-233.427612305,-0.433117687702,197,42.7773132324,4.04240894318,120.944618225,-14.3739318848,15.5760297775,-0.139639362693,0
1539875525744595208,90.527201632,carbonZ_2018-10-18-11-06-06_engine_failure_with_emr_traj,engine,30.4200000763,-251.432617188,-0.964258730412,195,44.4383430481,5.22439527512,128.057449341,-14.5712537766,15.4408359528,-0.236283138394,0
1539875525808737064,90.591343488,carbonZ_2018-10-18-11-06-06_engine_failure_with_emr_traj,engine,30.4200000763,-251.432617188,-0.964258730412,195,44.4383430481,5.22439527512,128.057449341,-15.4031057358,14.7865028381,-0.799701154232,0
1539875525829622920,90.612229344,carbonZ_2018-10-18-11-06-06_engine_failure_with_emr_traj,engine,30.3799991608,-251.432617188,0.149030163884,193,44.4383430481,5.22439527512,128.057449341,-15.6001157761,14.6146945953,-0.952798962593,0
1539875525918433768,90.701040192,carbonZ_2018-10-18-11-06-06_engine_failure_with_emr_traj,engine,30.3799991608,-251.432617188,0.149030163884,193,44.4383430481,5.22439527512,128.057449341,-16.4844589233,13.8550224304,-1.59837496281,0
1539875525928024936,90.71063136,carbonZ_2018-10-18-11-06-06_engine_failure_with_emr_traj,engine,30.3799991608,-251.432617188,0.149030163884,193,44.4383430481,5.22439527512,128.057449341,-16.7206478119,13.6209878922,-1.78772294521,0
1539875525986347112,90.768953536,carbonZ_2018-10-18-11-06-06_engine_failure_with_emr_traj,engine,30.2699985504,-272.188568115,1.13995277882,191,44.4383430481,5.22439527512,128.057449341,-17.6268844604,12.745965004,-2.38744592667,0
1539875526027881352,90.810487776,carbonZ_2018-10-18-11-06-06_engine_failure_with_emr_traj,engine,30.2699985504,-272.188568115,1.13995277882,191,44.4383430481,5.22439527512,128.057449341,-17.8318691254,12.5453882217,-2.4840657711,0
1539875526090071528,90.872677952,carbonZ_2018-10-18-11-06-06_engine_failure_with_emr_traj,engine,30.0699996948,-272.188568115,-0.00614207005128,189,44.4383430481,5.22439527512,128.057449341,-18.2680587769,12.0810070038,-2.60790133476,0
1539875526117837544,90.900443968,carbonZ_2018-10-18-11-06-06_engine_failure_with_emr_traj,engine,30.0699996948,-272.188568115,-0.00614207005128,189,44.4383430481,5.22439527512,128.057449341,-18.5430679321,11.7793130875,-2.65513467789,0
1539875526155943400,90.938549824,carbonZ_2018-10-18-11-06-06_engine_failure_with_emr_traj,engine,29.8199996948,-313.523681641,0.891699373722,187,47.2062683105,7.98755693436,140.580169678,-18.9048976898,11.3104953766,-2.74948906898,0
1539875526233175400,91.015781824,carbonZ_2018-10-18-11-06-06_engine_failure_with_emr_traj,engine,29.8199996948,-313.523681641,0.891699373722,187,47.2062683105,7.98755693436,140.580169678,-19.1738243103,10.9698534012,-2.83513355255,0
1539875526252573000,91.035179424,carbonZ_2018-10-18-11-06-06_engine_failure_with_emr_traj,engine,29.5399990082,-313.523681641,-0.30900990963,185,47.2062683105,7.98755693436,140.580169678,-19.2957401276,10.7879018784,-2.88737559319,0
1539875526281408456,91.06401488,carbonZ_2018-10-18-11-06-06_engine_failure_with_emr_traj,engine,29.5399990082,-313.523681641,-0.30900990963,185,47.2062683105,7.98755693436,140.580169678,-19.5741920471,10.4079017639,-3.0105741024,0
1539875526331464744,91.114071168,carbonZ_2018-10-18-11-06-06_engine_failure_with_emr_traj,engine,29.5399990082,-313.523681641,-0.30900990963,185,47.2062683105,7.98755693436,140.580169678,-19.7816829681,10.0850925446,-3.07201433182,0
1539875526376896040,91.159502464,carbonZ_2018-10-18-11-06-06_engine_failure_with_emr_traj,engine,29.25,-331.535919189,0.57690602541,182,47.2062683105,7.98755693436,140.580169678,-20.1042823792,9.56258010864,-3.16975283623,0
1539875526445276360,91.227882784,carbonZ_2018-10-18-11-06-06_engine_failure_with_emr_traj,engine,28.9399986267,-331.535919189,0.749017477036,180,47.2062683105,7.98755693436,140.580169678,-20.3925571442,9.00142383575,-3.28285241127,0
1539875526482195752,91.264802176,carbonZ_2018-10-18-11-06-06_engine_failure_with_emr_traj,engine,28.9399986267,-331.535919189,0.749017477036,180,47.2062683105,7.98755693436,140.580169678,-20.5859222412,8.65348529816,-3.30669546127,0
1539875526538232392,91.320838816,carbonZ_2018-10-18-11-06-06_engine_failure_with_emr_traj,engine,28.9399986267,-331.535919189,0.749017477036,180,47.2062683105,7.98755693436,140.580169678,-20.7368240356,8.36553668976,-3.28780865669,0
1539875526579700872,91.362307296,carbonZ_2018-10-18-11-06-06_engine_failure_with_emr_traj,engine,28.6199989319,-362.693023682,1.50321877003,178,47.2062683105,7.98755693436,140.580169678,-20.9068069458,7.92734479904,-3.25108528137,0
1539875526630707624,91.413314048,carbonZ_2018-10-18-11-06-06_engine_failure_with_emr_traj,engine,28.6199989319,-362.693023682,1.50321877003,178,45.5132484436,8.49398994446,152.639205933,-21.0325908661,7.634121418,-3.22916245461,0
1539875526684563752,91.467170176,carbonZ_2018-10-18-11-06-06_engine_failure_with_emr_traj,engine,28.2999992371,-362.693023682,2.17246437073,176,45.5132484436,8.49398994446,152.639205933,-21.288766861,7.04062891006,-3.18993473053,0
1539875526728477480,91.511083904,carbonZ_2018-10-18-11-06-06_engine_failure_with_emr_traj,engine,28.2999992371,-362.693023682,2.17246437073,176,45.5132484436,8.49398994446,152.639205933,-21.3312721252,6.90211391449,-3.17327022552,0
1539875526788323368,91.570929792,carbonZ_2018-10-18-11-06-06_engine_failure_with_emr_traj,engine,27.9799995422,-419.950286865,2.37620520592,174,45.5132484436,8.49398994446,152.639205933,-21.4542427063,6.46024465561,-3.14807581902,0
1539875526834022536,91.61662896,carbonZ_2018-10-18-11-06-06_engine_failure_with_emr_traj,engine,27.9799995422,-419.950286865,2.37620520592,174,45.5132484436,8.49398994446,152.639205933,-21.5384368896,6.16514396667,-3.1383035183,0
1539875526887567272,91.670173696,carbonZ_2018-10-18-11-06-06_engine_failure_with_emr_traj,engine,27.6700000763,-419.950286865,2.94555783272,172,44.1219329834,8.05104732513,157.726531982,-21.6467533112,5.77125501633,-3.06926727295,0
1539875526954838984,91.737445408,carbonZ_2018-10-18-11-06-06_engine_failure_with_emr_traj,engine,27.3699989319,-431.085388184,3.40824532509,170,44.1219329834,8.05104732513,157.726531982,-21.7173976898,5.44277524948,-2.93997979164,0
1539875526994977768,91.777584192,carbonZ_2018-10-18-11-06-06_engine_failure_with_emr_traj,engine,27.3699989319,-431.085388184,3.40824532509,170,44.1219329834,8.05104732513,157.726531982,-21.7435665131,5.27948856354,-2.79463100433,0
1539875527026880648,91.809487072,carbonZ_2018-10-18-11-06-06_engine_failure_with_emr_traj,engine,27.3699989319,-431.085388184,3.40824532509,170,44.1219329834,8.05104732513,157.726531982,-21.7654666901,5.16060876846,-2.61890053749,0
1539875527059491688,91.842098112,carbonZ_2018-10-18-11-06-06_engine_failure_with_emr_traj,engine,27.0900001526,-431.085388184,3.88147878647,168,44.1219329834,8.05104732513,157.726531982,-21.7862434387,5.04180431366,-2.44399046898,0
1539875527109622440,91.892228864,carbonZ_2018-10-18-11-06-06_engine_failure_with_emr_traj,engine,27.0900001526,-431.085388184,3.88147878647,168,44.1219329834,8.05104732513,157.726531982,-21.7971496582,4.93150854111,-2.2852370739,0
1539875527189882856,91.97248928,carbonZ_2018-10-18-11-06-06_engine_failure_with_emr_traj,engine,26.8499984741,-437.707885742,4.33642244339,165,44.1219329834,8.05104732513,157.726531982,-21.7899589539,4.8329873085,-1.86877977848,0
1539875527204529064,91.987135488,carbonZ_2018-10-18-11-06-06_engine_failure_with_emr_traj,engine,26.8499984741,-437.707885742,4.33642244339,165,44.1219329834,8.05104732513,157.726531982,-21.8011035919,4.83064699173,-1.73975586891,0
1539875527252382152,92.034988576,carbonZ_2018-10-18-11-06-06_engine_failure_with_emr_traj,engine,26.6399993896,-437.707885742,4.77598190308,163,44.1219329834,8.05104732513,157.726531982,-21.7978935242,4.81616687775,-1.44461429119,0
1539875527279864456,92.06247088,carbonZ_2018-10-18-11-06-06_engine_failure_with_emr_traj,engine,26.6399993896,-437.707885742,4.77598190308,163,44.1219329834,8.05104732513,157.726531982,-21.7949981689,4.83417034149,-1.13682770729,0
1539875527351840680,92.134447104,carbonZ_2018-10-18-11-06-06_engine_failure_with_emr_traj,engine,26.5100002289,-441.91494751,5.23244762421,161,36.7843132019,1.54673826694,166.937698364,-21.8133449554,4.82680940628,-0.644495487213,0
1539875527380309672,92.162916096,carbonZ_2018-10-18-11-06-06_engine_failure_with_emr_traj,engine,26.5100002289,-441.91494751,5.23244762421,161,36.7843132019,1.54673826694,166.937698364,-21.8165798187,4.75796079636,-0.376797497272,0
1539875527450619976,92.2332264,carbonZ_2018-10-18-11-06-06_engine_failure_with_emr_traj,engine,26.4699993134,-441.91494751,5.7058224678,159,36.7843132019,1.54673826694,166.937698364,-21.8430690765,4.62551927567,-0.00528099108487,0
1539875527491831688,92.274438112,carbonZ_2018-10-18-11-06-06_engine_failure_with_emr_traj,engine,26.4699993134,-441.91494751,5.7058224678,159,36.7843132019,1.54673826694,166.937698364,-21.8686447144,4.47602128983,0.197451680899,0
1539875527532870664,92.315477088,carbonZ_2018-10-18-11-06-06_engine_failure_with_emr_traj,engine,26.4699993134,-441.91494751,5.7058224678,159,36.7843132019,1.54673826694,166.937698364,-21.8776321411,4.3464179039,0.401601016521,0
1539875527586833992,92.369440416,carbonZ_2018-10-18-11-06-06_engine_failure_with_emr_traj,engine,26.4899997711,-454.461303711,6.16228866577,157,36.7843132019,1.54673826694,166.937698364,-21.9150772095,4.03812026978,0.620534062386,0
1539875527635485704,92.418092128,carbonZ_2018-10-18-11-06-06_engine_failure_with_emr_traj,engine,26.4899997711,-454.461303711,6.16228866577,157,36.7843132019,1.54673826694,166.937698364,-21.9478530884,3.80983734131,0.69975566864,0
1539875527687490792,92.470097216,carbonZ_2018-10-18-11-06-06_engine_failure_with_emr_traj,engine,26.5699996948,-454.461303711,6.59339952469,155,37.6615028381,-2.10309171677,176.163696289,-21.9978427887,3.39186501503,0.729004442692,0
1539875527718552872,92.501159296,carbonZ_2018-10-18-11-06-06_engine_failure_with_emr_traj,engine,26.5699996948,-454.461303711,6.59339952469,155,37.6615028381,-2.10309171677,176.163696289,-22.0300197601,3.11943840981,0.76027572155,0
1539875527749490376,92.5320968,carbonZ_2018-10-18-11-06-06_engine_failure_with_emr_traj,engine,26.6599998474,-436.639404297,6.94842815399,153,37.6615028381,-2.10309171677,176.163696289,-22.0619010925,2.82556033134,0.764076054096,0
1539875527794791656,92.57739808,carbonZ_2018-10-18-11-06-06_engine_failure_with_emr_traj,engine,26.6599998474,-436.639404297,6.94842815399,153,37.6615028381,-2.10309171677,176.163696289,-22.0690326691,2.69174528122,0.762927830219,0
1539875527830315912,92.612922336,carbonZ_2018-10-18-11-06-06_engine_failure_with_emr_traj,engine,26.6599998474,-436.639404297,6.94842815399,153,37.6615028381,-2.10309171677,176.163696289,-22.1086826324,2.42595815659,0.758221209049,0
1539875527879425448,92.662031872,carbonZ_2018-10-18-11-06-06_engine_failure_with_emr_traj,engine,26.75,-436.639404297,7.22738647461,151,37.6615028381,-2.10309171677,176.163696289,-22.171913147,1.83787190914,0.575910687447,0
1539875527925762888,92.708369312,carbonZ_2018-10-18-11-06-06_engine_failure_with_emr_traj,engine,26.75,-436.639404297,7.22738647461,151,37.6615028381,-2.10309171677,176.163696289,-22.1909828186,1.41696035862,0.407134473324,0
1539875527994122568,92.776728992,carbonZ_2018-10-18-11-06-06_engine_failure_with_emr_traj,engine,26.8199996948,-441.739471436,7.41335439682,149,37.6615028381,-2.10309171677,176.163696289,-22.2105102539,0.784048438072,0.213432863355,0
1539875528027109768,92.809716192,carbonZ_2018-10-18-11-06-06_engine_failure_with_emr_traj,engine,26.8199996948,-441.739471436,7.41335439682,149,37.6615028381,-2.10309171677,176.163696289,-22.1876773834,0.378600865602,0.225041791797,0
1539875528086406280,92.869012704,carbonZ_2018-10-18-11-06-06_engine_failure_with_emr_traj,engine,26.8499984741,-441.739471436,7.48943138123,147,38.8391418457,1.52265119553,-177.225997925,-22.1781082153,0.168325081468,0.297604560852,0
1539875528145031240,92.927637664,carbonZ_2018-10-18-11-06-06_engine_failure_with_emr_traj,engine,26.859998703,-433.2109375,7.48098182678,145,38.8391418457,1.52265119553,-177.225997925,-22.1485843658,-0.188953816891,0.363982617855,0
1539875528197154024,92.979760448,carbonZ_2018-10-18-11-06-06_engine_failure_with_emr_traj,engine,26.859998703,-433.2109375,7.48098182678,145,38.8391418457,1.52265119553,-177.225997925,-22.1099586487,-0.414408504963,0.360463023186,0
1539875528235948680,93.018555104,carbonZ_2018-10-18-11-06-06_engine_failure_with_emr_traj,engine,26.859998703,-433.2109375,7.48098182678,145,38.8391418457,1.52265119553,-177.225997925,-22.0766792297,-0.648359060287,0.330628186464,0
1539875528279843048,93.062449472,carbonZ_2018-10-18-11-06-06_engine_failure_with_emr_traj,engine,26.8699989319,-433.2109375,7.3964509964,144,38.8391418457,1.52265119553,-177.225997925,-22.023645401,-1.0124437809,0.237105563283,0
1539875528329822376,93.1124288,carbonZ_2018-10-18-11-06-06_engine_failure_with_emr_traj,engine,26.8699989319,-433.2109375,7.3964509964,144,38.8391418457,1.52265119553,-177.225997925,-21.9774627686,-1.19453036785,0.186723396182,0
1539875528398161192,93.180767616,carbonZ_2018-10-18-11-06-06_engine_failure_with_emr_traj,engine,26.8799991608,-426.564025879,7.2696595192,142,38.8391418457,1.52265119553,-177.225997925,-21.9181194305,-1.47981333733,0.120838992298,0
1539875528446987976,93.2295944,carbonZ_2018-10-18-11-06-06_engine_failure_with_emr_traj,engine,26.8799991608,-426.564025879,7.09214496613,140,29.0282840729,3.32168841362,-173.043945312,-21.8455581665,-1.70674943924,0.052573479712,0
1539875528505092872,93.287699296,carbonZ_2018-10-18-11-06-06_engine_failure_with_emr_traj,engine,26.8799991608,-426.564025879,7.09214496613,140,29.0282840729,3.32168841362,-173.043945312,-21.7464828491,-1.99467051029,-0.0415582209826,0
1539875528567873640,93.350480064,carbonZ_2018-10-18-11-06-06_engine_failure_with_emr_traj,engine,26.859998703,-419.919586182,6.88081741333,138,29.0282840729,3.32168841362,-173.043945312,-21.6430530548,-2.23645067215,-0.160099297762,0
1539875528600317192,93.382923616,carbonZ_2018-10-18-11-06-06_engine_failure_with_emr_traj,engine,26.859998703,-419.919586182,6.88081741333,138,29.0282840729,3.32168841362,-173.043945312,-21.6430530548,-2.23645067215,-0.160099297762,0
1539875528629294952,93.411901376,carbonZ_2018-10-18-11-06-06_engine_failure_with_emr_traj,engine,26.859998703,-419.919586182,6.88081741333,138,29.0282840729,3.32168841362,-173.043945312,-21.6173686981,-2.27367353439,-0.193065866828,0
1539875528680881896,93.46348832,carbonZ_2018-10-18-11-06-06_engine_failure_with_emr_traj,engine,26.8299999237,-419.919586182,6.64413833618,137,29.0282840729,3.32168841362,-173.043945312,-21.5339603424,-2.46270465851,-0.352484554052,0
1539875528735690984,93.518297408,carbonZ_2018-10-18-11-06-06_engine_failure_with_emr_traj,engine,26.8299999237,-419.919586182,6.64413833618,137,29.0282840729,3.32168841362,-173.043945312,-21.4735412598,-2.54458165169,-0.437294602394,0
1539875528763346952,93.545953376,carbonZ_2018-10-18-11-06-06_engine_failure_with_emr_traj,engine,26.7799987793,-406.785400391,6.38209199905,135,29.0282840729,3.32168841362,-173.043945312,-21.3776531219,-2.67748713493,-0.585313081741,0
1539875528836999496,93.61960592,carbonZ_2018-10-18-11-06-06_engine_failure_with_emr_traj,engine,26.7799987793,-406.785400391,6.38209199905,135,29.0282840729,3.32168841362,-173.043945312,-21.3231601715,-2.77724742889,-0.657489836216,0
1539875528884261384,93.666867808,carbonZ_2018-10-18-11-06-06_engine_failure_with_emr_traj,engine,26.6999988556,-406.785400391,6.11159515381,134,13.462682724,2.24702048302,-164.98576355,-21.2451000214,-2.88359832764,-0.713086783886,0
1539875528917667688,93.700274112,carbonZ_2018-10-18-11-06-06_engine_failure_with_emr_traj,engine,26.6999988556,-406.785400391,6.11159515381,134,13.462682724,2.24702048302,-164.98576355,-21.2041244507,-2.91176486015,-0.732146680355,0
1539875528995124072,93.777730496,carbonZ_2018-10-18-11-06-06_engine_failure_with_emr_traj,engine,26.5999984741,-386.374084473,5.81573677063,132,13.462682724,2.24702048302,-164.98576355,-21.083574295,-3.01748585701,-0.787309587002,0
1539875529031413576,93.81402,carbonZ_2018-10-18-11-06-06_engine_failure_with_emr_traj,engine,26.5,-386.374084473,5.51142835617,131,13.462682724,2.24702048302,-164.98576355,-20.9943275452,-3.08681297302,-0.863383293152,0
1539875529090262984,93.872869408,carbonZ_2018-10-18-11-06-06_engine_failure_with_emr_traj,engine,26.5,-386.374084473,5.51142835617,131,13.462682724,2.24702048302,-164.98576355,-20.9415035248,-3.13657641411,-0.94939160347,0
1539875529139378920,93.921985344,carbonZ_2018-10-18-11-06-06_engine_failure_with_emr_traj,engine,26.3799991608,-403.186035156,5.19866323471,129,13.462682724,2.24702048302,-164.98576355,-20.8182640076,-3.15830135345,-1.10492372513,0
1539875529210180040,93.992786464,carbonZ_2018-10-18-11-06-06_engine_failure_with_emr_traj,engine,26.3799991608,-403.186035156,5.19866323471,129,13.462682724,2.24702048302,-164.98576355,-20.7992191315,-3.17459559441,-1.13858354092,0
1539875529228666120,94.011272544,carbonZ_2018-10-18-11-06-06_engine_failure_with_emr_traj,engine,26.3799991608,-403.186035156,5.19866323471,129,5.49591398239,3.75100493431,-161.92414856,-20.7434768677,-3.16026258469,-1.20057916641,0
1539875529281182760,94.063789184,carbonZ_2018-10-18-11-06-06_engine_failure_with_emr_traj,engine,26.2399997711,-403.186035156,4.87744522095,128,5.49591398239,3.75100493431,-161.92414856,-20.673406601,-3.15259361267,-1.26695644855,0
1539875529368712136,94.15131856,carbonZ_2018-10-18-11-06-06_engine_failure_with_emr_traj,engine,26.0799999237,-369.227233887,4.56468248367,126,5.49591398239,3.75100493431,-161.92414856,-20.5637989044,-3.13709974289,-1.33109140396,0
1539875529391911400,94.174517824,carbonZ_2018-10-18-11-06-06_engine_failure_with_emr_traj,engine,26.0799999237,-369.227233887,4.56468248367,126,5.49591398239,3.75100493431,-161.92414856,-20.5362586975,-3.11734008789,-1.32392191887,0
1539875529439856616,94.22246304,carbonZ_2018-10-18-11-06-06_engine_failure_with_emr_traj,engine,26.0799999237,-369.227233887,4.56468248367,126,5.49591398239,3.75100493431,-161.92414856,-20.4803905487,-3.10288071632,-1.40016281605,0
1539875529516029928,94.298636352,carbonZ_2018-10-18-11-06-06_engine_failure_with_emr_traj,engine,25.9099998474,-369.227233887,4.26037025452,125,5.49591398239,3.75100493431,-161.92414856,-20.3896522522,-3.05598092079,-1.53181445599,0
1539875529550129832,94.332736256,carbonZ_2018-10-18-11-06-06_engine_failure_with_emr_traj,engine,25.7399997711,-354.794677734,3.96451377869,124,-1.64364123344,4.7166724205,-161.837936401,-20.333026886,-3.0084233284,-1.55316460133,0
1539875529597529448,94.380135872,carbonZ_2018-10-18-11-06-06_engine_failure_with_emr_traj,engine,25.7399997711,-354.794677734,3.96451377869,124,-1.64364123344,4.7166724205,-161.837936401,-20.2654285431,-2.92918300629,-1.5919585228,0
1539875529631641512,94.414247936,carbonZ_2018-10-18-11-06-06_engine_failure_with_emr_traj,engine,25.7399997711,-354.794677734,3.96451377869,124,-1.64364123344,4.7166724205,-161.837936401,-20.2326202393,-2.89316177368,-1.58917486668,0
1539875529680133640,94.462740064,carbonZ_2018-10-18-11-06-06_engine_failure_with_emr_traj,engine,25.5599994659,-354.794677734,3.67710757256,122,-1.64364123344,4.7166724205,-161.837936401,-20.1664772034,-2.81186318398,-1.66703212261,0
1539875529766071688,94.548678112,carbonZ_2018-10-18-11-06-06_engine_failure_with_emr_traj,engine,25.3699989319,-321.847900391,3.40660786629,121,-1.64364123344,4.7166724205,-161.837936401,-20.0705223083,-2.67473387718,-1.70606744289,0
1539875529797724296,94.58033072,carbonZ_2018-10-18-11-06-06_engine_failure_with_emr_traj,engine,25.3699989319,-321.847900391,3.40660786629,121,-1.64364123344,4.7166724205,-161.837936401,-20.0548229218,-2.64642977715,-1.71965992451,0
1539875529831874664,94.614481088,carbonZ_2018-10-18-11-06-06_engine_failure_with_emr_traj,engine,25.1700000763,-321.847900391,3.16147041321,120,-1.64364123344,4.7166724205,-161.837936401,-20.0137577057,-2.57416558266,-1.71771836281,0
1539875529909474632,94.692081056,carbonZ_2018-10-18-11-06-06_engine_failure_with_emr_traj,engine,25.1700000763,-321.847900391,3.16147041321,120,-7.64735031128,4.68118429184,-164.48348999,-19.9516487122,-2.44215035439,-1.73062002659,0
1539875529935718760,94.718325184,carbonZ_2018-10-18-11-06-06_engine_failure_with_emr_traj,engine,25.1700000763,-321.847900391,3.16147041321,120,-7.64735031128,4.68118429184,-164.48348999,-19.9101314545,-2.35178375244,-1.74147880077,0
1539875529968988328,94.751594752,carbonZ_2018-10-18-11-06-06_engine_failure_with_emr_traj,engine,24.9799995422,-296.828277588,2.92478275299,118,-7.64735031128,4.68118429184,-164.48348999,-19.8726043701,-2.25638246536,-1.74441432953,0
1539875530043389192,94.825995616,carbonZ_2018-10-18-11-06-06_engine_failure_with_emr_traj,engine,24.7799987793,-296.828277588,2.71345543861,117,-7.64735031128,4.68118429184,-164.48348999,-19.8226318359,-2.11949825287,-1.72162795067,0
1539875530076229928,94.858836352,carbonZ_2018-10-18-11-06-06_engine_failure_with_emr_traj,engine,24.7799987793,-296.828277588,2.71345543861,117,-7.64735031128,4.68118429184,-164.48348999,-19.79114151,-2.02390599251,-1.67255008221,0
1539875530120768584,94.903375008,carbonZ_2018-10-18-11-06-06_engine_failure_with_emr_traj,engine,24.7799987793,-296.828277588,2.71345543861,117,-7.64735031128,4.68118429184,-164.48348999,-19.7568531036,-1.93127095699,-1.59291160107,0
1539875530182732392,94.965338816,carbonZ_2018-10-18-11-06-06_engine_failure_with_emr_traj,engine,24.6000003815,-267.256530762,2.53593969345,116,-9.33339214325,3.95956945419,-166.494171143,-19.685880661,-1.74782371521,-1.42339110374,0
1539875530206057192,94.988663616,carbonZ_2018-10-18-11-06-06_engine_failure_with_emr_traj,engine,24.6000003815,-267.256530762,2.53593969345,116,-9.33339214325,3.95956945419,-166.494171143,-19.6693229675,-1.70760774612,-1.35480606556,0
1539875530288803176,95.0714096,carbonZ_2018-10-18-11-06-06_engine_failure_with_emr_traj,engine,24.4300003052,-267.256530762,2.37533187866,115,-9.33339214325,3.95956945419,-166.494171143,-19.6147766113,-1.53535401821,-1.17373263836,0
1539875530308965096,95.09157152,carbonZ_2018-10-18-11-06-06_engine_failure_with_emr_traj,engine,24.4300003052,-267.256530762,2.37533187866,115,-9.33339214325,3.95956945419,-166.494171143,-19.5861587524,-1.4462697506,-1.07456612587,0
1539875530365858984,95.148465408,carbonZ_2018-10-18-11-06-06_engine_failure_with_emr_traj,engine,24.2999992371,-247.65586853,2.24008154869,113,-9.33339214325,3.95956945419,-166.494171143,-19.5432796478,-1.32037222385,-0.902314007282,0
1539875530430123432,95.212729856,carbonZ_2018-10-18-11-06-06_engine_failure_with_emr_traj,engine,24.1899986267,-247.65586853,2.12173748016,112,-9.33339214325,3.95956945419,-166.494171143,-19.5221920013,-1.23667311668,-0.801404058933,0
1539875530490933032,95.273539456,carbonZ_2018-10-18-11-06-06_engine_failure_with_emr_traj,engine,24.1899986267,-247.65586853,2.12173748016,112,-9.33339214325,3.95956945419,-166.494171143,-19.4849338531,-1.1049529314,-0.66294491291,0
1539875530510869256,95.29347568,carbonZ_2018-10-18-11-06-06_engine_failure_with_emr_traj,engine,24.1899986267,-247.65586853,2.12173748016,112,-9.33339214325,3.95956945419,-166.494171143,-19.4699268341,-1.05630385876,-0.629272937775,0
1539875530570198664,95.352805088,carbonZ_2018-10-18-11-06-06_engine_failure_with_emr_traj,engine,24.1000003815,-229.333114624,2.02875447273,111,-9.33339214325,3.95956945419,-166.494171143,-19.4316825867,-0.958998203278,-0.461421012878,0
1539875530618027176,95.4006336,carbonZ_2018-10-18-11-06-06_engine_failure_with_emr_traj,engine,24.1000003815,-229.333114624,2.02875447273,111,-10.2621889114,1.8899538517,-166.438171387,-19.399559021,-0.896070957184,-0.340859800577,0
1539875530656317512,95.438923936,carbonZ_2018-10-18-11-06-06_engine_failure_with_emr_traj,engine,24.0499992371,-229.333114624,1.94422292709,110,-10.2621889114,1.8899538517,-166.438171387,-19.3722877502,-0.848607182503,-0.218726933002,0
1539875530725678824,95.508285248,carbonZ_2018-10-18-11-06-06_engine_failure_with_emr_traj,engine,24.0499992371,-229.333114624,1.94422292709,110,-10.2621889114,1.8899538517,-166.438171387,-19.3297538757,-0.775486886501,-0.0670600533485,0
1539875530735793096,95.51839952,carbonZ_2018-10-18-11-06-06_engine_failure_with_emr_traj,engine,24.0499992371,-229.333114624,1.94422292709,110,-10.2621889114,1.8899538517,-166.438171387,-19.3177604675,-0.758241534233,-0.0216027330607,0
1539875530792461160,95.575067584,carbonZ_2018-10-18-11-06-06_engine_failure_with_emr_traj,engine,24.0199985504,-217.89932251,1.87659919262,109,-10.2621889114,1.8899538517,-166.438171387,-19.2749061584,-0.688722789288,0.0894103869796,0
1539875530838632136,95.62123856,carbonZ_2018-10-18-11-06-06_engine_failure_with_emr_traj,engine,24.0100002289,-217.89932251,1.80897402763,107,-10.2621889114,1.8899538517,-166.438171387,-19.2578029633,-0.638644218445,0.144080415368,0
1539875530880006888,95.662613312,carbonZ_2018-10-18-11-06-06_engine_failure_with_emr_traj,engine,24.0100002289,-217.89932251,1.80897402763,107,-10.2621889114,1.8899538517,-166.438171387,-19.2310295105,-0.563803374767,0.238052889705,0
1539875530932777320,95.715383744,carbonZ_2018-10-18-11-06-06_engine_failure_with_emr_traj,engine,24.0100002289,-217.89932251,1.80897402763,107,-10.2621889114,1.8899538517,-166.438171387,-19.2120685577,-0.505622684956,0.289492577314,0
1539875531020929960,95.803536384,carbonZ_2018-10-18-11-06-06_engine_failure_with_emr_traj,engine,24.0199985504,-132.730682373,1.75825512409,106,-6.07710981369,-0.354763656855,-168.471755981,-19.1771221161,-0.355252742767,0.480032771826,0
1539875531099459656,95.88206608,carbonZ_2018-10-18-11-06-06_engine_failure_with_emr_traj,engine,24.0499992371,-132.730682373,1.70753753185,105,-6.07710981369,-0.354763656855,-168.471755981,-19.1646118164,-0.258557200432,0.609038829803,0
1539875531132031368,95.914637792,carbonZ_2018-10-18-11-06-06_engine_failure_with_emr_traj,engine,24.0499992371,-132.730682373,1.70753753185,105,-6.07710981369,-0.354763656855,-168.471755981,-19.1617012024,-0.180936828256,0.680710911751,0
1539875531197319688,95.979926112,carbonZ_2018-10-18-11-06-06_engine_failure_with_emr_traj,engine,24.0900001526,-124.918174744,1.67372488976,104,-6.07710981369,-0.354763656855,-168.471755981,-19.1899471283,-0.0109532969072,0.488951772451,0
1539875531214470824,95.997077248,carbonZ_2018-10-18-11-06-06_engine_failure_with_emr_traj,engine,24.0900001526,-124.918174744,1.67372488976,104,-6.07710981369,-0.354763656855,-168.471755981,-19.223651886,0.0599571913481,0.31912535429,0
1539875531262529288,96.045135712,carbonZ_2018-10-18-11-06-06_engine_failure_with_emr_traj,engine,24.1299991608,-124.918174744,1.6652725935,103,-6.07710981369,-0.354763656855,-168.471755981,-19.2939720154,0.337441086769,-0.304496735334,0
1539875531341503336,96.12410976,carbonZ_2018-10-18-11-06-06_engine_failure_with_emr_traj,engine,24.1299991608,-124.918174744,1.6652725935,103,-9.45573806763,-1.02179145813,-169.731491089,-19.2970371246,0.448344916105,-0.505738854408,0
1539875531379710792,96.162317216,carbonZ_2018-10-18-11-06-06_engine_failure_with_emr_traj,engine,24.0900001526,-113.328742981,1.68217897415,102,-9.45573806763,-1.02179145813,-169.731491089,-19.2842674255,0.578544855118,-0.57016825676,0
1539875531437133384,96.219739808,carbonZ_2018-10-18-11-06-06_engine_failure_with_emr_traj,engine,24.0900001526,-113.328742981,1.68217897415,102,-9.45573806763,-1.02179145813,-169.731491089,-19.2757644653,0.649020195007,-0.61372345686,0
1539875531478281576,96.260888,carbonZ_2018-10-18-11-06-06_engine_failure_with_emr_traj,engine,24.0100002289,-113.328742981,1.73289787769,100,-9.45573806763,-1.02179145813,-169.731491089,-19.2709636688,0.727439701557,-0.649680793285,0
1539875531558400296,96.34100672,carbonZ_2018-10-18-11-06-06_engine_failure_with_emr_traj,engine,23.9200000763,-138.491821289,1.8089774847,99,-9.45573806763,-1.02179145813,-169.731491089,-19.2510700226,0.891050696373,-0.768315792084,0
1539875531657321096,96.43992752,carbonZ_2018-10-18-11-06-06_engine_failure_with_emr_traj,engine,23.7999992371,-138.491821289,1.90196228027,98,-9.45573806763,-1.02179145813,-169.731491089,-19.2194652557,1.09532260895,-0.713803529739,0
1539875531686371176,96.4689776,carbonZ_2018-10-18-11-06-06_engine_failure_with_emr_traj,engine,23.7999992371,-138.491821289,1.90196228027,98,-9.45573806763,-1.02179145813,-169.731491089,-19.208360672,1.15969407558,-0.621518313885,0
1539875531737048360,96.519654784,carbonZ_2018-10-18-11-06-06_engine_failure_with_emr_traj,engine,23.7999992371,-138.491821289,1.90196228027,98,-9.45573806763,-1.02179145813,-169.731491089,-19.1905078888,1.20749032497,-0.449196875095,0
1539875531768439688,96.551046112,carbonZ_2018-10-18-11-06-06_engine_failure_with_emr_traj,engine,23.6999988556,-124.840545654,2.0118534565,97,-5.45812988281,-2.74234819412,-169.52507019,-19.167804718,1.24734687805,-0.241903558373,0
1539875531798996456,96.58160288,carbonZ_2018-10-18-11-06-06_engine_failure_with_emr_traj,engine,23.6999988556,-124.840545654,2.0118534565,97,-5.45812988281,-2.74234819412,-169.52507019,-19.1434783936,1.27074313164,-0.0374869890511,0
1539875531869821032,96.652427456,carbonZ_2018-10-18-11-06-06_engine_failure_with_emr_traj,engine,23.6399993896,-124.840545654,2.13019919395,96,-5.45812988281,-2.74234819412,-169.52507019,-19.1004123688,1.29049563408,0.219699516892,0
1539875531911367208,96.693973632,carbonZ_2018-10-18-11-06-06_engine_failure_with_emr_traj,engine,23.6399993896,-124.840545654,2.13019919395,96,-5.45812988281,-2.74234819412,-169.52507019,-19.0780410767,1.27319073677,0.254802167416,0
1539875531968710184,96.751316608,carbonZ_2018-10-18-11-06-06_engine_failure_with_emr_traj,engine,23.6199989319,-121.272277832,2.24854445457,95,-5.45812988281,-2.74234819412,-169.52507019,-19.0572242737,1.233248353,0.181289404631,0
1539875531998658248,96.781264672,carbonZ_2018-10-18-11-06-06_engine_failure_with_emr_traj,engine,23.6199989319,-121.272277832,2.24854445457,95,-5.45812988281,-2.74234819412,-169.52507019,-19.033203125,1.19067966938,0.0710407420993,0
1539875532121306888,96.903913312,carbonZ_2018-10-18-11-06-06_engine_failure_with_emr_traj,engine,23.6199989319,-121.272277832,2.3584356308,94,-5.45812988281,-2.74234819412,-169.52507019,-18.9680957794,1.05647516251,0.129351243377,0
1539875532172973256,96.95557968,carbonZ_2018-10-18-11-06-06_engine_failure_with_emr_traj,engine,23.609998703,-107.416534424,2.44296741486,93,-5.45812988281,-2.74234819412,-169.52507019,-18.9265422821,0.975774466991,0.228834882379,0
1539875532201852872,96.984459296,carbonZ_2018-10-18-11-06-06_engine_failure_with_emr_traj,engine,23.609998703,-107.416534424,2.44296741486,93,10.0415830612,-3.51270604134,-169.396118164,-18.9062690735,0.893242001534,0.126308232546,0
1539875532291281256,97.07388768,carbonZ_2018-10-18-11-06-06_engine_failure_with_emr_traj,engine,23.609998703,-107.416534424,2.51059269905,92,10.0415830612,-3.51270604134,-169.396118164,-18.8643569946,0.733082413673,-0.028204780072,0
1539875532337712872,97.120319296,carbonZ_2018-10-18-11-06-06_engine_failure_with_emr_traj,engine,23.609998703,-107.416534424,2.51059269905,92,10.0415830612,-3.51270604134,-169.396118164,-18.8466053009,0.660121381283,-0.13739284873,0
1539875532393954376,97.1765608,carbonZ_2018-10-18-11-06-06_engine_failure_with_emr_traj,engine,23.5900001526,-102.216911316,2.55286121368,91,10.0415830612,-3.51270604134,-169.396118164,-18.8123435974,0.571395218372,-0.10989048332,0
1539875532408410824,97.191017248,carbonZ_2018-10-18-11-06-06_engine_failure_with_emr_traj,engine,23.5900001526,-102.216911316,2.55286121368,91,10.0415830612,-3.51270604134,-169.396118164,-18.8123435974,0.571395218372,-0.10989048332,0
1539875532491282952,97.273889376,carbonZ_2018-10-18-11-06-06_engine_failure_with_emr_traj,engine,23.5699996948,-102.216911316,2.5697684288,90,10.0415830612,-3.51270604134,-169.396118164,-18.7665157318,0.497077286243,0.374321252108,0
1539875532506686664,97.289293088,carbonZ_2018-10-18-11-06-06_engine_failure_with_emr_traj,engine,23.5699996948,-102.216911316,2.5697684288,90,10.0415830612,-3.51270604134,-169.396118164,-18.7641811371,0.451270759106,0.414650380611,0
1539875532614020776,97.3966272,carbonZ_2018-10-18-11-06-06_engine_failure_with_emr_traj,engine,23.5799999237,-47.72605896,2.57822155952,89,10.0415830612,-3.51270604134,-169.396118164,-18.745557785,0.168527275324,0.512152135372,0
1539875532647183208,97.429789632,carbonZ_2018-10-18-11-06-06_engine_failure_with_emr_traj,engine,23.6000003815,-47.72605896,2.56131529808,89,10.0415830612,-3.51270604134,-169.396118164,-18.745344162,-0.0241761896759,0.425634324551,0
1539875532686659080,97.469265504,carbonZ_2018-10-18-11-06-06_engine_failure_with_emr_traj,engine,23.6000003815,-47.72605896,2.56131529808,89,17.55626297,-4.31657838821,-172.294891357,-18.746471405,-0.0772223249078,0.39460003376,0
1539875532725020136,97.50762656,carbonZ_2018-10-18-11-06-06_engine_failure_with_emr_traj,engine,23.6000003815,-47.72605896,2.56131529808,89,17.55626297,-4.31657838821,-172.294891357,-18.7492904663,-0.19336271286,0.345273673534,0
1539875532777817768,97.560424192,carbonZ_2018-10-18-11-06-06_engine_failure_with_emr_traj,engine,23.6199989319,-32.9303741455,2.51905155182,88,17.55626297,-4.31657838821,-172.294891357,-18.7582035065,-0.34840425849,0.249508589506,0
1539875532819125608,97.601732032,carbonZ_2018-10-18-11-06-06_engine_failure_with_emr_traj,engine,23.6199989319,-32.9303741455,2.51905155182,88,17.55626297,-4.31657838821,-172.294891357,-18.76587677,-0.430934965611,0.195826277137,0
1539875532881158472,97.663764896,carbonZ_2018-10-18-11-06-06_engine_failure_with_emr_traj,engine,23.6399993896,-32.9303741455,2.45142579079,87,17.55626297,-4.31657838821,-172.294891357,-18.7709465027,-0.501736819744,0.171478226781,0
1539875532926807432,97.709413856,carbonZ_2018-10-18-11-06-06_engine_failure_with_emr_traj,engine,23.6399993896,-32.9303741455,2.45142579079,87,17.55626297,-4.31657838821,-172.294891357,-18.7801856995,-0.560365915298,0.14237165451,0
1539875532991312360,97.773918784,carbonZ_2018-10-18-11-06-06_engine_failure_with_emr_traj,engine,23.6399993896,-49.388885498,2.3668949604,87,17.55626297,-4.31657838821,-172.294891357,-18.7892017365,-0.634634196758,0.150693282485,0
1539875533001476328,97.784082752,carbonZ_2018-10-18-11-06-06_engine_failure_with_emr_traj,engine,23.6399993896,-49.388885498,2.3668949604,87,17.55626297,-4.31657838821,-172.294891357,-18.7939167023,-0.646846950054,0.158650919795,0
1539875533047387368,97.829993792,carbonZ_2018-10-18-11-06-06_engine_failure_with_emr_traj,engine,23.6299991608,-49.388885498,2.27390980721,86,17.55626297,-4.31657838821,-172.294891357,-18.7991390228,-0.672144711018,0.209621191025,0
1539875533080854696,97.86346112,carbonZ_2018-10-18-11-06-06_engine_failure_with_emr_traj,engine,23.6299991608,-49.388885498,2.27390980721,86,6.93240880966,-6.41924381256,-171.089752197,-18.8094539642,-0.685549616814,0.249494045973,0
1539875533153002760,97.935609184,carbonZ_2018-10-18-11-06-06_engine_failure_with_emr_traj,engine,23.6299991608,-58.150100708,2.18092465401,86,6.93240880966,-6.41924381256,-171.089752197,-18.8284053802,-0.707611441612,0.319275140762,0
1539875533183771528,97.966377952,carbonZ_2018-10-18-11-06-06_engine_failure_with_emr_traj,engine,23.6299991608,-58.150100708,2.18092465401,86,6.93240880966,-6.41924381256,-171.089752197,-18.8410224915,-0.72017621994,0.36063054204,0
1539875533235270184,98.017876608,carbonZ_2018-10-18-11-06-06_engine_failure_with_emr_traj,engine,23.6299991608,-58.150100708,2.18092465401,86,6.93240880966,-6.41924381256,-171.089752197,-18.8629875183,-0.73519963026,0.354672580957,0
1539875533281059592,98.063666016,carbonZ_2018-10-18-11-06-06_engine_failure_with_emr_traj,engine,23.6399993896,-58.150100708,2.0879406929,85,6.93240880966,-6.41924381256,-171.089752197,-18.8923568726,-0.732753098011,0.388040781021,0
1539875533333198344,98.115804768,carbonZ_2018-10-18-11-06-06_engine_failure_with_emr_traj,engine,23.6399993896,-58.150100708,2.0879406929,85,6.93240880966,-6.41924381256,-171.089752197,-18.9149246216,-0.722153306007,0.406031608582,0
1539875533396451208,98.179057632,carbonZ_2018-10-18-11-06-06_engine_failure_with_emr_traj,engine,23.6599998474,-63.8454437256,1.9949555397,85,6.93240880966,-6.41924381256,-171.089752197,-18.9545860291,-0.712768673897,0.413926243782,0
1539875533439261224,98.221867648,carbonZ_2018-10-18-11-06-06_engine_failure_with_emr_traj,engine,23.6899986267,-63.8454437256,1.91887760162,85,6.93240880966,-6.41924381256,-171.089752197,-18.9822940826,-0.712547540665,0.413039028645,0
1539875533515305512,98.297911936,carbonZ_2018-10-18-11-06-06_engine_failure_with_emr_traj,engine,23.6899986267,-63.8454437256,1.91887760162,85,-1.68250393867,-8.44676780701,-168.543319702,-19.0287647247,-0.703330516815,0.467837303877,0
1539875533561270248,98.343876672,carbonZ_2018-10-18-11-06-06_engine_failure_with_emr_traj,engine,23.7099990845,-67.0202255249,1.84279882908,84,-1.68250393867,-8.44676780701,-168.543319702,-19.0741443634,-0.667116641998,0.562521755695,0
1539875533628994376,98.4116008,carbonZ_2018-10-18-11-06-06_engine_failure_with_emr_traj,engine,23.7099990845,-67.0202255249,1.84279882908,84,-1.68250393867,-8.44676780701,-168.543319702,-19.1043720245,-0.648017048836,0.657743394375,0
1539875533668340936,98.45094736,carbonZ_2018-10-18-11-06-06_engine_failure_with_emr_traj,engine,23.75,-67.0202255249,1.73947656155,84,-1.68250393867,-8.44676780701,-168.543319702,-19.113615036,-0.63746380806,0.680998265743,0
1539875533725116968,98.507723392,carbonZ_2018-10-18-11-06-06_engine_failure_with_emr_traj,engine,23.75,-67.0202255249,1.73947656155,84,-1.68250393867,-8.44676780701,-168.543319702,-19.1315689087,-0.643121123314,0.745382189751,0
1539875533775820616,98.55842704,carbonZ_2018-10-18-11-06-06_engine_failure_with_emr_traj,engine,23.8099994659,-81.1664581299,1.68304359913,84,-1.68250393867,-8.44676780701,-168.543319702,-19.186914444,-0.664997637272,0.862565100193,0
1539875533835101032,98.617707456,carbonZ_2018-10-18-11-06-06_engine_failure_with_emr_traj,engine,23.8099994659,-81.1664581299,1.68304359913,84,-1.68250393867,-8.44676780701,-168.543319702,-19.186914444,-0.664997637272,0.862565100193,0
1539875533893860008,98.676466432,carbonZ_2018-10-18-11-06-06_engine_failure_with_emr_traj,engine,23.8899993896,-81.1664581299,1.50368797779,83,2.50814223289,-8.73477745056,-169.611709595,-19.2383804321,-0.711892902851,0.955755293369,0
1539875533922791720,98.705398144,carbonZ_2018-10-18-11-06-06_engine_failure_with_emr_traj,engine,23.8899993896,-81.1664581299,1.50368797779,83,2.50814223289,-8.73477745056,-169.611709595,-19.2692966461,-0.74531275034,0.952207684517,0
1539875533979765928,98.762372352,carbonZ_2018-10-18-11-06-06_engine_failure_with_emr_traj,engine,23.9699993134,-94.3382263184,1.4488670826,83,2.50814223289,-8.73477745056,-169.611709595,-19.3059215546,-0.780744314194,0.938602507114,0
1539875534002332360,98.784938784,carbonZ_2018-10-18-11-06-06_engine_failure_with_emr_traj,engine,23.9699993134,-94.3382263184,1.4488670826,83,2.50814223289,-8.73477745056,-169.611709595,-19.3318061829,-0.808932542801,0.937638759613,0
1539875534061282280,98.843888704,carbonZ_2018-10-18-11-06-06_engine_failure_with_emr_traj,engine,24.0599994659,-94.3382263184,1.39412021637,83,2.50814223289,-8.73477745056,-169.611709595,-19.3785915375,-0.846758246422,0.942964613438,0
1539875534151202984,98.933809408,carbonZ_2018-10-18-11-06-06_engine_failure_with_emr_traj,engine,24.1499996185,-107.563018799,0.625280857086,83,2.50814223289,-8.73477745056,-169.611709595,-19.4429988861,-0.866277217865,0.922912120819,0
1539875534180546152,98.963152576,carbonZ_2018-10-18-11-06-06_engine_failure_with_emr_traj,engine,24.1499996185,-107.563018799,0.625280857086,83,2.50814223289,-8.73477745056,-169.611709595,-19.4755630493,-0.874251127243,0.911075055599,0
1539875534211192776,98.9937992,carbonZ_2018-10-18-11-06-06_engine_failure_with_emr_traj,engine,24.1499996185,-107.563018799,0.625280857086,83,2.50814223289,-8.73477745056,-169.611709595,-19.4862174988,-0.874586820602,0.9162940979,0
1539875534267696840,99.050303264,carbonZ_2018-10-18-11-06-06_engine_failure_with_emr_traj,engine,24.2299995422,-106.562995911,0.615295469761,83,2.50814223289,-8.73477745056,-169.611709595,-19.5055084229,-0.87301838398,1.05980670452,0
1539875534311948328,99.094554752,carbonZ_2018-10-18-11-06-06_engine_failure_with_emr_traj,engine,24.2299995422,-106.562995911,0.615295469761,83,2.50814223289,-8.73477745056,-169.611709595,-19.5203590393,-0.881914973259,1.13616859913,0
1539875534380808648,99.163415072,carbonZ_2018-10-18-11-06-06_engine_failure_with_emr_traj,engine,24.3299999237,-118.193054199,-1.12686467171,83,2.60926556587,-8.41958427429,-174.346160889,-19.5649108887,-0.889243662357,1.20160889626,0
1539875534417238760,99.199845184,carbonZ_2018-10-18-11-06-06_engine_failure_with_emr_traj,engine,24.3299999237,-118.193054199,-1.12686467171,83,2.60926556587,-8.41958427429,-174.346160889,-19.5893726349,-0.898716986179,1.24381816387,0
1539875534462430536,99.24503696,carbonZ_2018-10-18-11-06-06_engine_failure_with_emr_traj,engine,24.4399986267,-118.193054199,-0.989862024784,83,2.60926556587,-8.41958427429,-174.346160889,-19.6177825928,-0.90121781826,1.27467417717,0
1539875534502424872,99.285031296,carbonZ_2018-10-18-11-06-06_engine_failure_with_emr_traj,engine,24.4399986267,-118.193054199,-0.989862024784,83,2.60926556587,-8.41958427429,-174.346160889,-19.6544303894,-0.905872881413,1.35381793976,0
1539875534566393416,99.34899984,carbonZ_2018-10-18-11-06-06_engine_failure_with_emr_traj,engine,24.5599994659,-127.097892761,-0.860054552555,83,2.60926556587,-8.41958427429,-174.346160889,-19.6721191406,-0.904460787773,1.41300666332,0
1539875534600165928,99.382772352,carbonZ_2018-10-18-11-06-06_engine_failure_with_emr_traj,engine,24.5599994659,-127.097892761,-0.860054552555,83,2.60926556587,-8.41958427429,-174.346160889,-19.6942749023,-0.908611416817,1.46333694458,0
1539875534665581128,99.448187552,carbonZ_2018-10-18-11-06-06_engine_failure_with_emr_traj,engine,24.7099990845,-127.097892761,-1.91878318787,83,2.60926556587,-8.41958427429,-174.346160889,-19.7323246002,-0.903194785118,1.4824706316,0
1539875534719945288,99.502551712,carbonZ_2018-10-18-11-06-06_engine_failure_with_emr_traj,engine,24.7099990845,-127.097892761,-1.91878318787,83,2.60926556587,-8.41958427429,-174.346160889,-19.7725563049,-0.89143538475,1.49473834038,0
1539875534791120232,99.573726656,carbonZ_2018-10-18-11-06-06_engine_failure_with_emr_traj,engine,24.859998703,-142.032623291,-1.67750525475,83,2.60926556587,-8.41958427429,-174.346160889,-19.8064651489,-0.871081531048,1.53303158283,0
1539875534856007816,99.63861424,carbonZ_2018-10-18-11-06-06_engine_failure_with_emr_traj,engine,25.0199985504,-142.032623291,-3.60067200661,83,1.80188333988,-8.24676799774,-176.89503479,-19.8405742645,-0.849419593811,1.56436610222,0
1539875534876671016,99.65927744,carbonZ_2018-10-18-11-06-06_engine_failure_with_emr_traj,engine,25.0199985504,-142.032623291,-3.60067200661,83,1.80188333988,-8.24676799774,-176.89503479,-19.8646373749,-0.845195949078,1.59588599205,0
1539875534932881352,99.715487776,carbonZ_2018-10-18-11-06-06_engine_failure_with_emr_traj,engine,25.0199985504,-142.032623291,-3.60067200661,83,1.80188333988,-8.24676799774,-176.89503479,-19.8870983124,-0.844066619873,1.63760101795,0
1539875534948738856,99.73134528,carbonZ_2018-10-18-11-06-06_engine_failure_with_emr_traj,engine,25.1800003052,-149.789810181,-3.16377210617,84,1.80188333988,-8.24676799774,-176.89503479,-19.8932857513,-0.840321660042,1.66888928413,0
1539875534981717416,99.76432384,carbonZ_2018-10-18-11-06-06_engine_failure_with_emr_traj,engine,25.1800003052,-149.789810181,-3.16377210617,84,1.80188333988,-8.24676799774,-176.89503479,-19.9139633179,-0.849269092083,1.7156945467,0
1539875535028965000,99.811571424,carbonZ_2018-10-18-11-06-06_engine_failure_with_emr_traj,engine,25.359998703,-149.789810181,-2.71588516235,84,1.80188333988,-8.24676799774,-176.89503479,-19.9409370422,-0.859370172024,1.72578525543,0
1539875535098043976,99.8806504,carbonZ_2018-10-18-11-06-06_engine_failure_with_emr_traj,engine,25.359998703,-149.789810181,-2.71588516235,84,1.80188333988,-8.24676799774,-176.89503479,-19.9720401764,-0.876852035522,1.74548685551,0
1539875535119075720,99.901682144,carbonZ_2018-10-18-11-06-06_engine_failure_with_emr_traj,engine,25.359998703,-149.789810181,-2.71588516235,84,1.80188333988,-8.24676799774,-176.89503479,-19.9946231842,-0.882146179676,1.76594531536,0
1539875535183993448,99.966599872,carbonZ_2018-10-18-11-06-06_engine_failure_with_emr_traj,engine,25.5399990082,-164.346130371,-4.56623983383,84,1.80188333988,-8.24676799774,-176.89503479,-20.0249385834,-0.895321309566,1.7735222578,0
1539875535216128104,99.998734528,carbonZ_2018-10-18-11-06-06_engine_failure_with_emr_traj,engine,25.5399990082,-164.346130371,-4.56623983383,84,1.80188333988,-8.24676799774,-176.89503479,-20.0362682343,-0.893639802933,1.76093089581,0
1539875535308179272,100.090785696,carbonZ_2018-10-18-11-06-06_engine_failure_with_emr_traj,engine,25.7199993134,-164.346130371,-3.92336893082,85,6.99575662613,-7.30639839172,-177.069778442,-20.1091747284,-0.931939482689,1.65651249886,0
1539875535321020648,100.103627072,carbonZ_2018-10-18-11-06-06_engine_failure_with_emr_traj,engine,25.7199993134,-164.346130371,-3.92336893082,85,6.99575662613,-7.30639839172,-177.069778442,-20.1217384338,-0.938571631908,1.64797067642,0
1539875535406894600,100.189501024,carbonZ_2018-10-18-11-06-06_engine_failure_with_emr_traj,engine,25.8999996185,-176.858520508,-5.64629173279,85,6.99575662613,-7.30639839172,-177.069778442,-20.1852798462,-0.990680217743,1.53982138634,0
1539875535452386600,100.234993024,carbonZ_2018-10-18-11-06-06_engine_failure_with_emr_traj,engine,26.0599994659,-175.85848999,-4.81583070755,86,6.99575662613,-7.30639839172,-177.069778442,-20.2110824585,-1.01706767082,1.50695502758,0
1539875535501593352,100.284199776,carbonZ_2018-10-18-11-06-06_engine_failure_with_emr_traj,engine,26.0599994659,-175.85848999,-4.81583070755,86,6.99575662613,-7.30639839172,-177.069778442,-20.2370262146,-1.04819524288,1.47308790684,0
1539875535517582792,100.300189216,carbonZ_2018-10-18-11-06-06_engine_failure_with_emr_traj,engine,26.0599994659,-175.85848999,-4.81583070755,86,6.99575662613,-7.30639839172,-177.069778442,-20.2370262146,-1.04819524288,1.47308790684,0
1539875535600295624,100.382902048,carbonZ_2018-10-18-11-06-06_engine_failure_with_emr_traj,engine,26.2099990845,-185.003845215,-3.98036384583,86,10.0367918015,-6.39025688171,-174.63734436,-20.2989273071,-1.198579669,1.35225856304,0
1539875535625802824,100.408409248,carbonZ_2018-10-18-11-06-06_engine_failure_with_emr_traj,engine,26.3499984741,-185.003845215,-6.23614645004,87,10.0367918015,-6.39025688171,-174.63734436,-20.294254303,-1.21793305874,1.38555765152,0
1539875535697132200,100.479738624,carbonZ_2018-10-18-11-06-06_engine_failure_with_emr_traj,engine,26.3499984741,-185.003845215,-6.23614645004,87,10.0367918015,-6.39025688171,-174.63734436,-20.3058776855,-1.34254992008,1.46281826496,0
1539875535746223880,100.528830304,carbonZ_2018-10-18-11-06-06_engine_failure_with_emr_traj,engine,26.4899997711,-199.905212402,-5.16968107224,87,10.0367918015,-6.39025688171,-174.63734436,-20.3058643341,-1.43291389942,1.54834365845,0
1539875535789885768,100.572492192,carbonZ_2018-10-18-11-06-06_engine_failure_with_emr_traj,engine,26.4899997711,-199.905212402,-5.16968107224,87,10.0367918015,-6.39025688171,-174.63734436,-20.29753685,-1.60362577438,1.62810051441,0
1539875535827268968,100.609875392,carbonZ_2018-10-18-11-06-06_engine_failure_with_emr_traj,engine,26.6499996185,-199.905212402,-5.72526836395,88,10.0367918015,-6.39025688171,-174.63734436,-20.3006820679,-1.77473962307,1.59341049194,0
1539875535898200328,100.680806752,carbonZ_2018-10-18-11-06-06_engine_failure_with_emr_traj,engine,26.6499996185,-199.905212402,-5.72526836395,88,23.2428340912,-5.90212917328,-171.43862915,-20.3089790344,-2.08245491982,1.48337006569,0
1539875535948856552,100.731462976,carbonZ_2018-10-18-11-06-06_engine_failure_with_emr_traj,engine,26.8099994659,-203.146743774,-4.60462379456,89,23.2428340912,-5.90212917328,-171.43862915,-20.3084125519,-2.41789102554,1.33963394165,0
1539875536006836136,100.78944256,carbonZ_2018-10-18-11-06-06_engine_failure_with_emr_traj,engine,26.8099994659,-203.146743774,-4.60462379456,89,23.2428340912,-5.90212917328,-171.43862915,-20.2979640961,-2.87110972404,1.16887879372,0
1539875536045689384,100.828295808,carbonZ_2018-10-18-11-06-06_engine_failure_with_emr_traj,engine,26.9499988556,-203.146743774,-3.53661608696,90,23.2428340912,-5.90212917328,-171.43862915,-20.2979640961,-2.87110972404,1.16887879372,0
1539875536106243208,100.888849632,carbonZ_2018-10-18-11-06-06_engine_failure_with_emr_traj,engine,26.9499988556,-203.146743774,-3.53661608696,90,23.2428340912,-5.90212917328,-171.43862915,-20.268163681,-3.35797739029,0.94689309597,0
1539875536133133064,100.915739488,carbonZ_2018-10-18-11-06-06_engine_failure_with_emr_traj,engine,26.9499988556,-203.146743774,-3.53661608696,90,23.2428340912,-5.90212917328,-171.43862915,-20.2645397186,-3.46775317192,0.908150315285,0
1539875536202817896,100.98542432,carbonZ_2018-10-18-11-06-06_engine_failure_with_emr_traj,engine,27.0699996948,-220.529174805,-5.58276700974,91,23.2428340912,-5.90212917328,-171.43862915,-20.2335739136,-3.99903607368,0.64464455843,0
1539875536259881992,101.042488416,carbonZ_2018-10-18-11-06-06_engine_failure_with_emr_traj,engine,27.1499996185,-221.529205322,-4.38006782532,92,23.2428340912,-5.90212917328,-171.43862915,-20.2036190033,-4.38222694397,0.453947216272,0
1539875536314767912,101.097374336,carbonZ_2018-10-18-11-06-06_engine_failure_with_emr_traj,engine,27.1499996185,-221.529205322,-4.38006782532,92,32.2080459595,-1.77262938023,-168.294036865,-20.1727962494,-4.63434791565,0.326336175203,0
1539875536341554760,101.124161184,carbonZ_2018-10-18-11-06-06_engine_failure_with_emr_traj,engine,27.1999988556,-229.368972778,-4.8301525116,93,32.2080459595,-1.77262938023,-168.294036865,-20.1310939789,-4.92324352264,0.19942741096,0
1539875536406977736,101.18958416,carbonZ_2018-10-18-11-06-06_engine_failure_with_emr_traj,engine,27.1999988556,-229.368972778,-4.8301525116,93,32.2080459595,-1.77262938023,-168.294036865,-20.0680122375,-5.30908823013,0.0993346273899,0
1539875536442684968,101.225291392,carbonZ_2018-10-18-11-06-06_engine_failure_with_emr_traj,engine,27.2199993134,-228.36895752,-3.60637998581,95,32.2080459595,-1.77262938023,-168.294036865,-20.0511817932,-5.3870267868,0.114481143653,0
1539875536487913416,101.27051984,carbonZ_2018-10-18-11-06-06_engine_failure_with_emr_traj,engine,27.2199993134,-228.36895752,-3.60637998581,95,32.2080459595,-1.77262938023,-168.294036865,-19.9932422638,-5.6923418045,0.13696937263,0
1539875536528301832,101.310908256,carbonZ_2018-10-18-11-06-06_engine_failure_with_emr_traj,engine,27.2199993134,-228.36895752,-3.60637998581,95,32.2080459595,-1.77262938023,-168.294036865,-19.9657974243,-5.90607690811,0.167287543416,0
1539875536617223912,101.399830336,carbonZ_2018-10-18-11-06-06_engine_failure_with_emr_traj,engine,27.2399997711,-255.102722168,-4.87522697449,96,32.2080459595,-1.77262938023,-168.294036865,-19.8742351532,-6.33213329315,0.203180596232,0
1539875536634183272,101.416789696,carbonZ_2018-10-18-11-06-06_engine_failure_with_emr_traj,engine,27.2399997711,-255.102722168,-4.87522697449,96,32.2080459595,-1.77262938023,-168.294036865,-19.8434295654,-6.42939472198,0.207164034247,0
1539875536732873128,101.515479552,carbonZ_2018-10-18-11-06-06_engine_failure_with_emr_traj,engine,27.2600002289,-255.102722168,-3.55928254128,97,32.2080459595,-1.77262938023,-168.294036865,-19.7038021088,-7.00727844238,0.17948076129,0
1539875536775470024,101.558076448,carbonZ_2018-10-18-11-06-06_engine_failure_with_emr_traj,engine,27.2899990082,-256.012542725,-2.28479290009,99,36.0479431152,-2.27337861061,-160.592132568,-19.6089000702,-7.35946321487,0.175865292549,0
1539875536831684680,101.614291104,carbonZ_2018-10-18-11-06-06_engine_failure_with_emr_traj,engine,27.2899990082,-256.012542725,-2.28479290009,99,36.0479431152,-2.27337861061,-160.592132568,-19.5489177704,-7.61293649673,0.197487831116,0
1539875536879615560,101.662221984,carbonZ_2018-10-18-11-06-06_engine_failure_with_emr_traj,engine,27.3199996948,-256.012542725,-4.33136558533,101,36.0479431152,-2.27337861061,-160.592132568,-19.4783649445,-7.82356929779,0.227446243167,0
1539875536909547944,101.692154368,carbonZ_2018-10-18-11-06-06_engine_failure_with_emr_traj,engine,27.3199996948,-256.012542725,-4.33136558533,101,36.0479431152,-2.27337861061,-160.592132568,-19.3564147949,-8.2034072876,0.267377257347,0
1539875536964894760,101.747501184,carbonZ_2018-10-18-11-06-06_engine_failure_with_emr_traj,engine,27.3699989319,-274.541870117,-2.90836977959,102,36.0479431152,-2.27337861061,-160.592132568,-19.2817459106,-8.42351150513,0.308601617813,0
1539875536979134184,101.761740608,carbonZ_2018-10-18-11-06-06_engine_failure_with_emr_traj,engine,27.3699989319,-274.541870117,-2.90836977959,102,36.0479431152,-2.27337861061,-160.592132568,-19.2441692352,-8.55185222626,0.332962930202,0
1539875537034743560,101.817349984,carbonZ_2018-10-18-11-06-06_engine_failure_with_emr_traj,engine,27.3699989319,-274.541870117,-2.90836977959,102,38.7388153076,-3.15315651894,-153.846817017,-19.1516952515,-8.77351856232,0.379031449556,0
1539875537092665224,101.875271648,carbonZ_2018-10-18-11-06-06_engine_failure_with_emr_traj,engine,27.4200000763,-274.541870117,-2.37660908699,104,38.7388153076,-3.15315651894,-153.846817017,-19.0134544373,-9.1385679245,0.447480231524,0
1539875537142321896,101.92492832,carbonZ_2018-10-18-11-06-06_engine_failure_with_emr_traj,engine,27.4799995422,-332.320404053,-0.990504801273,106,38.7388153076,-3.15315651894,-153.846817017,-18.8615036011,-9.46186542511,0.534276485443,0
1539875537175796680,101.958403104,carbonZ_2018-10-18-11-06-06_engine_failure_with_emr_traj,engine,27.4799995422,-332.320404053,-0.990504801273,106,38.7388153076,-3.15315651894,-153.846817017,-18.7456207275,-9.72529602051,0.572826623917,0
1539875537256211304,102.038817728,carbonZ_2018-10-18-11-06-06_engine_failure_with_emr_traj,engine,27.5599994659,-332.320404053,-3.07091021538,107,38.7388153076,-3.15315651894,-153.846817017,-18.4574604034,-10.3372268677,0.73024314642,0
1539875537333499944,102.116106368,carbonZ_2018-10-18-11-06-06_engine_failure_with_emr_traj,engine,27.5599994659,-332.320404053,-3.07091021538,107,38.7388153076,-3.15315651894,-153.846817017,-18.2457237244,-10.7177028656,0.775198638439,0
1539875537388277160,102.170883584,carbonZ_2018-10-18-11-06-06_engine_failure_with_emr_traj,engine,27.6499996185,-332.974822998,-1.56583786011,109,38.7388153076,-3.15315651894,-153.846817017,-18.0647296906,-11.0489788055,0.762123525143,0
1539875537420559336,102.20316576,carbonZ_2018-10-18-11-06-06_engine_failure_with_emr_traj,engine,27.6499996185,-332.974822998,-1.56583786011,109,42.2915344238,-2.82980370522,-145.178710938,-17.8314743042,-11.4055814743,0.688182234764,0
1539875537510141288,102.292747712,carbonZ_2018-10-18-11-06-06_engine_failure_with_emr_traj,engine,27.75,-332.974822998,-0.131807222962,111,42.2915344238,-2.82980370522,-145.178710938,-17.4604988098,-11.9565038681,0.530627608299,0
1539875537523546184,102.306152608,carbonZ_2018-10-18-11-06-06_engine_failure_with_emr_traj,engine,27.75,-332.974822998,-0.131807222962,111,42.2915344238,-2.82980370522,-145.178710938,-17.2184696198,-12.2788124084,0.457446545362,0
1539875537577868328,102.360474752,carbonZ_2018-10-18-11-06-06_engine_failure_with_emr_traj,engine,27.8299999237,-343.177429199,-0.350613683462,113,42.2915344238,-2.82980370522,-145.178710938,-16.8107662201,-12.7361803055,0.311599850655,0
1539875537612878760,102.395485184,carbonZ_2018-10-18-11-06-06_engine_failure_with_emr_traj,engine,27.8299999237,-343.177429199,-0.350613683462,113,42.2915344238,-2.82980370522,-145.178710938,-16.5239124298,-13.04986763,0.195328339934,0
1539875537677492744,102.460099168,carbonZ_2018-10-18-11-06-06_engine_failure_with_emr_traj,engine,27.8999996185,-343.177429199,1.03321349621,115,42.2915344238,-2.82980370522,-145.178710938,-15.9334983826,-13.6092424393,0.0290148444474,0
1539875537770211176,102.5528176,carbonZ_2018-10-18-11-06-06_engine_failure_with_emr_traj,engine,27.9200000763,-313.114929199,-0.433980613947,117,42.2915344238,-2.82980370522,-145.178710938,-15.4736642838,-13.9771165848,-0.102465517819,1
1539875537798427688,102.581034112,carbonZ_2018-10-18-11-06-06_engine_failure_with_emr_traj,engine,27.9200000763,-313.114929199,-0.433980613947,117,44.9720573425,0.999720156193,-137.337112427,-15.313788414,-14.0883321762,-0.148436933756,1
1539875537838973480,102.621579904,carbonZ_2018-10-18-11-06-06_engine_failure_with_emr_traj,engine,27.9200000763,-313.114929199,0.926716864109,119,44.9720573425,0.999720156193,-137.337112427,-14.8439426422,-14.4019289017,-0.297095417976,1
1539875537899220520,102.681826944,carbonZ_2018-10-18-11-06-06_engine_failure_with_emr_traj,engine,27.9200000763,-313.114929199,0.926716864109,119,44.9720573425,0.999720156193,-137.337112427,-14.5020236969,-14.6320838928,-0.415072262287,1
1539875537926924296,102.70953072,carbonZ_2018-10-18-11-06-06_engine_failure_with_emr_traj,engine,27.9200000763,-313.114929199,0.926716864109,119,44.9720573425,0.999720156193,-137.337112427,-13.879570961,-15.0414876938,-0.759889483452,1
1539875537980155656,102.76276208,carbonZ_2018-10-18-11-06-06_engine_failure_with_emr_traj,engine,27.8699989319,-293.264190674,2.19346547127,121,44.9720573425,0.999720156193,-137.337112427,-13.4573688507,-15.3141460419,-0.995167672634,1
1539875538051359944,102.833966368,carbonZ_2018-10-18-11-06-06_engine_failure_with_emr_traj,engine,27.7699985504,-293.264190674,3.35592675209,123,44.9720573425,0.999720156193,-137.337112427,-12.847281456,-15.6800518036,-1.27705001831,1
1539875538096999272,102.879605696,carbonZ_2018-10-18-11-06-06_engine_failure_with_emr_traj,engine,27.7699985504,-293.264190674,3.35592675209,123,43.8586273193,-0.193729028106,-128.796569824,-12.4643878937,-15.886015892,-1.41692221165,1
1539875538126643784,102.909250208,carbonZ_2018-10-18-11-06-06_engine_failure_with_emr_traj,engine,27.7699985504,-293.264190674,3.35592675209,123,43.8586273193,-0.193729028106,-128.796569824,-12.0760650635,-16.0663833618,-1.54024243355,1
1539875538159792072,102.942398496,carbonZ_2018-10-18-11-06-06_engine_failure_with_emr_traj,engine,27.609998703,-248.222930908,-0.431400209665,125,43.8586273193,-0.193729028106,-128.796569824,-11.6948289871,-16.2295913696,-1.64411377907,1
1539875538196178152,102.978784576,carbonZ_2018-10-18-11-06-06_engine_failure_with_emr_traj,engine,27.609998703,-248.222930908,-0.431400209665,125,43.8586273193,-0.193729028106,-128.796569824,-11.1805734634,-16.4162158966,-1.69990360737,1
1539875538271650568,103.054256992,carbonZ_2018-10-18-11-06-06_engine_failure_with_emr_traj,engine,27.4099998474,-249.222946167,-0.212239667773,127,43.8586273193,-0.193729028106,-128.796569824,-10.8951253891,-16.4943847656,-1.65306794643,1
1539875538325619464,103.108225888,carbonZ_2018-10-18-11-06-06_engine_failure_with_emr_traj,engine,27.4099998474,-249.222946167,-0.212239667773,127,43.8586273193,-0.193729028106,-128.796569824,-10.6029825211,-16.5023899078,-1.42219269276,1
1539875538375637864,103.158244288,carbonZ_2018-10-18-11-06-06_engine_failure_with_emr_traj,engine,27.2099990845,-243.244354248,-0.236039862037,129,43.8586273193,-0.193729028106,-128.796569824,-10.4364118576,-16.4864006042,-1.25643706322,1
1539875538396117512,103.178723936,carbonZ_2018-10-18-11-06-06_engine_failure_with_emr_traj,engine,27.2099990845,-243.244354248,-0.236039862037,129,43.8586273193,-0.193729028106,-128.796569824,-10.1415090561,-16.490480423,-1.10627424717,1
1539875538471311816,103.25391824,carbonZ_2018-10-18-11-06-06_engine_failure_with_emr_traj,engine,27.0299987793,-243.244354248,-0.29737496376,131,43.8586273193,-0.193729028106,-128.796569824,-9.82853031158,-16.5083885193,-0.995727062225,1
1539875538515997352,103.298603776,carbonZ_2018-10-18-11-06-06_engine_failure_with_emr_traj,engine,27.0299987793,-243.244354248,-0.29737496376,131,43.8586273193,-0.193729028106,-128.796569824,-9.73555183411,-16.5020999908,-0.958748698235,1
1539875538566604392,103.349210816,carbonZ_2018-10-18-11-06-06_engine_failure_with_emr_traj,engine,26.8899993896,-205.90133667,0.224208921194,132,28.0654907227,-3.64039611816,-115.438804626,-9.49060630798,-16.4704742432,-0.862129747868,1
1539875538600612904,103.383219328,carbonZ_2018-10-18-11-06-06_engine_failure_with_emr_traj,engine,26.8899993896,-205.90133667,0.224208921194,132,28.0654907227,-3.64039611816,-115.438804626,-9.3278799057,-16.4526500702,-0.78799444437,1
1539875538660872008,103.443478432,carbonZ_2018-10-18-11-06-06_engine_failure_with_emr_traj,engine,26.7600002289,-205.90133667,0.387451946735,134,28.0654907227,-3.64039611816,-115.438804626,-9.10768413544,-16.4201469421,-0.690797746181,1
1539875538701109608,103.483716032,carbonZ_2018-10-18-11-06-06_engine_failure_with_emr_traj,engine,26.7600002289,-205.90133667,0.387451946735,134,28.0654907227,-3.64039611816,-115.438804626,-8.9744052887,-16.392616272,-0.652707338333,1
1539875538792675464,103.575281888,carbonZ_2018-10-18-11-06-06_engine_failure_with_emr_traj,engine,26.6599998474,-158.7890625,1.0311743021,136,28.0654907227,-3.64039611816,-115.438804626,-8.65294933319,-16.297039032,-0.564640045166,1
1539875538817736040,103.600342464,carbonZ_2018-10-18-11-06-06_engine_failure_with_emr_traj,engine,26.6599998474,-158.7890625,1.0311743021,136,28.0654907227,-3.64039611816,-115.438804626,-8.65294933319,-16.297039032,-0.564640045166,1
1539875538880333864,103.662940288,carbonZ_2018-10-18-11-06-06_engine_failure_with_emr_traj,engine,26.5599994659,-158.7890625,1.42968904972,138,28.0654907227,-3.64039611816,-115.438804626,-8.4941368103,-16.2350940704,-0.467729389668,1
1539875538913324744,103.695931168,carbonZ_2018-10-18-11-06-06_engine_failure_with_emr_traj,engine,26.5599994659,-158.7890625,1.42968904972,138,28.0654907227,-3.64039611816,-115.438804626,-8.37949943542,-16.1939277649,-0.386133283377,1
1539875538964485000,103.747091424,carbonZ_2018-10-18-11-06-06_engine_failure_with_emr_traj,engine,26.4799995422,-123.296928406,2.12225937843,140,18.4490661621,-4.77580165863,-112.01890564,-8.23156642914,-16.1176643372,-0.273639798164,1
1539875538999989832,103.782596256,carbonZ_2018-10-18-11-06-06_engine_failure_with_emr_traj,engine,26.4799995422,-123.296928406,2.12225937843,140,18.4490661621,-4.77580165863,-112.01890564,-8.12260246277,-16.0787887573,-0.172105953097,1
1539875539056704872,103.839311296,carbonZ_2018-10-18-11-06-06_engine_failure_with_emr_traj,engine,26.4200000763,-123.296928406,2.71121144295,141,18.4490661621,-4.77580165863,-112.01890564,-7.93749189377,-15.9974088669,0.0504103377461,1
1539875539110640040,103.893246464,carbonZ_2018-10-18-11-06-06_engine_failure_with_emr_traj,engine,26.4200000763,-123.296928406,2.71121144295,141,18.4490661621,-4.77580165863,-112.01890564,-7.83415603638,-15.961479187,0.158019542694,1
1539875539164132712,103.946739136,carbonZ_2018-10-18-11-06-06_engine_failure_with_emr_traj,engine,26.3799991608,-88.2753372192,3.26948308945,143,18.4490661621,-4.77580165863,-112.01890564,-7.7345495224,-15.9309501648,0.238492399454,1
1539875539214719432,103.997325856,carbonZ_2018-10-18-11-06-06_engine_failure_with_emr_traj,engine,26.3799991608,-88.2753372192,3.26948308945,143,18.4490661621,-4.77580165863,-112.01890564,-7.63908720016,-15.9059476852,0.31020116806,1
1539875539289705640,104.072312064,carbonZ_2018-10-18-11-06-06_engine_failure_with_emr_traj,engine,26.3799991608,-88.2753372192,4.20726108551,145,18.4490661621,-4.77580165863,-112.01890564,-7.43338632584,-15.8703575134,0.496001690626,1
1539875539307827912,104.090434336,carbonZ_2018-10-18-11-06-06_engine_failure_with_emr_traj,engine,26.3799991608,-88.2753372192,4.20726108551,145,18.4490661621,-4.77580165863,-112.01890564,-7.38460159302,-15.8588457108,0.54026979208,1
1539875539369458632,104.152065056,carbonZ_2018-10-18-11-06-06_engine_failure_with_emr_traj,engine,26.3999996185,-59.4043731689,4.96838998795,146,18.4490661621,-4.77580165863,-112.01890564,-7.24584674835,-15.8218841553,0.75436681509,1
1539875539417859464,104.200465888,carbonZ_2018-10-18-11-06-06_engine_failure_with_emr_traj,engine,26.3999996185,-59.4043731689,4.96838998795,146,23.1467990875,-8.64748573303,-111.504203796,-7.16230916977,-15.7597522736,1.06581139565,1
1539875539485563592,104.268170016,carbonZ_2018-10-18-11-06-06_engine_failure_with_emr_traj,engine,26.4599990845,-59.4043731689,5.84606122971,148,23.1467990875,-8.64748573303,-111.504203796,-7.14590930939,-15.6567573547,1.55378758907,1
1539875539558002888,104.340609312,carbonZ_2018-10-18-11-06-06_engine_failure_with_emr_traj,engine,26.5900001526,-43.9687728882,6.72906637192,150,23.1467990875,-8.64748573303,-111.504203796,-7.1154255867,-15.5558242798,2.02271366119,1
1539875539581087304,104.363693728,carbonZ_2018-10-18-11-06-06_engine_failure_with_emr_traj,engine,26.5900001526,-43.9687728882,6.72906637192,150,23.1467990875,-8.64748573303,-111.504203796,-7.09917974472,-15.5308294296,2.13794541359,1
1539875539645645064,104.428251488,carbonZ_2018-10-18-11-06-06_engine_failure_with_emr_traj,engine,26.7899990082,-42.96875,7.6058678627,151,23.1467990875,-8.64748573303,-111.504203796,-7.02713012695,-15.4441375732,2.60872483253,1
1539875539693444680,104.476051104,carbonZ_2018-10-18-11-06-06_engine_failure_with_emr_traj,engine,26.7899990082,-42.96875,7.6058678627,151,23.1467990875,-8.64748573303,-111.504203796,-7.01737308502,-15.3931875229,2.85645747185,1
1539875539713287848,104.495894272,carbonZ_2018-10-18-11-06-06_engine_failure_with_emr_traj,engine,26.7899990082,-42.96875,7.6058678627,151,23.1467990875,-8.64748573303,-111.504203796,-7.00839281082,-15.366812706,2.9862806797,1
1539875539810263176,104.5928696,carbonZ_2018-10-18-11-06-06_engine_failure_with_emr_traj,engine,27.0599994659,-10.8808517456,8.66136932373,153,23.1467990875,-8.64748573303,-111.504203796,-6.96320438385,-15.2441797256,3.61420583725,1
1539875539869421800,104.652028224,carbonZ_2018-10-18-11-06-06_engine_failure_with_emr_traj,engine,27.4099998474,-10.8808517456,9.67270565033,155,28.853225708,-13.925901413,-107.946212769,-6.90416765213,-15.1960144043,3.94258737564,1
1539875539899427624,104.682034048,carbonZ_2018-10-18-11-06-06_engine_failure_with_emr_traj,engine,27.4099998474,-10.8808517456,9.67270565033,155,28.853225708,-13.925901413,-107.946212769,-6.83441638947,-15.1848649979,4.14009714127,1
1539875539965188136,104.74779456,carbonZ_2018-10-18-11-06-06_engine_failure_with_emr_traj,engine,27.7999992371,6.66856765747,10.7244138718,156,28.853225708,-13.925901413,-107.946212769,-6.70371198654,-15.1859073639,4.35327291489,1
1539875539985811560,104.768417984,carbonZ_2018-10-18-11-06-06_engine_failure_with_emr_traj,engine,27.7999992371,6.66856765747,10.7244138718,156,28.853225708,-13.925901413,-107.946212769,-6.6435675621,-15.1940755844,4.42009019852,1
1539875540016310344,104.798916768,carbonZ_2018-10-18-11-06-06_engine_failure_with_emr_traj,engine,27.7999992371,6.66856765747,10.7244138718,156,28.853225708,-13.925901413,-107.946212769,-6.52984666824,-15.211938858,4.53890752792,1
1539875540094918952,104.877525376,carbonZ_2018-10-18-11-06-06_engine_failure_with_emr_traj,engine,28.25,6.66856765747,11.7957420349,158,28.853225708,-13.925901413,-107.946212769,-6.31345844269,-15.255402565,4.69842243195,1
1539875540137386568,104.919992992,carbonZ_2018-10-18-11-06-06_engine_failure_with_emr_traj,engine,28.7199993134,23.2081413269,12.8627300262,159,28.853225708,-13.925901413,-107.946212769,-6.16345643997,-15.2887659073,4.77793169022,1
1539875540183448712,104.966055136,carbonZ_2018-10-18-11-06-06_engine_failure_with_emr_traj,engine,28.7199993134,23.2081413269,12.8627300262,159,30.9579048157,-18.561000824,-98.7061157227,-5.99395132065,-15.320646286,4.88293838501,1
1539875540216282024,104.998888448,carbonZ_2018-10-18-11-06-06_engine_failure_with_emr_traj,engine,28.7199993134,23.2081413269,12.8627300262,159,30.9579048157,-18.561000824,-98.7061157227,-5.82504367828,-15.3581438065,4.95695590973,1
1539875540286775368,105.069381792,carbonZ_2018-10-18-11-06-06_engine_failure_with_emr_traj,engine,29.2099990845,23.2081413269,13.9206457138,161,30.9579048157,-18.561000824,-98.7061157227,-5.43209552765,-15.4532289505,5.07819080353,1
1539875540361281192,105.143887616,carbonZ_2018-10-18-11-06-06_engine_failure_with_emr_traj,engine,29.7199993134,25.3517150879,14.9939889908,163,30.9579048157,-18.561000824,-98.7061157227,-5.08821964264,-15.5366678238,5.13075256348,1
1539875540369084808,105.151691232,carbonZ_2018-10-18-11-06-06_engine_failure_with_emr_traj,engine,29.7199993134,25.3517150879,14.9939889908,163,30.9579048157,-18.561000824,-98.7061157227,-4.9693107605,-15.5675010681,5.13594341278,1
1539875540395824136,105.17843056,carbonZ_2018-10-18-11-06-06_engine_failure_with_emr_traj,engine,29.7199993134,25.3517150879,14.9939889908,163,30.9579048157,-18.561000824,-98.7061157227,-4.9693107605,-15.5675010681,5.13594341278,1
1539875540463776008,105.246382432,carbonZ_2018-10-18-11-06-06_engine_failure_with_emr_traj,engine,30.2299995422,25.3517150879,15.9664707184,164,33.9552078247,-19.2113742828,-92.4873428345,-4.32051420212,-15.73416996,5.10538291931,1
1539875540499871336,105.28247776,carbonZ_2018-10-18-11-06-06_engine_failure_with_emr_traj,engine,30.2299995422,25.3517150879,15.9664707184,164,33.9552078247,-19.2113742828,-92.4873428345,-4.03913593292,-15.7970590591,5.07934999466,1
1539875540543965768,105.326572192,carbonZ_2018-10-18-11-06-06_engine_failure_with_emr_traj,engine,30.75,52.4360656738,17.0049247742,166,33.9552078247,-19.2113742828,-92.4873428345,-3.61053299904,-15.8785829544,5.05317306519,1
1539875540632997736,105.41560416,carbonZ_2018-10-18-11-06-06_engine_failure_with_emr_traj,engine,30.75,52.4360656738,17.0049247742,166,33.9552078247,-19.2113742828,-92.4873428345,-3.1989736557,-15.9365587234,5.06852674484,1
1539875540697138312,105.479744736,carbonZ_2018-10-18-11-06-06_engine_failure_with_emr_traj,engine,31.2600002289,51.4360427856,17.9704017639,167,33.9552078247,-19.2113742828,-92.4873428345,-2.61169719696,-16.0193862915,5.02584552765,1
1539875540751738824,105.534345248,carbonZ_2018-10-18-11-06-06_engine_failure_with_emr_traj,engine,31.2600002289,51.4360427856,17.9704017639,167,33.9552078247,-19.2113742828,-92.4873428345,-2.45019745827,-16.0462799072,4.98347663879,1
1539875540790994696,105.57360112,carbonZ_2018-10-18-11-06-06_engine_failure_with_emr_traj,engine,31.7600002289,34.3741416931,18.9072151184,169,33.9552078247,-19.2113742828,-92.4873428345,-1.93611121178,-16.1389522552,4.80197429657,1
1539875540804720936,105.58732736,carbonZ_2018-10-18-11-06-06_engine_failure_with_emr_traj,engine,31.7600002289,34.3741416931,18.9072151184,169,33.9552078247,-19.2113742828,-92.4873428345,-1.76953530312,-16.1695175171,4.72230386734,1
1539875540908334056,105.69094048,carbonZ_2018-10-18-11-06-06_engine_failure_with_emr_traj,engine,32.2399978638,34.3741416931,19.8302993774,170,32.6457557678,-15.1622076035,-84.3302688599,-0.985150635242,-16.3085708618,4.32877016068,1
1539875540971512040,105.754118464,carbonZ_2018-10-18-11-06-06_engine_failure_with_emr_traj,engine,32.6800003052,15.6847953796,20.6611633301,171,32.6457557678,-15.1622076035,-84.3302688599,-0.619515776634,-16.3333511353,4.23039293289,1
1539875541017738344,105.800344768,carbonZ_2018-10-18-11-06-06_engine_failure_with_emr_traj,engine,32.6800003052,15.6847953796,20.6611633301,171,32.6457557678,-15.1622076035,-84.3302688599,-0.291072279215,-16.3446788788,4.16335535049,1
1539875541058140968,105.840747392,carbonZ_2018-10-18-11-06-06_engine_failure_with_emr_traj,engine,33.0999984741,15.6847953796,21.5491657257,173,32.6457557678,-15.1622076035,-84.3302688599,0.0156001746655,-16.3474578857,4.12021350861,1
1539875541119897864,105.902504288,carbonZ_2018-10-18-11-06-06_engine_failure_with_emr_traj,engine,33.0999984741,15.6847953796,21.5491657257,173,32.6457557678,-15.1622076035,-84.3302688599,0.230418682098,-16.3383922577,4.11269664764,1
1539875541168492136,105.95109856,carbonZ_2018-10-18-11-06-06_engine_failure_with_emr_traj,engine,33.5,-29.1372299194,22.3451595306,174,32.6457557678,-15.1622076035,-84.3302688599,0.441257089376,-16.3285617828,4.08319664001,1
1539875541212414728,105.995021152,carbonZ_2018-10-18-11-06-06_engine_failure_with_emr_traj,engine,33.5,-29.1372299194,22.3451595306,174,32.6457557678,-15.1622076035,-84.3302688599,0.659398138523,-16.3058128357,4.08060455322,1
1539875541284109576,106.066716,carbonZ_2018-10-18-11-06-06_engine_failure_with_emr_traj,engine,33.8899993896,-29.1372299194,23.2282161713,176,30.0393466949,-15.5326528549,-75.1860122681,0.992065548897,-16.2258987427,4.22796869278,1
1539875541324670408,106.107276832,carbonZ_2018-10-18-11-06-06_engine_failure_with_emr_traj,engine,33.8899993896,-29.1372299194,23.2282161713,176,30.0393466949,-15.5326528549,-75.1860122681,1.21925091743,-16.185716629,4.21014928818,1
1539875541392457640,106.175064064,carbonZ_2018-10-18-11-06-06_engine_failure_with_emr_traj,engine,34.2999992371,-39.720916748,24.0927886963,177,30.0393466949,-15.5326528549,-75.1860122681,1.67139339447,-16.1190700531,4.09427499771,1
1539875541409536872,106.192143296,carbonZ_2018-10-18-11-06-06_engine_failure_with_emr_traj,engine,34.2999992371,-39.720916748,24.0927886963,177,30.0393466949,-15.5326528549,-75.1860122681,1.82539558411,-16.091796875,4.05153369904,1
1539875541490340712,106.272947136,carbonZ_2018-10-18-11-06-06_engine_failure_with_emr_traj,engine,34.7000007629,-39.720916748,24.8672103882,178,30.0393466949,-15.5326528549,-75.1860122681,2.41668605804,-15.943359375,3.95192217827,1
1539875541520190504,106.302796928,carbonZ_2018-10-18-11-06-06_engine_failure_with_emr_traj,engine,34.7000007629,-39.720916748,24.8672103882,178,30.0393466949,-15.5326528549,-75.1860122681,2.55817008018,-15.9015760422,3.92758655548,1
1539875541564668104,106.347274528,carbonZ_2018-10-18-11-06-06_engine_failure_with_emr_traj,engine,35.0999984741,-9.95311737061,25.6871986389,179,30.0393466949,-15.5326528549,-75.1860122681,2.98202157021,-15.74559021,3.90387272835,1
1539875541631934312,106.414540736,carbonZ_2018-10-18-11-06-06_engine_failure_with_emr_traj,engine,35.0999984741,-9.95311737061,25.6871986389,179,30.0393466949,-15.5326528549,-75.1860122681,3.42393350601,-15.5747365952,3.83579039574,1
1539875541685994312,106.468600736,carbonZ_2018-10-18-11-06-06_engine_failure_with_emr_traj,engine,35.4899978638,-9.95311737061,26.3826179504,181,35.9657974243,-14.5770559311,-63.4794654846,3.88626050949,-15.3858385086,3.75695610046,1
1539875541713839944,106.496446368,carbonZ_2018-10-18-11-06-06_engine_failure_with_emr_traj,engine,35.4899978638,-9.95311737061,26.3826179504,181,35.9657974243,-14.5770559311,-63.4794654846,4.04310464859,-15.3154983521,3.72458839417,1
1539875541790668616,106.57327504,carbonZ_2018-10-18-11-06-06_engine_failure_with_emr_traj,engine,35.8699989319,-27.698135376,27.1213989258,182,35.9657974243,-14.5770559311,-63.4794654846,4.69708251953,-15.0028162003,3.59076333046,1
1539875541800487752,106.583094176,carbonZ_2018-10-18-11-06-06_engine_failure_with_emr_traj,engine,35.8699989319,-27.698135376,27.1213989258,182,35.9657974243,-14.5770559311,-63.4794654846,4.69708251953,-15.0028162003,3.59076333046,1
1539875541907541224,106.690147648,carbonZ_2018-10-18-11-06-06_engine_failure_with_emr_traj,engine,36.2399978638,-27.698135376,27.7766151428,183,35.9657974243,-14.5770559311,-63.4794654846,5.74100923538,-14.4387950897,3.31479787827,1
1539875541990131144,106.772737568,carbonZ_2018-10-18-11-06-06_engine_failure_with_emr_traj,engine,36.5999984741,-20.809173584,28.3207607269,184,40.3952178955,-9.97719764709,-57.2716331482,6.40512752533,-14.0045957565,3.15004181862,1
1539875542001010568,106.783616992,carbonZ_2018-10-18-11-06-06_engine_failure_with_emr_traj,engine,36.5999984741,-20.809173584,28.3207607269,184,40.3952178955,-9.97719764709,-57.2716331482,6.57922840118,-13.8825178146,3.10588169098,1
1539875542106299368,106.888905792,carbonZ_2018-10-18-11-06-06_engine_failure_with_emr_traj,engine,36.9300003052,-20.809173584,28.8640384674,185,40.3952178955,-9.97719764709,-57.2716331482,7.36723518372,-13.2874908447,2.89870786667,1
1539875542172598120,106.955204544,carbonZ_2018-10-18-11-06-06_engine_failure_with_emr_traj,engine,37.2399978638,-9.29317474365,29.248872757,186,40.3952178955,-9.97719764709,-57.2716331482,7.80302667618,-12.9079370499,2.79353928566,1
1539875542210404552,106.993010976,carbonZ_2018-10-18-11-06-06_engine_failure_with_emr_traj,engine,37.2399978638,-9.29317474365,29.248872757,186,40.3952178955,-9.97719764709,-57.2716331482,8.07359409332,-12.6532125473,2.74804329872,1
1539875542249588776,107.0321952,carbonZ_2018-10-18-11-06-06_engine_failure_with_emr_traj,engine,37.5400009155,-9.29317474365,29.6730480194,186,40.3952178955,-9.97719764709,-57.2716331482,8.32935333252,-12.401925087,2.69175648689,1
1539875542279377544,107.061983968,carbonZ_2018-10-18-11-06-06_engine_failure_with_emr_traj,engine,37.5400009155,-9.29317474365,29.6730480194,186,40.3952178955,-9.97719764709,-57.2716331482,8.5983581543,-12.1298513412,2.62192511559,1
1539875542337047464,107.119653888,carbonZ_2018-10-18-11-06-06_engine_failure_with_emr_traj,engine,37.5400009155,-9.29317474365,29.6730480194,186,40.3952178955,-9.97719764709,-57.2716331482,8.83135700226,-11.8731746674,2.58198857307,1
1539875542372017384,107.154623808,carbonZ_2018-10-18-11-06-06_engine_failure_with_emr_traj,engine,37.8199996948,-1.41010284424,30.0252304077,187,41.4720916748,-4.48100614548,-47.4777297974,9.0411863327,-11.6094675064,2.56573796272,1
1539875542417805800,107.200412224,carbonZ_2018-10-18-11-06-06_engine_failure_with_emr_traj,engine,38.0999984741,-0.410079956055,30.2674617767,188,41.4720916748,-4.48100614548,-47.4777297974,9.38596630096,-11.1261396408,2.64792585373,1
1539875542472354952,107.254961376,carbonZ_2018-10-18-11-06-06_engine_failure_with_emr_traj,engine,38.0999984741,-0.410079956055,30.2674617767,188,41.4720916748,-4.48100614548,-47.4777297974,9.45088386536,-11.0182781219,2.6910572052,1
1539875542527998120,107.310604544,carbonZ_2018-10-18-11-06-06_engine_failure_with_emr_traj,engine,38.0999984741,-0.410079956055,30.2674617767,188,41.4720916748,-4.48100614548,-47.4777297974,9.61387348175,-10.712474823,2.89358258247,1
1539875542578975784,107.361582208,carbonZ_2018-10-18-11-06-06_engine_failure_with_emr_traj,engine,38.3899993896,-3.43284606934,30.5265655518,188,41.4720916748,-4.48100614548,-47.4777297974,9.78019809723,-10.3757457733,3.08708882332,1
1539875542605321064,107.387927488,carbonZ_2018-10-18-11-06-06_engine_failure_with_emr_traj,engine,38.3899993896,-3.43284606934,30.5265655518,188,41.4720916748,-4.48100614548,-47.4777297974,9.91573429108,-10.1208639145,3.15771198273,1
1539875542658930088,107.441536512,carbonZ_2018-10-18-11-06-06_engine_failure_with_emr_traj,engine,38.7099990845,-3.43284606934,30.7079544067,189,41.4720916748,-4.48100614548,-47.4777297974,10.0718898773,-9.84307098389,3.20752763748,1
1539875542718921224,107.501527648,carbonZ_2018-10-18-11-06-06_engine_failure_with_emr_traj,engine,38.7099990845,-3.43284606934,30.7079544067,189,41.4720916748,-4.48100614548,-47.4777297974,10.2356348038,-9.54997634888,3.22256135941,1
1539875542779338952,107.561945376,carbonZ_2018-10-18-11-06-06_engine_failure_with_emr_traj,engine,39.0499992371,20.388507843,30.9230155945,189,41.4720916748,-4.48100614548,-47.4777297974,10.7056035995,-8.69379520416,3.15762925148,1
1539875542832412968,107.615019392,carbonZ_2018-10-18-11-06-06_engine_failure_with_emr_traj,engine,39.0499992371,20.388507843,30.9230155945,189,41.4720916748,-4.48100614548,-47.4777297974,10.7056035995,-8.69379520416,3.15762925148,1
1539875542860834664,107.643441088,carbonZ_2018-10-18-11-06-06_engine_failure_with_emr_traj,engine,39.3999977112,20.388507843,30.973192215,189,45.29114151,-3.539488554,-33.4129257202,10.9858703613,-8.15076828003,3.08525514603,1
1539875542939044712,107.721651136,carbonZ_2018-10-18-11-06-06_engine_failure_with_emr_traj,engine,39.3999977112,20.388507843,30.973192215,189,45.29114151,-3.539488554,-33.4129257202,11.2580804825,-7.5740814209,2.98795199394,1
1539875542975540808,107.758147232,carbonZ_2018-10-18-11-06-06_engine_failure_with_emr_traj,engine,39.7299995422,48.4338760376,31.0568637848,190,45.29114151,-3.539488554,-33.4129257202,11.5102157593,-6.97819375992,2.88852500916,1
1539875543012775560,107.795381984,carbonZ_2018-10-18-11-06-06_engine_failure_with_emr_traj,engine,39.7299995422,48.4338760376,31.0568637848,190,45.29114151,-3.539488554,-33.4129257202,11.5832176208,-6.78642749786,2.86590147018,1
1539875543062178344,107.844784768,carbonZ_2018-10-18-11-06-06_engine_failure_with_emr_traj,engine,40.0499992371,47.4338531494,31.1087551117,190,45.29114151,-3.539488554,-33.4129257202,11.7823953629,-6.22875785828,2.81087779999,1
1539875543098981384,107.881587808,carbonZ_2018-10-18-11-06-06_engine_failure_with_emr_traj,engine,40.0499992371,47.4338531494,31.1087551117,190,45.29114151,-3.539488554,-33.4129257202,11.7823953629,-6.22875785828,2.81087779999,1
1539875543165858920,107.948465344,carbonZ_2018-10-18-11-06-06_engine_failure_with_emr_traj,engine,40.3600006104,61.9345664978,30.9715614319,190,45.29114151,-3.539488554,-33.4129257202,12.0256767273,-5.46167898178,2.71139001846,1
1539875543182474888,107.965081312,carbonZ_2018-10-18-11-06-06_engine_failure_with_emr_traj,engine,40.3600006104,61.9345664978,30.9715614319,190,45.29114151,-3.539488554,-33.4129257202,12.1422472,-5.05369663239,2.64631772041,1
1539875543244030248,108.026636672,carbonZ_2018-10-18-11-06-06_engine_failure_with_emr_traj,engine,40.6399993896,61.9345664978,30.8267784119,190,45.29114151,-3.539488554,-33.4129257202,12.2798862457,-4.49043226242,2.56719303131,1
1539875543283598184,108.066204608,carbonZ_2018-10-18-11-06-06_engine_failure_with_emr_traj,engine,40.6399993896,61.9345664978,30.8267784119,190,43.5368995667,-2.10609507561,-17.9828166962,12.3809890747,-3.95848345757,2.55336284637,1
1539875543344865320,108.127471744,carbonZ_2018-10-18-11-06-06_engine_failure_with_emr_traj,engine,40.9199981689,67.519569397,30.5863361359,190,43.5368995667,-2.10609507561,-17.9828166962,12.4021835327,-3.79189252853,2.54729104042,1
1539875543405882760,108.188489184,carbonZ_2018-10-18-11-06-06_engine_failure_with_emr_traj,engine,40.9199981689,67.519569397,30.5863361359,190,43.5368995667,-2.10609507561,-17.9828166962,12.4827222824,-3.09494161606,2.5392832756,1
1539875543440223144,108.222829568,carbonZ_2018-10-18-11-06-06_engine_failure_with_emr_traj,engine,40.9199981689,67.519569397,30.5863361359,190,43.5368995667,-2.10609507561,-17.9828166962,12.5008907318,-2.91980981827,2.52953481674,1
1539875543487790152,108.270396576,carbonZ_2018-10-18-11-06-06_engine_failure_with_emr_traj,engine,41.1899986267,67.519569397,30.3128509521,189,43.5368995667,-2.10609507561,-17.9828166962,12.5392341614,-2.39663863182,2.47148299217,1
1539875543538570472,108.321176896,carbonZ_2018-10-18-11-06-06_engine_failure_with_emr_traj,engine,41.4599990845,80.5468597412,29.9088630676,189,43.5368995667,-2.10609507561,-17.9828166962,12.5571041107,-2.04769802094,2.43637132645,1
1539875543575550504,108.358156928,carbonZ_2018-10-18-11-06-06_engine_failure_with_emr_traj,engine,41.4599990845,80.5468597412,29.9088630676,189,43.5368995667,-2.10609507561,-17.9828166962,12.5585794449,-1.53391218185,2.35401535034,1
1539875543616481288,108.399087712,carbonZ_2018-10-18-11-06-06_engine_failure_with_emr_traj,engine,41.4599990845,80.5468597412,29.9088630676,189,38.2558174133,-0.939985156059,-6.50529050827,12.5456066132,-1.21446812153,2.30954170227,1
1539875543685426984,108.468033408,carbonZ_2018-10-18-11-06-06_engine_failure_with_emr_traj,engine,41.719997406,80.5468597412,29.5325145721,189,38.2558174133,-0.939985156059,-6.50529050827,12.5085668564,-0.745452046394,2.25243210793,1
1539875543746782696,108.52938912,carbonZ_2018-10-18-11-06-06_engine_failure_with_emr_traj,engine,41.9599990845,91.978263855,29.1371898651,188,38.2558174133,-0.939985156059,-6.50529050827,12.4579925537,-0.246340870857,2.1514480114,1
1539875543779941032,108.562547456,carbonZ_2018-10-18-11-06-06_engine_failure_with_emr_traj,engine,41.9599990845,91.978263855,29.1371898651,188,38.2558174133,-0.939985156059,-6.50529050827,12.4167470932,0.0900726243854,2.06100273132,1
1539875543846008936,108.62861536,carbonZ_2018-10-18-11-06-06_engine_failure_with_emr_traj,engine,42.1800003052,91.978263855,28.5895233154,188,38.2558174133,-0.939985156059,-6.50529050827,12.3414077759,0.563461065292,1.97715353966,1
1539875543904020072,108.686626496,carbonZ_2018-10-18-11-06-06_engine_failure_with_emr_traj,engine,42.1800003052,91.978263855,28.5895233154,188,38.2558174133,-0.939985156059,-6.50529050827,12.2432060242,1.00791585445,1.91452038288,1
1539875543934972968,108.717579392,carbonZ_2018-10-18-11-06-06_engine_failure_with_emr_traj,engine,42.3899993896,104.26864624,28.0967330933,187,38.2558174133,-0.939985156059,-6.50529050827,12.1648721695,1.3025945425,1.86030554771,1
1539875543994650824,108.777257248,carbonZ_2018-10-18-11-06-06_engine_failure_with_emr_traj,engine,42.3899993896,104.26864624,28.0967330933,187,38.2558174133,-0.939985156059,-6.50529050827,12.084941864,1.58032572269,1.82195532322,1
1539875544019759528,108.802365952,carbonZ_2018-10-18-11-06-06_engine_failure_with_emr_traj,engine,42.3899993896,104.26864624,28.0967330933,187,34.1129989624,1.03299021721,5.98173379898,11.9970703125,1.85315084457,1.78040587902,1
1539875544091153160,108.873759584,carbonZ_2018-10-18-11-06-06_engine_failure_with_emr_traj,engine,42.5799980164,103.268623352,27.515794754,187,34.1129989624,1.03299021721,5.98173379898,11.8570613861,2.23478269577,1.71686029434,1
1539875544136921352,108.919527776,carbonZ_2018-10-18-11-06-06_engine_failure_with_emr_traj,engine,42.5799980164,103.268623352,27.515794754,187,34.1129989624,1.03299021721,5.98173379898,11.759721756,2.47732567787,1.68515205383,1
1539875544177950888,108.960557312,carbonZ_2018-10-18-11-06-06_engine_failure_with_emr_traj,engine,42.7700004578,140.19631958,26.9373397827,186,34.1129989624,1.03299021721,5.98173379898,11.5993528366,2.83603262901,1.61619722843,1
1539875544233774216,109.01638064,carbonZ_2018-10-18-11-06-06_engine_failure_with_emr_traj,engine,42.7700004578,140.19631958,26.9373397827,186,34.1129989624,1.03299021721,5.98173379898,11.4856386185,3.06963562965,1.5580868721,1
1539875544258061992,109.040668416,carbonZ_2018-10-18-11-06-06_engine_failure_with_emr_traj,engine,42.9399986267,139.196304321,26.3502044678,185,34.1129989624,1.03299021721,5.98173379898,11.4311437607,3.17943739891,1.54041218758,1
1539875544288469992,109.071076416,carbonZ_2018-10-18-11-06-06_engine_failure_with_emr_traj,engine,42.9399986267,139.196304321,26.3502044678,185,34.1129989624,1.03299021721,5.98173379898,11.3123178482,3.39755678177,1.47328555584,1
1539875544340635976,109.1232424,carbonZ_2018-10-18-11-06-06_engine_failure_with_emr_traj,engine,42.9399986267,139.196304321,26.3502044678,185,34.1129989624,1.03299021721,5.98173379898,11.1961174011,3.60397028923,1.42167413235,1
1539875544451113992,109.233720416,carbonZ_2018-10-18-11-06-06_engine_failure_with_emr_traj,engine,43.2599983215,155.083938599,25.0254955292,184,34.1129989624,1.03299021721,5.98173379898,10.8186597824,4.18323755264,1.24889457226,1
1539875544506846888,109.289453312,carbonZ_2018-10-18-11-06-06_engine_failure_with_emr_traj,engine,43.2599983215,155.083938599,25.0254955292,184,26.4819068909,4.07986927032,16.9119091034,10.620765686,4.45980548859,1.1277230978,1
1539875544548979240,109.331585664,carbonZ_2018-10-18-11-06-06_engine_failure_with_emr_traj,engine,43.3899993896,183.907699585,24.3435554504,183,26.4819068909,4.07986927032,16.9119091034,10.4858579636,4.62873029709,1.05394220352,1
1539875544583430728,109.366037152,carbonZ_2018-10-18-11-06-06_engine_failure_with_emr_traj,engine,43.3899993896,183.907699585,24.3435554504,183,26.4819068909,4.07986927032,16.9119091034,10.3514966965,4.79241657257,0.981904566288,1
1539875544625485416,109.40809184,carbonZ_2018-10-18-11-06-06_engine_failure_with_emr_traj,engine,43.3899993896,183.907699585,24.3435554504,183,26.4819068909,4.07986927032,16.9119091034,10.2177886963,4.94056653976,0.939497172832,1
1539875544697685192,109.480291616,carbonZ_2018-10-18-11-06-06_engine_failure_with_emr_traj,engine,43.5099983215,183.907699585,23.6400623322,183,26.4819068909,4.07986927032,16.9119091034,9.953956604,5.19456624985,0.886751532555,1
1539875544744524680,109.527131104,carbonZ_2018-10-18-11-06-06_engine_failure_with_emr_traj,engine,43.6100006104,202.466201782,22.9042186737,182,26.4819068909,4.07986927032,16.9119091034,9.88553142548,5.25749397278,0.87563675642,1
1539875544780587912,109.563194336,carbonZ_2018-10-18-11-06-06_engine_failure_with_emr_traj,engine,43.6100006104,202.466201782,22.9042186737,182,21.3378658295,5.60355234146,23.7738666534,9.69118595123,5.4256401062,0.847545564175,1
1539875544839175656,109.62178208,carbonZ_2018-10-18-11-06-06_engine_failure_with_emr_traj,engine,43.6100006104,202.466201782,22.9042186737,182,21.3378658295,5.60355234146,23.7738666534,9.56539535522,5.52680969238,0.834086954594,1
1539875544856663656,109.63927008,carbonZ_2018-10-18-11-06-06_engine_failure_with_emr_traj,engine,43.7099990845,202.466201782,22.1807765961,181,21.3378658295,5.60355234146,23.7738666534,9.43781375885,5.62708282471,0.822481751442,1
1539875544897642216,109.68024864,carbonZ_2018-10-18-11-06-06_engine_failure_with_emr_traj,engine,43.7099990845,202.466201782,22.1807765961,181,21.3378658295,5.60355234146,23.7738666534,9.30708789825,5.71967887878,0.793722271919,1
1539875544982289864,109.764896288,carbonZ_2018-10-18-11-06-06_engine_failure_with_emr_traj,engine,43.8099975586,236.974517822,21.5126171112,180,21.3378658295,5.60355234146,23.7738666534,9.117146492,5.83969306946,0.77464556694,1
1539875545008878376,109.7914848,carbonZ_2018-10-18-11-06-06_engine_failure_with_emr_traj,engine,43.8099975586,236.974517822,21.5126171112,180,21.3378658295,5.60355234146,23.7738666534,8.99426651001,5.90759706497,0.760750889778,1
1539875545095998344,109.878604768,carbonZ_2018-10-18-11-06-06_engine_failure_with_emr_traj,engine,43.9099998474,236.974517822,20.7352657318,179,21.3378658295,5.60355234146,23.7738666534,8.75699710846,6.02339553833,0.743788540363,1
1539875545116185128,109.898791552,carbonZ_2018-10-18-11-06-06_engine_failure_with_emr_traj,engine,43.9099998474,236.974517822,20.7352657318,179,21.3378658295,5.60355234146,23.7738666534,8.63532829285,6.07312202454,0.726890087128,1
1539875545183432776,109.9660392,carbonZ_2018-10-18-11-06-06_engine_failure_with_emr_traj,engine,44.0,270.555023193,20.0573406219,178,14.785607338,7.04554510117,29.6992645264,8.46606063843,6.13189983368,0.716627717018,1
1539875545199804072,109.982410496,carbonZ_2018-10-18-11-06-06_engine_failure_with_emr_traj,engine,44.0,270.555023193,20.0573406219,178,14.785607338,7.04554510117,29.6992645264,8.41292285919,6.14699697495,0.709020018578,1
1539875545262041480,110.044647904,carbonZ_2018-10-18-11-06-06_engine_failure_with_emr_traj,engine,44.0900001526,269.554992676,19.3447437286,178,14.785607338,7.04554510117,29.6992645264,8.19340133667,6.19734764099,0.702211856842,1
1539875545303689064,110.086295488,carbonZ_2018-10-18-11-06-06_engine_failure_with_emr_traj,engine,44.0900001526,269.554992676,19.3447437286,178,14.785607338,7.04554510117,29.6992645264,8.14682197571,6.20246601105,0.715015351772,1
1539875545372551560,110.155157984,carbonZ_2018-10-18-11-06-06_engine_failure_with_emr_traj,engine,44.1899986267,304.604431152,18.6147251129,177,14.785607338,7.04554510117,29.6992645264,7.9963388443,6.2143406868,0.731077313423,1
1539875545400094184,110.182700608,carbonZ_2018-10-18-11-06-06_engine_failure_with_emr_traj,engine,44.1899986267,304.604431152,18.6147251129,177,14.785607338,7.04554510117,29.6992645264,7.90361499786,6.21601200104,0.757407903671,1
1539875545440203368,110.222809792,carbonZ_2018-10-18-11-06-06_engine_failure_with_emr_traj,engine,44.2799987793,304.604431152,17.9861412048,176,14.785607338,7.04554510117,29.6992645264,7.80859613419,6.21444892883,0.791553378105,1
1539875545481196648,110.263803072,carbonZ_2018-10-18-11-06-06_engine_failure_with_emr_traj,engine,44.2799987793,304.604431152,17.9861412048,176,7.49601316452,7.97387361526,33.8854637146,7.72014427185,6.2043261528,0.824969470501,1
1539875545525510760,110.308117184,carbonZ_2018-10-18-11-06-06_engine_failure_with_emr_traj,engine,44.2799987793,304.604431152,17.9861412048,176,7.49601316452,7.97387361526,33.8854637146,7.63856554031,6.1861577034,0.86182564497,1
1539875545598660008,110.381266432,carbonZ_2018-10-18-11-06-06_engine_failure_with_emr_traj,engine,44.3899993896,336.096099854,17.2322158813,175,7.49601316452,7.97387361526,33.8854637146,7.49783468246,6.12812423706,0.910508573055,1
1539875545646829960,110.429436384,carbonZ_2018-10-18-11-06-06_engine_failure_with_emr_traj,engine,44.5,336.096099854,16.6142997742,174,7.49601316452,7.97387361526,33.8854637146,7.43009328842,6.09884691238,0.877066731453,1
1539875545710171752,110.492778176,carbonZ_2018-10-18-11-06-06_engine_failure_with_emr_traj,engine,44.5,336.096099854,16.6142997742,174,7.49601316452,7.97387361526,33.8854637146,7.34710693359,6.04017305374,0.778730332851,1
1539875545744459592,110.527066016,carbonZ_2018-10-18-11-06-06_engine_failure_with_emr_traj,engine,44.6100006104,379.042053223,15.9487810135,174,7.49601316452,7.97387361526,33.8854637146,7.32110023499,6.0138926506,0.722234368324,1
1539875545803714120,110.586320544,carbonZ_2018-10-18-11-06-06_engine_failure_with_emr_traj,engine,44.6100006104,379.042053223,15.9487810135,174,7.49601316452,7.97387361526,33.8854637146,7.24570226669,5.89715003967,0.510708332062,1
1539875545829606664,110.612213088,carbonZ_2018-10-18-11-06-06_engine_failure_with_emr_traj,engine,44.6100006104,379.042053223,15.9487810135,174,7.49601316452,7.97387361526,33.8854637146,7.22873783112,5.86550092697,0.467798888683,1
1539875545893812424,110.676418848,carbonZ_2018-10-18-11-06-06_engine_failure_with_emr_traj,engine,44.7000007629,379.042053223,15.3420381546,173,-3.93875527382,9.69257831573,36.4420318604,7.18867349625,5.75827217102,0.359026223421,1
1539875545971374888,110.753981312,carbonZ_2018-10-18-11-06-06_engine_failure_with_emr_traj,engine,44.7599983215,414.70211792,14.7494821548,172,-3.93875527382,9.69257831573,36.4420318604,7.14075708389,5.60997867584,0.264123380184,1
1539875545990888264,110.773494688,carbonZ_2018-10-18-11-06-06_engine_failure_with_emr_traj,engine,44.7599983215,414.70211792,14.7494821548,172,-3.93875527382,9.69257831573,36.4420318604,7.13355636597,5.56725168228,0.245581239462,1
1539875546028706536,110.81131296,carbonZ_2018-10-18-11-06-06_engine_failure_with_emr_traj,engine,44.7599983215,414.70211792,14.7494821548,172,-3.93875527382,9.69257831573,36.4420318604,7.11558055878,5.49265813828,0.240000903606,1
1539875546081013992,110.863620416,carbonZ_2018-10-18-11-06-06_engine_failure_with_emr_traj,engine,44.8099975586,414.70211792,14.1960334778,171,-3.93875527382,9.69257831573,36.4420318604,7.08548736572,5.35116434097,0.283224642277,1
1539875546143445704,110.926052128,carbonZ_2018-10-18-11-06-06_engine_failure_with_emr_traj,engine,44.8499984741,438.189422607,13.7154560089,171,-3.93875527382,9.69257831573,36.4420318604,7.07731056213,5.27647829056,0.306033343077,1
1539875546224713128,111.007319552,carbonZ_2018-10-18-11-06-06_engine_failure_with_emr_traj,engine,44.8499984741,438.189422607,13.7154560089,171,-3.93875527382,9.69257831573,36.4420318604,7.0685172081,5.17120027542,0.338328421116,1
1539875546248255016,111.03086144,carbonZ_2018-10-18-11-06-06_engine_failure_with_emr_traj,engine,44.8999977112,438.189422607,13.1782341003,170,-3.93875527382,9.69257831573,36.4420318604,7.0685172081,5.17120027542,0.338328421116,1
1539875546282889992,111.065496416,carbonZ_2018-10-18-11-06-06_engine_failure_with_emr_traj,engine,44.8999977112,438.189422607,13.1782341003,170,-9.00688838959,7.16183757782,37.539352417,7.06680870056,5.03630304337,0.379459381104,1
1539875546324131752,111.106738176,carbonZ_2018-10-18-11-06-06_engine_failure_with_emr_traj,engine,44.8999977112,438.189422607,13.1782341003,170,-9.00688838959,7.16183757782,37.539352417,7.07146072388,4.96930599213,0.393038272858,1
1539875546387505736,111.17011216,carbonZ_2018-10-18-11-06-06_engine_failure_with_emr_traj,engine,44.9500007629,467.569732666,12.732629776,169,-9.00688838959,7.16183757782,37.539352417,7.09139299393,4.83083581924,0.409088224173,1
1539875546419150280,111.201756704,carbonZ_2018-10-18-11-06-06_engine_failure_with_emr_traj,engine,44.9500007629,467.569732666,12.732629776,169,-9.00688838959,7.16183757782,37.539352417,7.09613275528,4.79641675949,0.410227924585,1
1539875546486801864,111.269408288,carbonZ_2018-10-18-11-06-06_engine_failure_with_emr_traj,engine,45.0099983215,467.569732666,12.2589235306,169,-9.00688838959,7.16183757782,37.539352417,7.11336278915,4.69940948486,0.433553725481,1
1539875546533159560,111.315765984,carbonZ_2018-10-18-11-06-06_engine_failure_with_emr_traj,engine,45.0599975586,491.855712891,11.8665018082,168,-9.00688838959,7.16183757782,37.539352417,7.12452316284,4.63051557541,0.45208504796,1
1539875546593603144,111.376209568,carbonZ_2018-10-18-11-06-06_engine_failure_with_emr_traj,engine,45.0599975586,491.855712891,11.8665018082,168,-9.00688838959,7.16183757782,37.539352417,7.13916301727,4.53095197678,0.491547703743,1
1539875546617734088,111.400340512,carbonZ_2018-10-18-11-06-06_engine_failure_with_emr_traj,engine,45.0599975586,491.855712891,11.8665018082,168,-9.45321178436,4.95175600052,34.5481262207,7.14681768417,4.4694814682,0.517729699612,1
1539875546680960104,111.463566528,carbonZ_2018-10-18-11-06-06_engine_failure_with_emr_traj,engine,45.1199989319,490.855682373,11.531165123,167,-9.45321178436,4.95175600052,34.5481262207,7.15912246704,4.380423069,0.561783015728,1
1539875546751635592,111.534242016,carbonZ_2018-10-18-11-06-06_engine_failure_with_emr_traj,engine,45.1899986267,504.61932373,11.1046876907,167,-9.45321178436,4.95175600052,34.5481262207,7.16143751144,4.29742765427,0.649831771851,1
1539875546780686184,111.563292608,carbonZ_2018-10-18-11-06-06_engine_failure_with_emr_traj,engine,45.1899986267,504.61932373,11.1046876907,167,-9.45321178436,4.95175600052,34.5481262207,7.16219186783,4.23871326447,0.718684494495,1
1539875546846631144,111.629237568,carbonZ_2018-10-18-11-06-06_engine_failure_with_emr_traj,engine,45.2799987793,505.61932373,10.8176002502,166,-9.45321178436,4.95175600052,34.5481262207,7.15790939331,4.15512657166,0.834824919701,1
1539875546901827080,111.684433504,carbonZ_2018-10-18-11-06-06_engine_failure_with_emr_traj,engine,45.2799987793,505.61932373,10.8176002502,166,-9.45321178436,4.95175600052,34.5481262207,7.15162706375,4.07357788086,0.989288151264,1
1539875546950770664,111.733377088,carbonZ_2018-10-18-11-06-06_engine_failure_with_emr_traj,engine,45.2799987793,505.61932373,10.8176002502,166,-9.45321178436,4.95175600052,34.5481262207,7.15212440491,4.04337263107,1.02158403397,1
1539875546984996744,111.767603168,carbonZ_2018-10-18-11-06-06_engine_failure_with_emr_traj,engine,45.3799972534,512.909484863,10.4970941544,166,-9.45321178436,4.95175600052,34.5481262207,7.1659989357,3.91957616806,1.12553417683,1
1539875547036445512,111.819051936,carbonZ_2018-10-18-11-06-06_engine_failure_with_emr_traj,engine,45.5099983215,511.909484863,10.2283477783,165,-9.97052001953,3.82657599449,27.611158371,7.17196416855,3.88899159431,1.14170670509,1
1539875547082628680,111.865235104,carbonZ_2018-10-18-11-06-06_engine_failure_with_emr_traj,engine,45.5099983215,511.909484863,10.2283477783,165,-9.97052001953,3.82657599449,27.611158371,7.19487285614,3.78151011467,1.17438042164,1
1539875547142158120,111.924764544,carbonZ_2018-10-18-11-06-06_engine_failure_with_emr_traj,engine,45.6499977112,538.395141602,10.0369853973,165,-9.97052001953,3.82657599449,27.611158371,7.21182060242,3.70479869843,1.19614684582,1
1539875547210901480,111.993507904,carbonZ_2018-10-18-11-06-06_engine_failure_with_emr_traj,engine,45.6499977112,538.395141602,10.0369853973,165,-9.97052001953,3.82657599449,27.611158371,7.24552822113,3.53728675842,1.24630653858,1
1539875547245223400,112.027829824,carbonZ_2018-10-18-11-06-06_engine_failure_with_emr_traj,engine,45.7999992371,538.395141602,9.78986263275,164,-9.97052001953,3.82657599449,27.611158371,7.26169872284,3.45126676559,1.25403213501,1
1539875547283725864,112.066332288,carbonZ_2018-10-18-11-06-06_engine_failure_with_emr_traj,engine,45.7999992371,538.395141602,9.78986263275,164,-9.97052001953,3.82657599449,27.611158371,7.28080558777,3.32661437988,1.29287946224,1
1539875547337587048,112.120193472,carbonZ_2018-10-18-11-06-06_engine_failure_with_emr_traj,engine,45.7999992371,538.395141602,9.78986263275,164,-9.97052001953,3.82657599449,27.611158371,7.28572416306,3.28236556053,1.30011630058,1
1539875547362355528,112.144961952,carbonZ_2018-10-18-11-06-06_engine_failure_with_emr_traj,engine,45.9500007629,541.442993164,9.66973400116,164,-9.97052001953,3.82657599449,27.611158371,7.28572416306,3.28236556053,1.30011630058,1
1539875547408754440,112.191360864,carbonZ_2018-10-18-11-06-06_engine_failure_with_emr_traj,engine,45.9500007629,541.442993164,9.66973400116,164,-9.96447563171,5.17091846466,20.7645339966,7.29989528656,3.0890827179,1.39909780025,1
1539875547476252968,112.258859392,carbonZ_2018-10-18-11-06-06_engine_failure_with_emr_traj,engine,46.0999984741,541.442993164,9.58827877045,163,-9.96447563171,5.17091846466,20.7645339966,7.30423355103,2.98236107826,1.45144939423,1
1539875547537972968,112.320579392,carbonZ_2018-10-18-11-06-06_engine_failure_with_emr_traj,engine,46.2700004578,555.95300293,9.52508449554,163,-9.96447563171,5.17091846466,20.7645339966,7.3065867424,2.91281461716,1.47191214561,1
1539875547578060744,112.360667168,carbonZ_2018-10-18-11-06-06_engine_failure_with_emr_traj,engine,46.2700004578,555.95300293,9.52508449554,163,-9.96447563171,5.17091846466,20.7645339966,7.3049454689,2.81072425842,1.48871994019,1
1539875547632822376,112.4154288,carbonZ_2018-10-18-11-06-06_engine_failure_with_emr_traj,engine,46.2700004578,555.95300293,9.52508449554,163,-9.96447563171,5.17091846466,20.7645339966,7.30405235291,2.74345993996,1.50430321693,1
1539875547647784968,112.430391392,carbonZ_2018-10-18-11-06-06_engine_failure_with_emr_traj,engine,46.4399986267,555.95300293,9.48976993561,162,-9.96447563171,5.17091846466,20.7645339966,7.30405235291,2.74345993996,1.50430321693,1
1539875547697767592,112.480374016,carbonZ_2018-10-18-11-06-06_engine_failure_with_emr_traj,engine,46.4399986267,555.95300293,9.48976993561,162,-9.96447563171,5.17091846466,20.7645339966,7.30389881134,2.64503788948,1.52147722244,1
1539875547739880648,112.522487072,carbonZ_2018-10-18-11-06-06_engine_failure_with_emr_traj,engine,46.6100006104,569.991882324,9.46268749237,162,-9.96447563171,5.17091846466,20.7645339966,7.30324649811,2.57706594467,1.55925166607,1
1539875547810273032,112.592879456,carbonZ_2018-10-18-11-06-06_engine_failure_with_emr_traj,engine,46.6100006104,569.991882324,9.46268749237,162,-9.96447563171,5.17091846466,20.7645339966,7.29743099213,2.4485373497,1.62318241596,1
1539875547837926376,112.6205328,carbonZ_2018-10-18-11-06-06_engine_failure_with_emr_traj,engine,46.6100006104,569.991882324,9.46268749237,162,-6.08462429047,5.42974948883,15.6901483536,7.29743099213,2.4485373497,1.62318241596,1
1539875547896621352,112.679227776,carbonZ_2018-10-18-11-06-06_engine_failure_with_emr_traj,engine,46.7899971008,569.991882324,9.46822738647,161,-6.08462429047,5.42974948883,15.6901483536,7.29888486862,2.31707906723,1.66766571999,1
1539875547944517512,112.727123936,carbonZ_2018-10-18-11-06-06_engine_failure_with_emr_traj,engine,46.9799995422,587.170776367,9.46720123291,161,-6.08462429047,5.42974948883,15.6901483536,7.30031728745,2.24326562881,1.6855275631,1
1539875548024588200,112.807194624,carbonZ_2018-10-18-11-06-06_engine_failure_with_emr_traj,engine,46.9799995422,587.170776367,9.46720123291,161,-6.08462429047,5.42974948883,15.6901483536,7.29710912704,2.08169054985,1.80493283272,1
1539875548082952744,112.865559168,carbonZ_2018-10-18-11-06-06_engine_failure_with_emr_traj,engine,47.1699981689,586.170776367,9.50536632538,161,-6.08462429047,5.42974948883,15.6901483536,7.29960632324,1.98225593567,1.89854252338,1
1539875548155632136,112.93823856,carbonZ_2018-10-18-11-06-06_engine_failure_with_emr_traj,engine,47.3799972534,583.909423828,9.5461063385,160,-7.77675676346,3.6414077282,15.3076629639,7.30047798157,1.89844882488,2.03479862213,1
1539875548186113256,112.96871968,carbonZ_2018-10-18-11-06-06_engine_failure_with_emr_traj,engine,47.3799972534,583.909423828,9.5461063385,160,-7.77675676346,3.6414077282,15.3076629639,7.30161952972,1.82763659954,2.17498803139,1
1539875548226412552,113.009018976,carbonZ_2018-10-18-11-06-06_engine_failure_with_emr_traj,engine,47.3799972534,583.909423828,9.5461063385,160,-7.77675676346,3.6414077282,15.3076629639,7.30082654953,1.80736279488,2.21371483803,1
1539875548283671080,113.066277504,carbonZ_2018-10-18-11-06-06_engine_failure_with_emr_traj,engine,47.6100006104,583.909423828,9.6118106842,160,-7.77675676346,3.6414077282,15.3076629639,7.29831838608,1.76819849014,2.35900759697,1
1539875548328945064,113.111551488,carbonZ_2018-10-18-11-06-06_engine_failure_with_emr_traj,engine,47.8699989319,599.992736816,9.68043231964,160,-7.77675676346,3.6414077282,15.3076629639,7.30132389069,1.73684310913,2.47942304611,1
1539875548388361160,113.170967584,carbonZ_2018-10-18-11-06-06_engine_failure_with_emr_traj,engine,47.8699989319,599.992736816,9.68043231964,160,-7.77675676346,3.6414077282,15.3076629639,7.30681753159,1.73005616665,2.52157449722,1
1539875548418088712,113.200695136,carbonZ_2018-10-18-11-06-06_engine_failure_with_emr_traj,engine,47.8699989319,599.992736816,9.68043231964,160,-0.41191765666,0.819437086582,16.4816703796,7.30375242233,1.73056018353,2.58171844482,1
1539875548487889480,113.270495904,carbonZ_2018-10-18-11-06-06_engine_failure_with_emr_traj,engine,48.1399993896,599.992736816,9.74990940094,160,-0.41191765666,0.819437086582,16.4816703796,7.29262924194,1.74784767628,2.68292474747,1
1539875548539765320,113.322371744,carbonZ_2018-10-18-11-06-06_engine_failure_with_emr_traj,engine,48.4300003052,598.818603516,9.81127166748,159,-0.41191765666,0.819437086582,16.4816703796,7.28768062592,1.77373886108,2.71904277802,1
1539875548580123688,113.362730112,carbonZ_2018-10-18-11-06-06_engine_failure_with_emr_traj,engine,48.4300003052,598.818603516,9.81127166748,159,-0.41191765666,0.819437086582,16.4816703796,7.27832317352,1.83734095097,2.71577763557,1
1539875548623982856,113.40658928,carbonZ_2018-10-18-11-06-06_engine_failure_with_emr_traj,engine,48.4300003052,598.818603516,9.81127166748,159,-0.41191765666,0.819437086582,16.4816703796,7.27090644836,1.88828861713,2.71925926208,1
1539875548677551880,113.460158304,carbonZ_2018-10-18-11-06-06_engine_failure_with_emr_traj,engine,48.7299995422,598.818603516,9.86909770966,159,-0.41191765666,0.819437086582,16.4816703796,7.25395488739,1.97915518284,2.70955729485,1
1539875548745437448,113.528043872,carbonZ_2018-10-18-11-06-06_engine_failure_with_emr_traj,engine,49.0299987793,608.301757812,9.89394855499,159,-0.41191765666,0.819437086582,16.4816703796,7.22740364075,2.08257603645,2.67667841911,1
1539875548761431112,113.544037536,carbonZ_2018-10-18-11-06-06_engine_failure_with_emr_traj,engine,49.0299987793,608.301757812,9.89394855499,159,-0.41191765666,0.819437086582,16.4816703796,7.20721817017,2.15255308151,2.65037512779,1
1539875548849164776,113.6317712,carbonZ_2018-10-18-11-06-06_engine_failure_with_emr_traj,engine,49.3299980164,609.301757812,9.89909172058,158,-0.41191765666,0.819437086582,16.4816703796,7.17267274857,2.2603123188,2.60603523254,1
1539875548892299208,113.674905632,carbonZ_2018-10-18-11-06-06_engine_failure_with_emr_traj,engine,49.3299980164,609.301757812,9.89909172058,158,-0.41191765666,0.819437086582,16.4816703796,7.15007686615,2.32385373116,2.57366967201,1
1539875548936737864,113.719344288,carbonZ_2018-10-18-11-06-06_engine_failure_with_emr_traj,engine,49.3299980164,609.301757812,9.89909172058,158,12.5187616348,4.62771892548,15.5349617004,7.12180328369,2.38852953911,2.55090045929,1
1539875548982309768,113.764916192,carbonZ_2018-10-18-11-06-06_engine_failure_with_emr_traj,engine,49.6100006104,603.906921387,9.89828968048,158,12.5187616348,4.62771892548,15.5349617004,7.07214403152,2.47129487991,2.519749403,1
1539875549052623240,113.835229664,carbonZ_2018-10-18-11-06-06_engine_failure_with_emr_traj,engine,49.8899993896,603.906921387,9.87143325806,158,12.5187616348,4.62771892548,15.5349617004,7.01907110214,2.53430509567,2.51199007034,1
1539875549068965288,113.851571712,carbonZ_2018-10-18-11-06-06_engine_failure_with_emr_traj,engine,49.8899993896,603.906921387,9.87143325806,158,12.5187616348,4.62771892548,15.5349617004,6.99917459488,2.56385445595,2.52077770233,1
1539875549102415080,113.885021504,carbonZ_2018-10-18-11-06-06_engine_failure_with_emr_traj,engine,49.8899993896,603.906921387,9.87143325806,158,12.5187616348,4.62771892548,15.5349617004,6.96937084198,2.59055542946,2.52216124535,1
1539875549200043784,113.982650208,carbonZ_2018-10-18-11-06-06_engine_failure_with_emr_traj,engine,50.1699981689,604.559020996,9.83086776733,157,12.5187616348,4.62771892548,15.5349617004,6.9076051712,2.65630149841,2.55455613136,1
1539875549214324008,113.996930432,carbonZ_2018-10-18-11-06-06_engine_failure_with_emr_traj,engine,50.1699981689,604.559020996,9.83086776733,157,12.5187616348,4.62771892548,15.5349617004,6.89273691177,2.66847658157,2.56000137329,1
1539875549279785928,114.062392352,carbonZ_2018-10-18-11-06-06_engine_failure_with_emr_traj,engine,50.4500007629,603.559020996,9.7944688797,157,12.5187616348,4.62771892548,15.5349617004,6.85831737518,2.68957829475,2.6655921936,1
1539875549313256232,114.095862656,carbonZ_2018-10-18-11-06-06_engine_failure_with_emr_traj,engine,50.4500007629,603.559020996,9.7944688797,157,12.5187616348,4.62771892548,15.5349617004,6.85297060013,2.69894266129,2.70811271667,1
1539875549375425352,114.158031776,carbonZ_2018-10-18-11-06-06_engine_failure_with_emr_traj,engine,50.7399978638,610.564819336,9.7439622879,157,6.65429782867,3.09764361382,16.4321422577,6.84822177887,2.71687698364,2.82713866234,1
1539875549413060456,114.19566688,carbonZ_2018-10-18-11-06-06_engine_failure_with_emr_traj,engine,50.7399978638,610.564819336,9.7439622879,157,6.65429782867,3.09764361382,16.4321422577,6.85475730896,2.71327733994,2.92720866203,1
1539875549423671304,114.206277728,carbonZ_2018-10-18-11-06-06_engine_failure_with_emr_traj,engine,50.7399978638,610.564819336,9.7439622879,157,6.65429782867,3.09764361382,16.4321422577,6.86018705368,2.71738529205,2.96740102768,1
1539875549483249672,114.265856096,carbonZ_2018-10-18-11-06-06_engine_failure_with_emr_traj,engine,51.0399971008,610.564819336,9.69990730286,156,6.65429782867,3.09764361382,16.4321422577,6.8850684166,2.72966480255,3.10224723816,1
1539875549544828040,114.327434464,carbonZ_2018-10-18-11-06-06_engine_failure_with_emr_traj,engine,51.3699989319,610.357543945,9.65928268433,156,6.65429782867,3.09764361382,16.4321422577,6.9398150444,2.75648641586,3.21292996407,1
1539875549586916424,114.369522848,carbonZ_2018-10-18-11-06-06_engine_failure_with_emr_traj,engine,51.3699989319,610.357543945,9.65928268433,156,6.65429782867,3.09764361382,16.4321422577,6.95224428177,2.75355029106,3.2583937645,1
1539875549625457576,114.408064,carbonZ_2018-10-18-11-06-06_engine_failure_with_emr_traj,engine,51.3699989319,610.357543945,9.65928268433,156,6.65429782867,3.09764361382,16.4321422577,6.97730493546,2.76432585716,3.34278273582,1
1539875549682467112,114.465073536,carbonZ_2018-10-18-11-06-06_engine_failure_with_emr_traj,engine,51.719997406,611.35760498,9.62534236908,156,6.65429782867,3.09764361382,16.4321422577,7.04370689392,2.79135966301,3.50477600098,1
1539875549781163240,114.563769664,carbonZ_2018-10-18-11-06-06_engine_failure_with_emr_traj,engine,52.0799980164,596.726135254,9.58368587494,155,3.7637526989,-5.17267131805,20.3076000214,7.13300275803,2.81525206566,3.64060401917,1
1539875549838734920,114.621341344,carbonZ_2018-10-18-11-06-06_engine_failure_with_emr_traj,engine,52.0799980164,596.726135254,9.58368587494,155,3.7637526989,-5.17267131805,20.3076000214,7.17357969284,2.83717799187,3.70923233032,1
1539875549894686088,114.677292512,carbonZ_2018-10-18-11-06-06_engine_failure_with_emr_traj,engine,52.469997406,595.726135254,9.54146385193,155,3.7637526989,-5.17267131805,20.3076000214,7.24172306061,2.86751389503,3.7917239666,1
1539875549926740456,114.70934688,carbonZ_2018-10-18-11-06-06_engine_failure_with_emr_traj,engine,52.8699989319,583.633911133,9.50523662567,155,3.7637526989,-5.17267131805,20.3076000214,7.3177485466,2.90141057968,3.84937357903,1
1539875550000855624,114.783462048,carbonZ_2018-10-18-11-06-06_engine_failure_with_emr_traj,engine,52.8699989319,583.633911133,9.50523662567,155,3.7637526989,-5.17267131805,20.3076000214,7.40025949478,2.93753027916,3.8658850193,1
1539875550043455592,114.826062016,carbonZ_2018-10-18-11-06-06_engine_failure_with_emr_traj,engine,53.2799987793,582.633850098,9.46969890594,154,3.7637526989,-5.17267131805,20.3076000214,7.44670057297,2.96654248238,3.88509106636,1
1539875550100094440,114.882700864,carbonZ_2018-10-18-11-06-06_engine_failure_with_emr_traj,engine,53.2799987793,582.633850098,9.46969890594,154,2.58064222336,-5.52205753326,24.2385959625,7.51695013046,3.0117855072,3.90391087532,1
1539875550139711208,114.922317632,carbonZ_2018-10-18-11-06-06_engine_failure_with_emr_traj,engine,53.6899986267,561.130493164,9.42507362366,154,2.58064222336,-5.52205753326,24.2385959625,7.5367026329,3.03636837006,3.91197490692,1
1539875550174147368,114.956753792,carbonZ_2018-10-18-11-06-06_engine_failure_with_emr_traj,engine,53.6899986267,561.130493164,9.42507362366,154,2.58064222336,-5.52205753326,24.2385959625,7.60031700134,3.09451270103,3.88905215263,1
1539875550227472232,115.010078656,carbonZ_2018-10-18-11-06-06_engine_failure_with_emr_traj,engine,53.6899986267,561.130493164,9.42507362366,154,2.58064222336,-5.52205753326,24.2385959625,7.6343255043,3.13948059082,3.87764453888,1
1539875550286091944,115.068698368,carbonZ_2018-10-18-11-06-06_engine_failure_with_emr_traj,engine,54.1100006104,561.130493164,9.37907409668,154,2.58064222336,-5.52205753326,24.2385959625,7.67969465256,3.20944857597,3.86220407486,1
1539875550334419432,115.117025856,carbonZ_2018-10-18-11-06-06_engine_failure_with_emr_traj,engine,54.1100006104,561.130493164,9.37907409668,154,2.58064222336,-5.52205753326,24.2385959625,7.72416400909,3.29051756859,3.84532785416,1
1539875550393772712,115.176379136,carbonZ_2018-10-18-11-06-06_engine_failure_with_emr_traj,engine,54.5200004578,529.040527344,9.32056999207,153,2.58064222336,-5.52205753326,24.2385959625,7.74488735199,3.35803580284,3.82259535789,1
1539875550427565256,115.21017168,carbonZ_2018-10-18-11-06-06_engine_failure_with_emr_traj,engine,54.5200004578,529.040527344,9.32056999207,153,2.58064222336,-5.52205753326,24.2385959625,7.77160835266,3.39977264404,3.84265851974,1
1539875550553093608,115.335700032,carbonZ_2018-10-18-11-06-06_engine_failure_with_emr_traj,engine,55.3299980164,508.754150391,9.14258670807,152,9.00648021698,-5.11681318283,25.6210594177,7.85105133057,3.59972786903,3.89453172684,1
1539875550602225832,115.384832256,carbonZ_2018-10-18-11-06-06_engine_failure_with_emr_traj,engine,55.3299980164,508.754150391,9.14258670807,152,9.00648021698,-5.11681318283,25.6210594177,7.89731168747,3.70027160645,3.93993616104,1
1539875550647733736,115.43034016,carbonZ_2018-10-18-11-06-06_engine_failure_with_emr_traj,engine,55.7399978638,508.754150391,9.0522518158,152,9.00648021698,-5.11681318283,25.6210594177,7.93254232407,3.77496027946,3.9800965786,1
1539875550695558408,115.478164832,carbonZ_2018-10-18-11-06-06_engine_failure_with_emr_traj,engine,55.7399978638,508.754150391,9.0522518158,152,9.00648021698,-5.11681318283,25.6210594177,7.96441650391,3.83709287643,4.05159473419,1
1539875550745470056,115.52807648,carbonZ_2018-10-18-11-06-06_engine_failure_with_emr_traj,engine,56.1599998474,482.243347168,8.93488883972,151,10.8903303146,-9.09821224213,25.467546463,8.01755142212,3.94842219353,4.1378698349,1
1539875550762672520,115.545278944,carbonZ_2018-10-18-11-06-06_engine_failure_with_emr_traj,engine,56.1599998474,482.243347168,8.93488883972,151,10.8903303146,-9.09821224213,25.467546463,8.0584936142,4.0248374939,4.17221164703,1
1539875550847436136,115.63004256,carbonZ_2018-10-18-11-06-06_engine_failure_with_emr_traj,engine,56.5900001526,482.243347168,8.80684757233,151,10.8903303146,-9.09821224213,25.467546463,8.12013339996,4.15309619904,4.20712423325,1
1539875550887067784,115.669674208,carbonZ_2018-10-18-11-06-06_engine_failure_with_emr_traj,engine,56.5900001526,482.243347168,8.80684757233,151,10.8903303146,-9.09821224213,25.467546463,8.16597080231,4.24353790283,4.20164680481,1
1539875550939839912,115.722446336,carbonZ_2018-10-18-11-06-06_engine_failure_with_emr_traj,engine,56.5900001526,482.243347168,8.80684757233,151,10.8903303146,-9.09821224213,25.467546463,8.21062088013,4.3365778923,4.18399095535,1
1539875550988490024,115.771096448,carbonZ_2018-10-18-11-06-06_engine_failure_with_emr_traj,engine,57.0299987793,456.271453857,8.65354919434,151,10.8903303146,-9.09821224213,25.467546463,8.28562927246,4.47216272354,4.12941503525,1
1539875551025113256,115.80771968,carbonZ_2018-10-18-11-06-06_engine_failure_with_emr_traj,engine,57.0299987793,456.271453857,8.65354919434,151,7.39964675903,-7.43083667755,26.618303299,8.33857536316,4.5531373024,4.06608724594,1
1539875551101044040,115.883650464,carbonZ_2018-10-18-11-06-06_engine_failure_with_emr_traj,engine,57.4599990845,457.271484375,8.49436473846,150,7.39964675903,-7.43083667755,26.618303299,8.43365287781,4.70333528519,3.90218114853,1
1539875551148170120,115.930776544,carbonZ_2018-10-18-11-06-06_engine_failure_with_emr_traj,engine,57.8799972534,430.972015381,8.30661201477,150,7.39964675903,-7.43083667755,26.618303299,8.47116565704,4.76749706268,3.8058321476,1
1539875551179525352,115.962131776,carbonZ_2018-10-18-11-06-06_engine_failure_with_emr_traj,engine,57.8799972534,430.972015381,8.30661201477,150,7.39964675903,-7.43083667755,26.618303299,8.49996185303,4.83131694794,3.72005796432,1
1539875551205898152,115.988504576,carbonZ_2018-10-18-11-06-06_engine_failure_with_emr_traj,engine,57.8799972534,430.972015381,8.30661201477,150,7.39964675903,-7.43083667755,26.618303299,8.51190662384,4.85562515259,3.658680439,1
1539875551290874984,116.073481408,carbonZ_2018-10-18-11-06-06_engine_failure_with_emr_traj,engine,58.2700004578,431.972015381,8.1249704361,149,7.39964675903,-7.43083667755,26.618303299,8.54299354553,4.94995307922,3.54950833321,1
1539875551314907176,116.0975136,carbonZ_2018-10-18-11-06-06_engine_failure_with_emr_traj,engine,58.2700004578,431.972015381,8.1249704361,149,7.39964675903,-7.43083667755,26.618303299,8.55171298981,4.97339344025,3.52191400528,1
1539875551361516392,116.144122816,carbonZ_2018-10-18-11-06-06_engine_failure_with_emr_traj,engine,58.6399993896,388.711730957,7.93048095703,149,5.63200855255,-2.11642289162,27.4637756348,8.58805656433,5.05867862701,3.44781184196,1
1539875551431387528,116.213993952,carbonZ_2018-10-18-11-06-06_engine_failure_with_emr_traj,engine,58.6399993896,388.711730957,7.93048095703,149,5.63200855255,-2.11642289162,27.4637756348,8.60671234131,5.1014714241,3.40529918671,1
1539875551457125896,116.23973232,carbonZ_2018-10-18-11-06-06_engine_failure_with_emr_traj,engine,59.0,388.711730957,7.72621488571,148,5.63200855255,-2.11642289162,27.4637756348,8.62968826294,5.13924646378,3.36902236938,1
1539875551493272104,116.275878528,carbonZ_2018-10-18-11-06-06_engine_failure_with_emr_traj,engine,59.0,388.711730957,7.72621488571,148,5.63200855255,-2.11642289162,27.4637756348,8.64436626434,5.15394496918,3.33648610115,1
1539875551535976136,116.31858256,carbonZ_2018-10-18-11-06-06_engine_failure_with_emr_traj,engine,59.0,388.711730957,7.72621488571,148,5.63200855255,-2.11642289162,27.4637756348,8.67175197601,5.17982959747,3.29279732704,1
1539875551601638600,116.384245024,carbonZ_2018-10-18-11-06-06_engine_failure_with_emr_traj,engine,59.3499984741,364.719390869,7.51400947571,148,5.63200855255,-2.11642289162,27.4637756348,8.72330856323,5.22842121124,3.21953606606,1
1539875551705192136,116.48779856,carbonZ_2018-10-18-11-06-06_engine_failure_with_emr_traj,engine,59.6800003052,364.719390869,7.3046579361,147,3.83738684654,-3.33714985847,25.3710823059,8.81909942627,5.28373575211,3.10132098198,1
