timestamp_ns,time_sec,flight_id,fault_type,alt_error,aspd_error,xtrack_error,wp_dist,nav_roll,nav_pitch,nav_yaw,nav_x,nav_y,nav_z,label_anomaly
1536703528930102974,0.0,carbonZ_2018-09-11-17-55-30_2_left_aileron_failure,aileron,0.0499999970198,-466.723815918,-41.330619812,2,-1.1749869585,-2.80202746391,-78.9827423096,3.25803136826,-18.8234996796,0.626220107079,0
1536703528958266459,0.028163485,carbonZ_2018-09-11-17-55-30_2_left_aileron_failure,aileron,0.109999999404,-466.723815918,-39.4151115417,4,-1.1749869585,-2.80202746391,-78.9827423096,3.25658369064,-18.8274765015,0.671057879925,0
1536703529001651392,0.071548418,carbonZ_2018-09-11-17-55-30_2_left_aileron_failure,aileron,0.109999999404,-466.723815918,-39.4151115417,4,-1.1749869585,-2.80202746391,-78.9827423096,3.26821875572,-18.8317508698,0.783872485161,0
1536703529041642312,0.111539338,carbonZ_2018-09-11-17-55-30_2_left_aileron_failure,aileron,0.209999993443,-478.539672852,-37.5079574585,6,5.60379314423,-3.94709682465,-76.2508850098,3.3117120266,-18.8211631775,0.861661732197,0
1536703529124448927,0.194345953,carbonZ_2018-09-11-17-55-30_2_left_aileron_failure,aileron,0.209999993443,-478.539672852,-37.5079574585,6,5.60379314423,-3.94709682465,-76.2508850098,3.4021794796,-18.799905777,0.887326836586,0
1536703529143737937,0.213634963,carbonZ_2018-09-11-17-55-30_2_left_aileron_failure,aileron,0.319999992847,-478.539672852,-189.820083618,8,5.60379314423,-3.94709682465,-76.2508850098,3.43813347816,-18.7873268127,0.891623735428,0
1536703529205917744,0.27581477,carbonZ_2018-09-11-17-55-30_2_left_aileron_failure,aileron,0.319999992847,-478.539672852,-189.820083618,8,5.60379314423,-3.94709682465,-76.2508850098,3.56124448776,-18.7502212524,0.876102387905,0
1536703529252803787,0.322700813,carbonZ_2018-09-11-17-55-30_2_left_aileron_failure,aileron,0.42999997735,-371.228607178,-187.938949585,9,5.60379314423,-3.94709682465,-76.2508850098,3.66449379921,-18.7190074921,0.866429448128,0
1536703529305413807,0.375310833,carbonZ_2018-09-11-17-55-30_2_left_aileron_failure,aileron,0.42999997735,-371.228607178,-187.938949585,9,5.60379314423,-3.94709682465,-76.2508850098,3.84789061546,-18.6570930481,0.837994158268,0
1536703529348794481,0.418691507,carbonZ_2018-09-11-17-55-30_2_left_aileron_failure,aileron,0.519999980927,-371.228607178,-186.052108765,11,20.3126449585,-2.52288365364,-74.632019043,3.97271609306,-18.6188526154,0.810002326965,0
1536703529400177775,0.470074801,carbonZ_2018-09-11-17-55-30_2_left_aileron_failure,aileron,0.519999980927,-371.228607178,-186.052108765,11,20.3126449585,-2.52288365364,-74.632019043,4.17892360687,-18.5487155914,0.774091720581,0
1536703529442263916,0.512160942,carbonZ_2018-09-11-17-55-30_2_left_aileron_failure,aileron,0.610000014305,-377.83795166,-184.171035767,13,20.3126449585,-2.52288365364,-74.632019043,4.34016895294,-18.4948062897,0.72804826498,0
1536703529500669209,0.570566235,carbonZ_2018-09-11-17-55-30_2_left_aileron_failure,aileron,0.610000014305,-377.83795166,-184.171035767,13,20.3126449585,-2.52288365364,-74.632019043,4.59325790405,-18.4133815765,0.632148683071,0
1536703529568682464,0.63857949,carbonZ_2018-09-11-17-55-30_2_left_aileron_failure,aileron,0.669999957085,-377.83795166,-182.308349609,15,20.3126449585,-2.52288365364,-74.632019043,4.8678650856,-18.3217430115,0.513489663601,0
1536703529598944433,0.668841459,carbonZ_2018-09-11-17-55-30_2_left_aileron_failure,aileron,0.669999957085,-377.83795166,-182.308349609,15,20.3126449585,-2.52288365364,-74.632019043,5.13712644577,-18.2230186462,0.424767643213,0
1536703529662098908,0.731995934,carbonZ_2018-09-11-17-55-30_2_left_aileron_failure,aileron,0.709999978542,-385.380187988,-180.41242981,17,20.3126449585,-2.52288365364,-74.632019043,5.33414268494,-18.1577796936,0.349036335945,0
1536703529714765535,0.784662561,carbonZ_2018-09-11-17-55-30_2_left_aileron_failure,aileron,0.709999978542,-385.380187988,-180.41242981,17,20.3126449585,-2.52288365364,-74.632019043,5.54916238785,-18.0957946777,0.284399628639,0
1536703529811937357,0.881834383,carbonZ_2018-09-11-17-55-30_2_left_aileron_failure,aileron,0.729999959469,-385.380187988,-178.550994873,19,30.8735141754,1.27638232708,-71.8737258911,6.1128411293,-17.9096221924,0.0956941917539,0
1536703529847675117,0.917572143,carbonZ_2018-09-11-17-55-30_2_left_aileron_failure,aileron,0.729999959469,-396.257202148,-176.673538208,21,30.8735141754,1.27638232708,-71.8737258911,6.3625793457,-17.836107254,0.0100011527538,0
1536703529900857318,0.970754344,carbonZ_2018-09-11-17-55-30_2_left_aileron_failure,aileron,0.729999959469,-396.257202148,-176.673538208,21,30.8735141754,1.27638232708,-71.8737258911,6.76610565186,-17.7101993561,-0.120065033436,0
1536703529943003745,1.012900771,carbonZ_2018-09-11-17-55-30_2_left_aileron_failure,aileron,0.709999978542,-396.257202148,-174.798400879,23,30.8735141754,1.27638232708,-71.8737258911,7.03872919083,-17.6203975677,-0.190945729613,0
1536703530011660923,1.081557949,carbonZ_2018-09-11-17-55-30_2_left_aileron_failure,aileron,0.709999978542,-396.257202148,-174.798400879,23,30.8735141754,1.27638232708,-71.8737258911,7.43493366241,-17.4892463684,-0.273343533278,0
1536703530042088359,1.111985385,carbonZ_2018-09-11-17-55-30_2_left_aileron_failure,aileron,0.680000007153,-333.971801758,-172.903823853,24,36.1944313049,2.80163478851,-66.0906982422,7.70632886887,-17.3939609528,-0.344140559435,0
1536703530091393325,1.161290351,carbonZ_2018-09-11-17-55-30_2_left_aileron_failure,aileron,0.680000007153,-333.971801758,-172.903823853,24,36.1944313049,2.80163478851,-66.0906982422,8.13450050354,-17.2426795959,-0.478287518024,0
1536703530202554517,1.272451543,carbonZ_2018-09-11-17-55-30_2_left_aileron_failure,aileron,0.639999985695,-333.971801758,-171.048339844,26,36.1944313049,2.80163478851,-66.0906982422,9.10054302216,-16.8179359436,-0.859119951725,0
1536703530249925763,1.319822789,carbonZ_2018-09-11-17-55-30_2_left_aileron_failure,aileron,0.569999992847,-361.710754395,-169.189483643,28,36.1944313049,2.80163478851,-66.0906982422,9.26399612427,-16.7463035583,-0.907222390175,0
1536703530318063557,1.387960583,carbonZ_2018-09-11-17-55-30_2_left_aileron_failure,aileron,0.569999992847,-361.710754395,-169.189483643,28,36.1944313049,2.80163478851,-66.0906982422,9.72627830505,-16.5153045654,-1.04936850071,0
1536703530352182148,1.422079174,carbonZ_2018-09-11-17-55-30_2_left_aileron_failure,aileron,0.489999979734,-361.710754395,-167.330688477,30,36.1944313049,2.80163478851,-66.0906982422,10.0108909607,-16.3598022461,-1.11422121525,0
1536703530400943061,1.470840087,carbonZ_2018-09-11-17-55-30_2_left_aileron_failure,aileron,0.489999979734,-361.710754395,-167.330688477,30,36.1944313049,2.80163478851,-66.0906982422,10.5501365662,-16.0625324249,-1.1995319128,0
1536703530443565381,1.513462407,carbonZ_2018-09-11-17-55-30_2_left_aileron_failure,aileron,0.389999985695,-404.579345703,-165.504089355,32,36.1944313049,2.80163478851,-66.0906982422,10.6896305084,-15.9798612595,-1.2280882597,0
1536703530497586442,1.567483468,carbonZ_2018-09-11-17-55-30_2_left_aileron_failure,aileron,0.389999985695,-404.579345703,-165.504089355,32,40.2535934448,5.58986330032,-55.582069397,11.0920753479,-15.7251577377,-1.30386602879,0
1536703530562135509,1.632032535,carbonZ_2018-09-11-17-55-30_2_left_aileron_failure,aileron,0.280000001192,-404.579345703,-163.681015015,34,40.2535934448,5.58986330032,-55.582069397,11.3547639847,-15.5349912643,-1.36626338959,0
1536703530594428442,1.664325468,carbonZ_2018-09-11-17-55-30_2_left_aileron_failure,aileron,0.280000001192,-404.579345703,-163.681015015,34,40.2535934448,5.58986330032,-55.582069397,11.7651548386,-15.2216310501,-1.48408031464,0
1536703530688729663,1.758626689,carbonZ_2018-09-11-17-55-30_2_left_aileron_failure,aileron,0.159999996424,-403.032684326,-161.909683228,35,40.2535934448,5.58986330032,-55.582069397,12.3140163422,-14.7998189926,-1.61722362041,0
1536703530743771823,1.813668849,carbonZ_2018-09-11-17-55-30_2_left_aileron_failure,aileron,0.0299999993294,-403.032684326,-160.153305054,37,40.2535934448,5.58986330032,-55.582069397,12.7128553391,-14.4653425217,-1.69734144211,0
1536703530813537198,1.883434224,carbonZ_2018-09-11-17-55-30_2_left_aileron_failure,aileron,0.0299999993294,-403.032684326,-160.153305054,37,40.2535934448,5.58986330032,-55.582069397,13.1080093384,-14.1019496918,-1.78845632076,0
1536703530848350496,1.918247522,carbonZ_2018-09-11-17-55-30_2_left_aileron_failure,aileron,-0.119999997318,-431.625366211,-158.460144043,39,41.8167304993,6.74077939987,-47.0166969299,13.5152454376,-13.6968336105,-1.93078148365,0
1536703530898426134,1.96832316,carbonZ_2018-09-11-17-55-30_2_left_aileron_failure,aileron,-0.119999997318,-431.625366211,-158.460144043,39,41.8167304993,6.74077939987,-47.0166969299,13.7881736755,-13.3975992203,-2.06641197205,0
1536703530931535210,2.001432236,carbonZ_2018-09-11-17-55-30_2_left_aileron_failure,aileron,-0.280000001192,-431.625366211,-156.786575317,41,41.8167304993,6.74077939987,-47.0166969299,13.9281101227,-13.2564544678,-2.13064646721,0
1536703531000733653,2.070630679,carbonZ_2018-09-11-17-55-30_2_left_aileron_failure,aileron,-0.280000001192,-431.625366211,-156.786575317,41,41.8167304993,6.74077939987,-47.0166969299,14.4142904282,-12.6376285553,-2.38900399208,0
1536703531045308987,2.115206013,carbonZ_2018-09-11-17-55-30_2_left_aileron_failure,aileron,-0.489999979734,-448.125274658,-155.192306519,42,41.8167304993,6.74077939987,-47.0166969299,14.7463541031,-12.1742362976,-2.59567642212,0
1536703531132089431,2.201986457,carbonZ_2018-09-11-17-55-30_2_left_aileron_failure,aileron,-0.489999979734,-448.125274658,-155.192306519,42,41.8167304993,6.74077939987,-47.0166969299,15.0667552948,-11.6887426376,-2.8560025692,0
1536703531156506718,2.226403744,carbonZ_2018-09-11-17-55-30_2_left_aileron_failure,aileron,-0.719999969006,-448.125274658,-153.645126343,44,41.8167304993,6.74077939987,-47.0166969299,15.1572084427,-11.5153980255,-2.9471373558,0
1536703531205590790,2.275487816,carbonZ_2018-09-11-17-55-30_2_left_aileron_failure,aileron,-0.719999969006,-448.125274658,-153.645126343,44,38.3948936462,10.8001909256,-37.9415969849,15.513718605,-10.8484115601,-3.29099202156,0
1536703531236105966,2.306002992,carbonZ_2018-09-11-17-55-30_2_left_aileron_failure,aileron,-1.01999998093,-450.638397217,-152.184173584,45,38.3948936462,10.8001909256,-37.9415969849,15.6023330688,-10.6744346619,-3.38483953476,0
1536703531315466148,2.385363174,carbonZ_2018-09-11-17-55-30_2_left_aileron_failure,aileron,-1.01999998093,-450.638397217,-152.184173584,45,38.3948936462,10.8001909256,-37.9415969849,15.9594249725,-9.87359237671,-3.75400114059,0
1536703531369233899,2.439130925,carbonZ_2018-09-11-17-55-30_2_left_aileron_failure,aileron,-1.33999991417,-450.638397217,-150.770339966,47,38.3948936462,10.8001909256,-37.9415969849,15.9594249725,-9.87359237671,-3.75400114059,0
1536703531404917737,2.474814763,carbonZ_2018-09-11-17-55-30_2_left_aileron_failure,aileron,-1.33999991417,-450.638397217,-150.770339966,47,38.3948936462,10.8001909256,-37.9415969849,16.1213550568,-9.42249679565,-3.94747114182,0
1536703531452440465,2.522337491,carbonZ_2018-09-11-17-55-30_2_left_aileron_failure,aileron,-1.73000001907,-445.425994873,-149.452987671,49,38.3948936462,10.8001909256,-37.9415969849,16.2156009674,-9.15305423737,-4.03145647049,0
1536703531500798504,2.57069553,carbonZ_2018-09-11-17-55-30_2_left_aileron_failure,aileron,-1.73000001907,-445.425994873,-149.452987671,49,31.8504829407,11.6809492111,-32.0543899536,16.3337974548,-8.83163356781,-4.04794359207,0
1536703531561024074,2.6309211,carbonZ_2018-09-11-17-55-30_2_left_aileron_failure,aileron,-2.11999988556,-445.425994873,-148.165512085,50,31.8504829407,11.6809492111,-32.0543899536,16.4131755829,-8.51830387115,-4.0814781189,0
1536703531596273840,2.666170866,carbonZ_2018-09-11-17-55-30_2_left_aileron_failure,aileron,-2.11999988556,-445.425994873,-148.165512085,50,31.8504829407,11.6809492111,-32.0543899536,16.4632968903,-8.20724201202,-4.18102169037,0
1536703531639307606,2.709204632,carbonZ_2018-09-11-17-55-30_2_left_aileron_failure,aileron,-2.53999996185,-427.892486572,-146.957275391,51,31.8504829407,11.6809492111,-32.0543899536,16.4926719666,-8.01965236664,-4.2535700798,0
1536703531695768869,2.765665895,carbonZ_2018-09-11-17-55-30_2_left_aileron_failure,aileron,-2.53999996185,-427.892486572,-146.957275391,51,31.8504829407,11.6809492111,-32.0543899536,16.5047855377,-7.85771036148,-4.29243421555,0
1536703531760690502,2.830587528,carbonZ_2018-09-11-17-55-30_2_left_aileron_failure,aileron,-2.97000002861,-427.892486572,-145.758239746,53,31.8504829407,11.6809492111,-32.0543899536,16.5059738159,-7.62964820862,-4.35936164856,0
1536703531800534221,2.870431247,carbonZ_2018-09-11-17-55-30_2_left_aileron_failure,aileron,-2.97000002861,-427.892486572,-145.758239746,53,31.8504829407,11.6809492111,-32.0543899536,16.4882507324,-7.40563249588,-4.47501039505,0
1536703531869082467,2.938979493,carbonZ_2018-09-11-17-55-30_2_left_aileron_failure,aileron,-3.42999982834,-427.209289551,-144.609725952,54,31.8504829407,11.6809492111,-32.0543899536,16.4737205505,-7.2570233345,-4.59108018875,0
1536703531931933390,3.001830416,carbonZ_2018-09-11-17-55-30_2_left_aileron_failure,aileron,-3.88999986649,-427.209289551,-143.473846436,56,31.8504829407,11.6809492111,-32.0543899536,16.4410438538,-7.05873060226,-4.75125360489,0
1536703531963898616,3.033795642,carbonZ_2018-09-11-17-55-30_2_left_aileron_failure,aileron,-3.88999986649,-427.209289551,-143.473846436,56,15.7534894943,13.2240066528,-27.1648330688,16.3784427643,-6.90363931656,-4.85939121246,0
1536703532020225642,3.090122668,carbonZ_2018-09-11-17-55-30_2_left_aileron_failure,aileron,-3.88999986649,-427.209289551,-143.473846436,56,15.7534894943,13.2240066528,-27.1648330688,16.342666626,-6.82458353043,-4.88155651093,0
1536703532042227233,3.112124259,carbonZ_2018-09-11-17-55-30_2_left_aileron_failure,aileron,-4.38999986649,-404.40234375,-142.36781311,57,15.7534894943,13.2240066528,-27.1648330688,16.3237228394,-6.78614664078,-4.9013261795,0
1536703532103608552,3.173505578,carbonZ_2018-09-11-17-55-30_2_left_aileron_failure,aileron,-4.38999986649,-404.40234375,-142.36781311,57,15.7534894943,13.2240066528,-27.1648330688,16.2751960754,-6.68926668167,-4.93479061127,0
1536703532129509135,3.199406161,carbonZ_2018-09-11-17-55-30_2_left_aileron_failure,aileron,-4.38999986649,-404.40234375,-142.36781311,57,15.7534894943,13.2240066528,-27.1648330688,16.2530441284,-6.66669893265,-4.92900466919,0
1536703532186539280,3.256436306,carbonZ_2018-09-11-17-55-30_2_left_aileron_failure,aileron,-4.88999986649,-404.40234375,-141.262924194,59,15.7534894943,13.2240066528,-27.1648330688,16.105884552,-6.55232572556,-5.04911327362,0
1536703532244959252,3.314856278,carbonZ_2018-09-11-17-55-30_2_left_aileron_failure,aileron,-5.40999984741,-383.509643555,-140.171798706,60,15.7534894943,13.2240066528,-27.1648330688,16.0773410797,-6.53830575943,-5.04810762405,0
1536703532308045143,3.377942169,carbonZ_2018-09-11-17-55-30_2_left_aileron_failure,aileron,-5.40999984741,-383.509643555,-140.171798706,60,15.7534894943,13.2240066528,-27.1648330688,15.981803894,-6.50021696091,-5.1376914978,0
1536703532338901495,3.408798521,carbonZ_2018-09-11-17-55-30_2_left_aileron_failure,aileron,-5.92000007629,-383.509643555,-139.100189209,61,15.7534894943,13.2240066528,-27.1648330688,15.8540496826,-6.47737169266,-5.28148365021,0
1536703532414625077,3.484522103,carbonZ_2018-09-11-17-55-30_2_left_aileron_failure,aileron,-5.92000007629,-383.509643555,-139.100189209,61,3.51557636261,14.2936029434,-25.3558521271,15.709526062,-6.4560303688,-5.46449804306,0
1536703532447684007,3.517581033,carbonZ_2018-09-11-17-55-30_2_left_aileron_failure,aileron,-6.46999979019,-366.011993408,-138.007904053,63,3.51557636261,14.2936029434,-25.3558521271,15.709526062,-6.4560303688,-5.46449804306,0
1536703532523250087,3.593147113,carbonZ_2018-09-11-17-55-30_2_left_aileron_failure,aileron,-6.46999979019,-366.011993408,-138.007904053,63,3.51557636261,14.2936029434,-25.3558521271,15.5295114517,-6.43566322327,-5.6684346199,0
1536703532559468408,3.629365434,carbonZ_2018-09-11-17-55-30_2_left_aileron_failure,aileron,-7.01999998093,-366.011993408,-136.927078247,64,3.51557636261,14.2936029434,-25.3558521271,15.3817043304,-6.4419131279,-5.78782510757,0
1536703532613858576,3.683755602,carbonZ_2018-09-11-17-55-30_2_left_aileron_failure,aileron,-7.01999998093,-366.011993408,-136.927078247,64,3.51557636261,14.2936029434,-25.3558521271,15.2324037552,-6.46284198761,-5.88256025314,0
1536703532650748691,3.720645717,carbonZ_2018-09-11-17-55-30_2_left_aileron_failure,aileron,-7.60999965668,-342.510986328,-135.858840942,66,3.51557636261,14.2936029434,-25.3558521271,15.180267334,-6.46980810165,-5.9074215889,0
1536703532716767385,3.786664411,carbonZ_2018-09-11-17-55-30_2_left_aileron_failure,aileron,-7.60999965668,-342.510986328,-135.858840942,66,-1.35352027416,16.3368053436,-25.2188930511,15.0488300323,-6.48943281174,-5.96008491516,0
1536703532753234981,3.823132007,carbonZ_2018-09-11-17-55-30_2_left_aileron_failure,aileron,-8.19999980927,-342.510986328,-134.772247314,67,-1.35352027416,16.3368053436,-25.2188930511,14.9671220779,-6.51547431946,-5.96134710312,0
1536703532793569920,3.863466946,carbonZ_2018-09-11-17-55-30_2_left_aileron_failure,aileron,-8.19999980927,-342.510986328,-134.772247314,67,-1.35352027416,16.3368053436,-25.2188930511,14.7720937729,-6.56264829636,-6.01583051682,0
1536703532844719803,3.914616829,carbonZ_2018-09-11-17-55-30_2_left_aileron_failure,aileron,-8.80999946594,-295.81451416,-133.694793701,69,-1.35352027416,16.3368053436,-25.2188930511,14.7310647964,-6.57715320587,-6.01847648621,0
1536703532932157445,4.002054471,carbonZ_2018-09-11-17-55-30_2_left_aileron_failure,aileron,-8.80999946594,-295.81451416,-133.694793701,69,-1.35352027416,16.3368053436,-25.2188930511,14.5630750656,-6.6354060173,-6.04557800293,0
1536703532950572039,4.020469065,carbonZ_2018-09-11-17-55-30_2_left_aileron_failure,aileron,-9.40999984741,-295.81451416,-132.609313965,70,-1.35352027416,16.3368053436,-25.2188930511,14.5030136108,-6.65360641479,-6.05948162079,0
1536703533003577628,4.073474654,carbonZ_2018-09-11-17-55-30_2_left_aileron_failure,aileron,-9.40999984741,-295.81451416,-132.609313965,70,-1.35352027416,16.3368053436,-25.2188930511,14.3519277573,-6.70254278183,-6.09543132782,0
1536703533061275084,4.13117211,carbonZ_2018-09-11-17-55-30_2_left_aileron_failure,aileron,-10.0100002289,-273.153320312,-131.518066406,71,-1.35352027416,16.3368053436,-25.2188930511,14.2203454971,-6.74240732193,-6.11421060562,0
1536703533109313061,4.179210087,carbonZ_2018-09-11-17-55-30_2_left_aileron_failure,aileron,-10.0100002289,-273.153320312,-131.518066406,71,-1.35352027416,16.3368053436,-25.2188930511,14.1382875443,-6.76737833023,-6.13432884216,0
1536703533172652065,4.242549091,carbonZ_2018-09-11-17-55-30_2_left_aileron_failure,aileron,-10.6199998856,-273.153320312,-130.426803589,73,-4.45330619812,17.8903064728,-26.4135513306,13.9841470718,-6.81766700745,-6.19299888611,0
1536703533250420464,4.32031749,carbonZ_2018-09-11-17-55-30_2_left_aileron_failure,aileron,-11.2399997711,-233.327667236,-129.341262817,74,-4.45330619812,17.8903064728,-26.4135513306,13.7172031403,-6.91030168533,-6.37532234192,0
1536703533307134485,4.377031511,carbonZ_2018-09-11-17-55-30_2_left_aileron_failure,aileron,-11.2399997711,-233.327667236,-129.341262817,74,-4.45330619812,17.8903064728,-26.4135513306,13.4955444336,-7.00792837143,-6.5532989502,0
1536703533350860551,4.420757577,carbonZ_2018-09-11-17-55-30_2_left_aileron_failure,aileron,-11.8800001144,-233.327667236,-128.251113892,76,-4.45330619812,17.8903064728,-26.4135513306,13.3451442719,-7.08195161819,-6.66399097443,0
1536703533407384048,4.477281074,carbonZ_2018-09-11-17-55-30_2_left_aileron_failure,aileron,-11.8800001144,-233.327667236,-128.251113892,76,-4.45330619812,17.8903064728,-26.4135513306,13.1384420395,-7.1942243576,-6.74504995346,0
1536703533450208630,4.520105656,carbonZ_2018-09-11-17-55-30_2_left_aileron_failure,aileron,-12.5399999619,-205.798919678,-127.150596619,77,-4.45330619812,17.8903064728,-26.4135513306,13.0190410614,-7.27015066147,-6.76077461243,0
1536703533480604606,4.550501632,carbonZ_2018-09-11-17-55-30_2_left_aileron_failure,aileron,-12.5399999619,-205.798919678,-127.150596619,77,-8.61490535736,19.277425766,-28.3991394043,12.8398370743,-7.37346601486,-6.80467224121,0
1536703533521664744,4.59156177,carbonZ_2018-09-11-17-55-30_2_left_aileron_failure,aileron,-12.5399999619,-205.798919678,-127.150596619,77,-8.61490535736,19.277425766,-28.3991394043,12.7723083496,-7.4035487175,-6.83309078217,0
1536703533582686292,4.652583318,carbonZ_2018-09-11-17-55-30_2_left_aileron_failure,aileron,-13.2100000381,-205.798919678,-126.040878296,78,-8.61490535736,19.277425766,-28.3991394043,12.5863599777,-7.49112129211,-6.89439105988,0
1536703533598514378,4.668411404,carbonZ_2018-09-11-17-55-30_2_left_aileron_failure,aileron,-13.2100000381,-205.798919678,-126.040878296,78,-8.61490535736,19.277425766,-28.3991394043,12.5863599777,-7.49112129211,-6.89439105988,0
1536703533703897691,4.773794717,carbonZ_2018-09-11-17-55-30_2_left_aileron_failure,aileron,-13.9099998474,-150.595672607,-124.928817749,80,-8.61490535736,19.277425766,-28.3991394043,12.3045482635,-7.62151384354,-6.90687179565,0
1536703533765883955,4.835780981,carbonZ_2018-09-11-17-55-30_2_left_aileron_failure,aileron,-14.5999994278,-150.595672607,-123.80872345,81,-8.61490535736,19.277425766,-28.3991394043,12.228354454,-7.6551156044,-6.88901948929,0
1536703533783619554,4.85351658,carbonZ_2018-09-11-17-55-30_2_left_aileron_failure,aileron,-14.5999994278,-150.595672607,-123.80872345,81,-8.61490535736,19.277425766,-28.3991394043,12.228354454,-7.6551156044,-6.88901948929,0
1536703533816199677,4.886096703,carbonZ_2018-09-11-17-55-30_2_left_aileron_failure,aileron,-14.5999994278,-150.595672607,-123.80872345,81,-8.61490535736,19.277425766,-28.3991394043,12.0387105942,-7.69671344757,-6.90137243271,0
1536703533863711297,4.933608323,carbonZ_2018-09-11-17-55-30_2_left_aileron_failure,aileron,-15.279999733,-108.410263062,-122.686302185,83,-8.61490535736,19.277425766,-28.3991394043,11.9518432617,-7.71399450302,-6.92153072357,0
1536703533894243174,4.9641402,carbonZ_2018-09-11-17-55-30_2_left_aileron_failure,aileron,-15.279999733,-108.410263062,-122.686302185,83,-8.61490535736,19.277425766,-28.3991394043,11.8649377823,-7.72965574265,-6.92106103897,0
1536703533947065276,5.016962302,carbonZ_2018-09-11-17-55-30_2_left_aileron_failure,aileron,-15.9699993134,-108.410263062,-121.568466187,84,-2.79548883438,20.2339553833,-28.867559433,11.7816781998,-7.73223781586,-6.90869092941,0
1536703534022148322,5.092045348,carbonZ_2018-09-11-17-55-30_2_left_aileron_failure,aileron,-15.9699993134,-108.410263062,-121.568466187,84,-2.79548883438,20.2339553833,-28.867559433,11.6402101517,-7.74181175232,-6.79143428802,0
1536703534049886944,5.11978397,carbonZ_2018-09-11-17-55-30_2_left_aileron_failure,aileron,-16.6499996185,-86.890411377,-120.460945129,85,-2.79548883438,20.2339553833,-28.867559433,11.6161966324,-7.74030733109,-6.73773860931,0
1536703534101336400,5.171233426,carbonZ_2018-09-11-17-55-30_2_left_aileron_failure,aileron,-16.6499996185,-86.890411377,-120.460945129,85,-2.79548883438,20.2339553833,-28.867559433,11.5092430115,-7.72749710083,-6.63485145569,0
1536703534141719974,5.211617,carbonZ_2018-09-11-17-55-30_2_left_aileron_failure,aileron,-17.2999992371,-86.890411377,-119.361488342,87,-2.79548883438,20.2339553833,-28.867559433,11.4301576614,-7.70334815979,-6.59039735794,0
1536703534196061402,5.265958428,carbonZ_2018-09-11-17-55-30_2_left_aileron_failure,aileron,-17.2999992371,-86.890411377,-119.361488342,87,-2.79548883438,20.2339553833,-28.867559433,11.3058176041,-7.65939855576,-6.52822303772,0
1536703534305409523,5.375306549,carbonZ_2018-09-11-17-55-30_2_left_aileron_failure,aileron,-17.9499988556,-53.2802581787,-118.276916504,88,-2.79548883438,20.2339553833,-28.867559433,11.149471283,-7.61499071121,-6.26232481003,0
1536703534351179258,5.421076284,carbonZ_2018-09-11-17-55-30_2_left_aileron_failure,aileron,-18.5699996948,-53.2802581787,-117.203842163,89,-2.79548883438,20.2339553833,-28.867559433,11.036113739,-7.60736227036,-5.94310283661,0
1536703534422974017,5.492871043,carbonZ_2018-09-11-17-55-30_2_left_aileron_failure,aileron,-18.5699996948,-53.2802581787,-117.203842163,89,3.64039087296,17.3851661682,-31.7201976776,11.0148887634,-7.6073217392,-5.8548412323,0
1536703534442902562,5.512799588,carbonZ_2018-09-11-17-55-30_2_left_aileron_failure,aileron,-19.1599998474,-30.8876037598,-116.142227173,90,3.64039087296,17.3851661682,-31.7201976776,10.9649839401,-7.60769128799,-5.66834783554,0
1536703534528210769,5.598107795,carbonZ_2018-09-11-17-55-30_2_left_aileron_failure,aileron,-19.7199993134,-30.8876037598,-115.080627441,92,3.64039087296,17.3851661682,-31.7201976776,10.8728961945,-7.59698534012,-5.30691432953,0
1536703534548415531,5.618312557,carbonZ_2018-09-11-17-55-30_2_left_aileron_failure,aileron,-19.7199993134,-30.8876037598,-115.080627441,92,3.64039087296,17.3851661682,-31.7201976776,10.8499555588,-7.59409999847,-5.21722602844,0
1536703534597524332,5.667421358,carbonZ_2018-09-11-17-55-30_2_left_aileron_failure,aileron,-19.7199993134,-30.8876037598,-115.080627441,92,3.64039087296,17.3851661682,-31.7201976776,10.781047821,-7.57420921326,-4.96368312836,0
1536703534649824938,5.719721964,carbonZ_2018-09-11-17-55-30_2_left_aileron_failure,aileron,-20.2199993134,1.45788192749,-113.063278198,93,3.64039087296,17.3851661682,-31.7201976776,10.7321338654,-7.55396986008,-4.82626056671,0
1536703534701132189,5.771029215,carbonZ_2018-09-11-17-55-30_2_left_aileron_failure,aileron,-20.2199993134,1.45788192749,-113.063278198,93,3.64039087296,17.3851661682,-31.7201976776,10.6710796356,-7.52155733109,-4.59945058823,0
1536703534744648786,5.814545812,carbonZ_2018-09-11-17-55-30_2_left_aileron_failure,aileron,-20.7099990845,0.457859039307,-111.965423584,94,3.64039087296,17.3851661682,-31.7201976776,10.6417160034,-7.49771118164,-4.41635274887,0
1536703534801808939,5.871705965,carbonZ_2018-09-11-17-55-30_2_left_aileron_failure,aileron,-20.7099990845,0.457859039307,-111.965423584,94,3.64039087296,17.3851661682,-31.7201976776,10.5977678299,-7.4593873024,-4.14655351639,0
1536703534845537212,5.915434238,carbonZ_2018-09-11-17-55-30_2_left_aileron_failure,aileron,-21.1399993896,16.7611122131,-109.48916626,96,3.64039087296,17.3851661682,-31.7201976776,10.5679502487,-7.43093919754,-3.99604701996,0
1536703534902447962,5.972344988,carbonZ_2018-09-11-17-55-30_2_left_aileron_failure,aileron,-21.1399993896,16.7611122131,-109.48916626,96,6.00114536285,10.5597000122,-30.2713737488,10.530749321,-7.37793636322,-3.78693842888,0
1536703534964820518,6.034717544,carbonZ_2018-09-11-17-55-30_2_left_aileron_failure,aileron,-21.5499992371,17.7612304688,-108.360816956,97,6.00114536285,10.5597000122,-30.2713737488,10.4943723679,-7.32621526718,-3.58458161354,0
1536703535013122679,6.083019705,carbonZ_2018-09-11-17-55-30_2_left_aileron_failure,aileron,-21.5499992371,17.7612304688,-108.360816956,97,6.00114536285,10.5597000122,-30.2713737488,10.4730110168,-7.27206325531,-3.34147071838,0
1536703535049392962,6.119289988,carbonZ_2018-09-11-17-55-30_2_left_aileron_failure,aileron,-21.9300003052,34.9123001099,-107.252555847,98,6.00114536285,10.5597000122,-30.2713737488,10.4673452377,-7.25774240494,-3.23955631256,0
1536703535097087102,6.166984128,carbonZ_2018-09-11-17-55-30_2_left_aileron_failure,aileron,-21.9300003052,34.9123001099,-107.252555847,98,6.00114536285,10.5597000122,-30.2713737488,10.4605503082,-7.23104000092,-2.89165639877,0
1536703535173938873,6.243835899,carbonZ_2018-09-11-17-55-30_2_left_aileron_failure,aileron,-22.2699985504,34.9123001099,-15.8670902252,99,6.00114536285,10.5597000122,-30.2713737488,10.4516363144,-7.18246507645,-2.45392942429,0
1536703535201463962,6.271360988,carbonZ_2018-09-11-17-55-30_2_left_aileron_failure,aileron,-22.2699985504,34.9123001099,-15.8670902252,99,6.00114536285,10.5597000122,-30.2713737488,10.4491271973,-7.16909980774,-2.34219861031,0
1536703535233726808,6.303623834,carbonZ_2018-09-11-17-55-30_2_left_aileron_failure,aileron,-22.5499992371,47.5662231445,-15.3560628891,101,6.00114536285,10.5597000122,-30.2713737488,10.4496231079,-7.14559078217,-2.12864756584,0
1536703535344101399,6.413998425,carbonZ_2018-09-11-17-55-30_2_left_aileron_failure,aileron,-22.7899990082,47.5662231445,-14.845035553,102,13.981546402,3.02180123329,-30.5074634552,10.4574365616,-7.06148147583,-1.60536336899,0
1536703535357256644,6.42715367,carbonZ_2018-09-11-17-55-30_2_left_aileron_failure,aileron,-22.7899990082,47.5662231445,-14.845035553,102,13.981546402,3.02180123329,-30.5074634552,10.4574365616,-7.06148147583,-1.60536336899,0
1536703535407915362,6.477812388,carbonZ_2018-09-11-17-55-30_2_left_aileron_failure,aileron,-22.7899990082,47.5662231445,-14.845035553,102,13.981546402,3.02180123329,-30.5074634552,10.4805049896,-6.9942984581,-1.3000856638,0
1536703535449761656,6.519658682,carbonZ_2018-09-11-17-55-30_2_left_aileron_failure,aileron,-22.9699993134,54.4973373413,-14.325047493,103,13.981546402,3.02180123329,-30.5074634552,10.5035333633,-6.93671274185,-1.10943746567,0
1536703535501517119,6.571414145,carbonZ_2018-09-11-17-55-30_2_left_aileron_failure,aileron,-22.9699993134,54.4973373413,-14.325047493,103,13.981546402,3.02180123329,-30.5074634552,10.5403909683,-6.85075378418,-0.809982717037,0
1536703535555447257,6.625344283,carbonZ_2018-09-11-17-55-30_2_left_aileron_failure,aileron,-23.109998703,54.4973373413,-13.781701088,104,13.981546402,3.02180123329,-30.5074634552,10.612487793,-6.71465301514,-0.417984485626,0
1536703535627010050,6.696907076,carbonZ_2018-09-11-17-55-30_2_left_aileron_failure,aileron,-23.109998703,54.4973373413,-13.781701088,104,13.981546402,3.02180123329,-30.5074634552,10.6577014923,-6.63776540756,-0.240816652775,0
1536703535640338604,6.71023563,carbonZ_2018-09-11-17-55-30_2_left_aileron_failure,aileron,-23.1999988556,59.8557472229,-13.2204351425,106,13.981546402,3.02180123329,-30.5074634552,10.6813240051,-6.59403562546,-0.15358479321,0
1536703535705435101,6.775332127,carbonZ_2018-09-11-17-55-30_2_left_aileron_failure,aileron,-23.1999988556,59.8557472229,-13.2204351425,106,31.0995788574,-3.03188252449,-29.2702045441,10.7617464066,-6.47218036652,0.129691138864,0
1536703535736054141,6.805951167,carbonZ_2018-09-11-17-55-30_2_left_aileron_failure,aileron,-23.25,59.8557472229,-12.6452474594,107,31.0995788574,-3.03188252449,-29.2702045441,10.8485116959,-6.33593416214,0.409973472357,0
1536703535823137122,6.893034148,carbonZ_2018-09-11-17-55-30_2_left_aileron_failure,aileron,-23.25,59.8557472229,-12.6452474594,107,31.0995788574,-3.03188252449,-29.2702045441,10.9437446594,-6.1936788559,0.689145386219,0
1536703535842010136,6.911907162,carbonZ_2018-09-11-17-55-30_2_left_aileron_failure,aileron,-23.25,63.0061149597,-12.0382204056,108,31.0995788574,-3.03188252449,-29.2702045441,10.9790334702,-6.14368772507,0.788859605789,0
1536703535896041840,6.965938866,carbonZ_2018-09-11-17-55-30_2_left_aileron_failure,aileron,-23.25,63.0061149597,-12.0382204056,108,31.0995788574,-3.03188252449,-29.2702045441,11.0772237778,-6.00232076645,1.05569934845,0
1536703535930216966,7.000113992,carbonZ_2018-09-11-17-55-30_2_left_aileron_failure,aileron,-23.2099990845,63.0061149597,-11.3934326172,109,31.0995788574,-3.03188252449,-29.2702045441,11.1481714249,-5.90794467926,1.24771654606,0
1536703535994691331,7.064588357,carbonZ_2018-09-11-17-55-30_2_left_aileron_failure,aileron,-23.2099990845,63.0061149597,-11.3934326172,109,31.0995788574,-3.03188252449,-29.2702045441,11.2465620041,-5.767973423,1.53491067886,0
1536703536035159925,7.105056951,carbonZ_2018-09-11-17-55-30_2_left_aileron_failure,aileron,-23.1199989319,53.7092208862,-10.7312068939,110,31.0995788574,-3.03188252449,-29.2702045441,11.321100235,-5.67238712311,1.72627866268,0
1536703536131298105,7.201195131,carbonZ_2018-09-11-17-55-30_2_left_aileron_failure,aileron,-22.9899997711,53.7092208862,-10.0361795425,112,31.0995788574,-3.03188252449,-29.2702045441,11.4869709015,-5.4448428154,2.06730175018,0
1536703536148883048,7.218780074,carbonZ_2018-09-11-17-55-30_2_left_aileron_failure,aileron,-22.9899997711,53.7092208862,-10.0361795425,112,31.0995788574,-3.03188252449,-29.2702045441,11.5366611481,-5.37581825256,2.14092350006,0
1536703536207578492,7.277475518,carbonZ_2018-09-11-17-55-30_2_left_aileron_failure,aileron,-22.9899997711,53.7092208862,-10.0361795425,112,39.9156417847,-9.45475578308,-23.9034786224,11.664940834,-5.18485832214,2.39780473709,0
1536703536247415802,7.317312828,carbonZ_2018-09-11-17-55-30_2_left_aileron_failure,aileron,-22.8099994659,40.1082992554,-9.30483150482,113,39.9156417847,-9.45475578308,-23.9034786224,11.7597570419,-5.04618024826,2.5527009964,0
1536703536322088575,7.391985601,carbonZ_2018-09-11-17-55-30_2_left_aileron_failure,aileron,-22.6000003815,40.1082992554,-8.53620815277,114,39.9156417847,-9.45475578308,-23.9034786224,12.0220441818,-4.6608080864,2.89518666267,0
1536703536361326090,7.431223116,carbonZ_2018-09-11-17-55-30_2_left_aileron_failure,aileron,-22.6000003815,40.1082992554,-8.53620815277,114,39.9156417847,-9.45475578308,-23.9034786224,12.0220441818,-4.6608080864,2.89518666267,0
1536703536420925322,7.490822348,carbonZ_2018-09-11-17-55-30_2_left_aileron_failure,aileron,-22.6000003815,40.1082992554,-8.53620815277,114,39.9156417847,-9.45475578308,-23.9034786224,12.25644207,-4.28401517868,3.11816596985,0
1536703536444572731,7.514469757,carbonZ_2018-09-11-17-55-30_2_left_aileron_failure,aileron,-22.359998703,19.2157745361,-7.70789861679,115,39.9156417847,-9.45475578308,-23.9034786224,12.3207464218,-4.18576145172,3.16630887985,0
1536703536496746871,7.566643897,carbonZ_2018-09-11-17-55-30_2_left_aileron_failure,aileron,-22.359998703,19.2157745361,-7.70789861679,115,39.9156417847,-9.45475578308,-23.9034786224,12.5194654465,-3.85232210159,3.27807307243,0
1536703536536532374,7.6064294,carbonZ_2018-09-11-17-55-30_2_left_aileron_failure,aileron,-22.0900001526,19.2157745361,-6.83830928802,116,39.9156417847,-9.45475578308,-23.9034786224,12.5908336639,-3.72611570358,3.30443096161,0
1536703536583356194,7.65325322,carbonZ_2018-09-11-17-55-30_2_left_aileron_failure,aileron,-22.0900001526,19.2157745361,-6.83830928802,116,41.5162887573,-11.7204761505,-14.7738218307,12.8503141403,-3.23804688454,3.43817400932,0
1536703536613882915,7.683779941,carbonZ_2018-09-11-17-55-30_2_left_aileron_failure,aileron,-22.0900001526,19.2157745361,-6.83830928802,116,41.5162887573,-11.7204761505,-14.7738218307,12.9124240875,-3.11807632446,3.47905302048,0
1536703536683580017,7.753477043,carbonZ_2018-09-11-17-55-30_2_left_aileron_failure,aileron,-21.7999992371,12.8102302551,-5.8951253891,118,41.5162887573,-11.7204761505,-14.7738218307,13.094121933,-2.75520920753,3.57342934608,0
1536703536753910640,7.823807666,carbonZ_2018-09-11-17-55-30_2_left_aileron_failure,aileron,-21.5,12.8102302551,-4.9156165123,119,41.5162887573,-11.7204761505,-14.7738218307,13.2754936218,-2.37632489204,3.66036272049,0
1536703536775340592,7.845237618,carbonZ_2018-09-11-17-55-30_2_left_aileron_failure,aileron,-21.5,12.8102302551,-4.9156165123,119,41.5162887573,-11.7204761505,-14.7738218307,13.3935680389,-2.1272649765,3.72069954872,0
1536703536816374869,7.886271895,carbonZ_2018-09-11-17-55-30_2_left_aileron_failure,aileron,-21.5,12.8102302551,-4.9156165123,119,41.5162887573,-11.7204761505,-14.7738218307,13.5041046143,-1.86742544174,3.78448033333,0
1536703536894410836,7.964307862,carbonZ_2018-09-11-17-55-30_2_left_aileron_failure,aileron,-21.1800003052,-41.540813446,-3.84907007217,120,41.5162887573,-11.7204761505,-14.7738218307,13.7175559998,-1.37644839287,3.91932749748,0
1536703536941750773,8.011647799,carbonZ_2018-09-11-17-55-30_2_left_aileron_failure,aileron,-20.8500003815,-41.540813446,-2.74124264717,121,41.5162887573,-11.7204761505,-14.7738218307,13.7696619034,-1.25177228451,3.94771790504,0
1536703536974249164,8.04414619,carbonZ_2018-09-11-17-55-30_2_left_aileron_failure,aileron,-20.8500003815,-41.540813446,-2.74124264717,121,41.5162887573,-11.7204761505,-14.7738218307,13.7696619034,-1.25177228451,3.94771790504,0
1536703537019213567,8.089110593,carbonZ_2018-09-11-17-55-30_2_left_aileron_failure,aileron,-20.8500003815,-41.540813446,-2.74124264717,121,41.5162887573,-11.7204761505,-14.7738218307,14.0189208984,-0.611471116543,4.09746265411,0
1536703537056626638,8.126523664,carbonZ_2018-09-11-17-55-30_2_left_aileron_failure,aileron,-20.5,-83.9781799316,-1.56525528431,122,40.7070579529,-13.1513195038,-4.13133001328,14.1203622818,-0.350325495005,4.1331205368,0
1536703537126989738,8.196886764,carbonZ_2018-09-11-17-55-30_2_left_aileron_failure,aileron,-20.1399993896,-83.9781799316,-0.338547766209,123,40.7070579529,-13.1513195038,-4.13133001328,14.2755279541,0.0947479829192,4.13238382339,0
1536703537145430343,8.215327369,carbonZ_2018-09-11-17-55-30_2_left_aileron_failure,aileron,-20.1399993896,-83.9781799316,-0.338547766209,123,40.7070579529,-13.1513195038,-4.13133001328,14.3275222778,0.245857313275,4.12628221512,0
1536703537205825044,8.27572207,carbonZ_2018-09-11-17-55-30_2_left_aileron_failure,aileron,-20.1399993896,-83.9781799316,-0.338547766209,123,40.7070579529,-13.1513195038,-4.13133001328,14.4752540588,0.707040965557,4.10184049606,0
1536703537284092330,8.353989356,carbonZ_2018-09-11-17-55-30_2_left_aileron_failure,aileron,-19.7700004578,-110.001083374,0.946880936623,124,40.7070579529,-13.1513195038,-4.13133001328,14.6555862427,1.34128522873,4.04211807251,0
1536703537329204792,8.399101818,carbonZ_2018-09-11-17-55-30_2_left_aileron_failure,aileron,-19.4099998474,-110.001083374,2.29199004173,125,40.7070579529,-13.1513195038,-4.13133001328,14.8038511276,1.95682537556,4.00507736206,0
1536703537408329436,8.478226462,carbonZ_2018-09-11-17-55-30_2_left_aileron_failure,aileron,-19.4099998474,-110.001083374,2.29199004173,125,38.8936157227,-12.4592685699,5.5720911026,14.859787941,2.27040195465,3.99807906151,0
1536703537460633843,8.530530869,carbonZ_2018-09-11-17-55-30_2_left_aileron_failure,aileron,-19.0499992371,-163.312438965,3.70029711723,126,38.8936157227,-12.4592685699,5.5720911026,14.9401931763,2.74865937233,3.96064567566,0
1536703537501971888,8.571868914,carbonZ_2018-09-11-17-55-30_2_left_aileron_failure,aileron,-19.0499992371,-163.312438965,3.70029711723,126,38.8936157227,-12.4592685699,5.5720911026,14.9928798676,3.10123467445,3.89162611961,0
1536703537544393718,8.614290744,carbonZ_2018-09-11-17-55-30_2_left_aileron_failure,aileron,-18.6999988556,-163.312438965,5.15388822556,127,38.8936157227,-12.4592685699,5.5720911026,15.037238121,3.48032855988,3.79790329933,0
1536703537593999365,8.663896391,carbonZ_2018-09-11-17-55-30_2_left_aileron_failure,aileron,-18.6999988556,-163.312438965,5.15388822556,127,38.8936157227,-12.4592685699,5.5720911026,15.0746793747,4.03331899643,3.68268918991,0
1536703537663552786,8.733449812,carbonZ_2018-09-11-17-55-30_2_left_aileron_failure,aileron,-18.3699989319,-211.086181641,6.66123628616,128,38.8936157227,-12.4592685699,5.5720911026,15.0900907516,4.58288097382,3.56515431404,0
1536703537700566730,8.770463756,carbonZ_2018-09-11-17-55-30_2_left_aileron_failure,aileron,-18.3699989319,-211.086181641,6.66123628616,128,38.8936157227,-12.4592685699,5.5720911026,15.0857868195,4.94035482407,3.49775671959,0
1536703537744473937,8.814370963,carbonZ_2018-09-11-17-55-30_2_left_aileron_failure,aileron,-18.0499992371,-211.086181641,8.20890522003,129,39.1382217407,-9.82534980774,15.6504478455,15.0680150986,5.30608415604,3.41431760788,0
1536703537812773272,8.882670298,carbonZ_2018-09-11-17-55-30_2_left_aileron_failure,aileron,-18.0499992371,-211.086181641,8.20890522003,129,39.1382217407,-9.82534980774,15.6504478455,14.9888896942,6.27047586441,3.1073820591,0
1536703537880190290,8.950087316,carbonZ_2018-09-11-17-55-30_2_left_aileron_failure,aileron,-17.7600002289,-225.446792603,9.7959356308,130,39.1382217407,-9.82534980774,15.6504478455,14.9205265045,6.86265182495,2.85355210304,0
1536703537902768824,8.97266585,carbonZ_2018-09-11-17-55-30_2_left_aileron_failure,aileron,-17.7600002289,-225.446792603,9.7959356308,130,39.1382217407,-9.82534980774,15.6504478455,14.9205265045,6.86265182495,2.85355210304,0
1536703537936857645,9.006754671,carbonZ_2018-09-11-17-55-30_2_left_aileron_failure,aileron,-17.4899997711,-225.446792603,11.4277687073,131,39.1382217407,-9.82534980774,15.6504478455,14.8944530487,7.06220960617,2.76023793221,0
1536703537997285977,9.067183003,carbonZ_2018-09-11-17-55-30_2_left_aileron_failure,aileron,-17.4899997711,-225.446792603,11.4277687073,131,39.1382217407,-9.82534980774,15.6504478455,14.6849031448,8.04094791412,2.28131008148,0
1536703538049153143,9.119050169,carbonZ_2018-09-11-17-55-30_2_left_aileron_failure,aileron,-17.2799987793,-263.928131104,13.0895195007,131,39.1382217407,-9.82534980774,15.6504478455,14.6334981918,8.23188304901,2.18117547035,0
1536703538099891436,9.169788462,carbonZ_2018-09-11-17-55-30_2_left_aileron_failure,aileron,-17.2799987793,-263.928131104,13.0895195007,131,39.1382217407,-9.82534980774,15.6504478455,14.4652042389,8.79968643188,1.88555169106,0
1536703538151985157,9.221882183,carbonZ_2018-09-11-17-55-30_2_left_aileron_failure,aileron,-17.1000003815,-263.928131104,14.7727108002,132,37.3852310181,-4.14916467667,27.1175308228,14.3295183182,9.17313766479,1.70598137379,0
1536703538205315044,9.27521207,carbonZ_2018-09-11-17-55-30_2_left_aileron_failure,aileron,-17.1000003815,-263.928131104,14.7727108002,132,37.3852310181,-4.14916467667,27.1175308228,14.1096343994,9.69483089447,1.48726034164,0
1536703538247630282,9.317527308,carbonZ_2018-09-11-17-55-30_2_left_aileron_failure,aileron,-16.9799995422,-279.415222168,16.4624614716,133,37.3852310181,-4.14916467667,27.1175308228,13.9575557709,10.0252466202,1.35178053379,0
1536703538294378036,9.364275062,carbonZ_2018-09-11-17-55-30_2_left_aileron_failure,aileron,-16.9799995422,-279.415222168,16.4624614716,133,37.3852310181,-4.14916467667,27.1175308228,13.7192926407,10.5086193085,1.15151417255,0
1536703538374104008,9.444001034,carbonZ_2018-09-11-17-55-30_2_left_aileron_failure,aileron,-16.8799991608,-279.415222168,18.1642169952,133,37.3852310181,-4.14916467667,27.1175308228,13.4611635208,10.9653863907,1.01884055138,0
1536703538400350304,9.47024733,carbonZ_2018-09-11-17-55-30_2_left_aileron_failure,aileron,-16.8799991608,-279.415222168,18.1642169952,133,37.3852310181,-4.14916467667,27.1175308228,13.2904930115,11.230638504,0.983100950718,0
1536703538420685556,9.490582582,carbonZ_2018-09-11-17-55-30_2_left_aileron_failure,aileron,-16.8799991608,-279.415222168,18.1642169952,133,37.3852310181,-4.14916467667,27.1175308228,13.2904930115,11.230638504,0.983100950718,0
1536703538456620481,9.526517507,carbonZ_2018-09-11-17-55-30_2_left_aileron_failure,aileron,-16.8199996948,-309.519866943,19.849653244,134,37.3852310181,-4.14916467667,27.1175308228,13.0415620804,11.6074094772,0.943951368332,0
1536703538555969080,9.625866106,carbonZ_2018-09-11-17-55-30_2_left_aileron_failure,aileron,-16.7600002289,-309.519866943,21.5336475372,134,37.3852310181,-4.14916467667,27.1175308228,12.6476478577,12.1945009232,0.818328619003,0
1536703538603862569,9.673759595,carbonZ_2018-09-11-17-55-30_2_left_aileron_failure,aileron,-16.7600002289,-309.519866943,21.5336475372,134,39.8329238892,-2.70877695084,38.3101844788,12.313167572,12.6210813522,0.686547875404,0
1536703538650156700,9.720053726,carbonZ_2018-09-11-17-55-30_2_left_aileron_failure,aileron,-16.7199993134,-317.04473877,23.1968460083,134,39.8329238892,-2.70877695084,38.3101844788,12.0924720764,12.9090938568,0.624454021454,0
1536703538675876639,9.745773665,carbonZ_2018-09-11-17-55-30_2_left_aileron_failure,aileron,-16.7199993134,-317.04473877,23.1968460083,134,39.8329238892,-2.70877695084,38.3101844788,11.8774194717,13.1787691116,0.571458339691,0
1536703538744546684,9.81444371,carbonZ_2018-09-11-17-55-30_2_left_aileron_failure,aileron,-16.6800003052,-317.04473877,24.8536434174,135,39.8329238892,-2.70877695084,38.3101844788,11.5184288025,13.6052598953,0.448137760162,0
1536703538811465085,9.881362111,carbonZ_2018-09-11-17-55-30_2_left_aileron_failure,aileron,-16.6800003052,-317.04473877,24.8536434174,135,39.8329238892,-2.70877695084,38.3101844788,11.163977623,13.9832334518,0.37580871582,0
1536703538827775334,9.89767236,carbonZ_2018-09-11-17-55-30_2_left_aileron_failure,aileron,-16.6800003052,-317.04473877,24.8536434174,135,41.0289955139,-1.45445454121,44.9141731262,11.0357685089,14.1168680191,0.33738091588,0
1536703538887662171,9.957559197,carbonZ_2018-09-11-17-55-30_2_left_aileron_failure,aileron,-16.6599998474,-334.735778809,26.4707584381,135,41.0289955139,-1.45445454121,44.9141731262,10.4543685913,14.6946649551,0.259463757277,0
1536703538940137900,10.010034926,carbonZ_2018-09-11-17-55-30_2_left_aileron_failure,aileron,-16.6499996185,-334.735778809,28.0864391327,135,41.0289955139,-1.45445454121,44.9141731262,10.4543685913,14.6946649551,0.259463757277,0
1536703538968728211,10.038625237,carbonZ_2018-09-11-17-55-30_2_left_aileron_failure,aileron,-16.6499996185,-334.735778809,28.0864391327,135,41.0289955139,-1.45445454121,44.9141731262,10.2230262756,14.8941192627,0.268789201975,0
1536703539022837568,10.092734594,carbonZ_2018-09-11-17-55-30_2_left_aileron_failure,aileron,-16.6499996185,-334.735778809,28.0864391327,135,41.0289955139,-1.45445454121,44.9141731262,9.8569726944,15.1971998215,0.247301369905,0
1536703539050970736,10.120867762,carbonZ_2018-09-11-17-55-30_2_left_aileron_failure,aileron,-16.6499996185,-340.604125977,29.6629180908,135,41.0289955139,-1.45445454121,44.9141731262,9.73318576813,15.2976131439,0.244340509176,0
1536703539095916285,10.165813311,carbonZ_2018-09-11-17-55-30_2_left_aileron_failure,aileron,-16.6499996185,-340.604125977,29.6629180908,135,41.0289955139,-1.45445454121,44.9141731262,9.33170032501,15.6149406433,0.16928987205,0
1536703539178916104,10.24881313,carbonZ_2018-09-11-17-55-30_2_left_aileron_failure,aileron,-16.6399993896,-340.604125977,31.228521347,135,41.0289955139,-1.45445454121,44.9141731262,8.74630355835,16.0190811157,0.0560878068209,0
1536703539228413909,10.298310935,carbonZ_2018-09-11-17-55-30_2_left_aileron_failure,aileron,-16.6399993896,-340.604125977,31.228521347,135,41.0289955139,-1.45445454121,44.9141731262,8.43464374542,16.2296924591,-0.00961591955274,0
1536703539252201792,10.322098818,carbonZ_2018-09-11-17-55-30_2_left_aileron_failure,aileron,-16.6499996185,-345.255004883,32.7365226746,135,42.9286689758,0.194935515523,56.2718696594,8.28339099884,16.3265762329,-0.0519382432103,0
1536703539300817792,10.370714818,carbonZ_2018-09-11-17-55-30_2_left_aileron_failure,aileron,-16.6499996185,-345.255004883,32.7365226746,135,42.9286689758,0.194935515523,56.2718696594,7.78192901611,16.6449165344,-0.174039587379,0
1536703539408644288,10.478541314,carbonZ_2018-09-11-17-55-30_2_left_aileron_failure,aileron,-16.6599998474,-345.255004883,34.2242012024,135,42.9286689758,0.194935515523,56.2718696594,6.96055984497,17.1057281494,-0.307110130787,0
1536703539451299933,10.521196959,carbonZ_2018-09-11-17-55-30_2_left_aileron_failure,aileron,-16.6999988556,-330.860046387,35.6538085938,135,42.9286689758,0.194935515523,56.2718696594,6.66822576523,17.2630290985,-0.295317173004,0
1536703539495227200,10.565124226,carbonZ_2018-09-11-17-55-30_2_left_aileron_failure,aileron,-16.6999988556,-330.860046387,35.6538085938,135,42.9286689758,0.194935515523,56.2718696594,6.26413297653,17.4749069214,-0.237074375153,0
1536703539562541046,10.632438072,carbonZ_2018-09-11-17-55-30_2_left_aileron_failure,aileron,-16.7199993134,-330.860046387,37.0406913757,135,42.9286689758,0.194935515523,56.2718696594,5.86280059814,17.6694908142,-0.156310886145,0
1536703539631361676,10.701258702,carbonZ_2018-09-11-17-55-30_2_left_aileron_failure,aileron,-16.7199993134,-330.860046387,37.0406913757,135,42.9286689758,0.194935515523,56.2718696594,5.44119405746,17.8700008392,-0.0886115208268,0
1536703539647672756,10.717569782,carbonZ_2018-09-11-17-55-30_2_left_aileron_failure,aileron,-16.7399997711,-332.028869629,38.3834152222,135,42.9286689758,0.194935515523,56.2718696594,5.2750043869,17.9450740814,-0.0855081751943,0
1536703539707604613,10.777501639,carbonZ_2018-09-11-17-55-30_2_left_aileron_failure,aileron,-16.7399997711,-332.028869629,38.3834152222,135,42.9286689758,0.194935515523,56.2718696594,4.78672933578,18.153678894,-0.0805126130581,0
1536703539792321100,10.862218126,carbonZ_2018-09-11-17-55-30_2_left_aileron_failure,aileron,-16.75,-332.028869629,39.7018203735,134,45.8533248901,-0.855313301086,69.1559677124,4.06526517868,18.4334526062,-0.111470736563,0
1536703539808331387,10.878228413,carbonZ_2018-09-11-17-55-30_2_left_aileron_failure,aileron,-16.75,-332.028869629,39.7018203735,134,45.8533248901,-0.855313301086,69.1559677124,3.87799930573,18.5030384064,-0.119007796049,0
1536703539841912600,10.911809626,carbonZ_2018-09-11-17-55-30_2_left_aileron_failure,aileron,-16.75,-334.124664307,40.9531860352,134,45.8533248901,-0.855313301086,69.1559677124,3.47785687447,18.6409454346,-0.176223412156,0
1536703539925925838,10.995822864,carbonZ_2018-09-11-17-55-30_2_left_aileron_failure,aileron,-16.75,-334.124664307,40.9531860352,134,45.8533248901,-0.855313301086,69.1559677124,2.65013861656,18.919254303,-0.291613548994,0
1536703539951691535,11.021588561,carbonZ_2018-09-11-17-55-30_2_left_aileron_failure,aileron,-16.7600002289,-334.124664307,42.1608772278,133,45.8533248901,-0.855313301086,69.1559677124,2.65013861656,18.919254303,-0.291613548994,0
1536703539998035998,11.067933024,carbonZ_2018-09-11-17-55-30_2_left_aileron_failure,aileron,-16.7600002289,-334.124664307,42.1608772278,133,45.8533248901,-0.855313301086,69.1559677124,1.84486472607,19.1278514862,-0.368057966232,0
1536703540052923768,11.122820794,carbonZ_2018-09-11-17-55-30_2_left_aileron_failure,aileron,-16.7700004578,-322.848022461,43.2831230164,133,45.8533248901,-0.855313301086,69.1559677124,1.45243251324,19.2306404114,-0.391144841909,0
1536703540091090322,11.160987348,carbonZ_2018-09-11-17-55-30_2_left_aileron_failure,aileron,-16.7700004578,-322.848022461,43.2831230164,133,45.8533248901,-0.855313301086,69.1559677124,1.06856656075,19.3226642609,-0.412541478872,0
1536703540146325796,11.216222822,carbonZ_2018-09-11-17-55-30_2_left_aileron_failure,aileron,-16.7999992371,-322.848022461,44.3477745056,132,47.4191322327,0.60112118721,79.9045181274,0.529210150242,19.4338111877,-0.417393654585,0
1536703540173502950,11.243399976,carbonZ_2018-09-11-17-55-30_2_left_aileron_failure,aileron,-16.7999992371,-322.848022461,44.3477745056,132,47.4191322327,0.60112118721,79.9045181274,0.155243948102,19.4957904816,-0.439400911331,0
1536703540234567069,11.304464095,carbonZ_2018-09-11-17-55-30_2_left_aileron_failure,aileron,-16.8199996948,-319.123748779,45.3130645752,132,47.4191322327,0.60112118721,79.9045181274,-0.220622256398,19.5497398376,-0.461553871632,0
1536703540277814156,11.347711182,carbonZ_2018-09-11-17-55-30_2_left_aileron_failure,aileron,-16.8199996948,-319.123748779,45.3130645752,132,47.4191322327,0.60112118721,79.9045181274,-0.788882791996,19.6323490143,-0.493617862463,0
1536703540358723839,11.428620865,carbonZ_2018-09-11-17-55-30_2_left_aileron_failure,aileron,-16.8500003815,-319.123748779,46.2351570129,131,47.4191322327,0.60112118721,79.9045181274,-1.53992021084,19.704000473,-0.514474213123,0
1536703540427470004,11.49736703,carbonZ_2018-09-11-17-55-30_2_left_aileron_failure,aileron,-16.8500003815,-319.123748779,46.2351570129,131,47.4191322327,0.60112118721,79.9045181274,-2.10811114311,19.7268753052,-0.530996143818,0
1536703540499272040,11.569169066,carbonZ_2018-09-11-17-55-30_2_left_aileron_failure,aileron,-16.8799991608,-320.341766357,47.0678100586,130,47.1217536926,0.949624598026,89.3671340942,-2.87411141396,19.7511692047,-0.555223405361,0
1536703540545809393,11.615706419,carbonZ_2018-09-11-17-55-30_2_left_aileron_failure,aileron,-16.9099998474,-320.341766357,47.8388595581,129,47.1217536926,0.949624598026,89.3671340942,-3.23399877548,19.7459850311,-0.554670631886,0
1536703540600889222,11.670786248,carbonZ_2018-09-11-17-55-30_2_left_aileron_failure,aileron,-16.9099998474,-320.341766357,47.8388595581,129,47.1217536926,0.949624598026,89.3671340942,-3.78475427628,19.7326526642,-0.541825354099,0
1536703540615754956,11.685651982,carbonZ_2018-09-11-17-55-30_2_left_aileron_failure,aileron,-16.9099998474,-320.341766357,47.8388595581,129,47.1217536926,0.949624598026,89.3671340942,-3.96274495125,19.7267532349,-0.528739571571,0
1536703540652036878,11.721933904,carbonZ_2018-09-11-17-55-30_2_left_aileron_failure,aileron,-16.9499988556,-323.336120605,48.5065574646,128,47.1217536926,0.949624598026,89.3671340942,-4.51029920578,19.6963596344,-0.527073681355,0
1536703540716935476,11.786832502,carbonZ_2018-09-11-17-55-30_2_left_aileron_failure,aileron,-16.9499988556,-323.336120605,48.5065574646,128,47.1217536926,0.949624598026,89.3671340942,-4.88677835464,19.6679439545,-0.517528355122,0
1536703540769708442,11.839605468,carbonZ_2018-09-11-17-55-30_2_left_aileron_failure,aileron,-16.9799995422,-323.336120605,49.1265716553,127,47.1217536926,0.949624598026,89.3671340942,-5.27936840057,19.6228408813,-0.533233046532,0
1536703540793603937,11.863500963,carbonZ_2018-09-11-17-55-30_2_left_aileron_failure,aileron,-16.9799995422,-323.336120605,49.1265716553,127,47.1217536926,0.949624598026,89.3671340942,-5.67264461517,19.5650634766,-0.552701413631,0
1536703540853183384,11.92308041,carbonZ_2018-09-11-17-55-30_2_left_aileron_failure,aileron,-17.0100002289,-333.405212402,49.6342658997,126,47.1217536926,0.949624598026,89.3671340942,-6.04216337204,19.5192127228,-0.546929001808,0
1536703540891322994,11.96122002,carbonZ_2018-09-11-17-55-30_2_left_aileron_failure,aileron,-17.0100002289,-333.405212402,49.6342658997,126,48.4416389465,0.0846229493618,100.159446716,-6.6122045517,19.4274902344,-0.544801533222,0
1536703540957089670,12.026986696,carbonZ_2018-09-11-17-55-30_2_left_aileron_failure,aileron,-17.0399990082,-333.405212402,50.0768356323,125,48.4416389465,0.0846229493618,100.159446716,-6.99071455002,19.3582706451,-0.543335616589,0
1536703541055702625,12.125599651,carbonZ_2018-09-11-17-55-30_2_left_aileron_failure,aileron,-17.0799999237,-326.607421875,50.3967132568,124,48.4416389465,0.0846229493618,100.159446716,-8.23129177094,19.0804271698,-0.577856004238,0
1536703541114647714,12.18454474,carbonZ_2018-09-11-17-55-30_2_left_aileron_failure,aileron,-17.0799999237,-326.607421875,50.3967132568,124,48.4416389465,0.0846229493618,100.159446716,-8.60190677643,18.9847126007,-0.559418976307,0
1536703541167056717,12.236953743,carbonZ_2018-09-11-17-55-30_2_left_aileron_failure,aileron,-17.1199989319,-326.607421875,50.6554756165,123,48.4416389465,0.0846229493618,100.159446716,-9.14876461029,18.8215656281,-0.521893084049,0
1536703541212625513,12.282522539,carbonZ_2018-09-11-17-55-30_2_left_aileron_failure,aileron,-17.1199989319,-326.607421875,50.6554756165,123,48.4416389465,0.0846229493618,100.159446716,-9.54100704193,18.693025589,-0.517431139946,0
1536703541217750301,12.287647327,carbonZ_2018-09-11-17-55-30_2_left_aileron_failure,aileron,-17.1499996185,-322.443115234,50.7909088135,122,48.4416389465,0.0846229493618,100.159446716,-9.54100704193,18.693025589,-0.517431139946,0
1536703541274212210,12.344109236,carbonZ_2018-09-11-17-55-30_2_left_aileron_failure,aileron,-17.1499996185,-322.443115234,50.7909088135,122,48.4416389465,0.0846229493618,100.159446716,-10.3462667465,18.4002761841,-0.570580005646,0
1536703541331323098,12.401220124,carbonZ_2018-09-11-17-55-30_2_left_aileron_failure,aileron,-17.1499996185,-322.443115234,50.7909088135,122,48.4416389465,0.0846229493618,100.159446716,-10.7451028824,18.2410335541,-0.615260362625,0
1536703541385822041,12.455719067,carbonZ_2018-09-11-17-55-30_2_left_aileron_failure,aileron,-17.1800003052,-322.443115234,50.8578300476,120,47.6290893555,1.04522442818,115.09197998,-11.3196144104,17.9764652252,-0.671498417854,0
1536703541455110367,12.525007393,carbonZ_2018-09-11-17-55-30_2_left_aileron_failure,aileron,-17.2199993134,-327.985473633,50.7856826782,119,47.6290893555,1.04522442818,115.09197998,-12.0922431946,17.5805912018,-0.76914870739,0
1536703541500189445,12.570086471,carbonZ_2018-09-11-17-55-30_2_left_aileron_failure,aileron,-17.2199993134,-327.985473633,50.7856826782,119,47.6290893555,1.04522442818,115.09197998,-12.4734964371,17.3641204834,-0.829691588879,0
1536703541528146677,12.598043703,carbonZ_2018-09-11-17-55-30_2_left_aileron_failure,aileron,-17.2199993134,-327.985473633,50.7856826782,119,47.6290893555,1.04522442818,115.09197998,-12.664434433,17.2611274719,-0.847706675529,0
1536703541608514801,12.678411827,carbonZ_2018-09-11-17-55-30_2_left_aileron_failure,aileron,-17.2700004578,-327.985473633,50.6289291382,117,47.6290893555,1.04522442818,115.09197998,-13.397608757,16.8059806824,-0.934608340263,0
1536703541627599229,12.697496255,carbonZ_2018-09-11-17-55-30_2_left_aileron_failure,aileron,-17.2700004578,-327.985473633,50.6289291382,117,47.6290893555,1.04522442818,115.09197998,-13.5690670013,16.7037601471,-0.933569669724,0
1536703541688561107,12.758458133,carbonZ_2018-09-11-17-55-30_2_left_aileron_failure,aileron,-17.3299999237,-330.744842529,50.3587684631,116,48.2339515686,2.29241037369,124.255157471,-14.2233839035,16.2637996674,-0.94549870491,0
1536703541755476939,12.825373965,carbonZ_2018-09-11-17-55-30_2_left_aileron_failure,aileron,-17.3999996185,-330.744842529,49.997215271,114,48.2339515686,2.29241037369,124.255157471,-14.5376701355,16.0311431885,-0.95358145237,0
1536703541776172214,12.84606924,carbonZ_2018-09-11-17-55-30_2_left_aileron_failure,aileron,-17.3999996185,-330.744842529,49.997215271,114,48.2339515686,2.29241037369,124.255157471,-14.8395757675,15.8061637878,-0.945675075054,0
1536703541799707556,12.869604582,carbonZ_2018-09-11-17-55-30_2_left_aileron_failure,aileron,-17.3999996185,-330.744842529,49.997215271,114,48.2339515686,2.29241037369,124.255157471,-15.1334199905,15.5829000473,-0.932368636131,0
1536703541852215853,12.922112879,carbonZ_2018-09-11-17-55-30_2_left_aileron_failure,aileron,-17.4699993134,-318.994232178,49.5198173523,112,48.2339515686,2.29241037369,124.255157471,-15.5459432602,15.2434749603,-0.910688757896,0
1536703541900231477,12.970128503,carbonZ_2018-09-11-17-55-30_2_left_aileron_failure,aileron,-17.4699993134,-318.994232178,49.5198173523,112,48.2339515686,2.29241037369,124.255157471,-15.8292665482,15.0120782852,-0.900454103947,0
1536703541954248414,13.02414544,carbonZ_2018-09-11-17-55-30_2_left_aileron_failure,aileron,-17.5399990082,-318.994232178,48.9646034241,111,48.2339515686,2.29241037369,124.255157471,-15.9688148499,14.8793153763,-0.900624036789,0
1536703542026427622,13.096324648,carbonZ_2018-09-11-17-55-30_2_left_aileron_failure,aileron,-17.5399990082,-318.994232178,48.9646034241,111,48.2339515686,2.29241037369,124.255157471,-16.4976463318,14.3874883652,-0.874061584473,0
1536703542056636037,13.126533063,carbonZ_2018-09-11-17-55-30_2_left_aileron_failure,aileron,-17.609998703,-326.167205811,48.3251266479,109,48.2339515686,2.29241037369,124.255157471,-16.622423172,14.2554836273,-0.877443552017,0
1536703542091607712,13.161504738,carbonZ_2018-09-11-17-55-30_2_left_aileron_failure,aileron,-17.609998703,-326.167205811,48.3251266479,109,47.9554824829,2.70470547676,135.224227905,-17.0267791748,13.8400011063,-0.896959364414,0
1536703542152919596,13.222816622,carbonZ_2018-09-11-17-55-30_2_left_aileron_failure,aileron,-17.6700000763,-326.167205811,47.6095237732,107,47.9554824829,2.70470547676,135.224227905,-17.2800216675,13.5632047653,-0.904391586781,0
1536703542178742056,13.248639082,carbonZ_2018-09-11-17-55-30_2_left_aileron_failure,aileron,-17.6700000763,-326.167205811,47.6095237732,107,47.9554824829,2.70470547676,135.224227905,-17.5489730835,13.2641324997,-0.921016633511,0
1536703542216284332,13.286181358,carbonZ_2018-09-11-17-55-30_2_left_aileron_failure,aileron,-17.6700000763,-326.167205811,47.6095237732,107,47.9554824829,2.70470547676,135.224227905,-17.8044090271,12.9606609344,-0.931877195835,0
1536703542282202103,13.352099129,carbonZ_2018-09-11-17-55-30_2_left_aileron_failure,aileron,-17.7399997711,-321.051513672,46.7850914001,105,47.9554824829,2.70470547676,135.224227905,-18.1595153809,12.5219936371,-0.940480947495,0
1536703542321389144,13.39128617,carbonZ_2018-09-11-17-55-30_2_left_aileron_failure,aileron,-17.7399997711,-321.051513672,46.7850914001,105,47.9554824829,2.70470547676,135.224227905,-18.3911705017,12.221414566,-0.956113755703,0
1536703542370213165,13.440110191,carbonZ_2018-09-11-17-55-30_2_left_aileron_failure,aileron,-17.8099994659,-321.051513672,45.8888816833,103,47.9554824829,2.70470547676,135.224227905,-18.6126728058,11.9048662186,-0.984876453876,0
1536703542394158225,13.464055251,carbonZ_2018-09-11-17-55-30_2_left_aileron_failure,aileron,-17.8099994659,-321.051513672,45.8888816833,103,47.9554824829,2.70470547676,135.224227905,-18.824962616,11.6045913696,-1.00589668751,0
1536703542464736632,13.534633658,carbonZ_2018-09-11-17-55-30_2_left_aileron_failure,aileron,-17.8899993896,-324.914825439,44.8938865662,101,47.9554824829,2.70470547676,135.224227905,-19.1223449707,11.1608457565,-1.0365011692,0
1536703542498871557,13.568768583,carbonZ_2018-09-11-17-55-30_2_left_aileron_failure,aileron,-17.8899993896,-324.914825439,44.8938865662,101,44.4538078308,2.73719882965,147.181045532,-19.3192253113,10.8507566452,-1.06377887726,0
1536703542565551615,13.635448641,carbonZ_2018-09-11-17-55-30_2_left_aileron_failure,aileron,-17.9699993134,-324.914825439,43.8359451294,99,44.4538078308,2.73719882965,147.181045532,-19.5803184509,10.3959932327,-1.12876331806,0
1536703542606131074,13.6760281,carbonZ_2018-09-11-17-55-30_2_left_aileron_failure,aileron,-17.9699993134,-324.914825439,43.8359451294,99,44.4538078308,2.73719882965,147.181045532,-19.7429180145,10.0766534805,-1.20204150677,0
1536703542649253680,13.719150706,carbonZ_2018-09-11-17-55-30_2_left_aileron_failure,aileron,-18.0599994659,-321.327880859,42.7036705017,97,44.4538078308,2.73719882965,147.181045532,-19.8998165131,9.76533699036,-1.27536249161,0
1536703542708904191,13.778801217,carbonZ_2018-09-11-17-55-30_2_left_aileron_failure,aileron,-18.0599994659,-321.327880859,42.7036705017,97,44.4538078308,2.73719882965,147.181045532,-20.1182117462,9.27280712128,-1.42571771145,0
1536703542730089246,13.799986272,carbonZ_2018-09-11-17-55-30_2_left_aileron_failure,aileron,-18.0599994659,-321.327880859,42.7036705017,97,39.2373046875,4.06764936447,153.174499512,-20.1756076813,9.12193107605,-1.47629725933,0
1536703542774960519,13.844857545,carbonZ_2018-09-11-17-55-30_2_left_aileron_failure,aileron,-18.1800003052,-321.327880859,41.4789123535,95,39.2373046875,4.06764936447,153.174499512,-20.3460063934,8.66847038269,-1.60228312016,0
1536703542828196670,13.898093696,carbonZ_2018-09-11-17-55-30_2_left_aileron_failure,aileron,-18.1800003052,-321.327880859,41.4789123535,95,39.2373046875,4.06764936447,153.174499512,-20.4212360382,8.41183185577,-1.65735042095,0
1536703542888141607,13.958038633,carbonZ_2018-09-11-17-55-30_2_left_aileron_failure,aileron,-18.3199996948,-316.829772949,40.1884269714,93,39.2373046875,4.06764936447,153.174499512,-20.5339260101,8.04548835754,-1.72440397739,0
1536703542919481935,13.989378961,carbonZ_2018-09-11-17-55-30_2_left_aileron_failure,aileron,-18.3199996948,-316.829772949,40.1884269714,93,39.2373046875,4.06764936447,153.174499512,-20.5845928192,7.82105255127,-1.78614997864,0
1536703542997300285,14.067197311,carbonZ_2018-09-11-17-55-30_2_left_aileron_failure,aileron,-18.4799995422,-316.829772949,38.868144989,91,39.2373046875,4.06764936447,153.174499512,-20.6724853516,7.39890432358,-1.90051102638,0
1536703543022140397,14.092037423,carbonZ_2018-09-11-17-55-30_2_left_aileron_failure,aileron,-18.4799995422,-316.829772949,38.868144989,91,39.2373046875,4.06764936447,153.174499512,-20.6867790222,7.31104326248,-1.91539597511,0
1536703543102948312,14.172845338,carbonZ_2018-09-11-17-55-30_2_left_aileron_failure,aileron,-18.6700000763,-297.647369385,37.4993247986,89,27.0885334015,3.57220506668,159.756210327,-20.7238788605,6.99415016174,-1.96368992329,0
1536703543125410331,14.195307357,carbonZ_2018-09-11-17-55-30_2_left_aileron_failure,aileron,-18.6700000763,-297.647369385,37.4993247986,89,27.0885334015,3.57220506668,159.756210327,-20.7314071655,6.91827011108,-1.97372233868,0
1536703543183772131,14.253669157,carbonZ_2018-09-11-17-55-30_2_left_aileron_failure,aileron,-18.859998703,-297.647369385,36.1064033508,87,27.0885334015,3.57220506668,159.756210327,-20.7393321991,6.71228933334,-1.98350512981,0
1536703543224455043,14.294352069,carbonZ_2018-09-11-17-55-30_2_left_aileron_failure,aileron,-18.859998703,-297.647369385,36.1064033508,87,27.0885334015,3.57220506668,159.756210327,-20.733215332,6.52851819992,-1.99675214291,0
1536703543253272895,14.323169921,carbonZ_2018-09-11-17-55-30_2_left_aileron_failure,aileron,-19.0699996948,-279.362213135,34.7068252563,85,27.0885334015,3.57220506668,159.756210327,-20.733215332,6.52851819992,-1.99675214291,0
1536703543318129565,14.388026591,carbonZ_2018-09-11-17-55-30_2_left_aileron_failure,aileron,-19.0699996948,-279.362213135,34.7068252563,85,15.5684108734,2.99483394623,163.845672607,-20.703748703,6.33222389221,-2.02138614655,0
1536703543379143404,14.44904043,carbonZ_2018-09-11-17-55-30_2_left_aileron_failure,aileron,-19.2799987793,-279.362213135,33.2964668274,83,15.5684108734,2.99483394623,163.845672607,-20.659866333,6.21513366699,-2.03887701035,0
1536703543423934325,14.493831351,carbonZ_2018-09-11-17-55-30_2_left_aileron_failure,aileron,-19.2799987793,-279.362213135,33.2964668274,83,15.5684108734,2.99483394623,163.845672607,-20.6439094543,6.1819229126,-2.04753828049,0
1536703543440057790,14.509954816,carbonZ_2018-09-11-17-55-30_2_left_aileron_failure,aileron,-19.4899997711,-262.650390625,31.8861045837,81,15.5684108734,2.99483394623,163.845672607,-20.6439094543,6.1819229126,-2.04753828049,0
1536703543589956077,14.659853103,carbonZ_2018-09-11-17-55-30_2_left_aileron_failure,aileron,-19.6999988556,-262.650390625,30.4873561859,79,15.5684108734,2.99483394623,163.845672607,-20.4410037994,5.97556066513,-2.20428752899,0
1536703543615647115,14.685544141,carbonZ_2018-09-11-17-55-30_2_left_aileron_failure,aileron,-19.6999988556,-262.650390625,30.4873561859,79,15.5684108734,2.99483394623,163.845672607,-20.3781337738,5.9647769928,-2.26426720619,0
1536703543652022375,14.721919401,carbonZ_2018-09-11-17-55-30_2_left_aileron_failure,aileron,-19.9300003052,-262.782012939,29.0869178772,77,15.5684108734,2.99483394623,163.845672607,-20.3448581696,5.9623708725,-2.28713440895,0
1536703543712633983,14.782531009,carbonZ_2018-09-11-17-55-30_2_left_aileron_failure,aileron,-19.9300003052,-262.782012939,29.0869178772,77,15.5684108734,2.99483394623,163.845672607,-20.2456645966,5.96810770035,-2.34462428093,0
1536703543760902141,14.830799167,carbonZ_2018-09-11-17-55-30_2_left_aileron_failure,aileron,-20.1800003052,-262.782012939,27.707654953,75,-1.78347527981,5.1707611084,165.513671875,-20.1299037933,6.00307416916,-2.40203857422,0
1536703543792832375,14.862729401,carbonZ_2018-09-11-17-55-30_2_left_aileron_failure,aileron,-20.1800003052,-262.782012939,27.707654953,75,-1.78347527981,5.1707611084,165.513671875,-20.0458259583,6.05078125,-2.43568706512,0
1536703543859396305,14.929293331,carbonZ_2018-09-11-17-55-30_2_left_aileron_failure,aileron,-20.4399986267,-227.363113403,26.3494529724,73,-1.78347527981,5.1707611084,165.513671875,-19.9198551178,6.12591314316,-2.46355056763,0
1536703543892108922,14.962005948,carbonZ_2018-09-11-17-55-30_2_left_aileron_failure,aileron,-20.4399986267,-227.363113403,26.3494529724,73,-1.78347527981,5.1707611084,165.513671875,-19.8260040283,6.18147611618,-2.51064252853,0
1536703543946270043,15.016167069,carbonZ_2018-09-11-17-55-30_2_left_aileron_failure,aileron,-20.7099990845,-227.363113403,25.0190887451,71,-1.78347527981,5.1707611084,165.513671875,-19.620388031,6.36731481552,-2.61923718452,0
1536703544013559781,15.083456807,carbonZ_2018-09-11-17-55-30_2_left_aileron_failure,aileron,-20.7099990845,-227.363113403,25.0190887451,71,-1.78347527981,5.1707611084,165.513671875,-19.5671005249,6.417283535,-2.65432715416,0
1536703544051777079,15.121674105,carbonZ_2018-09-11-17-55-30_2_left_aileron_failure,aileron,-21.0,-196.401687622,23.7366657257,69,-1.78347527981,5.1707611084,165.513671875,-19.457649231,6.51826381683,-2.71012568474,0
1536703544125747952,15.195644978,carbonZ_2018-09-11-17-55-30_2_left_aileron_failure,aileron,-21.2999992371,-196.401687622,22.4803829193,67,-1.78347527981,5.1707611084,165.513671875,-19.2458000183,6.74779748917,-2.740680933,0
1536703544204427173,15.274324199,carbonZ_2018-09-11-17-55-30_2_left_aileron_failure,aileron,-21.2999992371,-196.401687622,22.4803829193,67,-1.78347527981,5.1707611084,165.513671875,-19.0276298523,6.99885797501,-2.69807076454,0
1536703544253141976,15.323039002,carbonZ_2018-09-11-17-55-30_2_left_aileron_failure,aileron,-21.6000003815,-166.945739746,21.2842597961,66,-19.4142360687,5.98998260498,160.975540161,-18.9194145203,7.11435890198,-2.65908551216,0
1536703544279184302,15.349081328,carbonZ_2018-09-11-17-55-30_2_left_aileron_failure,aileron,-21.6000003815,-166.945739746,21.2842597961,66,-19.4142360687,5.98998260498,160.975540161,-18.7714061737,7.3013510704,-2.53979301453,0
1536703544360870627,15.430767653,carbonZ_2018-09-11-17-55-30_2_left_aileron_failure,aileron,-21.8899993896,-166.945739746,20.1094455719,64,-19.4142360687,5.98998260498,160.975540161,-18.66381073,7.42787408829,-2.45944881439,0
1536703544404750524,15.47464755,carbonZ_2018-09-11-17-55-30_2_left_aileron_failure,aileron,-21.8899993896,-166.945739746,20.1094455719,64,-19.4142360687,5.98998260498,160.975540161,-18.461774826,7.67847537994,-2.24580836296,0
1536703544438380496,15.508277522,carbonZ_2018-09-11-17-55-30_2_left_aileron_failure,aileron,-22.1599998474,-142.670913696,18.9869251251,62,-19.4142360687,5.98998260498,160.975540161,-18.4141407013,7.73950099945,-2.1831111908,0
1536703544496973041,15.566870067,carbonZ_2018-09-11-17-55-30_2_left_aileron_failure,aileron,-22.1599998474,-142.670913696,18.9869251251,62,-19.4142360687,5.98998260498,160.975540161,-18.2723617554,7.92187547684,-2.00835633278,0
1536703544564409973,15.634306999,carbonZ_2018-09-11-17-55-30_2_left_aileron_failure,aileron,-22.3999996185,-142.670913696,17.8928489685,61,-19.4142360687,5.98998260498,160.975540161,-18.1375045776,8.09763050079,-1.81051075459,0
1536703544612864974,15.682762,carbonZ_2018-09-11-17-55-30_2_left_aileron_failure,aileron,-22.3999996185,-142.670913696,17.8928489685,61,-25.4487476349,3.58858942986,158.280899048,-18.0507850647,8.21593284607,-1.66839790344,0
1536703544649817723,15.719714749,carbonZ_2018-09-11-17-55-30_2_left_aileron_failure,aileron,-22.6000003815,-116.800979614,16.8488864899,59,-25.4487476349,3.58858942986,158.280899048,-17.9236431122,8.38830566406,-1.45917725563,0
1536703544692826471,15.762723497,carbonZ_2018-09-11-17-55-30_2_left_aileron_failure,aileron,-22.6000003815,-116.800979614,16.8488864899,59,-25.4487476349,3.58858942986,158.280899048,-17.8336009979,8.50737094879,-1.34222090244,0
1536703544791457907,15.861354933,carbonZ_2018-09-11-17-55-30_2_left_aileron_failure,aileron,-22.7699985504,-116.800979614,15.8256263733,57,-25.4487476349,3.58858942986,158.280899048,-17.6526527405,8.75689506531,-1.11675179005,0
1536703544816216068,15.886113094,carbonZ_2018-09-11-17-55-30_2_left_aileron_failure,aileron,-22.7699985504,-116.800979614,15.8256263733,57,-25.4487476349,3.58858942986,158.280899048,-17.6050262451,8.82611274719,-1.08071601391,0
1536703544848888237,15.918785263,carbonZ_2018-09-11-17-55-30_2_left_aileron_failure,aileron,-22.8999996185,-102.592559814,14.8418235779,56,-25.4487476349,3.58858942986,158.280899048,-17.5120334625,8.95489311218,-0.998739600182,0
1536703544881953069,15.951850095,carbonZ_2018-09-11-17-55-30_2_left_aileron_failure,aileron,-22.8999996185,-102.592559814,14.8418235779,56,-25.7465400696,1.40292203426,155.66796875,-17.4293212891,9.07482337952,-0.887798190117,0
1536703544937626987,16.007524013,carbonZ_2018-09-11-17-55-30_2_left_aileron_failure,aileron,-23.0100002289,-102.592559814,13.8853826523,55,-25.7465400696,1.40292203426,155.66796875,-17.3513622284,9.18732357025,-0.757025003433,0
1536703545021195192,16.091092218,carbonZ_2018-09-11-17-55-30_2_left_aileron_failure,aileron,-23.0100002289,-102.592559814,13.8853826523,55,-25.7465400696,1.40292203426,155.66796875,-17.0865116119,9.55094242096,-0.404757350683,0
1536703545071416712,16.141313738,carbonZ_2018-09-11-17-55-30_2_left_aileron_failure,aileron,-23.0799999237,-91.5101013184,12.9618673325,53,-25.7465400696,1.40292203426,155.66796875,-17.0438632965,9.60855960846,-0.349627315998,0
1536703545102104057,16.172001083,carbonZ_2018-09-11-17-55-30_2_left_aileron_failure,aileron,-23.0799999237,-91.5101013184,12.9618673325,53,-25.7465400696,1.40292203426,155.66796875,-16.9572715759,9.73058795929,-0.240112006664,0
1536703545144893673,16.214790699,carbonZ_2018-09-11-17-55-30_2_left_aileron_failure,aileron,-23.1299991608,-91.5101013184,12.0561475754,52,-25.7465400696,1.40292203426,155.66796875,-16.8736400604,9.84383964539,-0.103983551264,0
1536703545229418013,16.299315039,carbonZ_2018-09-11-17-55-30_2_left_aileron_failure,aileron,-23.1299991608,-91.5101013184,12.0561475754,52,-25.7465400696,1.40292203426,155.66796875,-16.6906967163,10.0896749496,0.104146905243,0
1536703545244777238,16.314674264,carbonZ_2018-09-11-17-55-30_2_left_aileron_failure,aileron,-23.1399993896,-77.8794250488,11.2090148926,51,-25.7465400696,1.40292203426,155.66796875,-16.6906967163,10.0896749496,0.104146905243,0
1536703545291994758,16.361891784,carbonZ_2018-09-11-17-55-30_2_left_aileron_failure,aileron,-23.1399993896,-77.8794250488,11.2090148926,51,-26.0946331024,-2.03545427322,149.633499146,-16.4596290588,10.4175958633,0.321041971445,0
1536703545358004294,16.42790132,carbonZ_2018-09-11-17-55-30_2_left_aileron_failure,aileron,-23.1399993896,-77.8794250488,10.3724117279,49,-26.0946331024,-2.03545427322,149.633499146,-16.3065624237,10.6256351471,0.417770504951,0
1536703545417043099,16.486940125,carbonZ_2018-09-11-17-55-30_2_left_aileron_failure,aileron,-23.1399993896,-77.8794250488,10.3724117279,49,-26.0946331024,-2.03545427322,149.633499146,-16.2137031555,10.7536230087,0.514606237411,0
1536703545452443880,16.522340906,carbonZ_2018-09-11-17-55-30_2_left_aileron_failure,aileron,-23.109998703,-68.4628448486,9.58822536469,48,-26.0946331024,-2.03545427322,149.633499146,-16.1210594177,10.8790836334,0.609038412571,0
1536703545526192130,16.596089156,carbonZ_2018-09-11-17-55-30_2_left_aileron_failure,aileron,-23.109998703,-68.4628448486,9.58822536469,48,-26.0946331024,-2.03545427322,149.633499146,-15.9905748367,11.0549373627,0.777079343796,0
1536703545543127737,16.613024763,carbonZ_2018-09-11-17-55-30_2_left_aileron_failure,aileron,-23.0599994659,-68.4628448486,8.82074356079,47,-26.0946331024,-2.03545427322,149.633499146,-15.9466629028,11.1186189651,0.838456392288,0
1536703545596242252,16.666139278,carbonZ_2018-09-11-17-55-30_2_left_aileron_failure,aileron,-23.0599994659,-68.4628448486,8.82074356079,47,-26.0946331024,-2.03545427322,149.633499146,-15.7436170578,11.3797397614,0.986194491386,0
1536703545661494460,16.731391486,carbonZ_2018-09-11-17-55-30_2_left_aileron_failure,aileron,-22.9799995422,-61.5361213684,8.11838340759,46,-26.0946331024,-2.03545427322,149.633499146,-15.6374864578,11.5295219421,1.04198288918,0
1536703545693415699,16.763312725,carbonZ_2018-09-11-17-55-30_2_left_aileron_failure,aileron,-22.9799995422,-61.5361213684,8.11838340759,46,-26.0946331024,-2.03545427322,149.633499146,-15.521853447,11.678194046,1.06615030766,0
1536703545739913971,16.809810997,carbonZ_2018-09-11-17-55-30_2_left_aileron_failure,aileron,-22.8999996185,-61.5361213684,7.44072246552,46,-25.2108669281,-4.19654607773,142.462142944,-15.3362140656,11.9234199524,1.08252751827,0
1536703545817894675,16.887791701,carbonZ_2018-09-11-17-55-30_2_left_aileron_failure,aileron,-22.8999996185,-61.5361213684,7.44072246552,46,-25.2108669281,-4.19654607773,142.462142944,-15.1575317383,12.1421337128,1.14800179005,0
1536703545857015793,16.926912819,carbonZ_2018-09-11-17-55-30_2_left_aileron_failure,aileron,-22.7999992371,-66.2983856201,6.82140159607,45,-25.2108669281,-4.19654607773,142.462142944,-15.1018037796,12.2171478271,1.17684292793,0
1536703545892205282,16.962102308,carbonZ_2018-09-11-17-55-30_2_left_aileron_failure,aileron,-22.7999992371,-66.2983856201,6.82140159607,45,-25.2108669281,-4.19654607773,142.462142944,-14.9274463654,12.4264307022,1.24924647808,0
1536703545947264939,17.017161965,carbonZ_2018-09-11-17-55-30_2_left_aileron_failure,aileron,-22.6999988556,-66.2983856201,6.22617483139,44,-25.2108669281,-4.19654607773,142.462142944,-14.7939186096,12.5802249908,1.27658963203,0
1536703546020301621,17.090198647,carbonZ_2018-09-11-17-55-30_2_left_aileron_failure,aileron,-22.5900001526,-75.6459197998,5.69485569,44,-25.2108669281,-4.19654607773,142.462142944,-14.5231227875,12.9041509628,1.28439939022,0
1536703546067743326,17.137640352,carbonZ_2018-09-11-17-55-30_2_left_aileron_failure,aileron,-22.5900001526,-75.6459197998,5.69485569,44,-25.2108669281,-4.19654607773,142.462142944,-14.3818435669,13.0579919815,1.27827382088,0
1536703546082747550,17.152644576,carbonZ_2018-09-11-17-55-30_2_left_aileron_failure,aileron,-22.5900001526,-75.6459197998,5.69485569,44,-25.2108669281,-4.19654607773,142.462142944,-14.2476053238,13.2097253799,1.27851200104,0
1536703546136988662,17.206885688,carbonZ_2018-09-11-17-55-30_2_left_aileron_failure,aileron,-22.4799995422,-75.6459197998,5.21377468109,44,-25.2108669281,-4.19654607773,142.462142944,-14.1102733612,13.352812767,1.30070638657,0
1536703546217765976,17.287663002,carbonZ_2018-09-11-17-55-30_2_left_aileron_failure,aileron,-22.4799995422,-75.6459197998,5.21377468109,44,-25.0806465149,-4.10059738159,135.103088379,-13.8344688416,13.6410160065,1.33986151218,0
1536703546247547227,17.317444253,carbonZ_2018-09-11-17-55-30_2_left_aileron_failure,aileron,-22.359998703,-79.5912780762,4.78680229187,43,-25.0806465149,-4.10059738159,135.103088379,-13.7656869888,13.70753479,1.33713471889,0
1536703546314687968,17.384584994,carbonZ_2018-09-11-17-55-30_2_left_aileron_failure,aileron,-22.359998703,-79.5912780762,4.78680229187,43,-25.0806465149,-4.10059738159,135.103088379,-13.5737075806,13.9015665054,1.39684307575,0
1536703546352785553,17.422682579,carbonZ_2018-09-11-17-55-30_2_left_aileron_failure,aileron,-22.2399997711,-79.5912780762,4.39372205734,43,-25.0806465149,-4.10059738159,135.103088379,-13.4545764923,14.0071458817,1.46636474133,0
1536703546425823384,17.49572041,carbonZ_2018-09-11-17-55-30_2_left_aileron_failure,aileron,-22.2399997711,-79.5912780762,4.39372205734,43,-25.0806465149,-4.10059738159,135.103088379,-13.2101392746,14.2259225845,1.57978856564,0
1536703546445660144,17.51555717,carbonZ_2018-09-11-17-55-30_2_left_aileron_failure,aileron,-22.109998703,-94.2028961182,4.05366277695,43,-25.0806465149,-4.10059738159,135.103088379,-13.1508483887,14.2818155289,1.60798287392,0
1536703546564590306,17.634487332,carbonZ_2018-09-11-17-55-30_2_left_aileron_failure,aileron,-21.9599990845,-94.2028961182,3.73418354988,44,-22.8133125305,-4.46209383011,131.198425293,-12.8189573288,14.5840682983,1.59841430187,0
1536703546585753725,17.655650751,carbonZ_2018-09-11-17-55-30_2_left_aileron_failure,aileron,-21.9599990845,-94.2028961182,3.73418354988,44,-22.8133125305,-4.46209383011,131.198425293,-12.6757793427,14.7078495026,1.56434392929,0
1536703546637263728,17.707160754,carbonZ_2018-09-11-17-55-30_2_left_aileron_failure,aileron,-21.9599990845,-94.2028961182,3.73418354988,44,-22.8133125305,-4.46209383011,131.198425293,-12.5415735245,14.8301677704,1.52092576027,0
1536703546698239225,17.768136251,carbonZ_2018-09-11-17-55-30_2_left_aileron_failure,aileron,-21.8099994659,-102.879043579,3.47630238533,44,-22.8133125305,-4.46209383011,131.198425293,-12.3091573715,15.0257701874,1.52687847614,0
1536703546725256503,17.795153529,carbonZ_2018-09-11-17-55-30_2_left_aileron_failure,aileron,-21.6700000763,-102.879043579,3.25147724152,44,-22.8133125305,-4.46209383011,131.198425293,-12.3091573715,15.0257701874,1.52687847614,0
1536703546773936583,17.843833609,carbonZ_2018-09-11-17-55-30_2_left_aileron_failure,aileron,-21.6700000763,-102.879043579,3.25147724152,44,-22.8133125305,-4.46209383011,131.198425293,-12.1494131088,15.139008522,1.59545135498,0
1536703546796716512,17.866613538,carbonZ_2018-09-11-17-55-30_2_left_aileron_failure,aileron,-21.6700000763,-102.879043579,3.25147724152,44,-22.8133125305,-4.46209383011,131.198425293,-12.0453147888,15.2171955109,1.61778783798,0
1536703546848635178,17.918532204,carbonZ_2018-09-11-17-55-30_2_left_aileron_failure,aileron,-21.5200004578,-120.341400146,3.06271576881,45,-17.3168964386,-4.55456542969,125.58127594,-11.930273056,15.3044481277,1.62395787239,0
1536703546927459669,17.997356695,carbonZ_2018-09-11-17-55-30_2_left_aileron_failure,aileron,-21.5200004578,-120.341400146,3.06271576881,45,-17.3168964386,-4.55456542969,125.58127594,-11.7677955627,15.432390213,1.58823466301,0
1536703546955554140,18.025451166,carbonZ_2018-09-11-17-55-30_2_left_aileron_failure,aileron,-21.3699989319,-120.341400146,2.88969564438,46,-17.3168964386,-4.55456542969,125.58127594,-11.6418437958,15.525803566,1.54168510437,0
1536703547008610126,18.078507152,carbonZ_2018-09-11-17-55-30_2_left_aileron_failure,aileron,-21.3699989319,-120.341400146,2.88969564438,46,-17.3168964386,-4.55456542969,125.58127594,-11.3204174042,15.751124382,1.36123049259,0
1536703547061821562,18.131718588,carbonZ_2018-09-11-17-55-30_2_left_aileron_failure,aileron,-21.2199993134,-127.425857544,2.76605558395,46,-17.3168964386,-4.55456542969,125.58127594,-11.3204174042,15.751124382,1.36123049259,0
1536703547116412969,18.186309995,carbonZ_2018-09-11-17-55-30_2_left_aileron_failure,aileron,-21.2199993134,-127.425857544,2.76605558395,46,-17.3168964386,-4.55456542969,125.58127594,-11.1305866241,15.8814334869,1.22221755981,0
1536703547152832701,18.222729727,carbonZ_2018-09-11-17-55-30_2_left_aileron_failure,aileron,-21.1000003815,-127.425857544,2.66977524757,47,-14.777472496,-3.41154980659,120.994003296,-10.9954595566,15.967757225,1.1533292532,0
1536703547215108903,18.285005929,carbonZ_2018-09-11-17-55-30_2_left_aileron_failure,aileron,-21.1000003815,-127.425857544,2.66977524757,47,-14.777472496,-3.41154980659,120.994003296,-10.7514066696,16.1092357635,1.02531337738,0
1536703547243588453,18.313485479,carbonZ_2018-09-11-17-55-30_2_left_aileron_failure,aileron,-21.0,-147.407440186,2.6263885498,48,-14.777472496,-3.41154980659,120.994003296,-10.6873130798,16.1449661255,0.989281594753,0
1536703547296143680,18.366040706,carbonZ_2018-09-11-17-55-30_2_left_aileron_failure,aileron,-21.0,-147.407440186,2.6263885498,48,-14.777472496,-3.41154980659,120.994003296,-10.5229072571,16.2370815277,0.887942910194,0
1536703547344308952,18.414205978,carbonZ_2018-09-11-17-55-30_2_left_aileron_failure,aileron,-20.9200000763,-147.407440186,2.59522747993,49,-14.777472496,-3.41154980659,120.994003296,-10.4051008224,16.299041748,0.808231890202,0
1536703547419851718,18.489748744,carbonZ_2018-09-11-17-55-30_2_left_aileron_failure,aileron,-20.9200000763,-147.407440186,2.59522747993,49,-14.777472496,-3.41154980659,120.994003296,-10.1749105453,16.4024429321,0.620081543922,0
1536703547442361700,18.512258726,carbonZ_2018-09-11-17-55-30_2_left_aileron_failure,aileron,-20.859998703,-160.503677368,2.61865377426,50,-14.777472496,-3.41154980659,120.994003296,-10.1218996048,16.4240379333,0.575297474861,0
1536703547487342816,18.557239842,carbonZ_2018-09-11-17-55-30_2_left_aileron_failure,aileron,-20.859998703,-160.503677368,2.61865377426,50,-14.777472496,-3.41154980659,120.994003296,-10.0130710602,16.4730701447,0.503244817257,0
1536703547564956386,18.634853412,carbonZ_2018-09-11-17-55-30_2_left_aileron_failure,aileron,-20.8199996948,-160.503677368,2.66205453873,51,-14.777472496,-3.41154980659,120.994003296,-9.82642269135,16.5392837524,0.349896997213,0
1536703547608848342,18.678745368,carbonZ_2018-09-11-17-55-30_2_left_aileron_failure,aileron,-20.8199996948,-160.503677368,2.66205453873,51,-8.32294654846,-1.22487068176,116.278808594,-9.73438930511,16.5698947906,0.308811694384,0
1536703547638623800,18.708520826,carbonZ_2018-09-11-17-55-30_2_left_aileron_failure,aileron,-20.7999992371,-164.15032959,2.73546552658,52,-8.32294654846,-1.22487068176,116.278808594,-9.6561498642,16.5899410248,0.301449865103,0
1536703547703121587,18.773018613,carbonZ_2018-09-11-17-55-30_2_left_aileron_failure,aileron,-20.7999992371,-164.15032959,2.73546552658,52,-8.32294654846,-1.22487068176,116.278808594,-9.55299949646,16.6118469238,0.319042772055,0
1536703547720439488,18.790336514,carbonZ_2018-09-11-17-55-30_2_left_aileron_failure,aileron,-20.7999992371,-164.15032959,2.73546552658,52,-8.32294654846,-1.22487068176,116.278808594,-9.51457309723,16.6238059998,0.326693385839,0
1536703547785045464,18.85494249,carbonZ_2018-09-11-17-55-30_2_left_aileron_failure,aileron,-20.7700004578,-164.15032959,2.8116645813,54,-8.32294654846,-1.22487068176,116.278808594,-9.36652851105,16.6489429474,0.339266628027,0
1536703547842226543,18.912123569,carbonZ_2018-09-11-17-55-30_2_left_aileron_failure,aileron,-20.75,-165.555099487,2.90516805649,55,-8.32294654846,-1.22487068176,116.278808594,-9.30362224579,16.6567878723,0.334377735853,0
1536703547862678233,18.932575259,carbonZ_2018-09-11-17-55-30_2_left_aileron_failure,aileron,-20.75,-165.555099487,2.90516805649,55,-8.32294654846,-1.22487068176,116.278808594,-9.26845264435,16.6647434235,0.32705527544,0
1536703547912419120,18.982316146,carbonZ_2018-09-11-17-55-30_2_left_aileron_failure,aileron,-20.75,-165.555099487,2.90516805649,55,-8.32294654846,-1.22487068176,116.278808594,-9.18016529083,16.6765556335,0.306268692017,0
1536703547954560489,19.024457515,carbonZ_2018-09-11-17-55-30_2_left_aileron_failure,aileron,-20.7199993134,-165.555099487,3.01912665367,56,-8.32294654846,-1.22487068176,116.278808594,-9.15627098083,16.6715450287,0.292387962341,0
1536703548000885897,19.070782923,carbonZ_2018-09-11-17-55-30_2_left_aileron_failure,aileron,-20.7199993134,-165.555099487,3.01912665367,56,-8.32294654846,-1.22487068176,116.278808594,-9.0794878006,16.661272049,0.286169230938,0
1536703548031486040,19.101383066,carbonZ_2018-09-11-17-55-30_2_left_aileron_failure,aileron,-20.6899986267,-165.637115479,3.13804531097,58,-2.04485440254,0.0504702962935,115.112289429,-9.03826236725,16.6520290375,0.269809454679,0
1536703548097835112,19.167732138,carbonZ_2018-09-11-17-55-30_2_left_aileron_failure,aileron,-20.6899986267,-165.637115479,3.13804531097,58,-2.04485440254,0.0504702962935,115.112289429,-8.99676895142,16.6273899078,0.197665780783,0
1536703548123268391,19.193165417,carbonZ_2018-09-11-17-55-30_2_left_aileron_failure,aileron,-20.6899986267,-165.637115479,3.13804531097,58,-2.04485440254,0.0504702962935,115.112289429,-8.98146152496,16.623260498,0.172844320536,0
1536703548210526838,19.280423864,carbonZ_2018-09-11-17-55-30_2_left_aileron_failure,aileron,-20.6599998474,-165.637115479,3.26205205917,59,-2.04485440254,0.0504702962935,115.112289429,-8.94125080109,16.5831794739,0.0977226272225,0
1536703548238699609,19.308596635,carbonZ_2018-09-11-17-55-30_2_left_aileron_failure,aileron,-20.6399993896,-164.898590088,3.38593053818,61,-2.04485440254,0.0504702962935,115.112289429,-8.93068408966,16.5548362732,0.0824459716678,0
1536703548287907961,19.357804987,carbonZ_2018-09-11-17-55-30_2_left_aileron_failure,aileron,-20.6399993896,-164.898590088,3.38593053818,61,-2.04485440254,0.0504702962935,115.112289429,-8.91808128357,16.5328063965,0.0806004554033,0
1536703548303360302,19.373257328,carbonZ_2018-09-11-17-55-30_2_left_aileron_failure,aileron,-20.6399993896,-164.898590088,3.38593053818,61,-2.04485440254,0.0504702962935,115.112289429,-8.91538143158,16.5199508667,0.0896203294396,0
1536703548341401469,19.411298495,carbonZ_2018-09-11-17-55-30_2_left_aileron_failure,aileron,-20.6299991608,-164.898590088,3.50823545456,62,-2.04485440254,0.0504702962935,115.112289429,-8.92451667786,16.4836559296,0.0949504226446,0
1536703548399700474,19.4695975,carbonZ_2018-09-11-17-55-30_2_left_aileron_failure,aileron,-20.6299991608,-164.898590088,3.50823545456,62,-2.04485440254,0.0504702962935,115.112289429,-8.92702770233,16.4142227173,0.083102285862,0
1536703548486983881,19.556880907,carbonZ_2018-09-11-17-55-30_2_left_aileron_failure,aileron,-20.6199989319,-169.768234253,3.6231546402,63,-2.04485440254,0.0504702962935,115.112289429,-8.94558620453,16.3549041748,0.0378257483244,0
1536703548519503055,19.589400081,carbonZ_2018-09-11-17-55-30_2_left_aileron_failure,aileron,-20.6199989319,-169.768234253,3.6231546402,63,6.50069379807,1.1813826561,114.95022583,-8.9528837204,16.3357753754,0.0172794666141,0
1536703548555304079,19.625201105,carbonZ_2018-09-11-17-55-30_2_left_aileron_failure,aileron,-20.609998703,-169.768234253,3.71531963348,65,6.50069379807,1.1813826561,114.95022583,-8.9528837204,16.3357753754,0.0172794666141,0
1536703548616141045,19.686038071,carbonZ_2018-09-11-17-55-30_2_left_aileron_failure,aileron,-20.609998703,-169.768234253,3.71531963348,65,6.50069379807,1.1813826561,114.95022583,-8.99435806274,16.2371673584,-0.0610677301884,0
1536703548635789039,19.705686065,carbonZ_2018-09-11-17-55-30_2_left_aileron_failure,aileron,-20.609998703,-161.56149292,3.81631660461,66,6.50069379807,1.1813826561,114.95022583,-9.01511096954,16.1981258392,-0.0876676440239,0
1536703548731826402,19.801723428,carbonZ_2018-09-11-17-55-30_2_left_aileron_failure,aileron,-20.609998703,-161.56149292,3.81631660461,66,6.50069379807,1.1813826561,114.95022583,-9.05275917053,16.127117157,-0.118331991136,0
1536703548748132868,19.818029894,carbonZ_2018-09-11-17-55-30_2_left_aileron_failure,aileron,-20.609998703,-161.56149292,3.8939538002,68,6.50069379807,1.1813826561,114.95022583,-9.06815242767,16.1040878296,-0.131559237838,0
1536703548794334341,19.864231367,carbonZ_2018-09-11-17-55-30_2_left_aileron_failure,aileron,-20.609998703,-161.56149292,3.8939538002,68,6.50069379807,1.1813826561,114.95022583,-9.10536289215,16.0352306366,-0.159677416086,0
1536703548829693102,19.899590128,carbonZ_2018-09-11-17-55-30_2_left_aileron_failure,aileron,-20.6199989319,-151.315216064,3.97001862526,69,6.50069379807,1.1813826561,114.95022583,-9.1341047287,15.9758749008,-0.182005807757,0
1536703548926633293,19.996530319,carbonZ_2018-09-11-17-55-30_2_left_aileron_failure,aileron,-20.6199989319,-151.315216064,3.97001862526,69,8.24850654602,1.64212572575,114.61643219,-9.17908382416,15.9059658051,-0.228877007961,0
1536703548952201449,20.022098475,carbonZ_2018-09-11-17-55-30_2_left_aileron_failure,aileron,-20.6399993896,-151.315216064,4.03373718262,71,8.24850654602,1.64212572575,114.61643219,-9.19154167175,15.8831892014,-0.250332832336,0
1536703549014914950,20.084811976,carbonZ_2018-09-11-17-55-30_2_left_aileron_failure,aileron,-20.6399993896,-151.315216064,4.03373718262,71,8.24850654602,1.64212572575,114.61643219,-9.22106456757,15.8164272308,-0.324128806591,0
1536703549105079636,20.174976662,carbonZ_2018-09-11-17-55-30_2_left_aileron_failure,aileron,-20.6599998474,-140.535644531,4.08135461807,72,8.24850654602,1.64212572575,114.61643219,-9.2675819397,15.7063760757,-0.414493888617,0
1536703549180127846,20.250024872,carbonZ_2018-09-11-17-55-30_2_left_aileron_failure,aileron,-20.6999988556,-140.535644531,4.12667322159,74,8.24850654602,1.64212572575,114.61643219,-9.29389953613,15.622218132,-0.42242321372,0
1536703549228943788,20.298840814,carbonZ_2018-09-11-17-55-30_2_left_aileron_failure,aileron,-20.6999988556,-140.535644531,4.12667322159,74,8.24850654602,1.64212572575,114.61643219,-9.30985832214,15.5776529312,-0.41922840476,0
1536703549248840320,20.318737346,carbonZ_2018-09-11-17-55-30_2_left_aileron_failure,aileron,-20.7299995422,-122.191329956,4.15855026245,75,8.45992660522,2.27049970627,114.660217285,-9.31249237061,15.5584287643,-0.419121205807,0
1536703549295251418,20.365148444,carbonZ_2018-09-11-17-55-30_2_left_aileron_failure,aileron,-20.7299995422,-122.191329956,4.15855026245,75,8.45992660522,2.27049970627,114.660217285,-9.3259267807,15.5040540695,-0.394118964672,0
1536703549360383298,20.430280324,carbonZ_2018-09-11-17-55-30_2_left_aileron_failure,aileron,-20.7600002289,-122.191329956,4.18268060684,77,8.45992660522,2.27049970627,114.660217285,-9.35059452057,15.4450902939,-0.353400111198,0
1536703549410940163,20.480837189,carbonZ_2018-09-11-17-55-30_2_left_aileron_failure,aileron,-20.7600002289,-122.191329956,4.18268060684,77,8.45992660522,2.27049970627,114.660217285,-9.36030960083,15.4085845947,-0.326058983803,0
1536703549478711665,20.548608691,carbonZ_2018-09-11-17-55-30_2_left_aileron_failure,aileron,-20.7899990082,-117.13571167,4.21007919312,78,8.45992660522,2.27049970627,114.660217285,-9.3898601532,15.3417510986,-0.268251478672,0
1536703549519330568,20.589227594,carbonZ_2018-09-11-17-55-30_2_left_aileron_failure,aileron,-20.7899990082,-117.13571167,4.21007919312,78,8.45992660522,2.27049970627,114.660217285,-9.40810394287,15.3049898148,-0.253058344126,0
1536703549571318346,20.641215372,carbonZ_2018-09-11-17-55-30_2_left_aileron_failure,aileron,-20.7999992371,-117.13571167,4.23046398163,80,8.45992660522,2.27049970627,114.660217285,-9.42007064819,15.2759456635,-0.240647360682,0
1536703549647287272,20.717184298,carbonZ_2018-09-11-17-55-30_2_left_aileron_failure,aileron,-20.8099994659,-107.43951416,4.24394178391,81,8.45992660522,2.27049970627,114.660217285,-9.47147274017,15.1997833252,-0.267238616943,0
1536703549754878079,20.824775105,carbonZ_2018-09-11-17-55-30_2_left_aileron_failure,aileron,-20.8299999237,-107.43951416,4.24397945404,83,8.08531665802,1.67004561424,117.134162903,-9.53209209442,15.1061096191,-0.362722694874,0
1536703549806490921,20.876387947,carbonZ_2018-09-11-17-55-30_2_left_aileron_failure,aileron,-20.8299999237,-107.43951416,4.24397945404,83,8.08531665802,1.67004561424,117.134162903,-9.56618309021,15.0309581757,-0.468511879444,0
1536703549841020995,20.910918021,carbonZ_2018-09-11-17-55-30_2_left_aileron_failure,aileron,-20.8500003815,-93.5540161133,4.2402677536,84,8.08531665802,1.67004561424,117.134162903,-9.58875656128,14.994140625,-0.530527830124,0
1536703549901571277,20.971468303,carbonZ_2018-09-11-17-55-30_2_left_aileron_failure,aileron,-20.8500003815,-93.5540161133,4.2402677536,84,8.08531665802,1.67004561424,117.134162903,-9.61610984802,14.9495420456,-0.613764166832,0
1536703549948638809,21.018535835,carbonZ_2018-09-11-17-55-30_2_left_aileron_failure,aileron,-20.8999996185,-93.5540161133,4.23038482666,86,8.08531665802,1.67004561424,117.134162903,-9.63154888153,14.9159440994,-0.705853521824,0
1536703550046464223,21.116361249,carbonZ_2018-09-11-17-55-30_2_left_aileron_failure,aileron,-20.9599990845,-81.0185394287,4.19544172287,87,8.08531665802,1.67004561424,117.134162903,-9.69248199463,14.8115949631,-0.916703402996,0
1536703550124208468,21.194105494,carbonZ_2018-09-11-17-55-30_2_left_aileron_failure,aileron,-20.9599990845,-81.0185394287,4.19544172287,87,8.08531665802,1.67004561424,117.134162903,-9.73538398743,14.7387771606,-1.03921306133,0
1536703550141110120,21.211007146,carbonZ_2018-09-11-17-55-30_2_left_aileron_failure,aileron,-21.0499992371,-81.0185394287,4.15819883347,89,8.08531665802,1.67004561424,117.134162903,-9.7483549118,14.7180709839,-1.05372262001,0
1536703550209707266,21.279604292,carbonZ_2018-09-11-17-55-30_2_left_aileron_failure,aileron,-21.0499992371,-81.0185394287,4.15819883347,89,8.08531665802,1.67004561424,117.134162903,-9.77037239075,14.6678857803,-1.06838595867,0
1536703550243291151,21.313188177,carbonZ_2018-09-11-17-55-30_2_left_aileron_failure,aileron,-21.1499996185,-75.5221405029,4.13039541245,90,7.87130022049,2.95363426208,118.447746277,-9.78528308868,14.6376075745,-1.07045304775,0
1536703550298513257,21.368410283,carbonZ_2018-09-11-17-55-30_2_left_aileron_failure,aileron,-21.1499996185,-75.5221405029,4.13039541245,90,7.87130022049,2.95363426208,118.447746277,-9.8177728653,14.5861330032,-1.06106245518,0
1536703550387326832,21.457223858,carbonZ_2018-09-11-17-55-30_2_left_aileron_failure,aileron,-21.25,-75.5221405029,4.08540534973,92,7.87130022049,2.95363426208,118.447746277,-9.83982181549,14.5400323868,-1.0032607317,0
1536703550403626608,21.473523634,carbonZ_2018-09-11-17-55-30_2_left_aileron_failure,aileron,-21.25,-75.5221405029,4.08540534973,92,7.87130022049,2.95363426208,118.447746277,-9.85109901428,14.5238389969,-0.995112061501,0
1536703550447803737,21.517700763,carbonZ_2018-09-11-17-55-30_2_left_aileron_failure,aileron,-21.3500003815,-64.9182281494,4.04368209839,94,7.87130022049,2.95363426208,118.447746277,-9.86897850037,14.4977226257,-0.969416737556,0
1536703550528592396,21.598489422,carbonZ_2018-09-11-17-55-30_2_left_aileron_failure,aileron,-21.3500003815,-64.9182281494,4.04368209839,94,7.87130022049,2.95363426208,118.447746277,-9.89801216125,14.4553365707,-0.886754930019,0
1536703550563017350,21.632914376,carbonZ_2018-09-11-17-55-30_2_left_aileron_failure,aileron,-21.4499988556,-64.9182281494,3.99094605446,95,7.0805683136,1.41477966309,117.615867615,-9.90418148041,14.443025589,-0.865046441555,0
1536703550601767492,21.671664518,carbonZ_2018-09-11-17-55-30_2_left_aileron_failure,aileron,-21.4499988556,-64.9182281494,3.99094605446,95,7.0805683136,1.41477966309,117.615867615,-9.91068172455,14.4246587753,-0.784249186516,0
1536703550645104542,21.715001568,carbonZ_2018-09-11-17-55-30_2_left_aileron_failure,aileron,-21.5200004578,-54.9733161926,3.94474315643,97,7.0805683136,1.41477966309,117.615867615,-9.92780971527,14.4012880325,-0.748558163643,0
1536703550685228829,21.755125855,carbonZ_2018-09-11-17-55-30_2_left_aileron_failure,aileron,-21.5200004578,-54.9733161926,3.94474315643,97,7.0805683136,1.41477966309,117.615867615,-9.93294906616,14.3817539215,-0.700234472752,0
1536703550766898206,21.836795232,carbonZ_2018-09-11-17-55-30_2_left_aileron_failure,aileron,-21.5900001526,-54.9733161926,3.88461899757,98,7.0805683136,1.41477966309,117.615867615,-9.9438457489,14.3553609848,-0.67690628767,0
1536703550793991542,21.863888568,carbonZ_2018-09-11-17-55-30_2_left_aileron_failure,aileron,-21.5900001526,-54.9733161926,3.88461899757,98,7.0805683136,1.41477966309,117.615867615,-9.93948745728,14.3481903076,-0.639177262783,0
1536703550850991850,21.920888876,carbonZ_2018-09-11-17-55-30_2_left_aileron_failure,aileron,-21.6499996185,-42.4876213074,3.83127641678,100,7.0805683136,1.41477966309,117.615867615,-9.9452791214,14.3273925781,-0.57086700201,0
1536703550894911256,21.964808282,carbonZ_2018-09-11-17-55-30_2_left_aileron_failure,aileron,-21.6499996185,-42.4876213074,3.83127641678,100,5.95424318314,0.120499268174,116.454399109,-9.94069099426,14.3241605759,-0.524161279202,0
1536703550951418391,22.021315417,carbonZ_2018-09-11-17-55-30_2_left_aileron_failure,aileron,-21.6999988556,-42.4876213074,3.77115392685,101,5.95424318314,0.120499268174,116.454399109,-9.94420337677,14.3153934479,-0.435638487339,0
1536703551003150268,22.073047294,carbonZ_2018-09-11-17-55-30_2_left_aileron_failure,aileron,-21.6999988556,-42.4876213074,3.77115392685,101,5.95424318314,0.120499268174,116.454399109,-9.94488525391,14.316028595,-0.399218320847,0
1536703551033658890,22.103555916,carbonZ_2018-09-11-17-55-30_2_left_aileron_failure,aileron,-21.7399997711,-46.8482017517,3.72168374062,103,5.95424318314,0.120499268174,116.454399109,-9.95464801788,14.3093528748,-0.323209643364,0
1536703551125709607,22.195606633,carbonZ_2018-09-11-17-55-30_2_left_aileron_failure,aileron,-21.7399997711,-46.8482017517,3.72168374062,103,5.95424318314,0.120499268174,116.454399109,-9.95118618011,14.313082695,-0.117723837495,0
1536703551167272325,22.237169351,carbonZ_2018-09-11-17-55-30_2_left_aileron_failure,aileron,-21.7600002289,-46.8482017517,3.66156196594,104,5.95424318314,0.120499268174,116.454399109,-9.9434928894,14.3180494308,-0.0214722491801,0
1536703551202582379,22.272479405,carbonZ_2018-09-11-17-55-30_2_left_aileron_failure,aileron,-21.7600002289,-46.8482017517,3.66156196594,104,5.95424318314,0.120499268174,116.454399109,-9.94088935852,14.3250837326,0.123609676957,0
1536703551261844876,22.331741902,carbonZ_2018-09-11-17-55-30_2_left_aileron_failure,aileron,-21.75,-37.6986503601,3.61535739899,106,5.95424318314,0.120499268174,116.454399109,-9.93198204041,14.3329706192,0.240569502115,0
1536703551314347455,22.384244481,carbonZ_2018-09-11-17-55-30_2_left_aileron_failure,aileron,-21.75,-37.6986503601,3.61535739899,106,5.95424318314,0.120499268174,116.454399109,-9.93358135223,14.3356599808,0.363390654325,0
1536703551367909819,22.437806845,carbonZ_2018-09-11-17-55-30_2_left_aileron_failure,aileron,-21.7199993134,-37.6986503601,3.57145309448,108,2.82272696495,-2.13343834877,116.392211914,-9.92156791687,14.3469285965,0.525995790958,0
1536703551433593361,22.503490387,carbonZ_2018-09-11-17-55-30_2_left_aileron_failure,aileron,-21.7199993134,-37.6986503601,3.57145309448,108,2.82272696495,-2.13343834877,116.392211914,-9.91975212097,14.3570966721,0.646231532097,0
1536703551455737491,22.525634517,carbonZ_2018-09-11-17-55-30_2_left_aileron_failure,aileron,-21.6499996185,-37.1098518372,3.5297305584,109,2.82272696495,-2.13343834877,116.392211914,-9.91357421875,14.362364769,0.685396373272,0
1536703551494254995,22.564152021,carbonZ_2018-09-11-17-55-30_2_left_aileron_failure,aileron,-21.6499996185,-37.1098518372,3.5297305584,109,2.82272696495,-2.13343834877,116.392211914,-9.91037368774,14.3717021942,0.797110319138,0
1536703551551354467,22.621251493,carbonZ_2018-09-11-17-55-30_2_left_aileron_failure,aileron,-21.5599994659,-37.1098518372,3.4835267067,111,2.82272696495,-2.13343834877,116.392211914,-9.89629173279,14.3888645172,0.836080431938,0
1536703551652429725,22.722326751,carbonZ_2018-09-11-17-55-30_2_left_aileron_failure,aileron,-21.4599990845,-33.6188316345,3.43405652046,112,2.82272696495,-2.13343834877,116.392211914,-9.86226177216,14.440653801,0.882252752781,0
1536703551723640540,22.793537566,carbonZ_2018-09-11-17-55-30_2_left_aileron_failure,aileron,-21.4599990845,-33.6188316345,3.43405652046,112,2.82272696495,-2.13343834877,116.392211914,-9.84127235413,14.4634714127,0.883322417736,0
1536703551757478177,22.827375203,carbonZ_2018-09-11-17-55-30_2_left_aileron_failure,aileron,-21.359998703,-33.6188316345,3.3923330307,114,2.82272696495,-2.13343834877,116.392211914,-9.81212711334,14.4882154465,0.896465480328,0
1536703551806051369,22.875948395,carbonZ_2018-09-11-17-55-30_2_left_aileron_failure,aileron,-21.359998703,-33.6188316345,3.3923330307,114,1.37602901459,-2.28430819511,115.995925903,-9.79467868805,14.505566597,0.909555673599,0
1536703551849155206,22.919052232,carbonZ_2018-09-11-17-55-30_2_left_aileron_failure,aileron,-21.2600002289,-35.9955787659,3.38729381561,116,1.37602901459,-2.28430819511,115.995925903,-9.76920795441,14.5262012482,0.935621321201,0
1536703551927630824,22.99752785,carbonZ_2018-09-11-17-55-30_2_left_aileron_failure,aileron,-21.2600002289,-35.9955787659,3.38729381561,116,1.37602901459,-2.28430819511,115.995925903,-9.7386007309,14.5555038452,1.01110100746,0
1536703551953898161,23.023795187,carbonZ_2018-09-11-17-55-30_2_left_aileron_failure,aileron,-21.1599998474,-34.9954605103,3.35942673683,117,1.37602901459,-2.28430819511,115.995925903,-9.72843074799,14.5645809174,1.027389884,0
1536703552012038122,23.081935148,carbonZ_2018-09-11-17-55-30_2_left_aileron_failure,aileron,-21.1599998474,-34.9954605103,3.35942673683,117,1.37602901459,-2.28430819511,115.995925903,-9.69272232056,14.6116933823,1.07951903343,0
1536703552058195364,23.12809239,carbonZ_2018-09-11-17-55-30_2_left_aileron_failure,aileron,-21.0499992371,-53.5411834717,3.36315774918,119,1.37602901459,-2.28430819511,115.995925903,-9.69272232056,14.6116933823,1.07951903343,0
1536703552087854659,23.157751685,carbonZ_2018-09-11-17-55-30_2_left_aileron_failure,aileron,-21.0499992371,-53.5411834717,3.36315774918,119,0.918960094452,-1.75936257839,116.569908142,-9.67296886444,14.633099556,1.07968664169,0
1536703552126527230,23.196424256,carbonZ_2018-09-11-17-55-30_2_left_aileron_failure,aileron,-21.0499992371,-53.5411834717,3.36315774918,119,0.918960094452,-1.75936257839,116.569908142,-9.65573596954,14.6529092789,1.07540023327,0
1536703552190861423,23.260758449,carbonZ_2018-09-11-17-55-30_2_left_aileron_failure,aileron,-20.9399986267,-53.5411834717,3.34867691994,121,0.918960094452,-1.75936257839,116.569908142,-9.62843132019,14.6856594086,1.02286469936,0
1536703552220272211,23.290169237,carbonZ_2018-09-11-17-55-30_2_left_aileron_failure,aileron,-20.9399986267,-53.5411834717,3.34867691994,121,0.918960094452,-1.75936257839,116.569908142,-9.60951137543,14.7062473297,1.00189483166,0
1536703552321250923,23.391147949,carbonZ_2018-09-11-17-55-30_2_left_aileron_failure,aileron,-20.8299999237,-50.6803512573,3.35259366035,122,0.918960094452,-1.75936257839,116.569908142,-9.59157657623,14.7312688828,0.978065550327,0
1536703552329196735,23.399093761,carbonZ_2018-09-11-17-55-30_2_left_aileron_failure,aileron,-20.8299999237,-50.6803512573,3.35259366035,122,0.918960094452,-1.75936257839,116.569908142,-9.58537197113,14.7390861511,0.959497928619,0
1536703552404608864,23.47450589,carbonZ_2018-09-11-17-55-30_2_left_aileron_failure,aileron,-20.7299995422,-50.6803512573,3.59810590744,124,0.918960094452,-1.75936257839,116.569908142,-9.52766513824,14.7962760925,0.873210370541,0
1536703552420888672,23.490785698,carbonZ_2018-09-11-17-55-30_2_left_aileron_failure,aileron,-20.7299995422,-50.6803512573,3.59810590744,124,0.918960094452,-1.75936257839,116.569908142,-9.51464653015,14.8085851669,0.854385375977,0
1536703552484117225,23.554014251,carbonZ_2018-09-11-17-55-30_2_left_aileron_failure,aileron,-20.6399993896,-55.0216674805,3.59322214127,126,0.918960094452,-1.75936257839,116.569908142,-9.48621082306,14.8388671875,0.77101701498,0
1536703552514634325,23.584531351,carbonZ_2018-09-11-17-55-30_2_left_aileron_failure,aileron,-20.6399993896,-55.0216674805,3.59322214127,126,0.918960094452,-1.75936257839,116.569908142,-9.46262836456,14.8627481461,0.724607169628,0
1536703552607636281,23.677533307,carbonZ_2018-09-11-17-55-30_2_left_aileron_failure,aileron,-20.5599994659,-55.0216674805,3.93940758705,127,0.918960094452,-1.75936257839,116.569908142,-9.41103649139,14.9136075974,0.666713237762,0
1536703552625723602,23.695620628,carbonZ_2018-09-11-17-55-30_2_left_aileron_failure,aileron,-20.5599994659,-55.0216674805,3.93940758705,127,0.191942647099,-1.00303006172,115.675498962,-9.39208030701,14.9330348969,0.637580871582,0
1536703552678420159,23.748317185,carbonZ_2018-09-11-17-55-30_2_left_aileron_failure,aileron,-20.5,-64.5849227905,3.93180727959,129,0.191942647099,-1.00303006172,115.675498962,-9.37022972107,14.9518127441,0.600557386875,0
1536703552742354008,23.812251034,carbonZ_2018-09-11-17-55-30_2_left_aileron_failure,aileron,-20.4399986267,-64.5849227905,4.89010334015,131,0.191942647099,-1.00303006172,115.675498962,-9.3235874176,14.9886579514,0.510000228882,0
1536703552812770597,23.882667623,carbonZ_2018-09-11-17-55-30_2_left_aileron_failure,aileron,-20.4399986267,-64.5849227905,4.89010334015,131,0.191942647099,-1.00303006172,115.675498962,-9.30481338501,15.0034856796,0.465999484062,0
1536703552822480915,23.892377941,carbonZ_2018-09-11-17-55-30_2_left_aileron_failure,aileron,-20.4399986267,-64.5849227905,4.89010334015,131,0.191942647099,-1.00303006172,115.675498962,-9.29751110077,15.0095834732,0.443110644817,0
1536703552855219855,23.925116881,carbonZ_2018-09-11-17-55-30_2_left_aileron_failure,aileron,-20.3899993896,-60.7437133789,4.82424926758,132,0.191942647099,-1.00303006172,115.675498962,-9.28485679626,15.0206480026,0.394856482744,0
1536703552930435220,24.000332246,carbonZ_2018-09-11-17-55-30_2_left_aileron_failure,aileron,-20.3899993896,-60.7437133789,4.82424926758,132,0.191942647099,-1.00303006172,115.675498962,-9.2628698349,15.0404682159,0.346322417259,0
1536703552955515798,24.025412824,carbonZ_2018-09-11-17-55-30_2_left_aileron_failure,aileron,-20.359998703,-60.7437133789,4.75439119339,134,0.191942647099,-1.00303006172,115.675498962,-9.2628698349,15.0404682159,0.346322417259,0
1536703553010131385,24.080028411,carbonZ_2018-09-11-17-55-30_2_left_aileron_failure,aileron,-20.359998703,-60.7437133789,4.75439119339,134,0.191942647099,-1.00303006172,115.675498962,-9.23336029053,15.0653352737,0.329150170088,0
1536703553035991144,24.10588817,carbonZ_2018-09-11-17-55-30_2_left_aileron_failure,aileron,-20.3299999237,-57.2790145874,5.62050151825,136,2.7099301815,-0.375560939312,114.572692871,-9.22710609436,15.0752849579,0.319649964571,0
1536703553096152273,24.166049299,carbonZ_2018-09-11-17-55-30_2_left_aileron_failure,aileron,-20.3299999237,-57.2790145874,5.62050151825,136,2.7099301815,-0.375560939312,114.572692871,-9.22553539276,15.0849266052,0.287319749594,0
1536703553149917956,24.219814982,carbonZ_2018-09-11-17-55-30_2_left_aileron_failure,aileron,-20.3099994659,-57.2790145874,5.49344921112,137,2.7099301815,-0.375560939312,114.572692871,-9.21497058868,15.0992231369,0.259840995073,0
1536703553222365794,24.29226282,carbonZ_2018-09-11-17-55-30_2_left_aileron_failure,aileron,-20.3099994659,-57.2790145874,5.49344921112,137,2.7099301815,-0.375560939312,114.572692871,-9.18797874451,15.1178998947,0.234061390162,0
1536703553242022872,24.311919898,carbonZ_2018-09-11-17-55-30_2_left_aileron_failure,aileron,-20.2799987793,-62.3264312744,8.03941726685,139,2.7099301815,-0.375560939312,114.572692871,-9.18302536011,15.1241235733,0.225242674351,0
1536703553315187015,24.385084041,carbonZ_2018-09-11-17-55-30_2_left_aileron_failure,aileron,-20.2799987793,-62.3264312744,8.03941726685,139,2.7099301815,-0.375560939312,114.572692871,-9.16765975952,15.1293563843,0.143524572253,0
1536703553336125857,24.406022883,carbonZ_2018-09-11-17-55-30_2_left_aileron_failure,aileron,-20.2700004578,-62.3264312744,7.70844364166,141,2.7099301815,-0.375560939312,114.572692871,-9.16765975952,15.1293563843,0.143524572253,0
1536703553406223218,24.476120244,carbonZ_2018-09-11-17-55-30_2_left_aileron_failure,aileron,-20.2700004578,-62.3264312744,7.70844364166,141,2.7099301815,-0.375560939312,114.572692871,-9.11928367615,15.152674675,-0.0253276750445,0
1536703553444190940,24.514087966,carbonZ_2018-09-11-17-55-30_2_left_aileron_failure,aileron,-20.2700004578,-70.6169128418,7.4137544632,143,1.32179570198,1.39195406437,113.697364807,-9.09236907959,15.1600704193,-0.0932805761695,0
1536703553531184415,24.601081441,carbonZ_2018-09-11-17-55-30_2_left_aileron_failure,aileron,-20.2899990082,-70.6169128418,7.82784414291,144,1.32179570198,1.39195406437,113.697364807,-9.0327539444,15.1765460968,-0.206185564399,0
1536703553579460201,24.649357227,carbonZ_2018-09-11-17-55-30_2_left_aileron_failure,aileron,-20.2899990082,-70.6169128418,7.82784414291,144,1.32179570198,1.39195406437,113.697364807,-8.96371364594,15.1948194504,-0.305627435446,0
1536703553614105402,24.684002428,carbonZ_2018-09-11-17-55-30_2_left_aileron_failure,aileron,-20.2899990082,-70.6169128418,7.82784414291,144,1.32179570198,1.39195406437,113.697364807,-8.90838718414,15.2114162445,-0.381974101067,0
1536703553710048699,24.779945725,carbonZ_2018-09-11-17-55-30_2_left_aileron_failure,aileron,-20.3299999237,16.1238670349,7.48374652863,146,1.32179570198,1.39195406437,113.697364807,-8.75764083862,15.2590579987,-0.545635223389,0
1536703553742878932,24.812775958,carbonZ_2018-09-11-17-55-30_2_left_aileron_failure,aileron,-20.3799991608,16.1238670349,10.2025585175,148,1.32179570198,1.39195406437,113.697364807,-8.75764083862,15.2590579987,-0.545635223389,0
1536703553776519963,24.846416989,carbonZ_2018-09-11-17-55-30_2_left_aileron_failure,aileron,-20.3799991608,16.1238670349,10.2025585175,148,1.32179570198,1.39195406437,113.697364807,-8.66739463806,15.2870731354,-0.522731602192,0
1536703553841991472,24.911888498,carbonZ_2018-09-11-17-55-30_2_left_aileron_failure,aileron,-20.4399986267,19.5066452026,9.65218734741,149,-6.03691720963,1.88084971905,112.302703857,-8.57968902588,15.3137025833,-0.476771205664,0
1536703553887996268,24.957893294,carbonZ_2018-09-11-17-55-30_2_left_aileron_failure,aileron,-20.4399986267,19.5066452026,9.65218734741,149,-6.03691720963,1.88084971905,112.302703857,-8.51393032074,15.3348579407,-0.443965822458,0
1536703553925050697,24.994947723,carbonZ_2018-09-11-17-55-30_2_left_aileron_failure,aileron,-20.4899997711,19.5066452026,9.11137580872,151,-6.03691720963,1.88084971905,112.302703857,-8.39408779144,15.3724746704,-0.415176659822,0
1536703554014377017,25.084274043,carbonZ_2018-09-11-17-55-30_2_left_aileron_failure,aileron,-20.4899997711,19.5066452026,9.11137580872,151,-6.03691720963,1.88084971905,112.302703857,-8.26728057861,15.4040803909,-0.38576194644,0
1536703554021757881,25.091654907,carbonZ_2018-09-11-17-55-30_2_left_aileron_failure,aileron,-20.4899997711,19.5066452026,9.11137580872,151,-6.03691720963,1.88084971905,112.302703857,-8.22499656677,15.4146938324,-0.376157969236,0
1536703554127045035,25.196942061,carbonZ_2018-09-11-17-55-30_2_left_aileron_failure,aileron,-20.5299987793,25.5056381226,10.8565139771,153,-6.03691720963,1.88084971905,112.302703857,-8.0040845871,15.4682893753,-0.372018426657,0
1536703554212440077,25.282337103,carbonZ_2018-09-11-17-55-30_2_left_aileron_failure,aileron,-20.5699996948,26.5057563782,10.1867723465,155,-6.03691720963,1.88084971905,112.302703857,-7.75838756561,15.5335550308,-0.473879218102,0
1536703554237314801,25.307211827,carbonZ_2018-09-11-17-55-30_2_left_aileron_failure,aileron,-20.609998703,17.1722412109,11.0503816605,156,-11.8705272675,2.2365424633,108.972389221,-7.63847303391,15.5608606339,-0.522099435329,0
1536703554301071209,25.370968235,carbonZ_2018-09-11-17-55-30_2_left_aileron_failure,aileron,-20.609998703,17.1722412109,11.0503816605,156,-11.8705272675,2.2365424633,108.972389221,-7.52050304413,15.5870828629,-0.573661088943,0
1536703554323988312,25.393885338,carbonZ_2018-09-11-17-55-30_2_left_aileron_failure,aileron,-20.609998703,17.1722412109,11.0503816605,156,-11.8705272675,2.2365424633,108.972389221,-7.40053939819,15.606467247,-0.638312339783,0
1536703554379342118,25.449239144,carbonZ_2018-09-11-17-55-30_2_left_aileron_failure,aileron,-20.6599998474,17.1722412109,10.3240833282,158,-11.8705272675,2.2365424633,108.972389221,-7.20883893967,15.6428003311,-0.681271016598,0
1536703554422896245,25.492793271,carbonZ_2018-09-11-17-55-30_2_left_aileron_failure,aileron,-20.7199993134,28.0595779419,11.8725090027,160,-11.8705272675,2.2365424633,108.972389221,-7.00220298767,15.67740345,-0.741850376129,0
1536703554487524506,25.557421532,carbonZ_2018-09-11-17-55-30_2_left_aileron_failure,aileron,-20.7199993134,28.0595779419,11.8725090027,160,-11.8705272675,2.2365424633,108.972389221,-6.87853956223,15.695807457,-0.750108361244,0
1536703554528916695,25.598813721,carbonZ_2018-09-11-17-55-30_2_left_aileron_failure,aileron,-20.7199993134,28.0595779419,11.8725090027,160,-11.8705272675,2.2365424633,108.972389221,-6.75621414185,15.7165966034,-0.729900717735,0
1536703554609021260,25.678918286,carbonZ_2018-09-11-17-55-30_2_left_aileron_failure,aileron,-20.7999992371,28.0595779419,11.059835434,161,-15.2567148209,2.6115860939,104.842819214,-6.48621177673,15.7548465729,-0.659286379814,0
1536703554623645007,25.693542033,carbonZ_2018-09-11-17-55-30_2_left_aileron_failure,aileron,-20.7999992371,28.0595779419,11.059835434,161,-15.2567148209,2.6115860939,104.842819214,-6.41111898422,15.7655963898,-0.640387535095,0
1536703554719492334,25.78938936,carbonZ_2018-09-11-17-55-30_2_left_aileron_failure,aileron,-20.859998703,41.2312507629,10.2904253006,163,-15.2567148209,2.6115860939,104.842819214,-6.04177236557,15.8211021423,-0.513312280178,0
1536703554782261084,25.85215811,carbonZ_2018-09-11-17-55-30_2_left_aileron_failure,aileron,-20.9200000763,41.2312507629,10.9287815094,165,-15.2567148209,2.6115860939,104.842819214,-5.79847431183,15.855679512,-0.443651676178,0
1536703554813797871,25.883694897,carbonZ_2018-09-11-17-55-30_2_left_aileron_failure,aileron,-20.9200000763,41.2312507629,10.9287815094,165,-15.2567148209,2.6115860939,104.842819214,-5.63380384445,15.8773508072,-0.394184350967,0
1536703554868698823,25.938595849,carbonZ_2018-09-11-17-55-30_2_left_aileron_failure,aileron,-20.9599990845,78.8171768188,10.1288423538,167,-15.2567148209,2.6115860939,104.842819214,-5.46237182617,15.903169632,-0.337011128664,0
1536703554903937962,25.973834988,carbonZ_2018-09-11-17-55-30_2_left_aileron_failure,aileron,-20.9599990845,78.8171768188,10.1288423538,167,-15.2567148209,2.6115860939,104.842819214,-5.29427909851,15.9259090424,-0.27270835638,0
1536703554929284548,25.999181574,carbonZ_2018-09-11-17-55-30_2_left_aileron_failure,aileron,-20.9899997711,78.8171768188,9.35078239441,168,-15.2567148209,2.6115860939,104.842819214,-5.21291446686,15.9376268387,-0.238049224019,0
1536703555004407366,26.074304392,carbonZ_2018-09-11-17-55-30_2_left_aileron_failure,aileron,-20.9899997711,78.8171768188,9.35078239441,168,-15.2567148209,2.6115860939,104.842819214,-4.86608791351,15.9943628311,-0.0944600850344,0
1536703555037529621,26.107426647,carbonZ_2018-09-11-17-55-30_2_left_aileron_failure,aileron,-21.0,55.3693771362,11.3014812469,170,-23.2713527679,0.861452400684,98.3517227173,-4.69161891937,16.0194263458,-0.0329627394676,0
1536703555094157126,26.164054152,carbonZ_2018-09-11-17-55-30_2_left_aileron_failure,aileron,-21.0,55.3693771362,11.3014812469,170,-23.2713527679,0.861452400684,98.3517227173,-4.40758514404,16.0629882812,0.045723054558,0
1536703555159539672,26.229436698,carbonZ_2018-09-11-17-55-30_2_left_aileron_failure,aileron,-20.9899997711,55.3693771362,10.4001255035,172,-23.2713527679,0.861452400684,98.3517227173,-4.11466360092,16.1036529541,0.109657526016,0
1536703555246938923,26.316835949,carbonZ_2018-09-11-17-55-30_2_left_aileron_failure,aileron,-20.9599990845,57.2784423828,10.951417923,173,-23.2713527679,0.861452400684,98.3517227173,-3.71761989594,16.1567344666,0.190210402012,0
1536703555293146206,26.363043232,carbonZ_2018-09-11-17-55-30_2_left_aileron_failure,aileron,-20.9599990845,57.2784423828,10.951417923,173,-23.2713527679,0.861452400684,98.3517227173,-3.4273147583,16.1888179779,0.254281967878,0
1536703555406443390,26.476340416,carbonZ_2018-09-11-17-55-30_2_left_aileron_failure,aileron,-20.9300003052,57.2784423828,10.0385074615,175,-23.2713527679,0.861452400684,98.3517227173,-2.88741016388,16.2443141937,0.319960594177,0
1536703555442917413,26.512814439,carbonZ_2018-09-11-17-55-30_2_left_aileron_failure,aileron,-20.8799991608,55.6795120239,12.109872818,177,-26.7157649994,1.35529720783,93.3434371948,-2.55911278725,16.2673511505,0.33546102047,0
1536703555492794856,26.562691882,carbonZ_2018-09-11-17-55-30_2_left_aileron_failure,aileron,-20.8799991608,55.6795120239,12.109872818,177,-26.7157649994,1.35529720783,93.3434371948,-2.34657931328,16.2816886902,0.357248961926,0
1536703555550708925,26.620605951,carbonZ_2018-09-11-17-55-30_2_left_aileron_failure,aileron,-20.8400001526,55.6795120239,11.1047182083,178,-26.7157649994,1.35529720783,93.3434371948,-2.13048028946,16.2959136963,0.389799177647,0
1536703555591889821,26.661786847,carbonZ_2018-09-11-17-55-30_2_left_aileron_failure,aileron,-20.8400001526,55.6795120239,11.1047182083,178,-26.7157649994,1.35529720783,93.3434371948,-1.69540131092,16.3225784302,0.470911473036,0
1536703555649207839,26.719104865,carbonZ_2018-09-11-17-55-30_2_left_aileron_failure,aileron,-20.7799987793,44.0624237061,10.1481685638,180,-26.7157649994,1.35529720783,93.3434371948,-1.5909100771,16.3271255493,0.495650202036,0
1536703555693752790,26.763649816,carbonZ_2018-09-11-17-55-30_2_left_aileron_failure,aileron,-20.7799987793,44.0624237061,10.1481685638,180,-26.7157649994,1.35529720783,93.3434371948,-1.29546403885,16.3393249512,0.596667468548,0
1536703555759946870,26.829843896,carbonZ_2018-09-11-17-55-30_2_left_aileron_failure,aileron,-20.7099990845,44.0624237061,11.4445285797,181,-26.7157649994,1.35529720783,93.3434371948,-0.977162063122,16.3520431519,0.691731333733,0
1536703555822033392,26.891930418,carbonZ_2018-09-11-17-55-30_2_left_aileron_failure,aileron,-20.7099990845,44.0624237061,11.4445285797,181,-26.7157649994,1.35529720783,93.3434371948,-0.762023091316,16.3596172333,0.754447519779,0
1536703555864021343,26.933918369,carbonZ_2018-09-11-17-55-30_2_left_aileron_failure,aileron,-20.6399993896,17.7640914917,10.4192018509,183,-26.7157649994,1.35529720783,93.3434371948,-0.423570245504,16.3627662659,0.827986061573,0
1536703555914361400,26.984258426,carbonZ_2018-09-11-17-55-30_2_left_aileron_failure,aileron,-20.6399993896,17.7640914917,10.4192018509,183,-31.1157054901,-0.0154471127316,85.0399932861,-0.18574886024,16.3597888947,0.853921592236,0
1536703555974856021,27.044753047,carbonZ_2018-09-11-17-55-30_2_left_aileron_failure,aileron,-20.5499992371,17.7640914917,10.9534921646,185,-31.1157054901,-0.0154471127316,85.0399932861,0.347699791193,16.3362388611,0.850468456745,0
1536703556037049131,27.106946157,carbonZ_2018-09-11-17-55-30_2_left_aileron_failure,aileron,-20.4399986267,4.91065979004,9.94882202148,186,-31.1157054901,-0.0154471127316,85.0399932861,0.624783456326,16.3181667328,0.833895623684,0
1536703556056173098,27.126070124,carbonZ_2018-09-11-17-55-30_2_left_aileron_failure,aileron,-20.4399986267,4.91065979004,9.94882202148,186,-31.1157054901,-0.0154471127316,85.0399932861,0.766576349735,16.3077583313,0.823666512966,0
1536703556097405736,27.167302762,carbonZ_2018-09-11-17-55-30_2_left_aileron_failure,aileron,-20.4399986267,4.91065979004,9.94882202148,186,-31.1157054901,-0.0154471127316,85.0399932861,1.19630491734,16.2712459564,0.797773301601,0
1536703556145703244,27.21560027,carbonZ_2018-09-11-17-55-30_2_left_aileron_failure,aileron,-20.3500003815,4.91065979004,8.98056221008,188,-31.1157054901,-0.0154471127316,85.0399932861,1.48811686039,16.2415676117,0.795011520386,0
1536703556208090428,27.277987454,carbonZ_2018-09-11-17-55-30_2_left_aileron_failure,aileron,-20.3500003815,4.91065979004,8.98056221008,188,-31.1157054901,-0.0154471127316,85.0399932861,1.91758239269,16.1877841949,0.816896736622,0
1536703556235384330,27.305281356,carbonZ_2018-09-11-17-55-30_2_left_aileron_failure,aileron,-20.2600002289,-17.3267364502,10.2549085617,189,-31.1157054901,-0.0154471127316,85.0399932861,2.34883618355,16.127702713,0.833322167397,0
1536703556296552373,27.366449399,carbonZ_2018-09-11-17-55-30_2_left_aileron_failure,aileron,-20.2600002289,-17.3267364502,10.2549085617,189,-34.3569946289,-0.891358971596,74.9091110229,2.78513836861,16.0563640594,0.828559339046,0
1536703556348082290,27.417979316,carbonZ_2018-09-11-17-55-30_2_left_aileron_failure,aileron,-20.1599998474,-17.3267364502,9.26798152924,191,-34.3569946289,-0.891358971596,74.9091110229,2.93550276756,16.0300941467,0.82584041357,0
1536703556415899437,27.485796463,carbonZ_2018-09-11-17-55-30_2_left_aileron_failure,aileron,-20.1599998474,-17.3267364502,9.26798152924,191,-34.3569946289,-0.891358971596,74.9091110229,3.39418125153,15.9334106445,0.834039986134,0
1536703556446896649,27.516793675,carbonZ_2018-09-11-17-55-30_2_left_aileron_failure,aileron,-20.0699996948,-28.7912368774,9.83313751221,192,-34.3569946289,-0.891358971596,74.9091110229,3.69924473763,15.8603229523,0.832180261612,0
1536703556499995812,27.569892838,carbonZ_2018-09-11-17-55-30_2_left_aileron_failure,aileron,-20.0699996948,-28.7912368774,9.83313751221,192,-34.3569946289,-0.891358971596,74.9091110229,4.14778518677,15.7534160614,0.828497231007,0
1536703556549470191,27.619367217,carbonZ_2018-09-11-17-55-30_2_left_aileron_failure,aileron,-19.9699993134,-28.7912368774,8.87338924408,194,-34.3569946289,-0.891358971596,74.9091110229,4.47285079956,15.6659679413,0.818385183811,0
1536703556600162846,27.670059872,carbonZ_2018-09-11-17-55-30_2_left_aileron_failure,aileron,-19.9699993134,-28.7912368774,8.87338924408,194,-34.3569946289,-0.891358971596,74.9091110229,5.11918306351,15.4657096863,0.768925011158,0
1536703556651518175,27.721415201,carbonZ_2018-09-11-17-55-30_2_left_aileron_failure,aileron,-19.8799991608,-58.1510543823,8.00276184082,195,-34.3569946289,-0.891358971596,74.9091110229,5.2649269104,15.4196805954,0.765456557274,0
1536703556707726647,27.777623673,carbonZ_2018-09-11-17-55-30_2_left_aileron_failure,aileron,-19.8799991608,-58.1510543823,8.00276184082,195,-34.3569946289,-0.891358971596,74.9091110229,5.71558761597,15.2499141693,0.751247823238,0
1536703556787162516,27.857059542,carbonZ_2018-09-11-17-55-30_2_left_aileron_failure,aileron,-19.7899990082,-58.1510543823,10.1156177521,196,-35.5815315247,-0.24474285543,63.4894981384,6.3384475708,15.0037250519,0.706760525703,0
1536703556820110118,27.890007144,carbonZ_2018-09-11-17-55-30_2_left_aileron_failure,aileron,-19.7899990082,-58.1510543823,10.1156177521,196,-35.5815315247,-0.24474285543,63.4894981384,6.64666414261,14.8561029434,0.675076425076,0
1536703556835641524,27.90553855,carbonZ_2018-09-11-17-55-30_2_left_aileron_failure,aileron,-19.6999988556,-87.0946884155,9.18662452698,198,-35.5815315247,-0.24474285543,63.4894981384,6.80270004272,14.7833747864,0.655372858047,0
1536703556898695318,27.968592344,carbonZ_2018-09-11-17-55-30_2_left_aileron_failure,aileron,-19.6999988556,-87.0946884155,9.18662452698,198,-35.5815315247,-0.24474285543,63.4894981384,7.26316213608,14.5451183319,0.587305486202,0
1536703556938957225,28.008854251,carbonZ_2018-09-11-17-55-30_2_left_aileron_failure,aileron,-19.6199989319,-87.0946884155,9.87399673462,199,-35.5815315247,-0.24474285543,63.4894981384,7.58324241638,14.3709449768,0.522035777569,0
1536703557010502642,28.080399668,carbonZ_2018-09-11-17-55-30_2_left_aileron_failure,aileron,-19.6199989319,-87.0946884155,9.87399673462,199,-35.5815315247,-0.24474285543,63.4894981384,8.05223083496,14.091545105,0.439414709806,0
1536703557043243047,28.113140073,carbonZ_2018-09-11-17-55-30_2_left_aileron_failure,aileron,-19.5499992371,-119.341468811,8.99605178833,200,-35.5815315247,-0.24474285543,63.4894981384,8.36986732483,13.892127037,0.348490446806,0
1536703557109282854,28.17917988,carbonZ_2018-09-11-17-55-30_2_left_aileron_failure,aileron,-19.5499992371,-119.341468811,8.99605178833,200,-35.5815315247,-0.24474285543,63.4894981384,8.8482131958,13.564912796,0.229652330279,0
1536703557140020743,28.209917769,carbonZ_2018-09-11-17-55-30_2_left_aileron_failure,aileron,-19.5,-119.341468811,8.18838882446,201,-35.5815315247,-0.24474285543,63.4894981384,9.16469287872,13.3403453827,0.145773604512,0
1536703557227358484,28.29725551,carbonZ_2018-09-11-17-55-30_2_left_aileron_failure,aileron,-19.5,-119.341468811,8.18838882446,201,-35.5815315247,-0.24474285543,63.4894981384,9.80697917938,12.8304824829,-0.0519866123796,0
1536703557247555644,28.31745267,carbonZ_2018-09-11-17-55-30_2_left_aileron_failure,aileron,-19.4799995422,-140.355300903,9.69039726257,202,-36.245059967,2.80376911163,48.281414032,10.1152877808,12.5626115799,-0.157250672579,0
1536703557296159287,28.366056313,carbonZ_2018-09-11-17-55-30_2_left_aileron_failure,aileron,-19.4799995422,-140.355300903,9.69039726257,202,-36.245059967,2.80376911163,48.281414032,10.4041395187,12.3060026169,-0.23417340219,0
1536703557370669404,28.44056643,carbonZ_2018-09-11-17-55-30_2_left_aileron_failure,aileron,-19.4699993134,-140.355300903,8.91747570038,203,-36.245059967,2.80376911163,48.281414032,10.8417377472,11.8869895935,-0.384579688311,0
1536703557420674809,28.490571835,carbonZ_2018-09-11-17-55-30_2_left_aileron_failure,aileron,-19.4699993134,-140.355300903,8.91747570038,203,-36.245059967,2.80376911163,48.281414032,11.2717657089,11.4305896759,-0.547477900982,0
1536703557431117717,28.501014743,carbonZ_2018-09-11-17-55-30_2_left_aileron_failure,aileron,-19.4899997711,-156.747055054,9.74188613892,204,-36.245059967,2.80376911163,48.281414032,11.4157743454,11.2831707001,-0.607599973679,0
1536703557500762821,28.570659847,carbonZ_2018-09-11-17-55-30_2_left_aileron_failure,aileron,-19.4899997711,-156.747055054,9.74188613892,204,-36.245059967,2.80376911163,48.281414032,11.8218173981,10.7998895645,-0.817373514175,0
1536703557546476799,28.616373825,carbonZ_2018-09-11-17-55-30_2_left_aileron_failure,aileron,-19.5399990082,-157.747177124,9.05683612823,205,-36.245059967,2.80376911163,48.281414032,12.0817136765,10.4776344299,-0.946191310883,0
1536703557600435813,28.670332839,carbonZ_2018-09-11-17-55-30_2_left_aileron_failure,aileron,-19.5399990082,-157.747177124,9.05683612823,205,-36.245059967,2.80376911163,48.281414032,12.4512052536,9.99607563019,-1.13711822033,0
1536703557648872516,28.718769542,carbonZ_2018-09-11-17-55-30_2_left_aileron_failure,aileron,-19.6299991608,-184.948638916,8.49117088318,206,-36.245059967,2.80376911163,48.281414032,12.6610136032,9.69115066528,-1.20652699471,0
1536703557729437094,28.79933412,carbonZ_2018-09-11-17-55-30_2_left_aileron_failure,aileron,-19.6299991608,-184.948638916,8.49117088318,206,-33.9471588135,5.15375375748,35.7534370422,12.9984283447,9.18366527557,-1.21656239033,0
1536703557754648319,28.824545345,carbonZ_2018-09-11-17-55-30_2_left_aileron_failure,aileron,-19.7199993134,-184.948638916,10.602189064,206,-33.9471588135,5.15375375748,35.7534370422,13.0775947571,9.06323051453,-1.2130907774,0
1536703557818246579,28.888143605,carbonZ_2018-09-11-17-55-30_2_left_aileron_failure,aileron,-19.7199993134,-184.948638916,10.602189064,206,-33.9471588135,5.15375375748,35.7534370422,13.3688077927,8.58689403534,-1.19189918041,0
1536703557884260722,28.954157748,carbonZ_2018-09-11-17-55-30_2_left_aileron_failure,aileron,-19.8299999237,-210.70803833,9.99438667297,207,-33.9471588135,5.15375375748,35.7534370422,13.5414705276,8.2740945816,-1.14261233807,0
1536703557929307515,28.999204541,carbonZ_2018-09-11-17-55-30_2_left_aileron_failure,aileron,-19.8299999237,-210.70803833,9.99438667297,207,-33.9471588135,5.15375375748,35.7534370422,13.6566534042,8.05216598511,-1.15301406384,0
1536703557944075065,29.013972091,carbonZ_2018-09-11-17-55-30_2_left_aileron_failure,aileron,-19.9200000763,-210.70803833,9.43842506409,207,-33.9471588135,5.15375375748,35.7534370422,13.7082557678,7.95214414597,-1.15609526634,0
1536703557996372483,29.066269509,carbonZ_2018-09-11-17-55-30_2_left_aileron_failure,aileron,-19.9200000763,-210.70803833,9.43842506409,207,-33.9471588135,5.15375375748,35.7534370422,13.8596172333,7.62461900711,-1.17526316643,0
1536703558049698198,29.119595224,carbonZ_2018-09-11-17-55-30_2_left_aileron_failure,aileron,-20.0100002289,-256.142242432,10.4116888046,208,-33.9471588135,5.15375375748,35.7534370422,13.9515924454,7.41854000092,-1.19046771526,0
1536703558112708020,29.182605046,carbonZ_2018-09-11-17-55-30_2_left_aileron_failure,aileron,-20.0100002289,-256.142242432,10.4116888046,208,-33.9471588135,5.15375375748,35.7534370422,14.0650129318,7.15470075607,-1.13132190704,0
1536703558148101998,29.217999024,carbonZ_2018-09-11-17-55-30_2_left_aileron_failure,aileron,-20.109998703,-256.142242432,9.83598327637,208,-24.8648719788,4.98965835571,28.3206577301,14.1335916519,6.97164869308,-1.09388196468,0
1536703558190641100,29.260538126,carbonZ_2018-09-11-17-55-30_2_left_aileron_failure,aileron,-20.109998703,-256.142242432,9.83598327637,208,-24.8648719788,4.98965835571,28.3206577301,14.2678976059,6.60933828354,-1.07681834698,0
1536703558247875976,29.317773002,carbonZ_2018-09-11-17-55-30_2_left_aileron_failure,aileron,-20.1899986267,-264.508422852,10.0389738083,209,-24.8648719788,4.98965835571,28.3206577301,14.3258094788,6.42835378647,-1.08202421665,0
1536703558330694133,29.400591159,carbonZ_2018-09-11-17-55-30_2_left_aileron_failure,aileron,-20.1899986267,-264.508422852,10.0389738083,209,-24.8648719788,4.98965835571,28.3206577301,14.413561821,6.127805233,-1.12873768806,0
1536703558366908222,29.436805248,carbonZ_2018-09-11-17-55-30_2_left_aileron_failure,aileron,-20.2799987793,-264.508422852,9.48793411255,209,-24.8648719788,4.98965835571,28.3206577301,14.4626779556,5.93090295792,-1.16159963608,0
1536703558439957312,29.509854338,carbonZ_2018-09-11-17-55-30_2_left_aileron_failure,aileron,-20.3799991608,-260.251800537,9.69487380981,210,-24.8648719788,4.98965835571,28.3206577301,14.5550632477,5.54459667206,-1.23569774628,0
1536703558505250573,29.575147599,carbonZ_2018-09-11-17-55-30_2_left_aileron_failure,aileron,-20.3799991608,-260.251800537,9.69487380981,210,-24.8648719788,4.98965835571,28.3206577301,14.6083402634,5.27861738205,-1.28811526299,0
1536703558565044465,29.634941491,carbonZ_2018-09-11-17-55-30_2_left_aileron_failure,aileron,-20.4899997711,-260.251800537,9.18005847931,210,-21.6846141815,5.81549453735,22.2606010437,14.6512432098,5.01756334305,-1.35491573811,0
1536703558607342836,29.677239862,carbonZ_2018-09-11-17-55-30_2_left_aileron_failure,aileron,-20.4899997711,-260.251800537,9.18005847931,210,-21.6846141815,5.81549453735,22.2606010437,14.6750335693,4.85273933411,-1.3765078783,0
1536703558649249472,29.719146498,carbonZ_2018-09-11-17-55-30_2_left_aileron_failure,aileron,-20.609998703,-257.864959717,8.71595573425,210,-21.6846141815,5.81549453735,22.2606010437,14.6966075897,4.69231081009,-1.38947296143,0
1536703558701492202,29.771389228,carbonZ_2018-09-11-17-55-30_2_left_aileron_failure,aileron,-20.609998703,-257.864959717,8.71595573425,210,-21.6846141815,5.81549453735,22.2606010437,14.7228841782,4.46561288834,-1.3973698616,0
1536703558757165384,29.82706241,carbonZ_2018-09-11-17-55-30_2_left_aileron_failure,aileron,-20.75,-257.864959717,8.52698040009,211,-21.6846141815,5.81549453735,22.2606010437,14.7476415634,4.24646854401,-1.4073163271,0
1536703558812284435,29.882181461,carbonZ_2018-09-11-17-55-30_2_left_aileron_failure,aileron,-20.75,-257.864959717,8.52698040009,211,-21.6846141815,5.81549453735,22.2606010437,14.7604999542,4.10435009003,-1.41245770454,0
1536703558840948768,29.910845794,carbonZ_2018-09-11-17-55-30_2_left_aileron_failure,aileron,-20.8899993896,-275.280181885,8.11384010315,211,-21.6846141815,5.81549453735,22.2606010437,14.777964592,3.90153455734,-1.40699458122,0
1536703558909869533,29.979766559,carbonZ_2018-09-11-17-55-30_2_left_aileron_failure,aileron,-20.8899993896,-275.280181885,8.11384010315,211,-21.6846141815,5.81549453735,22.2606010437,14.7884283066,3.77029180527,-1.39790856838,0
1536703558943805591,30.013702617,carbonZ_2018-09-11-17-55-30_2_left_aileron_failure,aileron,-21.0299987793,-275.280181885,7.8603272438,211,-21.6846141815,5.81549453735,22.2606010437,14.796708107,3.65330386162,-1.36350119114,0
1536703559008156056,30.078053082,carbonZ_2018-09-11-17-55-30_2_left_aileron_failure,aileron,-21.0299987793,-275.280181885,7.8603272438,211,-21.6846141815,5.81549453735,22.2606010437,14.8060178757,3.49599957466,-1.27738797665,0
1536703559081875913,30.151772939,carbonZ_2018-09-11-17-55-30_2_left_aileron_failure,aileron,-21.1700000763,-264.031616211,7.49690532684,211,-15.2353668213,4.57309961319,15.8509635925,14.8204469681,3.29944372177,-1.11253488064,0
1536703559137148527,30.207045553,carbonZ_2018-09-11-17-55-30_2_left_aileron_failure,aileron,-21.2799987793,-264.031616211,7.15038824081,212,-15.2353668213,4.57309961319,15.8509635925,14.8278694153,3.20882892609,-1.02487123013,0
1536703559166506667,30.236403693,carbonZ_2018-09-11-17-55-30_2_left_aileron_failure,aileron,-21.2799987793,-264.031616211,7.15038824081,212,-15.2353668213,4.57309961319,15.8509635925,14.8360023499,3.11437368393,-0.93619376421,0
1536703559205705041,30.275602067,carbonZ_2018-09-11-17-55-30_2_left_aileron_failure,aileron,-21.2799987793,-264.031616211,7.15038824081,212,-15.2353668213,4.57309961319,15.8509635925,14.845656395,2.99097919464,-0.811242878437,0
1536703559241210439,30.311107465,carbonZ_2018-09-11-17-55-30_2_left_aileron_failure,aileron,-21.3699989319,-258.41027832,6.82172489166,212,-15.2353668213,4.57309961319,15.8509635925,14.8481616974,2.95114469528,-0.76972413063,0
1536703559282556253,30.352453279,carbonZ_2018-09-11-17-55-30_2_left_aileron_failure,aileron,-21.3699989319,-258.41027832,6.82172489166,212,-15.2353668213,4.57309961319,15.8509635925,14.8509492874,2.8716750145,-0.688325345516,0
1536703559358428351,30.428325377,carbonZ_2018-09-11-17-55-30_2_left_aileron_failure,aileron,-21.4399986267,-258.41027832,6.51740980148,212,-15.2353668213,4.57309961319,15.8509635925,14.8593816757,2.72569513321,-0.548761665821,0
1536703559395500979,30.465398005,carbonZ_2018-09-11-17-55-30_2_left_aileron_failure,aileron,-21.4399986267,-258.41027832,6.51740980148,212,-15.2353668213,4.57309961319,15.8509635925,14.8607683182,2.6608543396,-0.489499598742,0
1536703559433056957,30.502953983,carbonZ_2018-09-11-17-55-30_2_left_aileron_failure,aileron,-21.4399986267,-258.41027832,6.51740980148,212,-15.2353668213,4.57309961319,15.8509635925,14.8605222702,2.62869262695,-0.461741328239,0
1536703559454357994,30.52425502,carbonZ_2018-09-11-17-55-30_2_left_aileron_failure,aileron,-21.4899997711,-257.702819824,6.22154426575,212,-9.90874671936,2.74370908737,13.420340538,14.8605222702,2.62869262695,-0.461741328239,0
1536703559502636457,30.572533483,carbonZ_2018-09-11-17-55-30_2_left_aileron_failure,aileron,-21.4899997711,-257.702819824,6.22154426575,212,-9.90874671936,2.74370908737,13.420340538,14.8625612259,2.51231455803,-0.38207039237,0
1536703559555075596,30.624972622,carbonZ_2018-09-11-17-55-30_2_left_aileron_failure,aileron,-21.5299987793,-257.702819824,5.95104265213,212,-9.90874671936,2.74370908737,13.420340538,14.8606395721,2.4592487812,-0.363836407661,0
1536703559624700727,30.694597753,carbonZ_2018-09-11-17-55-30_2_left_aileron_failure,aileron,-21.5299987793,-257.702819824,5.95104265213,212,-9.90874671936,2.74370908737,13.420340538,14.8616170883,2.35121393204,-0.345862984657,0
1536703559662070980,30.731968006,carbonZ_2018-09-11-17-55-30_2_left_aileron_failure,aileron,-21.5599994659,-252.519607544,5.67208623886,213,-9.90874671936,2.74370908737,13.420340538,14.8586215973,2.29517388344,-0.349181056023,0
1536703559687375674,30.7572727,carbonZ_2018-09-11-17-55-30_2_left_aileron_failure,aileron,-21.5599994659,-252.519607544,5.67208623886,213,-9.90874671936,2.74370908737,13.420340538,14.8586215973,2.29517388344,-0.349181056023,0
1536703559748274948,30.818171974,carbonZ_2018-09-11-17-55-30_2_left_aileron_failure,aileron,-21.5900001526,-252.519607544,5.42694377899,213,-9.90874671936,2.74370908737,13.420340538,14.842874527,2.16892886162,-0.397621154785,0
1536703559799573536,30.869470562,carbonZ_2018-09-11-17-55-30_2_left_aileron_failure,aileron,-21.5900001526,-252.519607544,5.42694377899,213,-9.90874671936,2.74370908737,13.420340538,14.8356380463,2.12106060982,-0.427202820778,0
1536703559848439378,30.918336404,carbonZ_2018-09-11-17-55-30_2_left_aileron_failure,aileron,-21.6399993896,-254.756347656,5.17334842682,213,-5.44664764404,3.13476347923,10.5652580261,14.8250293732,2.07982158661,-0.438088357449,0
1536703559898728356,30.968625382,carbonZ_2018-09-11-17-55-30_2_left_aileron_failure,aileron,-21.6399993896,-254.756347656,5.17334842682,213,-5.44664764404,3.13476347923,10.5652580261,14.8122529984,2.01548337936,-0.414369136095,0
1536703559925823763,30.995720789,carbonZ_2018-09-11-17-55-30_2_left_aileron_failure,aileron,-21.6399993896,-254.756347656,5.17334842682,213,-5.44664764404,3.13476347923,10.5652580261,14.8086891174,1.99201023579,-0.404922842979,0
1536703559960526587,31.030423613,carbonZ_2018-09-11-17-55-30_2_left_aileron_failure,aileron,-21.6800003052,-254.756347656,4.94510936737,213,-5.44664764404,3.13476347923,10.5652580261,14.8012943268,1.94823741913,-0.395521372557,0
1536703559990736261,31.060633287,carbonZ_2018-09-11-17-55-30_2_left_aileron_failure,aileron,-21.6800003052,-254.756347656,4.94510936737,213,-5.44664764404,3.13476347923,10.5652580261,14.7914924622,1.88451683521,-0.359742283821,0
1536703560046410400,31.116307426,carbonZ_2018-09-11-17-55-30_2_left_aileron_failure,aileron,-21.7299995422,-237.917907715,4.71687364578,213,-5.44664764404,3.13476347923,10.5652580261,14.7891979218,1.86223876476,-0.3403224051,0
1536703560102603663,31.172500689,carbonZ_2018-09-11-17-55-30_2_left_aileron_failure,aileron,-21.7299995422,-237.917907715,4.71687364578,213,-5.44664764404,3.13476347923,10.5652580261,14.7809228897,1.80027461052,-0.257437467575,0
1536703560184524265,31.254421291,carbonZ_2018-09-11-17-55-30_2_left_aileron_failure,aileron,-21.7700004578,-237.917907715,4.50554180145,214,-5.44664764404,3.13476347923,10.5652580261,14.7772407532,1.71149539948,-0.147534891963,0
1536703560242341077,31.312238103,carbonZ_2018-09-11-17-55-30_2_left_aileron_failure,aileron,-21.7899990082,-237.554748535,4.30266571045,214,-5.44664764404,3.13476347923,10.5652580261,14.7723121643,1.6433737278,-0.0735743865371,0
1536703560315734986,31.385632012,carbonZ_2018-09-11-17-55-30_2_left_aileron_failure,aileron,-21.7999992371,-237.554748535,4.1166934967,214,-4.61491584778,1.50428009033,7.26015043259,14.764383316,1.55982410908,0.00666210288182,0
1536703560365141486,31.435038512,carbonZ_2018-09-11-17-55-30_2_left_aileron_failure,aileron,-21.7999992371,-237.554748535,4.1166934967,214,-4.61491584778,1.50428009033,7.26015043259,14.760846138,1.52077782154,0.0343748144805,0
1536703560413641286,31.483538312,carbonZ_2018-09-11-17-55-30_2_left_aileron_failure,aileron,-21.7999992371,-237.554748535,4.1166934967,214,-4.61491584778,1.50428009033,7.26015043259,14.7572317123,1.45408523083,0.0666602924466,0
1536703560461021526,31.530918552,carbonZ_2018-09-11-17-55-30_2_left_aileron_failure,aileron,-21.7899990082,-230.344772339,3.93917655945,214,-4.61491584778,1.50428009033,7.26015043259,14.7516889572,1.4098020792,0.0760211721063,0
1536703560523151107,31.593048133,carbonZ_2018-09-11-17-55-30_2_left_aileron_failure,aileron,-21.7899990082,-230.344772339,3.93917655945,214,-4.61491584778,1.50428009033,7.26015043259,14.7433156967,1.37157320976,0.0883564800024,0
1536703560551902316,31.621799342,carbonZ_2018-09-11-17-55-30_2_left_aileron_failure,aileron,-21.7899990082,-230.344772339,3.77856636047,214,-4.61491584778,1.50428009033,7.26015043259,14.7382640839,1.33744955063,0.0997420996428,0
1536703560624632432,31.694529458,carbonZ_2018-09-11-17-55-30_2_left_aileron_failure,aileron,-21.7899990082,-230.344772339,3.77856636047,214,-4.61491584778,1.50428009033,7.26015043259,14.72569561,1.27299642563,0.108820095658,0
1536703560641466623,31.711363649,carbonZ_2018-09-11-17-55-30_2_left_aileron_failure,aileron,-21.7700004578,-231.792068481,3.62640810013,215,-4.61491584778,1.50428009033,7.26015043259,14.7238035202,1.25587177277,0.106742523611,0
1536703560672684434,31.74258146,carbonZ_2018-09-11-17-55-30_2_left_aileron_failure,aileron,-21.7700004578,-231.792068481,3.62640810013,215,-4.61491584778,1.50428009033,7.26015043259,14.7164344788,1.21896398067,0.102831535041,0
1536703560750047248,31.819944274,carbonZ_2018-09-11-17-55-30_2_left_aileron_failure,aileron,-21.7600002289,-231.792068481,3.49115753174,215,-4.61491584778,1.50428009033,7.26015043259,14.7036733627,1.17588675022,0.0894477143884,0
1536703560782515847,31.852412873,carbonZ_2018-09-11-17-55-30_2_left_aileron_failure,aileron,-21.7600002289,-231.792068481,3.49115753174,215,-2.64934396744,1.78840088844,5.66864395142,14.6998510361,1.1467884779,0.0826475843787,0
1536703560820349609,31.890246635,carbonZ_2018-09-11-17-55-30_2_left_aileron_failure,aileron,-21.7600002289,-231.792068481,3.49115753174,215,-2.64934396744,1.78840088844,5.66864395142,14.6919279099,1.10987174511,0.0771744996309,0
1536703560952852846,32.022749872,carbonZ_2018-09-11-17-55-30_2_left_aileron_failure,aileron,-21.7600002289,-232.338134766,3.22910857201,215,-2.64934396744,1.78840088844,5.66864395142,14.6878004074,1.05459558964,-0.031058318913,0
1536703560980699371,32.050596397,carbonZ_2018-09-11-17-55-30_2_left_aileron_failure,aileron,-21.7600002289,-232.338134766,3.22910857201,215,-2.64934396744,1.78840088844,5.66864395142,14.6879110336,1.03429913521,-0.127338469028,0
1536703561027684035,32.097581061,carbonZ_2018-09-11-17-55-30_2_left_aileron_failure,aileron,-21.7600002289,-232.338134766,3.22910857201,215,-2.64934396744,1.78840088844,5.66864395142,14.6885452271,1.02505803108,-0.156666636467,0
1536703561070853486,32.140750512,carbonZ_2018-09-11-17-55-30_2_left_aileron_failure,aileron,-21.7700004578,-223.93951416,3.11076402664,215,-2.64934396744,1.78840088844,5.66864395142,14.6850738525,1.01369798183,-0.230626583099,0
1536703561127025211,32.196922237,carbonZ_2018-09-11-17-55-30_2_left_aileron_failure,aileron,-21.7700004578,-223.93951416,3.11076402664,215,-2.64934396744,1.78840088844,5.66864395142,14.6813335419,1.00363910198,-0.244049698114,0
1536703561194908167,32.264805193,carbonZ_2018-09-11-17-55-30_2_left_aileron_failure,aileron,-21.7999992371,-223.93951416,3.00087022781,216,1.5510648489,1.27786123753,2.91988134384,14.6812181473,0.991296648979,-0.231657966971,0
1536703561243454172,32.313351198,carbonZ_2018-09-11-17-55-30_2_left_aileron_failure,aileron,-21.8299999237,-228.015319824,2.88252615929,216,1.5510648489,1.27786123753,2.91988134384,14.6760015488,0.972236990929,-0.16068020463,0
1536703561312386545,32.382283571,carbonZ_2018-09-11-17-55-30_2_left_aileron_failure,aileron,-21.8299999237,-228.015319824,2.88252615929,216,1.5510648489,1.27786123753,2.91988134384,14.6742019653,0.95046132803,-0.0810093954206,0
1536703561332132415,32.402029441,carbonZ_2018-09-11-17-55-30_2_left_aileron_failure,aileron,-21.8299999237,-228.015319824,2.88252615929,216,1.5510648489,1.27786123753,2.91988134384,14.6733255386,0.94065964222,-0.0616415180266,0
1536703561399002945,32.468899971,carbonZ_2018-09-11-17-55-30_2_left_aileron_failure,aileron,-21.859998703,-228.015319824,2.77263498306,216,1.5510648489,1.27786123753,2.91988134384,14.6833763123,0.898977994919,0.0229490492493,0
1536703561437713550,32.507610576,carbonZ_2018-09-11-17-55-30_2_left_aileron_failure,aileron,-21.859998703,-176.553527832,2.67119693756,216,1.5510648489,1.27786123753,2.91988134384,14.6880683899,0.867031931877,0.0799229294062,0
1536703561511403322,32.581300348,carbonZ_2018-09-11-17-55-30_2_left_aileron_failure,aileron,-21.859998703,-176.553527832,2.67119693756,216,1.5510648489,1.27786123753,2.91988134384,14.6950330734,0.842364370823,0.163800939918,0
1536703561587292790,32.657189816,carbonZ_2018-09-11-17-55-30_2_left_aileron_failure,aileron,-21.859998703,-176.553527832,2.5782122612,216,1.5510648489,1.27786123753,2.91988134384,14.7113771439,0.804636061192,0.235585227609,0
1536703561630185447,32.700082473,carbonZ_2018-09-11-17-55-30_2_left_aileron_failure,aileron,-21.8400001526,-171.276275635,2.49367904663,217,0.722135663033,-0.290158599615,1.51771402359,14.719209671,0.779212296009,0.253655254841,0
1536703561697481760,32.767378786,carbonZ_2018-09-11-17-55-30_2_left_aileron_failure,aileron,-21.8400001526,-171.276275635,2.49367904663,217,0.722135663033,-0.290158599615,1.51771402359,14.7285585403,0.744820535183,0.288709521294,0
1536703561731618034,32.80151506,carbonZ_2018-09-11-17-55-30_2_left_aileron_failure,aileron,-21.8400001526,-171.276275635,2.49367904663,217,0.722135663033,-0.290158599615,1.51771402359,14.7323188782,0.736002862453,0.298972249031,0
1536703561775249522,32.845146548,carbonZ_2018-09-11-17-55-30_2_left_aileron_failure,aileron,-21.8199996948,-171.276275635,2.41760063171,217,0.722135663033,-0.290158599615,1.51771402359,14.7532930374,0.698401987553,0.343694716692,0
1536703561808040898,32.877937924,carbonZ_2018-09-11-17-55-30_2_left_aileron_failure,aileron,-21.8199996948,-171.276275635,2.41760063171,217,0.722135663033,-0.290158599615,1.51771402359,14.7584438324,0.686366081238,0.345529615879,0
1536703561904741364,32.97463839,carbonZ_2018-09-11-17-55-30_2_left_aileron_failure,aileron,-21.7799987793,-176.111602783,2.34997439384,217,0.722135663033,-0.290158599615,1.51771402359,14.7797908783,0.635360360146,0.378139555454,0
1536703561929184411,32.999081437,carbonZ_2018-09-11-17-55-30_2_left_aileron_failure,aileron,-21.7799987793,-176.111602783,2.34997439384,217,0.722135663033,-0.290158599615,1.51771402359,14.7837991714,0.625182747841,0.389189124107,0
1536703561983889096,33.053786122,carbonZ_2018-09-11-17-55-30_2_left_aileron_failure,aileron,-21.7399997711,-176.111602783,2.29080247879,217,-5.24537172168e-05,-0.919129788876,1.87067210674,14.8093099594,0.586725056171,0.434221476316,0
1536703562043417546,33.113314572,carbonZ_2018-09-11-17-55-30_2_left_aileron_failure,aileron,-21.6899986267,-180.422393799,2.24008202553,218,-5.24537172168e-05,-0.919129788876,1.87067210674,14.8199176788,0.569255113602,0.432025164366,0
1536703562156958758,33.226855784,carbonZ_2018-09-11-17-55-30_2_left_aileron_failure,aileron,-21.6399993896,-180.422393799,2.1893632412,218,-5.24537172168e-05,-0.919129788876,1.87067210674,14.8467674255,0.516541182995,0.42341414094,0
1536703562179996331,33.249893357,carbonZ_2018-09-11-17-55-30_2_left_aileron_failure,aileron,-21.6399993896,-180.422393799,2.1893632412,218,-5.24537172168e-05,-0.919129788876,1.87067210674,14.8583917618,0.497798144817,0.415514916182,0
1536703562235934267,33.305831293,carbonZ_2018-09-11-17-55-30_2_left_aileron_failure,aileron,-21.6000003815,-186.452301025,2.14709758759,218,-5.24537172168e-05,-0.919129788876,1.87067210674,14.8740310669,0.477623820305,0.404304683208,0
1536703562286483810,33.356380836,carbonZ_2018-09-11-17-55-30_2_left_aileron_failure,aileron,-21.6000003815,-186.452301025,2.14709758759,218,-5.24537172168e-05,-0.919129788876,1.87067210674,14.8859043121,0.466344237328,0.353336602449,0
1536703562338547944,33.40844497,carbonZ_2018-09-11-17-55-30_2_left_aileron_failure,aileron,-21.5599994659,-186.452301025,2.10483121872,218,0.755819439888,0.0146353878081,1.72881770134,14.9067144394,0.443763673306,0.135423287749,0
1536703562422701739,33.492598765,carbonZ_2018-09-11-17-55-30_2_left_aileron_failure,aileron,-21.5599994659,-186.452301025,2.10483121872,218,0.755819439888,0.0146353878081,1.72881770134,14.9144229889,0.424293130636,0.0283873640001,0
1536703562474737585,33.544634611,carbonZ_2018-09-11-17-55-30_2_left_aileron_failure,aileron,-21.5399990082,-182.265090942,2.07947182655,219,0.755819439888,0.0146353878081,1.72881770134,14.9166183472,0.398258417845,0.00635075988248,0
1536703562504582176,33.574479202,carbonZ_2018-09-11-17-55-30_2_left_aileron_failure,aileron,-21.5399990082,-182.265090942,2.07947182655,219,0.755819439888,0.0146353878081,1.72881770134,14.9175825119,0.389584541321,-0.000955659372266,0
1536703562591221452,33.661118478,carbonZ_2018-09-11-17-55-30_2_left_aileron_failure,aileron,-21.5399990082,-182.265090942,2.08016991615,219,0.755819439888,0.0146353878081,1.72881770134,14.9231376648,0.340807259083,-0.053280800581,0
1536703562620701603,33.690598629,carbonZ_2018-09-11-17-55-30_2_left_aileron_failure,aileron,-21.5399990082,-182.265090942,2.08016991615,219,0.755819439888,0.0146353878081,1.72881770134,14.9274730682,0.312519222498,-0.101236030459,0
1536703562647088510,33.716985536,carbonZ_2018-09-11-17-55-30_2_left_aileron_failure,aileron,-21.5399990082,-196.378143311,2.06185340881,219,0.755819439888,0.0146353878081,1.72881770134,14.9283847809,0.30162614584,-0.130040064454,0
1536703562704341681,33.774238707,carbonZ_2018-09-11-17-55-30_2_left_aileron_failure,aileron,-21.5399990082,-196.378143311,2.06185340881,219,0.755819439888,0.0146353878081,1.72881770134,14.9274311066,0.261927098036,-0.2157984972,0
1536703562761688803,33.831585829,carbonZ_2018-09-11-17-55-30_2_left_aileron_failure,aileron,-21.5599994659,-196.378143311,2.04354739189,219,0.288433164358,1.37931501865,-0.245852872729,14.9280338287,0.215148404241,-0.321046322584,0
1536703562821934612,33.891831638,carbonZ_2018-09-11-17-55-30_2_left_aileron_failure,aileron,-21.5599994659,-196.378143311,2.04354739189,219,0.288433164358,1.37931501865,-0.245852872729,14.9279842377,0.167322784662,-0.471913844347,0
1536703562841356872,33.911253898,carbonZ_2018-09-11-17-55-30_2_left_aileron_failure,aileron,-21.5900001526,-194.037628174,2.09040927887,220,0.288433164358,1.37931501865,-0.245852872729,14.926530838,0.154227301478,-0.515817284584,0
1536703562930923540,34.000820566,carbonZ_2018-09-11-17-55-30_2_left_aileron_failure,aileron,-21.6399993896,-195.037750244,2.0867099762,220,0.288433164358,1.37931501865,-0.245852872729,14.9110517502,0.0997214689851,-0.62265509367,0
1536703562972960919,34.042857945,carbonZ_2018-09-11-17-55-30_2_left_aileron_failure,aileron,-21.6399993896,-195.037750244,2.0867099762,220,0.288433164358,1.37931501865,-0.245852872729,14.9033231735,0.0721795037389,-0.652844846249,0
1536703562996564431,34.066461457,carbonZ_2018-09-11-17-55-30_2_left_aileron_failure,aileron,-21.6399993896,-195.037750244,2.0867099762,220,0.288433164358,1.37931501865,-0.245852872729,14.8969154358,0.0441281087697,-0.669687449932,0
1536703563046427043,34.116324069,carbonZ_2018-09-11-17-55-30_2_left_aileron_failure,aileron,-21.7099990845,-191.692825317,2.4196100235,220,0.288433164358,1.37931501865,-0.245852872729,14.8885002136,0.0219189245254,-0.691510379314,0
1536703563080422998,34.150320024,carbonZ_2018-09-11-17-55-30_2_left_aileron_failure,aileron,-21.7099990845,-191.692825317,2.4196100235,220,0.622347056866,2.67701101303,-0.872850716114,14.8742628098,-0.0095642907545,-0.755023658276,0
1536703563127652004,34.19754903,carbonZ_2018-09-11-17-55-30_2_left_aileron_failure,aileron,-21.7799987793,-190.692718506,2.42210388184,221,0.622347056866,2.67701101303,-0.872850716114,14.8672885895,-0.0268281325698,-0.855211555958,0
1536703563205140823,34.275037849,carbonZ_2018-09-11-17-55-30_2_left_aileron_failure,aileron,-21.7799987793,-190.692718506,2.42210388184,221,0.622347056866,2.67701101303,-0.872850716114,14.8622503281,-0.0471895523369,-0.98689186573,0
1536703563225195772,34.295092798,carbonZ_2018-09-11-17-55-30_2_left_aileron_failure,aileron,-21.7799987793,-190.692718506,2.42210388184,221,0.622347056866,2.67701101303,-0.872850716114,14.8522405624,-0.0572589598596,-1.14568340778,0
1536703563275166446,34.345063472,carbonZ_2018-09-11-17-55-30_2_left_aileron_failure,aileron,-21.8799991608,-189.20916748,2.90149354935,221,0.622347056866,2.67701101303,-0.872850716114,14.8438863754,-0.0592703931034,-1.20423877239,0
1536703563387822073,34.457719099,carbonZ_2018-09-11-17-55-30_2_left_aileron_failure,aileron,-22.0,-189.20916748,2.88522982597,221,0.622347056866,2.67701101303,-0.872850716114,14.8268089294,-0.0700891911983,-1.31533193588,0
1536703563434915883,34.504812909,carbonZ_2018-09-11-17-55-30_2_left_aileron_failure,aileron,-22.1399993896,-185.069656372,2.87815093994,221,0.622347056866,2.67701101303,-0.872850716114,14.8153867722,-0.0801115259528,-1.3601770401,0
1536703563507717125,34.577614151,carbonZ_2018-09-11-17-55-30_2_left_aileron_failure,aileron,-22.1399993896,-185.069656372,2.87815093994,221,1.72486948967,3.03781723976,-3.18154907227,14.7972383499,-0.100551903248,-1.41030168533,0
1536703563527999494,34.59789652,carbonZ_2018-09-11-17-55-30_2_left_aileron_failure,aileron,-22.1399993896,-185.069656372,2.87815093994,221,1.72486948967,3.03781723976,-3.18154907227,14.7913322449,-0.107435777783,-1.41880536079,0
1536703563582902827,34.652799853,carbonZ_2018-09-11-17-55-30_2_left_aileron_failure,aileron,-22.2899990082,-185.069656372,4.01246070862,222,1.72486948967,3.03781723976,-3.18154907227,14.7799682617,-0.146269723773,-1.39930427074,0
1536703563603506308,34.673403334,carbonZ_2018-09-11-17-55-30_2_left_aileron_failure,aileron,-22.2899990082,-185.069656372,4.01246070862,222,1.72486948967,3.03781723976,-3.18154907227,14.7756576538,-0.162904009223,-1.36829829216,0
1536703563641867510,34.711764536,carbonZ_2018-09-11-17-55-30_2_left_aileron_failure,aileron,-22.4399986267,-184.443664551,3.93652391434,222,1.72486948967,3.03781723976,-3.18154907227,14.7667570114,-0.205636948347,-1.30162155628,0
1536703563742815683,34.812712709,carbonZ_2018-09-11-17-55-30_2_left_aileron_failure,aileron,-22.5699996948,-184.443664551,4.39391756058,222,1.72486948967,3.03781723976,-3.18154907227,14.7552423477,-0.307733952999,-1.10437047482,0
1536703563763012902,34.832909928,carbonZ_2018-09-11-17-55-30_2_left_aileron_failure,aileron,-22.5699996948,-184.443664551,4.39391756058,222,1.72486948967,3.03781723976,-3.18154907227,14.7530822754,-0.361418366432,-0.986289381981,0
1536703563839840647,34.909737673,carbonZ_2018-09-11-17-55-30_2_left_aileron_failure,aileron,-22.5699996948,-184.443664551,4.39391756058,222,-0.539730966091,1.11944615841,-6.25622034073,14.7458658218,-0.45403906703,-0.808763980865,0
1536703563842524012,34.912421038,carbonZ_2018-09-11-17-55-30_2_left_aileron_failure,aileron,-22.6800003052,-135.519790649,4.32065105438,223,-0.539730966091,1.11944615841,-6.25622034073,14.7458658218,-0.45403906703,-0.808763980865,0
1536703563893023922,34.962920948,carbonZ_2018-09-11-17-55-30_2_left_aileron_failure,aileron,-22.6800003052,-135.519790649,4.32065105438,223,-0.539730966091,1.11944615841,-6.25622034073,14.7377548218,-0.567804515362,-0.562941491604,0
1536703564005514145,35.075411171,carbonZ_2018-09-11-17-55-30_2_left_aileron_failure,aileron,-22.75,-135.519790649,4.25689983368,223,-0.539730966091,1.11944615841,-6.25622034073,14.7368278503,-0.701845526695,-0.259615898132,0
1536703564058154742,35.128051768,carbonZ_2018-09-11-17-55-30_2_left_aileron_failure,aileron,-22.7699985504,-131.944458008,5.35820674896,223,-0.539730966091,1.11944615841,-6.25622034073,14.7419433594,-0.778145074844,-0.121732123196,0
1536703564097389843,35.167286869,carbonZ_2018-09-11-17-55-30_2_left_aileron_failure,aileron,-22.7699985504,-131.944458008,5.35820674896,223,-0.539730966091,1.11944615841,-6.25622034073,14.7459726334,-0.821893155575,-0.0634034574032,0
1536703564164641029,35.234538055,carbonZ_2018-09-11-17-55-30_2_left_aileron_failure,aileron,-22.7799987793,-132.944580078,5.25424814224,223,-0.539730966091,1.11944615841,-6.25622034073,14.7562351227,-0.89347076416,0.0497472286224,0
1536703564216476044,35.28637307,carbonZ_2018-09-11-17-55-30_2_left_aileron_failure,aileron,-22.7799987793,-132.944580078,5.25424814224,223,-0.539730966091,1.11944615841,-6.25622034073,14.7673606873,-0.935423195362,0.17599105835,0
1536703564233054814,35.30295184,carbonZ_2018-09-11-17-55-30_2_left_aileron_failure,aileron,-22.7600002289,-131.559661865,7.33044195175,224,-0.539730966091,1.11944615841,-6.25622034073,14.7715682983,-0.949195623398,0.219486892223,0
1536703564287464748,35.357361774,carbonZ_2018-09-11-17-55-30_2_left_aileron_failure,aileron,-22.7600002289,-131.559661865,7.33044195175,224,-1.67032301426,-1.72796547413,-3.01321673393,14.7936105728,-0.994144618511,0.382805556059,0
1536703564386354083,35.456251109,carbonZ_2018-09-11-17-55-30_2_left_aileron_failure,aileron,-22.7199993134,-130.559539795,7.10623598099,224,-1.67032301426,-1.72796547413,-3.01321673393,14.8160543442,-1.01840186119,0.458603471518,0
1536703564402958580,35.472855606,carbonZ_2018-09-11-17-55-30_2_left_aileron_failure,aileron,-22.7199993134,-130.559539795,7.10623598099,224,-1.67032301426,-1.72796547413,-3.01321673393,14.8246831894,-1.03209495544,0.479384213686,0
1536703564483001900,35.552898926,carbonZ_2018-09-11-17-55-30_2_left_aileron_failure,aileron,-22.6599998474,-136.104003906,7.68979310989,224,-1.67032301426,-1.72796547413,-3.01321673393,14.8568725586,-1.07741987705,0.554969966412,0
1536703564495619029,35.565516055,carbonZ_2018-09-11-17-55-30_2_left_aileron_failure,aileron,-22.6599998474,-136.104003906,7.68979310989,224,-1.67032301426,-1.72796547413,-3.01321673393,14.8624858856,-1.08535444736,0.567294836044,0
1536703564536373712,35.606270738,carbonZ_2018-09-11-17-55-30_2_left_aileron_failure,aileron,-22.5900001526,-136.104003906,7.42022943497,224,-1.67032301426,-1.72796547413,-3.01321673393,14.8836050034,-1.12696969509,0.606957614422,0
1536703564639614983,35.709512009,carbonZ_2018-09-11-17-55-30_2_left_aileron_failure,aileron,-22.5199985504,-143.13621521,7.15577983856,225,-1.67032301426,-1.72796547413,-3.01321673393,14.9128246307,-1.19707465172,0.645074129105,0
1536703564695264506,35.765161532,carbonZ_2018-09-11-17-55-30_2_left_aileron_failure,aileron,-22.5199985504,-143.13621521,7.15577983856,225,-1.04661273956,-2.44067001343,-5.09980916977,14.9380168915,-1.24805819988,0.645391702652,0
1536703564742050608,35.811947634,carbonZ_2018-09-11-17-55-30_2_left_aileron_failure,aileron,-22.4599990845,-143.13621521,9.99150657654,225,-1.04661273956,-2.44067001343,-5.09980916977,14.9598579407,-1.30034410954,0.6518419981,0
1536703564793105640,35.863002666,carbonZ_2018-09-11-17-55-30_2_left_aileron_failure,aileron,-22.4599990845,-143.13621521,9.99150657654,225,-1.04661273956,-2.44067001343,-5.09980916977,14.9911384583,-1.36832618713,0.675137579441,0
1536703564833915042,35.903812068,carbonZ_2018-09-11-17-55-30_2_left_aileron_failure,aileron,-22.3899993896,-152.334121704,9.53741359711,225,-1.04661273956,-2.44067001343,-5.09980916977,15.0083551407,-1.41161322594,0.691064178944,0
1536703564891742725,35.961639751,carbonZ_2018-09-11-17-55-30_2_left_aileron_failure,aileron,-22.3899993896,-152.334121704,9.53741359711,225,-1.04661273956,-2.44067001343,-5.09980916977,15.0414304733,-1.50784277916,0.735643684864,0
1536703564954891506,36.024788532,carbonZ_2018-09-11-17-55-30_2_left_aileron_failure,aileron,-22.3099994659,-152.334121704,9.88375663757,226,-1.04661273956,-2.44067001343,-5.09980916977,15.0414304733,-1.50784277916,0.735643684864,0
1536703565017639367,36.087536393,carbonZ_2018-09-11-17-55-30_2_left_aileron_failure,aileron,-22.3099994659,-152.334121704,9.88375663757,226,-1.04661273956,-2.44067001343,-5.09980916977,15.0725002289,-1.63341581821,0.736279785633,0
1536703565051886513,36.121783539,carbonZ_2018-09-11-17-55-30_2_left_aileron_failure,aileron,-22.2399997711,-156.749908447,9.38840007782,226,-1.04661273956,-2.44067001343,-5.09980916977,15.0774240494,-1.66261339188,0.708999097347,0
1536703565116607609,36.186504635,carbonZ_2018-09-11-17-55-30_2_left_aileron_failure,aileron,-22.2399997711,-156.749908447,9.38840007782,226,-1.04661273956,-2.44067001343,-5.09980916977,15.1026105881,-1.79898905754,0.600441396236,0
1536703565143731328,36.213628354,carbonZ_2018-09-11-17-55-30_2_left_aileron_failure,aileron,-22.1700000763,-156.749908447,8.91311264038,226,-1.04661273956,-2.44067001343,-5.09980916977,15.1070756912,-1.83724832535,0.577850341797,0
1536703565246892661,36.316789687,carbonZ_2018-09-11-17-55-30_2_left_aileron_failure,aileron,-22.1199989319,-158.908081055,11.4447851181,227,-5.89408111572,-1.90294921398,-8.09433841705,15.1237545013,-2.04118967056,0.417126715183,0
1536703565287792780,36.357689806,carbonZ_2018-09-11-17-55-30_2_left_aileron_failure,aileron,-22.1199989319,-158.908081055,11.4447851181,227,-5.89408111572,-1.90294921398,-8.09433841705,15.1237545013,-2.04118967056,0.417126715183,0
1536703565346265822,36.416162848,carbonZ_2018-09-11-17-55-30_2_left_aileron_failure,aileron,-22.0900001526,-159.908203125,10.7956151962,227,-5.89408111572,-1.90294921398,-8.09433841705,15.1248493195,-2.22819566727,0.258113354445,0
1536703565389071499,36.458968525,carbonZ_2018-09-11-17-55-30_2_left_aileron_failure,aileron,-22.0900001526,-159.908203125,10.7956151962,227,-5.89408111572,-1.90294921398,-8.09433841705,15.1166725159,-2.39143371582,0.11764831841,0
1536703565420748014,36.49064504,carbonZ_2018-09-11-17-55-30_2_left_aileron_failure,aileron,-22.0900001526,-159.908203125,10.7956151962,227,-5.89408111572,-1.90294921398,-8.09433841705,15.1048746109,-2.5535607338,-0.0225820653141,0
1536703565487931615,36.557828641,carbonZ_2018-09-11-17-55-30_2_left_aileron_failure,aileron,-22.0699996948,-177.910522461,10.9208927155,227,-5.89408111572,-1.90294921398,-8.09433841705,15.0917673111,-2.66193628311,-0.122958697379,0
1536703565548215113,36.618112139,carbonZ_2018-09-11-17-55-30_2_left_aileron_failure,aileron,-22.0900001526,-177.910522461,10.2769451141,227,-9.61406040192,0.092895373702,-10.9616365433,15.0740098953,-2.76682162285,-0.211319595575,0
1536703565586536537,36.656433563,carbonZ_2018-09-11-17-55-30_2_left_aileron_failure,aileron,-22.0900001526,-177.910522461,10.2769451141,227,-9.61406040192,0.092895373702,-10.9616365433,15.0436973572,-2.94609379768,-0.335342764854,0
1536703565667400987,36.737298013,carbonZ_2018-09-11-17-55-30_2_left_aileron_failure,aileron,-22.1299991608,-183.150390625,9.66747951508,228,-9.61406040192,0.092895373702,-10.9616365433,14.987950325,-3.18366599083,-0.464573472738,0
1536703565693013380,36.762910406,carbonZ_2018-09-11-17-55-30_2_left_aileron_failure,aileron,-22.1299991608,-183.150390625,9.66747951508,228,-9.61406040192,0.092895373702,-10.9616365433,14.9721231461,-3.23892903328,-0.480860292912,0
1536703565728551346,36.798448372,carbonZ_2018-09-11-17-55-30_2_left_aileron_failure,aileron,-22.1800003052,-183.150390625,11.1493549347,228,-9.61406040192,0.092895373702,-10.9616365433,14.94008255,-3.35190701485,-0.511666536331,0
1536703565769269005,36.839166031,carbonZ_2018-09-11-17-55-30_2_left_aileron_failure,aileron,-22.1800003052,-183.150390625,11.1493549347,228,-9.61406040192,0.092895373702,-10.9616365433,14.8722600937,-3.60208702087,-0.52302634716,0
1536703565882251496,36.952148522,carbonZ_2018-09-11-17-55-30_2_left_aileron_failure,aileron,-22.2399997711,-185.538299561,10.4555244446,228,-9.61406040192,0.092895373702,-10.9616365433,14.8004894257,-3.8481657505,-0.469105869532,0
1536703565945369875,37.015266901,carbonZ_2018-09-11-17-55-30_2_left_aileron_failure,aileron,-22.2899990082,-185.538299561,11.1857624054,228,-14.347205162,0.927216231823,-15.5839490891,14.7407283783,-4.03647327423,-0.415143847466,0
1536703566006881538,37.076778564,carbonZ_2018-09-11-17-55-30_2_left_aileron_failure,aileron,-22.2899990082,-185.538299561,11.1857624054,228,-14.347205162,0.927216231823,-15.5839490891,14.6796646118,-4.25115966797,-0.401411682367,0
1536703566027478361,37.097375387,carbonZ_2018-09-11-17-55-30_2_left_aileron_failure,aileron,-22.2899990082,-185.538299561,11.1857624054,228,-14.347205162,0.927216231823,-15.5839490891,14.6578397751,-4.32304954529,-0.40751978755,0
1536703566077353192,37.147250218,carbonZ_2018-09-11-17-55-30_2_left_aileron_failure,aileron,-22.3299999237,-189.836212158,10.4656791687,228,-14.347205162,0.927216231823,-15.5839490891,14.5963373184,-4.54171991348,-0.400073200464,0
1536703566093007917,37.162904943,carbonZ_2018-09-11-17-55-30_2_left_aileron_failure,aileron,-22.3299999237,-189.836212158,10.4656791687,228,-14.347205162,0.927216231823,-15.5839490891,14.5963373184,-4.54171991348,-0.400073200464,0
1536703566170387673,37.240284699,carbonZ_2018-09-11-17-55-30_2_left_aileron_failure,aileron,-22.3699989319,-189.836212158,12.7038173676,228,-14.347205162,0.927216231823,-15.5839490891,14.5141439438,-4.827647686,-0.33562245965,0
1536703566219210655,37.289107681,carbonZ_2018-09-11-17-55-30_2_left_aileron_failure,aileron,-22.3699989319,-189.836212158,12.7038173676,228,-14.347205162,0.927216231823,-15.5839490891,14.4565439224,-5.03774833679,-0.268767267466,0
1536703566231933861,37.301830887,carbonZ_2018-09-11-17-55-30_2_left_aileron_failure,aileron,-22.3899993896,-192.915634155,11.8409833908,228,-14.347205162,0.927216231823,-15.5839490891,14.4565439224,-5.03774833679,-0.268767267466,0
1536703566292881022,37.362778048,carbonZ_2018-09-11-17-55-30_2_left_aileron_failure,aileron,-22.3899993896,-192.915634155,11.8409833908,228,-14.347205162,0.927216231823,-15.5839490891,14.415599823,-5.17567777634,-0.235291272402,0
1536703566349108640,37.419005666,carbonZ_2018-09-11-17-55-30_2_left_aileron_failure,aileron,-22.4099998474,-192.915634155,11.0110311508,228,-19.4395999908,-0.177290692925,-18.1470603943,14.3342943192,-5.45683765411,-0.14423494041,0
1536703566431204452,37.501101478,carbonZ_2018-09-11-17-55-30_2_left_aileron_failure,aileron,-22.4099998474,-192.409606934,10.9143829346,228,-19.4395999908,-0.177290692925,-18.1470603943,14.2243862152,-5.81110334396,-0.00672510731965,0
1536703566493326435,37.563223461,carbonZ_2018-09-11-17-55-30_2_left_aileron_failure,aileron,-22.4099998474,-192.409606934,10.9143829346,228,-19.4395999908,-0.177290692925,-18.1470603943,14.1533222198,-6.02125787735,0.0627319812775,0
1536703566558653306,37.628550332,carbonZ_2018-09-11-17-55-30_2_left_aileron_failure,aileron,-22.3899993896,-191.409484863,10.0994787216,228,-19.4395999908,-0.177290692925,-18.1470603943,14.0732784271,-6.25988054276,0.12096491456,0
1536703566594429569,37.664326595,carbonZ_2018-09-11-17-55-30_2_left_aileron_failure,aileron,-22.3899993896,-191.409484863,10.0994787216,228,-19.4395999908,-0.177290692925,-18.1470603943,14.0145940781,-6.4310874939,0.15065588057,0
1536703566645308026,37.715205052,carbonZ_2018-09-11-17-55-30_2_left_aileron_failure,aileron,-22.3699989319,-193.194198608,12.1694087982,228,-19.4395999908,-0.177290692925,-18.1470603943,13.9536914825,-6.59724140167,0.169680863619,0
1536703566700909417,37.770806443,carbonZ_2018-09-11-17-55-30_2_left_aileron_failure,aileron,-22.3699989319,-193.194198608,12.1694087982,228,-19.4395999908,-0.177290692925,-18.1470603943,13.8599815369,-6.84117984772,0.203842654824,0
1536703566738602085,37.808499111,carbonZ_2018-09-11-17-55-30_2_left_aileron_failure,aileron,-22.3400001526,-194.194320679,11.2284870148,228,-22.9026222229,-0.347155362368,-23.3444595337,13.7931671143,-7.00809049606,0.21396715939,0
1536703566801301303,37.871198329,carbonZ_2018-09-11-17-55-30_2_left_aileron_failure,aileron,-22.3400001526,-194.194320679,11.2284870148,228,-22.9026222229,-0.347155362368,-23.3444595337,13.6867218018,-7.2630944252,0.222431957722,0
1536703566832317736,37.902214762,carbonZ_2018-09-11-17-55-30_2_left_aileron_failure,aileron,-22.3099994659,-193.481918335,10.3332052231,228,-22.9026222229,-0.347155362368,-23.3444595337,13.6108083725,-7.44196462631,0.236994028091,0
1536703566896099746,37.965996772,carbonZ_2018-09-11-17-55-30_2_left_aileron_failure,aileron,-22.3099994659,-193.481918335,10.3332052231,228,-22.9026222229,-0.347155362368,-23.3444595337,13.4822101593,-7.72779321671,0.239716038108,0
1536703566960799944,38.03069697,carbonZ_2018-09-11-17-55-30_2_left_aileron_failure,aileron,-22.2699985504,-193.481918335,10.8837347031,228,-22.9026222229,-0.347155362368,-23.3444595337,13.3408288956,-8.03273773193,0.244261562824,0
1536703567046886546,38.116783572,carbonZ_2018-09-11-17-55-30_2_left_aileron_failure,aileron,-22.2399997711,-208.511169434,9.96389293671,228,-22.9026222229,-0.347155362368,-23.3444595337,13.1407709122,-8.4435634613,0.268153369427,0
1536703567120310580,38.190207606,carbonZ_2018-09-11-17-55-30_2_left_aileron_failure,aileron,-22.2399997711,-208.511169434,9.96389293671,228,-27.1907329559,-0.888646006584,-30.0746097565,12.9356927872,-8.84445571899,0.310791254044,0
1536703567144437564,38.21433459,carbonZ_2018-09-11-17-55-30_2_left_aileron_failure,aileron,-22.1999988556,-208.511169434,9.09063339233,228,-27.1907329559,-0.888646006584,-30.0746097565,12.8824605942,-8.95097160339,0.320997864008,0
1536703567201625478,38.271522504,carbonZ_2018-09-11-17-55-30_2_left_aileron_failure,aileron,-22.1999988556,-208.511169434,9.09063339233,228,-27.1907329559,-0.888646006584,-30.0746097565,12.7323999405,-9.24406337738,0.388931393623,0
1536703567237016180,38.306913206,carbonZ_2018-09-11-17-55-30_2_left_aileron_failure,aileron,-22.1499996185,-186.298187256,11.0526323318,227,-27.1907329559,-0.888646006584,-30.0746097565,12.5892496109,-9.5186252594,0.485824286938,0
1536703567295274407,38.365171433,carbonZ_2018-09-11-17-55-30_2_left_aileron_failure,aileron,-22.1499996185,-186.298187256,11.0526323318,227,-27.1907329559,-0.888646006584,-30.0746097565,12.4976396561,-9.69256305695,0.56093788147,0
1536703567350457117,38.420354143,carbonZ_2018-09-11-17-55-30_2_left_aileron_failure,aileron,-22.0900001526,-186.298187256,10.0645780563,227,-27.1907329559,-0.888646006584,-30.0746097565,12.4039363861,-9.87006855011,0.633289217949,0
1536703567409450048,38.479347074,carbonZ_2018-09-11-17-55-30_2_left_aileron_failure,aileron,-22.0900001526,-186.298187256,10.0645780563,227,-27.1907329559,-0.888646006584,-30.0746097565,12.251619339,-10.1534318924,0.709422111511,0
1536703567451912817,38.521809843,carbonZ_2018-09-11-17-55-30_2_left_aileron_failure,aileron,-22.0100002289,-199.413116455,9.82894515991,227,-29.7872066498,-1.92750012875,-34.4950523376,12.139960289,-10.3481407166,0.74310874939,0
1536703567497789622,38.567686648,carbonZ_2018-09-11-17-55-30_2_left_aileron_failure,aileron,-22.0100002289,-199.413116455,9.82894515991,227,-29.7872066498,-1.92750012875,-34.4950523376,11.9555110931,-10.657459259,0.764027297497,0
1536703567565696082,38.635593108,carbonZ_2018-09-11-17-55-30_2_left_aileron_failure,aileron,-21.9200000763,-199.413116455,8.8692111969,226,-29.7872066498,-1.92750012875,-34.4950523376,11.7593727112,-10.974978447,0.788966596127,0
1536703567598040548,38.667937574,carbonZ_2018-09-11-17-55-30_2_left_aileron_failure,aileron,-21.9200000763,-199.413116455,8.8692111969,226,-29.7872066498,-1.92750012875,-34.4950523376,11.6199512482,-11.1908969879,0.795648574829,0
1536703567616070100,38.685967126,carbonZ_2018-09-11-17-55-30_2_left_aileron_failure,aileron,-21.9200000763,-199.413116455,8.8692111969,226,-29.7872066498,-1.92750012875,-34.4950523376,11.5477809906,-11.2991819382,0.799410879612,0
1536703567718376692,38.788273718,carbonZ_2018-09-11-17-55-30_2_left_aileron_failure,aileron,-21.8199996948,-208.422271729,10.9021406174,226,-29.7872066498,-1.92750012875,-34.4950523376,11.1743574142,-11.8192577362,0.826053380966,0
1536703567794846578,38.864743604,carbonZ_2018-09-11-17-55-30_2_left_aileron_failure,aileron,-21.7099990845,-209.422393799,9.83779621124,225,-29.7872066498,-1.92750012875,-34.4950523376,10.8355417252,-12.2758750916,0.807085156441,0
1536703567846260733,38.916157759,carbonZ_2018-09-11-17-55-30_2_left_aileron_failure,aileron,-21.609998703,-233.063598633,8.8227481842,225,-29.7872066498,-1.92750012875,-34.4950523376,10.6552352905,-12.4986104965,0.78525942564,0
1536703567878437746,38.948334772,carbonZ_2018-09-11-17-55-30_2_left_aileron_failure,aileron,-21.609998703,-233.063598633,8.8227481842,225,-32.5396575928,-1.55449795723,-44.8707351685,10.5593328476,-12.613322258,0.767312943935,0
1536703567913835360,38.983732386,carbonZ_2018-09-11-17-55-30_2_left_aileron_failure,aileron,-21.609998703,-233.063598633,8.8227481842,225,-32.5396575928,-1.55449795723,-44.8707351685,10.2519493103,-12.969997406,0.685791313648,0
1536703567986919369,39.056816395,carbonZ_2018-09-11-17-55-30_2_left_aileron_failure,aileron,-21.5100002289,-233.063598633,10.0975265503,224,-32.5396575928,-1.55449795723,-44.8707351685,9.93819618225,-13.3229341507,0.618302047253,0
1536703568008925089,39.078822115,carbonZ_2018-09-11-17-55-30_2_left_aileron_failure,aileron,-21.5100002289,-233.063598633,10.0975265503,224,-32.5396575928,-1.55449795723,-44.8707351685,9.82011222839,-13.4473266602,0.588361203671,0
1536703568027468100,39.097365126,carbonZ_2018-09-11-17-55-30_2_left_aileron_failure,aileron,-21.4300003052,-222.357757568,9.03942871094,223,-32.5396575928,-1.55449795723,-44.8707351685,9.82011222839,-13.4473266602,0.588361203671,0
1536703568096258410,39.166155436,carbonZ_2018-09-11-17-55-30_2_left_aileron_failure,aileron,-21.4300003052,-222.357757568,9.03942871094,223,-32.5396575928,-1.55449795723,-44.8707351685,9.17441082001,-14.0714359283,0.422903239727,0
1536703568165168686,39.235065712,carbonZ_2018-09-11-17-55-30_2_left_aileron_failure,aileron,-21.359998703,-222.357757568,9.55242919922,222,-32.5396575928,-1.55449795723,-44.8707351685,8.78572368622,-14.4351634979,0.341228544712,0
1536703568227953017,39.297850043,carbonZ_2018-09-11-17-55-30_2_left_aileron_failure,aileron,-21.359998703,-222.357757568,9.55242919922,222,-32.5396575928,-1.55449795723,-44.8707351685,8.37907981873,-14.7824716568,0.294318377972,0
1536703568249665207,39.319562233,carbonZ_2018-09-11-17-55-30_2_left_aileron_failure,aileron,-21.3099994659,-238.015563965,8.51875400543,222,-32.5396575928,-1.55449795723,-44.8707351685,8.24120140076,-14.8920164108,0.276696234941,0
1536703568295260417,39.365157443,carbonZ_2018-09-11-17-55-30_2_left_aileron_failure,aileron,-21.3099994659,-238.015563965,8.51875400543,222,-32.5396575928,-1.55449795723,-44.8707351685,7.81552124023,-15.2259922028,0.200996056199,0
1536703568366244310,39.436141336,carbonZ_2018-09-11-17-55-30_2_left_aileron_failure,aileron,-21.2600002289,-238.015563965,7.55840682983,221,-32.5396575928,-1.55449795723,-44.8707351685,7.26300144196,-15.6364784241,0.17806455493,0
1536703568416320668,39.486217694,carbonZ_2018-09-11-17-55-30_2_left_aileron_failure,aileron,-21.2600002289,-238.015563965,7.55840682983,221,-36.275894165,-0.606202125549,-59.3082046509,7.12343263626,-15.7354230881,0.176200196147,0
1536703568433404064,39.50330109,carbonZ_2018-09-11-17-55-30_2_left_aileron_failure,aileron,-21.2199993134,-255.752380371,8.8260679245,220,-36.275894165,-0.606202125549,-59.3082046509,6.85881280899,-15.9231023788,0.166956752539,0
1536703568500620649,39.570517675,carbonZ_2018-09-11-17-55-30_2_left_aileron_failure,aileron,-21.2199993134,-255.752380371,8.8260679245,220,-36.275894165,-0.606202125549,-59.3082046509,6.28505134583,-16.2884483337,0.11027405411,0
1536703568561052937,39.630949963,carbonZ_2018-09-11-17-55-30_2_left_aileron_failure,aileron,-21.1800003052,-255.752380371,7.82199859619,219,-36.275894165,-0.606202125549,-59.3082046509,5.98042917252,-16.4780883789,0.0477648973465,0
1536703568604207305,39.674104331,carbonZ_2018-09-11-17-55-30_2_left_aileron_failure,aileron,-21.1800003052,-255.752380371,7.82199859619,219,-36.275894165,-0.606202125549,-59.3082046509,5.67376089096,-16.6552429199,0.00709355808794,0
1536703568651325298,39.721222324,carbonZ_2018-09-11-17-55-30_2_left_aileron_failure,aileron,-21.1499996185,-259.569366455,8.34599399567,217,-36.275894165,-0.606202125549,-59.3082046509,5.37301826477,-16.8191661835,-0.0284376423806,0
1536703568700797989,39.770695015,carbonZ_2018-09-11-17-55-30_2_left_aileron_failure,aileron,-21.1499996185,-259.569366455,8.34599399567,217,-36.4519386292,0.85949742794,-66.1709823608,5.10888242722,-16.9626178741,-0.031859792769,0
1536703568759134228,39.829031254,carbonZ_2018-09-11-17-55-30_2_left_aileron_failure,aileron,-21.1299991608,-259.569366455,7.36704683304,216,-36.4519386292,0.85949742794,-66.1709823608,4.69510650635,-17.162437439,-0.00770046655089,0
1536703568786723342,39.856620368,carbonZ_2018-09-11-17-55-30_2_left_aileron_failure,aileron,-21.1299991608,-259.569366455,7.36704683304,216,-36.4519386292,0.85949742794,-66.1709823608,4.69510650635,-17.162437439,-0.00770046655089,0
1536703568831620776,39.901517802,carbonZ_2018-09-11-17-55-30_2_left_aileron_failure,aileron,-21.1000003815,-279.784576416,9.09815216064,215,-36.4519386292,0.85949742794,-66.1709823608,3.96632909775,-17.4927768707,-0.0115512646735,0
1536703568931336318,40.001233344,carbonZ_2018-09-11-17-55-30_2_left_aileron_failure,aileron,-21.0699996948,-279.784576416,8.04624462128,214,-36.4519386292,0.85949742794,-66.1709823608,3.35295081139,-17.7329673767,-0.0300763659179,0
1536703568959702599,40.029599625,carbonZ_2018-09-11-17-55-30_2_left_aileron_failure,aileron,-21.0699996948,-279.784576416,8.04624462128,214,-36.4519386292,0.85949742794,-66.1709823608,3.0212161541,-17.8577537537,-0.0564208738506,0
1536703569016578518,40.086475544,carbonZ_2018-09-11-17-55-30_2_left_aileron_failure,aileron,-21.0699996948,-279.784576416,8.04624462128,214,-36.4519386292,0.85949742794,-66.1709823608,2.55381011963,-18.0165977478,-0.0521779060364,0
1536703569091029403,40.160926429,carbonZ_2018-09-11-17-55-30_2_left_aileron_failure,aileron,-21.0499992371,-283.778381348,7.58784532547,212,-36.4519386292,0.85949742794,-66.1709823608,2.07632613182,-18.1710796356,-0.075357221067,0
1536703569122982740,40.192879766,carbonZ_2018-09-11-17-55-30_2_left_aileron_failure,aileron,-21.0499992371,-283.778381348,7.58784532547,212,-37.1747894287,1.19804024696,-76.2171630859,1.77147233486,-18.2509078979,-0.0541674233973,0
1536703569154053855,40.223950881,carbonZ_2018-09-11-17-55-30_2_left_aileron_failure,aileron,-21.0200004578,-283.778381348,6.61080551147,211,-37.1747894287,1.19804024696,-76.2171630859,1.61136686802,-18.2995548248,-0.0507324784994,0
1536703569197481944,40.26737897,carbonZ_2018-09-11-17-55-30_2_left_aileron_failure,aileron,-21.0200004578,-283.778381348,6.61080551147,211,-37.1747894287,1.19804024696,-76.2171630859,1.16905975342,-18.4198608398,-0.010449020192,0
1536703569247629179,40.317526205,carbonZ_2018-09-11-17-55-30_2_left_aileron_failure,aileron,-20.9899997711,-299.419799805,5.69235181808,209,-37.1747894287,1.19804024696,-76.2171630859,0.858258128166,-18.4961471558,-0.024801582098,0
1536703569307190700,40.377087726,carbonZ_2018-09-11-17-55-30_2_left_aileron_failure,aileron,-20.9899997711,-299.419799805,5.69235181808,209,-37.1747894287,1.19804024696,-76.2171630859,0.402054816484,-18.5915393829,-0.0269602462649,0
1536703569313966357,40.383863383,carbonZ_2018-09-11-17-55-30_2_left_aileron_failure,aileron,-20.9899997711,-299.419799805,5.69235181808,209,-37.1747894287,1.19804024696,-76.2171630859,0.402054816484,-18.5915393829,-0.0269602462649,0
1536703569386415559,40.456312585,carbonZ_2018-09-11-17-55-30_2_left_aileron_failure,aileron,-20.9699993134,-299.419799805,6.33933639526,208,-36.4499168396,1.4867002964,-81.9767532349,-0.17110170424,-18.7034435272,0.000477777328342,0
1536703569414428183,40.484325209,carbonZ_2018-09-11-17-55-30_2_left_aileron_failure,aileron,-20.9699993134,-299.419799805,6.33933639526,208,-36.4499168396,1.4867002964,-81.9767532349,-0.459349066019,-18.7497673035,0.0096565997228,0
1536703569454518842,40.524415868,carbonZ_2018-09-11-17-55-30_2_left_aileron_failure,aileron,-20.9399986267,-310.250854492,5.42711925507,206,-36.4499168396,1.4867002964,-81.9767532349,-0.720920026302,-18.790807724,0.0423304252326,0
1536703569498233708,40.568130734,carbonZ_2018-09-11-17-55-30_2_left_aileron_failure,aileron,-20.9399986267,-310.250854492,5.42711925507,206,-36.4499168396,1.4867002964,-81.9767532349,-1.14262366295,-18.832901001,0.0449420660734,0
1536703569608666576,40.678563602,carbonZ_2018-09-11-17-55-30_2_left_aileron_failure,aileron,-20.9099998474,-310.250854492,5.02160930634,205,-36.4499168396,1.4867002964,-81.9767532349,-1.71452200413,-18.8939781189,0.0606031417847,0
1536703569644752781,40.714649807,carbonZ_2018-09-11-17-55-30_2_left_aileron_failure,aileron,-20.8699989319,-316.271789551,4.1719455719,203,-36.4499168396,1.4867002964,-81.9767532349,-1.99215936661,-18.9145011902,0.081161223352,0
1536703569706195508,40.776092534,carbonZ_2018-09-11-17-55-30_2_left_aileron_failure,aileron,-20.8699989319,-316.271789551,4.1719455719,203,-36.4499168396,1.4867002964,-81.9767532349,-2.41798949242,-18.9384117126,0.0689807757735,0
1536703569752813061,40.822710087,carbonZ_2018-09-11-17-55-30_2_left_aileron_failure,aileron,-20.8299999237,-316.271789551,3.79033398628,201,-36.8256568909,1.29931533337,-90.0846405029,-2.70454454422,-18.9469394684,0.0971381738782,0
1536703569812801901,40.882698927,carbonZ_2018-09-11-17-55-30_2_left_aileron_failure,aileron,-20.8299999237,-316.271789551,3.79033398628,201,-36.8256568909,1.29931533337,-90.0846405029,-3.17526173592,-18.9560470581,0.0772675797343,0
1536703569851813320,40.921710346,carbonZ_2018-09-11-17-55-30_2_left_aileron_failure,aileron,-20.7899990082,-327.979278564,3.02803254128,199,-36.8256568909,1.29931533337,-90.0846405029,-3.50243997574,-18.9430847168,0.0720852091908,0
1536703569903070674,40.9729677,carbonZ_2018-09-11-17-55-30_2_left_aileron_failure,aileron,-20.7899990082,-327.979278564,3.02803254128,199,-36.8256568909,1.29931533337,-90.0846405029,-4.21325492859,-18.8976650238,-0.00109789217822,0
1536703569954562455,41.024459481,carbonZ_2018-09-11-17-55-30_2_left_aileron_failure,aileron,-20.75,-327.979278564,2.35370516777,198,-36.8256568909,1.29931533337,-90.0846405029,-4.41470766068,-18.8854293823,-0.0320602171123,0
1536703570015300878,41.085197904,carbonZ_2018-09-11-17-55-30_2_left_aileron_failure,aileron,-20.75,-327.979278564,2.35370516777,198,-36.8256568909,1.29931533337,-90.0846405029,-4.9651632309,-18.8226509094,-0.0904255434871,0
1536703570084801823,41.154698849,carbonZ_2018-09-11-17-55-30_2_left_aileron_failure,aileron,-20.7199993134,-329.624572754,1.79990315437,196,-40.5524291992,2.32955765724,-99.5779342651,-5.69723129272,-18.7053432465,-0.159143298864,0
1536703570111430381,41.181327407,carbonZ_2018-09-11-17-55-30_2_left_aileron_failure,aileron,-20.7199993134,-329.624572754,1.79990315437,196,-40.5524291992,2.32955765724,-99.5779342651,-5.87414169312,-18.6760749817,-0.187748625875,0
1536703570191991880,41.261888906,carbonZ_2018-09-11-17-55-30_2_left_aileron_failure,aileron,-20.6999988556,-330.624664307,1.27332770824,194,-40.5524291992,2.32955765724,-99.5779342651,-6.64447975159,-18.5004940033,-0.293864876032,0
1536703570207978275,41.277875301,carbonZ_2018-09-11-17-55-30_2_left_aileron_failure,aileron,-20.6999988556,-330.624664307,1.27332770824,194,-40.5524291992,2.32955765724,-99.5779342651,-6.85787630081,-18.443195343,-0.355688035488,0
1536703570246537095,41.316434121,carbonZ_2018-09-11-17-55-30_2_left_aileron_failure,aileron,-20.6999988556,-301.464355469,0.85782212019,192,-40.5524291992,2.32955765724,-99.5779342651,-7.2439827919,-18.3363628387,-0.452760279179,0
1536703570296329104,41.36622613,carbonZ_2018-09-11-17-55-30_2_left_aileron_failure,aileron,-20.6999988556,-301.464355469,0.85782212019,192,-40.5524291992,2.32955765724,-99.5779342651,-7.81038284302,-18.1545143127,-0.608059048653,0
1536703570361900153,41.431797179,carbonZ_2018-09-11-17-55-30_2_left_aileron_failure,aileron,-20.7299995422,-300.464233398,0.541967093945,190,-40.5524291992,2.32955765724,-99.5779342651,-8.32267951965,-17.9669513702,-0.730291068554,0
1536703570395943905,41.465840931,carbonZ_2018-09-11-17-55-30_2_left_aileron_failure,aileron,-20.7299995422,-300.464233398,0.541967093945,190,-40.5524291992,2.32955765724,-99.5779342651,-8.80865859985,-17.7603473663,-0.861538410187,0
1536703570443710327,41.513607353,carbonZ_2018-09-11-17-55-30_2_left_aileron_failure,aileron,-20.7799987793,-296.722412109,0.328989982605,188,-34.1088943481,3.6156566143,-112.440055847,-8.97176647186,-17.6853961945,-0.897784948349,0
1536703570498821130,41.568718156,carbonZ_2018-09-11-17-55-30_2_left_aileron_failure,aileron,-20.7799987793,-296.722412109,0.328989982605,188,-34.1088943481,3.6156566143,-112.440055847,-9.77919578552,-17.2642021179,-1.23291039467,0
1536703570575789685,41.645686711,carbonZ_2018-09-11-17-55-30_2_left_aileron_failure,aileron,-20.8500003815,-296.722412109,0.201509803534,186,-34.1088943481,3.6156566143,-112.440055847,-9.77919578552,-17.2642021179,-1.23291039467,0
1536703570608025477,41.677922503,carbonZ_2018-09-11-17-55-30_2_left_aileron_failure,aileron,-20.8500003815,-296.722412109,0.201509803534,186,-34.1088943481,3.6156566143,-112.440055847,-10.3801336288,-16.8909339905,-1.54198074341,0
1536703570639635076,41.709532102,carbonZ_2018-09-11-17-55-30_2_left_aileron_failure,aileron,-20.9599990845,-289.684112549,0.165492326021,184,-34.1088943481,3.6156566143,-112.440055847,-10.522600174,-16.7944850922,-1.62501525879,0
1536703570739656652,41.809553678,carbonZ_2018-09-11-17-55-30_2_left_aileron_failure,aileron,-21.1199989319,-289.684112549,0.206782490015,182,-34.1088943481,3.6156566143,-112.440055847,-11.1664676666,-16.3058681488,-1.97957265377,0
1536703570843164359,41.913061385,carbonZ_2018-09-11-17-55-30_2_left_aileron_failure,aileron,-21.3099994659,-284.091003418,0.337802857161,180,-34.1088943481,3.6156566143,-112.440055847,-11.6949710846,-15.8319664001,-2.28975749016,0
1536703570900772418,41.970669444,carbonZ_2018-09-11-17-55-30_2_left_aileron_failure,aileron,-21.3099994659,-284.091003418,0.337802857161,180,-34.1088943481,3.6156566143,-112.440055847,-11.9323968887,-15.5946969986,-2.40634441376,0
1536703570949952408,42.019849434,carbonZ_2018-09-11-17-55-30_2_left_aileron_failure,aileron,-21.5299987793,-284.091003418,0.524024367332,178,-19.803647995,6.86903524399,-122.70236969,-12.0606155396,-15.4511413574,-2.44242882729,0
1536703570996793987,42.066691013,carbonZ_2018-09-11-17-55-30_2_left_aileron_failure,aileron,-21.5299987793,-284.091003418,0.524024367332,178,-19.803647995,6.86903524399,-122.70236969,-12.2163333893,-15.2577571869,-2.48337864876,0
1536703571065801469,42.135698495,carbonZ_2018-09-11-17-55-30_2_left_aileron_failure,aileron,-21.7700004578,-261.223602295,0.749024510384,176,-19.803647995,6.86903524399,-122.70236969,-12.3344802856,-15.0967922211,-2.50529146194,0
1536703571093510130,42.163407156,carbonZ_2018-09-11-17-55-30_2_left_aileron_failure,aileron,-21.7700004578,-261.223602295,0.749024510384,176,-19.803647995,6.86903524399,-122.70236969,-12.3899679184,-15.0040769577,-2.50174760818,0
1536703571149638572,42.219535598,carbonZ_2018-09-11-17-55-30_2_left_aileron_failure,aileron,-22.0100002289,-261.223602295,1.00436484814,174,-19.803647995,6.86903524399,-122.70236969,-12.4419670105,-14.893740654,-2.44343566895,0
1536703571226596596,42.296493622,carbonZ_2018-09-11-17-55-30_2_left_aileron_failure,aileron,-22.0100002289,-261.223602295,1.00436484814,174,-19.803647995,6.86903524399,-122.70236969,-12.4722776413,-14.7981281281,-2.36826848984,0
1536703571245206612,42.315103638,carbonZ_2018-09-11-17-55-30_2_left_aileron_failure,aileron,-22.25,-233.961486816,1.26616454124,172,-19.803647995,6.86903524399,-122.70236969,-12.4786272049,-14.7664232254,-2.34968614578,0
1536703571294236333,42.364133359,carbonZ_2018-09-11-17-55-30_2_left_aileron_failure,aileron,-22.25,-233.961486816,1.26616454124,172,-19.803647995,6.86903524399,-122.70236969,-12.4796581268,-14.6472845078,-2.30679321289,0
1536703571391002810,42.460899836,carbonZ_2018-09-11-17-55-30_2_left_aileron_failure,aileron,-22.4799995422,-233.961486816,1.5255048275,170,-19.803647995,6.86903524399,-122.70236969,-12.4254665375,-14.5544900894,-2.3389775753,0
1536703571458766320,42.528663346,carbonZ_2018-09-11-17-55-30_2_left_aileron_failure,aileron,-22.7099990845,-209.374816895,1.78484606743,168,2.61297821999,6.58235740662,-123.918388367,-12.3582677841,-14.4943990707,-2.3818166256,0
1536703571492076424,42.56197345,carbonZ_2018-09-11-17-55-30_2_left_aileron_failure,aileron,-22.7099990845,-209.374816895,1.78484606743,168,2.61297821999,6.58235740662,-123.918388367,-12.3012285233,-14.4603433609,-2.4271030426,0
1536703571550160182,42.620057208,carbonZ_2018-09-11-17-55-30_2_left_aileron_failure,aileron,-22.9499988556,-209.374816895,2.02805709839,167,2.61297821999,6.58235740662,-123.918388367,-12.1913871765,-14.4268598557,-2.49575805664,0
1536703571603723721,42.673620747,carbonZ_2018-09-11-17-55-30_2_left_aileron_failure,aileron,-22.9499988556,-209.374816895,2.02805709839,167,2.61297821999,6.58235740662,-123.918388367,-12.0803966522,-14.4012174606,-2.54200077057,0
1536703571659274767,42.729171793,carbonZ_2018-09-11-17-55-30_2_left_aileron_failure,aileron,-23.1999988556,-184.223358154,2.24019908905,165,2.61297821999,6.58235740662,-123.918388367,-12.0462608337,-14.3927898407,-2.54017019272,0
1536703571673037436,42.742934462,carbonZ_2018-09-11-17-55-30_2_left_aileron_failure,aileron,-23.1999988556,-184.223358154,2.24019908905,165,2.61297821999,6.58235740662,-123.918388367,-11.9753093719,-14.378033638,-2.51916074753,0
1536703571728119533,42.798016559,carbonZ_2018-09-11-17-55-30_2_left_aileron_failure,aileron,-23.4599990845,-184.223358154,2.458319664,163,2.61297821999,6.58235740662,-123.918388367,-11.8993034363,-14.368273735,-2.49888682365,0
1536703571795203634,42.86510066,carbonZ_2018-09-11-17-55-30_2_left_aileron_failure,aileron,-23.4599990845,-184.223358154,2.458319664,163,11.2102050781,6.83798408508,-124.346748352,-11.7196531296,-14.3696250916,-2.45984363556,0
1536703571835776871,42.905673897,carbonZ_2018-09-11-17-55-30_2_left_aileron_failure,aileron,-23.7199993134,-155.347824097,2.63718128204,161,11.2102050781,6.83798408508,-124.346748352,-11.641409874,-14.3680639267,-2.42688775063,0
1536703571890033130,42.959930156,carbonZ_2018-09-11-17-55-30_2_left_aileron_failure,aileron,-23.7199993134,-155.347824097,2.63718128204,161,11.2102050781,6.83798408508,-124.346748352,-11.5614824295,-14.3699550629,-2.36575770378,0
1536703571963917879,43.033814905,carbonZ_2018-09-11-17-55-30_2_left_aileron_failure,aileron,-23.9699993134,-155.347824097,2.80549883842,159,11.2102050781,6.83798408508,-124.346748352,-11.409198761,-14.3827486038,-2.21035504341,0
1536703572004530060,43.074427086,carbonZ_2018-09-11-17-55-30_2_left_aileron_failure,aileron,-23.9699993134,-155.347824097,2.80549883842,159,11.2102050781,6.83798408508,-124.346748352,-11.3359556198,-14.3926992416,-2.1285033226,0
1536703572015792208,43.085689234,carbonZ_2018-09-11-17-55-30_2_left_aileron_failure,aileron,-23.9699993134,-155.347824097,2.80549883842,159,11.2102050781,6.83798408508,-124.346748352,-11.2962083817,-14.4016399384,-2.08849453926,0
1536703572096859129,43.166756155,carbonZ_2018-09-11-17-55-30_2_left_aileron_failure,aileron,-24.1999988556,-139.923095703,2.94707965851,157,11.2102050781,6.83798408508,-124.346748352,-11.1464319229,-14.4222049713,-1.92381596565,0
1536703572148334649,43.218231675,carbonZ_2018-09-11-17-55-30_2_left_aileron_failure,aileron,-24.4099998474,-139.923095703,3.07874369621,155,11.2102050781,6.83798408508,-124.346748352,-11.0702400208,-14.4415073395,-1.82555389404,0
1536703572201929610,43.271826636,carbonZ_2018-09-11-17-55-30_2_left_aileron_failure,aileron,-24.4099998474,-139.923095703,3.07874369621,155,15.4223499298,4.46695756912,-123.728797913,-10.9613132477,-14.4651260376,-1.68503463268,0
1536703572228256732,43.298153758,carbonZ_2018-09-11-17-55-30_2_left_aileron_failure,aileron,-24.4099998474,-139.923095703,3.07874369621,155,15.4223499298,4.46695756912,-123.728797913,-10.9308843613,-14.4743480682,-1.63246619701,0
1536703572297267956,43.367164982,carbonZ_2018-09-11-17-55-30_2_left_aileron_failure,aileron,-24.6000003815,-121.456718445,3.18902540207,154,15.4223499298,4.46695756912,-123.728797913,-10.7922267914,-14.5081415176,-1.40914273262,0
1536703572333374732,43.403271758,carbonZ_2018-09-11-17-55-30_2_left_aileron_failure,aileron,-24.6000003815,-121.456718445,3.18902540207,154,15.4223499298,4.46695756912,-123.728797913,-10.7635545731,-14.5149784088,-1.34886360168,0
1536703572412342340,43.482239366,carbonZ_2018-09-11-17-55-30_2_left_aileron_failure,aileron,-24.7600002289,-121.456718445,3.29732775688,152,15.4223499298,4.46695756912,-123.728797913,-10.6292028427,-14.5616588593,-1.11031806469,0
1536703572444077630,43.513974656,carbonZ_2018-09-11-17-55-30_2_left_aileron_failure,aileron,-24.8799991608,-101.009750366,3.37543320656,150,15.2495346069,1.93336439133,-122.355079651,-10.5603504181,-14.5892944336,-1.00357651711,0
1536703572475299395,43.545196421,carbonZ_2018-09-11-17-55-30_2_left_aileron_failure,aileron,-24.8799991608,-101.009750366,3.37543320656,150,15.2495346069,1.93336439133,-122.355079651,-10.4972076416,-14.6106052399,-0.894688606262,0
1536703572495294372,43.565191398,carbonZ_2018-09-11-17-55-30_2_left_aileron_failure,aileron,-24.8799991608,-101.009750366,3.37543320656,150,15.2495346069,1.93336439133,-122.355079651,-10.4694576263,-14.6238107681,-0.839684069157,0
1536703572548614394,43.61851142,carbonZ_2018-09-11-17-55-30_2_left_aileron_failure,aileron,-24.9799995422,-101.009750366,3.45093750954,148,15.2495346069,1.93336439133,-122.355079651,-10.3989629745,-14.6514511108,-0.722241342068,0
1536703572632353832,43.702250858,carbonZ_2018-09-11-17-55-30_2_left_aileron_failure,aileron,-25.0499992371,-92.5199508667,3.50804066658,146,15.2495346069,1.93336439133,-122.355079651,-10.2381782532,-14.7224245071,-0.488960325718,0
1536703572703240341,43.773137367,carbonZ_2018-09-11-17-55-30_2_left_aileron_failure,aileron,-25.0499992371,-92.5199508667,3.50804066658,146,15.2495346069,1.93336439133,-122.355079651,-10.1211900711,-14.7737283707,-0.324256777763,0
1536703572745476228,43.815373254,carbonZ_2018-09-11-17-55-30_2_left_aileron_failure,aileron,-25.109998703,-92.5199508667,3.57237291336,145,15.2495346069,1.93336439133,-122.355079651,-10.0938634872,-14.7900867462,-0.281078070402,0
1536703572811779800,43.881676826,carbonZ_2018-09-11-17-55-30_2_left_aileron_failure,aileron,-25.109998703,-92.5199508667,3.57237291336,145,14.5207414627,-0.839829683304,-120.643013,-10.0074167252,-14.8342847824,-0.153327077627,0
1536703572825647298,43.895544324,carbonZ_2018-09-11-17-55-30_2_left_aileron_failure,aileron,-25.109998703,-92.5199508667,3.57237291336,145,14.5207414627,-0.839829683304,-120.643013,-10.0074167252,-14.8342847824,-0.153327077627,0
1536703572866243541,43.936140567,carbonZ_2018-09-11-17-55-30_2_left_aileron_failure,aileron,-25.1399993896,-90.744972229,3.60115623474,143,14.5207414627,-0.839829683304,-120.643013,-9.92314720154,-14.8777656555,-0.0113118542358,0
1536703572899122421,43.969019447,carbonZ_2018-09-11-17-55-30_2_left_aileron_failure,aileron,-25.1399993896,-90.744972229,3.60115623474,143,14.5207414627,-0.839829683304,-120.643013,-9.84784126282,-14.9186124802,0.11696318537,0
1536703572943908619,44.013805645,carbonZ_2018-09-11-17-55-30_2_left_aileron_failure,aileron,-25.1499996185,-90.744972229,3.63206648827,141,14.5207414627,-0.839829683304,-120.643013,-9.80128097534,-14.952911377,0.197208493948,0
1536703573021615967,44.091512993,carbonZ_2018-09-11-17-55-30_2_left_aileron_failure,aileron,-25.1499996185,-90.744972229,3.63206648827,141,14.5207414627,-0.839829683304,-120.643013,-9.71945858002,-15.0037784576,0.292559742928,0
1536703573048941914,44.11883894,carbonZ_2018-09-11-17-55-30_2_left_aileron_failure,aileron,-25.1299991608,-86.2462997437,3.64244890213,139,14.5207414627,-0.839829683304,-120.643013,-9.69187068939,-15.0254030228,0.316135495901,0
1536703573091851960,44.161748986,carbonZ_2018-09-11-17-55-30_2_left_aileron_failure,aileron,-25.1299991608,-86.2462997437,3.64244890213,139,14.5207414627,-0.839829683304,-120.643013,-9.60870456696,-15.0774745941,0.371343195438,0
1536703573153192889,44.223089915,carbonZ_2018-09-11-17-55-30_2_left_aileron_failure,aileron,-25.109998703,-86.2462997437,3.63718128204,137,14.5207414627,-0.839829683304,-120.643013,-9.51969814301,-15.1365890503,0.397855728865,0
1536703573250438933,44.320335959,carbonZ_2018-09-11-17-55-30_2_left_aileron_failure,aileron,-25.0699996948,-78.1560897827,3.61972522736,136,14.5207414627,-0.839829683304,-120.643013,-9.40993499756,-15.2138977051,0.448158383369,0
1536703573291170372,44.361067398,carbonZ_2018-09-11-17-55-30_2_left_aileron_failure,aileron,-25.0699996948,-78.1560897827,3.61972522736,136,12.6093482971,-2.48087620735,-117.981788635,-9.32413864136,-15.2706279755,0.489592313766,0
1536703573329205808,44.399102834,carbonZ_2018-09-11-17-55-30_2_left_aileron_failure,aileron,-25.0299987793,-78.1560897827,3.59730887413,134,12.6093482971,-2.48087620735,-117.981788635,-9.30212402344,-15.2867202759,0.50980079174,0
1536703573375642783,44.445539809,carbonZ_2018-09-11-17-55-30_2_left_aileron_failure,aileron,-25.0299987793,-78.1560897827,3.59730887413,134,12.6093482971,-2.48087620735,-117.981788635,-9.21955299377,-15.3448972702,0.559435963631,0
1536703573427971658,44.497868684,carbonZ_2018-09-11-17-55-30_2_left_aileron_failure,aileron,-25.0299987793,-78.1560897827,3.59730887413,134,12.6093482971,-2.48087620735,-117.981788635,-9.17394447327,-15.3829250336,0.610398232937,0
1536703573462175083,44.532072109,carbonZ_2018-09-11-17-55-30_2_left_aileron_failure,aileron,-24.9799995422,-84.0963363647,3.55461525917,132,12.6093482971,-2.48087620735,-117.981788635,-9.12942790985,-15.4134025574,0.665015459061,0
1536703573494031233,44.563928259,carbonZ_2018-09-11-17-55-30_2_left_aileron_failure,aileron,-24.9799995422,-84.0963363647,3.55461525917,132,12.6093482971,-2.48087620735,-117.981788635,-9.08518218994,-15.4492912292,0.711818218231,0
1536703573563169043,44.633066069,carbonZ_2018-09-11-17-55-30_2_left_aileron_failure,aileron,-24.9300003052,-84.0963363647,3.509319067,130,12.6093482971,-2.48087620735,-117.981788635,-9.03028678894,-15.5037250519,0.776508808136,0
1536703573601359323,44.671256349,carbonZ_2018-09-11-17-55-30_2_left_aileron_failure,aileron,-24.9300003052,-84.0963363647,3.509319067,130,11.3063430786,-3.88388967514,-117.209541321,-8.98902797699,-15.5367422104,0.829662263393,0
1536703573679841244,44.74973827,carbonZ_2018-09-11-17-55-30_2_left_aileron_failure,aileron,-24.859998703,-89.2742156982,3.43445253372,128,11.3063430786,-3.88388967514,-117.209541321,-8.92404842377,-15.5983057022,0.940504252911,0
1536703573726865630,44.796762656,carbonZ_2018-09-11-17-55-30_2_left_aileron_failure,aileron,-24.859998703,-89.2742156982,3.43445253372,128,11.3063430786,-3.88388967514,-117.209541321,-8.89546203613,-15.6317205429,0.980786144733,0
1536703573769168105,44.839065131,carbonZ_2018-09-11-17-55-30_2_left_aileron_failure,aileron,-24.7799987793,-89.2742156982,3.36579656601,127,11.3063430786,-3.88388967514,-117.209541321,-8.87560749054,-15.6612863541,1.01101851463,0
1536703573862395615,44.932292641,carbonZ_2018-09-11-17-55-30_2_left_aileron_failure,aileron,-24.6899986267,-94.7046279907,3.2855246067,125,11.3063430786,-3.88388967514,-117.209541321,-8.82815361023,-15.7446184158,1.03433895111,0
1536703573911342070,44.981239096,carbonZ_2018-09-11-17-55-30_2_left_aileron_failure,aileron,-24.6899986267,-94.7046279907,3.2855246067,125,11.3063430786,-3.88388967514,-117.209541321,-8.80512619019,-15.7741155624,1.03487038612,0
1536703573931091803,45.000988829,carbonZ_2018-09-11-17-55-30_2_left_aileron_failure,aileron,-24.6000003815,-94.7046279907,3.1984462738,123,11.3063430786,-3.88388967514,-117.209541321,-8.80219173431,-15.7865180969,1.03976464272,0
1536703574003533764,45.07343079,carbonZ_2018-09-11-17-55-30_2_left_aileron_failure,aileron,-24.6000003815,-94.7046279907,3.1984462738,123,11.3063430786,-3.88388967514,-117.209541321,-8.7844991684,-15.8434333801,1.06221008301,0
1536703574064884706,45.134781732,carbonZ_2018-09-11-17-55-30_2_left_aileron_failure,aileron,-24.5,-98.5412597656,3.11136865616,121,6.37299156189,-4.72456169128,-116.240531921,-8.76927947998,-15.8844051361,1.08096539974,0
1536703574107607427,45.177504453,carbonZ_2018-09-11-17-55-30_2_left_aileron_failure,aileron,-24.5,-98.5412597656,3.11136865616,121,6.37299156189,-4.72456169128,-116.240531921,-8.77150154114,-15.9095439911,1.10426163673,0
1536703574202401843,45.272298869,carbonZ_2018-09-11-17-55-30_2_left_aileron_failure,aileron,-24.4099998474,-98.5412597656,3.03312540054,119,6.37299156189,-4.72456169128,-116.240531921,-8.76167106628,-15.9678897858,1.16412961483,0
1536703574248987261,45.318884287,carbonZ_2018-09-11-17-55-30_2_left_aileron_failure,aileron,-24.2999992371,-107.497406006,2.93708705902,118,6.37299156189,-4.72456169128,-116.240531921,-8.76447868347,-15.9931077957,1.20144939423,0
1536703574315778721,45.385675747,carbonZ_2018-09-11-17-55-30_2_left_aileron_failure,aileron,-24.2999992371,-107.497406006,2.93708705902,118,6.37299156189,-4.72456169128,-116.240531921,-8.7576379776,-16.0276489258,1.17672884464,0
1536703574366191030,45.436088056,carbonZ_2018-09-11-17-55-30_2_left_aileron_failure,aileron,-24.1899986267,-107.497406006,2.8570227623,116,6.37299156189,-4.72456169128,-116.240531921,-8.7606306076,-16.037109375,1.15510547161,0
1536703574441431100,45.511328126,carbonZ_2018-09-11-17-55-30_2_left_aileron_failure,aileron,-24.0900001526,-79.7533035278,2.77042365074,114,3.53756022453,-4.10533666611,-114.929763794,-8.75349617004,-16.0889072418,1.06319534779,0
1536703574504143836,45.574040862,carbonZ_2018-09-11-17-55-30_2_left_aileron_failure,aileron,-24.0900001526,-79.7533035278,2.77042365074,114,3.53756022453,-4.10533666611,-114.929763794,-8.74654865265,-16.1175136566,0.985635578632,0
1536703574561916043,45.631813069,carbonZ_2018-09-11-17-55-30_2_left_aileron_failure,aileron,-24.0,-79.7533035278,2.68382668495,112,3.53756022453,-4.10533666611,-114.929763794,-8.75480651855,-16.1420688629,0.885351598263,0
1536703574615730803,45.685627829,carbonZ_2018-09-11-17-55-30_2_left_aileron_failure,aileron,-24.0,-79.7533035278,2.68382668495,112,3.53756022453,-4.10533666611,-114.929763794,-8.76031112671,-16.1575698853,0.765857756138,0
1536703574651176695,45.721073721,carbonZ_2018-09-11-17-55-30_2_left_aileron_failure,aileron,-23.9200000763,-85.4837417603,2.58657383919,110,3.53756022453,-4.10533666611,-114.929763794,-8.7618637085,-16.1735839844,0.662672698498,0
1536703574697570822,45.767467848,carbonZ_2018-09-11-17-55-30_2_left_aileron_failure,aileron,-23.9200000763,-85.4837417603,2.58657383919,110,3.53756022453,-4.10533666611,-114.929763794,-8.76758956909,-16.1771812439,0.633170068264,0
1536703574768466222,45.838363248,carbonZ_2018-09-11-17-55-30_2_left_aileron_failure,aileron,-23.8699989319,-85.4837417603,2.49549746513,109,3.53756022453,-4.10533666611,-114.929763794,-8.79179954529,-16.1859207153,0.570585250854,0
1536703574818586921,45.888483947,carbonZ_2018-09-11-17-55-30_2_left_aileron_failure,aileron,-23.8699989319,-85.4837417603,2.49549746513,109,2.18066883087,-2.89013767242,-115.809738159,-8.81066703796,-16.1905002594,0.552252233028,0
1536703574863581975,45.933479001,carbonZ_2018-09-11-17-55-30_2_left_aileron_failure,aileron,-23.8299999237,-97.5141525269,2.41095280647,107,2.18066883087,-2.89013767242,-115.809738159,-8.82739067078,-16.1933174133,0.56103926897,0
1536703574905144338,45.975041364,carbonZ_2018-09-11-17-55-30_2_left_aileron_failure,aileron,-23.8299999237,-97.5141525269,2.41095280647,107,2.18066883087,-2.89013767242,-115.809738159,-8.82928466797,-16.1980686188,0.561277270317,0
1536703574943199899,46.013096925,carbonZ_2018-09-11-17-55-30_2_left_aileron_failure,aileron,-23.7799987793,-97.5141525269,2.32931399345,105,2.18066883087,-2.89013767242,-115.809738159,-8.85528945923,-16.1964244843,0.577234983444,0
1536703574997159104,46.06705613,carbonZ_2018-09-11-17-55-30_2_left_aileron_failure,aileron,-23.7799987793,-97.5141525269,2.32931399345,105,2.18066883087,-2.89013767242,-115.809738159,-8.88934421539,-16.1980724335,0.625306546688,0
1536703575083004822,46.152901848,carbonZ_2018-09-11-17-55-30_2_left_aileron_failure,aileron,-23.7399997711,-108.167076111,2.27103567123,103,2.18066883087,-2.89013767242,-115.809738159,-8.92996406555,-16.1956596375,0.656660854816,0
1536703575120861315,46.190758341,carbonZ_2018-09-11-17-55-30_2_left_aileron_failure,aileron,-23.7399997711,-108.167076111,2.27103567123,103,2.18066883087,-2.89013767242,-115.809738159,-8.94212055206,-16.194021225,0.677980840206,0
1536703575209490330,46.279387356,carbonZ_2018-09-11-17-55-30_2_left_aileron_failure,aileron,-23.6899986267,-108.167076111,2.20149683952,101,0.522447347641,-3.35086131096,-117.253501892,-9.0066986084,-16.1817207336,0.728306949139,0
1536703575247305479,46.317202505,carbonZ_2018-09-11-17-55-30_2_left_aileron_failure,aileron,-23.6199989319,-100.800895691,2.15265798569,99,0.522447347641,-3.35086131096,-117.253501892,-9.02367210388,-16.1738567352,0.742372691631,0
1536703575306525780,46.376422806,carbonZ_2018-09-11-17-55-30_2_left_aileron_failure,aileron,-23.6199989319,-100.800895691,2.15265798569,99,0.522447347641,-3.35086131096,-117.253501892,-9.07514572144,-16.1561050415,0.778957605362,0
1536703575332402574,46.4022996,carbonZ_2018-09-11-17-55-30_2_left_aileron_failure,aileron,-23.6199989319,-100.800895691,2.15265798569,99,0.522447347641,-3.35086131096,-117.253501892,-9.08927726746,-16.1532382965,0.784744679928,0
1536703575424307963,46.494204989,carbonZ_2018-09-11-17-55-30_2_left_aileron_failure,aileron,-23.5499992371,-100.800895691,2.09764695168,98,0.522447347641,-3.35086131096,-117.253501892,-9.15569019318,-16.1259670258,0.756089508533,0
1536703575441205471,46.511102497,carbonZ_2018-09-11-17-55-30_2_left_aileron_failure,aileron,-23.4699993134,-105.52482605,2.0721681118,96,0.522447347641,-3.35086131096,-117.253501892,-9.18464374542,-16.1178627014,0.717566907406,0
1536703575483254990,46.553152016,carbonZ_2018-09-11-17-55-30_2_left_aileron_failure,aileron,-23.4699993134,-105.52482605,2.0721681118,96,0.522447347641,-3.35086131096,-117.253501892,-9.20925712585,-16.1063842773,0.658578276634,0
1536703575518914956,46.588811982,carbonZ_2018-09-11-17-55-30_2_left_aileron_failure,aileron,-23.4699993134,-105.52482605,2.0721681118,96,0.522447347641,-3.35086131096,-117.253501892,-9.24253082275,-16.0940055847,0.605308234692,0
1536703575575837196,46.645734222,carbonZ_2018-09-11-17-55-30_2_left_aileron_failure,aileron,-23.4099998474,-105.52482605,2.03494811058,94,0.522447347641,-3.35086131096,-117.253501892,-9.27824497223,-16.0783214569,0.502535700798,0
1536703575625076025,46.694973051,carbonZ_2018-09-11-17-55-30_2_left_aileron_failure,aileron,-23.4099998474,-105.52482605,2.03494811058,94,0.198440641165,-1.58822619915,-118.133789062,-9.31105422974,-16.0649414062,0.453643023968,0
1536703575728112620,46.798009646,carbonZ_2018-09-11-17-55-30_2_left_aileron_failure,aileron,-23.3500003815,-106.1170578,2.02339172363,92,0.198440641165,-1.58822619915,-118.133789062,-9.36523151398,-16.0331630707,0.428345769644,0
1536703575804553973,46.874450999,carbonZ_2018-09-11-17-55-30_2_left_aileron_failure,aileron,-23.2999992371,-106.1170578,2.00239229202,90,0.198440641165,-1.58822619915,-118.133789062,-9.42503929138,-15.9992103577,0.451363831758,0
1536703575842968598,46.912865624,carbonZ_2018-09-11-17-55-30_2_left_aileron_failure,aileron,-23.2600002289,-107.240867615,2.02133369446,88,0.198440641165,-1.58822619915,-118.133789062,-9.44923114777,-15.9792795181,0.469718128443,0
1536703575884685900,46.954582926,carbonZ_2018-09-11-17-55-30_2_left_aileron_failure,aileron,-23.2600002289,-107.240867615,2.02133369446,88,0.198440641165,-1.58822619915,-118.133789062,-9.48124217987,-15.9586687088,0.505185365677,0
1536703575919922835,46.989819861,carbonZ_2018-09-11-17-55-30_2_left_aileron_failure,aileron,-23.2199993134,-107.240867615,2.02321457863,87,0.198440641165,-1.58822619915,-118.133789062,-9.51234436035,-15.936630249,0.535039663315,0
1536703576031355945,47.101252971,carbonZ_2018-09-11-17-55-30_2_left_aileron_failure,aileron,-23.2199993134,-107.240867615,2.02321457863,87,0.216942042112,-1.21506083012,-118.755119324,-9.56894493103,-15.894370079,0.536286234856,0
1536703576056209785,47.126106811,carbonZ_2018-09-11-17-55-30_2_left_aileron_failure,aileron,-23.1700000763,-104.618263245,2.03271722794,85,0.216942042112,-1.21506083012,-118.755119324,-9.58642196655,-15.8768558502,0.491253763437,0
1536703576106730696,47.176627722,carbonZ_2018-09-11-17-55-30_2_left_aileron_failure,aileron,-23.1700000763,-104.618263245,2.03271722794,85,0.216942042112,-1.21506083012,-118.755119324,-9.61060237885,-15.8544330597,0.425264716148,0
1536703576157786378,47.227683404,carbonZ_2018-09-11-17-55-30_2_left_aileron_failure,aileron,-23.1199989319,-104.618263245,2.05347752571,83,0.216942042112,-1.21506083012,-118.755119324,-9.63988780975,-15.8293600082,0.337686121464,0
1536703576172718362,47.242615388,carbonZ_2018-09-11-17-55-30_2_left_aileron_failure,aileron,-23.1199989319,-104.618263245,2.05347752571,83,0.216942042112,-1.21506083012,-118.755119324,-9.63988780975,-15.8293600082,0.337686121464,0
1536703576242098111,47.311995137,carbonZ_2018-09-11-17-55-30_2_left_aileron_failure,aileron,-23.0900001526,-103.13835144,2.08815860748,81,0.216942042112,-1.21506083012,-118.755119324,-9.68876361847,-15.7792835236,0.151662752032,0
1536703576270588638,47.340485664,carbonZ_2018-09-11-17-55-30_2_left_aileron_failure,aileron,-23.0900001526,-103.13835144,2.08815860748,81,0.216942042112,-1.21506083012,-118.755119324,-9.70588302612,-15.7552633286,0.113374471664,0
1536703576318996699,47.388893725,carbonZ_2018-09-11-17-55-30_2_left_aileron_failure,aileron,-23.0900001526,-103.13835144,2.08815860748,81,0.216942042112,-1.21506083012,-118.755119324,-9.71522521973,-15.7278661728,0.0528190396726,0
1536703576377959884,47.44785691,carbonZ_2018-09-11-17-55-30_2_left_aileron_failure,aileron,-23.0799999237,-103.13835144,2.12162661552,79,0.216942042112,-1.21506083012,-118.755119324,-9.73331260681,-15.7082481384,0.00273903668858,0
1536703576407443060,47.477340086,carbonZ_2018-09-11-17-55-30_2_left_aileron_failure,aileron,-23.0799999237,-103.13835144,2.12162661552,79,0.216942042112,-1.21506083012,-118.755119324,-9.74532222748,-15.6926755905,-0.0681822150946,0
1536703576484655081,47.554552107,carbonZ_2018-09-11-17-55-30_2_left_aileron_failure,aileron,-23.0799999237,-98.3709335327,2.1702272892,77,0.216942042112,-1.21506083012,-118.755119324,-9.74317455292,-15.6843090057,-0.230918765068,0
1536703576513912854,47.58380988,carbonZ_2018-09-11-17-55-30_2_left_aileron_failure,aileron,-23.0799999237,-98.3709335327,2.1702272892,77,2.88801121712,-0.257315963507,-119.684669495,-9.74119567871,-15.6779623032,-0.331610351801,0
1536703576582121590,47.652018616,carbonZ_2018-09-11-17-55-30_2_left_aileron_failure,aileron,-23.109998703,-98.3709335327,2.20648169518,76,2.88801121712,-0.257315963507,-119.684669495,-9.74957847595,-15.6594924927,-0.473545014858,0
1536703576646206163,47.716103189,carbonZ_2018-09-11-17-55-30_2_left_aileron_failure,aileron,-23.1499996185,-89.9854660034,2.25956368446,74,2.88801121712,-0.257315963507,-119.684669495,-9.74251556396,-15.6395654678,-0.587527751923,0
1536703576680573869,47.750470895,carbonZ_2018-09-11-17-55-30_2_left_aileron_failure,aileron,-23.1499996185,-89.9854660034,2.25956368446,74,2.88801121712,-0.257315963507,-119.684669495,-9.76467227936,-15.6028795242,-0.652578949928,0
1536703576718559734,47.78845676,carbonZ_2018-09-11-17-55-30_2_left_aileron_failure,aileron,-23.1499996185,-89.9854660034,2.25956368446,74,2.88801121712,-0.257315963507,-119.684669495,-9.77099704742,-15.592215538,-0.666313111782,0
1536703576776602490,47.846499516,carbonZ_2018-09-11-17-55-30_2_left_aileron_failure,aileron,-23.2199993134,-89.9854660034,2.29811835289,72,2.88801121712,-0.257315963507,-119.684669495,-9.79648113251,-15.5524587631,-0.730661451817,0
1536703576813588826,47.883485852,carbonZ_2018-09-11-17-55-30_2_left_aileron_failure,aileron,-23.2199993134,-89.9854660034,2.29811835289,72,2.88801121712,-0.257315963507,-119.684669495,-9.83281230927,-15.5162391663,-0.779986560345,0
1536703576895991194,47.96588822,carbonZ_2018-09-11-17-55-30_2_left_aileron_failure,aileron,-23.2999992371,-88.4601593018,2.36511993408,70,2.88801121712,-0.257315963507,-119.684669495,-9.88043403625,-15.4505271912,-0.825515627861,0
1536703576944713905,48.014610931,carbonZ_2018-09-11-17-55-30_2_left_aileron_failure,aileron,-23.3799991608,-88.4601593018,2.42268037796,68,2.88801121712,-0.257315963507,-119.684669495,-9.89567375183,-15.4339075089,-0.824282824993,0
1536703576978158464,48.04805549,carbonZ_2018-09-11-17-55-30_2_left_aileron_failure,aileron,-23.3799991608,-88.4601593018,2.42268037796,68,1.1967343092,-0.364610105753,-121.575920105,-9.95339393616,-15.3795919418,-0.751326858997,0
1536703577023484770,48.093381796,carbonZ_2018-09-11-17-55-30_2_left_aileron_failure,aileron,-23.3799991608,-88.4601593018,2.42268037796,68,1.1967343092,-0.364610105753,-121.575920105,-9.95901012421,-15.3694391251,-0.731962144375,0
1536703577100047620,48.169944646,carbonZ_2018-09-11-17-55-30_2_left_aileron_failure,aileron,-23.4699993134,-83.7032318115,2.50517582893,67,1.1967343092,-0.364610105753,-121.575920105,-9.99428939819,-15.3355789185,-0.581452071667,0
1536703577167692046,48.237589072,carbonZ_2018-09-11-17-55-30_2_left_aileron_failure,aileron,-23.5299987793,-83.7032318115,2.58113741875,65,1.1967343092,-0.364610105753,-121.575920105,-10.010933876,-15.3143644333,-0.442684829235,0
1536703577198167903,48.268064929,carbonZ_2018-09-11-17-55-30_2_left_aileron_failure,aileron,-23.5299987793,-83.7032318115,2.58113741875,65,1.1967343092,-0.364610105753,-121.575920105,-10.0189599991,-15.3074884415,-0.389233469963,0
1536703577243398019,48.313295045,carbonZ_2018-09-11-17-55-30_2_left_aileron_failure,aileron,-23.5699996948,-72.7382659912,2.68045973778,63,1.1967343092,-0.364610105753,-121.575920105,-10.0165729523,-15.3001699448,-0.255241155624,0
1536703577286812911,48.356709937,carbonZ_2018-09-11-17-55-30_2_left_aileron_failure,aileron,-23.5699996948,-72.7382659912,2.68045973778,63,1.1967343092,-0.364610105753,-121.575920105,-10.0247240067,-15.2945575714,-0.192700386047,0
1536703577363383569,48.433280595,carbonZ_2018-09-11-17-55-30_2_left_aileron_failure,aileron,-23.5900001526,-72.7382659912,2.77748155594,61,2.79539203644,-2.45063853264,-120.058990479,-10.0178565979,-15.2953891754,-0.0778135806322,0
1536703577382116298,48.452013324,carbonZ_2018-09-11-17-55-30_2_left_aileron_failure,aileron,-23.5900001526,-72.7382659912,2.77748155594,61,2.79539203644,-2.45063853264,-120.058990479,-10.0203285217,-15.2910737991,-0.0447537377477,0
1536703577414084537,48.483981563,carbonZ_2018-09-11-17-55-30_2_left_aileron_failure,aileron,-23.5900001526,-72.7382659912,2.77748155594,61,2.79539203644,-2.45063853264,-120.058990479,-10.0172843933,-15.2907686234,0.0465168319643,0
1536703577485229941,48.555126967,carbonZ_2018-09-11-17-55-30_2_left_aileron_failure,aileron,-23.5799999237,-73.1801986694,2.87680387497,59,2.79539203644,-2.45063853264,-120.058990479,-10.0130376816,-15.2869157791,0.154819577932,0
1536703577559806947,48.629703973,carbonZ_2018-09-11-17-55-30_2_left_aileron_failure,aileron,-23.5499992371,-73.1801986694,2.94659113884,58,2.79539203644,-2.45063853264,-120.058990479,-10.0092220306,-15.2890930176,0.2195019871,0
1536703577585819256,48.655716282,carbonZ_2018-09-11-17-55-30_2_left_aileron_failure,aileron,-23.5499992371,-73.1801986694,2.94659113884,58,2.79539203644,-2.45063853264,-120.058990479,-10.0144643784,-15.2861661911,0.219927623868,0
1536703577648948840,48.718845866,carbonZ_2018-09-11-17-55-30_2_left_aileron_failure,aileron,-23.5199985504,-70.1955795288,3.03647327423,56,2.79539203644,-2.45063853264,-120.058990479,-10.0144128799,-15.2872209549,0.230193257332,0
1536703577670863738,48.740760764,carbonZ_2018-09-11-17-55-30_2_left_aileron_failure,aileron,-23.5199985504,-70.1955795288,3.03647327423,56,2.79539203644,-2.45063853264,-120.058990479,-10.0229187012,-15.2823667526,0.248806387186,0
1536703577713160256,48.783057282,carbonZ_2018-09-11-17-55-30_2_left_aileron_failure,aileron,-23.5199985504,-70.1955795288,3.03647327423,56,2.79539203644,-2.45063853264,-120.058990479,-10.0287027359,-15.2811717987,0.297398090363,0
1536703577814209785,48.884106811,carbonZ_2018-09-11-17-55-30_2_left_aileron_failure,aileron,-23.4799995422,-70.1955795288,3.11243414879,54,5.25557327271,-2.51088500023,-120.949783325,-10.0573730469,-15.2775392532,0.361416071653,0
1536703577863222664,48.93311969,carbonZ_2018-09-11-17-55-30_2_left_aileron_failure,aileron,-23.4399986267,-62.5732421875,3.19940924644,52,5.25557327271,-2.51088500023,-120.949783325,-10.0573730469,-15.2775392532,0.361416071653,0
1536703577895032346,48.964929372,carbonZ_2018-09-11-17-55-30_2_left_aileron_failure,aileron,-23.4399986267,-62.5732421875,3.19940924644,52,5.25557327271,-2.51088500023,-120.949783325,-10.0753307343,-15.2806501389,0.395093053579,0
1536703577947028230,49.016925256,carbonZ_2018-09-11-17-55-30_2_left_aileron_failure,aileron,-23.3999996185,-62.5732421875,3.27537107468,51,5.25557327271,-2.51088500023,-120.949783325,-10.0793457031,-15.2909526825,0.425668418407,0
1536703578011449145,49.081346171,carbonZ_2018-09-11-17-55-30_2_left_aileron_failure,aileron,-23.3999996185,-62.5732421875,3.27537107468,51,5.25557327271,-2.51088500023,-120.949783325,-10.0989313126,-15.3023681641,0.507597386837,0
1536703578072589556,49.142486582,carbonZ_2018-09-11-17-55-30_2_left_aileron_failure,aileron,-23.3400001526,-65.6051635742,3.36404204369,49,5.25557327271,-2.51088500023,-120.949783325,-10.0939817429,-15.3157491684,0.518137395382,0
1536703578095876742,49.165773768,carbonZ_2018-09-11-17-55-30_2_left_aileron_failure,aileron,-23.3400001526,-65.6051635742,3.36404204369,49,5.25557327271,-2.51088500023,-120.949783325,-10.0939817429,-15.3157491684,0.518137395382,0
1536703578188239104,49.25813613,carbonZ_2018-09-11-17-55-30_2_left_aileron_failure,aileron,-23.2899990082,-65.6051635742,3.44000101089,47,5.25557327271,-2.51088500023,-120.949783325,-10.0860424042,-15.3625926971,0.436932563782,0
1536703578218871052,49.288768078,carbonZ_2018-09-11-17-55-30_2_left_aileron_failure,aileron,-23.2899990082,-65.6051635742,3.44000101089,47,5.39701795578,-3.61098694801,-119.144889832,-10.0863628387,-15.3813056946,0.423723310232,0
1536703578234252208,49.304149234,carbonZ_2018-09-11-17-55-30_2_left_aileron_failure,aileron,-23.2399997711,-67.9035186768,3.51801800728,45,5.39701795578,-3.61098694801,-119.144889832,-10.0837745667,-15.3909015656,0.428834378719,0
1536703578323502160,49.393399186,carbonZ_2018-09-11-17-55-30_2_left_aileron_failure,aileron,-23.2399997711,-67.9035186768,3.51801800728,45,5.39701795578,-3.61098694801,-119.144889832,-10.0591173172,-15.4288187027,0.46653342247,0
1536703578357516784,49.42741381,carbonZ_2018-09-11-17-55-30_2_left_aileron_failure,aileron,-23.1899986267,-67.9035186768,3.58949971199,44,5.39701795578,-3.61098694801,-119.144889832,-10.0567836761,-15.4429712296,0.501461446285,0
1536703578393602497,49.463499523,carbonZ_2018-09-11-17-55-30_2_left_aileron_failure,aileron,-23.1899986267,-67.9035186768,3.58949971199,44,5.39701795578,-3.61098694801,-119.144889832,-10.0411081314,-15.4645376205,0.495903998613,0
1536703578445181972,49.515078998,carbonZ_2018-09-11-17-55-30_2_left_aileron_failure,aileron,-23.1499996185,-77.2260665894,3.66594004631,42,5.39701795578,-3.61098694801,-119.144889832,-10.0282716751,-15.4861469269,0.499691069126,0
1536703578497591924,49.56748895,carbonZ_2018-09-11-17-55-30_2_left_aileron_failure,aileron,-23.1499996185,-77.2260665894,3.66594004631,42,5.39701795578,-3.61098694801,-119.144889832,-10.0056037903,-15.5182847977,0.518481791019,0
1536703578522587200,49.592484226,carbonZ_2018-09-11-17-55-30_2_left_aileron_failure,aileron,-23.1000003815,-77.2260665894,3.7184138298,40,5.39701795578,-3.61098694801,-119.144889832,-9.982878685,-15.5400457382,0.518965005875,0
1536703578581774087,49.651671113,carbonZ_2018-09-11-17-55-30_2_left_aileron_failure,aileron,-23.1000003815,-77.2260665894,3.7184138298,40,5.39701795578,-3.61098694801,-119.144889832,-9.98087882996,-15.5529966354,0.5270601511,0
1536703578635529641,49.705426667,carbonZ_2018-09-11-17-55-30_2_left_aileron_failure,aileron,-23.1000003815,-77.2260665894,3.7184138298,40,5.39701795578,-3.61098694801,-119.144889832,-9.97444725037,-15.5677757263,0.55131649971,0
1536703578680542352,49.750439378,carbonZ_2018-09-11-17-55-30_2_left_aileron_failure,aileron,-23.0399990082,-79.5215606689,3.78093385696,38,5.64209508896,-2.88556957245,-119.245651245,-9.9627494812,-15.586558342,0.581013858318,0
1536703578742518648,49.812415674,carbonZ_2018-09-11-17-55-30_2_left_aileron_failure,aileron,-22.9799995422,-79.5215606689,3.84055137634,37,5.64209508896,-2.88556957245,-119.245651245,-9.97445869446,-15.5943202972,0.582389354706,0
1536703578799851433,49.869748459,carbonZ_2018-09-11-17-55-30_2_left_aileron_failure,aileron,-22.9799995422,-79.5215606689,3.84055137634,37,5.64209508896,-2.88556957245,-119.245651245,-9.9820098877,-15.5957403183,0.578751325607,0
1536703578817214273,49.887111299,carbonZ_2018-09-11-17-55-30_2_left_aileron_failure,aileron,-22.9799995422,-79.5215606689,3.84055137634,37,5.64209508896,-2.88556957245,-119.245651245,-9.99168586731,-15.5937662125,0.589712142944,0
1536703578861754579,49.931651605,carbonZ_2018-09-11-17-55-30_2_left_aileron_failure,aileron,-22.9300003052,-83.1619262695,3.89859127998,35,5.64209508896,-2.88556957245,-119.245651245,-10.0053939819,-15.5877170563,0.623909592628,0
1536703578894436113,49.964333139,carbonZ_2018-09-11-17-55-30_2_left_aileron_failure,aileron,-22.9300003052,-83.1619262695,3.89859127998,35,5.64209508896,-2.88556957245,-119.245651245,-10.005604744,-15.5902662277,0.660201787949,0
1536703578933932885,50.003829911,carbonZ_2018-09-11-17-55-30_2_left_aileron_failure,aileron,-22.859998703,-83.1619262695,3.94719362259,33,5.64209508896,-2.88556957245,-119.245651245,-10.0018634796,-15.5913047791,0.678136944771,1
1536703578974623902,50.044520928,carbonZ_2018-09-11-17-55-30_2_left_aileron_failure,aileron,-22.859998703,-83.1619262695,3.94719362259,33,5.64209508896,-2.88556957245,-119.245651245,-10.0178260803,-15.5920877457,0.743620693684,1
1536703579028473117,50.098370143,carbonZ_2018-09-11-17-55-30_2_left_aileron_failure,aileron,-22.7899990082,-89.330291748,4.01237201691,31,3.6335773468,-2.39669847488,-119.895935059,-10.0171108246,-15.6036529541,0.755403459072,1
1536703579062303200,50.132200226,carbonZ_2018-09-11-17-55-30_2_left_aileron_failure,aileron,-22.7899990082,-89.330291748,4.01237201691,31,3.6335773468,-2.39669847488,-119.895935059,-10.015130043,-15.6209144592,0.693647742271,1
1536703579091218674,50.1611157,carbonZ_2018-09-11-17-55-30_2_left_aileron_failure,aileron,-22.7899990082,-89.330291748,4.01237201691,31,3.6335773468,-2.39669847488,-119.895935059,-10.0201187134,-15.6227750778,0.674654901028,1
1536703579148886937,50.218783963,carbonZ_2018-09-11-17-55-30_2_left_aileron_failure,aileron,-22.7199993134,-89.330291748,4.0736823082,30,3.6335773468,-2.39669847488,-119.895935059,-10.0274972916,-15.6268291473,0.650583088398,1
1536703579192261220,50.262158246,carbonZ_2018-09-11-17-55-30_2_left_aileron_failure,aileron,-22.7199993134,-89.330291748,4.0736823082,30,3.6335773468,-2.39669847488,-119.895935059,-10.0366306305,-15.6272611618,0.649990618229,1
1536703579304831666,50.374728692,carbonZ_2018-09-11-17-55-30_2_left_aileron_failure,aileron,-22.6499996185,-84.5830917358,4.13172245026,28,3.6335773468,-2.39669847488,-119.895935059,-10.0663146973,-15.6402654648,0.638692140579,1
1536703579390143208,50.460040234,carbonZ_2018-09-11-17-55-30_2_left_aileron_failure,aileron,-22.5799999237,-84.5830917358,4.18928384781,27,3.6335773468,-2.39669847488,-119.895935059,-10.0709342957,-15.6646156311,0.618733406067,1
1536703579441465023,50.511362049,carbonZ_2018-09-11-17-55-30_2_left_aileron_failure,aileron,-22.5199985504,-86.0963821411,4.2589468956,25,3.6335773468,-2.39669847488,-119.895935059,-10.0699615479,-15.6741714478,0.636478602886,1
1536703579504916996,50.574814022,carbonZ_2018-09-11-17-55-30_2_left_aileron_failure,aileron,-22.5199985504,-86.0963821411,4.2589468956,25,5.33807849884,-2.38931298256,-119.645622253,-10.0611114502,-15.6907110214,0.659589469433,1
1536703579547459042,50.617356068,carbonZ_2018-09-11-17-55-30_2_left_aileron_failure,aileron,-22.4599990845,-86.0963821411,4.30306720734,23,5.33807849884,-2.38931298256,-119.645622253,-10.0659246445,-15.70271492,0.692906320095,1
1536703579608374304,50.67827133,carbonZ_2018-09-11-17-55-30_2_left_aileron_failure,aileron,-22.4599990845,-86.0963821411,4.30306720734,23,5.33807849884,-2.38931298256,-119.645622253,-10.0629177094,-15.7104692459,0.763539195061,1
1536703579642344992,50.712242018,carbonZ_2018-09-11-17-55-30_2_left_aileron_failure,aileron,-22.3799991608,-93.6742782593,4.3782954216,22,5.33807849884,-2.38931298256,-119.645622253,-10.0552663803,-15.7191829681,0.820891082287,1
1536703579700851988,50.770749014,carbonZ_2018-09-11-17-55-30_2_left_aileron_failure,aileron,-22.3799991608,-93.6742782593,4.3782954216,22,5.33807849884,-2.38931298256,-119.645622253,-10.057882309,-15.7335367203,0.849762558937,1
1536703579752476836,50.822373862,carbonZ_2018-09-11-17-55-30_2_left_aileron_failure,aileron,-22.2999992371,-93.6742782593,4.4318561554,21,5.8108382225,-2.66062927246,-119.062080383,-10.0572042465,-15.7464752197,0.829023778439,1
1536703579791989767,50.861886793,carbonZ_2018-09-11-17-55-30_2_left_aileron_failure,aileron,-22.2999992371,-93.6742782593,4.4318561554,21,5.8108382225,-2.66062927246,-119.062080383,-10.0483875275,-15.7785558701,0.745396733284,1
1536703579841124783,50.911021809,carbonZ_2018-09-11-17-55-30_2_left_aileron_failure,aileron,-22.2099990845,-104.473686218,4.49485778809,19,5.8108382225,-2.66062927246,-119.062080383,-10.0498485565,-15.793337822,0.696814775467,1
1536703579858673986,50.928571012,carbonZ_2018-09-11-17-55-30_2_left_aileron_failure,aileron,-22.2099990845,-104.473686218,4.49485778809,19,5.8108382225,-2.66062927246,-119.062080383,-10.0498485565,-15.793337822,0.696814775467,1
1536703579897060574,50.9669576,carbonZ_2018-09-11-17-55-30_2_left_aileron_failure,aileron,-22.2099990845,-104.473686218,4.49485778809,19,5.8108382225,-2.66062927246,-119.062080383,-10.0446605682,-15.8088846207,0.649516522884,1
1536703579949039430,51.018936456,carbonZ_2018-09-11-17-55-30_2_left_aileron_failure,aileron,-22.1399993896,-104.473686218,4.53715848923,18,5.8108382225,-2.66062927246,-119.062080383,-10.0257530212,-15.8412189484,0.546315193176,1
1536703580011862009,51.081759035,carbonZ_2018-09-11-17-55-30_2_left_aileron_failure,aileron,-22.1399993896,-104.473686218,4.53715848923,18,5.8108382225,-2.66062927246,-119.062080383,-10.0192775726,-15.849155426,0.525929391384,1
1536703580061771055,51.131668081,carbonZ_2018-09-11-17-55-30_2_left_aileron_failure,aileron,-22.0799999237,-104.442405701,4.59567832947,17,5.8108382225,-2.66062927246,-119.062080383,-10.0129356384,-15.8690843582,0.473749041557,1
1536703580101077780,51.170974806,carbonZ_2018-09-11-17-55-30_2_left_aileron_failure,aileron,-22.0799999237,-104.442405701,4.59567832947,17,5.8108382225,-2.66062927246,-119.062080383,-10.0012607574,-15.8812093735,0.437184900045,1
1536703580147028675,51.216925701,carbonZ_2018-09-11-17-55-30_2_left_aileron_failure,aileron,-22.0299987793,-104.442405701,4.63410663605,16,7.24980449677,-2.03240919113,-118.402259827,-9.98671627045,-15.8933801651,0.417711257935,1
1536703580219884113,51.289781139,carbonZ_2018-09-11-17-55-30_2_left_aileron_failure,aileron,-22.0299987793,-104.442405701,4.63410663605,16,7.24980449677,-2.03240919113,-118.402259827,-9.94352340698,-15.9216060638,0.355670422316,1
1536703580243534649,51.313431675,carbonZ_2018-09-11-17-55-30_2_left_aileron_failure,aileron,-22.0,-105.393791199,4.6831870079,15,7.24980449677,-2.03240919113,-118.402259827,-9.93040561676,-15.93085289,0.324734002352,1
1536703580300231957,51.370128983,carbonZ_2018-09-11-17-55-30_2_left_aileron_failure,aileron,-22.0,-105.393791199,4.6831870079,15,7.24980449677,-2.03240919113,-118.402259827,-9.84917640686,-15.9840955734,0.117735370994,1
1536703580376150557,51.446047583,carbonZ_2018-09-11-17-55-30_2_left_aileron_failure,aileron,-21.9699993134,-105.393791199,4.71544265747,14,7.24980449677,-2.03240919113,-118.402259827,-9.84917640686,-15.9840955734,0.117735370994,1
1536703580410321687,51.480218713,carbonZ_2018-09-11-17-55-30_2_left_aileron_failure,aileron,-21.9699993134,-105.393791199,4.71544265747,14,7.24980449677,-2.03240919113,-118.402259827,-9.75541305542,-16.0297203064,-0.0531861446798,1
1536703580449457473,51.519354499,carbonZ_2018-09-11-17-55-30_2_left_aileron_failure,aileron,-21.9699993134,-25.8159637451,4.74116420746,14,7.24980449677,-2.03240919113,-118.402259827,-9.73001003265,-16.0415287018,-0.0928425639868,1
1536703580490360642,51.560257668,carbonZ_2018-09-11-17-55-30_2_left_aileron_failure,aileron,-21.9699993134,-25.8159637451,4.74116420746,14,7.24980449677,-2.03240919113,-118.402259827,-9.6822052002,-16.0601272583,-0.163929104805,1
1536703580568160544,51.63805757,carbonZ_2018-09-11-17-55-30_2_left_aileron_failure,aileron,-21.9799995422,-25.8159637451,4.74848413467,14,7.24980449677,-2.03240919113,-118.402259827,-9.61430740356,-16.082151413,-0.249901801348,1
1536703580591509871,51.661406897,carbonZ_2018-09-11-17-55-30_2_left_aileron_failure,aileron,-21.9799995422,-25.8159637451,4.74848413467,14,9.08437824249,-0.294395565987,-118.32182312,-9.59758758545,-16.0845661163,-0.265788972378,1
1536703580642946274,51.7128433,carbonZ_2018-09-11-17-55-30_2_left_aileron_failure,aileron,-22.0100002289,-26.008605957,4.75471830368,14,9.08437824249,-0.294395565987,-118.32182312,-9.54872608185,-16.0918903351,-0.293336302042,1
1536703580679756064,51.74965309,carbonZ_2018-09-11-17-55-30_2_left_aileron_failure,aileron,-22.0100002289,-26.008605957,4.75471830368,14,9.08437824249,-0.294395565987,-118.32182312,-9.49507045746,-16.0984745026,-0.336508363485,1
1536703580766164250,51.836061276,carbonZ_2018-09-11-17-55-30_2_left_aileron_failure,aileron,-22.0499992371,-26.008605957,4.74315881729,14,9.08437824249,-0.294395565987,-118.32182312,-9.45738697052,-16.0908336639,-0.384555071592,1
1536703580791759415,51.861656441,carbonZ_2018-09-11-17-55-30_2_left_aileron_failure,aileron,-22.0499992371,-26.008605957,4.74315881729,14,9.08437824249,-0.294395565987,-118.32182312,-9.44875049591,-16.0854873657,-0.402467161417,1
1536703580816096303,51.885993329,carbonZ_2018-09-11-17-55-30_2_left_aileron_failure,aileron,-22.0499992371,-26.008605957,4.74315881729,14,9.08437824249,-0.294395565987,-118.32182312,-9.42816066742,-16.0750846863,-0.450640887022,1
1536703580913185880,51.983082906,carbonZ_2018-09-11-17-55-30_2_left_aileron_failure,aileron,-22.0900001526,-22.8511810303,4.73704910278,15,9.08437824249,-0.294395565987,-118.32182312,-9.37815761566,-16.0539665222,-0.56088835001,1
1536703580931406331,52.001303357,carbonZ_2018-09-11-17-55-30_2_left_aileron_failure,aileron,-22.0900001526,-22.8511810303,4.73704910278,15,9.08437824249,-0.294395565987,-118.32182312,-9.36424160004,-16.0492343903,-0.59855312109,1
1536703581007258213,52.077155239,carbonZ_2018-09-11-17-55-30_2_left_aileron_failure,aileron,-22.1399993896,-22.8511810303,4.72053050995,15,7.11621809006,1.8029974699,-119.14263916,-9.31615543365,-16.0102729797,-0.7479429245,1
1536703581019471696,52.089368722,carbonZ_2018-09-11-17-55-30_2_left_aileron_failure,aileron,-22.1399993896,-22.8511810303,4.72053050995,15,7.11621809006,1.8029974699,-119.14263916,-9.30727767944,-15.997551918,-0.789922773838,1
1536703581074709323,52.144606349,carbonZ_2018-09-11-17-55-30_2_left_aileron_failure,aileron,-22.2099990845,-14.2234802246,4.71684503555,16,7.11621809006,1.8029974699,-119.14263916,-9.2655134201,-15.9471416473,-0.959191322327,1
1536703581112674254,52.18257128,carbonZ_2018-09-11-17-55-30_2_left_aileron_failure,aileron,-22.2099990845,-14.2234802246,4.71684503555,16,7.11621809006,1.8029974699,-119.14263916,-9.2655134201,-15.9471416473,-0.959191322327,1
1536703581163800806,52.233697832,carbonZ_2018-09-11-17-55-30_2_left_aileron_failure,aileron,-22.2999992371,-14.2234802246,4.68592739105,17,7.11621809006,1.8029974699,-119.14263916,-9.22881031036,-15.9043035507,-1.08761906624,1
1536703581206135205,52.276032231,carbonZ_2018-09-11-17-55-30_2_left_aileron_failure,aileron,-22.2999992371,-14.2234802246,4.68592739105,17,7.11621809006,1.8029974699,-119.14263916,-9.21062278748,-15.870970726,-1.15356004238,1
1536703581264490298,52.334387324,carbonZ_2018-09-11-17-55-30_2_left_aileron_failure,aileron,-22.4099998474,-2.2274017334,4.69180870056,18,5.02277231216,3.01040887833,-118.256118774,-9.1906042099,-15.8201026917,-1.21160757542,1
1536703581338421229,52.408318255,carbonZ_2018-09-11-17-55-30_2_left_aileron_failure,aileron,-22.5299987793,-2.2274017334,4.66694355011,20,5.02277231216,3.01040887833,-118.256118774,-9.14835071564,-15.7570524216,-1.31338822842,1
1536703581435149946,52.505046972,carbonZ_2018-09-11-17-55-30_2_left_aileron_failure,aileron,-22.6700000763,19.201374054,4.6629076004,21,5.02277231216,3.01040887833,-118.256118774,-9.10215759277,-15.6718053818,-1.45964097977,1
1536703581498491357,52.568388383,carbonZ_2018-09-11-17-55-30_2_left_aileron_failure,aileron,-22.6700000763,19.201374054,4.6629076004,21,5.02277231216,3.01040887833,-118.256118774,-9.06763553619,-15.6297426224,-1.46961796284,1
1536703581557387653,52.627284679,carbonZ_2018-09-11-17-55-30_2_left_aileron_failure,aileron,-22.8099994659,19.201374054,4.65208959579,22,5.02277231216,3.01040887833,-118.256118774,-9.04814624786,-15.5835399628,-1.39541351795,1
1536703581595446534,52.66534356,carbonZ_2018-09-11-17-55-30_2_left_aileron_failure,aileron,-22.8099994659,19.201374054,4.65208959579,22,5.02277231216,3.01040887833,-118.256118774,-9.05088043213,-15.5515604019,-1.30170059204,1
1536703581647180208,52.717077234,carbonZ_2018-09-11-17-55-30_2_left_aileron_failure,aileron,-22.9499988556,32.7049255371,4.65701341629,24,5.02277231216,3.01040887833,-118.256118774,-9.04551124573,-15.5282735825,-1.18677556515,1
1536703581723447118,52.793344144,carbonZ_2018-09-11-17-55-30_2_left_aileron_failure,aileron,-22.9499988556,32.7049255371,4.65701341629,24,5.02277231216,3.01040887833,-118.256118774,-9.03949356079,-15.4839572906,-0.938548445702,1
1536703581751974087,52.821871113,carbonZ_2018-09-11-17-55-30_2_left_aileron_failure,aileron,-23.0599994659,32.7049255371,4.64801645279,25,4.65962123871,1.43903362751,-117.730430603,-9.04623413086,-15.4682807922,-0.876569628716,1
1536703581795722919,52.865619945,carbonZ_2018-09-11-17-55-30_2_left_aileron_failure,aileron,-23.0599994659,32.7049255371,4.64801645279,25,4.65962123871,1.43903362751,-117.730430603,-9.05041599274,-15.4375743866,-0.669024348259,1
1536703581836908000,52.906805026,carbonZ_2018-09-11-17-55-30_2_left_aileron_failure,aileron,-23.1299991608,41.0369873047,4.65124750137,27,4.65962123871,1.43903362751,-117.730430603,-9.05643081665,-15.4186477661,-0.541974663734,1
1536703581920251998,52.990149024,carbonZ_2018-09-11-17-55-30_2_left_aileron_failure,aileron,-23.1299991608,41.0369873047,4.65124750137,27,4.65962123871,1.43903362751,-117.730430603,-9.05918693542,-15.3925304413,-0.284697204828,1
1536703581989174690,53.059071716,carbonZ_2018-09-11-17-55-30_2_left_aileron_failure,aileron,-23.1700000763,41.0369873047,4.65617084503,28,4.65962123871,1.43903362751,-117.730430603,-9.07656574249,-15.3661661148,-0.107596181333,1
1536703582028450374,53.0983474,carbonZ_2018-09-11-17-55-30_2_left_aileron_failure,aileron,-23.1700000763,41.0369873047,4.65617084503,28,4.65962123871,1.43903362751,-117.730430603,-9.07947921753,-15.3618516922,-0.0474868044257,1
1536703582039529451,53.109426477,carbonZ_2018-09-11-17-55-30_2_left_aileron_failure,aileron,-23.1800003052,48.2175827026,4.67658758163,30,4.65962123871,1.43903362751,-117.730430603,-9.0715303421,-15.3529062271,0.0445221960545,1
1536703582100290918,53.170187944,carbonZ_2018-09-11-17-55-30_2_left_aileron_failure,aileron,-23.1800003052,48.2175827026,4.67658758163,30,4.65962123871,1.43903362751,-117.730430603,-9.07662010193,-15.3409957886,0.171698018909,1
1536703582187073203,53.256970229,carbonZ_2018-09-11-17-55-30_2_left_aileron_failure,aileron,-23.1599998474,48.2175827026,4.68151092529,31,4.37052774429,-0.373120546341,-117.834754944,-9.07623958588,-15.3205633163,0.324156731367,1
1536703582202161308,53.272058334,carbonZ_2018-09-11-17-55-30_2_left_aileron_failure,aileron,-23.1599998474,48.2175827026,4.68151092529,31,4.37052774429,-0.373120546341,-117.834754944,-9.08339881897,-15.3117179871,0.414083272219,1
1536703582248648508,53.318545534,carbonZ_2018-09-11-17-55-30_2_left_aileron_failure,aileron,-23.1199989319,59.1941833496,4.69539356232,33,4.37052774429,-0.373120546341,-117.834754944,-9.08195209503,-15.3051319122,0.44473618269,1
1536703582293846009,53.363743035,carbonZ_2018-09-11-17-55-30_2_left_aileron_failure,aileron,-23.1199989319,59.1941833496,4.69539356232,33,4.37052774429,-0.373120546341,-117.834754944,-9.09832286835,-15.2870454788,0.514957845211,1
1536703582349719652,53.419616678,carbonZ_2018-09-11-17-55-30_2_left_aileron_failure,aileron,-23.0599994659,59.1941833496,4.6853094101,35,4.37052774429,-0.373120546341,-117.834754944,-9.10123252869,-15.2814102173,0.525604605675,1
1536703582370081013,53.439978039,carbonZ_2018-09-11-17-55-30_2_left_aileron_failure,aileron,-23.0599994659,59.1941833496,4.6853094101,35,4.37052774429,-0.373120546341,-117.834754944,-9.10702419281,-15.2700386047,0.509832799435,1
1536703582448709339,53.518606365,carbonZ_2018-09-11-17-55-30_2_left_aileron_failure,aileron,-23.0100002289,59.6185684204,4.70863199234,36,4.37052774429,-0.373120546341,-117.834754944,-9.11395835876,-15.2591543198,0.478355705738,1
1536703582481668687,53.551565713,carbonZ_2018-09-11-17-55-30_2_left_aileron_failure,aileron,-23.0100002289,59.6185684204,4.70863199234,36,4.37052774429,-0.373120546341,-117.834754944,-9.10961914062,-15.2512245178,0.454714953899,1
1536703582521622083,53.591519109,carbonZ_2018-09-11-17-55-30_2_left_aileron_failure,aileron,-23.0100002289,59.6185684204,4.70863199234,36,4.22350168228,0.104218013585,-117.97832489,-9.1286277771,-15.233792305,0.418387591839,1
1536703582597707202,53.667604228,carbonZ_2018-09-11-17-55-30_2_left_aileron_failure,aileron,-22.9599990845,59.6185684204,4.71512889862,38,4.22350168228,0.104218013585,-117.97832489,-9.12884616852,-15.224937439,0.37877625227,1
1536703582645641346,53.715538372,carbonZ_2018-09-11-17-55-30_2_left_aileron_failure,aileron,-22.9200000763,64.4358673096,4.73845291138,40,4.22350168228,0.104218013585,-117.97832489,-9.14132118225,-15.2121067047,0.360964030027,1
1536703582665929173,53.735826199,carbonZ_2018-09-11-17-55-30_2_left_aileron_failure,aileron,-22.9200000763,64.4358673096,4.73845291138,40,4.22350168228,0.104218013585,-117.97832489,-9.14304065704,-15.2104892731,0.362259536982,1
1536703582718749093,53.788646119,carbonZ_2018-09-11-17-55-30_2_left_aileron_failure,aileron,-22.9200000763,64.4358673096,4.73845291138,40,4.22350168228,0.104218013585,-117.97832489,-9.13318538666,-15.2127037048,0.362706243992,1
1536703582741169415,53.811066441,carbonZ_2018-09-11-17-55-30_2_left_aileron_failure,aileron,-22.8799991608,64.4358673096,4.73841571808,41,4.22350168228,0.104218013585,-117.97832489,-9.13958358765,-15.2093858719,0.362337529659,1
1536703582792622230,53.862519256,carbonZ_2018-09-11-17-55-30_2_left_aileron_failure,aileron,-22.8799991608,64.4358673096,4.73841571808,41,4.22350168228,0.104218013585,-117.97832489,-9.15373516083,-15.1973924637,0.362560600042,1
1536703582847758290,53.917655316,carbonZ_2018-09-11-17-55-30_2_left_aileron_failure,aileron,-22.8500003815,66.3519897461,4.76065349579,43,4.22350168228,0.104218013585,-117.97832489,-9.14825057983,-15.1956090927,0.35188049078,1
1536703582892913680,53.962810706,carbonZ_2018-09-11-17-55-30_2_left_aileron_failure,aileron,-22.8500003815,66.3519897461,4.76065349579,43,4.22350168228,0.104218013585,-117.97832489,-9.15405464172,-15.189365387,0.336054742336,1
1536703582944243138,54.014140164,carbonZ_2018-09-11-17-55-30_2_left_aileron_failure,aileron,-22.8199996948,66.3519897461,4.77453565598,45,4.22350168228,0.104218013585,-117.97832489,-9.1554107666,-15.1857461929,0.328006654978,1
1536703583006066758,54.075963784,carbonZ_2018-09-11-17-55-30_2_left_aileron_failure,aileron,-22.8199996948,66.3519897461,4.77453565598,45,3.88610959053,-0.478436350822,-117.19694519,-9.15988636017,-15.1816062927,0.305808395147,1
1536703583040415864,54.11031289,carbonZ_2018-09-11-17-55-30_2_left_aileron_failure,aileron,-22.7799987793,70.3549346924,4.79495334625,46,3.88610959053,-0.478436350822,-117.19694519,-9.16078662872,-15.182053566,0.307245463133,1
1536703583083697728,54.153594754,carbonZ_2018-09-11-17-55-30_2_left_aileron_failure,aileron,-22.7799987793,70.3549346924,4.79495334625,46,3.88610959053,-0.478436350822,-117.19694519,-9.15517902374,-15.1904687881,0.30284678936,1
1536703583122115574,54.1920126,carbonZ_2018-09-11-17-55-30_2_left_aileron_failure,aileron,-22.7799987793,70.3549346924,4.79495334625,46,3.88610959053,-0.478436350822,-117.19694519,-9.14534759521,-15.2010860443,0.306109875441,1
1536703583183656606,54.253553632,carbonZ_2018-09-11-17-55-30_2_left_aileron_failure,aileron,-22.7600002289,70.3549346924,4.80435705185,48,3.88610959053,-0.478436350822,-117.19694519,-9.13426017761,-15.2110815048,0.33104750514,1
1536703583244114974,54.314012,carbonZ_2018-09-11-17-55-30_2_left_aileron_failure,aileron,-22.7299995422,67.5947189331,4.82211351395,50,3.88610959053,-0.478436350822,-117.19694519,-9.13426017761,-15.2110815048,0.33104750514,1
1536703583271673035,54.341570061,carbonZ_2018-09-11-17-55-30_2_left_aileron_failure,aileron,-22.7299995422,67.5947189331,4.82211351395,50,3.88610959053,-0.478436350822,-117.19694519,-9.12633705139,-15.2199239731,0.316123515368,1
1536703583348321948,54.418218974,carbonZ_2018-09-11-17-55-30_2_left_aileron_failure,aileron,-22.6999988556,67.5947189331,4.82207679749,51,3.88610959053,-0.478436350822,-117.19694519,-9.12068843842,-15.2264328003,0.316765278578,1
1536703583376040613,54.445937639,carbonZ_2018-09-11-17-55-30_2_left_aileron_failure,aileron,-22.6999988556,67.5947189331,4.82207679749,51,3.88610959053,-0.478436350822,-117.19694519,-9.10821151733,-15.228969574,0.307467639446,1
1536703583414975439,54.484872465,carbonZ_2018-09-11-17-55-30_2_left_aileron_failure,aileron,-22.6999988556,67.5947189331,4.82207679749,51,3.88610959053,-0.478436350822,-117.19694519,-9.10817050934,-15.2308568954,0.305177003145,1
1536703583482709226,54.552606252,carbonZ_2018-09-11-17-55-30_2_left_aileron_failure,aileron,-22.6700000763,71.8415222168,4.82857227325,53,3.88610959053,-0.478436350822,-117.19694519,-9.088098526,-15.2446155548,0.302409857512,1
1536703583522924695,54.592821721,carbonZ_2018-09-11-17-55-30_2_left_aileron_failure,aileron,-22.6700000763,71.8415222168,4.82857227325,53,6.13295030594,-0.443942725658,-118.0989151,-9.06855106354,-15.2538003922,0.291913688183,1
1536703583547840193,54.617737219,carbonZ_2018-09-11-17-55-30_2_left_aileron_failure,aileron,-22.6399993896,71.8415222168,4.81909704208,55,6.13295030594,-0.443942725658,-118.0989151,-9.06590270996,-15.2557525635,0.284207373857,1
1536703583602184140,54.672081166,carbonZ_2018-09-11-17-55-30_2_left_aileron_failure,aileron,-22.6399993896,71.8415222168,4.81909704208,55,6.13295030594,-0.443942725658,-118.0989151,-9.04836845398,-15.2686004639,0.245738133788,1
1536703583645187738,54.715084764,carbonZ_2018-09-11-17-55-30_2_left_aileron_failure,aileron,-22.6199989319,70.5026626587,4.8190612793,56,6.13295030594,-0.443942725658,-118.0989151,-9.02152633667,-15.2826967239,0.195482492447,1
1536703583707837641,54.777734667,carbonZ_2018-09-11-17-55-30_2_left_aileron_failure,aileron,-22.6199989319,70.5026626587,4.8190612793,56,6.13295030594,-0.443942725658,-118.0989151,-8.99253940582,-15.3026685715,0.11855892837,1
1536703583756475862,54.826372888,carbonZ_2018-09-11-17-55-30_2_left_aileron_failure,aileron,-22.6000003815,70.5026626587,4.80449771881,58,6.13295030594,-0.443942725658,-118.0989151,-8.9585018158,-15.321390152,0.0706487745047,1
1536703583815878511,54.885775537,carbonZ_2018-09-11-17-55-30_2_left_aileron_failure,aileron,-22.6000003815,70.5026626587,4.80449771881,58,7.11821985245,0.193962648511,-118.58467865,-8.92916584015,-15.3331289291,0.0441219992936,1
1536703583848309997,54.918207023,carbonZ_2018-09-11-17-55-30_2_left_aileron_failure,aileron,-22.6000003815,66.5816345215,4.79054117203,60,7.11821985245,0.193962648511,-118.58467865,-8.9144077301,-15.3419446945,0.0317237302661,1
1536703583899247846,54.969144872,carbonZ_2018-09-11-17-55-30_2_left_aileron_failure,aileron,-22.6000003815,66.5816345215,4.79054117203,60,7.11821985245,0.193962648511,-118.58467865,-8.88115406036,-15.363199234,0.000394150760258,1
1536703583940527643,55.010424669,carbonZ_2018-09-11-17-55-30_2_left_aileron_failure,aileron,-22.6000003815,66.5816345215,4.75975847244,62,7.11821985245,0.193962648511,-118.58467865,-8.87103366852,-15.3664016724,-0.0211475640535,1
1536703584002967215,55.072864241,carbonZ_2018-09-11-17-55-30_2_left_aileron_failure,aileron,-22.6000003815,66.5816345215,4.75975847244,62,7.11821985245,0.193962648511,-118.58467865,-8.8634595871,-15.3766279221,-0.0653601363301,1
1536703584040325372,55.110222398,carbonZ_2018-09-11-17-55-30_2_left_aileron_failure,aileron,-22.609998703,70.1695404053,4.7363615036,63,7.11821985245,0.193962648511,-118.58467865,-8.86042881012,-15.3822126389,-0.0853426381946,1
1536703584090911451,55.160808477,carbonZ_2018-09-11-17-55-30_2_left_aileron_failure,aileron,-22.609998703,70.1695404053,4.7363615036,63,7.11821985245,0.193962648511,-118.58467865,-8.85666942596,-15.3936672211,-0.0287690479308,1
1536703584150140470,55.220037496,carbonZ_2018-09-11-17-55-30_2_left_aileron_failure,aileron,-22.6199989319,70.1695404053,4.7023100853,65,7.11821985245,0.193962648511,-118.58467865,-8.87055015564,-15.3941555023,0.0666398331523,1
1536703584195536844,55.26543387,carbonZ_2018-09-11-17-55-30_2_left_aileron_failure,aileron,-22.6199989319,70.1695404053,4.7023100853,65,5.34198093414,-1.35687232018,-120.22228241,-8.90033435822,-15.3873586655,0.241050809622,1
1536703584215562820,55.285459846,carbonZ_2018-09-11-17-55-30_2_left_aileron_failure,aileron,-22.6199989319,70.1695404053,4.7023100853,65,5.34198093414,-1.35687232018,-120.22228241,-8.90574455261,-15.3894672394,0.297598540783,1
1536703584269357754,55.33925478,carbonZ_2018-09-11-17-55-30_2_left_aileron_failure,aileron,-22.609998703,65.50340271,4.67891359329,67,5.34198093414,-1.35687232018,-120.22228241,-8.91981124878,-15.3897781372,0.40155813098,1
1536703584308199685,55.378096711,carbonZ_2018-09-11-17-55-30_2_left_aileron_failure,aileron,-22.609998703,65.50340271,4.67891359329,67,5.34198093414,-1.35687232018,-120.22228241,-8.94075965881,-15.3915128708,0.491632163525,1
1536703584344201777,55.414098803,carbonZ_2018-09-11-17-55-30_2_left_aileron_failure,aileron,-22.5799999237,65.50340271,4.66047716141,68,5.34198093414,-1.35687232018,-120.22228241,-8.96879291534,-15.396736145,0.620805025101,1
1536703584426377057,55.496274083,carbonZ_2018-09-11-17-55-30_2_left_aileron_failure,aileron,-22.5799999237,65.50340271,4.66047716141,68,5.34198093414,-1.35687232018,-120.22228241,-8.98852539062,-15.4083909988,0.7080103755,1
1536703584446229213,55.516126239,carbonZ_2018-09-11-17-55-30_2_left_aileron_failure,aileron,-22.5199985504,58.9644432068,4.64918231964,70,4.58834505081,-3.00294089317,-119.965835571,-8.99907684326,-15.4145936966,0.726870417595,1
1536703584499470880,55.569367906,carbonZ_2018-09-11-17-55-30_2_left_aileron_failure,aileron,-22.5199985504,58.9644432068,4.64918231964,70,4.58834505081,-3.00294089317,-119.965835571,-9.02427482605,-15.4359798431,0.740337610245,1
1536703584567074716,55.636971742,carbonZ_2018-09-11-17-55-30_2_left_aileron_failure,aileron,-22.4499988556,58.9644432068,4.62626457214,72,4.58834505081,-3.00294089317,-119.965835571,-9.04104232788,-15.4621372223,0.711604177952,1
1536703584595131357,55.665028383,carbonZ_2018-09-11-17-55-30_2_left_aileron_failure,aileron,-22.4499988556,58.9644432068,4.62626457214,72,4.58834505081,-3.00294089317,-119.965835571,-9.06313323975,-15.475564003,0.712994217873,1
1536703584648826837,55.718723863,carbonZ_2018-09-11-17-55-30_2_left_aileron_failure,aileron,-22.3799991608,52.2680282593,4.62997341156,74,4.58834505081,-3.00294089317,-119.965835571,-9.08009624481,-15.4886827469,0.730601727962,1
1536703584687643425,55.757540451,carbonZ_2018-09-11-17-55-30_2_left_aileron_failure,aileron,-22.3799991608,52.2680282593,4.62997341156,74,4.58834505081,-3.00294089317,-119.965835571,-9.08869743347,-15.5055532455,0.75428134203,1
1536703584731934256,55.801831282,carbonZ_2018-09-11-17-55-30_2_left_aileron_failure,aileron,-22.3799991608,52.2680282593,4.62997341156,74,4.58834505081,-3.00294089317,-119.965835571,-9.09317493439,-15.5225963593,0.777843356133,1
1536703584832715800,55.902612826,carbonZ_2018-09-11-17-55-30_2_left_aileron_failure,aileron,-22.2199993134,40.2544021606,4.60966157913,77,4.17690086365,-3.59866142273,-119.008125305,-9.13237094879,-15.5588064194,0.85153645277,1
1536703584870703959,55.940600985,carbonZ_2018-09-11-17-55-30_2_left_aileron_failure,aileron,-22.2199993134,40.2544021606,4.60966157913,77,4.17690086365,-3.59866142273,-119.008125305,-9.14144134521,-15.5867033005,0.857864201069,1
1536703584903183123,55.973080149,carbonZ_2018-09-11-17-55-30_2_left_aileron_failure,aileron,-22.2199993134,40.2544021606,4.60966157913,77,4.17690086365,-3.59866142273,-119.008125305,-9.15890598297,-15.5994091034,0.828147947788,1
1536703584950035399,56.019932425,carbonZ_2018-09-11-17-55-30_2_left_aileron_failure,aileron,-22.1299991608,40.2544021606,4.58729124069,79,4.17690086365,-3.59866142273,-119.008125305,-9.17306804657,-15.6040830612,0.80622780323,1
1536703585039444561,56.109341587,carbonZ_2018-09-11-17-55-30_2_left_aileron_failure,aileron,-22.0499992371,36.6599082947,4.58379840851,81,4.17690086365,-3.59866142273,-119.008125305,-9.22847366333,-15.6223535538,0.649495542049,1
1536703585099971085,56.169868111,carbonZ_2018-09-11-17-55-30_2_left_aileron_failure,aileron,-22.0499992371,36.6599082947,4.58379840851,81,4.17690086365,-3.59866142273,-119.008125305,-9.25293540955,-15.6384191513,0.530291736126,1
1536703585165171901,56.235068927,carbonZ_2018-09-11-17-55-30_2_left_aileron_failure,aileron,-21.9899997711,36.6599082947,4.54316759109,83,4.17690086365,-3.59866142273,-119.008125305,-9.29335594177,-15.6423273087,0.46069970727,1
1536703585200275868,56.270172894,carbonZ_2018-09-11-17-55-30_2_left_aileron_failure,aileron,-21.9899997711,36.6599082947,4.54316759109,83,2.73188138008,-2.07693934441,-118.136482239,-9.32109165192,-15.6393041611,0.415751069784,1
1536703585238745775,56.308642801,carbonZ_2018-09-11-17-55-30_2_left_aileron_failure,aileron,-21.9499988556,29.61769104,4.55105352402,84,2.73188138008,-2.07693934441,-118.136482239,-9.35258483887,-15.6421394348,0.373244166374,1
1536703585291846579,56.361743605,carbonZ_2018-09-11-17-55-30_2_left_aileron_failure,aileron,-21.9499988556,29.61769104,4.55105352402,84,2.73188138008,-2.07693934441,-118.136482239,-9.37030410767,-15.6446914673,0.343193352222,1
1536703585384714029,56.454611055,carbonZ_2018-09-11-17-55-30_2_left_aileron_failure,aileron,-21.9099998474,29.61769104,4.16446208954,86,2.73188138008,-2.07693934441,-118.136482239,-9.409948349,-15.6485691071,0.218119889498,1
1536703585406992881,56.476889907,carbonZ_2018-09-11-17-55-30_2_left_aileron_failure,aileron,-21.9099998474,29.61769104,4.16446208954,86,2.73188138008,-2.07693934441,-118.136482239,-9.41673278809,-15.649515152,0.184516713023,1
1536703585440696720,56.510593746,carbonZ_2018-09-11-17-55-30_2_left_aileron_failure,aileron,-21.8899993896,20.0575828552,4.19989299774,88,2.73188138008,-2.07693934441,-118.136482239,-9.42293643951,-15.6541404724,0.140585675836,1
1536703585494062062,56.563959088,carbonZ_2018-09-11-17-55-30_2_left_aileron_failure,aileron,-21.8899993896,20.0575828552,4.19989299774,88,2.73188138008,-2.07693934441,-118.136482239,-9.41877746582,-15.6648445129,0.0421601757407,1
1536703585581002383,56.650899409,carbonZ_2018-09-11-17-55-30_2_left_aileron_failure,aileron,-21.8799991608,20.0575828552,4.23096132278,90,2.73188138008,-2.07693934441,-118.136482239,-9.40682697296,-15.6682043076,-0.0700375437737,1
1536703585629560923,56.699457949,carbonZ_2018-09-11-17-55-30_2_left_aileron_failure,aileron,-21.8799991608,20.0575828552,4.23096132278,90,2.73188138008,-2.07693934441,-118.136482239,-9.40604877472,-15.6647529602,-0.0978645682335,1
1536703585646414619,56.716311645,carbonZ_2018-09-11-17-55-30_2_left_aileron_failure,aileron,-21.8999996185,83.9696884155,3.47483706474,92,3.28412747383,0.506968140602,-116.877784729,-9.39845657349,-15.6595163345,-0.171541631222,1
1536703585701114267,56.771011293,carbonZ_2018-09-11-17-55-30_2_left_aileron_failure,aileron,-21.8999996185,83.9696884155,3.47483706474,92,3.28412747383,0.506968140602,-116.877784729,-9.38725757599,-15.6502599716,-0.278666555882,1
1536703585739271668,56.809168694,carbonZ_2018-09-11-17-55-30_2_left_aileron_failure,aileron,-21.9200000763,83.9696884155,3.56371927261,93,3.28412747383,0.506968140602,-116.877784729,-9.38388061523,-15.6389636993,-0.350290626287,1
1536703585816799884,56.88669691,carbonZ_2018-09-11-17-55-30_2_left_aileron_failure,aileron,-21.9200000763,83.9696884155,3.56371927261,93,3.28412747383,0.506968140602,-116.877784729,-9.38923072815,-15.6036128998,-0.510903716087,1
1536703585831906899,56.901803925,carbonZ_2018-09-11-17-55-30_2_left_aileron_failure,aileron,-21.9699993134,79.0107727051,2.8115401268,95,3.28412747383,0.506968140602,-116.877784729,-9.38923072815,-15.6036128998,-0.510903716087,1
1536703585907544245,56.977441271,carbonZ_2018-09-11-17-55-30_2_left_aileron_failure,aileron,-21.9699993134,79.0107727051,2.8115401268,95,3.28412747383,0.506968140602,-116.877784729,-9.40171813965,-15.5602407455,-0.592587649822,1
1536703585946724568,57.016621594,carbonZ_2018-09-11-17-55-30_2_left_aileron_failure,aileron,-22.0299987793,79.0107727051,2.9561650753,97,3.28412747383,0.506968140602,-116.877784729,-9.40867519379,-15.5380754471,-0.604058504105,1
1536703585998042149,57.067939175,carbonZ_2018-09-11-17-55-30_2_left_aileron_failure,aileron,-22.0299987793,79.0107727051,2.9561650753,97,3.28412747383,0.506968140602,-116.877784729,-9.41779232025,-15.5014162064,-0.608460605145,1
1536703586016199558,57.086096584,carbonZ_2018-09-11-17-55-30_2_left_aileron_failure,aileron,-22.0299987793,79.0107727051,2.9561650753,97,3.28412747383,0.506968140602,-116.877784729,-9.42154312134,-15.4914922714,-0.605068385601,1
1536703586085046626,57.154943652,carbonZ_2018-09-11-17-55-30_2_left_aileron_failure,aileron,-22.1000003815,87.4311447144,3.1283288002,99,4.42111539841,2.07852554321,-118.190383911,-9.43138408661,-15.4637136459,-0.585865855217,1
1536703586145021864,57.21491889,carbonZ_2018-09-11-17-55-30_2_left_aileron_failure,aileron,-22.1700000763,87.4311447144,1.56968128681,101,4.42111539841,2.07852554321,-118.190383911,-9.41970062256,-15.4467906952,-0.547573626041,1
1536703586193348376,57.263245402,carbonZ_2018-09-11-17-55-30_2_left_aileron_failure,aileron,-22.1700000763,87.4311447144,1.56968128681,101,4.42111539841,2.07852554321,-118.190383911,-9.40137577057,-15.4388256073,-0.534397602081,1
1536703586228457558,57.298354584,carbonZ_2018-09-11-17-55-30_2_left_aileron_failure,aileron,-22.1700000763,87.4311447144,1.56968128681,101,4.42111539841,2.07852554321,-118.190383911,-9.37674331665,-15.4352703094,-0.531411588192,1
1536703586254841435,57.324738461,carbonZ_2018-09-11-17-55-30_2_left_aileron_failure,aileron,-22.2299995422,93.7759399414,1.87652897835,102,4.42111539841,2.07852554321,-118.190383911,-9.35656452179,-15.4363384247,-0.525692045689,1
1536703586293523303,57.363420329,carbonZ_2018-09-11-17-55-30_2_left_aileron_failure,aileron,-22.2299995422,93.7759399414,1.87652897835,102,4.42111539841,2.07852554321,-118.190383911,-9.32477092743,-15.4386720657,-0.498373895884,1
1536703586333007649,57.402904675,carbonZ_2018-09-11-17-55-30_2_left_aileron_failure,aileron,-22.2799987793,93.7759399414,0.679642915726,104,4.42111539841,2.07852554321,-118.190383911,-9.28821086884,-15.4446725845,-0.453352630138,1
1536703586442630201,57.512527227,carbonZ_2018-09-11-17-55-30_2_left_aileron_failure,aileron,-22.3199996948,97.3975219727,1.06825327873,106,9.21510982513,1.13123178482,-116.403686523,-9.17345428467,-15.4738206863,-0.499186217785,1
1536703586499865213,57.569762239,carbonZ_2018-09-11-17-55-30_2_left_aileron_failure,aileron,-22.3199996948,97.3975219727,1.06825327873,106,9.21510982513,1.13123178482,-116.403686523,-9.07579040527,-15.5056152344,-0.579057335854,1
1536703586571682133,57.641579159,carbonZ_2018-09-11-17-55-30_2_left_aileron_failure,aileron,-22.3699989319,97.3975219727,-1.13254141808,108,9.21510982513,1.13123178482,-116.403686523,-8.96323776245,-15.5440368652,-0.671525418758,1
1536703586618309260,57.688206286,carbonZ_2018-09-11-17-55-30_2_left_aileron_failure,aileron,-22.3699989319,97.3975219727,-1.13254141808,108,9.21510982513,1.13123178482,-116.403686523,-8.86381435394,-15.5826787949,-0.750339567661,1
1536703586638330434,57.70822746,carbonZ_2018-09-11-17-55-30_2_left_aileron_failure,aileron,-22.4399986267,105.704406738,-0.61438947916,109,9.21510982513,1.13123178482,-116.403686523,-8.806432724,-15.6029596329,-0.737558305264,1
1536703586694503583,57.764400609,carbonZ_2018-09-11-17-55-30_2_left_aileron_failure,aileron,-22.4399986267,105.704406738,-0.61438947916,109,9.21510982513,1.13123178482,-116.403686523,-8.74629020691,-15.62479496,-0.703843533993,1
1536703586746335519,57.816232545,carbonZ_2018-09-11-17-55-30_2_left_aileron_failure,aileron,-22.5100002289,105.704406738,-0.102334327996,111,14.8477859497,0.978430449963,-116.719764709,-8.64979743958,-15.6559467316,-0.677569627762,1
1536703586817976154,57.88787318,carbonZ_2018-09-11-17-55-30_2_left_aileron_failure,aileron,-22.5100002289,105.704406738,-0.102334327996,111,14.8477859497,0.978430449963,-116.719764709,-8.56919002533,-15.6867761612,-0.643716275692,1
1536703586843435189,57.913332215,carbonZ_2018-09-11-17-55-30_2_left_aileron_failure,aileron,-22.5699996948,107.763290405,-1.31196820736,113,14.8477859497,0.978430449963,-116.719764709,-8.53922462463,-15.6985569,-0.624683618546,1
1536703586896009860,57.965906886,carbonZ_2018-09-11-17-55-30_2_left_aileron_failure,aileron,-22.5699996948,107.763290405,-1.31196820736,113,14.8477859497,0.978430449963,-116.719764709,-8.43978786469,-15.7407913208,-0.56657743454,1
1536703586946844826,58.016741852,carbonZ_2018-09-11-17-55-30_2_left_aileron_failure,aileron,-22.6299991608,107.763290405,-0.733725309372,115,14.8477859497,0.978430449963,-116.719764709,-8.40467739105,-15.7549304962,-0.553101718426,1
1536703586974361062,58.044258088,carbonZ_2018-09-11-17-55-30_2_left_aileron_failure,aileron,-22.6299991608,107.763290405,-0.733725309372,115,14.8477859497,0.978430449963,-116.719764709,-8.27900695801,-15.810459137,-0.510681688786,1
1536703587011648338,58.081545364,carbonZ_2018-09-11-17-55-30_2_left_aileron_failure,aileron,-22.6299991608,107.763290405,-0.733725309372,115,14.8477859497,0.978430449963,-116.719764709,-8.27900695801,-15.810459137,-0.510681688786,1
1536703587089193188,58.159090214,carbonZ_2018-09-11-17-55-30_2_left_aileron_failure,aileron,-22.6800003052,109.710403442,-3.71856474876,116,14.8477859497,0.978430449963,-116.719764709,-8.13824748993,-15.8765707016,-0.450625360012,1
1536703587133504750,58.203401776,carbonZ_2018-09-11-17-55-30_2_left_aileron_failure,aileron,-22.7199993134,109.710403442,-2.94304656982,118,17.1992149353,-0.3862208426,-115.730209351,-8.05098342896,-15.9146366119,-0.346398442984,1
1536703587204749041,58.274646067,carbonZ_2018-09-11-17-55-30_2_left_aileron_failure,aileron,-22.7199993134,109.710403442,-2.94304656982,118,17.1992149353,-0.3862208426,-115.730209351,-7.9638915062,-15.9503593445,-0.200874298811,1
1536703587220034099,58.289931125,carbonZ_2018-09-11-17-55-30_2_left_aileron_failure,aileron,-22.7199993134,109.710403442,-2.94304656982,118,17.1992149353,-0.3862208426,-115.730209351,-7.93233394623,-15.9630012512,-0.147470757365,1
1536703587284986949,58.354883975,carbonZ_2018-09-11-17-55-30_2_left_aileron_failure,aileron,-22.7399997711,114.506820679,-2.16727089882,120,17.1992149353,-0.3862208426,-115.730209351,-7.84672451019,-16.0033016205,0.0328616537154,1
1536703587319935910,58.389832936,carbonZ_2018-09-11-17-55-30_2_left_aileron_failure,aileron,-22.7399997711,114.506820679,-2.16727089882,120,17.1992149353,-0.3862208426,-115.730209351,-7.78521871567,-16.0320587158,0.155301481485,1
1536703587397887695,58.467784721,carbonZ_2018-09-11-17-55-30_2_left_aileron_failure,aileron,-22.7399997711,114.506820679,-2.28253936768,122,17.1992149353,-0.3862208426,-115.730209351,-7.61942100525,-16.1020431519,0.337450683117,1
1536703587444342504,58.51423953,carbonZ_2018-09-11-17-55-30_2_left_aileron_failure,aileron,-22.7099990845,112.836166382,-1.48439455032,124,17.1992149353,-0.3862208426,-115.730209351,-7.52633857727,-16.1442813873,0.39834445715,1
1536703587498233047,58.568130073,carbonZ_2018-09-11-17-55-30_2_left_aileron_failure,aileron,-22.7099990845,112.836166382,-1.48439455032,124,17.1992149353,-0.3862208426,-115.730209351,-7.37277364731,-16.2154159546,0.494794815779,1
1536703587558716047,58.628613073,carbonZ_2018-09-11-17-55-30_2_left_aileron_failure,aileron,-22.6599998474,112.836166382,-4.24172735214,125,23.0483989716,-1.85706913471,-110.922698975,-7.19843435287,-16.2916355133,0.589904665947,1
1536703587607458836,58.677355862,carbonZ_2018-09-11-17-55-30_2_left_aileron_failure,aileron,-22.6599998474,112.836166382,-4.24172735214,125,23.0483989716,-1.85706913471,-110.922698975,-7.081553936,-16.3424358368,0.638382077217,1
1536703587646283644,58.71618067,carbonZ_2018-09-11-17-55-30_2_left_aileron_failure,aileron,-22.5799999237,117.786117554,-3.29142642021,127,23.0483989716,-1.85706913471,-110.922698975,-6.95229673386,-16.3968067169,0.671865165234,1
1536703587677455091,58.747352117,carbonZ_2018-09-11-17-55-30_2_left_aileron_failure,aileron,-22.5799999237,117.786117554,-3.29142642021,127,23.0483989716,-1.85706913471,-110.922698975,-6.95229673386,-16.3968067169,0.671865165234,1
1536703587749464836,58.819361862,carbonZ_2018-09-11-17-55-30_2_left_aileron_failure,aileron,-22.5100002289,117.786117554,-3.27287840843,129,23.0483989716,-1.85706913471,-110.922698975,-6.65302419662,-16.5177268982,0.688651204109,1
1536703587772574739,58.842471765,carbonZ_2018-09-11-17-55-30_2_left_aileron_failure,aileron,-22.5100002289,117.786117554,-3.27287840843,129,23.0483989716,-1.85706913471,-110.922698975,-6.40373420715,-16.6098918915,0.648364126682,1
1536703587822371264,58.89226829,carbonZ_2018-09-11-17-55-30_2_left_aileron_failure,aileron,-22.5100002289,117.786117554,-3.27287840843,129,23.0483989716,-1.85706913471,-110.922698975,-6.22064733505,-16.6764087677,0.583745539188,1
1536703587864873172,58.934770198,carbonZ_2018-09-11-17-55-30_2_left_aileron_failure,aileron,-22.4300003052,110.212997437,-2.34270977974,131,26.740486145,-0.252088397741,-107.488578796,-6.02075004578,-16.7463722229,0.489062666893,1
1536703587882600446,58.952497472,carbonZ_2018-09-11-17-55-30_2_left_aileron_failure,aileron,-22.4300003052,110.212997437,-2.34270977974,131,26.740486145,-0.252088397741,-107.488578796,-5.92264032364,-16.780254364,0.444023370743,1
1536703587925282382,58.995179408,carbonZ_2018-09-11-17-55-30_2_left_aileron_failure,aileron,-22.3799991608,110.212997437,-4.17575836182,132,26.740486145,-0.252088397741,-107.488578796,-5.6407828331,-16.8653697968,0.356528908014,1
1536703588054684700,59.124581726,carbonZ_2018-09-11-17-55-30_2_left_aileron_failure,aileron,-22.3500003815,121.605873108,-3.17957615852,134,26.740486145,-0.252088397741,-107.488578796,-5.19875431061,-16.9847698212,0.260006457567,1
1536703588124761911,59.194658937,carbonZ_2018-09-11-17-55-30_2_left_aileron_failure,aileron,-22.3500003815,121.605873108,-3.17957615852,134,26.740486145,-0.252088397741,-107.488578796,-4.83500623703,-17.0776863098,0.206773892045,1
1536703588156922391,59.226819417,carbonZ_2018-09-11-17-55-30_2_left_aileron_failure,aileron,-22.3299999237,121.605873108,-2.22128152847,136,26.740486145,-0.252088397741,-107.488578796,-4.74273633957,-17.0970516205,0.202210262418,1
1536703588203607081,59.273504107,carbonZ_2018-09-11-17-55-30_2_left_aileron_failure,aileron,-22.3299999237,121.605873108,-2.22128152847,136,30.7493724823,0.775896131992,-103.559829712,-4.37235546112,-17.1712551117,0.219897329807,1
1536703588233066406,59.302963432,carbonZ_2018-09-11-17-55-30_2_left_aileron_failure,aileron,-22.3099994659,113.298606873,-3.07836961746,138,30.7493724823,0.775896131992,-103.559829712,-4.28069400787,-17.1904792786,0.232006296515,1
1536703588314268354,59.38416538,carbonZ_2018-09-11-17-55-30_2_left_aileron_failure,aileron,-22.3099994659,113.298606873,-3.07836961746,138,30.7493724823,0.775896131992,-103.559829712,-3.99587774277,-17.2456531525,0.259142160416,1
1536703588351481262,59.421378288,carbonZ_2018-09-11-17-55-30_2_left_aileron_failure,aileron,-22.2999992371,114.298721313,-2.10631966591,139,30.7493724823,0.775896131992,-103.559829712,-3.79860401154,-17.2788524628,0.269175291061,1
1536703588404860967,59.474757993,carbonZ_2018-09-11-17-55-30_2_left_aileron_failure,aileron,-22.2999992371,114.298721313,-2.10631966591,139,30.7493724823,0.775896131992,-103.559829712,-3.48992085457,-17.323381424,0.27634626627,1
1536703588440376090,59.510273116,carbonZ_2018-09-11-17-55-30_2_left_aileron_failure,aileron,-22.2799987793,116.354751587,-3.94219589233,141,30.7493724823,0.775896131992,-103.559829712,-3.27925467491,-17.352678299,0.289222449064,1
1536703588509461995,59.579359021,carbonZ_2018-09-11-17-55-30_2_left_aileron_failure,aileron,-22.2799987793,116.354751587,-3.94219589233,141,30.7493724823,0.775896131992,-103.559829712,-2.95956921577,-17.396572113,0.315727084875,1
1536703588528751249,59.598648275,carbonZ_2018-09-11-17-55-30_2_left_aileron_failure,aileron,-22.2799987793,116.354751587,-3.94219589233,141,30.7493724823,0.775896131992,-103.559829712,-2.73564100266,-17.4212417603,0.324494361877,1
1536703588588778930,59.658675956,carbonZ_2018-09-11-17-55-30_2_left_aileron_failure,aileron,-22.25,115.354629517,-2.90767598152,143,30.7493724823,0.775896131992,-103.559829712,-2.50060606003,-17.4442024231,0.320074617863,1
1536703588632594727,59.702491753,carbonZ_2018-09-11-17-55-30_2_left_aileron_failure,aileron,-22.2299995422,101.047042847,-3.82421946526,144,35.5523643494,0.358432948589,-95.6233825684,-1.98199212551,-17.4908790588,0.268402397633,1
1536703588725631924,59.79552895,carbonZ_2018-09-11-17-55-30_2_left_aileron_failure,aileron,-22.2299995422,101.047042847,-3.82421946526,144,35.5523643494,0.358432948589,-95.6233825684,-1.58135843277,-17.5217666626,0.234044760466,1
1536703588765882170,59.835779196,carbonZ_2018-09-11-17-55-30_2_left_aileron_failure,aileron,-22.2099990845,102.047157288,-2.78527021408,146,35.5523643494,0.358432948589,-95.6233825684,-1.31381583214,-17.5283927917,0.223587408662,1
1536703588819246707,59.889143733,carbonZ_2018-09-11-17-55-30_2_left_aileron_failure,aileron,-22.2099990845,102.047157288,-2.78527021408,146,35.5523643494,0.358432948589,-95.6233825684,-0.911243081093,-17.5346298218,0.198235303164,1
1536703588846828155,59.916725181,carbonZ_2018-09-11-17-55-30_2_left_aileron_failure,aileron,-22.1999988556,104.510116577,-1.82195031643,148,35.5523643494,0.358432948589,-95.6233825684,-0.776856124401,-17.5360298157,0.186323866248,1
1536703588872229398,59.942126424,carbonZ_2018-09-11-17-55-30_2_left_aileron_failure,aileron,-22.1999988556,104.510116577,-1.82195031643,148,35.5523643494,0.358432948589,-95.6233825684,-0.503628134727,-17.5347003937,0.152089133859,1
1536703588934363878,60.004260904,carbonZ_2018-09-11-17-55-30_2_left_aileron_failure,aileron,-22.1999988556,104.510116577,-1.82195031643,148,35.5523643494,0.358432948589,-95.6233825684,-0.23196080327,-17.5335178375,0.114122644067,1
1536703589010491926,60.080388952,carbonZ_2018-09-11-17-55-30_2_left_aileron_failure,aileron,-22.1899986267,104.510116577,-1.78308463097,149,35.5523643494,0.358432948589,-95.6233825684,0.308576613665,-17.5017528534,0.0285528674722,1
1536703589021612567,60.091509593,carbonZ_2018-09-11-17-55-30_2_left_aileron_failure,aileron,-22.1899986267,104.510116577,-1.78308463097,149,36.3635635376,1.47313940525,-87.2975540161,0.579754948616,-17.4824924469,-0.0142684224993,1
1536703589094412017,60.164309043,carbonZ_2018-09-11-17-55-30_2_left_aileron_failure,aileron,-22.1999988556,89.9977722168,-3.70350980759,151,36.3635635376,1.47313940525,-87.2975540161,0.962894260883,-17.452539444,-0.0425738990307,1
1536703589126458226,60.196355252,carbonZ_2018-09-11-17-55-30_2_left_aileron_failure,aileron,-22.2099990845,89.9977722168,-2.70782065392,152,36.3635635376,1.47313940525,-87.2975540161,0.962894260883,-17.452539444,-0.0425738990307,1
1536703589175465006,60.245362032,carbonZ_2018-09-11-17-55-30_2_left_aileron_failure,aileron,-22.2099990845,89.9977722168,-2.70782065392,152,36.3635635376,1.47313940525,-87.2975540161,1.44813811779,-17.3904647827,-0.0443153865635,1
1536703589212551100,60.282448126,carbonZ_2018-09-11-17-55-30_2_left_aileron_failure,aileron,-22.2099990845,89.9977722168,-2.70782065392,152,36.3635635376,1.47313940525,-87.2975540161,1.68130981922,-17.3554172516,-0.0326191447675,1
1536703589303402584,60.37329961,carbonZ_2018-09-11-17-55-30_2_left_aileron_failure,aileron,-22.2299995422,70.5402374268,-1.7713944912,154,36.3635635376,1.47313940525,-87.2975540161,2.13178253174,-17.2854423523,-0.0139940101653,1
1536703589329824538,60.399721564,carbonZ_2018-09-11-17-55-30_2_left_aileron_failure,aileron,-22.2399997711,70.5402374268,-2.73221683502,155,36.3635635376,1.47313940525,-87.2975540161,2.25902438164,-17.2632026672,-0.031869776547,1
1536703589383809796,60.453706822,carbonZ_2018-09-11-17-55-30_2_left_aileron_failure,aileron,-22.2399997711,70.5402374268,-2.73221683502,155,36.3635635376,1.47313940525,-87.2975540161,2.77781772614,-17.1449718475,-0.119131468236,1
1536703589424375201,60.494272227,carbonZ_2018-09-11-17-55-30_2_left_aileron_failure,aileron,-22.2399997711,70.5402374268,-2.73221683502,155,38.3050346375,2.07415509224,-79.5983123779,2.90752601624,-17.1149654388,-0.136962413788,1
1536703589456879064,60.52677609,carbonZ_2018-09-11-17-55-30_2_left_aileron_failure,aileron,-22.2600002289,56.0614585876,-1.80646431446,157,38.3050346375,2.07415509224,-79.5983123779,3.15656852722,-17.05610466,-0.15729765594,1
1536703589492631107,60.562528133,carbonZ_2018-09-11-17-55-30_2_left_aileron_failure,aileron,-22.2600002289,56.0614585876,-1.80646431446,157,38.3050346375,2.07415509224,-79.5983123779,3.39827394485,-16.9953174591,-0.168373137712,1
1536703589564996392,60.634893418,carbonZ_2018-09-11-17-55-30_2_left_aileron_failure,aileron,-22.2799987793,56.0614585876,-0.921499192715,158,38.3050346375,2.07415509224,-79.5983123779,3.7707297802,-16.8828792572,-0.186252385378,1
1536703589610765518,60.680662544,carbonZ_2018-09-11-17-55-30_2_left_aileron_failure,aileron,-22.2799987793,56.0614585876,-0.921499192715,158,38.3050346375,2.07415509224,-79.5983123779,4.16479921341,-16.7591743469,-0.204414710402,1
1536703589652484689,60.722381715,carbonZ_2018-09-11-17-55-30_2_left_aileron_failure,aileron,-22.3099994659,35.7133865356,-2.84965133667,159,38.3050346375,2.07415509224,-79.5983123779,4.52930021286,-16.6355304718,-0.202947720885,1
1536703589709090815,60.778987841,carbonZ_2018-09-11-17-55-30_2_left_aileron_failure,aileron,-22.3099994659,35.7133865356,-2.84965133667,159,38.3050346375,2.07415509224,-79.5983123779,4.65410137177,-16.5927810669,-0.192421510816,1
1536703589755693170,60.825590196,carbonZ_2018-09-11-17-55-30_2_left_aileron_failure,aileron,-22.3299999237,35.7133865356,-1.94972717762,161,38.3050346375,2.07415509224,-79.5983123779,4.89984893799,-16.4961643219,-0.183104395866,1
1536703589782514986,60.852412012,carbonZ_2018-09-11-17-55-30_2_left_aileron_failure,aileron,-22.3299999237,35.7133865356,-1.94972717762,161,39.2993888855,0.821419596672,-70.1816329956,5.15305280685,-16.3872184753,-0.187822073698,1
1536703589838889437,60.908786463,carbonZ_2018-09-11-17-55-30_2_left_aileron_failure,aileron,-22.3699989319,23.0268478394,-2.02125358582,162,39.2993888855,0.821419596672,-70.1816329956,5.54642486572,-16.2163181305,-0.189158007503,1
1536703589892836648,60.962733674,carbonZ_2018-09-11-17-55-30_2_left_aileron_failure,aileron,-22.3699989319,23.0268478394,-2.02125358582,162,39.2993888855,0.821419596672,-70.1816329956,5.80479764938,-16.0994815826,-0.183454185724,1
1536703589934324816,61.004221842,carbonZ_2018-09-11-17-55-30_2_left_aileron_failure,aileron,-22.3899993896,23.0268478394,-1.17664051056,163,39.2993888855,0.821419596672,-70.1816329956,6.07296943665,-15.9780874252,-0.182797402143,1
1536703589984116570,61.054013596,carbonZ_2018-09-11-17-55-30_2_left_aileron_failure,aileron,-22.3899993896,23.0268478394,-1.17664051056,163,39.2993888855,0.821419596672,-70.1816329956,6.46072626114,-15.773440361,-0.16848769784,1
1536703590039207594,61.10910462,carbonZ_2018-09-11-17-55-30_2_left_aileron_failure,aileron,-22.4200000763,8.37841033936,-3.20470404625,164,39.2993888855,0.821419596672,-70.1816329956,6.84934854507,-15.5700235367,-0.149557173252,1
1536703590074164839,61.144061865,carbonZ_2018-09-11-17-55-30_2_left_aileron_failure,aileron,-22.4200000763,8.37841033936,-3.20470404625,164,39.2993888855,0.821419596672,-70.1816329956,7.1048617363,-15.4342269897,-0.127873033285,1
1536703590165911692,61.235808718,carbonZ_2018-09-11-17-55-30_2_left_aileron_failure,aileron,-22.4399986267,8.37841033936,-2.35236501694,166,39.2993888855,0.821419596672,-70.1816329956,7.48646497726,-15.2158231735,-0.0988278537989,1
1536703590210920994,61.28081802,carbonZ_2018-09-11-17-55-30_2_left_aileron_failure,aileron,-22.4399986267,8.37841033936,-2.35236501694,166,39.2993888855,0.821419596672,-70.1816329956,7.86833143234,-14.9713506699,-0.0959038361907,1
1536703590243263323,61.313160349,carbonZ_2018-09-11-17-55-30_2_left_aileron_failure,aileron,-22.4599990845,-6.66408538818,-1.57890176773,167,41.3861618042,0.779969513416,-58.9080848694,8.12076759338,-14.8073654175,-0.0899410396814,1
1536703590298389801,61.368286827,carbonZ_2018-09-11-17-55-30_2_left_aileron_failure,aileron,-22.4599990845,-6.66408538818,-1.57890176773,167,41.3861618042,0.779969513416,-58.9080848694,8.49602222443,-14.5663261414,-0.0907304883003,1
1536703590331035355,61.400932381,carbonZ_2018-09-11-17-55-30_2_left_aileron_failure,aileron,-22.4599990845,-6.66408538818,-1.57890176773,167,41.3861618042,0.779969513416,-58.9080848694,8.61779594421,-14.4855670929,-0.0941078066826,1
1536703590383597604,61.45349463,carbonZ_2018-09-11-17-55-30_2_left_aileron_failure,aileron,-22.4699993134,-6.66408538818,-2.68142056465,168,41.3861618042,0.779969513416,-58.9080848694,9.03986644745,-14.1499853134,-0.067219145596,1
1536703590414539645,61.484436671,carbonZ_2018-09-11-17-55-30_2_left_aileron_failure,aileron,-22.4699993134,-6.66408538818,-2.68142056465,168,41.3861618042,0.779969513416,-58.9080848694,9.13282871246,-14.0722160339,-0.0511843040586,1
1536703590485097001,61.554994027,carbonZ_2018-09-11-17-55-30_2_left_aileron_failure,aileron,-22.4899997711,-22.0846176147,-1.94383752346,169,41.3861618042,0.779969513416,-58.9080848694,9.40632724762,-13.8460865021,0.00921222195029,1
1536703590560322825,61.630219851,carbonZ_2018-09-11-17-55-30_2_left_aileron_failure,aileron,-22.4899997711,-22.0846176147,-4.0805721283,170,41.3861618042,0.779969513416,-58.9080848694,9.77863311768,-13.5252971649,0.0763334557414,1
1536703590594277245,61.664174271,carbonZ_2018-09-11-17-55-30_2_left_aileron_failure,aileron,-22.4899997711,-22.0846176147,-4.0805721283,170,41.3861618042,0.779969513416,-58.9080848694,9.94931030273,-13.3641719818,0.11918926239,1
1536703590635659463,61.705556489,carbonZ_2018-09-11-17-55-30_2_left_aileron_failure,aileron,-22.4899997711,-40.9669876099,-3.29010677338,171,39.5584335327,1.07370221615,-50.9451942444,10.033405304,-13.2839574814,0.140505358577,1
1536703590691672768,61.761569794,carbonZ_2018-09-11-17-55-30_2_left_aileron_failure,aileron,-22.4899997711,-40.9669876099,-3.29010677338,171,39.5584335327,1.07370221615,-50.9451942444,10.3811101913,-12.9535417557,0.198185607791,1
1536703590748803904,61.81870093,carbonZ_2018-09-11-17-55-30_2_left_aileron_failure,aileron,-22.4699993134,-40.9669876099,-4.5090379715,171,39.5584335327,1.07370221615,-50.9451942444,10.556725502,-12.7746229172,0.213397875428,1
1536703590780495752,61.850392778,carbonZ_2018-09-11-17-55-30_2_left_aileron_failure,aileron,-22.4699993134,-40.9669876099,-4.5090379715,171,39.5584335327,1.07370221615,-50.9451942444,10.822930336,-12.4866399765,0.230323821306,1
1536703590831439670,61.901336696,carbonZ_2018-09-11-17-55-30_2_left_aileron_failure,aileron,-22.4599990845,-69.6204223633,-3.7289917469,172,39.5584335327,1.07370221615,-50.9451942444,11.0115423203,-12.2860279083,0.225936934352,1
1536703590903034346,61.972931372,carbonZ_2018-09-11-17-55-30_2_left_aileron_failure,aileron,-22.4599990845,-69.6204223633,-3.7289917469,172,39.5584335327,1.07370221615,-50.9451942444,11.2910785675,-11.9832181931,0.21544072032,1
1536703590927134688,61.997031714,carbonZ_2018-09-11-17-55-30_2_left_aileron_failure,aileron,-22.4599990845,-69.6204223633,-3.7289917469,172,39.5584335327,1.07370221615,-50.9451942444,11.38235569,-11.8827848434,0.213802590966,1
1536703591000031414,62.06992844,carbonZ_2018-09-11-17-55-30_2_left_aileron_failure,aileron,-22.4399986267,-69.6204223633,-2.98726654053,173,39.5584335327,1.07370221615,-50.9451942444,11.7229671478,-11.4521512985,0.206867665052,1
1536703591031161194,62.10105822,carbonZ_2018-09-11-17-55-30_2_left_aileron_failure,aileron,-22.4300003052,-72.594543457,-3.21778559685,174,39.5584335327,1.07370221615,-50.9451942444,11.801402092,-11.3520002365,0.217792287469,1
1536703591068466704,62.13836373,carbonZ_2018-09-11-17-55-30_2_left_aileron_failure,aileron,-22.4300003052,-72.594543457,-3.21778559685,174,39.0805473328,0.495077937841,-41.2891044617,11.9523801804,-11.1594228745,0.24842068553,1
1536703591116216070,62.186113096,carbonZ_2018-09-11-17-55-30_2_left_aileron_failure,aileron,-22.4300003052,-72.594543457,-3.21778559685,174,39.0805473328,0.495077937841,-41.2891044617,12.0953388214,-10.9761180878,0.292527258396,1
1536703591170150318,62.240047344,carbonZ_2018-09-11-17-55-30_2_left_aileron_failure,aileron,-22.4099998474,-71.5944290161,-2.55106735229,175,39.0805473328,0.495077937841,-41.2891044617,12.3765916824,-10.5807409286,0.377793729305,1
1536703591237606591,62.307503617,carbonZ_2018-09-11-17-55-30_2_left_aileron_failure,aileron,-22.3899993896,-97.2560882568,-4.49931430817,175,39.0805473328,0.495077937841,-41.2891044617,12.5963516235,-10.2638626099,0.416324168444,1
1536703591297416351,62.367313377,carbonZ_2018-09-11-17-55-30_2_left_aileron_failure,aileron,-22.3899993896,-97.2560882568,-4.49931430817,175,39.0805473328,0.495077937841,-41.2891044617,12.9207057953,-9.78419017792,0.373343586922,1
1536703591337945115,62.407842141,carbonZ_2018-09-11-17-55-30_2_left_aileron_failure,aileron,-22.359998703,-97.2560882568,-3.80106306076,176,39.0805473328,0.495077937841,-41.2891044617,13.0745124817,-9.51853847504,0.332399994135,1
1536703591400218531,62.470115557,carbonZ_2018-09-11-17-55-30_2_left_aileron_failure,aileron,-22.359998703,-97.2560882568,-3.80106306076,176,39.0805473328,0.495077937841,-41.2891044617,13.2218723297,-9.26207637787,0.296619415283,1
1536703591431728014,62.50162504,carbonZ_2018-09-11-17-55-30_2_left_aileron_failure,aileron,-22.3299999237,-97.7136611938,-3.1983499527,176,38.7285461426,0.815728545189,-32.1000289917,13.3617238998,-9.01083660126,0.266790270805,1
1536703591509570256,62.579467282,carbonZ_2018-09-11-17-55-30_2_left_aileron_failure,aileron,-22.3299999237,-97.7136611938,-3.1983499527,176,38.7285461426,0.815728545189,-32.1000289917,13.5622739792,-8.63633441925,0.227211609483,1
1536703591578266084,62.64816311,carbonZ_2018-09-11-17-55-30_2_left_aileron_failure,aileron,-22.3099994659,-97.7136611938,-3.35504031181,177,38.7285461426,0.815728545189,-32.1000289917,13.8732271194,-7.97181272507,0.147967636585,1
1536703591622926177,62.692823203,carbonZ_2018-09-11-17-55-30_2_left_aileron_failure,aileron,-22.3099994659,-108.281036377,-2.84730124474,177,38.7285461426,0.815728545189,-32.1000289917,13.8732271194,-7.97181272507,0.147967636585,1
1536703591653123435,62.723020461,carbonZ_2018-09-11-17-55-30_2_left_aileron_failure,aileron,-22.3099994659,-108.281036377,-2.84730124474,177,38.7285461426,0.815728545189,-32.1000289917,14.040845871,-7.57004547119,0.0895332470536,1
1536703591717534913,62.787431939,carbonZ_2018-09-11-17-55-30_2_left_aileron_failure,aileron,-22.3099994659,-108.281036377,-2.84730124474,177,38.7285461426,0.815728545189,-32.1000289917,14.2099113464,-7.14733076096,-0.0127189941704,1
1536703591764539528,62.834436554,carbonZ_2018-09-11-17-55-30_2_left_aileron_failure,aileron,-22.3099994659,-108.281036377,-4.83231306076,178,38.7285461426,0.815728545189,-32.1000289917,14.3122930527,-6.84347295761,-0.0967671722174,1
1536703591822602833,62.892499859,carbonZ_2018-09-11-17-55-30_2_left_aileron_failure,aileron,-22.3400001526,-122.81350708,-4.32911062241,178,38.4139709473,2.35051608086,-23.8431568146,14.4534091949,-6.4108953476,-0.186706274748,1
1536703591865413049,62.935310075,carbonZ_2018-09-11-17-55-30_2_left_aileron_failure,aileron,-22.3400001526,-122.81350708,-4.32911062241,178,38.4139709473,2.35051608086,-23.8431568146,14.5435438156,-6.12595081329,-0.251471579075,1
1536703591895332264,62.96522929,carbonZ_2018-09-11-17-55-30_2_left_aileron_failure,aileron,-22.3400001526,-122.81350708,-4.32911062241,178,38.4139709473,2.35051608086,-23.8431568146,14.6259946823,-5.84659051895,-0.321730524302,1
1536703591953421137,63.023318163,carbonZ_2018-09-11-17-55-30_2_left_aileron_failure,aileron,-22.3699989319,-122.81350708,-3.87881851196,178,38.4139709473,2.35051608086,-23.8431568146,14.6920423508,-5.5845823288,-0.371645152569,1
1536703591992229364,63.06212639,carbonZ_2018-09-11-17-55-30_2_left_aileron_failure,aileron,-22.3699989319,-122.81350708,-3.87881851196,178,38.4139709473,2.35051608086,-23.8431568146,14.7616920471,-5.23008680344,-0.404861152172,1
1536703592038265648,63.108162674,carbonZ_2018-09-11-17-55-30_2_left_aileron_failure,aileron,-22.4300003052,-131.812194824,-3.94878172874,178,38.4139709473,2.35051608086,-23.8431568146,14.8020629883,-5.01687717438,-0.402203470469,1
1536703592095133907,63.165030933,carbonZ_2018-09-11-17-55-30_2_left_aileron_failure,aileron,-22.4300003052,-131.812194824,-3.94878172874,178,38.4139709473,2.35051608086,-23.8431568146,14.8601303101,-4.71984863281,-0.38594019413,1
1536703592154552539,63.224449565,carbonZ_2018-09-11-17-55-30_2_left_aileron_failure,aileron,-22.4799995422,-130.812072754,-3.59253382683,179,38.4139709473,2.35051608086,-23.8431568146,14.8930530548,-4.52597999573,-0.36336928606,1
1536703592191933214,63.26183024,carbonZ_2018-09-11-17-55-30_2_left_aileron_failure,aileron,-22.4799995422,-130.812072754,-3.59253382683,179,38.4139709473,2.35051608086,-23.8431568146,14.9349746704,-4.23777246475,-0.328104823828,1
1536703592260254425,63.330151451,carbonZ_2018-09-11-17-55-30_2_left_aileron_failure,aileron,-22.5299987793,-140.863037109,-4.19942951202,179,32.7463989258,1.12958872318,-15.3811559677,14.9758205414,-3.96648859978,-0.268819272518,1
1536703592299151353,63.369048379,carbonZ_2018-09-11-17-55-30_2_left_aileron_failure,aileron,-22.5299987793,-140.863037109,-4.19942951202,179,32.7463989258,1.12958872318,-15.3811559677,15.0035943985,-3.7930431366,-0.221822395921,1
1536703592367602417,63.437499443,carbonZ_2018-09-11-17-55-30_2_left_aileron_failure,aileron,-22.5699996948,-140.863037109,-3.87557291985,179,32.7463989258,1.12958872318,-15.3811559677,15.0348033905,-3.5303633213,-0.148390457034,1
1536703592405065426,63.474962452,carbonZ_2018-09-11-17-55-30_2_left_aileron_failure,aileron,-22.5699996948,-140.863037109,-3.87557291985,179,32.7463989258,1.12958872318,-15.3811559677,15.0529298782,-3.36375212669,-0.0872918665409,1
1536703592458647488,63.528544514,carbonZ_2018-09-11-17-55-30_2_left_aileron_failure,aileron,-22.5900001526,-150.099563599,-3.59397721291,179,32.7463989258,1.12958872318,-15.3811559677,15.0842018127,-3.11196231842,-0.00832376349717,1
1536703592496471097,63.566368123,carbonZ_2018-09-11-17-55-30_2_left_aileron_failure,aileron,-22.5900001526,-150.099563599,-3.59397721291,179,32.7463989258,1.12958872318,-15.3811559677,15.1074886322,-2.9398059845,0.0248077493161,1
1536703592556946505,63.626843531,carbonZ_2018-09-11-17-55-30_2_left_aileron_failure,aileron,-22.6000003815,-150.099563599,-3.6246316433,179,32.7463989258,1.12958872318,-15.3811559677,15.1322851181,-2.68867731094,0.0775880888104,1
1536703592600012713,63.669909739,carbonZ_2018-09-11-17-55-30_2_left_aileron_failure,aileron,-22.6000003815,-150.099563599,-3.6246316433,179,28.7086677551,-1.01580703259,-9.29109668732,15.1471204758,-2.51798462868,0.101791508496,1
1536703592657158917,63.727055943,carbonZ_2018-09-11-17-55-30_2_left_aileron_failure,aileron,-22.6000003815,-154.018585205,-3.40251374245,179,28.7086677551,-1.01580703259,-9.29109668732,15.1654806137,-2.34863781929,0.111427985132,1
1536703592699587284,63.76948431,carbonZ_2018-09-11-17-55-30_2_left_aileron_failure,aileron,-22.6000003815,-154.018585205,-3.40251374245,179,28.7086677551,-1.01580703259,-9.29109668732,15.1929731369,-2.0954349041,0.116665013134,1
1536703592742703987,63.812601013,carbonZ_2018-09-11-17-55-30_2_left_aileron_failure,aileron,-22.6000003815,-154.018585205,-3.27555513382,179,28.7086677551,-1.01580703259,-9.29109668732,15.2059249878,-1.93275547028,0.131294846535,1
1536703592788183068,63.858080094,carbonZ_2018-09-11-17-55-30_2_left_aileron_failure,aileron,-22.6000003815,-154.018585205,-3.27555513382,179,28.7086677551,-1.01580703259,-9.29109668732,15.2126550674,-1.77408504486,0.146352261305,1
1536703592839318306,63.909215332,carbonZ_2018-09-11-17-55-30_2_left_aileron_failure,aileron,-22.5900001526,-175.924682617,-3.11715960503,179,28.7086677551,-1.01580703259,-9.29109668732,15.2263917923,-1.53949844837,0.174563631415,1
1536703592891819017,63.961716043,carbonZ_2018-09-11-17-55-30_2_left_aileron_failure,aileron,-22.5900001526,-175.924682617,-3.11715960503,179,28.7086677551,-1.01580703259,-9.29109668732,15.2362356186,-1.38340365887,0.188604682684,1
1536703592926918657,63.996815683,carbonZ_2018-09-11-17-55-30_2_left_aileron_failure,aileron,-22.5900001526,-175.924682617,-3.11715960503,179,28.7086677551,-1.01580703259,-9.29109668732,15.2439861298,-1.22256660461,0.176945149899,1
1536703593015341485,64.085238511,carbonZ_2018-09-11-17-55-30_2_left_aileron_failure,aileron,-22.5699996948,-175.924682617,-2.9926109314,179,24.8371067047,-0.713156282902,-4.67870664597,15.2425298691,-0.836715936661,0.0884342342615,1
1536703593075151658,64.145048684,carbonZ_2018-09-11-17-55-30_2_left_aileron_failure,aileron,-22.5599994659,-188.793563843,-2.94171190262,179,24.8371067047,-0.713156282902,-4.67870664597,15.2376241684,-0.61438792944,0.00283202226274,1
1536703593119877570,64.189774596,carbonZ_2018-09-11-17-55-30_2_left_aileron_failure,aileron,-22.5599994659,-188.793563843,-2.94171190262,179,24.8371067047,-0.713156282902,-4.67870664597,15.2335224152,-0.48492911458,-0.0463189147413,1
1536703593160078019,64.229975045,carbonZ_2018-09-11-17-55-30_2_left_aileron_failure,aileron,-22.5599994659,-188.793563843,-2.88253951073,179,24.8371067047,-0.713156282902,-4.67870664597,15.2204208374,-0.352704793215,-0.0951528325677,1
1536703593190382825,64.260279851,carbonZ_2018-09-11-17-55-30_2_left_aileron_failure,aileron,-22.5599994659,-188.793563843,-2.88253951073,179,24.8371067047,-0.713156282902,-4.67870664597,15.205786705,-0.232508048415,-0.137107565999,1
1536703593230933858,64.300830884,carbonZ_2018-09-11-17-55-30_2_left_aileron_failure,aileron,-22.5799999237,-192.762374878,-2.85717868805,179,24.8371067047,-0.713156282902,-4.67870664597,15.1957921982,-0.124273702502,-0.170094802976,1
1536703593302632236,64.372529262,carbonZ_2018-09-11-17-55-30_2_left_aileron_failure,aileron,-22.5799999237,-192.762374878,-2.85717868805,179,24.8371067047,-0.713156282902,-4.67870664597,15.1802444458,0.0147112570703,-0.190163940191,1
1536703593349948329,64.419845355,carbonZ_2018-09-11-17-55-30_2_left_aileron_failure,aileron,-22.6000003815,-192.762374878,-2.85717868805,179,24.8371067047,-0.713156282902,-4.67870664597,15.1648197174,0.101418323815,-0.216986805201,1
1536703593374408725,64.444305751,carbonZ_2018-09-11-17-55-30_2_left_aileron_failure,aileron,-22.6000003815,-192.762374878,-2.85717868805,179,16.7881584167,0.448730289936,-1.1056842804,15.1409273148,0.231100484729,-0.267115265131,1
1536703593433753693,64.503650719,carbonZ_2018-09-11-17-55-30_2_left_aileron_failure,aileron,-22.6399993896,-193.095214844,-2.87408328056,178,16.7881584167,0.448730289936,-1.1056842804,15.1177015305,0.344316273928,-0.338556468487,1
1536703593488402769,64.558299795,carbonZ_2018-09-11-17-55-30_2_left_aileron_failure,aileron,-22.6399993896,-193.095214844,-2.87408328056,178,16.7881584167,0.448730289936,-1.1056842804,15.1114292145,0.377815157175,-0.362782329321,1
1536703593515783322,64.585680348,carbonZ_2018-09-11-17-55-30_2_left_aileron_failure,aileron,-22.6399993896,-193.095214844,-2.87408328056,178,16.7881584167,0.448730289936,-1.1056842804,15.0978393555,0.43788933754,-0.415282458067,1
1536703593579993329,64.649890355,carbonZ_2018-09-11-17-55-30_2_left_aileron_failure,aileron,-22.6800003052,-193.095214844,-2.90789580345,178,16.7881584167,0.448730289936,-1.1056842804,15.0674581528,0.525850713253,-0.508199155331,1
1536703593591857696,64.661754722,carbonZ_2018-09-11-17-55-30_2_left_aileron_failure,aileron,-22.6800003052,-193.095214844,-2.90789580345,178,16.7881584167,0.448730289936,-1.1056842804,15.0577640533,0.555304765701,-0.536436617374,1
1536703593664977258,64.734874284,carbonZ_2018-09-11-17-55-30_2_left_aileron_failure,aileron,-22.7399997711,-197.530944824,-2.95016098022,178,16.7881584167,0.448730289936,-1.1056842804,15.0279321671,0.626404047012,-0.610227763653,1
1536703593702150417,64.772047443,carbonZ_2018-09-11-17-55-30_2_left_aileron_failure,aileron,-22.7399997711,-197.530944824,-2.95016098022,178,16.7881584167,0.448730289936,-1.1056842804,15.0106306076,0.660400629044,-0.647329807281,1
1536703593803846344,64.87374337,carbonZ_2018-09-11-17-55-30_2_left_aileron_failure,aileron,-22.8099994659,-197.530944824,-3.00088024139,178,9.66025447845,0.830501616001,1.59868299961,14.9571151733,0.732193291187,-0.700016617775,1
1536703593833590202,64.903487228,carbonZ_2018-09-11-17-55-30_2_left_aileron_failure,aileron,-22.8999996185,-189.932632446,-3.05159950256,178,9.66025447845,0.830501616001,1.59868299961,14.9307050705,0.763162255287,-0.713335871696,1
1536703593902294794,64.97219182,carbonZ_2018-09-11-17-55-30_2_left_aileron_failure,aileron,-22.8999996185,-189.932632446,-3.05159950256,178,9.66025447845,0.830501616001,1.59868299961,14.9160833359,0.772305905819,-0.702202618122,1
1536703593948212615,65.018109641,carbonZ_2018-09-11-17-55-30_2_left_aileron_failure,aileron,-22.9799995422,-189.932632446,-3.11922311783,178,9.66025447845,0.830501616001,1.59868299961,14.8970098495,0.781581997871,-0.664746046066,1
1536703594001936496,65.071833522,carbonZ_2018-09-11-17-55-30_2_left_aileron_failure,aileron,-22.9799995422,-189.932632446,-3.11922311783,178,9.66025447845,0.830501616001,1.59868299961,14.8698835373,0.776480197906,-0.589242696762,1
1536703594065860429,65.135757455,carbonZ_2018-09-11-17-55-30_2_left_aileron_failure,aileron,-23.0499992371,-184.48677063,-3.16994214058,178,9.66025447845,0.830501616001,1.59868299961,14.8500547409,0.755700826645,-0.520549952984,1
1536703594105698581,65.175595607,carbonZ_2018-09-11-17-55-30_2_left_aileron_failure,aileron,-23.0499992371,-184.48677063,-3.16994214058,178,9.66025447845,0.830501616001,1.59868299961,14.8388204575,0.752326488495,-0.497083008289,1
1536703594185893594,65.25579062,carbonZ_2018-09-11-17-55-30_2_left_aileron_failure,aileron,-23.1199989319,-184.48677063,-3.22911286354,178,3.47152733803,-0.441875189543,4.0042924881,14.8113946915,0.717209339142,-0.435190618038,1
1536703594199540927,65.269437953,carbonZ_2018-09-11-17-55-30_2_left_aileron_failure,aileron,-23.1199989319,-184.48677063,-3.22911286354,178,3.47152733803,-0.441875189543,4.0042924881,14.8040018082,0.709620177746,-0.415175884962,1
1536703594263275935,65.333172961,carbonZ_2018-09-11-17-55-30_2_left_aileron_failure,aileron,-23.1599998474,-179.640197754,-3.27137875557,178,3.47152733803,-0.441875189543,4.0042924881,14.7824420929,0.701073408127,-0.343985825777,1
1536703594315170705,65.385067731,carbonZ_2018-09-11-17-55-30_2_left_aileron_failure,aileron,-23.1599998474,-179.640197754,-3.27137875557,178,3.47152733803,-0.441875189543,4.0042924881,14.7722139359,0.674321234226,-0.294827520847,1
1536703594357734138,65.427631164,carbonZ_2018-09-11-17-55-30_2_left_aileron_failure,aileron,-23.1999988556,-179.640197754,-3.31364488602,178,3.47152733803,-0.441875189543,4.0042924881,14.7568101883,0.66295427084,-0.280269265175,1
1536703594393330629,65.463227655,carbonZ_2018-09-11-17-55-30_2_left_aileron_failure,aileron,-23.1999988556,-179.640197754,-3.31364488602,178,3.47152733803,-0.441875189543,4.0042924881,14.7460174561,0.634864985943,-0.287577837706,1
1536703594441018776,65.510915802,carbonZ_2018-09-11-17-55-30_2_left_aileron_failure,aileron,-23.2299995422,-174.514190674,-3.34745502472,177,3.47152733803,-0.441875189543,4.0042924881,14.732676506,0.590639293194,-0.311798334122,1
1536703594505774881,65.575671907,carbonZ_2018-09-11-17-55-30_2_left_aileron_failure,aileron,-23.2299995422,-174.514190674,-3.34745502472,177,-0.985136985779,0.0194170530885,4.97485589981,14.7185297012,0.562843501568,-0.337212443352,1
1536703594546962762,65.616859788,carbonZ_2018-09-11-17-55-30_2_left_aileron_failure,aileron,-23.2699985504,-174.514190674,-3.38126778603,177,-0.985136985779,0.0194170530885,4.97485589981,14.6926517487,0.477574378252,-0.366736710072,1
1536703594622753204,65.69265023,carbonZ_2018-09-11-17-55-30_2_left_aileron_failure,aileron,-23.2699985504,-174.514190674,-3.38126778603,177,-0.985136985779,0.0194170530885,4.97485589981,14.6731958389,0.441033065319,-0.390072882175,1
1536703594633245442,65.703142468,carbonZ_2018-09-11-17-55-30_2_left_aileron_failure,aileron,-23.3099994659,-164.806549072,-3.38971948624,178,-0.985136985779,0.0194170530885,4.97485589981,14.6688766479,0.414430886507,-0.402254939079,1
1536703594724784096,65.794681122,carbonZ_2018-09-11-17-55-30_2_left_aileron_failure,aileron,-23.3099994659,-164.806549072,-3.38971948624,178,-0.985136985779,0.0194170530885,4.97485589981,14.6442804337,0.327438622713,-0.470383375883,1
1536703594751137824,65.82103485,carbonZ_2018-09-11-17-55-30_2_left_aileron_failure,aileron,-23.3500003815,-164.806549072,-3.40662574768,178,-0.985136985779,0.0194170530885,4.97485589981,14.6352930069,0.300216346979,-0.490998089314,1
1536703594828699873,65.898596899,carbonZ_2018-09-11-17-55-30_2_left_aileron_failure,aileron,-23.4099998474,-163.398925781,-3.38971948624,178,-0.985136985779,0.0194170530885,4.97485589981,14.6023521423,0.153987273574,-0.597063481808,1
1536703594902026277,65.971923303,carbonZ_2018-09-11-17-55-30_2_left_aileron_failure,aileron,-23.4099998474,-163.398925781,-3.38971948624,178,-4.77861261368,0.903567969799,3.52289152145,14.5868635178,0.0539245605469,-0.632372021675,1
1536703594939661472,66.009558498,carbonZ_2018-09-11-17-55-30_2_left_aileron_failure,aileron,-23.4799995422,-163.398925781,-3.37281227112,178,-4.77861261368,0.903567969799,3.52289152145,14.5748796463,-0.00529393507168,-0.653518497944,1
1536703594979138384,66.04903541,carbonZ_2018-09-11-17-55-30_2_left_aileron_failure,aileron,-23.4799995422,-163.398925781,-3.37281227112,178,-4.77861261368,0.903567969799,3.52289152145,14.554479599,-0.105930581689,-0.662277162075,1
1536703595067226205,66.137123231,carbonZ_2018-09-11-17-55-30_2_left_aileron_failure,aileron,-23.5499992371,-156.406402588,-3.33054661751,178,-4.77861261368,0.903567969799,3.52289152145,14.5369348526,-0.18766258657,-0.63718444109,1
1536703595102390256,66.172287282,carbonZ_2018-09-11-17-55-30_2_left_aileron_failure,aileron,-23.5499992371,-156.406402588,-3.33054661751,178,-4.77861261368,0.903567969799,3.52289152145,14.5301437378,-0.251958161592,-0.595743536949,1
1536703595152228336,66.222125362,carbonZ_2018-09-11-17-55-30_2_left_aileron_failure,aileron,-23.6199989319,-156.406402588,-3.28827881813,178,-4.77861261368,0.903567969799,3.52289152145,14.5235509872,-0.309272676706,-0.544982552528,1
1536703595210553100,66.280450126,carbonZ_2018-09-11-17-55-30_2_left_aileron_failure,aileron,-23.6199989319,-156.406402588,-3.28827881813,178,-6.08813095093,-0.225619181991,2.20069980621,14.5018615723,-0.437170684338,-0.458666354418,1
1536703595267320652,66.337217678,carbonZ_2018-09-11-17-55-30_2_left_aileron_failure,aileron,-23.6800003052,-151.038360596,-3.21219992638,178,-6.08813095093,-0.225619181991,2.20069980621,14.4910898209,-0.494659364223,-0.424399793148,1
1536703595299013551,66.368910577,carbonZ_2018-09-11-17-55-30_2_left_aileron_failure,aileron,-23.6800003052,-151.038360596,-3.21219992638,178,-6.08813095093,-0.225619181991,2.20069980621,14.4830141068,-0.603553175926,-0.373894959688,1
1536703595357538374,66.4274354,carbonZ_2018-09-11-17-55-30_2_left_aileron_failure,aileron,-23.7299995422,-151.038360596,-3.13612174988,178,-6.08813095093,-0.225619181991,2.20069980621,14.4719867706,-0.669162213802,-0.362686961889,1
1536703595388046437,66.457943463,carbonZ_2018-09-11-17-55-30_2_left_aileron_failure,aileron,-23.7299995422,-151.038360596,-3.13612174988,178,-6.08813095093,-0.225619181991,2.20069980621,14.4719867706,-0.669162213802,-0.362686961889,1
1536703595438959916,66.508856942,carbonZ_2018-09-11-17-55-30_2_left_aileron_failure,aileron,-23.7600002289,-152.54574585,-3.0346827507,179,-6.08813095093,-0.225619181991,2.20069980621,14.4568405151,-0.822476744652,-0.349620819092,1
1536703595492396153,66.562293179,carbonZ_2018-09-11-17-55-30_2_left_aileron_failure,aileron,-23.7600002289,-152.54574585,-3.0346827507,179,-6.08813095093,-0.225619181991,2.20069980621,14.4432516098,-0.938601434231,-0.346304863691,1
1536703595554493437,66.624390463,carbonZ_2018-09-11-17-55-30_2_left_aileron_failure,aileron,-23.7999992371,-152.54574585,-2.9247918129,179,-6.08813095093,-0.225619181991,2.20069980621,14.4326934814,-1.01070356369,-0.347944885492,1
1536703595592982212,66.662879238,carbonZ_2018-09-11-17-55-30_2_left_aileron_failure,aileron,-23.7999992371,-152.54574585,-2.9247918129,179,-6.08813095093,-0.225619181991,2.20069980621,14.4176311493,-1.13243627548,-0.344229459763,1
1536703595638393002,66.708290028,carbonZ_2018-09-11-17-55-30_2_left_aileron_failure,aileron,-23.8299999237,-143.350036621,-2.78953933716,179,-7.74703454971,0.35537314415,-0.602541089058,14.405503273,-1.2009986639,-0.347950041294,1
1536703595711713387,66.781610413,carbonZ_2018-09-11-17-55-30_2_left_aileron_failure,aileron,-23.8299999237,-143.350036621,-2.78953933716,179,-7.74703454971,0.35537314415,-0.602541089058,14.3926553726,-1.31515777111,-0.324040949345,1
1536703595750009462,66.819906488,carbonZ_2018-09-11-17-55-30_2_left_aileron_failure,aileron,-23.859998703,-143.350036621,-2.64583563805,179,-7.74703454971,0.35537314415,-0.602541089058,14.377155304,-1.37714338303,-0.308376014233,1
1536703595786931648,66.856828674,carbonZ_2018-09-11-17-55-30_2_left_aileron_failure,aileron,-23.859998703,-143.350036621,-2.64583563805,179,-7.74703454971,0.35537314415,-0.602541089058,14.377155304,-1.37714338303,-0.308376014233,1
1536703595875404515,66.945301541,carbonZ_2018-09-11-17-55-30_2_left_aileron_failure,aileron,-23.8899993896,-140.328216553,-2.47677278519,180,-7.74703454971,0.35537314415,-0.602541089058,14.3075990677,-1.67984259129,-0.273631304502,1
1536703595914147652,66.984044678,carbonZ_2018-09-11-17-55-30_2_left_aileron_failure,aileron,-23.8899993896,-140.328216553,-2.47677278519,180,-7.74703454971,0.35537314415,-0.602541089058,14.3075990677,-1.67984259129,-0.273631304502,1
1536703595947509056,67.017406082,carbonZ_2018-09-11-17-55-30_2_left_aileron_failure,aileron,-23.9200000763,-140.328216553,-2.29925608635,180,-7.74703454971,0.35537314415,-0.602541089058,14.291510582,-1.74968206882,-0.276135236025,1
1536703596001805273,67.071702299,carbonZ_2018-09-11-17-55-30_2_left_aileron_failure,aileron,-23.9200000763,-140.328216553,-2.29925608635,180,-6.11541080475,0.857709407806,-2.50117206573,14.2700500488,-1.80439305305,-0.290037244558,1
1536703596053540940,67.123437966,carbonZ_2018-09-11-17-55-30_2_left_aileron_failure,aileron,-23.9399986267,-134.363739014,-2.09638047218,180,-6.11541080475,0.857709407806,-2.50117206573,14.2510232925,-1.89311659336,-0.306606471539,1
1536703596112126336,67.182023362,carbonZ_2018-09-11-17-55-30_2_left_aileron_failure,aileron,-23.9399986267,-134.363739014,-2.09638047218,180,-6.11541080475,0.857709407806,-2.50117206573,14.2353124619,-1.94654548168,-0.316578924656,1
1536703596147659562,67.217556588,carbonZ_2018-09-11-17-55-30_2_left_aileron_failure,aileron,-23.9699993134,-134.363739014,-1.89350378513,181,-6.11541080475,0.857709407806,-2.50117206573,14.2286367416,-1.99608457088,-0.312117278576,1
1536703596215133104,67.28503013,carbonZ_2018-09-11-17-55-30_2_left_aileron_failure,aileron,-23.9699993134,-134.363739014,-1.89350378513,181,-6.11541080475,0.857709407806,-2.50117206573,14.2013845444,-2.08683991432,-0.268615096807,1
1536703596293789331,67.363686357,carbonZ_2018-09-11-17-55-30_2_left_aileron_failure,aileron,-24.0,-126.544952393,-1.67372214794,181,-6.11541080475,0.857709407806,-2.50117206573,14.1800041199,-2.16780924797,-0.186282530427,1
1536703596365915150,67.435812176,carbonZ_2018-09-11-17-55-30_2_left_aileron_failure,aileron,-24.0199985504,-126.544952393,-1.44548666477,182,-3.59350299835,-0.456406891346,-4.55396461487,14.1612234116,-2.22513318062,-0.143118456006,1
1536703596416136868,67.486033894,carbonZ_2018-09-11-17-55-30_2_left_aileron_failure,aileron,-24.0199985504,-126.544952393,-1.44548666477,182,-3.59350299835,-0.456406891346,-4.55396461487,14.1480779648,-2.2805249691,-0.113114379346,1
1536703596494045273,67.563942299,carbonZ_2018-09-11-17-55-30_2_left_aileron_failure,aileron,-24.0399990082,5.45320510864,-1.20879876614,182,-3.59350299835,-0.456406891346,-4.55396461487,14.1288032532,-2.35410618782,-0.0896810740232,1
1536703596547851163,67.617748189,carbonZ_2018-09-11-17-55-30_2_left_aileron_failure,aileron,-24.0499992371,5.45320510864,-0.963657796383,183,-3.59350299835,-0.456406891346,-4.55396461487,14.122505188,-2.38920450211,-0.0714298933744,1
1536703596598459880,67.668356906,carbonZ_2018-09-11-17-55-30_2_left_aileron_failure,aileron,-24.0499992371,5.45320510864,-0.963657796383,183,-3.59350299835,-0.456406891346,-4.55396461487,14.1043548584,-2.43509578705,-0.0362336784601,1
1536703596617942501,67.687839527,carbonZ_2018-09-11-17-55-30_2_left_aileron_failure,aileron,-24.0499992371,5.45320510864,-0.963657796383,183,-3.59350299835,-0.456406891346,-4.55396461487,14.10176754,-2.44748806953,-0.0246967822313,1
1536703596671638858,67.741535884,carbonZ_2018-09-11-17-55-30_2_left_aileron_failure,aileron,-24.0499992371,7.38115310669,-0.714367032051,183,-3.59350299835,-0.456406891346,-4.55396461487,14.0867528915,-2.4852976799,0.0291309505701,1
1536703596729179766,67.799076792,carbonZ_2018-09-11-17-55-30_2_left_aileron_failure,aileron,-24.0499992371,7.38115310669,-0.714367032051,183,-3.59350299835,-0.456406891346,-4.55396461487,14.0814313889,-2.50205183029,0.0483454614878,1
1536703596761944896,67.831841922,carbonZ_2018-09-11-17-55-30_2_left_aileron_failure,aileron,-24.0499992371,7.38115310669,-0.460555195808,184,-0.345548510551,-0.993890523911,-6.91637229919,14.0749387741,-2.53793716431,0.0937109291553,1
1536703596794937572,67.864834598,carbonZ_2018-09-11-17-55-30_2_left_aileron_failure,aileron,-24.0499992371,7.38115310669,-0.460555195808,184,-0.345548510551,-0.993890523911,-6.91637229919,14.0721511841,-2.54543638229,0.116260483861,1
1536703596867407703,67.937304729,carbonZ_2018-09-11-17-55-30_2_left_aileron_failure,aileron,-24.0399990082,10.9124183655,-0.215612232685,184,-0.345548510551,-0.993890523911,-6.91637229919,14.0672025681,-2.57250452042,0.185784444213,1
1536703596911768724,67.98166575,carbonZ_2018-09-11-17-55-30_2_left_aileron_failure,aileron,-24.0399990082,10.9124183655,-0.215612232685,184,-0.345548510551,-0.993890523911,-6.91637229919,14.065038681,-2.59153556824,0.230354875326,1
1536703596951403167,68.021300193,carbonZ_2018-09-11-17-55-30_2_left_aileron_failure,aileron,-24.0199985504,9.91230010986,0.0475463084877,185,-0.345548510551,-0.993890523911,-6.91637229919,14.0663957596,-2.60037946701,0.250717967749,1
1536703596995731645,68.065628671,carbonZ_2018-09-11-17-55-30_2_left_aileron_failure,aileron,-24.0199985504,9.91230010986,0.0475463084877,185,-0.345548510551,-0.993890523911,-6.91637229919,14.0748081207,-2.61795854568,0.277161568403,1
1536703597040503376,68.110400402,carbonZ_2018-09-11-17-55-30_2_left_aileron_failure,aileron,-23.9899997711,7.65247344971,0.319157987833,185,-0.345548510551,-0.993890523911,-6.91637229919,14.0771551132,-2.61913061142,0.296292960644,1
1536703597072837411,68.142734437,carbonZ_2018-09-11-17-55-30_2_left_aileron_failure,aileron,-23.9899997711,7.65247344971,0.319157987833,185,-0.345548510551,-0.993890523911,-6.91637229919,14.0874624252,-2.62094187737,0.314820438623,1
1536703597117024611,68.186921637,carbonZ_2018-09-11-17-55-30_2_left_aileron_failure,aileron,-23.9899997711,7.65247344971,0.319157987833,185,-0.345548510551,-0.993890523911,-6.91637229919,14.0939092636,-2.61285734177,0.320237159729,1
1536703597187541920,68.257438946,carbonZ_2018-09-11-17-55-30_2_left_aileron_failure,aileron,-23.9499988556,7.65247344971,0.486294776201,186,-0.345548510551,-0.993890523911,-6.91637229919,14.1082878113,-2.59200692177,0.347756028175,1
1536703597211924875,68.281821901,carbonZ_2018-09-11-17-55-30_2_left_aileron_failure,aileron,-23.9499988556,7.65247344971,0.486294776201,186,-0.345548510551,-0.993890523911,-6.91637229919,14.1127967834,-2.58951425552,0.365301221609,1
1536703597260100655,68.329997681,carbonZ_2018-09-11-17-55-30_2_left_aileron_failure,aileron,-23.9099998474,10.9000205994,0.763567090034,186,4.66799068451,-2.40105438232,-7.48394346237,14.1306428909,-2.56340765953,0.415850460529,1
1536703597310773241,68.380670267,carbonZ_2018-09-11-17-55-30_2_left_aileron_failure,aileron,-23.9099998474,10.9000205994,0.763567090034,186,4.66799068451,-2.40105438232,-7.48394346237,14.1460466385,-2.55143666267,0.446930885315,1
1536703597405666306,68.475563332,carbonZ_2018-09-11-17-55-30_2_left_aileron_failure,aileron,-23.8699989319,10.9000205994,0.783281505108,187,4.66799068451,-2.40105438232,-7.48394346237,14.1800117493,-2.47530078888,0.448462516069,1
1536703597482197172,68.552094198,carbonZ_2018-09-11-17-55-30_2_left_aileron_failure,aileron,-23.8199996948,3.10726165771,1.05714094639,188,4.66799068451,-2.40105438232,-7.48394346237,14.2138442993,-2.40079021454,0.405226111412,1
1536703597504351571,68.574248597,carbonZ_2018-09-11-17-55-30_2_left_aileron_failure,aileron,-23.8199996948,3.10726165771,1.05714094639,188,4.66799068451,-2.40105438232,-7.48394346237,14.2234964371,-2.38508319855,0.400270968676,1
1536703597584475602,68.654372628,carbonZ_2018-09-11-17-55-30_2_left_aileron_failure,aileron,-23.7699985504,3.10726165771,0.889968752861,188,4.66799068451,-2.40105438232,-7.48394346237,14.2528753281,-2.30872154236,0.39915022254,1
1536703597627290578,68.697187604,carbonZ_2018-09-11-17-55-30_2_left_aileron_failure,aileron,-23.7699985504,3.10726165771,0.889968752861,188,9.27296924591,-2.11285471916,-8.37551116943,14.2582235336,-2.29405879974,0.403872966766,1
1536703597642339893,68.712236919,carbonZ_2018-09-11-17-55-30_2_left_aileron_failure,aileron,-23.7399997711,8.90350341797,1.16305804253,189,9.27296924591,-2.11285471916,-8.37551116943,14.2725162506,-2.25073337555,0.405320852995,1
1536703597709089162,68.778986188,carbonZ_2018-09-11-17-55-30_2_left_aileron_failure,aileron,-23.7399997711,8.90350341797,1.16305804253,189,9.27296924591,-2.11285471916,-8.37551116943,14.2968082428,-2.20426058769,0.407370388508,1
1536703597759906609,68.829803635,carbonZ_2018-09-11-17-55-30_2_left_aileron_failure,aileron,-23.6999988556,8.90350341797,1.42840659618,189,9.27296924591,-2.11285471916,-8.37551116943,14.309299469,-2.16362214088,0.39952018857,1
1536703597792353921,68.862250947,carbonZ_2018-09-11-17-55-30_2_left_aileron_failure,aileron,-23.6999988556,8.90350341797,1.42840659618,189,9.27296924591,-2.11285471916,-8.37551116943,14.3310422897,-2.11435270309,0.413689523935,1
1536703597918620819,68.988517845,carbonZ_2018-09-11-17-55-30_2_left_aileron_failure,aileron,-23.6499996185,55.3563117981,0.567250907421,190,9.27296924591,-2.11285471916,-8.37551116943,14.3618679047,-2.03731846809,0.486419945955,1
1536703597958629460,69.028526486,carbonZ_2018-09-11-17-55-30_2_left_aileron_failure,aileron,-23.609998703,55.3563117981,0.878438293934,190,9.27296924591,-2.11285471916,-8.37551116943,14.3849840164,-1.99498188496,0.511490106583,1
1536703597998747026,69.068644052,carbonZ_2018-09-11-17-55-30_2_left_aileron_failure,aileron,-23.609998703,55.3563117981,0.878438293934,190,9.72747612,-3.05355072021,-8.2657699585,14.3975057602,-1.96246361732,0.537743270397,1
1536703598035828950,69.105725976,carbonZ_2018-09-11-17-55-30_2_left_aileron_failure,aileron,-23.5599994659,46.7918395996,1.18204808235,191,9.72747612,-3.05355072021,-8.2657699585,14.4154100418,-1.93320477009,0.576051354408,1
1536703598092341974,69.162239,carbonZ_2018-09-11-17-55-30_2_left_aileron_failure,aileron,-23.5599994659,46.7918395996,1.18204808235,191,9.72747612,-3.05355072021,-8.2657699585,14.4379024506,-1.88601863384,0.659138262272,1
1536703598157581549,69.227478575,carbonZ_2018-09-11-17-55-30_2_left_aileron_failure,aileron,-23.5,46.7918395996,0.422280460596,192,9.72747612,-3.05355072021,-8.2657699585,14.4583234787,-1.85346317291,0.714606463909,1
1536703598192619264,69.26251629,carbonZ_2018-09-11-17-55-30_2_left_aileron_failure,aileron,-23.5,46.7918395996,0.422280460596,192,9.72747612,-3.05355072021,-8.2657699585,14.4875040054,-1.80694878101,0.788888633251,1
1536703598233741958,69.303638984,carbonZ_2018-09-11-17-55-30_2_left_aileron_failure,aileron,-23.4200000763,38.1278991699,0.778663575649,192,9.72747612,-3.05355072021,-8.2657699585,14.5096340179,-1.76515448093,0.836918115616,1
1536703598300834513,69.370731539,carbonZ_2018-09-11-17-55-30_2_left_aileron_failure,aileron,-23.4200000763,38.1278991699,0.778663575649,192,9.72747612,-3.05355072021,-8.2657699585,14.5422544479,-1.71275818348,0.900139808655,1
1536703598350336852,69.420233878,carbonZ_2018-09-11-17-55-30_2_left_aileron_failure,aileron,-23.3299999237,38.1278991699,0.509551048279,193,9.72747612,-3.05355072021,-8.2657699585,14.5645008087,-1.66106569767,0.930303454399,1
1536703598398616116,69.468513142,carbonZ_2018-09-11-17-55-30_2_left_aileron_failure,aileron,-23.3299999237,38.1278991699,0.509551048279,193,9.72747612,-3.05355072021,-8.2657699585,14.60131073,-1.59717595577,0.960538506508,1
1536703598432154986,69.502052012,carbonZ_2018-09-11-17-55-30_2_left_aileron_failure,aileron,-23.2199993134,34.7006797791,0.87845993042,193,9.72747612,-3.05355072021,-8.2657699585,14.624007225,-1.53388571739,0.965804576874,1
1536703598495858884,69.56575591,carbonZ_2018-09-11-17-55-30_2_left_aileron_failure,aileron,-23.2199993134,34.7006797791,0.87845993042,193,11.33659935,-4.17120695114,-4.87070894241,14.6633958817,-1.45888280869,0.952598929405,1
1536703598592408868,69.662305894,carbonZ_2018-09-11-17-55-30_2_left_aileron_failure,aileron,-23.1199989319,34.7006797791,-1.93612265587,194,11.33659935,-4.17120695114,-4.87070894241,14.7125110626,-1.32402038574,0.909023106098,1
1536703598622975327,69.692872353,carbonZ_2018-09-11-17-55-30_2_left_aileron_failure,aileron,-23.0100002289,21.0417747498,-1.41252601147,195,11.33659935,-4.17120695114,-4.87070894241,14.7400684357,-1.25425863266,0.890760660172,1
1536703598634248185,69.704145211,carbonZ_2018-09-11-17-55-30_2_left_aileron_failure,aileron,-23.0100002289,21.0417747498,-1.41252601147,195,11.33659935,-4.17120695114,-4.87070894241,14.7400684357,-1.25425863266,0.890760660172,1
1536703598703603888,69.773500914,carbonZ_2018-09-11-17-55-30_2_left_aileron_failure,aileron,-23.0100002289,21.0417747498,-1.41252601147,195,11.33659935,-4.17120695114,-4.87070894241,14.7868051529,-1.10273778439,0.862801373005,1
1536703598748969075,69.818866101,carbonZ_2018-09-11-17-55-30_2_left_aileron_failure,aileron,-22.9200000763,21.0417747498,-0.913363456726,195,11.33659935,-4.17120695114,-4.87070894241,14.8097581863,-1.02106130123,0.861915588379,1
1536703598782850881,69.852747907,carbonZ_2018-09-11-17-55-30_2_left_aileron_failure,aileron,-22.9200000763,21.0417747498,-0.913363456726,195,11.33659935,-4.17120695114,-4.87070894241,14.8288898468,-0.93214982748,0.856804490089,1
1536703598825785469,69.895682495,carbonZ_2018-09-11-17-55-30_2_left_aileron_failure,aileron,-22.9200000763,21.0417747498,-0.913363456726,195,14.5671386719,-3.48925685883,-2.9354197979,14.8524847031,-0.848225235939,0.837919056416,1
1536703598876634529,69.946531555,carbonZ_2018-09-11-17-55-30_2_left_aileron_failure,aileron,-22.8199996948,10.3553771973,-1.30353569984,196,14.5671386719,-3.48925685883,-2.9354197979,14.8965587616,-0.634693086147,0.756264567375,1
1536703598952142601,70.022039627,carbonZ_2018-09-11-17-55-30_2_left_aileron_failure,aileron,-22.7299995422,9.35525894165,-0.781682252884,196,14.5671386719,-3.48925685883,-2.9354197979,14.9185848236,-0.529966294765,0.70413684845,1
1536703598989868094,70.05976512,carbonZ_2018-09-11-17-55-30_2_left_aileron_failure,aileron,-22.7299995422,9.35525894165,-0.781682252884,196,14.5671386719,-3.48925685883,-2.9354197979,14.9454088211,-0.351748883724,0.628106951714,1
1536703599027597362,70.097494388,carbonZ_2018-09-11-17-55-30_2_left_aileron_failure,aileron,-22.6599998474,-3.85370254517,-2.99740767479,197,14.5671386719,-3.48925685883,-2.9354197979,14.9695558548,-0.177946999669,0.541563391685,1
1536703599097716597,70.167613623,carbonZ_2018-09-11-17-55-30_2_left_aileron_failure,aileron,-22.6599998474,-3.85370254517,-2.99740767479,197,14.5671386719,-3.48925685883,-2.9354197979,14.9817171097,-0.0643656328321,0.493554621935,1
1536703599151570898,70.221467924,carbonZ_2018-09-11-17-55-30_2_left_aileron_failure,aileron,-22.6000003815,-2.85358428955,-2.38437366486,197,14.5671386719,-3.48925685883,-2.9354197979,14.9903001785,0.0631187558174,0.438746541739,1
1536703599186009810,70.255906836,carbonZ_2018-09-11-17-55-30_2_left_aileron_failure,aileron,-22.6000003815,-2.85358428955,-2.38437366486,197,14.5671386719,-3.48925685883,-2.9354197979,14.9935503006,0.187308073044,0.389381617308,1
1536703599231521585,70.301418611,carbonZ_2018-09-11-17-55-30_2_left_aileron_failure,aileron,-22.5699996948,5.76944351196,-1.80232155323,198,19.2478599548,-0.633204221725,-1.11860978603,14.9991340637,0.302037864923,0.340700924397,1
1536703599279001986,70.348899012,carbonZ_2018-09-11-17-55-30_2_left_aileron_failure,aileron,-22.5699996948,5.76944351196,-1.80232155323,198,19.2478599548,-0.633204221725,-1.11860978603,15.0039072037,0.560938715935,0.239876911044,1
1536703599328399622,70.398296648,carbonZ_2018-09-11-17-55-30_2_left_aileron_failure,aileron,-22.5399990082,5.76944351196,-2.10704898834,198,19.2478599548,-0.633204221725,-1.11860978603,15.0046768188,0.626868247986,0.21198785305,1
1536703599381735855,70.451632881,carbonZ_2018-09-11-17-55-30_2_left_aileron_failure,aileron,-22.5399990082,5.76944351196,-2.10704898834,198,19.2478599548,-0.633204221725,-1.11860978603,15.0039329529,0.806465268135,0.131643250585,1
1536703599421708622,70.491605648,carbonZ_2018-09-11-17-55-30_2_left_aileron_failure,aileron,-22.5199985504,-17.6712036133,-1.53009843826,199,19.2478599548,-0.633204221725,-1.11860978603,15.0010986328,0.921214520931,0.105014964938,1
1536703599439567184,70.50946421,carbonZ_2018-09-11-17-55-30_2_left_aileron_failure,aileron,-22.5199985504,-17.6712036133,-1.53009843826,199,19.2478599548,-0.633204221725,-1.11860978603,14.9991960526,0.982864201069,0.0929061472416,1
1536703599528413312,70.598310338,carbonZ_2018-09-11-17-55-30_2_left_aileron_failure,aileron,-22.5199985504,-17.6712036133,-1.53009843826,199,19.2478599548,-0.633204221725,-1.11860978603,14.9919786453,1.22764670849,0.0070955879055,1
1536703599560220285,70.630117311,carbonZ_2018-09-11-17-55-30_2_left_aileron_failure,aileron,-22.5199985504,-17.6712036133,-3.60340857506,199,21.7579936981,-0.443471372128,0.897485554218,14.9874153137,1.29328739643,-0.0115814469755,1
1536703599585039932,70.654936958,carbonZ_2018-09-11-17-55-30_2_left_aileron_failure,aileron,-22.5199985504,-17.6712036133,-3.60340857506,199,21.7579936981,-0.443471372128,0.897485554218,14.9804649353,1.41755461693,-0.0438213795424,1
1536703599628967232,70.698864258,carbonZ_2018-09-11-17-55-30_2_left_aileron_failure,aileron,-22.5199985504,-18.4238433838,-2.93400168419,200,21.7579936981,-0.443471372128,0.897485554218,14.9703350067,1.6099922657,-0.0427678003907,1
1536703599678518529,70.748415555,carbonZ_2018-09-11-17-55-30_2_left_aileron_failure,aileron,-22.5199985504,-18.4238433838,-2.93400168419,200,21.7579936981,-0.443471372128,0.897485554218,14.9621992111,1.73584759235,-0.0458130687475,1
1536703599698279766,70.768176792,carbonZ_2018-09-11-17-55-30_2_left_aileron_failure,aileron,-22.5199985504,-18.4238433838,-2.93400168419,200,21.7579936981,-0.443471372128,0.897485554218,14.9596395493,1.79596018791,-0.0375884212554,1
1536703599734284113,70.804181139,carbonZ_2018-09-11-17-55-30_2_left_aileron_failure,aileron,-22.5299987793,-18.4238433838,-4.10508203506,200,21.7579936981,-0.443471372128,0.897485554218,14.9453001022,1.97058403492,0.00689399149269,1
1536703599797078750,70.866975776,carbonZ_2018-09-11-17-55-30_2_left_aileron_failure,aileron,-22.5299987793,-18.4238433838,-4.10508203506,200,21.7579936981,-0.443471372128,0.897485554218,14.9338817596,2.09954237938,0.0369964800775,1
1536703599832147760,70.902044786,carbonZ_2018-09-11-17-55-30_2_left_aileron_failure,aileron,-22.5299987793,-25.6999969482,-3.41010165215,201,21.7579936981,-0.443471372128,0.897485554218,14.9183197021,2.23487186432,0.054029006511,1
1536703599904113544,70.97401057,carbonZ_2018-09-11-17-55-30_2_left_aileron_failure,aileron,-22.5299987793,-25.6999969482,-3.41010165215,201,21.7579936981,-0.443471372128,0.897485554218,14.8987607956,2.44868922234,0.0284476336092,1
1536703599955838198,71.025735224,carbonZ_2018-09-11-17-55-30_2_left_aileron_failure,aileron,-22.5199985504,-25.6999969482,-3.6185669899,201,23.7110462189,-0.652423977852,6.548807621,14.8718748093,2.68135643005,-0.0126627553254,1
1536703600004029687,71.073926713,carbonZ_2018-09-11-17-55-30_2_left_aileron_failure,aileron,-22.5199985504,-25.6999969482,-3.6185669899,201,23.7110462189,-0.652423977852,6.548807621,14.8489274979,2.85208463669,-0.0457373708487,1
1536703600065850361,71.135747387,carbonZ_2018-09-11-17-55-30_2_left_aileron_failure,aileron,-22.5199985504,-35.2993011475,-2.92473053932,201,23.7110462189,-0.652423977852,6.548807621,14.8165168762,3.11126589775,-0.115819960833,1
1536703600114541645,71.184438671,carbonZ_2018-09-11-17-55-30_2_left_aileron_failure,aileron,-22.5199985504,-35.2993011475,-2.92473053932,201,23.7110462189,-0.652423977852,6.548807621,14.7836828232,3.35570192337,-0.1607876122,1
1536703600156043719,71.225940745,carbonZ_2018-09-11-17-55-30_2_left_aileron_failure,aileron,-22.5299987793,-35.2993011475,-2.27096295357,202,23.7110462189,-0.652423977852,6.548807621,14.7576980591,3.51311683655,-0.162786841393,1
1536703600202609548,71.272506574,carbonZ_2018-09-11-17-55-30_2_left_aileron_failure,aileron,-22.5299987793,-35.2993011475,-2.27096295357,202,23.7110462189,-0.652423977852,6.548807621,14.7311315536,3.65299248695,-0.137808322906,1
1536703600230411398,71.300308424,carbonZ_2018-09-11-17-55-30_2_left_aileron_failure,aileron,-22.5499992371,-44.8581695557,-4.22474575043,202,25.2936573029,-0.578128635883,9.27004337311,14.7076921463,3.77888870239,-0.100143909454,1
1536703600322898558,71.392795584,carbonZ_2018-09-11-17-55-30_2_left_aileron_failure,aileron,-22.5499992371,-44.8581695557,-4.22474575043,202,25.2936573029,-0.578128635883,9.27004337311,14.6560306549,4.02380657196,0.0128782652318,1
1536703600351500645,71.421397671,carbonZ_2018-09-11-17-55-30_2_left_aileron_failure,aileron,-22.5499992371,-44.8581695557,-3.48774433136,202,25.2936573029,-0.578128635883,9.27004337311,14.6359853745,4.09287643433,0.0366231910884,1
1536703600375604789,71.445501815,carbonZ_2018-09-11-17-55-30_2_left_aileron_failure,aileron,-22.5499992371,-44.8581695557,-3.48774433136,202,25.2936573029,-0.578128635883,9.27004337311,14.5787534714,4.30319070816,0.0784728080034,1
1536703600416326913,71.486223939,carbonZ_2018-09-11-17-55-30_2_left_aileron_failure,aileron,-22.5499992371,-44.8581695557,-3.48774433136,202,25.2936573029,-0.578128635883,9.27004337311,14.5575208664,4.38021230698,0.0895148143172,1
1536703600504229317,71.574126343,carbonZ_2018-09-11-17-55-30_2_left_aileron_failure,aileron,-22.5399990082,-73.7613677979,-2.77510762215,203,25.2936573029,-0.578128635883,9.27004337311,14.4723072052,4.68287372589,0.075402572751,1
1536703600521112092,71.591009118,carbonZ_2018-09-11-17-55-30_2_left_aileron_failure,aileron,-22.5399990082,-73.7613677979,-2.77510762215,203,25.2936573029,-0.578128635883,9.27004337311,14.4465446472,4.76822137833,0.0602217279375,1
1536703600580610996,71.650508022,carbonZ_2018-09-11-17-55-30_2_left_aileron_failure,aileron,-22.5299987793,-73.7613677979,-3.80621480942,203,25.2936573029,-0.578128635883,9.27004337311,14.3669042587,5.01011657715,0.0155987134203,1
1536703600638953703,71.708850729,carbonZ_2018-09-11-17-55-30_2_left_aileron_failure,aileron,-22.5199985504,-74.4976043701,-3.07908821106,203,25.2936573029,-0.578128635883,9.27004337311,14.318154335,5.15920877457,0.00817472767085,1
1536703600674980737,71.744877763,carbonZ_2018-09-11-17-55-30_2_left_aileron_failure,aileron,-22.5199985504,-74.4976043701,-3.07908821106,203,25.2936573029,-0.578128635883,9.27004337311,14.2475395203,5.37390184402,0.0260680895299,1
1536703600720124391,71.790021417,carbonZ_2018-09-11-17-55-30_2_left_aileron_failure,aileron,-22.5199985504,-74.4976043701,-3.07908821106,203,27.4497699738,0.709583997726,15.0035095215,14.1997795105,5.52226924896,0.0475197061896,1
1536703600759068702,71.828965728,carbonZ_2018-09-11-17-55-30_2_left_aileron_failure,aileron,-22.5199985504,-74.4976043701,-5.04640197754,203,27.4497699738,0.709583997726,15.0035095215,14.1476573944,5.67058801651,0.0589312165976,1
1536703600795771752,71.865668778,carbonZ_2018-09-11-17-55-30_2_left_aileron_failure,aileron,-22.5199985504,-74.4976043701,-5.04640197754,203,27.4497699738,0.709583997726,15.0035095215,14.0967330933,5.82739782333,0.0356838740408,1
1536703600868375791,71.938272817,carbonZ_2018-09-11-17-55-30_2_left_aileron_failure,aileron,-22.5199985504,-77.2266387939,-4.24775791168,203,27.4497699738,0.709583997726,15.0035095215,13.9769105911,6.18935585022,-0.0986457243562,1
1536703600938764074,72.0086611,carbonZ_2018-09-11-17-55-30_2_left_aileron_failure,aileron,-22.5199985504,-77.2266387939,-4.37941646576,203,27.4497699738,0.709583997726,15.0035095215,13.9070959091,6.38288879395,-0.163103669882,1
1536703601028505890,72.098402916,carbonZ_2018-09-11-17-55-30_2_left_aileron_failure,aileron,-22.5199985504,-77.2266387939,-4.37941646576,203,27.4497699738,0.709583997726,15.0035095215,13.7129774094,6.85059642792,-0.328211426735,1
1536703601047291405,72.117188431,carbonZ_2018-09-11-17-55-30_2_left_aileron_failure,aileron,-22.5499992371,-78.0982971191,-3.61126279831,203,27.4497699738,0.709583997726,15.0035095215,13.6719303131,6.95082139969,-0.379781752825,1
1536703601110162965,72.180059991,carbonZ_2018-09-11-17-55-30_2_left_aileron_failure,aileron,-22.5499992371,-78.0982971191,-3.61126279831,203,27.4497699738,0.709583997726,15.0035095215,13.5449514389,7.24647426605,-0.518106341362,1
1536703601143668649,72.213565675,carbonZ_2018-09-11-17-55-30_2_left_aileron_failure,aileron,-22.5900001526,-78.0982971191,-2.88065743446,203,26.9867134094,1.44723367691,21.7331504822,13.4571657181,7.43717288971,-0.587283432484,1
1536703601206613007,72.276510033,carbonZ_2018-09-11-17-55-30_2_left_aileron_failure,aileron,-22.5900001526,-78.0982971191,-2.88065743446,203,26.9867134094,1.44723367691,21.7331504822,13.32695961,7.70250225067,-0.658006191254,1
1536703601259897174,72.3297942,carbonZ_2018-09-11-17-55-30_2_left_aileron_failure,aileron,-22.6700000763,-81.4599990845,-4.79918622971,203,26.9867134094,1.44723367691,21.7331504822,13.2105321884,7.93319606781,-0.674476981163,1
1536703601295988942,72.365885968,carbonZ_2018-09-11-17-55-30_2_left_aileron_failure,aileron,-22.6700000763,-81.4599990845,-4.79918622971,203,26.9867134094,1.44723367691,21.7331504822,13.0962152481,8.15043544769,-0.664744079113,1
1536703601338032859,72.407929885,carbonZ_2018-09-11-17-55-30_2_left_aileron_failure,aileron,-22.7399997711,-81.4599990845,-4.01089191437,203,26.9867134094,1.44723367691,21.7331504822,13.0543842316,8.22675418854,-0.667151212692,1
1536703601406612542,72.476509568,carbonZ_2018-09-11-17-55-30_2_left_aileron_failure,aileron,-22.7399997711,-81.4599990845,-4.01089191437,203,26.9867134094,1.44723367691,21.7331504822,12.9211750031,8.4414100647,-0.67371827364,1
1536703601451033651,72.520930677,carbonZ_2018-09-11-17-55-30_2_left_aileron_failure,aileron,-22.8299999237,-91.4337158203,-5.07700681686,203,28.2190914154,1.50685167313,24.7746887207,12.794216156,8.63710403442,-0.660547494888,1
1536703601514077943,72.583974969,carbonZ_2018-09-11-17-55-30_2_left_aileron_failure,aileron,-22.8299999237,-91.4337158203,-5.07700681686,203,28.2190914154,1.50685167313,24.7746887207,12.6600160599,8.85353469849,-0.644591450691,1
1536703601563156736,72.633053762,carbonZ_2018-09-11-17-55-30_2_left_aileron_failure,aileron,-22.8999996185,-92.4338378906,-4.27720737457,203,28.2190914154,1.50685167313,24.7746887207,12.5584154129,9.00144100189,-0.642477154732,1
1536703601599776651,72.669673677,carbonZ_2018-09-11-17-55-30_2_left_aileron_failure,aileron,-22.8999996185,-92.4338378906,-4.27720737457,203,28.2190914154,1.50685167313,24.7746887207,12.4622802734,9.15061950684,-0.644967257977,1
1536703601633977231,72.703874257,carbonZ_2018-09-11-17-55-30_2_left_aileron_failure,aileron,-22.9899997711,-108.071990967,-4.39660358429,203,28.2190914154,1.50685167313,24.7746887207,12.3223028183,9.36689567566,-0.647694766521,1
1536703601703886227,72.773783253,carbonZ_2018-09-11-17-55-30_2_left_aileron_failure,aileron,-22.9899997711,-108.071990967,-4.39660358429,203,28.2190914154,1.50685167313,24.7746887207,12.2236413956,9.51734447479,-0.636756002903,1
1536703601754389467,72.824286493,carbonZ_2018-09-11-17-55-30_2_left_aileron_failure,aileron,-23.0599994659,-107.071876526,-3.62172460556,203,28.7679538727,1.31807971001,29.1209068298,12.0789709091,9.72228050232,-0.615561008453,1
1536703601790386741,72.860283767,carbonZ_2018-09-11-17-55-30_2_left_aileron_failure,aileron,-23.0599994659,-107.071876526,-3.62172460556,203,28.7679538727,1.31807971001,29.1209068298,11.9894418716,9.84782505035,-0.589687407017,1
1536703601827619890,72.897516916,carbonZ_2018-09-11-17-55-30_2_left_aileron_failure,aileron,-23.1399993896,-108.271980286,-2.88413119316,203,28.7679538727,1.31807971001,29.1209068298,11.9894418716,9.84782505035,-0.589687407017,1
1536703601923290046,72.993187072,carbonZ_2018-09-11-17-55-30_2_left_aileron_failure,aileron,-23.1399993896,-108.271980286,-2.88413119316,203,28.7679538727,1.31807971001,29.1209068298,11.7018547058,10.2550086975,-0.548630774021,1
1536703601945398619,73.015295645,carbonZ_2018-09-11-17-55-30_2_left_aileron_failure,aileron,-23.1999988556,-108.271980286,-4.72843456268,203,28.7679538727,1.31807971001,29.1209068298,11.6502809525,10.3223342896,-0.548101425171,1
1536703601997519421,73.067416447,carbonZ_2018-09-11-17-55-30_2_left_aileron_failure,aileron,-23.1999988556,-108.271980286,-4.72843456268,203,28.7679538727,1.31807971001,29.1209068298,11.4941196442,10.5170383453,-0.522683858871,1
1536703602101917116,73.171814142,carbonZ_2018-09-11-17-55-30_2_left_aileron_failure,aileron,-23.2699985504,-108.695411682,-3.91782712936,202,28.5363731384,0.728707671165,33.343952179,11.2266693115,10.8516387939,-0.459102481604,1
1536703602158113117,73.228010143,carbonZ_2018-09-11-17-55-30_2_left_aileron_failure,aileron,-23.3299999237,-108.695411682,-4.00102758408,202,28.5363731384,0.728707671165,33.343952179,11.0778264999,11.0329685211,-0.371000349522,1
1536703602190488907,73.260385933,carbonZ_2018-09-11-17-55-30_2_left_aileron_failure,aileron,-23.3299999237,-108.695411682,-4.00102758408,202,28.5363731384,0.728707671165,33.343952179,10.9757184982,11.1458721161,-0.305785149336,1
1536703602231971460,73.301868486,carbonZ_2018-09-11-17-55-30_2_left_aileron_failure,aileron,-23.3799991608,-114.737892151,-3.2139582634,202,28.5363731384,0.728707671165,33.343952179,10.8829650879,11.252907753,-0.247192919254,1
1536703602299320481,73.369217507,carbonZ_2018-09-11-17-55-30_2_left_aileron_failure,aileron,-23.3799991608,-114.737892151,-3.2139582634,202,28.5363731384,0.728707671165,33.343952179,10.7277956009,11.4362220764,-0.189974144101,1
1536703602342151515,73.412048541,carbonZ_2018-09-11-17-55-30_2_left_aileron_failure,aileron,-23.4099998474,-114.737892151,-2.44369339943,201,28.5363731384,0.728707671165,33.343952179,10.617395401,11.5599861145,-0.16147620976,1
1536703602401210746,73.471107772,carbonZ_2018-09-11-17-55-30_2_left_aileron_failure,aileron,-23.4099998474,-114.737892151,-2.44369339943,201,28.5363731384,0.728707671165,33.343952179,10.4530763626,11.7411699295,-0.12944239378,1
1536703602460775885,73.530672911,carbonZ_2018-09-11-17-55-30_2_left_aileron_failure,aileron,-23.4300003052,-123.525810242,-5.14932441711,201,28.5363731384,0.728707671165,33.343952179,10.2758617401,11.93105793,-0.089811578393,1
1536703602507944673,73.577841699,carbonZ_2018-09-11-17-55-30_2_left_aileron_failure,aileron,-23.4300003052,-123.525810242,-5.14932441711,201,30.6945419312,-0.13070346415,39.3456726074,10.1631565094,12.0550260544,-0.0744575113058,1
1536703602554034159,73.623931185,carbonZ_2018-09-11-17-55-30_2_left_aileron_failure,aileron,-23.4499988556,-123.525810242,-4.25366401672,201,30.6945419312,-0.13070346415,39.3456726074,9.90949440002,12.3193025589,-0.0557583235204,1
1536703602589479733,73.659376759,carbonZ_2018-09-11-17-55-30_2_left_aileron_failure,aileron,-23.4499988556,-123.525810242,-4.25366401672,201,30.6945419312,-0.13070346415,39.3456726074,9.84513282776,12.3840799332,-0.048077788204,1
1536703602637544692,73.707441718,carbonZ_2018-09-11-17-55-30_2_left_aileron_failure,aileron,-23.4599990845,-130.315582275,-4.29921293259,200,30.6945419312,-0.13070346415,39.3456726074,9.66980743408,12.5624675751,-0.000616751494817,1
1536703602715087812,73.784984838,carbonZ_2018-09-11-17-55-30_2_left_aileron_failure,aileron,-23.4599990845,-130.315582275,-4.29921293259,200,30.6945419312,-0.13070346415,39.3456726074,9.48889350891,12.7416973114,0.0843356177211,1
1536703602750742917,73.820639943,carbonZ_2018-09-11-17-55-30_2_left_aileron_failure,aileron,-23.4599990845,-130.315582275,-3.43033957481,200,30.6945419312,-0.13070346415,39.3456726074,9.42709541321,12.7986707687,0.108116224408,1
1536703602791473775,73.861370801,carbonZ_2018-09-11-17-55-30_2_left_aileron_failure,aileron,-23.4599990845,-130.315582275,-3.43033957481,200,30.6945419312,-0.13070346415,39.3456726074,9.25358581543,12.965549469,0.192750826478,1
1536703602832061053,73.901958079,carbonZ_2018-09-11-17-55-30_2_left_aileron_failure,aileron,-23.4499988556,-137.782669067,-2.5963511467,199,32.2865867615,-1.58004558086,45.0902671814,9.12689876556,13.0861625671,0.259582996368,1
1536703602909735658,73.979632684,carbonZ_2018-09-11-17-55-30_2_left_aileron_failure,aileron,-23.4499988556,-137.782669067,-2.5963511467,199,32.2865867615,-1.58004558086,45.0902671814,8.83726596832,13.3625431061,0.451354324818,1
1536703602957096858,74.026993884,carbonZ_2018-09-11-17-55-30_2_left_aileron_failure,aileron,-23.4200000763,-137.782669067,-4.3715171814,199,32.2865867615,-1.58004558086,45.0902671814,8.83726596832,13.3625431061,0.451354324818,1
1536703602990217078,74.060114104,carbonZ_2018-09-11-17-55-30_2_left_aileron_failure,aileron,-23.4200000763,-137.782669067,-4.3715171814,199,32.2865867615,-1.58004558086,45.0902671814,8.64463615417,13.5355911255,0.564967632294,1
1536703603060379792,74.130276818,carbonZ_2018-09-11-17-55-30_2_left_aileron_failure,aileron,-23.3699989319,-141.6769104,-3.45642805099,198,32.2865867615,-1.58004558086,45.0902671814,8.45363044739,13.7132740021,0.659538149834,1
1536703603100808001,74.170705027,carbonZ_2018-09-11-17-55-30_2_left_aileron_failure,aileron,-23.3699989319,-141.6769104,-3.45642805099,198,32.2865867615,-1.58004558086,45.0902671814,8.30537414551,13.8489847183,0.706550478935,1
1536703603150364444,74.22026147,carbonZ_2018-09-11-17-55-30_2_left_aileron_failure,aileron,-23.2999992371,-141.6769104,-4.3811507225,198,32.2865867615,-1.58004558086,45.0902671814,8.14952659607,13.9846534729,0.734651565552,1
1536703603195090600,74.264987626,carbonZ_2018-09-11-17-55-30_2_left_aileron_failure,aileron,-23.2999992371,-141.6769104,-4.3811507225,198,32.2865867615,-1.58004558086,45.0902671814,7.83448219299,14.2522153854,0.781119525433,1
1536703603305030818,74.374927844,carbonZ_2018-09-11-17-55-30_2_left_aileron_failure,aileron,-23.2299995422,-148.962402344,-3.43701553345,197,34.2375717163,-2.94892382622,52.5477600098,7.49003458023,14.5349035263,0.815837860107,1
1536703603350645017,74.420542043,carbonZ_2018-09-11-17-55-30_2_left_aileron_failure,aileron,-23.1399993896,-148.962402344,-2.53223204613,196,34.2375717163,-2.94892382622,52.5477600098,7.32627773285,14.6654500961,0.830994486809,1
1536703603382498002,74.452395028,carbonZ_2018-09-11-17-55-30_2_left_aileron_failure,aileron,-23.1399993896,-148.962402344,-2.53223204613,196,34.2375717163,-2.94892382622,52.5477600098,7.15164613724,14.7999382019,0.857851088047,1
1536703603413206949,74.483103975,carbonZ_2018-09-11-17-55-30_2_left_aileron_failure,aileron,-23.1399993896,-148.962402344,-2.53223204613,196,34.2375717163,-2.94892382622,52.5477600098,6.97513341904,14.9322853088,0.895207643509,1
1536703603485837381,74.555734407,carbonZ_2018-09-11-17-55-30_2_left_aileron_failure,aileron,-23.0499992371,-143.642608643,-4.36848449707,196,34.2375717163,-2.94892382622,52.5477600098,6.72733545303,15.1228227615,0.953261315823,1
1536703603508649521,74.578546547,carbonZ_2018-09-11-17-55-30_2_left_aileron_failure,aileron,-23.0499992371,-143.642608643,-4.36848449707,196,34.2375717163,-2.94892382622,52.5477600098,6.72733545303,15.1228227615,0.953261315823,1
1536703603602286375,74.672183401,carbonZ_2018-09-11-17-55-30_2_left_aileron_failure,aileron,-22.9599990845,-143.642608643,-3.3878455162,195,34.2375717163,-2.94892382622,52.5477600098,6.23922586441,15.4797010422,1.09792268276,1
1536703603626623535,74.696520561,carbonZ_2018-09-11-17-55-30_2_left_aileron_failure,aileron,-22.9599990845,-143.642608643,-3.3878455162,195,34.2375717163,-2.94892382622,52.5477600098,6.1544251442,15.538438797,1.12050139904,1
1536703603670420881,74.740317907,carbonZ_2018-09-11-17-55-30_2_left_aileron_failure,aileron,-22.8500003815,-158.80871582,-4.27420473099,194,35.0475349426,-4.11807966232,58.8525009155,5.90481758118,15.7186422348,1.1704095602,1
1536703603717998042,74.787895068,carbonZ_2018-09-11-17-55-30_2_left_aileron_failure,aileron,-22.8500003815,-158.80871582,-4.27420473099,194,35.0475349426,-4.11807966232,58.8525009155,5.73446989059,15.839723587,1.19889461994,1
1536703603778144927,74.848041953,carbonZ_2018-09-11-17-55-30_2_left_aileron_failure,aileron,-22.7399997711,-158.80871582,-3.27379012108,193,35.0475349426,-4.11807966232,58.8525009155,5.37185239792,16.0732765198,1.23819327354,1
1536703603827048681,74.896945707,carbonZ_2018-09-11-17-55-30_2_left_aileron_failure,aileron,-22.6199989319,-174.113845825,-3.18245744705,192,35.0475349426,-4.11807966232,58.8525009155,5.37185239792,16.0732765198,1.23819327354,1
1536703603875281539,74.945178565,carbonZ_2018-09-11-17-55-30_2_left_aileron_failure,aileron,-22.6199989319,-174.113845825,-3.18245744705,192,35.0475349426,-4.11807966232,58.8525009155,4.96557712555,16.3193855286,1.25930142403,1
1536703603923073352,74.992970378,carbonZ_2018-09-11-17-55-30_2_left_aileron_failure,aileron,-22.4899997711,-174.113845825,-2.20711159706,192,35.0475349426,-4.11807966232,58.8525009155,4.75804615021,16.4400482178,1.26514339447,1
1536703603984123863,75.054020889,carbonZ_2018-09-11-17-55-30_2_left_aileron_failure,aileron,-22.4899997711,-174.113845825,-2.20711159706,192,35.0475349426,-4.11807966232,58.8525009155,4.30743598938,16.6780185699,1.23700451851,1
1536703604045144741,75.115041767,carbonZ_2018-09-11-17-55-30_2_left_aileron_failure,aileron,-22.3699989319,-192.316818237,-1.28432786465,191,35.0475349426,-4.11807966232,58.8525009155,4.06560468674,16.7998809814,1.19105160236,1
1536703604057920731,75.127817757,carbonZ_2018-09-11-17-55-30_2_left_aileron_failure,aileron,-22.3699989319,-192.316818237,-1.28432786465,191,35.0475349426,-4.11807966232,58.8525009155,3.94564580917,16.8602180481,1.16834282875,1
1536703604120057391,75.189954417,carbonZ_2018-09-11-17-55-30_2_left_aileron_failure,aileron,-22.3699989319,-192.316818237,-1.28432786465,191,36.2293434143,-3.37398576736,69.4173431396,3.59783649445,17.0299396515,1.12065446377,1
1536703604152780370,75.222677396,carbonZ_2018-09-11-17-55-30_2_left_aileron_failure,aileron,-22.2600002289,-192.316818237,-3.32352995872,190,36.2293434143,-3.37398576736,69.4173431396,3.36301922798,17.1321105957,1.1000071764,1
1536703604199453167,75.269350193,carbonZ_2018-09-11-17-55-30_2_left_aileron_failure,aileron,-22.2600002289,-192.316818237,-3.32352995872,190,36.2293434143,-3.37398576736,69.4173431396,3.13484120369,17.2309036255,1.09338986874,1
1536703604233301400,75.303198426,carbonZ_2018-09-11-17-55-30_2_left_aileron_failure,aileron,-22.1499996185,-188.018417358,-2.33575892448,189,36.2293434143,-3.37398576736,69.4173431396,2.90466475487,17.3291454315,1.08939909935,1
1536703604307685998,75.377583024,carbonZ_2018-09-11-17-55-30_2_left_aileron_failure,aileron,-22.0499992371,-188.018417358,-2.00987172127,187,36.2293434143,-3.37398576736,69.4173431396,2.32090330124,17.5584220886,1.085978508,1
1536703604354112273,75.424009299,carbonZ_2018-09-11-17-55-30_2_left_aileron_failure,aileron,-22.0499992371,-188.018417358,-2.00987172127,187,36.2293434143,-3.37398576736,69.4173431396,2.32090330124,17.5584220886,1.085978508,1
1536703604375329857,75.445226883,carbonZ_2018-09-11-17-55-30_2_left_aileron_failure,aileron,-22.0499992371,-188.018417358,-2.00987172127,187,36.2293434143,-3.37398576736,69.4173431396,1.95396375656,17.685459137,1.07034468651,1
1536703604452347385,75.522244411,carbonZ_2018-09-11-17-55-30_2_left_aileron_failure,aileron,-21.9399986267,-209.973144531,-1.07648444176,186,36.2293434143,-3.37398576736,69.4173431396,1.58375871181,17.8038959503,1.05361711979,1
1536703604503219157,75.573116183,carbonZ_2018-09-11-17-55-30_2_left_aileron_failure,aileron,-21.9399986267,-209.973144531,-1.07648444176,186,36.2293434143,-3.37398576736,69.4173431396,1.20601546764,17.9209823608,1.01654970646,1
1536703604548064221,75.617961247,carbonZ_2018-09-11-17-55-30_2_left_aileron_failure,aileron,-21.8400001526,-209.973144531,-0.177792131901,185,37.0041275024,-3.05999135971,78.4431762695,0.94451713562,17.9910545349,0.982085347176,1
1536703604614425230,75.684322256,carbonZ_2018-09-11-17-55-30_2_left_aileron_failure,aileron,-21.8400001526,-209.973144531,-0.177792131901,185,37.0041275024,-3.05999135971,78.4431762695,0.428717285395,18.1266613007,0.939570188522,1
1536703604725609736,75.795506762,carbonZ_2018-09-11-17-55-30_2_left_aileron_failure,aileron,-21.75,-222.592544556,-1.06872963905,184,37.0041275024,-3.05999135971,78.4431762695,-0.0796256959438,18.2546424866,0.927627325058,1
1536703604755135414,75.82503244,carbonZ_2018-09-11-17-55-30_2_left_aileron_failure,aileron,-21.6700000763,-222.592544556,-0.171572372317,182,37.0041275024,-3.05999135971,78.4431762695,-0.335897088051,18.3062038422,0.938781917095,1
1536703604794133062,75.864030088,carbonZ_2018-09-11-17-55-30_2_left_aileron_failure,aileron,-21.6700000763,-222.592544556,-0.171572372317,182,37.0041275024,-3.05999135971,78.4431762695,-0.586745619774,18.3554573059,0.965206742287,1
1536703604827342974,75.89724,carbonZ_2018-09-11-17-55-30_2_left_aileron_failure,aileron,-21.5799999237,-233.205230713,0.41254645586,181,37.0041275024,-3.05999135971,78.4431762695,-0.969089746475,18.4291744232,1.00188183784,1
1536703604905277921,75.975174947,carbonZ_2018-09-11-17-55-30_2_left_aileron_failure,aileron,-21.5799999237,-233.205230713,0.41254645586,181,37.0041275024,-3.05999135971,78.4431762695,-1.24149143696,18.4769992828,1.00959670544,1
1536703604949953453,76.019850479,carbonZ_2018-09-11-17-55-30_2_left_aileron_failure,aileron,-21.4899997711,-233.205230713,1.24285066128,180,38.7317276001,-4.56928634644,87.3133010864,-1.53310644627,18.5217132568,1.0070964098,1
1536703604980340551,76.050237577,carbonZ_2018-09-11-17-55-30_2_left_aileron_failure,aileron,-21.4899997711,-233.205230713,1.24285066128,180,38.7317276001,-4.56928634644,87.3133010864,-1.99517810345,18.5842990875,0.985241532326,1
1536703605008694544,76.07859157,carbonZ_2018-09-11-17-55-30_2_left_aileron_failure,aileron,-21.4899997711,-233.205230713,1.24285066128,180,38.7317276001,-4.56928634644,87.3133010864,-2.31695342064,18.6184997559,0.95843654871,1
1536703605078479759,76.148376785,carbonZ_2018-09-11-17-55-30_2_left_aileron_failure,aileron,-21.3799991608,-254.533569336,1.98725104332,178,38.7317276001,-4.56928634644,87.3133010864,-2.63205003738,18.6465911865,0.931809425354,1
1536703605157042913,76.226939939,carbonZ_2018-09-11-17-55-30_2_left_aileron_failure,aileron,-21.2799987793,-254.533569336,2.30346012115,177,38.7317276001,-4.56928634644,87.3133010864,-3.44941544533,18.6884098053,0.855612158775,1
1536703605241114258,76.311011284,carbonZ_2018-09-11-17-55-30_2_left_aileron_failure,aileron,-21.1899986267,-271.845428467,2.9464828968,175,38.7317276001,-4.56928634644,87.3133010864,-3.89980435371,18.6987285614,0.85353821516,1
1536703605282120915,76.352017941,carbonZ_2018-09-11-17-55-30_2_left_aileron_failure,aileron,-21.1899986267,-271.845428467,2.9464828968,175,38.7317276001,-4.56928634644,87.3133010864,-4.16659641266,18.699640274,0.869431614876,1
1536703605315500230,76.385397256,carbonZ_2018-09-11-17-55-30_2_left_aileron_failure,aileron,-21.1899986267,-271.845428467,2.9464828968,175,39.8908538818,-2.84878444672,94.8240814209,-4.43733406067,18.7068328857,0.892824292183,1
1536703605368140983,76.438038009,carbonZ_2018-09-11-17-55-30_2_left_aileron_failure,aileron,-21.0900001526,-271.845428467,3.54172348976,174,39.8908538818,-2.84878444672,94.8240814209,-4.84561347961,18.6918621063,0.902226984501,1
1536703605400825050,76.470722076,carbonZ_2018-09-11-17-55-30_2_left_aileron_failure,aileron,-21.0900001526,-271.845428467,3.54172348976,174,39.8908538818,-2.84878444672,94.8240814209,-4.9889831543,18.683599472,0.887292563915,1
1536703605427833666,76.497730692,carbonZ_2018-09-11-17-55-30_2_left_aileron_failure,aileron,-20.9899997711,-281.559387207,4.012819767,172,39.8908538818,-2.84878444672,94.8240814209,-5.44009590149,18.664522171,0.828528225422,1
1536703605522196930,76.592093956,carbonZ_2018-09-11-17-55-30_2_left_aileron_failure,aileron,-20.9899997711,-281.559387207,4.012819767,172,39.8908538818,-2.84878444672,94.8240814209,-5.86791658401,18.6282653809,0.753118216991,1
1536703605548032742,76.617929768,carbonZ_2018-09-11-17-55-30_2_left_aileron_failure,aileron,-20.8899993896,-282.55947876,4.50003433228,170,39.8908538818,-2.84878444672,94.8240814209,-6.01833486557,18.6121120453,0.729277312756,1
1536703605614983367,76.684880393,carbonZ_2018-09-11-17-55-30_2_left_aileron_failure,aileron,-20.8899993896,-282.55947876,4.50003433228,170,38.116733551,-1.34797370434,100.372169495,-6.56603860855,18.5350170135,0.655209302902,1
1536703605633823055,76.703720081,carbonZ_2018-09-11-17-55-30_2_left_aileron_failure,aileron,-20.8099994659,-294.888580322,4.90181064606,169,38.116733551,-1.34797370434,100.372169495,-6.56603860855,18.5350170135,0.655209302902,1
1536703605701919733,76.771816759,carbonZ_2018-09-11-17-55-30_2_left_aileron_failure,aileron,-20.8099994659,-294.888580322,4.90181064606,169,38.116733551,-1.34797370434,100.372169495,-7.1367893219,18.4475231171,0.549100875854,1
1536703605778894349,76.848791375,carbonZ_2018-09-11-17-55-30_2_left_aileron_failure,aileron,-20.7399997711,-294.888580322,5.25638532639,167,38.116733551,-1.34797370434,100.372169495,-7.66973876953,18.3358097076,0.470884770155,1
1536703605817888508,76.887785534,carbonZ_2018-09-11-17-55-30_2_left_aileron_failure,aileron,-20.7399997711,-294.888580322,5.25638532639,167,38.116733551,-1.34797370434,100.372169495,-7.90827894211,18.282245636,0.474814742804,1
1536703605840421709,76.910318735,carbonZ_2018-09-11-17-55-30_2_left_aileron_failure,aileron,-20.6800003052,-316.475952148,5.53269290924,165,38.116733551,-1.34797370434,100.372169495,-8.02381420135,18.253490448,0.467222690582,1
1536703605897396152,76.967293178,carbonZ_2018-09-11-17-55-30_2_left_aileron_failure,aileron,-20.6800003052,-316.475952148,5.53269290924,165,38.116733551,-1.34797370434,100.372169495,-8.38610553741,18.1709518433,0.472265958786,1
1536703605949507221,77.019404247,carbonZ_2018-09-11-17-55-30_2_left_aileron_failure,aileron,-20.6199989319,-316.475952148,5.76999044418,163,38.116733551,-1.34797370434,100.372169495,-8.61001682281,18.1098384857,0.483635246754,1
1536703605989714600,77.059611626,carbonZ_2018-09-11-17-55-30_2_left_aileron_failure,aileron,-20.6199989319,-316.475952148,5.76999044418,163,38.116733551,-1.34797370434,100.372169495,-8.61001682281,18.1098384857,0.483635246754,1
1536703606046278588,77.116175614,carbonZ_2018-09-11-17-55-30_2_left_aileron_failure,aileron,-20.5699996948,-334.995544434,5.93074846268,161,35.2128181458,-2.07858586311,110.164527893,-9.23406982422,17.930847168,0.416699528694,1
1536703606102445592,77.172342618,carbonZ_2018-09-11-17-55-30_2_left_aileron_failure,aileron,-20.5699996948,-334.995544434,5.93074846268,161,35.2128181458,-2.07858586311,110.164527893,-9.64856719971,17.802772522,0.277686983347,1
1536703606160422730,77.230319756,carbonZ_2018-09-11-17-55-30_2_left_aileron_failure,aileron,-20.5299987793,-334.995544434,6.04628562927,159,35.2128181458,-2.07858586311,110.164527893,-10.0566425323,17.6593971252,0.14594475925,1
1536703606212223181,77.282120207,carbonZ_2018-09-11-17-55-30_2_left_aileron_failure,aileron,-20.5299987793,-334.995544434,6.04628562927,159,35.2128181458,-2.07858586311,110.164527893,-10.4624643326,17.4938697815,0.0180590376258,1
1536703606235213554,77.30511058,carbonZ_2018-09-11-17-55-30_2_left_aileron_failure,aileron,-20.5100002289,-341.468719482,6.08278512955,158,35.2128181458,-2.07858586311,110.164527893,-10.7179679871,17.3825378418,-0.0380697771907,1
1536703606307654674,77.3775517,carbonZ_2018-09-11-17-55-30_2_left_aileron_failure,aileron,-20.5100002289,-341.468719482,6.08278512955,158,35.2128181458,-2.07858586311,110.164527893,-10.9556846619,17.2696323395,-0.095044106245,1
1536703606354110130,77.424007156,carbonZ_2018-09-11-17-55-30_2_left_aileron_failure,aileron,-20.5,-341.468719482,6.06051921844,156,35.2128181458,-2.07858586311,110.164527893,-11.3131494522,17.1029090881,-0.152480050921,1
1536703606431439646,77.501336672,carbonZ_2018-09-11-17-55-30_2_left_aileron_failure,aileron,-20.5100002289,-354.568756104,5.95685768127,154,33.4089584351,-0.224014624953,118.278823853,-11.6196861267,16.9330425262,-0.204771965742,1
1536703606465439426,77.535336452,carbonZ_2018-09-11-17-55-30_2_left_aileron_failure,aileron,-20.5100002289,-354.568756104,5.95685768127,154,33.4089584351,-0.224014624953,118.278823853,-11.8319120407,16.8246212006,-0.247651800513,1
1536703606502628859,77.572525885,carbonZ_2018-09-11-17-55-30_2_left_aileron_failure,aileron,-20.5100002289,-354.568756104,5.95685768127,154,33.4089584351,-0.224014624953,118.278823853,-12.0274744034,16.7079563141,-0.305116206408,1
1536703606546038114,77.61593514,carbonZ_2018-09-11-17-55-30_2_left_aileron_failure,aileron,-20.5299987793,-354.568756104,5.81268787384,152,33.4089584351,-0.224014624953,118.278823853,-12.3393087387,16.5177497864,-0.43375274539,1
1536703606597829861,77.667726887,carbonZ_2018-09-11-17-55-30_2_left_aileron_failure,aileron,-20.5299987793,-354.568756104,5.81268787384,152,33.4089584351,-0.224014624953,118.278823853,-12.5202732086,16.3966197968,-0.488980293274,1
1536703606629750425,77.699647451,carbonZ_2018-09-11-17-55-30_2_left_aileron_failure,aileron,-20.5699996948,-352.967346191,5.60214757919,150,33.4089584351,-0.224014624953,118.278823853,-12.6884269714,16.2744197845,-0.555902242661,1
1536703606729843537,77.799740563,carbonZ_2018-09-11-17-55-30_2_left_aileron_failure,aileron,-20.5699996948,-352.967346191,5.60214757919,150,33.4089584351,-0.224014624953,118.278823853,-12.9988985062,16.0537376404,-0.623547554016,1
1536703606748528155,77.818425181,carbonZ_2018-09-11-17-55-30_2_left_aileron_failure,aileron,-20.609998703,-352.967346191,5.35480690002,148,33.4089584351,-0.224014624953,118.278823853,-13.0708656311,15.9918794632,-0.64196574688,1
1536703606801599872,77.871496898,carbonZ_2018-09-11-17-55-30_2_left_aileron_failure,aileron,-20.609998703,-352.967346191,5.35480690002,148,33.4089584351,-0.224014624953,118.278823853,-13.2749671936,15.8126401901,-0.729153692722,1
1536703606844005343,77.913902369,carbonZ_2018-09-11-17-55-30_2_left_aileron_failure,aileron,-20.6800003052,-355.085662842,5.04484891891,146,27.205411911,0.902694106102,124.43132019,-13.4051599503,15.7022218704,-0.773920118809,1
1536703606922201015,77.992098041,carbonZ_2018-09-11-17-55-30_2_left_aileron_failure,aileron,-20.6800003052,-355.085662842,5.04484891891,146,27.205411911,0.902694106102,124.43132019,-13.646944046,15.4851617813,-0.862013399601,1
1536703606946723897,78.016620923,carbonZ_2018-09-11-17-55-30_2_left_aileron_failure,aileron,-20.75,-355.085662842,4.70854997635,144,27.205411911,0.902694106102,124.43132019,-13.6977872849,15.4303770065,-0.888550817966,1
1536703607025182667,78.095079693,carbonZ_2018-09-11-17-55-30_2_left_aileron_failure,aileron,-20.75,-355.085662842,4.70854997635,144,27.205411911,0.902694106102,124.43132019,-13.895365715,15.2098493576,-1.01730203629,1
1536703607050109858,78.120006884,carbonZ_2018-09-11-17-55-30_2_left_aileron_failure,aileron,-20.8400001526,-332.22454834,4.34214305878,142,27.205411911,0.902694106102,124.43132019,-13.9761638641,15.1149730682,-1.06332170963,1
1536703607098108381,78.168005407,carbonZ_2018-09-11-17-55-30_2_left_aileron_failure,aileron,-20.8400001526,-332.22454834,4.34214305878,142,27.205411911,0.902694106102,124.43132019,-14.04778862,15.0286817551,-1.09731864929,1
1536703607131712393,78.201609419,carbonZ_2018-09-11-17-55-30_2_left_aileron_failure,aileron,-20.9399986267,-332.22454834,3.95160222054,140,27.205411911,0.902694106102,124.43132019,-14.1325035095,14.9037351608,-1.14732956886,1
1536703607206302483,78.276199509,carbonZ_2018-09-11-17-55-30_2_left_aileron_failure,aileron,-20.9399986267,-332.22454834,3.95160222054,140,27.205411911,0.902694106102,124.43132019,-14.1841716766,14.820734024,-1.2005084753,1
1536703607250706754,78.32060378,carbonZ_2018-09-11-17-55-30_2_left_aileron_failure,aileron,-21.0599994659,-337.525848389,3.53770327568,138,15.9824943542,1.30271160603,130.201522827,-14.275188446,14.6696968079,-1.25532221794,1
1536703607310651461,78.380548487,carbonZ_2018-09-11-17-55-30_2_left_aileron_failure,aileron,-21.0599994659,-337.525848389,3.53770327568,138,15.9824943542,1.30271160603,130.201522827,-14.2947053909,14.6354494095,-1.2393913269,1
1536703607367079641,78.436976667,carbonZ_2018-09-11-17-55-30_2_left_aileron_failure,aileron,-21.1800003052,-337.525848389,3.10342383385,136,15.9824943542,1.30271160603,130.201522827,-14.3420333862,14.5358486176,-1.172265172,1
1536703607395690106,78.465587132,carbonZ_2018-09-11-17-55-30_2_left_aileron_failure,aileron,-21.1800003052,-337.525848389,3.10342383385,136,15.9824943542,1.30271160603,130.201522827,-14.3875923157,14.4310388565,-1.17853593826,1
1536703607440562910,78.510459936,carbonZ_2018-09-11-17-55-30_2_left_aileron_failure,aileron,-21.2999992371,-329.422851562,2.66664361954,134,15.9824943542,1.30271160603,130.201522827,-14.4011440277,14.3965711594,-1.19275069237,1
1536703607497906078,78.567803104,carbonZ_2018-09-11-17-55-30_2_left_aileron_failure,aileron,-21.2999992371,-329.422851562,2.66664361954,134,15.9824943542,1.30271160603,130.201522827,-14.4420366287,14.2670164108,-1.29376578331,1
1536703607560571328,78.630468354,carbonZ_2018-09-11-17-55-30_2_left_aileron_failure,aileron,-21.4200000763,-329.422851562,2.20838046074,132,15.9824943542,1.30271160603,130.201522827,-14.4488506317,14.2061777115,-1.34606027603,1
1536703607619114435,78.689011461,carbonZ_2018-09-11-17-55-30_2_left_aileron_failure,aileron,-21.4200000763,-329.422851562,2.20838046074,132,8.43873405457,2.60704851151,132.402557373,-14.4497280121,14.1223716736,-1.39272463322,1
1536703607649098788,78.718995814,carbonZ_2018-09-11-17-55-30_2_left_aileron_failure,aileron,-21.5499992371,-319.824310303,1.74424183369,130,8.43873405457,2.60704851151,132.402557373,-14.4464082718,14.0955858231,-1.40796780586,1
1536703607751466564,78.82136359,carbonZ_2018-09-11-17-55-30_2_left_aileron_failure,aileron,-21.6899986267,-319.824310303,1.27514135838,128,8.43873405457,2.60704851151,132.402557373,-14.4092054367,13.9749145508,-1.5417304039,1
1536703607794384277,78.864281303,carbonZ_2018-09-11-17-55-30_2_left_aileron_failure,aileron,-21.6899986267,-319.824310303,1.27514135838,128,8.43873405457,2.60704851151,132.402557373,-14.3594455719,13.9162940979,-1.63884139061,1
1536703607819204815,78.889101841,carbonZ_2018-09-11-17-55-30_2_left_aileron_failure,aileron,-21.8500003815,-307.862579346,0.808250546455,126,8.43873405457,2.60704851151,132.402557373,-14.3186330795,13.884721756,-1.70698726177,1
1536703607911568729,78.981465755,carbonZ_2018-09-11-17-55-30_2_left_aileron_failure,aileron,-21.8500003815,-307.862579346,0.808250546455,126,2.30314469337,3.94707202911,131.706420898,-14.2470703125,13.8494682312,-1.79866981506,1
1536703607931836862,79.001733888,carbonZ_2018-09-11-17-55-30_2_left_aileron_failure,aileron,-22.0299987793,-307.862579346,0.349069952965,124,2.30314469337,3.94707202911,131.706420898,-14.1898736954,13.8305253983,-1.85253882408,1
1536703607999956097,79.069853123,carbonZ_2018-09-11-17-55-30_2_left_aileron_failure,aileron,-22.0299987793,-307.862579346,0.349069952965,124,2.30314469337,3.94707202911,131.706420898,-14.0940551758,13.808836937,-1.92554354668,1
1536703608033784135,79.103681161,carbonZ_2018-09-11-17-55-30_2_left_aileron_failure,aileron,-22.0299987793,-307.862579346,0.349069952965,124,2.30314469337,3.94707202911,131.706420898,-14.0629386902,13.8028669357,-1.94406235218,1
1536703608054136873,79.124033899,carbonZ_2018-09-11-17-55-30_2_left_aileron_failure,aileron,-22.2399997711,-284.629547119,-0.0927275717258,122,2.30314469337,3.94707202911,131.706420898,-13.9940843582,13.7933282852,-1.98065006733,1
1536703608106441181,79.176338207,carbonZ_2018-09-11-17-55-30_2_left_aileron_failure,aileron,-22.2399997711,-284.629547119,-0.0927275717258,122,2.30314469337,3.94707202911,131.706420898,-13.9195318222,13.7892427444,-2.01742768288,1
1536703608156267243,79.226164269,carbonZ_2018-09-11-17-55-30_2_left_aileron_failure,aileron,-22.4499988556,-284.629547119,-0.52806699276,120,2.30314469337,3.94707202911,131.706420898,-13.7850570679,13.7976827621,-2.0847401619,1
1536703608206921830,79.276818856,carbonZ_2018-09-11-17-55-30_2_left_aileron_failure,aileron,-22.6800003052,-258.293640137,-0.929503440857,118,2.30314469337,3.94707202911,131.706420898,-13.6005382538,13.8105325699,-2.15282297134,1
1536703608263439960,79.333336986,carbonZ_2018-09-11-17-55-30_2_left_aileron_failure,aileron,-22.6800003052,-258.293640137,-0.929503440857,118,-5.61171770096,4.81755161285,130.745437622,-13.6005382538,13.8105325699,-2.15282297134,1
1536703608350056902,79.419953928,carbonZ_2018-09-11-17-55-30_2_left_aileron_failure,aileron,-22.9099998474,-258.293640137,-1.32260429859,116,-5.61171770096,4.81755161285,130.745437622,-13.354968071,13.8414707184,-2.22271943092,1
1536703608398891308,79.468788334,carbonZ_2018-09-11-17-55-30_2_left_aileron_failure,aileron,-22.9099998474,-258.293640137,-1.32260429859,116,-5.61171770096,4.81755161285,130.745437622,-13.1916379929,13.8650379181,-2.2615044117,1
1536703608435267574,79.5051646,carbonZ_2018-09-11-17-55-30_2_left_aileron_failure,aileron,-23.1599998474,-235.818954468,-1.67346584797,114,-5.61171770096,4.81755161285,130.745437622,-13.0272474289,13.8863458633,-2.31120204926,1
1536703608493179238,79.563076264,carbonZ_2018-09-11-17-55-30_2_left_aileron_failure,aileron,-23.1599998474,-235.818954468,-1.67346584797,114,-5.61171770096,4.81755161285,130.745437622,-12.9154510498,13.9091234207,-2.3240339756,1
1536703608569915325,79.639812351,carbonZ_2018-09-11-17-55-30_2_left_aileron_failure,aileron,-23.4099998474,-235.818954468,-2.01190662384,112,-5.61171770096,4.81755161285,130.745437622,-12.7530641556,13.9276762009,-2.33578085899,1
1536703608610946106,79.680843132,carbonZ_2018-09-11-17-55-30_2_left_aileron_failure,aileron,-23.4099998474,-235.818954468,-2.01190662384,112,-5.61171770096,4.81755161285,130.745437622,-12.6364336014,13.9458665848,-2.34549760818,1
1536703608661016610,79.730913636,carbonZ_2018-09-11-17-55-30_2_left_aileron_failure,aileron,-23.6599998474,-200.133987427,-2.31108760834,111,-5.61171770096,4.81755161285,130.745437622,-12.4642105103,13.9779348373,-2.35242700577,1
1536703608693795873,79.763692899,carbonZ_2018-09-11-17-55-30_2_left_aileron_failure,aileron,-23.6599998474,-200.133987427,-2.31108760834,111,-11.6338977814,5.44427776337,129.823516846,-12.356423378,13.9910182953,-2.34793639183,1
1536703608789621975,79.859519001,carbonZ_2018-09-11-17-55-30_2_left_aileron_failure,aileron,-23.9200000763,-200.133987427,-2.59461927414,109,-11.6338977814,5.44427776337,129.823516846,-12.1312990189,14.0319757462,-2.29866933823,1
1536703608819597495,79.889494521,carbonZ_2018-09-11-17-55-30_2_left_aileron_failure,aileron,-23.9200000763,-200.133987427,-2.59461927414,109,-11.6338977814,5.44427776337,129.823516846,-12.0160617828,14.0554971695,-2.26688599586,1
1536703608858753280,79.928650306,carbonZ_2018-09-11-17-55-30_2_left_aileron_failure,aileron,-24.1700000763,-181.311508179,-2.84660100937,107,-11.6338977814,5.44427776337,129.823516846,-11.9062099457,14.0825338364,-2.2231554985,1
1536703608910916664,79.98081369,carbonZ_2018-09-11-17-55-30_2_left_aileron_failure,aileron,-24.1700000763,-181.311508179,-2.84660100937,107,-11.6338977814,5.44427776337,129.823516846,-11.7962961197,14.1035680771,-2.18899488449,1
1536703608946463029,80.016360055,carbonZ_2018-09-11-17-55-30_2_left_aileron_failure,aileron,-24.3999996185,-181.311508179,-3.08466458321,105,-11.6338977814,5.44427776337,129.823516846,-11.6796779633,14.134054184,-2.14682245255,1
1536703608994263251,80.064160277,carbonZ_2018-09-11-17-55-30_2_left_aileron_failure,aileron,-24.3999996185,-181.311508179,-3.08466458321,105,-11.6338977814,5.44427776337,129.823516846,-11.4988479614,14.168674469,-2.10736989975,1
1536703609024842021,80.094739047,carbonZ_2018-09-11-17-55-30_2_left_aileron_failure,aileron,-24.6299991608,-155.065628052,-3.28198575974,104,-11.6338977814,5.44427776337,129.823516846,-11.3878355026,14.1945209503,-2.06345081329,1
1536703609090188165,80.160085191,carbonZ_2018-09-11-17-55-30_2_left_aileron_failure,aileron,-24.6299991608,-155.065628052,-3.28198575974,104,-14.2237615585,4.25883817673,126.721977234,-11.2735118866,14.2198562622,-2.01469397545,1
1536703609145962566,80.215859592,carbonZ_2018-09-11-17-55-30_2_left_aileron_failure,aileron,-24.8500003815,-155.065628052,-3.4638876915,102,-14.2237615585,4.25883817673,126.721977234,-11.090918541,14.2637147903,-1.98085904121,1
1536703609177351076,80.247248102,carbonZ_2018-09-11-17-55-30_2_left_aileron_failure,aileron,-24.8500003815,-155.065628052,-3.4638876915,102,-14.2237615585,4.25883817673,126.721977234,-10.9582567215,14.2965116501,-1.97437000275,1
1536703609200155596,80.270052622,carbonZ_2018-09-11-17-55-30_2_left_aileron_failure,aileron,-24.8500003815,-155.065628052,-3.4638876915,102,-14.2237615585,4.25883817673,126.721977234,-10.8992929459,14.3033571243,-1.95957517624,1
1536703609291473898,80.361370924,carbonZ_2018-09-11-17-55-30_2_left_aileron_failure,aileron,-25.0599994659,-132.673355103,-3.61188626289,100,-14.2237615585,4.25883817673,126.721977234,-10.6681594849,14.3559865952,-1.82825160027,1
1536703609305925975,80.375823001,carbonZ_2018-09-11-17-55-30_2_left_aileron_failure,aileron,-25.0599994659,-132.673355103,-3.61188626289,100,-14.2237615585,4.25883817673,126.721977234,-10.6160783768,14.3703393936,-1.78005194664,1
1536703609385707876,80.455604902,carbonZ_2018-09-11-17-55-30_2_left_aileron_failure,aileron,-25.2600002289,-132.673355103,-3.73266911507,98,-14.2237615585,4.25883817673,126.721977234,-10.3957738876,14.4199285507,-1.58706700802,1
1536703609437083212,80.506980238,carbonZ_2018-09-11-17-55-30_2_left_aileron_failure,aileron,-25.4399986267,-117.171951294,-3.82215285301,97,-14.2237615585,4.25883817673,126.721977234,-10.2428331375,14.4538908005,-1.38239645958,1
1536703609504809812,80.574706838,carbonZ_2018-09-11-17-55-30_2_left_aileron_failure,aileron,-25.4399986267,-117.171951294,-3.82215285301,97,-14.2237615585,4.25883817673,126.721977234,-10.0944690704,14.4929962158,-1.17745065689,1
1536703609541456503,80.611353529,carbonZ_2018-09-11-17-55-30_2_left_aileron_failure,aileron,-25.5799999237,-117.171951294,-3.90069627762,95,-16.1096954346,0.746519505978,122.498298645,-9.9970331192,14.5219593048,-1.03381192684,1
1536703609604474158,80.674371184,carbonZ_2018-09-11-17-55-30_2_left_aileron_failure,aileron,-25.5799999237,-117.171951294,-3.90069627762,95,-16.1096954346,0.746519505978,122.498298645,-9.75686359406,14.5834369659,-0.692842662334,1
1536703609644952631,80.714849657,carbonZ_2018-09-11-17-55-30_2_left_aileron_failure,aileron,-25.6899986267,-106.290344238,-3.95588088036,93,-16.1096954346,0.746519505978,122.498298645,-9.75686359406,14.5834369659,-0.692842662334,1
1536703609705997084,80.77589411,carbonZ_2018-09-11-17-55-30_2_left_aileron_failure,aileron,-25.6899986267,-106.290344238,-3.95588088036,93,-16.1096954346,0.746519505978,122.498298645,-9.62166500092,14.630273819,-0.496141165495,1
1536703609753990580,80.823887606,carbonZ_2018-09-11-17-55-30_2_left_aileron_failure,aileron,-25.7600002289,-106.290344238,-3.99958062172,92,-16.1096954346,0.746519505978,122.498298645,-9.52787780762,14.655175209,-0.377397924662,1
1536703609795403911,80.865300937,carbonZ_2018-09-11-17-55-30_2_left_aileron_failure,aileron,-25.7600002289,-106.290344238,-3.99958062172,92,-16.1096954346,0.746519505978,122.498298645,-9.39345359802,14.7046480179,-0.197060540318,1
1536703609827734543,80.897631569,carbonZ_2018-09-11-17-55-30_2_left_aileron_failure,aileron,-25.7999992371,-96.7124023438,-3.99858522415,90,-16.1096954346,0.746519505978,122.498298645,-9.29922962189,14.7364530563,-0.0922265201807,1
1536703609907800245,80.977697271,carbonZ_2018-09-11-17-55-30_2_left_aileron_failure,aileron,-25.7999992371,-96.7124023438,-3.99858522415,90,-17.442243576,-2.38977837563,120.516273499,-9.17530632019,14.7921180725,0.0954655185342,1
1536703609951104156,81.021001182,carbonZ_2018-09-11-17-55-30_2_left_aileron_failure,aileron,-25.8099994659,-96.7124023438,-3.99141788483,89,-17.442243576,-2.38977837563,120.516273499,-9.09208202362,14.8190555573,0.221607327461,1
1536703610015935688,81.085832714,carbonZ_2018-09-11-17-55-30_2_left_aileron_failure,aileron,-25.8099994659,-96.7124023438,-3.99141788483,89,-17.442243576,-2.38977837563,120.516273499,-8.93054580688,14.8884019852,0.468589365482,1
1536703610088884275,81.158781301,carbonZ_2018-09-11-17-55-30_2_left_aileron_failure,aileron,-25.7799987793,-84.2911682129,-3.95762324333,87,-17.442243576,-2.38977837563,120.516273499,-8.80921268463,14.9386529922,0.632437646389,1
1536703610116140402,81.186037428,carbonZ_2018-09-11-17-55-30_2_left_aileron_failure,aileron,-25.7799987793,-84.2911682129,-3.95762324333,87,-17.442243576,-2.38977837563,120.516273499,-8.68698692322,15.0003814697,0.78741055727,1
1536703610195167951,81.265064977,carbonZ_2018-09-11-17-55-30_2_left_aileron_failure,aileron,-25.7299995422,-84.2911682129,-3.9080851078,85,-17.442243576,-2.38977837563,120.516273499,-8.55854129791,15.0613298416,0.902542412281,1
1536703610228703418,81.298600444,carbonZ_2018-09-11-17-55-30_2_left_aileron_failure,aileron,-25.6499996185,-73.2993164062,-3.83701038361,84,-15.2362718582,-4.33379793167,117.175361633,-8.43059253693,15.1267747879,1.00362467766,1
1536703610298652844,81.36854987,carbonZ_2018-09-11-17-55-30_2_left_aileron_failure,aileron,-25.6499996185,-73.2993164062,-3.83701038361,84,-15.2362718582,-4.33379793167,117.175361633,-8.34595298767,15.1711320877,1.05464458466,1
1536703610314938573,81.384835599,carbonZ_2018-09-11-17-55-30_2_left_aileron_failure,aileron,-25.6499996185,-73.2993164062,-3.83701038361,84,-15.2362718582,-4.33379793167,117.175361633,-8.2985458374,15.1976041794,1.07842588425,1
