timestamp_ns,time_sec,flight_id,fault_type,alt_error,aspd_error,xtrack_error,wp_dist,nav_roll,nav_pitch,nav_yaw,nav_x,nav_y,nav_z,label_anomaly
1532135125001420816,0.0,carbonZ_2018-07-30-16-39-00_3_no_failure,normal,-0.299999982119,-890.012329102,-38.5205535889,6,-49.5800170898,1.70197486877,68.7900466919,14.2055568695,21.3981399536,-1.7093654871,0
1532135125032885232,0.031464416,carbonZ_2018-07-30-16-39-00_3_no_failure,normal,-0.299999982119,-890.012329102,-38.5205535889,6,-49.5800170898,1.70197486877,68.7900466919,14.3649902344,21.2252101898,-1.91343486309,0
1532135125049569808,0.048148992,carbonZ_2018-07-30-16-39-00_3_no_failure,normal,-0.5,-897.40045166,-36.0112304688,8,-49.5800170898,1.70197486877,68.7900466919,14.6088914871,20.9048500061,-2.36374902725,0
1532135125142536144,0.141115328,carbonZ_2018-07-30-16-39-00_3_no_failure,normal,-0.5,-897.40045166,-36.0112304688,8,-49.5800170898,1.70197486877,68.7900466919,14.9133358002,20.2328300476,-3.46405696869,0
1532135125160499248,0.159078432,carbonZ_2018-07-30-16-39-00_3_no_failure,normal,-0.829999983311,-914.201538086,-33.5357093811,11,-49.5800170898,1.70197486877,68.7900466919,14.9469633102,20.0834712982,-3.71903657913,0
1532135125202646672,0.201225856,carbonZ_2018-07-30-16-39-00_3_no_failure,normal,-0.829999983311,-914.201538086,-33.5357093811,11,-49.5800170898,1.70197486877,68.7900466919,14.9438476562,19.7822341919,-4.30352973938,0
1532135125278106704,0.276685888,carbonZ_2018-07-30-16-39-00_3_no_failure,normal,-1.31999993324,-928.78515625,56.575138092,13,-49.5800170898,1.70197486877,68.7900466919,14.733757019,19.207616806,-5.41709041595,0
1532135125311206896,0.30978608,carbonZ_2018-07-30-16-39-00_3_no_failure,normal,-1.31999993324,-928.78515625,56.575138092,13,-49.5800170898,1.70197486877,68.7900466919,14.6590156555,19.0879917145,-5.64351511002,0
1532135125337555632,0.336134816,carbonZ_2018-07-30-16-39-00_3_no_failure,normal,-1.31999993324,-928.78515625,56.575138092,13,2.00778961182,15.3046760559,56.2866897583,14.3990516663,18.7322387695,-6.24227952957,0
1532135125365069520,0.363648704,carbonZ_2018-07-30-16-39-00_3_no_failure,normal,-1.97999989986,-814.768432617,56.0734558105,15,2.00778961182,15.3046760559,56.2866897583,14.3990516663,18.7322387695,-6.24227952957,0
1532135125437608112,0.436187296,carbonZ_2018-07-30-16-39-00_3_no_failure,normal,-1.97999989986,-814.768432617,56.0734558105,15,2.00778961182,15.3046760559,56.2866897583,14.0106334686,18.222038269,-6.87817525864,0
1532135125464667696,0.46324688,carbonZ_2018-07-30-16-39-00_3_no_failure,normal,-2.76999998093,-792.278076172,55.6064147949,17,2.00778961182,15.3046760559,56.2866897583,13.8360919952,17.968503952,-7.10436153412,0
1532135125502891120,0.501470304,carbonZ_2018-07-30-16-39-00_3_no_failure,normal,-2.76999998093,-792.278076172,55.6064147949,17,2.00778961182,15.3046760559,56.2866897583,13.7562761307,17.8284263611,-7.23425626755,0
1532135125548312496,0.54689168,carbonZ_2018-07-30-16-39-00_3_no_failure,normal,-3.63999986649,-771.004516602,55.1740188599,20,2.00778961182,15.3046760559,56.2866897583,13.5241384506,17.4178638458,-7.5735616684,0
1532135125617679408,0.616258592,carbonZ_2018-07-30-16-39-00_3_no_failure,normal,-3.63999986649,-771.004516602,55.1740188599,20,2.00778961182,15.3046760559,56.2866897583,13.3217754364,16.9745330811,-7.86400747299,0
1532135125679536592,0.678115776,carbonZ_2018-07-30-16-39-00_3_no_failure,normal,-4.57999992371,-743.097106934,54.7625617981,22,2.00778961182,15.3046760559,56.2866897583,13.1167755127,16.5412635803,-8.11990737915,0
1532135125725395824,0.723975008,carbonZ_2018-07-30-16-39-00_3_no_failure,normal,-4.57999992371,-743.097106934,54.7625617981,22,-7.51349401474,21.5666694641,54.556968689,12.9559421539,16.1099796295,-8.31342220306,0
1532135125770218640,0.768797824,carbonZ_2018-07-30-16-39-00_3_no_failure,normal,-5.56999969482,-713.54296875,54.3419456482,24,-7.51349401474,21.5666694641,54.556968689,12.8668899536,15.8382749557,-8.4160861969,0
1532135125817457840,0.816037024,carbonZ_2018-07-30-16-39-00_3_no_failure,normal,-5.56999969482,-713.54296875,54.3419456482,24,-7.51349401474,21.5666694641,54.556968689,12.7545824051,15.558889389,-8.50221157074,0
1532135125861918544,0.860497728,carbonZ_2018-07-30-16-39-00_3_no_failure,normal,-6.57999992371,-671.997436523,53.9322280884,26,-7.51349401474,21.5666694641,54.556968689,12.5458679199,15.076921463,-8.52148151398,0
1532135125907205648,0.905784832,carbonZ_2018-07-30-16-39-00_3_no_failure,normal,-6.57999992371,-671.997436523,53.9322280884,26,-7.51349401474,21.5666694641,54.556968689,12.5458679199,15.076921463,-8.52148151398,0
1532135125958869232,0.957448416,carbonZ_2018-07-30-16-39-00_3_no_failure,normal,-7.58999967575,-608.538635254,53.5133476257,27,-7.51349401474,21.5666694641,54.556968689,12.4175367355,14.7627687454,-8.45847892761,0
1532135126004653936,1.00323312,carbonZ_2018-07-30-16-39-00_3_no_failure,normal,-7.58999967575,-608.538635254,53.5133476257,27,-7.51349401474,21.5666694641,54.556968689,12.3351697922,14.5577325821,-8.40383529663,0
1532135126043586544,1.042165728,carbonZ_2018-07-30-16-39-00_3_no_failure,normal,-8.59000015259,-545.853210449,53.0835113525,29,-11.6767606735,22.9277095795,57.9267234802,12.2084150314,14.2290287018,-8.33671188354,0
1532135126123965520,1.122544704,carbonZ_2018-07-30-16-39-00_3_no_failure,normal,-8.59000015259,-545.853210449,53.0835113525,29,-11.6767606735,22.9277095795,57.9267234802,12.0998296738,13.9154520035,-8.24992752075,0
1532135126179587600,1.178166784,carbonZ_2018-07-30-16-39-00_3_no_failure,normal,-9.55999946594,-491.02935791,52.6645774841,31,-11.6767606735,22.9277095795,57.9267234802,12.0051984787,13.6080255508,-8.15463447571,0
1532135126199745936,1.19832512,carbonZ_2018-07-30-16-39-00_3_no_failure,normal,-9.55999946594,-491.02935791,52.6645774841,31,-11.6767606735,22.9277095795,57.9267234802,11.9705257416,13.5017738342,-8.11897373199,0
1532135126255328464,1.253907648,carbonZ_2018-07-30-16-39-00_3_no_failure,normal,-10.5,-440.949066162,52.2209854126,33,-11.6767606735,22.9277095795,57.9267234802,11.8674230576,13.2099847794,-7.9881606102,0
1532135126284250096,1.28282928,carbonZ_2018-07-30-16-39-00_3_no_failure,normal,-10.5,-440.949066162,52.2209854126,33,-11.6767606735,22.9277095795,57.9267234802,11.7980699539,13.0217056274,-7.89494371414,0
1532135126362871120,1.361450304,carbonZ_2018-07-30-16-39-00_3_no_failure,normal,-11.4099998474,-385.088745117,51.7691574097,34,-11.6767606735,22.9277095795,57.9267234802,11.7236099243,12.7662467957,-7.71747732162,0
1532135126440801648,1.439380832,carbonZ_2018-07-30-16-39-00_3_no_failure,normal,-11.4099998474,-385.088745117,51.7691574097,34,-15.1231880188,21.0516796112,55.7496643066,11.6568107605,12.4340953827,-7.41434574127,0
1532135126499567536,1.49814672,carbonZ_2018-07-30-16-39-00_3_no_failure,normal,-12.279999733,-319.892120361,51.2990531921,36,-15.1231880188,21.0516796112,55.7496643066,11.599070549,12.2142353058,-7.15846395493,0
1532135126540686128,1.539265312,carbonZ_2018-07-30-16-39-00_3_no_failure,normal,-13.0999994278,-260.58026123,50.8243637085,38,-15.1231880188,21.0516796112,55.7496643066,11.5786771774,12.0660600662,-6.98284387589,0
1532135126590977264,1.589556448,carbonZ_2018-07-30-16-39-00_3_no_failure,normal,-13.0999994278,-260.58026123,50.8243637085,38,-15.1231880188,21.0516796112,55.7496643066,11.5617227554,11.8464822769,-6.71790122986,0
1532135126644568048,1.643147232,carbonZ_2018-07-30-16-39-00_3_no_failure,normal,-13.8699998856,-199.161911011,50.3250198364,39,-15.1231880188,21.0516796112,55.7496643066,11.5390501022,11.5524482727,-6.36362361908,0
1532135126688500208,1.687079392,carbonZ_2018-07-30-16-39-00_3_no_failure,normal,-13.8699998856,-199.161911011,50.3250198364,39,-15.1231880188,21.0516796112,55.7496643066,11.5390501022,11.5524482727,-6.36362361908,0
1532135126745444304,1.744023488,carbonZ_2018-07-30-16-39-00_3_no_failure,normal,-13.8699998856,-199.161911011,50.3250198364,39,-15.1231880188,21.0516796112,55.7496643066,11.5259876251,11.3547306061,-6.07550382614,0
1532135126766729392,1.765308576,carbonZ_2018-07-30-16-39-00_3_no_failure,normal,-14.5799999237,-142.037963867,49.8046684265,41,-21.0897960663,15.8884906769,51.3917236328,11.5242843628,11.2390937805,-5.85617923737,0
1532135126807375056,1.80595424,carbonZ_2018-07-30-16-39-00_3_no_failure,normal,-14.5799999237,-142.037963867,49.8046684265,41,-21.0897960663,15.8884906769,51.3917236328,11.5074491501,11.0755643845,-5.49662256241,0
1532135126850849712,1.849428896,carbonZ_2018-07-30-16-39-00_3_no_failure,normal,-15.2299995422,-90.3167724609,49.2760810852,42,-21.0897960663,15.8884906769,51.3917236328,11.505522728,10.9784536362,-5.24637460709,0
1532135126892514672,1.891093856,carbonZ_2018-07-30-16-39-00_3_no_failure,normal,-15.2299995422,-90.3167724609,49.2760810852,42,-21.0897960663,15.8884906769,51.3917236328,11.507276535,10.928981781,-5.11873865128,0
1532135126951128560,1.949707744,carbonZ_2018-07-30-16-39-00_3_no_failure,normal,-15.8099994659,-45.3386306763,48.7228393555,44,-21.0897960663,15.8884906769,51.3917236328,11.5077476501,10.7778987885,-4.75631427765,0
1532135126997352144,1.995931328,carbonZ_2018-07-30-16-39-00_3_no_failure,normal,-15.8099994659,-45.3386306763,48.7228393555,44,-21.0897960663,15.8884906769,51.3917236328,11.5195217133,10.6842451096,-4.48924589157,0
1532135127047423152,2.046002336,carbonZ_2018-07-30-16-39-00_3_no_failure,normal,-16.3199996948,5.49488067627,48.1632156372,46,-21.0897960663,15.8884906769,51.3917236328,11.5207500458,10.5917730331,-4.20643091202,0
1532135127077160080,2.075739264,carbonZ_2018-07-30-16-39-00_3_no_failure,normal,-16.3199996948,5.49488067627,48.1632156372,46,-21.0897960663,15.8884906769,51.3917236328,11.5401563644,10.5059757233,-3.92762517929,0
1532135127179233872,2.177813056,carbonZ_2018-07-30-16-39-00_3_no_failure,normal,-16.75,59.0836524963,47.5816574097,47,-21.0897960663,15.8884906769,51.3917236328,11.5828466415,10.2919006348,-3.24568891525,0
1532135127271942704,2.270521888,carbonZ_2018-07-30-16-39-00_3_no_failure,normal,-17.109998703,105.567550659,47.0000991821,49,-26.9356784821,6.41788959503,48.608089447,11.6190595627,10.1002254486,-2.49981832504,0
1532135127308086192,2.306665376,carbonZ_2018-07-30-16-39-00_3_no_failure,normal,-17.109998703,105.567550659,47.0000991821,49,-26.9356784821,6.41788959503,48.608089447,11.6423482895,10.0223045349,-2.22568178177,0
1532135127355199728,2.353778912,carbonZ_2018-07-30-16-39-00_3_no_failure,normal,-17.3899993896,141.119476318,46.3875007629,50,-26.9356784821,6.41788959503,48.608089447,11.6705751419,9.94093322754,-1.95022034645,0
1532135127407604496,2.40618368,carbonZ_2018-07-30-16-39-00_3_no_failure,normal,-17.3899993896,141.119476318,46.3875007629,50,-26.9356784821,6.41788959503,48.608089447,11.7011699677,9.8605890274,-1.69174456596,0
1532135127449341104,2.447920288,carbonZ_2018-07-30-16-39-00_3_no_failure,normal,-17.5799999237,163.563446045,45.7675933838,52,-26.9356784821,6.41788959503,48.608089447,11.7560596466,9.73885822296,-1.30363667011,0
1532135127496505520,2.495084704,carbonZ_2018-07-30-16-39-00_3_no_failure,normal,-17.5799999237,163.563446045,45.7675933838,52,-30.8566799164,0.129561319947,48.5580329895,11.7941923141,9.66109371185,-1.03766727448,0
1532135127570765808,2.569344992,carbonZ_2018-07-30-16-39-00_3_no_failure,normal,-17.7199993134,189.089675903,45.1203041077,53,-30.8566799164,0.129561319947,48.5580329895,11.8698749542,9.5150270462,-0.530749201775,0
1532135127606941520,2.605520704,carbonZ_2018-07-30-16-39-00_3_no_failure,normal,-17.7199993134,189.089675903,45.1203041077,53,-30.8566799164,0.129561319947,48.5580329895,11.8858270645,9.4807882309,-0.40395450592,0
1532135127671906544,2.670485728,carbonZ_2018-07-30-16-39-00_3_no_failure,normal,-17.7899990082,210.771652222,44.4657020569,55,-30.8566799164,0.129561319947,48.5580329895,11.9609928131,9.3448677063,0.111463569105,0
1532135127692039920,2.690619104,carbonZ_2018-07-30-16-39-00_3_no_failure,normal,-17.7899990082,210.771652222,44.4657020569,55,-30.8566799164,0.129561319947,48.5580329895,11.9840269089,9.3095369339,0.243540778756,0
1532135127779655152,2.778234336,carbonZ_2018-07-30-16-39-00_3_no_failure,normal,-17.7899990082,227.677627563,43.8037872314,56,-30.8566799164,0.129561319947,48.5580329895,12.0823841095,9.17421913147,0.713468015194,0
1532135127804691440,2.803270624,carbonZ_2018-07-30-16-39-00_3_no_failure,normal,-17.7899990082,227.677627563,43.8037872314,56,-30.8566799164,0.129561319947,48.5580329895,12.1112041473,9.13940143585,0.834223508835,0
1532135127877156720,2.875735904,carbonZ_2018-07-30-16-39-00_3_no_failure,normal,-17.7299995422,236.906433105,43.114490509,58,-30.8566799164,0.129561319947,48.5580329895,12.2379398346,8.98809909821,1.27910387516,0
1532135127937767632,2.936346816,carbonZ_2018-07-30-16-39-00_3_no_failure,normal,-17.7299995422,236.906433105,43.114490509,58,-33.4078063965,-7.62238788605,46.178817749,12.3454437256,8.87471675873,1.58700585365,0
1532135127995900528,2.994479712,carbonZ_2018-07-30-16-39-00_3_no_failure,normal,-17.6199989319,243.370239258,42.397808075,59,-33.4078063965,-7.62238788605,46.178817749,12.4679670334,8.75318813324,1.91495573521,0
1532135128041979440,3.040558624,carbonZ_2018-07-30-16-39-00_3_no_failure,normal,-17.4499988556,253.182403564,41.6701583862,60,-33.4078063965,-7.62238788605,46.178817749,12.5543231964,8.67648029327,2.10966539383,0
1532135128090230032,3.088809216,carbonZ_2018-07-30-16-39-00_3_no_failure,normal,-17.4499988556,253.182403564,41.6701583862,60,-33.4078063965,-7.62238788605,46.178817749,12.6835041046,8.55846500397,2.4076924324,0
1532135128175088592,3.173667776,carbonZ_2018-07-30-16-39-00_3_no_failure,normal,-17.2399997711,245.610427856,40.9023590088,62,-33.4078063965,-7.62238788605,46.178817749,12.9015693665,8.36722660065,2.78810405731,0
1532135128251365776,3.24994496,carbonZ_2018-07-30-16-39-00_3_no_failure,normal,-16.9699993134,235.531707764,40.1162872314,63,-33.4078063965,-7.62238788605,46.178817749,13.1372089386,8.17318344116,3.12039089203,0
1532135128278055792,3.276634976,carbonZ_2018-07-30-16-39-00_3_no_failure,normal,-16.9699993134,235.531707764,40.1162872314,63,-33.4078063965,-7.62238788605,46.178817749,13.2675199509,8.07211875916,3.27111697197,0
1532135128361608784,3.360187968,carbonZ_2018-07-30-16-39-00_3_no_failure,normal,-16.6700000763,212.370483398,39.2763671875,65,-33.4078063965,-7.62238788605,46.178817749,13.4975824356,7.89757585526,3.45113253593,0
1532135128374561008,3.373140192,carbonZ_2018-07-30-16-39-00_3_no_failure,normal,-16.6700000763,212.370483398,39.2763671875,65,-33.4078063965,-7.62238788605,46.178817749,13.5810213089,7.83479213715,3.50801134109,0
1532135128419772816,3.418352,carbonZ_2018-07-30-16-39-00_3_no_failure,normal,-16.6700000763,212.370483398,39.2763671875,65,-34.5794563293,-15.5313587189,35.752910614,13.8440504074,7.62763166428,3.66791796684,0
1532135128451884912,3.450464096,carbonZ_2018-07-30-16-39-00_3_no_failure,normal,-16.3199996948,181.065658569,38.3816795349,66,-34.5794563293,-15.5313587189,35.752910614,13.9276390076,7.55441570282,3.71879959106,0
1532135128503644432,3.502223616,carbonZ_2018-07-30-16-39-00_3_no_failure,normal,-16.3199996948,181.065658569,38.3816795349,66,-34.5794563293,-15.5313587189,35.752910614,14.0948600769,7.41652536392,3.82404303551,0
1532135128552582640,3.551161824,carbonZ_2018-07-30-16-39-00_3_no_failure,normal,-15.9600000381,151.579864502,37.4550170898,68,-34.5794563293,-15.5313587189,35.752910614,14.3480033875,7.20953512192,3.95655989647,0
1532135128620562864,3.619142048,carbonZ_2018-07-30-16-39-00_3_no_failure,normal,-15.9600000381,151.579864502,37.4550170898,68,-34.5794563293,-15.5313587189,35.752910614,14.5912284851,6.9996843338,4.08257770538,0
1532135128666808400,3.665387584,carbonZ_2018-07-30-16-39-00_3_no_failure,normal,-15.5799999237,111.567977905,36.4571838379,69,-34.5794563293,-15.5313587189,35.752910614,14.8560533524,6.76226139069,4.2007932663,0
1532135128718679568,3.717258752,carbonZ_2018-07-30-16-39-00_3_no_failure,normal,-15.5799999237,111.567977905,36.4571838379,69,-34.5794563293,-15.5313587189,35.752910614,15.0303125381,6.5936126709,4.29380512238,0
1532135128760184688,3.758763872,carbonZ_2018-07-30-16-39-00_3_no_failure,normal,-15.1700000763,78.3495941162,35.3908729553,71,-34.8024482727,-18.0271320343,27.7806072235,15.2019262314,6.41464471817,4.38414859772,0
1532135128810207920,3.808787104,carbonZ_2018-07-30-16-39-00_3_no_failure,normal,-15.1700000763,78.3495941162,35.3908729553,71,-34.8024482727,-18.0271320343,27.7806072235,15.4452838898,6.15468502045,4.5237402916,0
1532135128845639280,3.844218464,carbonZ_2018-07-30-16-39-00_3_no_failure,normal,-14.7399997711,49.0177154541,34.2761764526,72,-34.8024482727,-18.0271320343,27.7806072235,15.6735267639,5.90315198898,4.65147542953,0
1532135128907439920,3.906019104,carbonZ_2018-07-30-16-39-00_3_no_failure,normal,-14.7399997711,49.0177154541,34.2761764526,72,-34.8024482727,-18.0271320343,27.7806072235,15.8345365524,5.71973133087,4.72340917587,0
1532135128955750384,3.954329568,carbonZ_2018-07-30-16-39-00_3_no_failure,normal,-14.2899999619,12.9518508911,33.1030464172,74,-34.8024482727,-18.0271320343,27.7806072235,16.0006942749,5.51670789719,4.79508590698,0
1532135129005316752,4.003895936,carbonZ_2018-07-30-16-39-00_3_no_failure,normal,-14.2899999619,12.9518508911,33.1030464172,74,-34.8024482727,-18.0271320343,27.7806072235,16.1740531921,5.31111907959,4.84359931946,0
1532135129044168912,4.042748096,carbonZ_2018-07-30-16-39-00_3_no_failure,normal,-13.8199996948,-16.8964385986,31.86419487,76,-34.8024482727,-18.0271320343,27.7806072235,16.3402843475,5.10515117645,4.88594913483,0
1532135129097750032,4.096329216,carbonZ_2018-07-30-16-39-00_3_no_failure,normal,-13.8199996948,-16.8964385986,31.86419487,76,-34.8024482727,-18.0271320343,27.7806072235,16.602678299,4.76800870895,4.9554681778,0
1532135129187288400,4.185867584,carbonZ_2018-07-30-16-39-00_3_no_failure,normal,-13.3400001526,-49.8960494995,30.5669116974,77,-34.7499351501,-19.2623920441,18.7458553314,17.1176490784,4.07234573364,5.03774690628,0
1532135129277596496,4.27617568,carbonZ_2018-07-30-16-39-00_3_no_failure,normal,-12.8499994278,-81.1494827271,29.2002429962,79,-34.7499351501,-19.2623920441,18.7458553314,17.3656082153,3.71632122993,5.05096483231,0
1532135129288004816,4.286584,carbonZ_2018-07-30-16-39-00_3_no_failure,normal,-12.8499994278,-81.1494827271,29.2002429962,79,-34.7499351501,-19.2623920441,18.7458553314,17.4469547272,3.59306383133,5.06184244156,0
1532135129399942480,4.398521664,carbonZ_2018-07-30-16-39-00_3_no_failure,normal,-12.3599996567,-112.467956543,27.7678260803,80,-34.7499351501,-19.2623920441,18.7458553314,17.8650074005,2.9377682209,5.02832365036,0
1532135129479061168,4.477640352,carbonZ_2018-07-30-16-39-00_3_no_failure,normal,-11.8699998856,-138.856323242,26.2724113464,82,-34.7499351501,-19.2623920441,18.7458553314,18.122636795,2.46508860588,5.07897901535,0
1532135129513706480,4.512285664,carbonZ_2018-07-30-16-39-00_3_no_failure,normal,-11.8699998856,-138.856323242,26.2724113464,82,-34.7499351501,-19.2623920441,18.7458553314,18.2457485199,2.22242331505,5.11253976822,0
1532135129558116336,4.55669552,carbonZ_2018-07-30-16-39-00_3_no_failure,normal,-11.3800001144,-142.713348389,24.7249488831,83,-34.7499351501,-19.2623920441,18.7458553314,18.3749198914,1.97197282314,5.09783840179,0
1532135129620679408,4.619258592,carbonZ_2018-07-30-16-39-00_3_no_failure,normal,-11.3800001144,-142.713348389,24.7249488831,83,-33.8288497925,-16.8145828247,9.63447570801,18.5511722565,1.58803904057,5.10941076279,0
1532135129660804432,4.659383616,carbonZ_2018-07-30-16-39-00_3_no_failure,normal,-10.8800001144,-160.412780762,23.0980567932,85,-33.8288497925,-16.8145828247,9.63447570801,18.7872219086,1.04492354393,5.05620622635,0
1532135129716276400,4.714855584,carbonZ_2018-07-30-16-39-00_3_no_failure,normal,-10.8800001144,-160.412780762,23.0980567932,85,-33.8288497925,-16.8145828247,9.63447570801,18.7872219086,1.04492354393,5.05620622635,0
1532135129765611120,4.764190304,carbonZ_2018-07-30-16-39-00_3_no_failure,normal,-10.3999996185,-186.565582275,21.4419307709,86,-33.8288497925,-16.8145828247,9.63447570801,18.9978427887,0.499232411385,4.9929227829,0
1532135129799551920,4.798131104,carbonZ_2018-07-30-16-39-00_3_no_failure,normal,-10.3999996185,-186.565582275,21.4419307709,86,-33.8288497925,-16.8145828247,9.63447570801,19.0924949646,0.212348431349,4.94661283493,0
1532135129867262928,4.865842112,carbonZ_2018-07-30-16-39-00_3_no_failure,normal,-9.92000007629,-211.537750244,19.7364902496,88,-33.8288497925,-16.8145828247,9.63447570801,19.224855423,-0.218301817775,4.88618087769,0
1532135129926372112,4.924951296,carbonZ_2018-07-30-16-39-00_3_no_failure,normal,-9.92000007629,-211.537750244,19.7364902496,88,-33.8288497925,-16.8145828247,9.63447570801,19.3064212799,-0.510341703892,4.82007360458,0
1532135129976571472,4.975150656,carbonZ_2018-07-30-16-39-00_3_no_failure,normal,-9.46000003815,-237.769317627,17.9680328369,89,-33.8288497925,-16.8145828247,9.63447570801,19.421579361,-0.955742061138,4.74033069611,0
1532135129997136624,4.995715808,carbonZ_2018-07-30-16-39-00_3_no_failure,normal,-9.46000003815,-237.769317627,17.9680328369,89,-33.8288497925,-16.8145828247,9.63447570801,19.4524421692,-1.1075874567,4.69503688812,0
1532135130058732816,5.057312,carbonZ_2018-07-30-16-39-00_3_no_failure,normal,-9.01000022888,-259.71697998,16.1602954865,91,-33.8288497925,-16.8145828247,9.63447570801,19.5364665985,-1.55860817432,4.60605192184,0
1532135130088662000,5.087241184,carbonZ_2018-07-30-16-39-00_3_no_failure,normal,-9.01000022888,-259.71697998,16.1602954865,91,-33.2571296692,-12.7249717712,-1.7823497057,19.5888500214,-1.87090456486,4.51056146622,0
1532135130167355376,5.16593456,carbonZ_2018-07-30-16-39-00_3_no_failure,normal,-8.57999992371,-280.34954834,14.3096323013,92,-33.2571296692,-12.7249717712,-1.7823497057,19.6734142303,-2.49456214905,4.34806728363,0
1532135130240134640,5.238713824,carbonZ_2018-07-30-16-39-00_3_no_failure,normal,-8.57999992371,-280.34954834,14.3096323013,92,-33.2571296692,-12.7249717712,-1.7823497057,19.7037410736,-2.96446633339,4.23089838028,0
1532135130273737136,5.27231632,carbonZ_2018-07-30-16-39-00_3_no_failure,normal,-8.17000007629,-292.824157715,12.4123859406,94,-33.2571296692,-12.7249717712,-1.7823497057,19.7172336578,-3.26796746254,4.1337184906,0
1532135130296613264,5.295192448,carbonZ_2018-07-30-16-39-00_3_no_failure,normal,-8.17000007629,-292.824157715,12.4123859406,94,-33.2571296692,-12.7249717712,-1.7823497057,19.7206325531,-3.42177557945,4.09976863861,0
1532135130360928304,5.359507488,carbonZ_2018-07-30-16-39-00_3_no_failure,normal,-7.7999997139,-300.151428223,10.5059661865,95,-33.2571296692,-12.7249717712,-1.7823497057,19.7240467072,-3.89023685455,3.96405434608,0
1532135130406644048,5.405223232,carbonZ_2018-07-30-16-39-00_3_no_failure,normal,-7.7999997139,-300.151428223,10.5059661865,95,-33.2474555969,-10.5796232224,-8.899269104,19.7134017944,-4.20033168793,3.88323736191,0
1532135130462452560,5.461031744,carbonZ_2018-07-30-16-39-00_3_no_failure,normal,-7.44000005722,-307.465179443,8.54929924011,96,-33.2474555969,-10.5796232224,-8.899269104,19.6722259521,-4.67148447037,3.73214054108,0
1532135130493357520,5.491936704,carbonZ_2018-07-30-16-39-00_3_no_failure,normal,-7.44000005722,-307.465179443,8.54929924011,96,-33.2474555969,-10.5796232224,-8.899269104,19.6203632355,-5.14448785782,3.59831404686,0
1532135130558363024,5.556942208,carbonZ_2018-07-30-16-39-00_3_no_failure,normal,-7.10999965668,-324.43560791,6.5734333992,98,-33.2474555969,-10.5796232224,-8.899269104,19.5760135651,-5.45050239563,3.49849200249,0
1532135130615730224,5.614309408,carbonZ_2018-07-30-16-39-00_3_no_failure,normal,-7.10999965668,-324.43560791,6.5734333992,98,-33.2474555969,-10.5796232224,-8.899269104,19.4821605682,-5.91830921173,3.36187195778,0
1532135130684225904,5.682805088,carbonZ_2018-07-30-16-39-00_3_no_failure,normal,-6.7999997139,-332.540313721,4.58108854294,99,-33.578792572,-8.67798519135,-16.2422447205,19.3353652954,-6.52010345459,3.19522452354,0
1532135130743948368,5.742527552,carbonZ_2018-07-30-16-39-00_3_no_failure,normal,-6.51999998093,-342.391601562,2.5695412159,100,-33.578792572,-8.67798519135,-16.2422447205,19.1734924316,-7.10854196548,3.01951360703,0
1532135130813485936,5.81206512,carbonZ_2018-07-30-16-39-00_3_no_failure,normal,-6.51999998093,-342.391601562,2.5695412159,100,-33.578792572,-8.67798519135,-16.2422447205,19.0626335144,-7.40947008133,2.89975786209,0
1532135130852656976,5.85123616,carbonZ_2018-07-30-16-39-00_3_no_failure,normal,-6.25999975204,-347.441467285,0.578946053982,102,-33.578792572,-8.67798519135,-16.2422447205,18.9531021118,-7.70554113388,2.80844449997,0
1532135130884671920,5.883251104,carbonZ_2018-07-30-16-39-00_3_no_failure,normal,-6.25999975204,-347.441467285,0.578946053982,102,-33.578792572,-8.67798519135,-16.2422447205,18.8355960846,-8.00946521759,2.69925832748,0
1532135130965286608,5.963865792,carbonZ_2018-07-30-16-39-00_3_no_failure,normal,-6.02999973297,-349.279022217,-1.43816828728,103,-33.578792572,-8.67798519135,-16.2422447205,18.6543636322,-8.44294071198,2.56625032425,0
1532135131004175312,6.002754496,carbonZ_2018-07-30-16-39-00_3_no_failure,normal,-6.02999973297,-349.279022217,-1.43816828728,103,-33.578792572,-8.67798519135,-16.2422447205,18.513250351,-8.73481655121,2.45888781548,0
1532135131039622864,6.038202048,carbonZ_2018-07-30-16-39-00_3_no_failure,normal,-5.81999969482,-347.026245117,-3.45440769196,104,-33.797492981,-6.37612056732,-26.3469486237,18.3621044159,-9.00814437866,2.3801407814,0
1532135131078361360,6.076940544,carbonZ_2018-07-30-16-39-00_3_no_failure,normal,-5.81999969482,-347.026245117,-3.45440769196,104,-33.797492981,-6.37612056732,-26.3469486237,18.2144165039,-9.27697658539,2.30702662468,0
1532135131152602928,6.151182112,carbonZ_2018-07-30-16-39-00_3_no_failure,normal,-5.63999986649,-348.869689941,-5.43601131439,105,-33.797492981,-6.37612056732,-26.3469486237,17.9018650055,-9.81891059875,2.16373443604,0
1532135131190391344,6.188970528,carbonZ_2018-07-30-16-39-00_3_no_failure,normal,-5.63999986649,-348.869689941,-5.43601131439,105,-33.797492981,-6.37612056732,-26.3469486237,17.7304706573,-10.0815734863,2.07601737976,0
1532135131277589808,6.276168992,carbonZ_2018-07-30-16-39-00_3_no_failure,normal,-5.48000001907,-344.651611328,-7.42677974701,106,-33.797492981,-6.37612056732,-26.3469486237,17.4598560333,-10.4663124084,1.98889124393,0
1532135131304433936,6.30301312,carbonZ_2018-07-30-16-39-00_3_no_failure,normal,-5.48000001907,-344.651611328,-7.42677974701,106,-33.797492981,-6.37612056732,-26.3469486237,17.2809944153,-10.7101459503,1.92650020123,0
1532135131324746480,6.323325664,carbonZ_2018-07-30-16-39-00_3_no_failure,normal,-5.48000001907,-344.651611328,-7.42677974701,106,-33.797492981,-6.37612056732,-26.3469486237,17.1023864746,-10.9487276077,1.90054368973,0
1532135131359958064,6.358537248,carbonZ_2018-07-30-16-39-00_3_no_failure,normal,-5.32999992371,-334.548950195,-9.40663814545,107,-33.797492981,-6.37612056732,-26.3469486237,17.0100841522,-11.0729370117,1.87774825096,0
1532135131399469520,6.398048704,carbonZ_2018-07-30-16-39-00_3_no_failure,normal,-5.32999992371,-334.548950195,-9.40663814545,107,-33.797492981,-6.37612056732,-26.3469486237,16.7320804596,-11.3904762268,1.84662139416,0
1532135131478797808,6.477376992,carbonZ_2018-07-30-16-39-00_3_no_failure,normal,-5.19000005722,-316.131408691,-11.3582372665,108,-33.797492981,-6.37612056732,-26.3469486237,16.4428272247,-11.7012643814,1.82166564465,0
1532135131502578800,6.501157984,carbonZ_2018-07-30-16-39-00_3_no_failure,normal,-5.19000005722,-316.131408691,-11.3582372665,108,-35.8356018066,-4.97098827362,-37.3770637512,16.3463993073,-11.8031873703,1.82810103893,0
1532135131557012048,6.555591232,carbonZ_2018-07-30-16-39-00_3_no_failure,normal,-5.0499997139,-296.005615234,-13.2916240692,109,-35.8356018066,-4.97098827362,-37.3770637512,15.9581832886,-12.2133636475,1.83178579807,0
1532135131596265936,6.59484512,carbonZ_2018-07-30-16-39-00_3_no_failure,normal,-5.0499997139,-296.005615234,-13.2916240692,109,-35.8356018066,-4.97098827362,-37.3770637512,15.8513641357,-12.30996418,1.84112751484,0
1532135131644094832,6.642674016,carbonZ_2018-07-30-16-39-00_3_no_failure,normal,-4.90000009537,-280.0703125,-15.1830615997,110,-35.8356018066,-4.97098827362,-37.3770637512,15.4120550156,-12.714466095,1.81529903412,0
1532135131711712944,6.710292128,carbonZ_2018-07-30-16-39-00_3_no_failure,normal,-4.90000009537,-280.0703125,-15.1830615997,110,-35.8356018066,-4.97098827362,-37.3770637512,15.1837463379,-12.9307641983,1.78864526749,0
1532135131776153008,6.774732192,carbonZ_2018-07-30-16-39-00_3_no_failure,normal,-4.75999975204,-274.49987793,-17.0663089752,111,-35.8356018066,-4.97098827362,-37.3770637512,14.8302965164,-13.2602767944,1.73979198933,0
1532135131807540496,6.80611968,carbonZ_2018-07-30-16-39-00_3_no_failure,normal,-4.75999975204,-274.49987793,-17.0663089752,111,-35.8356018066,-4.97098827362,-37.3770637512,14.6963844299,-13.3695306778,1.71282207966,0
1532135131881452496,6.88003168,carbonZ_2018-07-30-16-39-00_3_no_failure,normal,-4.63000011444,-278.961364746,-18.8975696564,112,-35.8356018066,-4.97098827362,-37.3770637512,13.918633461,-13.9668607712,1.62466180325,0
1532135131960100208,6.958679392,carbonZ_2018-07-30-16-39-00_3_no_failure,normal,-4.50999975204,-286.818511963,-20.6768398285,113,-38.014629364,-4.31083011627,-48.0325889587,13.6625270844,-14.1579933167,1.62750566006,0
1532135131995316464,6.993895648,carbonZ_2018-07-30-16-39-00_3_no_failure,normal,-4.50999975204,-286.818511963,-20.6768398285,113,-38.014629364,-4.31083011627,-48.0325889587,13.2579851151,-14.4249849319,1.59625279903,0
1532135132049415568,7.047994752,carbonZ_2018-07-30-16-39-00_3_no_failure,normal,-4.38000011444,-290.554229736,-22.4452152252,113,-38.014629364,-4.31083011627,-48.0325889587,13.1128435135,-14.5185976028,1.59520673752,0
1532135132095796304,7.094375488,carbonZ_2018-07-30-16-39-00_3_no_failure,normal,-4.38000011444,-290.554229736,-22.4452152252,113,-38.014629364,-4.31083011627,-48.0325889587,12.7140674591,-14.7646274567,1.58500492573,0
1532135132164857808,7.163436992,carbonZ_2018-07-30-16-39-00_3_no_failure,normal,-4.25999975204,-277.533538818,-24.1405944824,114,-38.014629364,-4.31083011627,-48.0325889587,12.314658165,-15.0010519028,1.60439538956,0
1532135132237253168,7.235832352,carbonZ_2018-07-30-16-39-00_3_no_failure,normal,-4.25999975204,-277.533538818,-24.1405944824,114,-38.014629364,-4.31083011627,-48.0325889587,11.750369072,-15.2979135513,1.61016881466,0
1532135132280126192,7.278705376,carbonZ_2018-07-30-16-39-00_3_no_failure,normal,-4.13999986649,-279.744537354,-25.807718277,115,-38.014629364,-4.31083011627,-48.0325889587,11.4705209732,-15.4373931885,1.6158144474,0
1532135132289939824,7.288519008,carbonZ_2018-07-30-16-39-00_3_no_failure,normal,-4.13999986649,-279.744537354,-25.807718277,115,-38.014629364,-4.31083011627,-48.0325889587,11.3329629898,-15.5067358017,1.63107407093,0
1532135132367693616,7.3662728,carbonZ_2018-07-30-16-39-00_3_no_failure,normal,-4.00999975204,-270.494659424,-27.4292316437,115,-38.014629364,-4.31083011627,-48.0325889587,10.9171848297,-15.7068748474,1.6436496973,0
1532135132396870320,7.395449504,carbonZ_2018-07-30-16-39-00_3_no_failure,normal,-4.00999975204,-270.494659424,-27.4292316437,115,-39.5930671692,-3.4677298069,-57.8410606384,10.9171848297,-15.7068748474,1.6436496973,0
1532135132494468144,7.493047328,carbonZ_2018-07-30-16-39-00_3_no_failure,normal,-3.86999988556,-251.222610474,-29.0014858246,116,-39.5930671692,-3.4677298069,-57.8410606384,9.92881774902,-16.1091690063,1.71391296387,0
1532135132548702928,7.547282112,carbonZ_2018-07-30-16-39-00_3_no_failure,normal,-3.74000000954,-239.89352417,-30.5281429291,116,-39.5930671692,-3.4677298069,-57.8410606384,9.51069164276,-16.2683124542,1.75625824928,0
1532135132602147696,7.60072688,carbonZ_2018-07-30-16-39-00_3_no_failure,normal,-3.74000000954,-239.89352417,-30.5281429291,116,-39.5930671692,-3.4677298069,-57.8410606384,9.22173595428,-16.3665599823,1.7581012249,0
1532135132660554672,7.659133856,carbonZ_2018-07-30-16-39-00_3_no_failure,normal,-3.59999990463,-239.071655273,-31.9918403625,117,-39.5930671692,-3.4677298069,-57.8410606384,8.77554893494,-16.5098571777,1.76996135712,0
1532135132688848880,7.687428064,carbonZ_2018-07-30-16-39-00_3_no_failure,normal,-3.59999990463,-239.071655273,-31.9918403625,117,-39.5930671692,-3.4677298069,-57.8410606384,8.33679294586,-16.6469135284,1.77700233459,0
1532135132764126800,7.762705984,carbonZ_2018-07-30-16-39-00_3_no_failure,normal,-3.44999980927,-226.070220947,-33.4026222229,117,-39.5930671692,-3.4677298069,-57.8410606384,7.75908565521,-16.8114356995,1.79912126064,0
1532135132842034064,7.840613248,carbonZ_2018-07-30-16-39-00_3_no_failure,normal,-3.44999980927,-226.070220947,-33.4026222229,117,-38.8562889099,-3.83032655716,-69.0180206299,7.33454704285,-16.9027233124,1.82079982758,0
1532135132859928752,7.858507936,carbonZ_2018-07-30-16-39-00_3_no_failure,normal,-3.30999994278,-214.50100708,-34.743144989,117,-38.8562889099,-3.83032655716,-69.0180206299,7.33454704285,-16.9027233124,1.82079982758,0
1532135132896364240,7.894943424,carbonZ_2018-07-30-16-39-00_3_no_failure,normal,-3.30999994278,-214.50100708,-34.743144989,117,-38.8562889099,-3.83032655716,-69.0180206299,7.04568386078,-16.9683914185,1.85318553448,0
1532135133002348784,8.000927968,carbonZ_2018-07-30-16-39-00_3_no_failure,normal,-3.15999984741,-198.352432251,-36.0517616272,118,-38.8562889099,-3.83032655716,-69.0180206299,6.3498044014,-17.1013774872,1.91972339153,0
1532135133052589488,8.051168672,carbonZ_2018-07-30-16-39-00_3_no_failure,normal,-3.0,-185.084152222,-37.3001441956,118,-38.8562889099,-3.83032655716,-69.0180206299,5.76749038696,-17.1839580536,1.96400666237,0
1532135133096389040,8.094968224,carbonZ_2018-07-30-16-39-00_3_no_failure,normal,-3.0,-185.084152222,-37.3001441956,118,-38.8562889099,-3.83032655716,-69.0180206299,5.62123060226,-17.2040309906,1.97526526451,0
1532135133173605424,8.172184608,carbonZ_2018-07-30-16-39-00_3_no_failure,normal,-2.82999992371,-192.156219482,-38.4819335938,118,-38.3343429565,-4.86229276657,-77.5661468506,5.03206920624,-17.2879600525,1.98610949516,0
1532135133205888720,8.204467904,carbonZ_2018-07-30-16-39-00_3_no_failure,normal,-2.82999992371,-192.156219482,-38.4819335938,118,-38.3343429565,-4.86229276657,-77.5661468506,4.88567209244,-17.3015613556,1.99163901806,0
1532135133241583408,8.240162592,carbonZ_2018-07-30-16-39-00_3_no_failure,normal,-2.66999983788,-182.632263184,-39.607131958,118,-38.3343429565,-4.86229276657,-77.5661468506,4.32253217697,-17.3372821808,2.02361083031,0
1532135133310240592,8.308819776,carbonZ_2018-07-30-16-39-00_3_no_failure,normal,-2.66999983788,-182.632263184,-39.607131958,118,-38.3343429565,-4.86229276657,-77.5661468506,4.04638147354,-17.3490982056,2.03409552574,0
1532135133355805712,8.354384896,carbonZ_2018-07-30-16-39-00_3_no_failure,normal,-2.5,-179.838562012,-40.6858139038,118,-38.3343429565,-4.86229276657,-77.5661468506,3.77645325661,-17.3615531921,2.06555461884,0
1532135133422214160,8.420793344,carbonZ_2018-07-30-16-39-00_3_no_failure,normal,-2.5,-179.838562012,-40.6858139038,118,-38.3343429565,-4.86229276657,-77.5661468506,3.36219716072,-17.3559761047,2.09045171738,0
1532135133446582032,8.445161216,carbonZ_2018-07-30-16-39-00_3_no_failure,normal,-2.31999993324,-181.522369385,-41.6905708313,119,-38.3343429565,-4.86229276657,-77.5661468506,3.09720230103,-17.345867157,2.10346889496,0
1532135133486552208,8.485131392,carbonZ_2018-07-30-16-39-00_3_no_failure,normal,-2.31999993324,-181.522369385,-41.6905708313,119,-38.3343429565,-4.86229276657,-77.5661468506,2.83446073532,-17.3336620331,2.14879608154,0
1532135133549955184,8.548534368,carbonZ_2018-07-30-16-39-00_3_no_failure,normal,-2.13999986649,-178.558166504,-42.6487998962,119,-37.4322624207,-5.66980075836,-87.639755249,2.34400010109,-17.2993602753,2.26524734497,0
1532135133613254544,8.611833728,carbonZ_2018-07-30-16-39-00_3_no_failure,normal,-2.13999986649,-178.558166504,-42.6487998962,119,-37.4322624207,-5.66980075836,-87.639755249,2.10568642616,-17.2647171021,2.30490732193,0
1532135133679344336,8.67792352,carbonZ_2018-07-30-16-39-00_3_no_failure,normal,-1.94999992847,-164.301300049,-43.5495262146,119,-37.4322624207,-5.66980075836,-87.639755249,1.72902429104,-17.2204818726,2.36339235306,0
1532135133701038512,8.699617696,carbonZ_2018-07-30-16-39-00_3_no_failure,normal,-1.94999992847,-164.301300049,-43.5495262146,119,-37.4322624207,-5.66980075836,-87.639755249,1.72902429104,-17.2204818726,2.36339235306,0
1532135133767322960,8.765902144,carbonZ_2018-07-30-16-39-00_3_no_failure,normal,-1.74000000954,-156.740386963,-44.3927574158,119,-37.4322624207,-5.66980075836,-87.639755249,1.10833251476,-17.1437320709,2.46449637413,0
1532135133806509712,8.805088896,carbonZ_2018-07-30-16-39-00_3_no_failure,normal,-1.74000000954,-156.740386963,-44.3927574158,119,-37.4322624207,-5.66980075836,-87.639755249,0.975887298584,-17.1221408844,2.48118925095,0
1532135133846627632,8.845206816,carbonZ_2018-07-30-16-39-00_3_no_failure,normal,-1.50999999046,-147.043991089,-45.1794204712,119,-37.4322624207,-5.66980075836,-87.639755249,0.579552531242,-17.0548667908,2.5119137764,0
1532135133913839664,8.912418848,carbonZ_2018-07-30-16-39-00_3_no_failure,normal,-1.50999999046,-147.043991089,-45.1794204712,119,-37.4322624207,-5.66980075836,-87.639755249,0.193607136607,-16.9864368439,2.54991483688,0
1532135133982754064,8.981333248,carbonZ_2018-07-30-16-39-00_3_no_failure,normal,-1.27999997139,-148.090362549,-45.9085845947,119,-37.4322624207,-5.66980075836,-87.639755249,-0.171972408891,-16.9150886536,2.61945033073,0
1532135134005582576,9.00416176,carbonZ_2018-07-30-16-39-00_3_no_failure,normal,-1.27999997139,-148.090362549,-45.9085845947,119,-37.4322624207,-5.66980075836,-87.639755249,-0.29000928998,-16.8813877106,2.6433904171,0
1532135134051480944,9.050060128,carbonZ_2018-07-30-16-39-00_3_no_failure,normal,-1.04999995232,-137.518493652,-46.5702095032,118,-35.9370918274,-7.17827606201,-100.394706726,-0.649405896664,-16.7839508057,2.7075676918,0
1532135134093748912,9.092328096,carbonZ_2018-07-30-16-39-00_3_no_failure,normal,-1.04999995232,-137.518493652,-46.5702095032,118,-35.9370918274,-7.17827606201,-100.394706726,-0.883058428764,-16.7191028595,2.76539993286,0
1532135134143681680,9.142260864,carbonZ_2018-07-30-16-39-00_3_no_failure,normal,-1.04999995232,-137.518493652,-46.5702095032,118,-35.9370918274,-7.17827606201,-100.394706726,-1.12583172321,-16.6524524689,2.7889521122,0
1532135134203428144,9.202007328,carbonZ_2018-07-30-16-39-00_3_no_failure,normal,-0.799999952316,-139.329910278,-47.1780014038,118,-35.9370918274,-7.17827606201,-100.394706726,-1.50737798214,-16.545173645,2.81615281105,0
1532135134242194768,9.240773952,carbonZ_2018-07-30-16-39-00_3_no_failure,normal,-0.539999961853,-137.880325317,-47.7282867432,118,-35.9370918274,-7.17827606201,-100.394706726,-2.02690434456,-16.3768978119,2.81046485901,0
1532135134305257520,9.303836704,carbonZ_2018-07-30-16-39-00_3_no_failure,normal,-0.539999961853,-137.880325317,-47.7282867432,118,-35.9370918274,-7.17827606201,-100.394706726,-2.02690434456,-16.3768978119,2.81046485901,0
1532135134365855152,9.364434336,carbonZ_2018-07-30-16-39-00_3_no_failure,normal,-0.280000001192,-149.843978882,-48.2174224854,118,-35.9370918274,-7.17827606201,-100.394706726,-2.67180323601,-16.1499576569,2.81628060341,0
1532135134453707056,9.45228624,carbonZ_2018-07-30-16-39-00_3_no_failure,normal,-0.019999999553,-158.758163452,-48.6390190125,118,-35.5421409607,-6.91611146927,-110.35949707,-3.20660710335,-15.9284572601,2.80571699142,0
1532135134481056112,9.479635296,carbonZ_2018-07-30-16-39-00_3_no_failure,normal,-0.019999999553,-158.758163452,-48.6390190125,118,-35.5421409607,-6.91611146927,-110.35949707,-3.34435033798,-15.8686523438,2.80337691307,0
1532135134544316944,9.542896128,carbonZ_2018-07-30-16-39-00_3_no_failure,normal,0.239999994636,-155.777359009,-48.9921646118,117,-35.5421409607,-6.91611146927,-110.35949707,-3.90567851067,-15.6259555817,2.79269790649,0
1532135134603658192,9.602237376,carbonZ_2018-07-30-16-39-00_3_no_failure,normal,0.239999994636,-155.777359009,-48.9921646118,117,-35.5421409607,-6.91611146927,-110.35949707,-4.20613718033,-15.486782074,2.77207827568,0
1532135134630036144,9.628615328,carbonZ_2018-07-30-16-39-00_3_no_failure,normal,0.239999994636,-155.777359009,-48.9921646118,117,-35.5421409607,-6.91611146927,-110.35949707,-4.51423311234,-15.3344650269,2.75385141373,0
1532135134674058000,9.672637184,carbonZ_2018-07-30-16-39-00_3_no_failure,normal,0.5,-164.219848633,-49.2576904297,117,-35.5421409607,-6.91611146927,-110.35949707,-4.81419992447,-15.1784448624,2.72616076469,0
1532135134694698832,9.693278016,carbonZ_2018-07-30-16-39-00_3_no_failure,normal,0.5,-164.219848633,-49.2576904297,117,-35.5421409607,-6.91611146927,-110.35949707,-4.9636926651,-15.1001176834,2.73069381714,0
1532135134784021616,9.7826008,carbonZ_2018-07-30-16-39-00_3_no_failure,normal,0.759999990463,-163.014602661,-49.4584121704,116,-35.5421409607,-6.91611146927,-110.35949707,-5.56214857101,-14.7678775787,2.72105622292,0
1532135134813912176,9.81249136,carbonZ_2018-07-30-16-39-00_3_no_failure,normal,0.759999990463,-163.014602661,-49.4584121704,116,-41.3519439697,-5.3083524704,-119.927619934,-5.70410728455,-14.6777143478,2.72440004349,0
1532135134857788368,9.856367552,carbonZ_2018-07-30-16-39-00_3_no_failure,normal,1.00999999046,-159.202758789,-49.5569000244,116,-41.3519439697,-5.3083524704,-119.927619934,-6.26387834549,-14.3100471497,2.75585651398,0
1532135134897630992,9.896210176,carbonZ_2018-07-30-16-39-00_3_no_failure,normal,1.00999999046,-159.202758789,-49.5569000244,116,-41.3519439697,-5.3083524704,-119.927619934,-6.26387834549,-14.3100471497,2.75585651398,0
1532135134929397488,9.927976672,carbonZ_2018-07-30-16-39-00_3_no_failure,normal,1.00999999046,-159.202758789,-49.5569000244,116,-41.3519439697,-5.3083524704,-119.927619934,-6.66099405289,-14.0366601944,2.77904343605,0
1532135134968268304,9.966847488,carbonZ_2018-07-30-16-39-00_3_no_failure,normal,1.26999998093,-148.704147339,-49.5768890381,115,-41.3519439697,-5.3083524704,-119.927619934,-6.91893911362,-13.8532619476,2.81554722786,0
1532135135011580752,10.010159936,carbonZ_2018-07-30-16-39-00_3_no_failure,normal,1.26999998093,-148.704147339,-49.5768890381,115,-41.3519439697,-5.3083524704,-119.927619934,-7.17423868179,-13.6495628357,2.83621501923,0
1532135135051913072,10.050492256,carbonZ_2018-07-30-16-39-00_3_no_failure,normal,1.53999996185,-143.829528809,-49.5183753967,115,-41.3519439697,-5.3083524704,-119.927619934,-7.422996521,-13.4446058273,2.83445477486,0
1532135135091196112,10.089775296,carbonZ_2018-07-30-16-39-00_3_no_failure,normal,1.53999996185,-143.829528809,-49.5183753967,115,-41.3519439697,-5.3083524704,-119.927619934,-7.78753232956,-13.1471118927,2.83890748024,0
1532135135167589616,10.1661688,carbonZ_2018-07-30-16-39-00_3_no_failure,normal,1.79999995232,-134.342193604,-49.3877487183,114,-39.88489151,-3.98540687561,-128.487518311,-8.03621578217,-12.9399671555,2.83607077599,0
1532135135199049136,10.19762832,carbonZ_2018-07-30-16-39-00_3_no_failure,normal,1.79999995232,-134.342193604,-49.3877487183,114,-39.88489151,-3.98540687561,-128.487518311,-8.40674972534,-12.6109867096,2.80777478218,0
1532135135299574992,10.298154176,carbonZ_2018-07-30-16-39-00_3_no_failure,normal,2.06999993324,-139.618682861,-49.1849975586,114,-39.88489151,-3.98540687561,-128.487518311,-8.85011959076,-12.1766328812,2.71369934082,0
1532135135375290704,10.373869888,carbonZ_2018-07-30-16-39-00_3_no_failure,normal,2.32999992371,-150.515930176,-48.9092063904,113,-39.88489151,-3.98540687561,-128.487518311,-9.27518177032,-11.7483234406,2.5834748745,0
1532135135398063760,10.396642944,carbonZ_2018-07-30-16-39-00_3_no_failure,normal,2.32999992371,-150.515930176,-48.9092063904,113,-39.88489151,-3.98540687561,-128.487518311,-9.37058448792,-11.63834095,2.5536646843,0
1532135135429566960,10.428146144,carbonZ_2018-07-30-16-39-00_3_no_failure,normal,2.32999992371,-150.515930176,-48.9092063904,113,-39.88489151,-3.98540687561,-128.487518311,-9.55404663086,-11.4203796387,2.4996213913,0
1532135135520291888,10.518871072,carbonZ_2018-07-30-16-39-00_3_no_failure,normal,2.55999994278,-149.39251709,-48.5649490356,112,-39.88489151,-3.98540687561,-128.487518311,-9.8867931366,-11.0053768158,2.42888951302,0
1532135135549545232,10.548124416,carbonZ_2018-07-30-16-39-00_3_no_failure,normal,2.78999996185,-145.964996338,-48.1522293091,111,-30.9556159973,-2.9916665554,-139.928131104,-10.0426502228,-10.8030834198,2.39322710037,0
1532135135585428048,10.584007232,carbonZ_2018-07-30-16-39-00_3_no_failure,normal,2.78999996185,-145.964996338,-48.1522293091,111,-30.9556159973,-2.9916665554,-139.928131104,-10.1870689392,-10.5976581573,2.35425901413,0
1532135135643599504,10.642178688,carbonZ_2018-07-30-16-39-00_3_no_failure,normal,2.99000000954,-133.702270508,-47.6975059509,110,-30.9556159973,-2.9916665554,-139.928131104,-10.318488121,-10.3896160126,2.31857800484,0
1532135135717732784,10.716311968,carbonZ_2018-07-30-16-39-00_3_no_failure,normal,2.99000000954,-133.702270508,-47.6975059509,110,-30.9556159973,-2.9916665554,-139.928131104,-10.5915021896,-9.96896076202,2.19252896309,0
1532135135733832976,10.73241216,carbonZ_2018-07-30-16-39-00_3_no_failure,normal,2.99000000954,-133.702270508,-47.6975059509,110,-30.9556159973,-2.9916665554,-139.928131104,-10.6556758881,-9.8646402359,2.15607190132,0
1532135135805135088,10.803714272,carbonZ_2018-07-30-16-39-00_3_no_failure,normal,3.1899998188,-138.528259277,-47.1807022095,109,-30.9556159973,-2.9916665554,-139.928131104,-10.8326387405,-9.55685997009,2.04978442192,0
1532135135844611152,10.843190336,carbonZ_2018-07-30-16-39-00_3_no_failure,normal,3.36999988556,-137.317840576,-46.6319274902,109,-30.9556159973,-2.9916665554,-139.928131104,-10.9843502045,-9.2476272583,1.92625057697,0
1532135135886697488,10.885276672,carbonZ_2018-07-30-16-39-00_3_no_failure,normal,3.36999988556,-137.317840576,-46.6319274902,109,-30.9556159973,-2.9916665554,-139.928131104,-11.0772390366,-9.0491399765,1.84447181225,0
1532135135933458864,10.932038048,carbonZ_2018-07-30-16-39-00_3_no_failure,normal,3.36999988556,-137.317840576,-46.6319274902,109,-22.1013584137,-1.13141345978,-150.036468506,-11.1605682373,-8.85793209076,1.77463436127,0
1532135135965312816,10.963892,carbonZ_2018-07-30-16-39-00_3_no_failure,normal,3.52999997139,-144.348907471,-46.0347671509,108,-22.1013584137,-1.13141345978,-150.036468506,-11.2411851883,-8.67707633972,1.70938014984,0
1532135136036804368,11.035383552,carbonZ_2018-07-30-16-39-00_3_no_failure,normal,3.52999997139,-144.348907471,-46.0347671509,108,-22.1013584137,-1.13141345978,-150.036468506,-11.3293495178,-8.40216732025,1.60944843292,0
1532135136055384496,11.05396368,carbonZ_2018-07-30-16-39-00_3_no_failure,normal,3.67999982834,-129.588699341,-45.4019813538,107,-22.1013584137,-1.13141345978,-150.036468506,-11.3575487137,-8.31462192535,1.57776236534,0
1532135136118601136,11.11718032,carbonZ_2018-07-30-16-39-00_3_no_failure,normal,3.67999982834,-129.588699341,-45.4019813538,107,-22.1013584137,-1.13141345978,-150.036468506,-11.4418411255,-8.05741500854,1.47126352787,0
1532135136171764048,11.170343232,carbonZ_2018-07-30-16-39-00_3_no_failure,normal,3.79999995232,-134.382049561,-44.7481956482,106,-22.1013584137,-1.13141345978,-150.036468506,-11.5155735016,-7.8137254715,1.36736142635,0
1532135136241256496,11.23983568,carbonZ_2018-07-30-16-39-00_3_no_failure,normal,3.79999995232,-134.382049561,-44.7481956482,106,-22.1013584137,-1.13141345978,-150.036468506,-11.5553874969,-7.57950639725,1.24732863903,0
1532135136263475600,11.262054784,carbonZ_2018-07-30-16-39-00_3_no_failure,normal,3.89999985695,-136.203186035,-44.0724716187,105,-22.1013584137,-1.13141345978,-150.036468506,-11.5553874969,-7.57950639725,1.24732863903,0
1532135136341675568,11.340254752,carbonZ_2018-07-30-16-39-00_3_no_failure,normal,3.89999985695,-136.203186035,-44.0724716187,105,-22.1013584137,-1.13141345978,-150.036468506,-11.6408777237,-7.09335708618,0.925351202488,0
1532135136361365520,11.359944704,carbonZ_2018-07-30-16-39-00_3_no_failure,normal,3.98000001907,-134.338195801,-43.3657150269,104,-13.8701572418,1.84349453449,-154.243545532,-11.6408777237,-7.09335708618,0.925351202488,0
1532135136396853776,11.39543296,carbonZ_2018-07-30-16-39-00_3_no_failure,normal,3.98000001907,-134.338195801,-43.3657150269,104,-13.8701572418,1.84349453449,-154.243545532,-11.6460676193,-7.02500915527,0.864744544029,0
1532135136452148976,11.45072816,carbonZ_2018-07-30-16-39-00_3_no_failure,normal,4.01999998093,-138.767059326,-42.6580314636,103,-13.8701572418,1.84349453449,-154.243545532,-11.6591119766,-6.82694721222,0.684796333313,0
1532135136494440176,11.49301936,carbonZ_2018-07-30-16-39-00_3_no_failure,normal,4.01999998093,-138.767059326,-42.6580314636,103,-13.8701572418,1.84349453449,-154.243545532,-11.6663236618,-6.70385408401,0.581467270851,0
1532135136550901008,11.549480192,carbonZ_2018-07-30-16-39-00_3_no_failure,normal,4.03999996185,-127.833366394,-41.9357261658,102,-13.8701572418,1.84349453449,-154.243545532,-11.6712608337,-6.48167562485,0.423699378967,0
1532135136598924016,11.5975032,carbonZ_2018-07-30-16-39-00_3_no_failure,normal,4.03999996185,-127.833366394,-41.9357261658,102,-13.8701572418,1.84349453449,-154.243545532,-11.6608295441,-6.43187618256,0.383123934269,0
1532135136646836688,11.645415872,carbonZ_2018-07-30-16-39-00_3_no_failure,normal,4.03999996185,-128.377532959,-41.2061080933,101,-13.8701572418,1.84349453449,-154.243545532,-11.6280651093,-6.29430961609,0.257522255182,0
1532135136711575536,11.71015472,carbonZ_2018-07-30-16-39-00_3_no_failure,normal,4.03999996185,-128.377532959,-41.2061080933,101,-13.8701572418,1.84349453449,-154.243545532,-11.5892705917,-6.18811845779,0.200509086251,0
1532135136774716464,11.773295648,carbonZ_2018-07-30-16-39-00_3_no_failure,normal,4.00999975204,-106.225013733,-40.4691810608,100,-6.64148664474,3.76797890663,-155.23727417,-11.5462217331,-6.10714197159,0.201897829771,0
1532135136847105648,11.845684832,carbonZ_2018-07-30-16-39-00_3_no_failure,normal,4.00999975204,-106.225013733,-40.4691810608,100,-6.64148664474,3.76797890663,-155.23727417,-11.4744329453,-6.04165887833,0.183160290122,0
1532135136866473712,11.865052896,carbonZ_2018-07-30-16-39-00_3_no_failure,normal,3.99000000954,-85.4337692261,-39.7486724854,99,-6.64148664474,3.76797890663,-155.23727417,-11.4527263641,-6.02511119843,0.175499811769,0
1532135136905558032,11.904137216,carbonZ_2018-07-30-16-39-00_3_no_failure,normal,3.99000000954,-85.4337692261,-39.7486724854,99,-6.64148664474,3.76797890663,-155.23727417,-11.3862295151,-5.98251485825,0.157243803144,0
1532135136945424880,11.944004064,carbonZ_2018-07-30-16-39-00_3_no_failure,normal,3.95999979973,-69.5793151855,-39.0245132446,98,-6.64148664474,3.76797890663,-155.23727417,-11.3425922394,-5.96477890015,0.151265263557,0
1532135137002148368,12.000727552,carbonZ_2018-07-30-16-39-00_3_no_failure,normal,3.95999979973,-69.5793151855,-39.0245132446,98,-6.64148664474,3.76797890663,-155.23727417,-11.262804985,-5.95022916794,0.148745968938,0
1532135137045398064,12.043977248,carbonZ_2018-07-30-16-39-00_3_no_failure,normal,3.92999982834,-54.0853500366,-38.3304634094,98,-6.64148664474,3.76797890663,-155.23727417,-11.2111549377,-5.94384717941,0.140244469047,0
1532135137113729488,12.112308672,carbonZ_2018-07-30-16-39-00_3_no_failure,normal,3.92999982834,-54.0853500366,-38.3304634094,98,2.41906809807,3.73183059692,-156.332183838,-11.1337652206,-5.94836807251,0.150333791971,0
1532135137156322224,12.154901408,carbonZ_2018-07-30-16-39-00_3_no_failure,normal,3.91999983788,-29.6792984009,-37.6400680542,97,2.41906809807,3.73183059692,-156.332183838,-11.0865449905,-5.95487833023,0.161024361849,0
1532135137186403440,12.184982624,carbonZ_2018-07-30-16-39-00_3_no_failure,normal,3.91999983788,-29.6792984009,-37.6400680542,97,2.41906809807,3.73183059692,-156.332183838,-11.0408945084,-5.96493196487,0.18230420351,0
1532135137281871760,12.280450944,carbonZ_2018-07-30-16-39-00_3_no_failure,normal,3.89999985695,-23.59790802,-36.9734077454,96,2.41906809807,3.73183059692,-156.332183838,-10.9222278595,-5.99572610855,0.200694784522,0
1532135137356272080,12.354851264,carbonZ_2018-07-30-16-39-00_3_no_failure,normal,3.88999986649,-5.8422088623,-36.3167762756,95,2.41906809807,3.73183059692,-156.332183838,-10.8253355026,-6.02541065216,0.280616253614,0
1532135137419337936,12.41791712,carbonZ_2018-07-30-16-39-00_3_no_failure,normal,3.88999986649,-5.8422088623,-36.3167762756,95,5.90835762024,2.80198049545,-157.761779785,-10.751868248,-6.04433965683,0.36238348484,0
1532135137448511376,12.44709056,carbonZ_2018-07-30-16-39-00_3_no_failure,normal,3.88999986649,0.821590423584,-35.6802215576,94,5.90835762024,2.80198049545,-157.761779785,-10.7078695297,-6.05541658401,0.4196190238,0
1532135137510593296,12.50917248,carbonZ_2018-07-30-16-39-00_3_no_failure,normal,3.88999986649,0.821590423584,-35.6802215576,94,5.90835762024,2.80198049545,-157.761779785,-10.6523952484,-6.07613277435,0.495944947004,0
1532135137578115088,12.576694272,carbonZ_2018-07-30-16-39-00_3_no_failure,normal,3.90999984741,8.05521011353,-35.0509796143,94,5.90835762024,2.80198049545,-157.761779785,-10.6026573181,-6.11134529114,0.575551867485,0
1532135137609322736,12.60790192,carbonZ_2018-07-30-16-39-00_3_no_failure,normal,3.90999984741,8.05521011353,-35.0509796143,94,5.90835762024,2.80198049545,-157.761779785,-10.5769824982,-6.1271905899,0.599949002266,0
1532135137641445392,12.640024576,carbonZ_2018-07-30-16-39-00_3_no_failure,normal,3.94999980927,19.6362495422,-34.4317779541,93,5.90835762024,2.80198049545,-157.761779785,-10.5032711029,-6.17466831207,0.71431428194,0
1532135137711672112,12.710251296,carbonZ_2018-07-30-16-39-00_3_no_failure,normal,3.94999980927,19.6362495422,-34.4317779541,93,5.90835762024,2.80198049545,-157.761779785,-10.4780101776,-6.19647550583,0.77379578352,0
1532135137771857520,12.770436704,carbonZ_2018-07-30-16-39-00_3_no_failure,normal,4.00999975204,23.7764358521,-33.8262634277,92,5.90835762024,2.80198049545,-157.761779785,-10.4377880096,-6.25401973724,0.852560698986,0
1532135137832438256,12.83101744,carbonZ_2018-07-30-16-39-00_3_no_failure,normal,4.00999975204,23.7764358521,-33.8262634277,92,5.90835762024,2.80198049545,-157.761779785,-10.3844823837,-6.32116508484,0.876751959324,0
1532135137860267408,12.858846592,carbonZ_2018-07-30-16-39-00_3_no_failure,normal,4.07999992371,20.2852249146,-33.2207565308,91,5.90835762024,2.80198049545,-157.761779785,-10.3738422394,-6.34398031235,0.885106623173,0
1532135137891099856,12.88967904,carbonZ_2018-07-30-16-39-00_3_no_failure,normal,4.07999992371,20.2852249146,-33.2207565308,91,9.55722141266,0.365241795778,-155.81098938,-10.330037117,-6.43366098404,0.902165949345,0
1532135137964984560,12.963563744,carbonZ_2018-07-30-16-39-00_3_no_failure,normal,4.15999984741,10.7540130615,-32.6325912476,91,9.55722141266,0.365241795778,-155.81098938,-10.2972126007,-6.52204227448,0.905194818974,0
1532135138044954192,13.043533376,carbonZ_2018-07-30-16-39-00_3_no_failure,normal,4.15999984741,10.7540130615,-32.6325912476,91,9.55722141266,0.365241795778,-155.81098938,-10.2438964844,-6.62823629379,0.930222153664,0
1532135138072090608,13.070669792,carbonZ_2018-07-30-16-39-00_3_no_failure,normal,4.25,19.0455436707,-32.051738739,90,9.55722141266,0.365241795778,-155.81098938,-10.2110729218,-6.69614934921,0.962491333485,0
1532135138115466032,13.114045216,carbonZ_2018-07-30-16-39-00_3_no_failure,normal,4.25,19.0455436707,-32.051738739,90,9.55722141266,0.365241795778,-155.81098938,-10.1877584457,-6.75343465805,1.02028989792,0
1532135138165349648,13.163928832,carbonZ_2018-07-30-16-39-00_3_no_failure,normal,4.33999967575,23.5861778259,-31.4818496704,90,9.55722141266,0.365241795778,-155.81098938,-10.1457529068,-6.86181974411,1.10316812992,0
1532135138215352784,13.213931968,carbonZ_2018-07-30-16-39-00_3_no_failure,normal,4.33999967575,23.5861778259,-31.4818496704,90,9.55722141266,0.365241795778,-155.81098938,-10.1138830185,-6.93099498749,1.129809618,0
1532135138279536432,13.278115616,carbonZ_2018-07-30-16-39-00_3_no_failure,normal,4.44999980927,36.8885040283,-30.9256534576,89,13.7532463074,-1.07778549194,-153.196350098,-10.0634908676,-7.05533027649,1.16118884087,0
1532135138290496368,13.289075552,carbonZ_2018-07-30-16-39-00_3_no_failure,normal,4.44999980927,36.8885040283,-30.9256534576,89,13.7532463074,-1.07778549194,-153.196350098,-10.048707962,-7.09121227264,1.16711497307,0
1532135138345903408,13.344482592,carbonZ_2018-07-30-16-39-00_3_no_failure,normal,4.55999994278,37.6580238342,-30.3804206848,88,13.7532463074,-1.07778549194,-153.196350098,-10.0173625946,-7.20258760452,1.19779908657,0
1532135138410346064,13.408925248,carbonZ_2018-07-30-16-39-00_3_no_failure,normal,4.55999994278,37.6580238342,-30.3804206848,88,13.7532463074,-1.07778549194,-153.196350098,-9.98570728302,-7.27845859528,1.22813558578,0
1532135138447028976,13.44560816,carbonZ_2018-07-30-16-39-00_3_no_failure,normal,4.69000005722,31.2685012817,-29.8625774384,88,13.7532463074,-1.07778549194,-153.196350098,-9.94648075104,-7.3776473999,1.29396319389,0
1532135138532158064,13.530737248,carbonZ_2018-07-30-16-39-00_3_no_failure,normal,4.69000005722,31.2685012817,-29.8625774384,88,13.7532463074,-1.07778549194,-153.196350098,-9.90616893768,-7.50310945511,1.36757957935,0
1532135138583371504,13.581950688,carbonZ_2018-07-30-16-39-00_3_no_failure,normal,4.81999969482,24.2649078369,-29.3420066833,87,13.7532463074,-1.07778549194,-153.196350098,-9.88985061646,-7.57662963867,1.39524805546,0
1532135138619879280,13.618458464,carbonZ_2018-07-30-16-39-00_3_no_failure,normal,4.81999969482,24.2649078369,-29.3420066833,87,10.7537078857,-1.96410417557,-151.069854736,-9.8697719574,-7.64107942581,1.39169979095,0
1532135138646140848,13.644720032,carbonZ_2018-07-30-16-39-00_3_no_failure,normal,4.96000003815,8.05082321167,-28.8387794495,87,10.7537078857,-1.96410417557,-151.069854736,-9.85101413727,-7.71797037125,1.38693201542,0
1532135138684270512,13.682849696,carbonZ_2018-07-30-16-39-00_3_no_failure,normal,4.96000003815,8.05082321167,-28.8387794495,87,10.7537078857,-1.96410417557,-151.069854736,-9.83345031738,-7.78847503662,1.35706698895,0
1532135138754646864,13.753226048,carbonZ_2018-07-30-16-39-00_3_no_failure,normal,5.09999990463,1.84106826782,-28.3455905914,86,10.7537078857,-1.96410417557,-151.069854736,-9.80990600586,-7.89388465881,1.36697030067,0
1532135138795811216,13.7943904,carbonZ_2018-07-30-16-39-00_3_no_failure,normal,5.09999990463,1.84106826782,-28.3455905914,86,10.7537078857,-1.96410417557,-151.069854736,-9.78255558014,-7.98824357986,1.38168394566,0
1532135138853638288,13.852217472,carbonZ_2018-07-30-16-39-00_3_no_failure,normal,5.25,1.71175003052,-27.8670253754,86,10.7537078857,-1.96410417557,-151.069854736,-9.7571849823,-8.0570306778,1.40564274788,0
1532135138886885936,13.88546512,carbonZ_2018-07-30-16-39-00_3_no_failure,normal,5.25,1.71175003052,-27.8670253754,86,9.36207389832,-1.82282078266,-149.187011719,-9.73865127563,-8.14155864716,1.4349052906,0
1532135138964795792,13.963374976,carbonZ_2018-07-30-16-39-00_3_no_failure,normal,5.38999986649,6.42127990723,-27.3957672119,85,9.36207389832,-1.82282078266,-149.187011719,-9.72287082672,-8.20112323761,1.44153320789,0
1532135139003520144,14.002099328,carbonZ_2018-07-30-16-39-00_3_no_failure,normal,5.38999986649,6.42127990723,-27.3957672119,85,9.36207389832,-1.82282078266,-149.187011719,-9.71339988708,-8.25622081757,1.43991172314,0
1532135139039308144,14.037887328,carbonZ_2018-07-30-16-39-00_3_no_failure,normal,5.53999996185,10.6307983398,-26.934551239,85,9.36207389832,-1.82282078266,-149.187011719,-9.68032741547,-8.34452724457,1.43313312531,0
1532135139113970800,14.112549984,carbonZ_2018-07-30-16-39-00_3_no_failure,normal,5.53999996185,10.6307983398,-26.934551239,85,9.36207389832,-1.82282078266,-149.187011719,-9.65650558472,-8.43509101868,1.4375474453,0
1532135139154170608,14.152749792,carbonZ_2018-07-30-16-39-00_3_no_failure,normal,5.69000005722,5.55877685547,-26.4842967987,85,9.36207389832,-1.82282078266,-149.187011719,-9.64716148376,-8.48899269104,1.41510236263,0
1532135139212512848,14.211092032,carbonZ_2018-07-30-16-39-00_3_no_failure,normal,5.69000005722,5.55877685547,-26.4842967987,85,9.36207389832,-1.82282078266,-149.187011719,-9.61300182343,-8.57539844513,1.42977178097,0
1532135139279594096,14.27817328,carbonZ_2018-07-30-16-39-00_3_no_failure,normal,5.82999992371,19.0591812134,-26.0376968384,84,9.02902984619,-1.13205504417,-147.659790039,-9.58636379242,-8.65139102936,1.44453024864,0
1532135139297390000,14.295969184,carbonZ_2018-07-30-16-39-00_3_no_failure,normal,5.82999992371,19.0591812134,-26.0376968384,84,9.02902984619,-1.13205504417,-147.659790039,-9.57415676117,-8.67859840393,1.44603526592,0
1532135139399969104,14.398548288,carbonZ_2018-07-30-16-39-00_3_no_failure,normal,5.98000001907,7.29818344116,-25.6047878265,84,9.02902984619,-1.13205504417,-147.659790039,-9.53849029541,-8.80193042755,1.397747159,0
1532135139447342960,14.445922144,carbonZ_2018-07-30-16-39-00_3_no_failure,normal,6.11999988556,-4.69532012939,-25.1855773926,84,9.02902984619,-1.13205504417,-147.659790039,-9.50706768036,-8.88433933258,1.34279644489,0
1532135139511504464,14.510083648,carbonZ_2018-07-30-16-39-00_3_no_failure,normal,6.11999988556,-4.69532012939,-25.1855773926,84,9.02902984619,-1.13205504417,-147.659790039,-9.48766040802,-8.95746707916,1.27353274822,0
1532135139581590832,14.580170016,carbonZ_2018-07-30-16-39-00_3_no_failure,normal,6.25999975204,-17.3051834106,-24.763633728,83,9.02902984619,-1.13205504417,-147.659790039,-9.47811794281,-9.02149391174,1.18867921829,0
1532135139598573776,14.59715296,carbonZ_2018-07-30-16-39-00_3_no_failure,normal,6.25999975204,-17.3051834106,-24.763633728,83,9.02902984619,-1.13205504417,-147.659790039,-9.46861553192,-9.04524612427,1.17416930199,0
1532135139681481872,14.680061056,carbonZ_2018-07-30-16-39-00_3_no_failure,normal,6.38999986649,-9.1495513916,-24.3617706299,83,9.02902984619,-1.13205504417,-147.659790039,-9.44455909729,-9.11296463013,1.10565888882,0
1532135139696167152,14.694746336,carbonZ_2018-07-30-16-39-00_3_no_failure,normal,6.38999986649,-9.1495513916,-24.3617706299,83,5.26775598526,0.20255844295,-146.09967041,-9.44007492065,-9.12527084351,1.09280967712,0
1532135139769361264,14.767940448,carbonZ_2018-07-30-16-39-00_3_no_failure,normal,6.50999975204,-0.0482559204102,-23.9471378326,83,5.26775598526,0.20255844295,-146.09967041,-9.439909935,-9.16422653198,1.05352807045,0
1532135139842940784,14.841519968,carbonZ_2018-07-30-16-39-00_3_no_failure,normal,6.50999975204,-0.0482559204102,-23.9471378326,83,5.26775598526,0.20255844295,-146.09967041,-9.42386245728,-9.19185447693,1.02270412445,0
1532135139859081072,14.857660256,carbonZ_2018-07-30-16-39-00_3_no_failure,normal,6.61999988556,-14.1857147217,-23.5489234924,83,5.26775598526,0.20255844295,-146.09967041,-9.42386245728,-9.19185447693,1.02270412445,0
1532135139909488400,14.908067584,carbonZ_2018-07-30-16-39-00_3_no_failure,normal,6.61999988556,-14.1857147217,-23.5489234924,83,5.26775598526,0.20255844295,-146.09967041,-9.41879177094,-9.21728420258,0.961921453476,0
1532135139945214576,14.94379376,carbonZ_2018-07-30-16-39-00_3_no_failure,normal,6.71999979019,-14.9568557739,-23.1543693542,82,5.26775598526,0.20255844295,-146.09967041,-9.41555595398,-9.24333763123,0.897422254086,0
1532135140004964880,15.003544064,carbonZ_2018-07-30-16-39-00_3_no_failure,normal,6.71999979019,-14.9568557739,-23.1543693542,82,5.26775598526,0.20255844295,-146.09967041,-9.41213798523,-9.25409412384,0.842623114586,0
1532135140041559344,15.040138528,carbonZ_2018-07-30-16-39-00_3_no_failure,normal,6.81999969482,-13.3617401123,-22.7497768402,82,5.26775598526,0.20255844295,-146.09967041,-9.39824104309,-9.27217674255,0.813425183296,0
1532135140091166224,15.089745408,carbonZ_2018-07-30-16-39-00_3_no_failure,normal,6.81999969482,-13.3617401123,-22.7497768402,82,2.35231971741,1.3029974699,-145.481552124,-9.38960933685,-9.28872299194,0.755998075008,0
1532135140154508272,15.153087456,carbonZ_2018-07-30-16-39-00_3_no_failure,normal,6.90999984741,-19.9291229248,-22.3451824188,82,2.35231971741,1.3029974699,-145.481552124,-9.38400173187,-9.30298709869,0.686203837395,0
1532135140180398672,15.178977856,carbonZ_2018-07-30-16-39-00_3_no_failure,normal,6.90999984741,-19.9291229248,-22.3451824188,82,2.35231971741,1.3029974699,-145.481552124,-9.3828868866,-9.30526447296,0.664324581623,0
1532135140244200816,15.24278,carbonZ_2018-07-30-16-39-00_3_no_failure,normal,6.98000001907,-17.8636550903,-21.9506263733,82,2.35231971741,1.3029974699,-145.481552124,-9.36619949341,-9.31310272217,0.595159769058,0
1532135140266089360,15.264668544,carbonZ_2018-07-30-16-39-00_3_no_failure,normal,6.98000001907,-17.8636550903,-21.9506263733,82,2.35231971741,1.3029974699,-145.481552124,-9.36619949341,-9.31310272217,0.595159769058,0
1532135140330750704,15.329329888,carbonZ_2018-07-30-16-39-00_3_no_failure,normal,6.98000001907,-17.8636550903,-21.9506263733,82,2.35231971741,1.3029974699,-145.481552124,-9.3580827713,-9.31202125549,0.498070240021,0
1532135140400982512,15.399561696,carbonZ_2018-07-30-16-39-00_3_no_failure,normal,7.03999996185,-24.1750717163,-21.5359973907,82,1.61173808575,2.70108032227,-146.504180908,-9.35270118713,-9.3030500412,0.433874964714,0
1532135140448586640,15.447165824,carbonZ_2018-07-30-16-39-00_3_no_failure,normal,7.09999990463,-18.5087203979,-21.1478233337,82,1.61173808575,2.70108032227,-146.504180908,-9.33976554871,-9.2850561142,0.362279325724,0
1532135140473639248,15.472218432,carbonZ_2018-07-30-16-39-00_3_no_failure,normal,7.09999990463,-18.5087203979,-21.1478233337,82,1.61173808575,2.70108032227,-146.504180908,-9.33270740509,-9.28411388397,0.347385019064,0
1532135140549307536,15.54788672,carbonZ_2018-07-30-16-39-00_3_no_failure,normal,7.13999986649,-14.6453857422,-20.7295360565,82,1.61173808575,2.70108032227,-146.504180908,-9.32814598083,-9.24707698822,0.255642712116,0
1532135140600945264,15.599524448,carbonZ_2018-07-30-16-39-00_3_no_failure,normal,7.13999986649,-14.6453857422,-20.7295360565,82,1.61173808575,2.70108032227,-146.504180908,-9.32203292847,-9.23078250885,0.204447865486,0
1532135140628103024,15.626682208,carbonZ_2018-07-30-16-39-00_3_no_failure,normal,7.13999986649,-14.6453857422,-20.7295360565,82,1.61173808575,2.70108032227,-146.504180908,-9.31790161133,-9.21117591858,0.181467100978,0
1532135140648134992,15.646714176,carbonZ_2018-07-30-16-39-00_3_no_failure,normal,7.15999984741,-29.4811248779,-20.327671051,82,1.61173808575,2.70108032227,-146.504180908,-9.31063652039,-9.19046878815,0.133684456348,0
1532135140687534064,15.686113248,carbonZ_2018-07-30-16-39-00_3_no_failure,normal,7.15999984741,-29.4811248779,-20.327671051,82,1.61173808575,2.70108032227,-146.504180908,-9.30574893951,-9.14771270752,0.0561485216022,0
1532135140754532528,15.753111712,carbonZ_2018-07-30-16-39-00_3_no_failure,normal,7.17999982834,-38.9537811279,-19.9121112823,82,1.61173808575,2.70108032227,-146.504180908,-9.30867481232,-9.11532306671,-0.00272425217554,0
1532135140801474000,15.800053184,carbonZ_2018-07-30-16-39-00_3_no_failure,normal,7.17999982834,-38.9537811279,-19.9121112823,82,1.61173808575,2.70108032227,-146.504180908,-9.30651760101,-9.07438373566,-0.0916646197438,0
1532135140845619344,15.844198528,carbonZ_2018-07-30-16-39-00_3_no_failure,normal,7.17999982834,-54.4765472412,-19.492898941,82,1.61173808575,2.70108032227,-146.504180908,-9.30692386627,-9.0130853653,-0.201969429851,0
1532135140930456944,15.929036128,carbonZ_2018-07-30-16-39-00_3_no_failure,normal,7.17000007629,-39.6375656128,-19.0700283051,82,-2.54717826843,4.61926269531,-148.817459106,-9.30829238892,-8.93464660645,-0.272331595421,0
1532135141003746128,16.002325312,carbonZ_2018-07-30-16-39-00_3_no_failure,normal,7.17000007629,-39.6375656128,-19.0700283051,82,-2.54717826843,4.61926269531,-148.817459106,-9.3149728775,-8.86619281769,-0.309293806553,0
1532135141057107536,16.05568672,carbonZ_2018-07-30-16-39-00_3_no_failure,normal,7.13999986649,-35.5113983154,-18.6398468018,82,-2.54717826843,4.61926269531,-148.817459106,-9.31544113159,-8.79091453552,-0.341503351927,0
1532135141115575760,16.114154944,carbonZ_2018-07-30-16-39-00_3_no_failure,normal,7.13999986649,-35.5113983154,-18.6398468018,82,-2.54717826843,4.61926269531,-148.817459106,-9.32196807861,-8.71636486053,-0.351405620575,0
1532135141150642160,16.149221344,carbonZ_2018-07-30-16-39-00_3_no_failure,normal,7.10999965668,-29.3132781982,-18.2060146332,82,-2.54717826843,4.61926269531,-148.817459106,-9.3327331543,-8.66193008423,-0.362493216991,0
1532135141200504912,16.199084096,carbonZ_2018-07-30-16-39-00_3_no_failure,normal,7.10999965668,-29.3132781982,-18.2060146332,82,-2.54717826843,4.61926269531,-148.817459106,-9.3429775238,-8.57561588287,-0.388889014721,0
1532135141249334928,16.247914112,carbonZ_2018-07-30-16-39-00_3_no_failure,normal,7.08999967575,-20.6726074219,-17.76121521,82,-2.54717826843,4.61926269531,-148.817459106,-9.34842586517,-8.51240921021,-0.404333949089,0
1532135141300507792,16.299086976,carbonZ_2018-07-30-16-39-00_3_no_failure,normal,7.08999967575,-20.6726074219,-17.76121521,82,-4.85624170303,5.19823265076,-150.40234375,-9.35949039459,-8.46157932281,-0.405427992344,0
1532135141360030512,16.358609696,carbonZ_2018-07-30-16-39-00_3_no_failure,normal,7.0499997139,-13.2295608521,-17.3027229309,82,-4.85624170303,5.19823265076,-150.40234375,-9.41262722015,-8.27569484711,-0.455147117376,0
1532135141441381936,16.43996112,carbonZ_2018-07-30-16-39-00_3_no_failure,normal,7.01999998093,-4.56199645996,-16.8369216919,82,-4.85624170303,5.19823265076,-150.40234375,-9.41262722015,-8.27569484711,-0.455147117376,0
1532135141488368176,16.48694736,carbonZ_2018-07-30-16-39-00_3_no_failure,normal,7.01999998093,-4.56199645996,-16.8369216919,82,-4.85624170303,5.19823265076,-150.40234375,-9.45959949493,-8.13373088837,-0.530285418034,0
1532135141571386960,16.569966144,carbonZ_2018-07-30-16-39-00_3_no_failure,normal,6.96999979019,21.9326972961,-16.3537712097,82,-4.85624170303,5.19823265076,-150.40234375,-9.51206874847,-8.00976371765,-0.552492558956,0
1532135141599433040,16.598012224,carbonZ_2018-07-30-16-39-00_3_no_failure,normal,6.96999979019,21.9326972961,-16.3537712097,82,-4.85624170303,5.19823265076,-150.40234375,-9.52181148529,-7.96962881088,-0.554582595825,0
1532135141675545040,16.674124224,carbonZ_2018-07-30-16-39-00_3_no_failure,normal,6.92999982834,34.5353126526,-15.853272438,82,-4.85624170303,5.19823265076,-150.40234375,-9.57178688049,-7.83651161194,-0.564016342163,0
1532135141714083568,16.712662752,carbonZ_2018-07-30-16-39-00_3_no_failure,normal,6.92999982834,34.5353126526,-15.853272438,82,-4.85624170303,5.19823265076,-150.40234375,-9.59212589264,-7.77426671982,-0.556392431259,0
1532135141750648368,16.749227552,carbonZ_2018-07-30-16-39-00_3_no_failure,normal,6.8799996376,48.3148574829,-15.3454647064,82,-4.85624170303,5.19823265076,-150.40234375,-9.61997127533,-7.72401762009,-0.533317863941,0
1532135141796350096,16.79492928,carbonZ_2018-07-30-16-39-00_3_no_failure,normal,6.8799996376,48.3148574829,-15.3454647064,82,-6.42336893082,4.7584104538,-150.557495117,-9.65393638611,-7.63927459717,-0.504782915115,0
1532135141847863536,16.84644272,carbonZ_2018-07-30-16-39-00_3_no_failure,normal,6.83999967575,80.4710388184,-14.8303470612,82,-6.42336893082,4.7584104538,-150.557495117,-9.67802143097,-7.58259487152,-0.492892354727,0
1532135141923659792,16.922238976,carbonZ_2018-07-30-16-39-00_3_no_failure,normal,6.7999997139,94.6729660034,-14.2978820801,82,-6.42336893082,4.7584104538,-150.557495117,-9.74468994141,-7.46078681946,-0.471697062254,0
1532135141977482768,16.976061952,carbonZ_2018-07-30-16-39-00_3_no_failure,normal,6.7999997139,94.6729660034,-14.2978820801,82,-6.42336893082,4.7584104538,-150.557495117,-9.74468994141,-7.46078681946,-0.471697062254,0
1532135141993843728,16.992422912,carbonZ_2018-07-30-16-39-00_3_no_failure,normal,6.7999997139,94.6729660034,-14.2978820801,82,-6.42336893082,4.7584104538,-150.557495117,-9.76927852631,-7.41543006897,-0.464652746916,0
1532135142062039824,17.060619008,carbonZ_2018-07-30-16-39-00_3_no_failure,normal,6.76999998093,112.251571655,-13.7617616653,82,-6.42336893082,4.7584104538,-150.557495117,-9.79399776459,-7.36171865463,-0.404936730862,0
1532135142102892688,17.101471872,carbonZ_2018-07-30-16-39-00_3_no_failure,normal,6.76999998093,112.251571655,-13.7617616653,82,-6.42336893082,4.7584104538,-150.557495117,-9.81649684906,-7.32750225067,-0.368712455034,0
1532135142168733648,17.167312832,carbonZ_2018-07-30-16-39-00_3_no_failure,normal,6.73999977112,121.841522217,-13.2082920074,82,-4.72169971466,3.51560378075,-150.696151733,-9.85223865509,-7.27307653427,-0.241133585572,0
1532135142224779408,17.223358592,carbonZ_2018-07-30-16-39-00_3_no_failure,normal,6.73000001907,120.880699158,-12.6685171127,82,-4.72169971466,3.51560378075,-150.696151733,-9.88266944885,-7.24114990234,-0.104773879051,0
1532135142298564240,17.297143424,carbonZ_2018-07-30-16-39-00_3_no_failure,normal,6.73000001907,120.880699158,-12.6685171127,82,-4.72169971466,3.51560378075,-150.696151733,-9.91537475586,-7.22188568115,-0.0447393022478,0
1532135142349304656,17.34788384,carbonZ_2018-07-30-16-39-00_3_no_failure,normal,6.73999977112,127.950958252,-12.1086654663,82,-4.72169971466,3.51560378075,-150.696151733,-9.93411922455,-7.21200227737,-0.0102068781853,0
1532135142433568336,17.43214752,carbonZ_2018-07-30-16-39-00_3_no_failure,normal,6.73999977112,127.950958252,-12.1086654663,82,-4.72169971466,3.51560378075,-150.696151733,-9.95564079285,-7.20763635635,0.0778887122869,0
1532135142455493840,17.454073024,carbonZ_2018-07-30-16-39-00_3_no_failure,normal,6.75999975204,107.061477661,-11.5551967621,82,-4.72169971466,3.51560378075,-150.696151733,-9.96611213684,-7.21280622482,0.126817941666,0
1532135142513938992,17.512518176,carbonZ_2018-07-30-16-39-00_3_no_failure,normal,6.75999975204,107.061477661,-11.5551967621,82,-4.72169971466,3.51560378075,-150.696151733,-9.97462940216,-7.22267055511,0.160659432411,0
1532135142570542928,17.569122112,carbonZ_2018-07-30-16-39-00_3_no_failure,normal,6.78999996185,86.6594314575,-10.9990005493,82,-4.72169971466,3.51560378075,-150.696151733,-9.98951816559,-7.23831224442,0.166564404964,0
1532135142599300912,17.597880096,carbonZ_2018-07-30-16-39-00_3_no_failure,normal,6.78999996185,86.6594314575,-10.9990005493,82,-4.72169971466,3.51560378075,-150.696151733,-9.99491786957,-7.26695585251,0.172738939524,0
1532135142654319120,17.652898304,carbonZ_2018-07-30-16-39-00_3_no_failure,normal,6.82999992371,79.539680481,-10.4528408051,82,-4.72169971466,3.51560378075,-150.696151733,-10.0008869171,-7.29775476456,0.193480163813,0
1532135142714363504,17.712942688,carbonZ_2018-07-30-16-39-00_3_no_failure,normal,6.82999992371,79.539680481,-10.4528408051,82,5.79506492615,2.21909737587,-153.470870972,-9.9992017746,-7.338534832,0.211433663964,0
1532135142806230704,17.804809888,carbonZ_2018-07-30-16-39-00_3_no_failure,normal,6.8799996376,73.1982269287,-9.89026451111,82,5.79506492615,2.21909737587,-153.470870972,-10.0103521347,-7.42198848724,0.258207410574,0
1532135142844154000,17.842733184,carbonZ_2018-07-30-16-39-00_3_no_failure,normal,6.92999982834,64.6862945557,-10.1129627228,82,5.79506492615,2.21909737587,-153.470870972,-10.008852005,-7.50229787827,0.30540600419,0
1532135142905031280,17.903610464,carbonZ_2018-07-30-16-39-00_3_no_failure,normal,6.92999982834,64.6862945557,-10.1129627228,82,5.79506492615,2.21909737587,-153.470870972,-10.0019779205,-7.51710033417,0.292179793119,0
1532135142971395184,17.969974368,carbonZ_2018-07-30-16-39-00_3_no_failure,normal,6.98999977112,65.4903411865,-9.54353713989,83,5.79506492615,2.21909737587,-153.470870972,-10.0002803802,-7.62819814682,0.301199406385,0
1532135143012328720,18.010907904,carbonZ_2018-07-30-16-39-00_3_no_failure,normal,6.98999977112,65.4903411865,-9.54353713989,83,5.79506492615,2.21909737587,-153.470870972,-9.99963951111,-7.65658330917,0.328702956438,0
1532135143054655088,18.053234272,carbonZ_2018-07-30-16-39-00_3_no_failure,normal,7.0499997139,46.7607498169,-8.97067642212,83,5.79506492615,2.21909737587,-153.470870972,-9.98382759094,-7.72151327133,0.334722191095,0
1532135143120516496,18.11909568,carbonZ_2018-07-30-16-39-00_3_no_failure,normal,7.0499997139,46.7607498169,-8.97067642212,83,5.79506492615,2.21909737587,-153.470870972,-9.96254920959,-7.85659503937,0.33304464817,0
1532135143154620656,18.15319984,carbonZ_2018-07-30-16-39-00_3_no_failure,normal,7.10999965668,37.7998352051,-10.6141881943,83,15.1222419739,2.11547255516,-153.091156006,-9.9591999054,-7.92547369003,0.346371144056,0
1532135143213551248,18.212130432,carbonZ_2018-07-30-16-39-00_3_no_failure,normal,7.10999965668,37.7998352051,-10.6141881943,83,15.1222419739,2.11547255516,-153.091156006,-9.94114971161,-8.06681156158,0.423504054546,0
1532135143261583504,18.260162688,carbonZ_2018-07-30-16-39-00_3_no_failure,normal,7.17999982834,38.1086349487,-9.94334793091,83,15.1222419739,2.11547255516,-153.091156006,-9.94123077393,-8.10332298279,0.467436045408,0
1532135143321727120,18.320306304,carbonZ_2018-07-30-16-39-00_3_no_failure,normal,7.17999982834,38.1086349487,-9.94334793091,83,15.1222419739,2.11547255516,-153.091156006,-9.91367530823,-8.21453952789,0.51421046257,0
1532135143372871312,18.371450496,carbonZ_2018-07-30-16-39-00_3_no_failure,normal,7.25,28.9142608643,-9.25892066956,84,15.1222419739,2.11547255516,-153.091156006,-9.89155578613,-8.33253002167,0.576944708824,0
1532135143403357648,18.401936832,carbonZ_2018-07-30-16-39-00_3_no_failure,normal,7.25,28.9142608643,-9.25892066956,84,15.1222419739,2.11547255516,-153.091156006,-9.87537097931,-8.37646007538,0.578461766243,0
1532135143447347760,18.445926944,carbonZ_2018-07-30-16-39-00_3_no_failure,normal,7.32999992371,19.0167427063,-9.31140422821,84,15.1222419739,2.11547255516,-153.091156006,-9.82951259613,-8.55031394958,0.656276226044,0
1532135143489193712,18.487772896,carbonZ_2018-07-30-16-39-00_3_no_failure,normal,7.32999992371,19.0167427063,-9.31140422821,84,15.1222419739,2.11547255516,-153.091156006,-9.82951259613,-8.55031394958,0.656276226044,0
1532135143580017072,18.578596256,carbonZ_2018-07-30-16-39-00_3_no_failure,normal,7.41999959946,13.5762214661,-8.62079238892,85,15.1222419739,2.11547255516,-153.091156006,-9.76937675476,-8.7838306427,0.764402925968,0
1532135143634280656,18.63285984,carbonZ_2018-07-30-16-39-00_3_no_failure,normal,7.51999998093,1.23386383057,-9.92306518555,85,18.2537078857,0.0574587546289,-146.409118652,-9.70583438873,-8.9577922821,0.78364688158,0
1532135143677333840,18.675913024,carbonZ_2018-07-30-16-39-00_3_no_failure,normal,7.51999998093,1.23386383057,-9.92306518555,85,18.2537078857,0.0574587546289,-146.409118652,-9.6615524292,-9.07848644257,0.805339574814,0
1532135143701474000,18.700053184,carbonZ_2018-07-30-16-39-00_3_no_failure,normal,7.51999998093,1.23386383057,-9.92306518555,85,18.2537078857,0.0574587546289,-146.409118652,-9.63309860229,-9.13144111633,0.807553529739,0
1532135143752808304,18.751387488,carbonZ_2018-07-30-16-39-00_3_no_failure,normal,7.61999988556,-7.44180679321,-9.16288471222,85,18.2537078857,0.0574587546289,-146.409118652,-9.55702495575,-9.33080482483,0.828313827515,0
1532135143812418672,18.810997856,carbonZ_2018-07-30-16-39-00_3_no_failure,normal,7.61999988556,-7.44180679321,-9.16288471222,85,18.2537078857,0.0574587546289,-146.409118652,-9.44973659515,-9.52691745758,0.809872210026,0
1532135143874827120,18.873406304,carbonZ_2018-07-30-16-39-00_3_no_failure,normal,7.71999979019,-22.4022865295,-9.6256313324,86,18.2537078857,0.0574587546289,-146.409118652,-9.33844089508,-9.73978233337,0.823455929756,0
1532135143917245232,18.915824416,carbonZ_2018-07-30-16-39-00_3_no_failure,normal,7.71999979019,-22.4022865295,-9.6256313324,86,23.1800289154,0.578358352184,-141.48588562,-9.26486968994,-9.87336921692,0.839874386787,0
1532135143998165840,18.996745024,carbonZ_2018-07-30-16-39-00_3_no_failure,normal,7.82999992371,-19.8185920715,-8.8531036377,87,23.1800289154,0.578358352184,-141.48588562,-9.10712146759,-10.1421098709,0.85399466753,0
1532135144056287088,19.054866272,carbonZ_2018-07-30-16-39-00_3_no_failure,normal,7.92999982834,-30.4759025574,-8.64425468445,87,23.1800289154,0.578358352184,-141.48588562,-8.96369934082,-10.3502178192,0.810700595379,0
1532135144089363408,19.087942592,carbonZ_2018-07-30-16-39-00_3_no_failure,normal,7.92999982834,-30.4759025574,-8.64425468445,87,23.1800289154,0.578358352184,-141.48588562,-8.86897563934,-10.4955921173,0.76943230629,0
1532135144200601456,19.19918064,carbonZ_2018-07-30-16-39-00_3_no_failure,normal,8.02999973297,-40.962600708,-7.90759801865,88,23.1800289154,0.578358352184,-141.48588562,-8.63516807556,-10.8709764481,0.592810809612,0
1532135144261785808,19.260364992,carbonZ_2018-07-30-16-39-00_3_no_failure,normal,8.10999965668,-60.6349945068,-7.20666456223,89,23.1800289154,0.578358352184,-141.48588562,-8.46242237091,-11.1077661514,0.409242719412,0
1532135144314454480,19.313033664,carbonZ_2018-07-30-16-39-00_3_no_failure,normal,8.10999965668,-60.6349945068,-7.20666456223,89,22.5853557587,3.00667285919,-136.40322876,-8.29834079742,-11.3179950714,0.285192489624,0
1532135144371319472,19.369898656,carbonZ_2018-07-30-16-39-00_3_no_failure,normal,8.14999961853,-82.0606231689,-7.99069738388,90,22.5853557587,3.00667285919,-136.40322876,-8.13907527924,-11.5249261856,0.175829261541,0
1532135144431192752,19.429771936,carbonZ_2018-07-30-16-39-00_3_no_failure,normal,8.14999961853,-82.0606231689,-7.99069738388,90,22.5853557587,3.00667285919,-136.40322876,-7.95812511444,-11.7109069824,0.104108601809,0
1532135144509418480,19.507997664,carbonZ_2018-07-30-16-39-00_3_no_failure,normal,8.1799993515,-92.5786972046,-7.26891469955,91,22.5853557587,3.00667285919,-136.40322876,-7.72373199463,-11.9471263885,0.0623966343701,0
1532135144577455728,19.576034912,carbonZ_2018-07-30-16-39-00_3_no_failure,normal,8.18999958038,-89.3747329712,-6.81549501419,92,22.5853557587,3.00667285919,-136.40322876,-7.54450178146,-12.1178798676,0.0398988313973,0
1532135144621088464,19.619667648,carbonZ_2018-07-30-16-39-00_3_no_failure,normal,8.18999958038,-89.3747329712,-6.81549501419,92,22.5853557587,3.00667285919,-136.40322876,-7.42288351059,-12.2088499069,0.0676062479615,0
1532135144687486832,19.686066016,carbonZ_2018-07-30-16-39-00_3_no_failure,normal,8.19999980927,-84.3879699707,-6.14866304398,93,22.5853557587,3.00667285919,-136.40322876,-7.23740816116,-12.350771904,0.122312560678,0
1532135144694571600,19.693150784,carbonZ_2018-07-30-16-39-00_3_no_failure,normal,8.19999980927,-84.3879699707,-6.14866304398,93,22.5853557587,3.00667285919,-136.40322876,-7.16767501831,-12.3952655792,0.117866463959,0
1532135144775224304,19.773803488,carbonZ_2018-07-30-16-39-00_3_no_failure,normal,8.21000003815,-87.2959136963,-5.49392938614,94,25.0569972992,3.93190169334,-128.568206787,-6.87268447876,-12.6125221252,0.100064173341,0
1532135144798890096,19.79746928,carbonZ_2018-07-30-16-39-00_3_no_failure,normal,8.21000003815,-87.2959136963,-5.49392938614,94,25.0569972992,3.93190169334,-128.568206787,-6.78849887848,-12.6753196716,0.0911565050483,0
1532135144850897872,19.849477056,carbonZ_2018-07-30-16-39-00_3_no_failure,normal,8.22999954224,-115.820884705,-5.27329969406,95,25.0569972992,3.93190169334,-128.568206787,-6.52017211914,-12.8499336243,0.0233073867857,0
1532135144921710960,19.920290144,carbonZ_2018-07-30-16-39-00_3_no_failure,normal,8.22999954224,-115.820884705,-5.27329969406,95,25.0569972992,3.93190169334,-128.568206787,-6.24245834351,-13.0381193161,-0.0639186277986,0
1532135145005015568,20.003594752,carbonZ_2018-07-30-16-39-00_3_no_failure,normal,8.22999954224,-124.110702515,-4.68642616272,96,25.0569972992,3.93190169334,-128.568206787,-5.87564659119,-13.266784668,-0.153010621667,0
1532135145042955888,20.041535072,carbonZ_2018-07-30-16-39-00_3_no_failure,normal,8.22000026703,-134.800247192,-4.2071185112,97,25.0569972992,3.93190169334,-128.568206787,-5.60008955002,-13.4198884964,-0.187773272395,0
1532135145076506160,20.075085344,carbonZ_2018-07-30-16-39-00_3_no_failure,normal,8.22000026703,-134.800247192,-4.2071185112,97,27.4196834564,6.05404376984,-124.101791382,-5.41700792313,-13.521985054,-0.220032021403,0
1532135145150529200,20.149108384,carbonZ_2018-07-30-16-39-00_3_no_failure,normal,8.21000003815,-122.882843018,-3.70622324944,98,27.4196834564,6.05404376984,-124.101791382,-5.14917182922,-13.6613254547,-0.27639657259,0
1532135145184117712,20.182696896,carbonZ_2018-07-30-16-39-00_3_no_failure,normal,8.21000003815,-122.882843018,-3.70622324944,98,27.4196834564,6.05404376984,-124.101791382,-4.97306394577,-13.7461891174,-0.310813248158,0
1532135145236267216,20.2348464,carbonZ_2018-07-30-16-39-00_3_no_failure,normal,8.21000003815,-122.882843018,-3.70622324944,98,27.4196834564,6.05404376984,-124.101791382,-4.79550647736,-13.8243236542,-0.347263753414,0
1532135145298657296,20.29723648,carbonZ_2018-07-30-16-39-00_3_no_failure,normal,8.1799993515,-114.208984375,-3.27211976051,99,27.4196834564,6.05404376984,-124.101791382,-4.55154848099,-13.9373855591,-0.386710375547,0
1532135145368132208,20.366711392,carbonZ_2018-07-30-16-39-00_3_no_failure,normal,8.13999938965,-107.940483093,-2.87202620506,101,27.4196834564,6.05404376984,-124.101791382,-4.31722354889,-14.0248508453,-0.446048438549,0
1532135145383041584,20.381620768,carbonZ_2018-07-30-16-39-00_3_no_failure,normal,8.13999938965,-107.940483093,-2.87202620506,101,27.4196834564,6.05404376984,-124.101791382,-4.24357366562,-14.0626468658,-0.44600379467,0
1532135145455472048,20.454051232,carbonZ_2018-07-30-16-39-00_3_no_failure,normal,8.0999994278,-109.861946106,-2.50467395782,102,27.4196834564,6.05404376984,-124.101791382,-3.93953680992,-14.1587753296,-0.488976627588,0
1532135145512093168,20.510672352,carbonZ_2018-07-30-16-39-00_3_no_failure,normal,8.0999994278,-109.861946106,-2.50467395782,102,24.4594535828,8.06117153168,-119.553146362,-3.72441601753,-14.2332525253,-0.490157932043,0
1532135145562358832,20.560938016,carbonZ_2018-07-30-16-39-00_3_no_failure,normal,8.05000019073,-100.177764893,-2.18184947968,103,24.4594535828,8.06117153168,-119.553146362,-3.58631134033,-14.2847499847,-0.495810806751,0
1532135145574152272,20.572731456,carbonZ_2018-07-30-16-39-00_3_no_failure,normal,8.05000019073,-100.177764893,-2.18184947968,103,24.4594535828,8.06117153168,-119.553146362,-3.58631134033,-14.2847499847,-0.495810806751,0
1532135145631740240,20.630319424,carbonZ_2018-07-30-16-39-00_3_no_failure,normal,7.98999977112,-84.4705581665,-1.89242041111,105,24.4594535828,8.06117153168,-119.553146362,-3.21921992302,-14.3952980042,-0.527060091496,0
1532135145671438608,20.670017792,carbonZ_2018-07-30-16-39-00_3_no_failure,normal,7.98999977112,-84.4705581665,-1.89242041111,105,24.4594535828,8.06117153168,-119.553146362,-3.21921992302,-14.3952980042,-0.527060091496,0
1532135145711462608,20.710041792,carbonZ_2018-07-30-16-39-00_3_no_failure,normal,7.98999977112,-84.4705581665,-1.89242041111,105,24.4594535828,8.06117153168,-119.553146362,-3.01965808868,-14.4587364197,-0.526130378246,0
1532135145755027056,20.75360624,carbonZ_2018-07-30-16-39-00_3_no_failure,normal,7.94000005722,-78.4885406494,-1.62525510788,106,24.4594535828,8.06117153168,-119.553146362,-2.89632058144,-14.4958753586,-0.527624547482,0
1532135145801596176,20.80017536,carbonZ_2018-07-30-16-39-00_3_no_failure,normal,7.94000005722,-78.4885406494,-1.62525510788,106,24.4594535828,8.06117153168,-119.553146362,-2.77646160126,-14.5282726288,-0.520203530788,0
1532135145855363792,20.853942976,carbonZ_2018-07-30-16-39-00_3_no_failure,normal,7.8799996376,-69.2739486694,-1.39148557186,107,24.4594535828,8.06117153168,-119.553146362,-2.60326862335,-14.5667858124,-0.490666687489,0
1532135145902722832,20.901302016,carbonZ_2018-07-30-16-39-00_3_no_failure,normal,7.8799996376,-69.2739486694,-1.39148557186,107,19.886341095,6.53406953812,-112.715003967,-2.49563097954,-14.5965576172,-0.46309196949,0
1532135145980393040,20.978972224,carbonZ_2018-07-30-16-39-00_3_no_failure,normal,7.82999992371,-57.1643829346,-1.17997980118,109,19.886341095,6.53406953812,-112.715003967,-2.14433789253,-14.6893033981,-0.325992971659,0
1532135146074865840,21.073445024,carbonZ_2018-07-30-16-39-00_3_no_failure,normal,7.78999996185,-45.4275131226,-1.00186955929,110,19.886341095,6.53406953812,-112.715003967,-2.04155111313,-14.7134971619,-0.283290565014,0
1532135146095514480,21.094093664,carbonZ_2018-07-30-16-39-00_3_no_failure,normal,7.78999996185,-45.4275131226,-1.00186955929,110,19.886341095,6.53406953812,-112.715003967,-1.99817836285,-14.7251930237,-0.234534859657,0
1532135146167921744,21.166500928,carbonZ_2018-07-30-16-39-00_3_no_failure,normal,7.75999975204,-23.3812332153,-0.834891319275,112,19.886341095,6.53406953812,-112.715003967,-1.76003718376,-14.789768219,-0.0456243604422,0
1532135146209993712,21.208572896,carbonZ_2018-07-30-16-39-00_3_no_failure,normal,7.75999975204,-23.3812332153,-0.834891319275,112,19.886341095,6.53406953812,-112.715003967,-1.76003718376,-14.789768219,-0.0456243604422,0
1532135146257122384,21.255701568,carbonZ_2018-07-30-16-39-00_3_no_failure,normal,7.75999975204,-13.8376235962,-0.690176844597,113,16.8458080292,5.16753196716,-107.261993408,-1.61519646645,-14.8194522858,0.0796375051141,0
1532135146290464400,21.289043584,carbonZ_2018-07-30-16-39-00_3_no_failure,normal,7.75999975204,-13.8376235962,-0.690176844597,113,16.8458080292,5.16753196716,-107.261993408,-1.51017975807,-14.8447360992,0.104672044516,0
1532135146348952592,21.347531776,carbonZ_2018-07-30-16-39-00_3_no_failure,normal,7.76999998093,-21.8187332153,-0.567726135254,114,16.8458080292,5.16753196716,-107.261993408,-1.34711158276,-14.8948936462,0.115793004632,0
1532135146413033488,21.411612672,carbonZ_2018-07-30-16-39-00_3_no_failure,normal,7.76999998093,-21.8187332153,-0.567726135254,114,16.8458080292,5.16753196716,-107.261993408,-1.16342806816,-14.9305181503,0.0699632540345,0
1532135146431311504,21.429890688,carbonZ_2018-07-30-16-39-00_3_no_failure,normal,7.78999996185,-27.4145126343,-0.478671044111,116,16.8458080292,5.16753196716,-107.261993408,-1.04097425938,-14.9644365311,0.0375852175057,0
1532135146489583440,21.488162624,carbonZ_2018-07-30-16-39-00_3_no_failure,normal,7.78999996185,-27.4145126343,-0.478671044111,116,16.8458080292,5.16753196716,-107.261993408,-0.923222720623,-14.9924039841,0.0136137986556,0
1532135146633994032,21.632573216,carbonZ_2018-07-30-16-39-00_3_no_failure,normal,7.80999994278,-62.3296737671,-0.367352187634,119,16.8458080292,5.16753196716,-107.261993408,-0.461047083139,-15.0753574371,-0.184384509921,0
1532135146699152432,21.697731616,carbonZ_2018-07-30-16-39-00_3_no_failure,normal,7.80999994278,-62.3296737671,-0.367352187634,119,16.8458080292,5.16753196716,-107.261993408,-0.358125001192,-15.0881023407,-0.225809767842,0
1532135146706330576,21.70490976,carbonZ_2018-07-30-16-39-00_3_no_failure,normal,7.80999994278,-62.3296737671,-0.367352187634,119,16.8458080292,5.16753196716,-107.261993408,-0.358125001192,-15.0881023407,-0.225809767842,0
1532135146773552816,21.772132,carbonZ_2018-07-30-16-39-00_3_no_failure,normal,7.7999997139,-70.7933425903,-0.356220304966,120,15.0700731277,7.93985652924,-105.385116577,-0.169350638986,-15.091012001,-0.353022009134,0
1532135146800939152,21.799518336,carbonZ_2018-07-30-16-39-00_3_no_failure,normal,7.7999997139,-70.7933425903,-0.356220304966,120,15.0700731277,7.93985652924,-105.385116577,-0.119531057775,-15.0979652405,-0.402305781841,0
1532135146852216144,21.850795328,carbonZ_2018-07-30-16-39-00_3_no_failure,normal,7.76999998093,-88.2013320923,-0.367352187634,122,15.0700731277,7.93985652924,-105.385116577,0.0268335267901,-15.0815258026,-0.612819552422,0
1532135146898433552,21.897012736,carbonZ_2018-07-30-16-39-00_3_no_failure,normal,7.76999998093,-88.2013320923,-0.367352187634,122,15.0700731277,7.93985652924,-105.385116577,0.122381284833,-15.0693359375,-0.782660245895,0
1532135146939248240,21.937827424,carbonZ_2018-07-30-16-39-00_3_no_failure,normal,7.71000003815,-120.313072205,-0.400747835636,123,15.0700731277,7.93985652924,-105.385116577,0.210447847843,-15.0561599731,-0.947040677071,0
1532135146975200144,21.973779328,carbonZ_2018-07-30-16-39-00_3_no_failure,normal,7.71000003815,-120.313072205,-0.400747835636,123,15.0700731277,7.93985652924,-105.385116577,0.297486305237,-15.0387487411,-1.09918153286,0
1532135147070018672,22.068597856,carbonZ_2018-07-30-16-39-00_3_no_failure,normal,7.59999990463,-139.279556274,-0.456407278776,125,15.0700731277,7.93985652924,-105.385116577,0.488630473614,-14.9592218399,-1.38582479954,0
1532135147158063344,22.156642528,carbonZ_2018-07-30-16-39-00_3_no_failure,normal,7.46000003815,-141.974456787,-0.523198544979,126,9.79500865936,10.0858974457,-104.59664917,0.592679858208,-14.8919353485,-1.51090955734,0
1532135147191970352,22.190549536,carbonZ_2018-07-30-16-39-00_3_no_failure,normal,7.46000003815,-141.974456787,-0.523198544979,126,9.79500865936,10.0858974457,-104.59664917,0.644292593002,-14.8522367477,-1.57070577145,0
1532135147266927024,22.265506208,carbonZ_2018-07-30-16-39-00_3_no_failure,normal,7.30999994278,-122.734832764,-0.601121783257,127,9.79500865936,10.0858974457,-104.59664917,0.707861304283,-14.7763414383,-1.64310717583,0
1532135147283118096,22.28169728,carbonZ_2018-07-30-16-39-00_3_no_failure,normal,7.30999994278,-122.734832764,-0.601121783257,127,9.79500865936,10.0858974457,-104.59664917,0.72857773304,-14.7614192963,-1.65595853329,0
1532135147306043216,22.3046224,carbonZ_2018-07-30-16-39-00_3_no_failure,normal,7.30999994278,-122.734832764,-0.601121783257,127,9.79500865936,10.0858974457,-104.59664917,0.72857773304,-14.7614192963,-1.65595853329,0
1532135147368087792,22.366666976,carbonZ_2018-07-30-16-39-00_3_no_failure,normal,7.13999986649,-114.460754395,-0.679044961929,129,9.79500865936,10.0858974457,-104.59664917,0.784717202187,-14.6704797745,-1.76392126083,0
1532135147398800368,22.397379552,carbonZ_2018-07-30-16-39-00_3_no_failure,normal,7.13999986649,-114.460754395,-0.679044961929,129,9.79500865936,10.0858974457,-104.59664917,0.819387257099,-14.5969324112,-1.82239890099,0
1532135147470462608,22.469041792,carbonZ_2018-07-30-16-39-00_3_no_failure,normal,6.94999980927,-97.39112854,-0.76810002327,130,4.37904500961,10.2030553818,-102.46938324,0.837438106537,-14.5164422989,-1.83361411095,0
1532135147495650448,22.494229632,carbonZ_2018-07-30-16-39-00_3_no_failure,normal,6.94999980927,-97.39112854,-0.76810002327,130,4.37904500961,10.2030553818,-102.46938324,0.836187124252,-14.491563797,-1.84440290928,0
1532135147579669104,22.578248288,carbonZ_2018-07-30-16-39-00_3_no_failure,normal,6.75999975204,-87.0767593384,-0.85715508461,132,4.37904500961,10.2030553818,-102.46938324,0.847746491432,-14.3997812271,-1.82984209061,0
1532135147603512304,22.602091488,carbonZ_2018-07-30-16-39-00_3_no_failure,normal,6.75999975204,-87.0767593384,-0.85715508461,132,4.37904500961,10.2030553818,-102.46938324,0.847746491432,-14.3997812271,-1.82984209061,0
1532135147681014736,22.67959392,carbonZ_2018-07-30-16-39-00_3_no_failure,normal,6.56999969482,-62.6844406128,-0.946210205555,133,4.37904500961,10.2030553818,-102.46938324,0.852975964546,-14.2749404907,-1.7506840229,0
1532135147698190992,22.696770176,carbonZ_2018-07-30-16-39-00_3_no_failure,normal,6.56999969482,-62.6844406128,-0.946210205555,133,4.37904500961,10.2030553818,-102.46938324,0.852975964546,-14.2749404907,-1.7506840229,0
1532135147786412272,22.784991456,carbonZ_2018-07-30-16-39-00_3_no_failure,normal,6.38999986649,-44.6334838867,-1.03526520729,135,4.37904500961,10.2030553818,-102.46938324,0.841286122799,-14.1701154709,-1.6745057106,0
1532135147811415344,22.809994528,carbonZ_2018-07-30-16-39-00_3_no_failure,normal,6.38999986649,-44.6334838867,-1.03526520729,135,-0.632857501507,9.23971748352,-100.095962524,0.830818653107,-14.1196231842,-1.63783979416,0
1532135147870571856,22.86915104,carbonZ_2018-07-30-16-39-00_3_no_failure,normal,6.21000003815,-21.3397979736,-1.12432038784,136,-0.632857501507,9.23971748352,-100.095962524,0.819322943687,-14.0545988083,-1.58080482483,0
1532135147892762768,22.891341952,carbonZ_2018-07-30-16-39-00_3_no_failure,normal,6.21000003815,-21.3397979736,-1.12432038784,136,-0.632857501507,9.23971748352,-100.095962524,0.810071468353,-14.0306491852,-1.56225275993,0
1532135147948698512,22.947277696,carbonZ_2018-07-30-16-39-00_3_no_failure,normal,6.0499997139,7.27396011353,-1.20224356651,137,-0.632857501507,9.23971748352,-100.095962524,0.791512727737,-13.9749908447,-1.50779747963,0
1532135148004331344,23.002910528,carbonZ_2018-07-30-16-39-00_3_no_failure,normal,6.0499997139,7.27396011353,-1.20224356651,137,-0.632857501507,9.23971748352,-100.095962524,0.781296789646,-13.9395189285,-1.45755910873,0
1532135148087385904,23.085965088,carbonZ_2018-07-30-16-39-00_3_no_failure,normal,5.90000009537,25.2799987793,-1.28016674519,139,-0.632857501507,9.23971748352,-100.095962524,0.751941740513,-13.8696804047,-1.36340212822,0
1532135148105269328,23.103848512,carbonZ_2018-07-30-16-39-00_3_no_failure,normal,5.90000009537,25.2799987793,-1.28016674519,139,-0.632857501507,9.23971748352,-100.095962524,0.738577902317,-13.8509998322,-1.34237289429,0
1532135148146770672,23.145349856,carbonZ_2018-07-30-16-39-00_3_no_failure,normal,5.75999975204,42.849445343,-1.35808992386,140,-0.632857501507,9.23971748352,-100.095962524,0.699230253696,-13.8083086014,-1.2836908102,0
1532135148196038352,23.194617536,carbonZ_2018-07-30-16-39-00_3_no_failure,normal,5.75999975204,42.849445343,-1.35808992386,140,-0.632857501507,9.23971748352,-100.095962524,0.669458210468,-13.7741661072,-1.24045073986,0
1532135148252009040,23.250588224,carbonZ_2018-07-30-16-39-00_3_no_failure,normal,5.63999986649,54.7607421875,-1.42488121986,141,-3.8644323349,8.04396629333,-100.681617737,0.628959476948,-13.7402486801,-1.15438950062,0
1532135148320671984,23.319251168,carbonZ_2018-07-30-16-39-00_3_no_failure,normal,5.63999986649,54.7607421875,-1.42488121986,141,-3.8644323349,8.04396629333,-100.681617737,0.574802398682,-13.7023515701,-1.075963974,0
1532135148354614000,23.353193184,carbonZ_2018-07-30-16-39-00_3_no_failure,normal,5.52999973297,66.0827636719,-1.49167251587,143,-3.8644323349,8.04396629333,-100.681617737,0.538556098938,-13.684261322,-1.02089679241,0
1532135148420296976,23.41887616,carbonZ_2018-07-30-16-39-00_3_no_failure,normal,5.52999973297,66.0827636719,-1.49167251587,143,-3.8644323349,8.04396629333,-100.681617737,0.477833449841,-13.6545438766,-0.956806063652,0
1532135148455334384,23.453913568,carbonZ_2018-07-30-16-39-00_3_no_failure,normal,5.44000005722,74.1770782471,-1.54733192921,144,-3.8644323349,8.04396629333,-100.681617737,0.435106992722,-13.6333503723,-0.918484389782,0
1532135148485132592,23.483711776,carbonZ_2018-07-30-16-39-00_3_no_failure,normal,5.44000005722,74.1770782471,-1.54733192921,144,-3.8644323349,8.04396629333,-100.681617737,0.389357507229,-13.6148376465,-0.888683378696,0
1532135148589193040,23.587772224,carbonZ_2018-07-30-16-39-00_3_no_failure,normal,5.34999990463,89.0438995361,-1.58072757721,145,-3.8644323349,8.04396629333,-100.681617737,0.263950705528,-13.5694379807,-0.824044942856,0
1532135148650211280,23.648790464,carbonZ_2018-07-30-16-39-00_3_no_failure,normal,5.27999973297,108.54434967,-1.61412322521,147,-3.8644323349,8.04396629333,-100.681617737,0.191123008728,-13.555357933,-0.75984954834,0
1532135148704563920,23.703143104,carbonZ_2018-07-30-16-39-00_3_no_failure,normal,5.27999973297,108.54434967,-1.61412322521,147,-6.88345193863,6.40922689438,-103.913490295,0.137170881033,-13.5459117889,-0.70465451479,0
1532135148751414672,23.749993856,carbonZ_2018-07-30-16-39-00_3_no_failure,normal,5.21999979019,118.670463562,-1.63638699055,148,-6.88345193863,6.40922689438,-103.913490295,0.0572379678488,-13.5384082794,-0.634291410446,0
1532135148821832400,23.820411584,carbonZ_2018-07-30-16-39-00_3_no_failure,normal,5.21999979019,118.670463562,-1.63638699055,148,-6.88345193863,6.40922689438,-103.913490295,-0.0394293889403,-13.5094909668,-0.562958180904,0
1532135148849372496,23.84795168,carbonZ_2018-07-30-16-39-00_3_no_failure,normal,5.17000007629,121.413711548,-1.63638699055,149,-6.88345193863,6.40922689438,-103.913490295,-0.110929593444,-13.4979152679,-0.540786087513,0
1532135148897888240,23.896467424,carbonZ_2018-07-30-16-39-00_3_no_failure,normal,5.17000007629,121.413711548,-1.63638699055,149,-6.88345193863,6.40922689438,-103.913490295,-0.18412360549,-13.4996671677,-0.505095541477,0
1532135148982855312,23.981434496,carbonZ_2018-07-30-16-39-00_3_no_failure,normal,5.11999988556,116.78314209,-1.61412322521,150,-6.88345193863,6.40922689438,-103.913490295,-0.350156515837,-13.4876651764,-0.456751912832,0
1532135149021555632,24.020134816,carbonZ_2018-07-30-16-39-00_3_no_failure,normal,5.11999988556,116.78314209,-1.61412322521,150,-9.92496109009,5.16149663925,-106.597557068,-0.435514301062,-13.4741411209,-0.424733072519,0
1532135149069913808,24.068492992,carbonZ_2018-07-30-16-39-00_3_no_failure,normal,5.08999967575,114.38760376,-1.58072757721,152,-9.92496109009,5.16149663925,-106.597557068,-0.575958430767,-13.4662151337,-0.399534970522,0
1532135149112320112,24.110899296,carbonZ_2018-07-30-16-39-00_3_no_failure,normal,5.08999967575,114.38760376,-1.58072757721,152,-9.92496109009,5.16149663925,-106.597557068,-0.659280955791,-13.4568281174,-0.361612737179,0
1532135149146821488,24.145400672,carbonZ_2018-07-30-16-39-00_3_no_failure,normal,5.06999969482,115.060714722,-1.5139362812,153,-9.92496109009,5.16149663925,-106.597557068,-0.753029108047,-13.4494991302,-0.361035346985,0
1532135149224734512,24.223313696,carbonZ_2018-07-30-16-39-00_3_no_failure,normal,5.06999969482,115.060714722,-1.5139362812,153,-9.92496109009,5.16149663925,-106.597557068,-0.873976945877,-13.4439792633,-0.291485160589,0
1532135149285647696,24.28422688,carbonZ_2018-07-30-16-39-00_3_no_failure,normal,5.0499997139,111.979866028,-1.43601310253,154,-9.92496109009,5.16149663925,-106.597557068,-1.00305509567,-13.4425010681,-0.243165880442,0
1532135149291243248,24.289822432,carbonZ_2018-07-30-16-39-00_3_no_failure,normal,5.0499997139,111.979866028,-1.43601310253,154,-9.92496109009,5.16149663925,-106.597557068,-1.04108142853,-13.4410057068,-0.241574183106,0
1532135149388404176,24.38698336,carbonZ_2018-07-30-16-39-00_3_no_failure,normal,5.03999996185,130.586715698,-1.32469427586,155,-9.92496109009,5.16149663925,-106.597557068,-1.20315122604,-13.4407253265,-0.16989146173,0
1532135149406435056,24.40501424,carbonZ_2018-07-30-16-39-00_3_no_failure,normal,5.03999996185,130.586715698,-1.32469427586,155,-9.92496109009,5.16149663925,-106.597557068,-1.24308216572,-13.4388494492,-0.162168651819,0
1532135149468751408,24.467330592,carbonZ_2018-07-30-16-39-00_3_no_failure,normal,5.03999996185,144.087127686,-1.20224356651,157,-8.44331359863,3.48726630211,-109.766525269,-1.38800358772,-13.4360389709,-0.0862116515636,0
1532135149523387056,24.52196624,carbonZ_2018-07-30-16-39-00_3_no_failure,normal,5.03999996185,144.087127686,-1.20224356651,157,-8.44331359863,3.48726630211,-109.766525269,-1.46161341667,-13.4356765747,-0.0482016541064,0
1532135149560001712,24.558580896,carbonZ_2018-07-30-16-39-00_3_no_failure,normal,5.0499997139,138.691421509,-1.0686609745,158,-8.44331359863,3.48726630211,-109.766525269,-1.53077447414,-13.4340782166,-0.0126346098259,0
1532135149604033424,24.602612608,carbonZ_2018-07-30-16-39-00_3_no_failure,normal,5.0499997139,138.691421509,-1.0686609745,158,-8.44331359863,3.48726630211,-109.766525269,-1.6409059763,-13.445069313,0.0355996675789,0
1532135149663470736,24.66204992,carbonZ_2018-07-30-16-39-00_3_no_failure,normal,5.06999969482,142.512420654,-0.912814557552,159,-8.44331359863,3.48726630211,-109.766525269,-1.73343539238,-13.4584779739,0.0781704708934,0
1532135149717340912,24.715920096,carbonZ_2018-07-30-16-39-00_3_no_failure,normal,5.06999969482,142.512420654,-0.912814557552,159,-8.44331359863,3.48726630211,-109.766525269,-1.8069409132,-13.4632663727,0.119518347085,0
1532135149770560080,24.769139264,carbonZ_2018-07-30-16-39-00_3_no_failure,normal,5.08999967575,138.869857788,-0.745836257935,161,-5.64707756042,2.69980478287,-111.412223816,-1.89601278305,-13.4868507385,0.166166082025,0
1532135149809915344,24.808494528,carbonZ_2018-07-30-16-39-00_3_no_failure,normal,5.08999967575,138.869857788,-0.745836257935,161,-5.64707756042,2.69980478287,-111.412223816,-1.95855784416,-13.4900465012,0.219362616539,0
1532135149857010416,24.8555896,carbonZ_2018-07-30-16-39-00_3_no_failure,normal,5.13000011444,136.696807861,-0.556594252586,162,-5.64707756042,2.69980478287,-111.412223816,-2.01224207878,-13.4922819138,0.239822953939,0
1532135149889083184,24.887662368,carbonZ_2018-07-30-16-39-00_3_no_failure,normal,5.13000011444,136.696807861,-0.556594252586,162,-5.64707756042,2.69980478287,-111.412223816,-2.0634932518,-13.5164422989,0.271318346262,0
1532135149954260144,24.952839328,carbonZ_2018-07-30-16-39-00_3_no_failure,normal,5.17999982834,121.903038025,-0.367352187634,163,-5.64707756042,2.69980478287,-111.412223816,-2.1387526989,-13.5363311768,0.322004884481,0
1532135149995758256,24.99433744,carbonZ_2018-07-30-16-39-00_3_no_failure,normal,5.17999982834,121.903038025,-0.367352187634,163,-5.64707756042,2.69980478287,-111.412223816,-2.20384597778,-13.5669784546,0.383232086897,0
1532135150052225520,25.050804704,carbonZ_2018-07-30-16-39-00_3_no_failure,normal,5.23000001907,120.14855957,-0.155846387148,164,-5.64707756042,2.69980478287,-111.412223816,-2.24540781975,-13.5992145538,0.403399705887,0
1532135150089990576,25.08856976,carbonZ_2018-07-30-16-39-00_3_no_failure,normal,5.23000001907,120.14855957,-0.155846387148,164,-1.54212653637,2.00994324684,-112.521720886,-2.28658604622,-13.6275310516,0.431176632643,0
1532135150143278160,25.141857344,carbonZ_2018-07-30-16-39-00_3_no_failure,normal,5.28999996185,111.702156067,0.0667913109064,166,-1.54212653637,2.00994324684,-112.521720886,-2.36288690567,-13.6706123352,0.444098830223,0
1532135150188716752,25.187295936,carbonZ_2018-07-30-16-39-00_3_no_failure,normal,5.28999996185,111.702156067,0.0667913109064,166,-1.54212653637,2.00994324684,-112.521720886,-2.38739776611,-13.7097206116,0.469546973705,0
1532135150253184720,25.251763904,carbonZ_2018-07-30-16-39-00_3_no_failure,normal,5.35999965668,108.470245361,0.289429008961,167,-1.54212653637,2.00994324684,-112.521720886,-2.41716694832,-13.7322807312,0.488212436438,0
1532135150297767312,25.296346496,carbonZ_2018-07-30-16-39-00_3_no_failure,normal,5.35999965668,108.470245361,0.289429008961,167,-1.54212653637,2.00994324684,-112.521720886,-2.44734048843,-13.7787714005,0.511687278748,0
1532135150396304784,25.394883968,carbonZ_2018-07-30-16-39-00_3_no_failure,normal,5.42999982834,111.71169281,0.512066662312,168,-1.54212653637,2.00994324684,-112.521720886,-2.48878765106,-13.8256635666,0.526784420013,0
1532135150465234512,25.463813696,carbonZ_2018-07-30-16-39-00_3_no_failure,normal,5.5,93.3682403564,0.734704375267,170,-1.54212653637,2.00994324684,-112.521720886,-2.50647950172,-13.9006643295,0.496909111738,0
1532135150517672624,25.516251808,carbonZ_2018-07-30-16-39-00_3_no_failure,normal,5.5,93.3682403564,0.734704375267,170,-1.54212653637,2.00994324684,-112.521720886,-2.51968622208,-13.9325370789,0.484730899334,0
1532135150589155664,25.587734848,carbonZ_2018-07-30-16-39-00_3_no_failure,normal,5.56999969482,84.7991943359,0.957342088223,171,4.73033857346,2.20971393585,-113.553627014,-2.52261400223,-14.0201416016,0.451540261507,0
1532135150685029776,25.68360896,carbonZ_2018-07-30-16-39-00_3_no_failure,normal,5.6299996376,73.7937927246,1.17997980118,172,4.73033857346,2.20971393585,-113.553627014,-2.5094807148,-14.0779666901,0.416102707386,0
1532135150694130960,25.692710144,carbonZ_2018-07-30-16-39-00_3_no_failure,normal,5.6299996376,73.7937927246,1.17997980118,172,4.73033857346,2.20971393585,-113.553627014,-2.49751663208,-14.0956964493,0.39710471034,0
1532135150752059696,25.75063888,carbonZ_2018-07-30-16-39-00_3_no_failure,normal,5.67999982834,62.3357772827,1.40261745453,174,4.73033857346,2.20971393585,-113.553627014,-2.47967123985,-14.1494855881,0.373084306717,0
1532135150805578672,25.804157856,carbonZ_2018-07-30-16-39-00_3_no_failure,normal,5.67999982834,62.3357772827,1.40261745453,174,4.73033857346,2.20971393585,-113.553627014,-2.45680809021,-14.2009210587,0.374337375164,0
1532135150851676624,25.850255808,carbonZ_2018-07-30-16-39-00_3_no_failure,normal,5.73999977112,50.4839897156,1.61412322521,175,8.43354797363,2.25208926201,-112.449928284,-2.42298531532,-14.2561426163,0.364574342966,0
1532135150909347152,25.907926336,carbonZ_2018-07-30-16-39-00_3_no_failure,normal,5.73999977112,50.4839897156,1.61412322521,175,8.43354797363,2.25208926201,-112.449928284,-2.38914203644,-14.3138170242,0.347591608763,0
1532135150970145712,25.968724896,carbonZ_2018-07-30-16-39-00_3_no_failure,normal,5.77999973297,51.0290145874,1.8256291151,176,8.43354797363,2.25208926201,-112.449928284,-2.35366487503,-14.3822565079,0.342342436314,0
1532135151001794544,26.000373728,carbonZ_2018-07-30-16-39-00_3_no_failure,normal,5.77999973297,51.0290145874,1.8256291151,176,8.43354797363,2.25208926201,-112.449928284,-2.33508253098,-14.4136772156,0.327254384756,0
1532135151031285232,26.029864416,carbonZ_2018-07-30-16-39-00_3_no_failure,normal,5.82999992371,45.3098297119,2.01487112045,178,8.43354797363,2.25208926201,-112.449928284,-2.33508253098,-14.4136772156,0.327254384756,0
1532135151102930384,26.101509568,carbonZ_2018-07-30-16-39-00_3_no_failure,normal,5.82999992371,45.3098297119,2.01487112045,178,8.43354797363,2.25208926201,-112.449928284,-2.2529592514,-14.5153779984,0.294927030802,0
1532135151156770736,26.15534992,carbonZ_2018-07-30-16-39-00_3_no_failure,normal,5.86999988556,32.7465057373,2.21524500847,179,8.43354797363,2.25208926201,-112.449928284,-2.19406747818,-14.5771913528,0.283557057381,0
1532135151206056720,26.204635904,carbonZ_2018-07-30-16-39-00_3_no_failure,normal,5.86999988556,32.7465057373,2.21524500847,179,10.6822919846,2.52417016029,-110.053451538,-2.14744997025,-14.6256389618,0.300469398499,0
1532135151270207984,26.268787168,carbonZ_2018-07-30-16-39-00_3_no_failure,normal,5.90999984741,38.8530731201,2.39335513115,181,10.6822919846,2.52417016029,-110.053451538,-2.03877782822,-14.7083702087,0.354936569929,0
1532135151295032208,26.293611392,carbonZ_2018-07-30-16-39-00_3_no_failure,normal,5.90999984741,38.8530731201,2.39335513115,181,10.6822919846,2.52417016029,-110.053451538,-2.00003814697,-14.7314367294,0.348706692457,0
1532135151394746416,26.3933256,carbonZ_2018-07-30-16-39-00_3_no_failure,normal,5.96000003815,36.4307403564,2.54920148849,182,10.6822919846,2.52417016029,-110.053451538,-1.81891989708,-14.853181839,0.377992212772,0
1532135151458215120,26.456794304,carbonZ_2018-07-30-16-39-00_3_no_failure,normal,6.00999975204,38.1850242615,2.69391608238,183,10.6822919846,2.52417016029,-110.053451538,-1.68608379364,-14.9301595688,0.417828083038,0
1532135151501127760,26.499706944,carbonZ_2018-07-30-16-39-00_3_no_failure,normal,6.00999975204,38.1850242615,2.69391608238,183,10.6822919846,2.52417016029,-110.053451538,-1.58839142323,-14.9872350693,0.408028662205,0
1532135151541813328,26.540392512,carbonZ_2018-07-30-16-39-00_3_no_failure,normal,6.05999994278,46.0307121277,2.80523490906,185,10.6822919846,2.52417016029,-110.053451538,-1.4001802206,-15.1135425568,0.420070260763,0
1532135151612314288,26.610893472,carbonZ_2018-07-30-16-39-00_3_no_failure,normal,6.05999994278,46.0307121277,2.80523490906,185,10.6822919846,2.52417016029,-110.053451538,-1.30865216255,-15.1570901871,0.433582365513,0
1532135151674963600,26.673542784,carbonZ_2018-07-30-16-39-00_3_no_failure,normal,6.11999988556,45.5479621887,2.8942899704,186,15.4109401703,3.5561747551,-106.717933655,-1.17729723454,-15.2279062271,0.496309787035,0
1532135151695195984,26.693775168,carbonZ_2018-07-30-16-39-00_3_no_failure,normal,6.11999988556,45.5479621887,2.8942899704,186,15.4109401703,3.5561747551,-106.717933655,-1.13128244877,-15.2445201874,0.505644261837,0
1532135151773910224,26.772489408,carbonZ_2018-07-30-16-39-00_3_no_failure,normal,6.17000007629,43.0340766907,2.9610812664,188,15.4109401703,3.5561747551,-106.717933655,-0.994904339314,-15.3240041733,0.583109021187,0
1532135151812334128,26.810913312,carbonZ_2018-07-30-16-39-00_3_no_failure,normal,6.17000007629,43.0340766907,2.9610812664,188,15.4109401703,3.5561747551,-106.717933655,-0.916135430336,-15.3530416489,0.587930440903,0
1532135151875461456,26.87404064,carbonZ_2018-07-30-16-39-00_3_no_failure,normal,6.23999977112,29.5824050903,3.00560879707,189,15.4109401703,3.5561747551,-106.717933655,-0.8184491992,-15.4047241211,0.622823178768,0
1532135151896937328,26.895516512,carbonZ_2018-07-30-16-39-00_3_no_failure,normal,6.23999977112,29.5824050903,3.00560879707,189,15.4109401703,3.5561747551,-106.717933655,-0.787645995617,-15.4328241348,0.636245548725,0
1532135151942804272,26.941383456,carbonZ_2018-07-30-16-39-00_3_no_failure,normal,6.30999994278,13.737487793,3.03900456429,191,15.4109401703,3.5561747551,-106.717933655,-0.675423264503,-15.4917106628,0.656747221947,0
1532135152001637936,27.00021712,carbonZ_2018-07-30-16-39-00_3_no_failure,normal,6.30999994278,13.737487793,3.03900456429,191,15.4109401703,3.5561747551,-106.717933655,-0.658399045467,-15.4957838058,0.67548841238,0
1532135152037857584,27.036436768,carbonZ_2018-07-30-16-39-00_3_no_failure,normal,6.3799996376,4.1259765625,3.06126832962,192,15.4109401703,3.5561747551,-106.717933655,-0.603722929955,-15.531006813,0.678603053093,0
1532135152099127056,27.09770624,carbonZ_2018-07-30-16-39-00_3_no_failure,normal,6.3799996376,4.1259765625,3.06126832962,192,9.97249698639,4.71750354767,-105.794433594,-0.548471570015,-15.5701627731,0.6697935462,0
1532135152240346448,27.238925632,carbonZ_2018-07-30-16-39-00_3_no_failure,normal,6.46000003815,-7.7205657959,3.07240009308,194,9.97249698639,4.71750354767,-105.794433594,-0.443251103163,-15.6458053589,0.540867567062,0
1532135152301855984,27.300435168,carbonZ_2018-07-30-16-39-00_3_no_failure,normal,6.53999996185,-27.0696640015,3.07240009308,195,9.97249698639,4.71750354767,-105.794433594,-0.388331234455,-15.6819934845,0.424679458141,0
1532135152360937520,27.359516704,carbonZ_2018-07-30-16-39-00_3_no_failure,normal,6.59999990463,-44.0700531006,3.08353209496,197,9.97249698639,4.71750354767,-105.794433594,-0.279143035412,-15.7433872223,0.325242161751,0
1532135152435813712,27.434392896,carbonZ_2018-07-30-16-39-00_3_no_failure,normal,6.59999990463,-44.0700531006,3.08353209496,197,9.97249698639,4.71750354767,-105.794433594,-0.213208496571,-15.7665605545,0.291708618402,0
1532135152449488720,27.448067904,carbonZ_2018-07-30-16-39-00_3_no_failure,normal,6.64999961853,-50.7196426392,3.07240009308,199,9.97249698639,4.71750354767,-105.794433594,-0.213208496571,-15.7665605545,0.291708618402,0
1532135152490079056,27.48865824,carbonZ_2018-07-30-16-39-00_3_no_failure,normal,6.64999961853,-50.7196426392,3.07240009308,199,9.97249698639,4.71750354767,-105.794433594,-0.170339256525,-15.7876882553,0.269727289677,0
1532135152548367984,27.546947168,carbonZ_2018-07-30-16-39-00_3_no_failure,normal,6.69999980927,-55.6106567383,3.06126832962,200,8.54483413696,5.11993217468,-101.664337158,-0.093435190618,-15.8090543747,0.191797420382,0
1532135152610111312,27.608690496,carbonZ_2018-07-30-16-39-00_3_no_failure,normal,6.69999980927,-55.6106567383,3.06126832962,200,8.54483413696,5.11993217468,-101.664337158,-0.0472841858864,-15.8190307617,0.163129150867,0
1532135152721177232,27.719756416,carbonZ_2018-07-30-16-39-00_3_no_failure,normal,6.73999977112,-57.5790405273,3.03900456429,202,8.54483413696,5.11993217468,-101.664337158,0.122078157961,-15.834400177,0.0511700287461,0
1532135152751840816,27.75042,carbonZ_2018-07-30-16-39-00_3_no_failure,normal,6.76999998093,-62.0164871216,2.99447703362,203,8.54483413696,5.11993217468,-101.664337158,0.175579950213,-15.8440933228,0.0173523500562,0
1532135152816752400,27.815331584,carbonZ_2018-07-30-16-39-00_3_no_failure,normal,6.76999998093,-62.0164871216,2.99447703362,203,8.54483413696,5.11993217468,-101.664337158,0.258519917727,-15.8375864029,-0.0667098835111,0
1532135152854278000,27.852857184,carbonZ_2018-07-30-16-39-00_3_no_failure,normal,6.77999973297,-58.8998794556,2.93881750107,205,8.10707759857,6.20282840729,-99.5813751221,0.307368963957,-15.8409976959,-0.118156008422,0
1532135152917701232,27.916280416,carbonZ_2018-07-30-16-39-00_3_no_failure,normal,6.77999973297,-58.8998794556,2.93881750107,205,8.10707759857,6.20282840729,-99.5813751221,0.374845653772,-15.8272981644,-0.218787536025,0
1532135152967084208,27.965663392,carbonZ_2018-07-30-16-39-00_3_no_failure,normal,6.77999973297,-66.7877197266,2.87202620506,206,8.10707759857,6.20282840729,-99.5813751221,0.437513291836,-15.817278862,-0.293941944838,0
1532135153020705136,28.01928432,carbonZ_2018-07-30-16-39-00_3_no_failure,normal,6.77999973297,-66.7877197266,2.87202620506,206,8.10707759857,6.20282840729,-99.5813751221,0.489980012178,-15.8002843857,-0.389062911272,0
1532135153039164432,28.037743616,carbonZ_2018-07-30-16-39-00_3_no_failure,normal,6.75999975204,-78.412437439,2.79410290718,208,8.10707759857,6.20282840729,-99.5813751221,0.512205183506,-15.8054113388,-0.402160793543,0
1532135153123005552,28.121584736,carbonZ_2018-07-30-16-39-00_3_no_failure,normal,6.75999975204,-78.412437439,2.79410290718,208,8.10707759857,6.20282840729,-99.5813751221,0.59217274189,-15.7696447372,-0.536656796932,0
1532135153162876080,28.161455264,carbonZ_2018-07-30-16-39-00_3_no_failure,normal,6.71999979019,-90.8178329468,2.70504784584,210,5.97251653671,7.5447063446,-98.8525390625,0.59217274189,-15.7696447372,-0.536656796932,0
1532135153212708560,28.211287744,carbonZ_2018-07-30-16-39-00_3_no_failure,normal,6.71999979019,-90.8178329468,2.70504784584,210,5.97251653671,7.5447063446,-98.8525390625,0.664158523083,-15.7414932251,-0.647471427917,0
1532135153246520976,28.24510016,carbonZ_2018-07-30-16-39-00_3_no_failure,normal,6.65999984741,-95.2226638794,2.6159927845,211,5.97251653671,7.5447063446,-98.8525390625,0.703582882881,-15.6958942413,-0.729588747025,0
1532135153296974576,28.29555376,carbonZ_2018-07-30-16-39-00_3_no_failure,normal,6.65999984741,-95.2226638794,2.6159927845,211,5.97251653671,7.5447063446,-98.8525390625,0.729925394058,-15.6722717285,-0.789590895176,0
1532135153332257360,28.330836544,carbonZ_2018-07-30-16-39-00_3_no_failure,normal,6.65999984741,-95.2226638794,2.6159927845,211,5.97251653671,7.5447063446,-98.8525390625,0.760134398937,-15.6376562119,-0.83215534687,0
1532135153366249552,28.364828736,carbonZ_2018-07-30-16-39-00_3_no_failure,normal,6.58999967575,-97.3428726196,2.5158059597,213,5.97251653671,7.5447063446,-98.8525390625,0.771552622318,-15.6283464432,-0.868316948414,0
1532135153428866480,28.427445664,carbonZ_2018-07-30-16-39-00_3_no_failure,normal,6.58999967575,-97.3428726196,2.5158059597,213,5.97251653671,7.5447063446,-98.8525390625,0.796200573444,-15.5713262558,-0.92239010334,0
1532135153471942960,28.470522144,carbonZ_2018-07-30-16-39-00_3_no_failure,normal,6.50999975204,-94.5211410522,2.41561889648,214,5.97251653671,7.5447063446,-98.8525390625,0.812902867794,-15.542632103,-0.952788233757,0
1532135153488838736,28.48741792,carbonZ_2018-07-30-16-39-00_3_no_failure,normal,6.50999975204,-94.5211410522,2.41561889648,214,5.97251653671,7.5447063446,-98.8525390625,0.819052159786,-15.5352621078,-0.947112858295,0
1532135153564830832,28.563410016,carbonZ_2018-07-30-16-39-00_3_no_failure,normal,6.42000007629,-85.6969833374,2.30430006981,216,3.94130825996,8.99878883362,-98.1979980469,0.844385743141,-15.4870166779,-1.00610697269,0
1532135153595927088,28.594506272,carbonZ_2018-07-30-16-39-00_3_no_failure,normal,6.42000007629,-85.6969833374,2.30430006981,216,3.94130825996,8.99878883362,-98.1979980469,0.862821221352,-15.4541196823,-1.04129445553,0
1532135153694829136,28.69340832,carbonZ_2018-07-30-16-39-00_3_no_failure,normal,6.32999992371,-85.5390548706,2.20411324501,217,3.94130825996,8.99878883362,-98.1979980469,0.895624935627,-15.3612985611,-1.10970067978,0
1532135153772119728,28.770698912,carbonZ_2018-07-30-16-39-00_3_no_failure,normal,6.21999979019,-77.0593643188,2.09279417992,219,3.94130825996,8.99878883362,-98.1979980469,0.911158800125,-15.2997198105,-1.13033556938,0
1532135153803850032,28.802429216,carbonZ_2018-07-30-16-39-00_3_no_failure,normal,6.21999979019,-77.0593643188,2.09279417992,219,3.94130825996,8.99878883362,-98.1979980469,0.916821956635,-15.2902212143,-1.11577212811,0
1532135153862753776,28.86133296,carbonZ_2018-07-30-16-39-00_3_no_failure,normal,6.10999965668,-60.5278015137,1.98147547245,220,2.37418723106,9.34011077881,-96.8172988892,0.92141020298,-15.2295207977,-1.13450360298,0
1532135153888894256,28.88747344,carbonZ_2018-07-30-16-39-00_3_no_failure,normal,6.10999965668,-60.5278015137,1.98147547245,220,2.37418723106,9.34011077881,-96.8172988892,0.92141020298,-15.2295207977,-1.13450360298,0
1532135153973423056,28.97200224,carbonZ_2018-07-30-16-39-00_3_no_failure,normal,6.00999975204,-46.7132568359,1.87015664577,222,2.37418723106,9.34011077881,-96.8172988892,0.934984922409,-15.125995636,-1.1503483057,0
1532135154014315056,29.01289424,carbonZ_2018-07-30-16-39-00_3_no_failure,normal,6.00999975204,-46.7132568359,1.87015664577,222,2.37418723106,9.34011077881,-96.8172988892,0.934984922409,-15.125995636,-1.1503483057,0
1532135154061443056,29.06002224,carbonZ_2018-07-30-16-39-00_3_no_failure,normal,5.90000009537,-46.3472366333,1.74770581722,223,2.37418723106,9.34011077881,-96.8172988892,0.951528549194,-15.0735330582,-1.19562792778,0
1532135154095173424,29.093752608,carbonZ_2018-07-30-16-39-00_3_no_failure,normal,5.90000009537,-46.3472366333,1.74770581722,223,1.28815948963,9.2848367691,-95.8141021729,0.96337133646,-15.0434875488,-1.198579669,0
1532135154207390224,29.205969408,carbonZ_2018-07-30-16-39-00_3_no_failure,normal,5.78999996185,-33.8592529297,1.63638699055,225,1.28815948963,9.2848367691,-95.8141021729,0.980080902576,-14.9401044846,-1.16601347923,0
1532135154269759152,29.268338336,carbonZ_2018-07-30-16-39-00_3_no_failure,normal,5.67000007629,-17.1911239624,1.5139362812,226,1.28815948963,9.2848367691,-95.8141021729,0.981041014194,-14.9364213943,-1.13599681854,0
1532135154325372176,29.32395136,carbonZ_2018-07-30-16-39-00_3_no_failure,normal,5.67000007629,-17.1911239624,1.5139362812,226,1.28815948963,9.2848367691,-95.8141021729,0.986677527428,-14.9016923904,-1.09986078739,0
1532135154358751600,29.357330784,carbonZ_2018-07-30-16-39-00_3_no_failure,normal,5.56999969482,-10.5968475342,1.40261745453,228,1.28815948963,9.2848367691,-95.8141021729,0.988055765629,-14.8816413879,-1.0501101017,0
1532135154396549872,29.395129056,carbonZ_2018-07-30-16-39-00_3_no_failure,normal,5.56999969482,-10.5968475342,1.40261745453,228,0.975070357323,8.80163192749,-96.2327270508,0.985995054245,-14.8596601486,-1.00003325939,0
1532135154462356720,29.460935904,carbonZ_2018-07-30-16-39-00_3_no_failure,normal,5.46999979019,3.16352844238,1.28016674519,229,0.975070357323,8.80163192749,-96.2327270508,0.972744524479,-14.813126564,-0.897889614105,0
1532135154517600720,29.516179904,carbonZ_2018-07-30-16-39-00_3_no_failure,normal,5.46999979019,3.16352844238,1.28016674519,229,0.975070357323,8.80163192749,-96.2327270508,0.959921896458,-14.7894477844,-0.870419919491,0
1532135154575563056,29.57414224,carbonZ_2018-07-30-16-39-00_3_no_failure,normal,5.38000011444,8.6033821106,1.16884791851,231,0.975070357323,8.80163192749,-96.2327270508,0.939849674702,-14.7780075073,-0.79999756813,0
1532135154641733328,29.640312512,carbonZ_2018-07-30-16-39-00_3_no_failure,normal,5.38000011444,8.6033821106,1.16884791851,231,0.975070357323,8.80163192749,-96.2327270508,0.920609116554,-14.7524824142,-0.773730456829,0
1532135154660034224,29.658613408,carbonZ_2018-07-30-16-39-00_3_no_failure,normal,5.30999994278,12.6188278198,1.05752897263,232,0.975070357323,8.80163192749,-96.2327270508,0.903200805187,-14.7326955795,-0.768872022629,0
1532135154766676432,29.765255616,carbonZ_2018-07-30-16-39-00_3_no_failure,normal,5.25,8.48989486694,0.946210205555,234,0.975070357323,8.80163192749,-96.2327270508,0.833342671394,-14.7018842697,-0.748774647713,0
1532135154815347088,29.813926272,carbonZ_2018-07-30-16-39-00_3_no_failure,normal,5.25,8.48989486694,0.946210205555,234,0.975070357323,8.80163192749,-96.2327270508,0.788365900517,-14.688867569,-0.717468321323,0
1532135154844724368,29.843303552,carbonZ_2018-07-30-16-39-00_3_no_failure,normal,5.19000005722,7.45687484741,0.846023201942,235,0.975070357323,8.80163192749,-96.2327270508,0.788365900517,-14.688867569,-0.717468321323,0
1532135154892768944,29.891348128,carbonZ_2018-07-30-16-39-00_3_no_failure,normal,5.19000005722,7.45687484741,0.846023201942,235,0.975070357323,8.80163192749,-96.2327270508,0.724462389946,-14.672498703,-0.701578378677,0
1532135154947650320,29.946229504,carbonZ_2018-07-30-16-39-00_3_no_failure,normal,5.13000011444,13.5901451111,0.76810002327,237,-3.78472018242,7.3059630394,-97.5513076782,0.640690803528,-14.6553735733,-0.63854521513,0
1532135155011829712,30.010408896,carbonZ_2018-07-30-16-39-00_3_no_failure,normal,5.13000011444,13.5901451111,0.76810002327,237,-3.78472018242,7.3059630394,-97.5513076782,0.600726664066,-14.6345462799,-0.643206000328,0
1532135155033089104,30.031668288,carbonZ_2018-07-30-16-39-00_3_no_failure,normal,5.06999969482,16.6063308716,0.690176844597,238,-3.78472018242,7.3059630394,-97.5513076782,0.56817740202,-14.636349678,-0.63961571455,0
1532135155114618096,30.11319728,carbonZ_2018-07-30-16-39-00_3_no_failure,normal,5.06999969482,16.6063308716,0.690176844597,238,-3.78472018242,7.3059630394,-97.5513076782,0.512347340584,-14.62088871,-0.630271017551,0
1532135155192746768,30.191325952,carbonZ_2018-07-30-16-39-00_3_no_failure,normal,5.01999998093,25.7809638977,0.623385548592,239,-3.78472018242,7.3059630394,-97.5513076782,0.454119592905,-14.6239423752,-0.561173796654,0
1532135155289889232,30.288468416,carbonZ_2018-07-30-16-39-00_3_no_failure,normal,4.98000001907,30.6408882141,0.567726135254,241,-3.78472018242,7.3059630394,-97.5513076782,0.380284845829,-14.6116428375,-0.509238362312,0
1532135155349516752,30.348095936,carbonZ_2018-07-30-16-39-00_3_no_failure,normal,4.94000005722,39.5646095276,0.512066662312,242,-3.21868515015,6.49963331223,-98.508895874,0.342359930277,-14.6131029129,-0.468037456274,0
1532135155419687056,30.41826624,carbonZ_2018-07-30-16-39-00_3_no_failure,normal,4.94000005722,39.5646095276,0.512066662312,242,-3.21868515015,6.49963331223,-98.508895874,0.297675848007,-14.6104125977,-0.423063993454,0
1532135155446794896,30.44537408,carbonZ_2018-07-30-16-39-00_3_no_failure,normal,4.90999984741,36.5067481995,0.467539161444,244,-3.21868515015,6.49963331223,-98.508895874,0.258695185184,-14.605099678,-0.401515305042,0
1532135155483768368,30.482347552,carbonZ_2018-07-30-16-39-00_3_no_failure,normal,4.90999984741,36.5067481995,0.467539161444,244,-3.21868515015,6.49963331223,-98.508895874,0.226546481252,-14.5976409912,-0.378935486078,0
1532135155541766000,30.540345184,carbonZ_2018-07-30-16-39-00_3_no_failure,normal,4.88999986649,37.856388092,0.434143483639,245,-3.21868515015,6.49963331223,-98.508895874,0.15797136724,-14.6033439636,-0.386920362711,0
1532135155592065520,30.590644704,carbonZ_2018-07-30-16-39-00_3_no_failure,normal,4.88999986649,37.856388092,0.434143483639,245,-3.21868515015,6.49963331223,-98.508895874,0.123416945338,-14.6013326645,-0.38074105978,0
1532135155654301552,30.652880736,carbonZ_2018-07-30-16-39-00_3_no_failure,normal,4.86999988556,36.8401527405,0.400747835636,247,-3.42039442062,5.98735618591,-100.517860413,0.0774649307132,-14.5941267014,-0.367005646229,0
1532135155708200656,30.70677984,carbonZ_2018-07-30-16-39-00_3_no_failure,normal,4.86999988556,36.8401527405,0.400747835636,247,-3.42039442062,5.98735618591,-100.517860413,0.015748905018,-14.5899429321,-0.39508920908,0
1532135155808316944,30.806896128,carbonZ_2018-07-30-16-39-00_3_no_failure,normal,4.84999990463,32.1095466614,0.389615952969,248,-3.42039442062,5.98735618591,-100.517860413,-0.0949904099107,-14.5802078247,-0.449717104435,0
1532135155900667472,30.899246656,carbonZ_2018-07-30-16-39-00_3_no_failure,normal,4.81999969482,16.6263580322,0.378484070301,249,-3.42039442062,5.98735618591,-100.517860413,-0.172960013151,-14.5692071915,-0.519875049591,0
1532135155961125648,30.959704832,carbonZ_2018-07-30-16-39-00_3_no_failure,normal,4.77999973297,21.7303276062,0.378484070301,251,-3.42039442062,5.98735618591,-100.517860413,-0.261964708567,-14.5751571655,-0.571329414845,0
1532135156002068912,31.000648096,carbonZ_2018-07-30-16-39-00_3_no_failure,normal,4.77999973297,21.7303276062,0.378484070301,251,-3.42039442062,5.98735618591,-100.517860413,-0.261964708567,-14.5751571655,-0.571329414845,0
1532135156054212784,31.052791968,carbonZ_2018-07-30-16-39-00_3_no_failure,normal,4.73999977112,20.2290534973,0.389615952969,252,-2.54460382462,5.68430709839,-102.120872498,-0.309592157602,-14.5624217987,-0.59272646904,0
1532135156097099280,31.095678464,carbonZ_2018-07-30-16-39-00_3_no_failure,normal,4.73999977112,20.2290534973,0.389615952969,252,-2.54460382462,5.68430709839,-102.120872498,-0.333417594433,-14.5694789886,-0.606297135353,0
1532135156159271984,31.157851168,carbonZ_2018-07-30-16-39-00_3_no_failure,normal,4.69999980927,17.8820610046,0.411879718304,254,-2.54460382462,5.68430709839,-102.120872498,-0.373709201813,-14.5647554398,-0.614619612694,0
1532135156196306384,31.194885568,carbonZ_2018-07-30-16-39-00_3_no_failure,normal,4.69999980927,17.8820610046,0.411879718304,254,-2.54460382462,5.68430709839,-102.120872498,-0.404907315969,-14.5724115372,-0.624438881874,0
1532135156244668464,31.243247648,carbonZ_2018-07-30-16-39-00_3_no_failure,normal,4.63999986649,16.3962364197,0.434143483639,255,-2.54460382462,5.68430709839,-102.120872498,-0.404907315969,-14.5724115372,-0.624438881874,0
1532135156308730128,31.307309312,carbonZ_2018-07-30-16-39-00_3_no_failure,normal,4.63999986649,16.3962364197,0.434143483639,255,-2.54460382462,5.68430709839,-102.120872498,-0.431552112103,-14.5662565231,-0.637152075768,0
1532135156367900368,31.366479552,carbonZ_2018-07-30-16-39-00_3_no_failure,normal,4.58999967575,28.5361289978,0.456407278776,257,-2.54460382462,5.68430709839,-102.120872498,-0.454344421625,-14.5718402863,-0.655530750751,0
1532135156412836720,31.411415904,carbonZ_2018-07-30-16-39-00_3_no_failure,normal,4.58999967575,28.5361289978,0.456407278776,257,0.9653185606,5.37166166306,-103.17791748,-0.457943111658,-14.5811405182,-0.630694031715,0
1532135156473269616,31.4718488,carbonZ_2018-07-30-16-39-00_3_no_failure,normal,4.53999996185,37.0520591736,0.478671044111,258,0.9653185606,5.37166166306,-103.17791748,-0.468264043331,-14.5781469345,-0.592880249023,0
1532135156500356656,31.49893584,carbonZ_2018-07-30-16-39-00_3_no_failure,normal,4.53999996185,37.0520591736,0.478671044111,258,0.9653185606,5.37166166306,-103.17791748,-0.470135033131,-14.5873212814,-0.586326777935,0
1532135156528381232,31.526960416,carbonZ_2018-07-30-16-39-00_3_no_failure,normal,4.53999996185,37.0520591736,0.478671044111,258,0.9653185606,5.37166166306,-103.17791748,-0.476553827524,-14.5921497345,-0.553152382374,0
1532135156569699152,31.568278336,carbonZ_2018-07-30-16-39-00_3_no_failure,normal,4.48999977112,47.422504425,0.512066662312,260,0.9653185606,5.37166166306,-103.17791748,-0.484873712063,-14.5986251831,-0.518149852753,0
1532135156615880752,31.614459936,carbonZ_2018-07-30-16-39-00_3_no_failure,normal,4.48999977112,47.422504425,0.512066662312,260,0.9653185606,5.37166166306,-103.17791748,-0.482589393854,-14.5983762741,-0.475957661867,0
1532135156637437360,31.636016544,carbonZ_2018-07-30-16-39-00_3_no_failure,normal,4.44000005722,51.441860199,0.534330487251,261,0.9653185606,5.37166166306,-103.17791748,-0.481893181801,-14.598233223,-0.462322086096,0
1532135156719802352,31.718381536,carbonZ_2018-07-30-16-39-00_3_no_failure,normal,4.44000005722,51.441860199,0.534330487251,261,0.9653185606,5.37166166306,-103.17791748,-0.481549888849,-14.6160545349,-0.450534939766,0
1532135156756541392,31.755120576,carbonZ_2018-07-30-16-39-00_3_no_failure,normal,4.40999984741,52.5534629822,0.556594252586,262,2.69133901596,4.7578868866,-103.837104797,-0.485750257969,-14.6239500046,-0.430989176035,0
1532135156837809360,31.836388544,carbonZ_2018-07-30-16-39-00_3_no_failure,normal,4.40999984741,52.5534629822,0.556594252586,262,2.69133901596,4.7578868866,-103.837104797,-0.484283387661,-14.6307344437,-0.378631412983,0
1532135156890172912,31.888752096,carbonZ_2018-07-30-16-39-00_3_no_failure,normal,4.38000011444,52.4034500122,0.589989900589,264,2.69133901596,4.7578868866,-103.837104797,-0.482435673475,-14.6580581665,-0.314315855503,0
1532135156950535024,31.949114208,carbonZ_2018-07-30-16-39-00_3_no_failure,normal,4.34999990463,51.8763542175,0.612253665924,265,2.69133901596,4.7578868866,-103.837104797,-0.476339668036,-14.674905777,-0.254650533199,0
1532135157005590768,32.004169952,carbonZ_2018-07-30-16-39-00_3_no_failure,normal,4.34999990463,51.8763542175,0.612253665924,265,2.69133901596,4.7578868866,-103.837104797,-0.469881534576,-14.6924648285,-0.225909009576,0
1532135157060883184,32.059462368,carbonZ_2018-07-30-16-39-00_3_no_failure,normal,4.33999967575,47.3275184631,0.634517431259,267,3.7116818428,4.03423881531,-103.521324158,-0.450915902853,-14.7138471603,-0.239724323153,0
1532135157085324144,32.083903328,carbonZ_2018-07-30-16-39-00_3_no_failure,normal,4.33999967575,47.3275184631,0.634517431259,267,3.7116818428,4.03423881531,-103.521324158,-0.437922537327,-14.7311973572,-0.240798681974,0
1532135157135397296,32.13397648,carbonZ_2018-07-30-16-39-00_3_no_failure,normal,4.33999967575,47.3275184631,0.634517431259,267,3.7116818428,4.03423881531,-103.521324158,-0.427373766899,-14.7461891174,-0.228401437402,0
1532135157168800016,32.1673792,carbonZ_2018-07-30-16-39-00_3_no_failure,normal,4.32999992371,37.4645233154,0.656781196594,268,3.7116818428,4.03423881531,-103.521324158,-0.412240684032,-14.7596378326,-0.19425034523,0
1532135157226384176,32.22496336,carbonZ_2018-07-30-16-39-00_3_no_failure,normal,4.32999992371,37.4645233154,0.656781196594,268,3.7116818428,4.03423881531,-103.521324158,-0.377292871475,-14.7896242142,-0.126816481352,0
1532135157288872496,32.28745168,carbonZ_2018-07-30-16-39-00_3_no_failure,normal,4.31999969482,46.791267395,0.667913079262,270,3.7116818428,4.03423881531,-103.521324158,-0.356822192669,-14.8168363571,-0.0787753388286,0
1532135157340786896,32.33936608,carbonZ_2018-07-30-16-39-00_3_no_failure,normal,4.31999969482,46.791267395,0.667913079262,270,3.7116818428,4.03423881531,-103.521324158,-0.339239954948,-14.842839241,-0.0344807207584,0
1532135157370170000,32.368749184,carbonZ_2018-07-30-16-39-00_3_no_failure,normal,4.32999992371,57.5490951538,0.679044961929,271,3.7116818428,4.03423881531,-103.521324158,-0.305439084768,-14.8699378967,-0.0712740272284,0
1532135157439896848,32.438476032,carbonZ_2018-07-30-16-39-00_3_no_failure,normal,4.32999992371,57.5490951538,0.679044961929,271,3.7116818428,4.03423881531,-103.521324158,-0.279569119215,-14.8975982666,-0.0793660879135,0
1532135157497401904,32.495981088,carbonZ_2018-07-30-16-39-00_3_no_failure,normal,4.33999967575,55.3489685059,0.679044961929,272,3.7116818428,4.03423881531,-103.521324158,-0.25177153945,-14.913684845,-0.110424593091,0
1532135157534291536,32.53287072,carbonZ_2018-07-30-16-39-00_3_no_failure,normal,4.33999967575,55.3489685059,0.679044961929,272,3.7116818428,4.03423881531,-103.521324158,-0.246637880802,-14.9315958023,-0.106295093894,0
1532135157554665104,32.553244288,carbonZ_2018-07-30-16-39-00_3_no_failure,normal,4.33999967575,49.0545272827,0.679044961929,274,4.67649364471,3.79580879211,-103.309623718,-0.231379017234,-14.9443502426,-0.13993640244,0
1532135157623851664,32.622430848,carbonZ_2018-07-30-16-39-00_3_no_failure,normal,4.33999967575,49.0545272827,0.679044961929,274,4.67649364471,3.79580879211,-103.309623718,-0.214501351118,-14.98042202,-0.231649398804,0
1532135157712548112,32.711127296,carbonZ_2018-07-30-16-39-00_3_no_failure,normal,4.32999992371,37.744808197,0.679044961929,275,4.67649364471,3.79580879211,-103.309623718,-0.229083076119,-15.0071573257,-0.272910952568,0
1532135157747603664,32.746182848,carbonZ_2018-07-30-16-39-00_3_no_failure,normal,4.31999969482,24.437046051,0.679044961929,277,4.67649364471,3.79580879211,-103.309623718,-0.23740491271,-15.0128974915,-0.306919127703,0
1532135157819736944,32.818316128,carbonZ_2018-07-30-16-39-00_3_no_failure,normal,4.31999969482,24.437046051,0.679044961929,277,4.67649364471,3.79580879211,-103.309623718,-0.258737355471,-15.0367136002,-0.380232572556,0
1532135157850342096,32.84892128,carbonZ_2018-07-30-16-39-00_3_no_failure,normal,4.28999996185,8.76550674438,0.679044961929,278,4.67649364471,3.79580879211,-103.309623718,-0.27826076746,-15.0398740768,-0.425328552723,0
1532135157891456944,32.890036128,carbonZ_2018-07-30-16-39-00_3_no_failure,normal,4.28999996185,8.76550674438,0.679044961929,278,4.67649364471,3.79580879211,-103.309623718,-0.311024546623,-15.0575675964,-0.493822455406,0
1532135157952089456,32.95066864,carbonZ_2018-07-30-16-39-00_3_no_failure,normal,4.25,5.50775527954,0.690176844597,280,0.440041333437,4.00459957123,-103.76260376,-0.337471991777,-15.0642728806,-0.498644083738,0
1532135157989850704,32.988429888,carbonZ_2018-07-30-16-39-00_3_no_failure,normal,4.25,5.50775527954,0.690176844597,280,0.440041333437,4.00459957123,-103.76260376,-0.359186768532,-15.0626573563,-0.495397269726,0
1532135158038654544,33.037233728,carbonZ_2018-07-30-16-39-00_3_no_failure,normal,4.19999980927,5.10406494141,0.701308727264,281,0.440041333437,4.00459957123,-103.76260376,-0.378143280745,-15.0631303787,-0.493337154388,0
1532135158091114256,33.08969344,carbonZ_2018-07-30-16-39-00_3_no_failure,normal,4.19999980927,5.10406494141,0.701308727264,281,0.440041333437,4.00459957123,-103.76260376,-0.409370541573,-15.0731172562,-0.5087236166,0
1532135158175994224,33.174573408,carbonZ_2018-07-30-16-39-00_3_no_failure,normal,4.15999984741,-1.73721313477,0.723572492599,283,0.440041333437,4.00459957123,-103.76260376,-0.458855569363,-15.0772342682,-0.534233152866,0
1532135158212634640,33.211213824,carbonZ_2018-07-30-16-39-00_3_no_failure,normal,4.15999984741,-1.73721313477,0.723572492599,283,0.440041333437,4.00459957123,-103.76260376,-0.477625012398,-15.0740747452,-0.539672076702,0
1532135158280381680,33.278960864,carbonZ_2018-07-30-16-39-00_3_no_failure,normal,4.11000013351,-3.56922149658,0.756968140602,284,0.440041333437,4.00459957123,-103.76260376,-0.50658172369,-15.0705871582,-0.557873368263,0
1532135158304385296,33.30296448,carbonZ_2018-07-30-16-39-00_3_no_failure,normal,4.11000013351,-3.56922149658,0.756968140602,284,0.303594648838,3.69728136063,-102.174682617,-0.513772726059,-15.0665683746,-0.535025060177,0
1532135158354175856,33.35275504,carbonZ_2018-07-30-16-39-00_3_no_failure,normal,4.05999994278,-3.12747955322,0.790363788605,286,0.303594648838,3.69728136063,-102.174682617,-0.543894588947,-15.0637807846,-0.544999301434,0
1532135158394947760,33.393526944,carbonZ_2018-07-30-16-39-00_3_no_failure,normal,4.05999994278,-3.12747955322,0.790363788605,286,0.303594648838,3.69728136063,-102.174682617,-0.553317606449,-15.0636854172,-0.575579762459,0
1532135158499341008,33.497920192,carbonZ_2018-07-30-16-39-00_3_no_failure,normal,4.00999975204,-15.0308609009,0.823759436607,287,0.303594648838,3.69728136063,-102.174682617,-0.586467087269,-15.0488862991,-0.688699364662,0
1532135158561879856,33.56045904,carbonZ_2018-07-30-16-39-00_3_no_failure,normal,3.94999980927,-21.6772079468,0.868286967278,289,0.303594648838,3.69728136063,-102.174682617,-0.620385468006,-15.0420751572,-0.800043404102,0
1532135158578553392,33.577132576,carbonZ_2018-07-30-16-39-00_3_no_failure,normal,3.94999980927,-21.6772079468,0.868286967278,289,0.303594648838,3.69728136063,-102.174682617,-0.627401292324,-15.038599968,-0.813755750656,0
1532135158607129968,33.605709152,carbonZ_2018-07-30-16-39-00_3_no_failure,normal,3.94999980927,-21.6772079468,0.868286967278,289,0.303594648838,3.69728136063,-102.174682617,-0.627401292324,-15.038599968,-0.813755750656,0
1532135158653212016,33.6517912,carbonZ_2018-07-30-16-39-00_3_no_failure,normal,3.86999988556,-37.3722076416,0.912814557552,290,0.29376283288,4.44875144958,-100.665969849,-0.654207766056,-15.0138235092,-0.913508355618,0
1532135158691122448,33.689701632,carbonZ_2018-07-30-16-39-00_3_no_failure,normal,3.86999988556,-37.3722076416,0.912814557552,290,0.29376283288,4.44875144958,-100.665969849,-0.663734555244,-14.995382309,-0.957968056202,0
1532135158765451920,33.764031104,carbonZ_2018-07-30-16-39-00_3_no_failure,normal,3.77999997139,-41.5292739868,0.957342088223,292,0.29376283288,4.44875144958,-100.665969849,-0.666815936565,-14.9839525223,-0.953954100609,0
1532135158837079536,33.83565872,carbonZ_2018-07-30-16-39-00_3_no_failure,normal,3.6899998188,-29.5391082764,1.00186955929,293,0.29376283288,4.44875144958,-100.665969849,-0.656099200249,-14.9570655823,-0.908878028393,0
1532135158889570704,33.888149888,carbonZ_2018-07-30-16-39-00_3_no_failure,normal,3.6899998188,-29.5391082764,1.00186955929,293,0.29376283288,4.44875144958,-100.665969849,-0.632759809494,-14.9412488937,-0.856260955334,0
1532135158989250160,33.987829344,carbonZ_2018-07-30-16-39-00_3_no_failure,normal,3.59999990463,-15.3869628906,1.04639708996,295,0.29376283288,4.44875144958,-100.665969849,-0.572622716427,-14.9069252014,-0.720106422901,0
1532135159062032784,34.060611968,carbonZ_2018-07-30-16-39-00_3_no_failure,normal,3.52999997139,-1.07669830322,1.09092473984,296,0.29376283288,4.44875144958,-100.665969849,-0.565826833248,-14.9014530182,-0.732808947563,0
1532135159085510832,34.084090016,carbonZ_2018-07-30-16-39-00_3_no_failure,normal,3.52999997139,-1.07669830322,1.09092473984,296,4.81258630753,5.08236265182,-98.8667755127,-0.524992585182,-14.8914422989,-0.779008924961,0
1532135159159232432,34.157811616,carbonZ_2018-07-30-16-39-00_3_no_failure,normal,3.44999980927,0.493335723877,1.12432038784,298,4.81258630753,5.08236265182,-98.8667755127,-0.497428297997,-14.8800592422,-0.882017672062,0
1532135159242475728,34.241054912,carbonZ_2018-07-30-16-39-00_3_no_failure,normal,3.3599998951,-16.185760498,1.14658415318,299,4.81258630753,5.08236265182,-98.8667755127,-0.456737428904,-14.8619384766,-1.06414079666,0
1532135159278820304,34.277399488,carbonZ_2018-07-30-16-39-00_3_no_failure,normal,3.3599998951,-16.185760498,1.14658415318,299,4.81258630753,5.08236265182,-98.8667755127,-0.44092670083,-14.8519411087,-1.11700940132,0
1532135159292752816,34.291332,carbonZ_2018-07-30-16-39-00_3_no_failure,normal,3.3599998951,-16.185760498,1.14658415318,299,4.81258630753,5.08236265182,-98.8667755127,-0.437322109938,-14.8417491913,-1.13362598419,0
1532135159380555024,34.379134208,carbonZ_2018-07-30-16-39-00_3_no_failure,normal,3.25,-13.9768600464,1.15771603584,300,4.81258630753,5.08236265182,-98.8667755127,-0.398109346628,-14.8133268356,-1.17454898357,0
1532135159408075600,34.406654784,carbonZ_2018-07-30-16-39-00_3_no_failure,normal,3.25,-13.9768600464,1.15771603584,300,4.81258630753,5.08236265182,-98.8667755127,-0.398109346628,-14.8133268356,-1.17454898357,0
1532135159464433616,34.4630128,carbonZ_2018-07-30-16-39-00_3_no_failure,normal,3.12999987602,4.11758422852,1.17997980118,302,3.24198365211,5.41394853592,-98.5812072754,-0.356118172407,-14.7897253036,-1.16427516937,0
1532135159533802384,34.532381568,carbonZ_2018-07-30-16-39-00_3_no_failure,normal,3.12999987602,4.11758422852,1.17997980118,302,3.24198365211,5.41394853592,-98.5812072754,-0.33678856492,-14.7656421661,-1.13810539246,0
1532135159619298512,34.617877696,carbonZ_2018-07-30-16-39-00_3_no_failure,normal,3.0,8.82616043091,1.19111168385,303,3.24198365211,5.41394853592,-98.5812072754,-0.300018638372,-14.744020462,-1.03822612762,0
1532135159650894640,34.649473824,carbonZ_2018-07-30-16-39-00_3_no_failure,normal,2.88999986649,23.9448547363,1.19111168385,305,3.24198365211,5.41394853592,-98.5812072754,-0.285993546247,-14.732293129,-0.987376213074,0
1532135159688424944,34.687004128,carbonZ_2018-07-30-16-39-00_3_no_failure,normal,2.88999986649,23.9448547363,1.19111168385,305,3.24198365211,5.41394853592,-98.5812072754,-0.279433816671,-14.7208223343,-0.934384167194,0
1532135159776362096,34.77494128,carbonZ_2018-07-30-16-39-00_3_no_failure,normal,2.79999995232,37.6083374023,1.19111168385,306,3.24198365211,5.41394853592,-98.5812072754,-0.2712251544,-14.7045021057,-0.817567765713,0
1532135159804961712,34.803540896,carbonZ_2018-07-30-16-39-00_3_no_failure,normal,2.79999995232,37.6083374023,1.19111168385,306,3.24198365211,5.41394853592,-98.5812072754,-0.268211603165,-14.7044324875,-0.78711861372,0
1532135159874776368,34.873355552,carbonZ_2018-07-30-16-39-00_3_no_failure,normal,2.72000002861,63.8380050659,1.19111168385,308,3.24198365211,5.41394853592,-98.5812072754,-0.261551141739,-14.6982688904,-0.649302303791,0
1532135159922291952,34.920871136,carbonZ_2018-07-30-16-39-00_3_no_failure,normal,2.72000002861,63.8380050659,1.19111168385,308,2.39793539047,4.31414031982,-98.32862854,-0.261551141739,-14.6982688904,-0.649302303791,0
1532135159963913104,34.962492288,carbonZ_2018-07-30-16-39-00_3_no_failure,normal,2.65999984741,75.429725647,1.20224356651,309,2.39793539047,4.31414031982,-98.32862854,-0.249226227403,-14.707447052,-0.603944063187,0
1532135160012626960,35.011206144,carbonZ_2018-07-30-16-39-00_3_no_failure,normal,2.65999984741,75.429725647,1.20224356651,309,2.39793539047,4.31414031982,-98.32862854,-0.249226227403,-14.707447052,-0.603944063187,0
1532135160052931824,35.051511008,carbonZ_2018-07-30-16-39-00_3_no_failure,normal,2.6099998951,85.0829162598,1.20224356651,311,2.39793539047,4.31414031982,-98.32862854,-0.236031934619,-14.7115926743,-0.588876128197,0
1532135160115168848,35.113748032,carbonZ_2018-07-30-16-39-00_3_no_failure,normal,2.6099998951,85.0829162598,1.20224356651,311,2.39793539047,4.31414031982,-98.32862854,-0.213126629591,-14.729426384,-0.565648794174,0
1532135160159520848,35.158100032,carbonZ_2018-07-30-16-39-00_3_no_failure,normal,2.55999994278,87.6469573975,1.20224356651,312,2.39793539047,4.31414031982,-98.32862854,-0.19689001143,-14.7397918701,-0.549003660679,0
1532135160211462064,35.210041248,carbonZ_2018-07-30-16-39-00_3_no_failure,normal,2.55999994278,87.6469573975,1.20224356651,312,2.39793539047,4.31414031982,-98.32862854,-0.169446766376,-14.7559528351,-0.532320320606,0
1532135160252801968,35.251381152,carbonZ_2018-07-30-16-39-00_3_no_failure,normal,2.50999999046,69.3450012207,1.20224356651,313,2.39793539047,4.31414031982,-98.32862854,-0.151779949665,-14.7682828903,-0.533253371716,0
1532135160283409808,35.281988992,carbonZ_2018-07-30-16-39-00_3_no_failure,normal,2.50999999046,69.3450012207,1.20224356651,313,2.39793539047,4.31414031982,-98.32862854,-0.137749269605,-14.7798929214,-0.530156195164,0
1532135160350855824,35.349435008,carbonZ_2018-07-30-16-39-00_3_no_failure,normal,2.46000003815,69.2943572998,1.20224356651,315,4.01137971878,2.77568173409,-97.6426391602,-0.120102196932,-14.7922029495,-0.527150452137,0
1532135160409029584,35.407608768,carbonZ_2018-07-30-16-39-00_3_no_failure,normal,2.46000003815,69.2943572998,1.20224356651,315,4.01137971878,2.77568173409,-97.6426391602,-0.0846613422036,-14.8204174042,-0.507552206516,0
1532135160455592336,35.45417152,carbonZ_2018-07-30-16-39-00_3_no_failure,normal,2.41999983788,69.2615509033,1.19111168385,316,4.01137971878,2.77568173409,-97.6426391602,-0.0713942274451,-14.8331756592,-0.489568293095,0
1532135160482336880,35.480916064,carbonZ_2018-07-30-16-39-00_3_no_failure,normal,2.41999983788,69.2615509033,1.19111168385,316,4.01137971878,2.77568173409,-97.6426391602,-0.0542743876576,-14.846411705,-0.457741379738,0
1532135160549017648,35.547596832,carbonZ_2018-07-30-16-39-00_3_no_failure,normal,2.36999988556,73.267364502,1.16884791851,318,4.01137971878,2.77568173409,-97.6426391602,-0.0318713448942,-14.861825943,-0.353126257658,0
1532135160616573424,35.615152608,carbonZ_2018-07-30-16-39-00_3_no_failure,normal,2.36999988556,73.267364502,1.16884791851,318,4.01137971878,2.77568173409,-97.6426391602,-0.0122937476262,-14.8858785629,-0.288794457912,0
1532135160674693072,35.673272256,carbonZ_2018-07-30-16-39-00_3_no_failure,normal,2.34999990463,80.6481323242,1.15771603584,319,4.01137971878,2.77568173409,-97.6426391602,0.00533940829337,-14.9104070663,-0.202292650938,0
1532135160742292944,35.740872128,carbonZ_2018-07-30-16-39-00_3_no_failure,normal,2.34999990463,80.6481323242,1.15771603584,319,3.72072815895,1.80447363853,-98.1475524902,0.0163217261434,-14.933344841,-0.126513674855,0
1532135160773236080,35.771815264,carbonZ_2018-07-30-16-39-00_3_no_failure,normal,2.33999991417,91.817855835,1.13545227051,321,3.72072815895,1.80447363853,-98.1475524902,0.0231170170009,-14.9496307373,-0.0677775889635,0
1532135160796216240,35.794795424,carbonZ_2018-07-30-16-39-00_3_no_failure,normal,2.33999991417,91.817855835,1.13545227051,321,3.72072815895,1.80447363853,-98.1475524902,0.0231170170009,-14.9496307373,-0.0677775889635,0
1532135160852953872,35.851533056,carbonZ_2018-07-30-16-39-00_3_no_failure,normal,2.33999991417,92.7178344727,1.11318850517,322,3.72072815895,1.80447363853,-98.1475524902,0.0377742014825,-14.9821414948,0.0308040101081,0
1532135160919301520,35.917880704,carbonZ_2018-07-30-16-39-00_3_no_failure,normal,2.33999991417,92.7178344727,1.11318850517,322,3.72072815895,1.80447363853,-98.1475524902,0.0541010200977,-15.0174388885,0.1191149652,0
1532135160972513072,35.971092256,carbonZ_2018-07-30-16-39-00_3_no_failure,normal,2.3599998951,88.35105896,1.09092473984,324,3.72072815895,1.80447363853,-98.1475524902,0.0598297603428,-15.0434074402,0.197352588177,0
1532135160997012080,35.995591264,carbonZ_2018-07-30-16-39-00_3_no_failure,normal,2.3599998951,88.35105896,1.09092473984,324,3.72072815895,1.80447363853,-98.1475524902,0.0670491531491,-15.0595006943,0.225559487939,0
1532135161050466640,36.049045824,carbonZ_2018-07-30-16-39-00_3_no_failure,normal,2.38999986649,94.2624053955,1.0686609745,325,2.31332921982,1.11839294434,-98.7770080566,0.0733893066645,-15.0838785172,0.268382757902,0
1532135161098897264,36.097476448,carbonZ_2018-07-30-16-39-00_3_no_failure,normal,2.38999986649,94.2624053955,1.0686609745,325,2.31332921982,1.11839294434,-98.7770080566,0.0760206580162,-15.1205434799,0.288237601519,0
1532135161114743952,36.113323136,carbonZ_2018-07-30-16-39-00_3_no_failure,normal,2.38999986649,94.2624053955,1.0686609745,325,2.31332921982,1.11839294434,-98.7770080566,0.0724942833185,-15.141119957,0.266718149185,0
1532135161173136656,36.17171584,carbonZ_2018-07-30-16-39-00_3_no_failure,normal,2.42999982834,83.7229766846,1.04639708996,327,2.31332921982,1.11839294434,-98.7770080566,0.0651337355375,-15.1850795746,0.262577563524,0
1532135161188246928,36.186826112,carbonZ_2018-07-30-16-39-00_3_no_failure,normal,2.42999982834,83.7229766846,1.04639708996,327,2.31332921982,1.11839294434,-98.7770080566,0.0651337355375,-15.1850795746,0.262577563524,0
1532135161264965840,36.263545024,carbonZ_2018-07-30-16-39-00_3_no_failure,normal,2.46000003815,96.6564178467,1.02413332462,328,2.31332921982,1.11839294434,-98.7770080566,0.0177064146847,-15.2740001678,0.16872356832,0
1532135161316922512,36.315501696,carbonZ_2018-07-30-16-39-00_3_no_failure,normal,2.46000003815,96.6564178467,1.02413332462,328,0.793928444386,0.922158896923,-99.9209060669,-0.00998593028635,-15.3063583374,0.122977301478,0
1532135161363193040,36.361772224,carbonZ_2018-07-30-16-39-00_3_no_failure,normal,2.49000000954,76.0514221191,1.00186955929,330,0.793928444386,0.922158896923,-99.9209060669,-0.0381898842752,-15.338019371,0.0855477303267,0
1532135161441999408,36.440578592,carbonZ_2018-07-30-16-39-00_3_no_failure,normal,2.49000000954,76.0514221191,1.00186955929,330,0.793928444386,0.922158896923,-99.9209060669,-0.0960284247994,-15.3891296387,0.0112484171987,0
1532135161477313328,36.475892512,carbonZ_2018-07-30-16-39-00_3_no_failure,normal,2.5,64.4741973877,1.00186955929,331,0.793928444386,0.922158896923,-99.9209060669,-0.10860388726,-15.4021339417,0.0161010399461,0
1532135161491670800,36.490249984,carbonZ_2018-07-30-16-39-00_3_no_failure,normal,2.5,64.4741973877,1.00186955929,331,0.793928444386,0.922158896923,-99.9209060669,-0.10860388726,-15.4021339417,0.0161010399461,0
1532135161574662704,36.573241888,carbonZ_2018-07-30-16-39-00_3_no_failure,normal,2.50999999046,54.0982246399,1.00186955929,333,0.793928444386,0.922158896923,-99.9209060669,-0.188337400556,-15.4726991653,0.00382355926558,0
1532135161593475728,36.592054912,carbonZ_2018-07-30-16-39-00_3_no_failure,normal,2.50999999046,54.0982246399,1.00186955929,333,0.793928444386,0.922158896923,-99.9209060669,-0.207174703479,-15.4772129059,-0.00599063700065,0
1532135161678484624,36.677063808,carbonZ_2018-07-30-16-39-00_3_no_failure,normal,2.50999999046,37.4094009399,1.01300144196,334,0.793928444386,0.922158896923,-99.9209060669,-0.25972366333,-15.5199108124,0.0388803556561,0
1532135161697133520,36.695712704,carbonZ_2018-07-30-16-39-00_3_no_failure,normal,2.50999999046,37.4094009399,1.01300144196,334,-0.496451497078,0.15407551825,-99.8139648438,-0.269266068935,-15.5349578857,0.0612459182739,0
1532135161749830736,36.74840992,carbonZ_2018-07-30-16-39-00_3_no_failure,normal,2.50999999046,42.015171051,1.03526520729,336,-0.496451497078,0.15407551825,-99.8139648438,-0.307774186134,-15.5611619949,0.146919280291,0
1532135161793002320,36.791581504,carbonZ_2018-07-30-16-39-00_3_no_failure,normal,2.50999999046,42.015171051,1.03526520729,336,-0.496451497078,0.15407551825,-99.8139648438,-0.331096291542,-15.5811052322,0.216665163636,0
1532135161844098480,36.842677664,carbonZ_2018-07-30-16-39-00_3_no_failure,normal,2.52999997139,52.3853302002,1.05752897263,337,-0.496451497078,0.15407551825,-99.8139648438,-0.379025638103,-15.6227998734,0.322220921516,0
1532135161916817904,36.915397088,carbonZ_2018-07-30-16-39-00_3_no_failure,normal,2.52999997139,52.3853302002,1.05752897263,337,-0.496451497078,0.15407551825,-99.8139648438,-0.401159018278,-15.6426525116,0.368719965219,0
1532135161964651536,36.96323072,carbonZ_2018-07-30-16-39-00_3_no_failure,normal,2.56999993324,60.3232383728,1.10205662251,339,-0.496451497078,0.15407551825,-99.8139648438,-0.419333577156,-15.6738090515,0.439934074879,0
1532135162001243024,36.999822208,carbonZ_2018-07-30-16-39-00_3_no_failure,normal,2.56999993324,60.3232383728,1.10205662251,339,-0.496451497078,0.15407551825,-99.8139648438,-0.428930640221,-15.684006691,0.446704983711,0
1532135162040216752,37.038795936,carbonZ_2018-07-30-16-39-00_3_no_failure,normal,2.61999988556,54.1892051697,1.13545227051,340,-0.496451497078,0.15407551825,-99.8139648438,-0.427628725767,-15.71733284,0.512937247753,0
1532135162093479472,37.092058656,carbonZ_2018-07-30-16-39-00_3_no_failure,normal,2.61999988556,54.1892051697,1.13545227051,340,-0.496451497078,0.15407551825,-99.8139648438,-0.422645837069,-15.7466115952,0.563821554184,0
1532135162184754192,37.183333376,carbonZ_2018-07-30-16-39-00_3_no_failure,normal,2.67999982834,57.6652526855,1.17997980118,342,1.76458108425,-0.106214560568,-98.323097229,-0.403207600117,-15.7931852341,0.597919583321,0
1532135162257780848,37.256360032,carbonZ_2018-07-30-16-39-00_3_no_failure,normal,2.75,55.7451248169,1.21337544918,343,1.76458108425,-0.106214560568,-98.323097229,-0.387665182352,-15.8251657486,0.602470755577,0
1532135162300788368,37.299367552,carbonZ_2018-07-30-16-39-00_3_no_failure,normal,2.75,55.7451248169,1.21337544918,343,1.76458108425,-0.106214560568,-98.323097229,-0.371969461441,-15.853972435,0.605959951878,0
1532135162360909712,37.359488896,carbonZ_2018-07-30-16-39-00_3_no_failure,normal,2.81999993324,51.8492698669,1.23563921452,345,1.76458108425,-0.106214560568,-98.323097229,-0.356747210026,-15.8931121826,0.512918651104,0
1532135162403532784,37.402111968,carbonZ_2018-07-30-16-39-00_3_no_failure,normal,2.81999993324,51.8492698669,1.23563921452,345,1.76458108425,-0.106214560568,-98.323097229,-0.338128864765,-15.9342842102,0.405947953463,0
1532135162456814832,37.455394016,carbonZ_2018-07-30-16-39-00_3_no_failure,normal,2.86999988556,17.8426742554,1.26903486252,347,1.76458108425,-0.106214560568,-98.323097229,-0.314729213715,-15.9797372818,0.271434575319,0
1532135162529448528,37.528027712,carbonZ_2018-07-30-16-39-00_3_no_failure,normal,2.86999988556,17.8426742554,1.26903486252,347,1.76458108425,-0.106214560568,-98.323097229,-0.296366363764,-16.0119438171,0.162643790245,0
1532135162557680816,37.55626,carbonZ_2018-07-30-16-39-00_3_no_failure,normal,2.90999984741,7.54690170288,1.28016674519,348,1.76458108425,-0.106214560568,-98.323097229,-0.296366363764,-16.0119438171,0.162643790245,0
1532135162600916112,37.599495296,carbonZ_2018-07-30-16-39-00_3_no_failure,normal,2.90999984741,7.54690170288,1.28016674519,348,1.76458108425,-0.106214560568,-98.323097229,-0.291513681412,-16.0118598938,0.143958538771,0
1532135162686837072,37.685416256,carbonZ_2018-07-30-16-39-00_3_no_failure,normal,2.92999982834,-10.7145309448,1.30243051052,350,4.67315006256,2.06414175034,-100.256416321,-0.25435808301,-16.029504776,0.0595255382359,0
1532135162780116208,37.778695392,carbonZ_2018-07-30-16-39-00_3_no_failure,normal,2.9399998188,-15.7108306885,1.31356239319,351,4.67315006256,2.06414175034,-100.256416321,-0.223989456892,-16.0327377319,0.0128346867859,0
1532135162809635376,37.80821456,carbonZ_2018-07-30-16-39-00_3_no_failure,normal,2.9399998188,-15.7108306885,1.31356239319,351,4.67315006256,2.06414175034,-100.256416321,-0.207530036569,-16.0321960449,-0.0324491001666,0
1532135162844114448,37.842693632,carbonZ_2018-07-30-16-39-00_3_no_failure,normal,2.9399998188,-30.3749084473,1.32469427586,353,4.67315006256,2.06414175034,-100.256416321,-0.188843801618,-16.0322170258,-0.0824329108,0
1532135162882054160,37.880633344,carbonZ_2018-07-30-16-39-00_3_no_failure,normal,2.9399998188,-30.3749084473,1.32469427586,353,4.67315006256,2.06414175034,-100.256416321,-0.155510678887,-16.0367279053,-0.158673718572,0
1532135162996382064,37.994961248,carbonZ_2018-07-30-16-39-00_3_no_failure,normal,2.92999982834,-34.8520278931,1.33582615852,355,4.67315006256,2.06414175034,-100.256416321,-0.112934425473,-16.0314674377,-0.274575024843,0
1532135163056432560,38.055011744,carbonZ_2018-07-30-16-39-00_3_no_failure,normal,2.89999985695,-47.3546981812,1.33582615852,356,4.96923923492,3.54596138,-99.4829025269,-0.0871295556426,-16.0237064362,-0.345210641623,0
1532135163121410480,38.119989664,carbonZ_2018-07-30-16-39-00_3_no_failure,normal,2.89999985695,-47.3546981812,1.33582615852,356,4.96923923492,3.54596138,-99.4829025269,-0.0234323460609,-16.0183582306,-0.467361807823,0
1532135163170906256,38.16948544,carbonZ_2018-07-30-16-39-00_3_no_failure,normal,2.8599998951,-58.0387115479,1.33582615852,358,4.96923923492,3.54596138,-99.4829025269,0.0153976883739,-16.0022525787,-0.523464441299,0
1532135163205153008,38.203732192,carbonZ_2018-07-30-16-39-00_3_no_failure,normal,2.8599998951,-58.0387115479,1.33582615852,358,4.96923923492,3.54596138,-99.4829025269,0.0153976883739,-16.0022525787,-0.523464441299,0
1532135163262208656,38.26078784,carbonZ_2018-07-30-16-39-00_3_no_failure,normal,2.80999994278,-56.0628890991,1.32469427586,359,4.96923923492,3.54596138,-99.4829025269,0.0776813477278,-15.9696655273,-0.578441083431,0
1532135163309064560,38.307643744,carbonZ_2018-07-30-16-39-00_3_no_failure,normal,2.80999994278,-56.0628890991,1.32469427586,359,4.96923923492,3.54596138,-99.4829025269,0.102530874312,-15.9563522339,-0.598187506199,0
1532135163375883088,38.374462272,carbonZ_2018-07-30-16-39-00_3_no_failure,normal,2.75,-53.0155181885,1.30243051052,361,4.96923923492,3.54596138,-99.4829025269,0.126091733575,-15.9316234589,-0.613340854645,0
1532135163398905296,38.39748448,carbonZ_2018-07-30-16-39-00_3_no_failure,normal,2.75,-53.0155181885,1.30243051052,361,4.96923923492,3.54596138,-99.4829025269,0.132687315345,-15.9220752716,-0.631426513195,0
1532135163459733072,38.458312256,carbonZ_2018-07-30-16-39-00_3_no_failure,normal,2.69000005722,-54.4998168945,1.28016674519,362,4.90856027603,4.31810426712,-98.5411148071,0.178223207593,-15.8707895279,-0.632462143898,0
1532135163510737648,38.509316832,carbonZ_2018-07-30-16-39-00_3_no_failure,normal,2.69000005722,-54.4998168945,1.28016674519,362,4.90856027603,4.31810426712,-98.5411148071,0.178223207593,-15.8707895279,-0.632462143898,0
1532135163553165136,38.55174432,carbonZ_2018-07-30-16-39-00_3_no_failure,normal,2.62999987602,-43.2271957397,1.25790297985,364,4.90856027603,4.31810426712,-98.5411148071,0.203099608421,-15.8421907425,-0.622986078262,0
1532135163596306896,38.59488608,carbonZ_2018-07-30-16-39-00_3_no_failure,normal,2.62999987602,-43.2271957397,1.25790297985,364,4.90856027603,4.31810426712,-98.5411148071,0.223784998059,-15.8235769272,-0.605140447617,0
1532135163666560880,38.665140064,carbonZ_2018-07-30-16-39-00_3_no_failure,normal,2.56999993324,-37.0115280151,1.22450733185,366,4.90856027603,4.31810426712,-98.5411148071,0.267885386944,-15.7897434235,-0.639369249344,0
1532135163695807888,38.694387072,carbonZ_2018-07-30-16-39-00_3_no_failure,normal,2.56999993324,-37.0115280151,1.22450733185,366,4.90856027603,4.31810426712,-98.5411148071,0.267885386944,-15.7897434235,-0.639369249344,0
1532135163774646064,38.773225248,carbonZ_2018-07-30-16-39-00_3_no_failure,normal,2.50999999046,-34.7679138184,1.19111168385,367,4.90856027603,4.31810426712,-98.5411148071,0.335134744644,-15.7469530106,-0.672681331635,0
1532135163808998224,38.807577408,carbonZ_2018-07-30-16-39-00_3_no_failure,normal,2.50999999046,-34.7679138184,1.19111168385,367,4.90856027603,4.31810426712,-98.5411148071,0.366912007332,-15.731174469,-0.664484083652,0
1532135163875591216,38.8741704,carbonZ_2018-07-30-16-39-00_3_no_failure,normal,2.45000004768,-27.569770813,1.14658415318,369,4.90856027603,4.31810426712,-98.5411148071,0.404254883528,-15.7068929672,-0.654578208923,0
1532135163903894864,38.902474048,carbonZ_2018-07-30-16-39-00_3_no_failure,normal,2.45000004768,-27.569770813,1.14658415318,369,4.90856027603,4.31810426712,-98.5411148071,0.413740873337,-15.6966981888,-0.669449687004,0
1532135164000010160,38.998589344,carbonZ_2018-07-30-16-39-00_3_no_failure,normal,2.38999986649,-27.9029846191,1.09092473984,370,4.62644529343,4.31199026108,-95.9744567871,0.482773065567,-15.6630134583,-0.691052913666,0
1532135164031783088,39.030362272,carbonZ_2018-07-30-16-39-00_3_no_failure,normal,2.31999993324,-25.5945205688,1.03526520729,372,4.62644529343,4.31199026108,-95.9744567871,0.520213961601,-15.6396608353,-0.712188839912,0
1532135164085346960,39.083926144,carbonZ_2018-07-30-16-39-00_3_no_failure,normal,2.31999993324,-25.5945205688,1.03526520729,372,4.62644529343,4.31199026108,-95.9744567871,0.546744704247,-15.6276063919,-0.733418226242,0
1532135164160197168,39.158776352,carbonZ_2018-07-30-16-39-00_3_no_failure,normal,2.25999999046,-27.9584884644,0.96847397089,373,4.62644529343,4.31199026108,-95.9744567871,0.582938492298,-15.5959348679,-0.786815106869,0
1532135164204425072,39.203004256,carbonZ_2018-07-30-16-39-00_3_no_failure,normal,2.25999999046,-27.9584884644,0.96847397089,373,4.62644529343,4.31199026108,-95.9744567871,0.593779683113,-15.591925621,-0.789866328239,0
1532135164295806640,39.294385824,carbonZ_2018-07-30-16-39-00_3_no_failure,normal,2.18000006676,-32.1104049683,0.890550732613,375,4.62644529343,4.31199026108,-95.9744567871,0.637663125992,-15.5527906418,-0.882715046406,0
1532135164364661040,39.363240224,carbonZ_2018-07-30-16-39-00_3_no_failure,normal,2.09999990463,-28.5406112671,0.759700775146,376,4.38147783279,4.38036823273,-95.6633148193,0.66481423378,-15.5271596909,-0.906294107437,0
1532135164420285392,39.418864576,carbonZ_2018-07-30-16-39-00_3_no_failure,normal,2.09999990463,-28.5406112671,0.759700775146,376,4.38147783279,4.38036823273,-95.6633148193,0.666817903519,-15.506814003,-0.885172903538,0
1532135164443688944,39.442268128,carbonZ_2018-07-30-16-39-00_3_no_failure,normal,2.00999999046,-11.6891860962,0.684827268124,378,4.38147783279,4.38036823273,-95.6633148193,0.677079737186,-15.4895439148,-0.837153613567,0
1532135164519877392,39.518456576,carbonZ_2018-07-30-16-39-00_3_no_failure,normal,2.00999999046,-11.6891860962,0.684827268124,378,4.38147783279,4.38036823273,-95.6633148193,0.684682190418,-15.4641532898,-0.781283199787,0
1532135164545132176,39.54371136,carbonZ_2018-07-30-16-39-00_3_no_failure,normal,1.92999994755,-5.27477264404,0.609937131405,380,4.38147783279,4.38036823273,-95.6633148193,0.684682190418,-15.4641532898,-0.781283199787,0
1532135164602307984,39.600887168,carbonZ_2018-07-30-16-39-00_3_no_failure,normal,1.92999994755,-5.27477264404,0.609937131405,380,4.38147783279,4.38036823273,-95.6633148193,0.682335197926,-15.4403495789,-0.72557169199,0
1532135164637367824,39.635947008,carbonZ_2018-07-30-16-39-00_3_no_failure,normal,1.86000001431,-6.33640289307,0.373178482056,381,2.68517112732,3.46199798584,-95.0703735352,0.683769285679,-15.4243202209,-0.689187586308,0
1532135164676252624,39.674831808,carbonZ_2018-07-30-16-39-00_3_no_failure,normal,1.86000001431,-6.33640289307,0.373178482056,381,2.68517112732,3.46199798584,-95.0703735352,0.676792263985,-15.4137334824,-0.665575444698,0
1532135164726543824,39.725123008,carbonZ_2018-07-30-16-39-00_3_no_failure,normal,1.86000001431,-6.33640289307,0.373178482056,381,2.68517112732,3.46199798584,-95.0703735352,0.671003162861,-15.3979330063,-0.617043495178,0
1532135164789126832,39.787706016,carbonZ_2018-07-30-16-39-00_3_no_failure,normal,1.78999996185,-9.42363739014,0.307632952929,383,2.68517112732,3.46199798584,-95.0703735352,0.679057538509,-15.3800630569,-0.551517605782,0
1532135164874463536,39.87304272,carbonZ_2018-07-30-16-39-00_3_no_failure,normal,1.73000001907,-7.2660446167,-0.313309192657,384,2.68517112732,3.46199798584,-95.0703735352,0.690772533417,-15.3687677383,-0.493066251278,0
1532135164928995216,39.9275744,carbonZ_2018-07-30-16-39-00_3_no_failure,normal,1.73000001907,-7.2660446167,-0.313309192657,384,2.68517112732,3.46199798584,-95.0703735352,0.704153895378,-15.3613357544,-0.434421598911,0
1532135164973694576,39.97227376,carbonZ_2018-07-30-16-39-00_3_no_failure,normal,1.68999993801,0.864601135254,-0.355883449316,386,2.68517112732,3.46199798584,-95.0703735352,0.708375692368,-15.3585796356,-0.407907962799,0
1532135165048817008,40.047396192,carbonZ_2018-07-30-16-39-00_3_no_failure,normal,1.64999997616,0.39005279541,-1.07368993759,387,1.77485132217,1.85305333138,-92.469909668,0.720047593117,-15.3498163223,-0.359244167805,0
1532135165080834672,40.079413856,carbonZ_2018-07-30-16-39-00_3_no_failure,normal,1.64999997616,0.39005279541,-1.07368993759,387,1.77485132217,1.85305333138,-92.469909668,0.724467158318,-15.3429460526,-0.326839238405,0
1532135165130355824,40.128935008,carbonZ_2018-07-30-16-39-00_3_no_failure,normal,1.64999997616,0.39005279541,-1.07368993759,387,1.77485132217,1.85305333138,-92.469909668,0.734287917614,-15.3373317719,-0.255416452885,0
1532135165174723728,40.173302912,carbonZ_2018-07-30-16-39-00_3_no_failure,normal,1.62000000477,2.02035903931,-1.07570850849,389,1.77485132217,1.85305333138,-92.469909668,0.747101664543,-15.3370227814,-0.188728436828,0
1532135165270315792,40.268894976,carbonZ_2018-07-30-16-39-00_3_no_failure,normal,1.61000001431,19.700717926,-1.06709325314,390,1.77485132217,1.85305333138,-92.469909668,0.763737976551,-15.3321332932,-0.0537536516786,0
1532135165358195184,40.356774368,carbonZ_2018-07-30-16-39-00_3_no_failure,normal,1.62000000477,24.0459442139,-1.46674954891,392,1.77485132217,1.85305333138,-92.469909668,0.781501114368,-15.334523201,0.0606114454567,0
1532135165373057008,40.371636192,carbonZ_2018-07-30-16-39-00_3_no_failure,normal,1.62000000477,24.0459442139,-1.46674954891,392,1.77485132217,1.85305333138,-92.469909668,0.784568727016,-15.3352584839,0.0904992371798,0
1532135165470351664,40.468930848,carbonZ_2018-07-30-16-39-00_3_no_failure,normal,1.63999998569,39.9848937988,-1.4430346489,393,1.77485132217,1.85305333138,-92.469909668,0.77918022871,-15.3394165039,0.185758382082,0
1532135165549838608,40.548417792,carbonZ_2018-07-30-16-39-00_3_no_failure,normal,1.66999995708,34.269618988,-1.4310464859,395,-0.15634046495,1.04506790638,-93.3227767944,0.760109424591,-15.3476419449,0.224718824029,0
1532135165613158384,40.611737568,carbonZ_2018-07-30-16-39-00_3_no_failure,normal,1.66999995708,34.269618988,-1.4310464859,395,-0.15634046495,1.04506790638,-93.3227767944,0.73881816864,-15.3541240692,0.226439967752,0
1532135165629308016,40.6278872,carbonZ_2018-07-30-16-39-00_3_no_failure,normal,1.66999995708,34.269618988,-1.4310464859,395,-0.15634046495,1.04506790638,-93.3227767944,0.721368432045,-15.3541479111,0.238217636943,0
1532135165692436112,40.691015296,carbonZ_2018-07-30-16-39-00_3_no_failure,normal,1.69999992847,28.0621528625,-3.60870456696,396,-0.15634046495,1.04506790638,-93.3227767944,0.69453394413,-15.3577680588,0.269297808409,0
1532135165750954992,40.749534176,carbonZ_2018-07-30-16-39-00_3_no_failure,normal,1.74000000954,21.7610359192,-3.43761920929,398,-0.15634046495,1.04506790638,-93.3227767944,0.663806200027,-15.3649644852,0.291480094194,0
1532135165763387248,40.761966432,carbonZ_2018-07-30-16-39-00_3_no_failure,normal,1.74000000954,21.7610359192,-3.43761920929,398,-0.15634046495,1.04506790638,-93.3227767944,0.656527280807,-15.372253418,0.28857332468,0
1532135165822819984,40.821399168,carbonZ_2018-07-30-16-39-00_3_no_failure,normal,1.74000000954,21.7610359192,-3.43761920929,398,-0.15634046495,1.04506790638,-93.3227767944,0.625895380974,-15.3858222961,0.218583703041,0
1532135165855825424,40.854404608,carbonZ_2018-07-30-16-39-00_3_no_failure,normal,1.77999997139,-0.0587463378906,-3.96121120453,399,-0.15634046495,1.04506790638,-93.3227767944,0.617739319801,-15.3904533386,0.201541692019,0
1532135165884761616,40.8833408,carbonZ_2018-07-30-16-39-00_3_no_failure,normal,1.77999997139,-0.0587463378906,-3.96121120453,399,-0.15634046495,1.04506790638,-93.3227767944,0.600995719433,-15.4005355835,0.17802837491,0
1532135165961974832,40.960554016,carbonZ_2018-07-30-16-39-00_3_no_failure,normal,1.80999994278,-7.46650695801,-3.72402620316,401,-0.15634046495,1.04506790638,-93.3227767944,0.588734805584,-15.4147729874,0.122232399881,0
1532135165996162960,40.994742144,carbonZ_2018-07-30-16-39-00_3_no_failure,normal,1.80999994278,-7.46650695801,-3.72402620316,401,1.94591236115,0.64536011219,-95.3268508911,0.581043481827,-15.4259519577,0.0668108612299,0
1532135166130010224,41.128589408,carbonZ_2018-07-30-16-39-00_3_no_failure,normal,1.81999993324,-22.4481582642,-6.79986190796,403,1.94591236115,0.64536011219,-95.3268508911,0.602319419384,-15.4527587891,0.0249725263566,0
1532135166174731600,41.173310784,carbonZ_2018-07-30-16-39-00_3_no_failure,normal,1.82999992371,-24.9034881592,-6.35472679138,404,1.94591236115,0.64536011219,-95.3268508911,0.606535255909,-15.4599580765,0.0168888065964,0
1532135166222722512,41.221301696,carbonZ_2018-07-30-16-39-00_3_no_failure,normal,1.82999992371,-24.9034881592,-6.35472679138,404,1.94591236115,0.64536011219,-95.3268508911,0.616314649582,-15.4572668076,0.0130291255191,0
1532135166265542352,41.264121536,carbonZ_2018-07-30-16-39-00_3_no_failure,normal,1.82999992371,-25.5197525024,-5.90959119797,406,1.94591236115,0.64536011219,-95.3268508911,0.635726153851,-15.4591875076,0.0359225124121,0
1532135166283777168,41.282356352,carbonZ_2018-07-30-16-39-00_3_no_failure,normal,1.82999992371,-25.5197525024,-5.90959119797,406,1.94591236115,0.64536011219,-95.3268508911,0.647989213467,-15.4568462372,0.0666514113545,0
1532135166349974960,41.348554144,carbonZ_2018-07-30-16-39-00_3_no_failure,normal,1.83999991417,-21.4859008789,-6.29621887207,407,5.04627799988,0.804570138454,-94.9641647339,0.677335381508,-15.4524698257,0.118281252682,0
1532135166398535952,41.397115136,carbonZ_2018-07-30-16-39-00_3_no_failure,normal,1.83999991417,-21.4859008789,-6.29621887207,407,5.04627799988,0.804570138454,-94.9641647339,0.70483148098,-15.4468212128,0.150571927428,0
1532135166428934320,41.427513504,carbonZ_2018-07-30-16-39-00_3_no_failure,normal,1.86000001431,-27.841758728,-5.81570911407,409,5.04627799988,0.804570138454,-94.9641647339,0.76147121191,-15.4427747726,0.187977880239,0
1532135166510530832,41.509110016,carbonZ_2018-07-30-16-39-00_3_no_failure,normal,1.86000001431,-27.841758728,-5.81570911407,409,5.04627799988,0.804570138454,-94.9641647339,0.828339338303,-15.4409618378,0.193377628922,0
1532135166541739280,41.540318464,carbonZ_2018-07-30-16-39-00_3_no_failure,normal,1.88999998569,-21.489906311,-7.80439186096,410,5.04627799988,0.804570138454,-94.9641647339,0.828339338303,-15.4409618378,0.193377628922,0
1532135166608975824,41.607555008,carbonZ_2018-07-30-16-39-00_3_no_failure,normal,1.88999998569,-21.489906311,-7.80439186096,410,5.04627799988,0.804570138454,-94.9641647339,0.924935400486,-15.4352607727,0.194234341383,0
1532135166676273680,41.674852864,carbonZ_2018-07-30-16-39-00_3_no_failure,normal,1.91999995708,-34.167098999,-7.18530130386,412,5.04627799988,0.804570138454,-94.9641647339,1.03814518452,-15.4284467697,0.195877939463,0
1532135166722420656,41.72099984,carbonZ_2018-07-30-16-39-00_3_no_failure,normal,1.91999995708,-34.167098999,-7.18530130386,412,5.04627799988,0.804570138454,-94.9641647339,1.10443902016,-15.4239454269,0.207665905356,0
1532135166778507792,41.777086976,carbonZ_2018-07-30-16-39-00_3_no_failure,normal,1.94999992847,-37.5410079956,-6.58597803116,413,10.4868125916,1.43964326382,-93.6997146606,1.20072686672,-15.4186697006,0.214573442936,0
1532135166805154480,41.803733664,carbonZ_2018-07-30-16-39-00_3_no_failure,normal,1.94999992847,-37.5410079956,-6.58597803116,413,10.4868125916,1.43964326382,-93.6997146606,1.23111498356,-15.4128847122,0.20967875421,0
1532135166854322000,41.852901184,carbonZ_2018-07-30-16-39-00_3_no_failure,normal,1.97999989986,-43.914604187,-7.58127164841,415,10.4868125916,1.43964326382,-93.6997146606,1.34138011932,-15.4013748169,0.22635102272,0
1532135166898415984,41.896995168,carbonZ_2018-07-30-16-39-00_3_no_failure,normal,1.97999989986,-43.914604187,-7.58127164841,415,10.4868125916,1.43964326382,-93.6997146606,1.41891002655,-15.3972139359,0.239282160997,0
1532135166952386448,41.950965632,carbonZ_2018-07-30-16-39-00_3_no_failure,normal,2.00999999046,-40.1732444763,-6.91575860977,416,10.4868125916,1.43964326382,-93.6997146606,1.53895664215,-15.3903284073,0.237402558327,0
1532135166999757264,41.998336448,carbonZ_2018-07-30-16-39-00_3_no_failure,normal,2.00999999046,-40.1732444763,-6.91575860977,416,10.4868125916,1.43964326382,-93.6997146606,1.6705698967,-15.3759374619,0.22691334784,0
1532135167065290096,42.06386928,carbonZ_2018-07-30-16-39-00_3_no_failure,normal,2.03999996185,-50.1969337463,-8.70623779297,418,15.597864151,1.97242712975,-92.3230361938,1.81047129631,-15.3610010147,0.226960778236,0
1532135167101700176,42.10027936,carbonZ_2018-07-30-16-39-00_3_no_failure,normal,2.03999996185,-50.1969337463,-8.70623779297,418,15.597864151,1.97242712975,-92.3230361938,1.81047129631,-15.3610010147,0.226960778236,0
1532135167157261840,42.155841024,carbonZ_2018-07-30-16-39-00_3_no_failure,normal,2.06999993324,-59.1647148132,-7.94162559509,419,15.597864151,1.97242712975,-92.3230361938,1.99747443199,-15.3455524445,0.249411821365,0
1532135167212089488,42.210668672,carbonZ_2018-07-30-16-39-00_3_no_failure,normal,2.06999993324,-59.1647148132,-7.94162559509,419,15.597864151,1.97242712975,-92.3230361938,2.15094923973,-15.3287220001,0.272308290005,0
1532135167246050608,42.244629792,carbonZ_2018-07-30-16-39-00_3_no_failure,normal,2.09999990463,-60.7686042786,-8.01341152191,421,15.597864151,1.97242712975,-92.3230361938,2.25866794586,-15.3156328201,0.307572335005,0
1532135167316710064,42.315289248,carbonZ_2018-07-30-16-39-00_3_no_failure,normal,2.09999990463,-60.7686042786,-8.01341152191,421,15.597864151,1.97242712975,-92.3230361938,2.41217184067,-15.3044271469,0.361671537161,0
1532135167349247088,42.347826272,carbonZ_2018-07-30-16-39-00_3_no_failure,normal,2.12999987602,-49.5513916016,-7.25225639343,422,15.597864151,1.97242712975,-92.3230361938,2.51679944992,-15.2955875397,0.38982078433,0
1532135167395213200,42.393792384,carbonZ_2018-07-30-16-39-00_3_no_failure,normal,2.12999987602,-49.5513916016,-7.25225639343,422,15.597864151,1.97242712975,-92.3230361938,2.63109278679,-15.2832632065,0.432766854763,0
1532135167467853456,42.46643264,carbonZ_2018-07-30-16-39-00_3_no_failure,normal,2.18000006676,-53.3807754517,-6.51146030426,424,20.7646331787,1.29129707813,-88.4445877075,2.87884020805,-15.2661104202,0.477801561356,0
1532135167481112912,42.479692096,carbonZ_2018-07-30-16-39-00_3_no_failure,normal,2.18000006676,-53.3807754517,-6.51146030426,424,20.7646331787,1.29129707813,-88.4445877075,2.87884020805,-15.2661104202,0.477801561356,0
1532135167594829936,42.59340912,carbonZ_2018-07-30-16-39-00_3_no_failure,normal,2.24000000954,-65.9114837646,-8.92137050629,426,20.7646331787,1.29129707813,-88.4445877075,3.27391695976,-15.2361478806,0.586811542511,0
1532135167676182128,42.674761312,carbonZ_2018-07-30-16-39-00_3_no_failure,normal,2.30999994278,-60.6784820557,-8.04110240936,427,20.7646331787,1.29129707813,-88.4445877075,3.54123306274,-15.2079792023,0.710617125034,0
1532135167693458128,42.692037312,carbonZ_2018-07-30-16-39-00_3_no_failure,normal,2.30999994278,-60.6784820557,-8.04110240936,427,20.7646331787,1.29129707813,-88.4445877075,3.61312174797,-15.2018165588,0.742946863174,0
1532135167751651632,42.750230816,carbonZ_2018-07-30-16-39-00_3_no_failure,normal,2.38999986649,-56.573677063,-7.18456315994,429,20.7646331787,1.29129707813,-88.4445877075,3.91327023506,-15.17370224,0.797035217285,0
1532135167808752880,42.807332064,carbonZ_2018-07-30-16-39-00_3_no_failure,normal,2.38999986649,-56.573677063,-7.18456315994,429,25.4111423492,0.803616702557,-83.5674285889,3.99083828926,-15.1656332016,0.812471032143,0
1532135167899644912,42.898224096,carbonZ_2018-07-30-16-39-00_3_no_failure,normal,2.49000000954,-59.5188140869,-7.12818193436,430,25.4111423492,0.803616702557,-83.5674285889,4.39510774612,-15.1125526428,0.900925576687,0
1532135167978683408,42.977262592,carbonZ_2018-07-30-16-39-00_3_no_failure,normal,2.58999991417,-59.4756126404,-6.28276205063,432,25.4111423492,0.803616702557,-83.5674285889,4.72962188721,-15.0709600449,0.953029811382,0
1532135168011230672,43.009809856,carbonZ_2018-07-30-16-39-00_3_no_failure,normal,2.58999991417,-59.4756126404,-6.28276205063,432,25.4111423492,0.803616702557,-83.5674285889,4.82256793976,-15.0579624176,0.973750948906,0
1532135168036010896,43.03459008,carbonZ_2018-07-30-16-39-00_3_no_failure,normal,2.69000005722,-71.4177093506,-8.64450550079,433,25.4111423492,0.803616702557,-83.5674285889,4.82256793976,-15.0579624176,0.973750948906,0
1532135168116696432,43.115275616,carbonZ_2018-07-30-16-39-00_3_no_failure,normal,2.69000005722,-71.4177093506,-8.64450550079,433,29.5612564087,0.631601154804,-78.4977111816,5.36916732788,-14.9635658264,1.04466915131,0
1532135168141332464,43.139911648,carbonZ_2018-07-30-16-39-00_3_no_failure,normal,2.80999994278,-79.2585372925,-7.69000768661,435,29.5612564087,0.631601154804,-78.4977111816,5.36916732788,-14.9635658264,1.04466915131,0
1532135168197587344,43.196166528,carbonZ_2018-07-30-16-39-00_3_no_failure,normal,2.80999994278,-79.2585372925,-7.69000768661,435,29.5612564087,0.631601154804,-78.4977111816,5.85368394852,-14.8765459061,1.09836125374,0
1532135168248178992,43.246758176,carbonZ_2018-07-30-16-39-00_3_no_failure,normal,2.9399998188,-88.9312744141,-6.75799417496,436,29.5612564087,0.631601154804,-78.4977111816,6.05975055695,-14.8337841034,1.1164791584,0
1532135168295934640,43.294513824,carbonZ_2018-07-30-16-39-00_3_no_failure,normal,2.9399998188,-88.9312744141,-6.75799417496,436,29.5612564087,0.631601154804,-78.4977111816,6.26940393448,-14.797326088,1.1342279911,0
1532135168346306288,43.344885472,carbonZ_2018-07-30-16-39-00_3_no_failure,normal,3.05999994278,-88.76953125,-6.63563919067,438,29.5612564087,0.631601154804,-78.4977111816,6.56914138794,-14.7320222855,1.16932690144,0
1532135168439491376,43.43807056,carbonZ_2018-07-30-16-39-00_3_no_failure,normal,3.05999994278,-88.76953125,-6.63563919067,438,29.5612564087,0.631601154804,-78.4977111816,6.97277641296,-14.6285867691,1.2134771347,0
1532135168499425648,43.498004832,carbonZ_2018-07-30-16-39-00_3_no_failure,normal,3.1899998188,-87.9804611206,-5.73787307739,439,29.5612564087,0.631601154804,-78.4977111816,7.28643417358,-14.5436840057,1.23424053192,0
1532135168598237264,43.596816448,carbonZ_2018-07-30-16-39-00_3_no_failure,normal,3.32999992371,-94.9014663696,-4.87537145615,441,31.6029052734,0.934702932835,-71.0267105103,7.81859636307,-14.383605957,1.23718607426,0
1532135168653461040,43.652040224,carbonZ_2018-07-30-16-39-00_3_no_failure,normal,3.47000002861,-97.8298187256,-7.06291484833,442,31.6029052734,0.934702932835,-71.0267105103,8.13622093201,-14.2766160965,1.24012613297,0
1532135168717775408,43.716354592,carbonZ_2018-07-30-16-39-00_3_no_failure,normal,3.47000002861,-97.8298187256,-7.06291484833,442,31.6029052734,0.934702932835,-71.0267105103,8.46018505096,-14.16248703,1.21663928032,0
1532135168751637520,43.750216704,carbonZ_2018-07-30-16-39-00_3_no_failure,normal,3.6099998951,-103.864379883,-6.0879483223,444,31.6029052734,0.934702932835,-71.0267105103,8.67823410034,-14.0822172165,1.19046258926,0
1532135168793578544,43.792157728,carbonZ_2018-07-30-16-39-00_3_no_failure,normal,3.6099998951,-103.864379883,-6.0879483223,444,31.6029052734,0.934702932835,-71.0267105103,8.88614177704,-14.0027713776,1.19244503975,0
1532135168830026640,43.828605824,carbonZ_2018-07-30-16-39-00_3_no_failure,normal,3.74000000954,-103.837875366,-5.93669366837,445,31.6029052734,0.934702932835,-71.0267105103,9.20145511627,-13.8623943329,1.17571616173,0
1532135168891138608,43.889717792,carbonZ_2018-07-30-16-39-00_3_no_failure,normal,3.74000000954,-103.837875366,-5.93669366837,445,32.5117301941,1.7540102005,-64.2402496338,9.41823673248,-13.7704401016,1.15682673454,0
1532135168963713712,43.962292896,carbonZ_2018-07-30-16-39-00_3_no_failure,normal,3.8599998951,-116.916946411,-4.9892821312,446,32.5117301941,1.7540102005,-64.2402496338,9.73300361633,-13.626206398,1.13161039352,0
1532135169042423632,44.041002816,carbonZ_2018-07-30-16-39-00_3_no_failure,normal,3.8599998951,-116.916946411,-4.9892821312,446,32.5117301941,1.7540102005,-64.2402496338,10.1565923691,-13.4062767029,1.10885024071,0
1532135169060075472,44.058654656,carbonZ_2018-07-30-16-39-00_3_no_failure,normal,3.99000000954,-128.72895813,-7.17298221588,448,32.5117301941,1.7540102005,-64.2402496338,10.367811203,-13.2921133041,1.11947917938,0
1532135169091389072,44.089968256,carbonZ_2018-07-30-16-39-00_3_no_failure,normal,3.99000000954,-128.72895813,-7.17298221588,448,32.5117301941,1.7540102005,-64.2402496338,10.5871372223,-13.1794586182,1.1270198822,0
1532135169153837712,44.152416896,carbonZ_2018-07-30-16-39-00_3_no_failure,normal,4.11999988556,-132.562255859,-6.13034200668,449,32.5117301941,1.7540102005,-64.2402496338,10.8023796082,-13.058347702,1.12365949154,0
1532135169206837968,44.205417152,carbonZ_2018-07-30-16-39-00_3_no_failure,normal,4.11999988556,-132.562255859,-6.13034200668,449,32.5117301941,1.7540102005,-64.2402496338,11.2496747971,-12.7984209061,1.11658978462,0
1532135169252416624,44.250995808,carbonZ_2018-07-30-16-39-00_3_no_failure,normal,4.23999977112,-147.730255127,-6.5900144577,450,32.5117301941,1.7540102005,-64.2402496338,11.4549789429,-12.6687374115,1.14290869236,0
1532135169286953520,44.285532704,carbonZ_2018-07-30-16-39-00_3_no_failure,normal,4.23999977112,-147.730255127,-6.5900144577,450,32.5117301941,1.7540102005,-64.2402496338,11.5583591461,-12.6063747406,1.15191733837,0
1532135169366472400,44.365051584,carbonZ_2018-07-30-16-39-00_3_no_failure,normal,4.36999988556,-141.875274658,-5.55232334137,452,38.872215271,1.23883247375,-53.2510719299,11.992857933,-12.3192939758,1.18645179272,0
1532135169405599696,44.40417888,carbonZ_2018-07-30-16-39-00_3_no_failure,normal,4.36999988556,-141.875274658,-5.55232334137,452,38.872215271,1.23883247375,-53.2510719299,12.2169904709,-12.1563005447,1.21060490608,0
1532135169491978480,44.490557664,carbonZ_2018-07-30-16-39-00_3_no_failure,normal,4.50999975204,-157.238388062,-4.56668186188,453,38.872215271,1.23883247375,-53.2510719299,12.6919384003,-11.7952356339,1.19524800777,0
1532135169568441680,44.567020864,carbonZ_2018-07-30-16-39-00_3_no_failure,normal,4.65000009537,-170.482818604,-5.8628115654,454,38.872215271,1.23883247375,-53.2510719299,13.146979332,-11.4317216873,1.1839427948,0
1532135169639851792,44.638430976,carbonZ_2018-07-30-16-39-00_3_no_failure,normal,4.65000009537,-170.482818604,-5.8628115654,454,38.872215271,1.23883247375,-53.2510719299,13.4720602036,-11.1381158829,1.18160760403,0
1532135169677110384,44.675689568,carbonZ_2018-07-30-16-39-00_3_no_failure,normal,4.78999996185,-183.794784546,-4.85925483704,456,38.872215271,1.23883247375,-53.2510719299,13.6838092804,-10.9358053207,1.17357349396,0
1532135169702315024,44.700894208,carbonZ_2018-07-30-16-39-00_3_no_failure,normal,4.78999996185,-183.794784546,-4.85925483704,456,38.872215271,1.23883247375,-53.2510719299,13.8947877884,-10.7416343689,1.1680521965,0
1532135169775837872,44.774417056,carbonZ_2018-07-30-16-39-00_3_no_failure,normal,4.92000007629,-192.529678345,-3.90066194534,457,38.872215271,1.23883247375,-53.2510719299,14.2279109955,-10.414891243,1.14542090893,0
1532135169825286416,44.8238656,carbonZ_2018-07-30-16-39-00_3_no_failure,normal,4.92000007629,-192.529678345,-3.90066194534,457,40.1186828613,0.0554143935442,-39.7039337158,14.4279994965,-10.1795778275,1.13728094101,0
1532135169879502288,44.878081472,carbonZ_2018-07-30-16-39-00_3_no_failure,normal,5.05999994278,-205.133056641,-3.40303587914,458,40.1186828613,0.0554143935442,-39.7039337158,14.7344274521,-9.83966350555,1.15188443661,0
1532135169896136304,44.894715488,carbonZ_2018-07-30-16-39-00_3_no_failure,normal,5.05999994278,-205.133056641,-3.40303587914,458,40.1186828613,0.0554143935442,-39.7039337158,14.8364191055,-9.71201324463,1.13625645638,0
1532135169971040720,44.969619904,carbonZ_2018-07-30-16-39-00_3_no_failure,normal,5.19000005722,-216.342163086,-2.54323577881,459,40.1186828613,0.0554143935442,-39.7039337158,15.2302484512,-9.22067546844,1.14208781719,0
1532135169994769584,44.993348768,carbonZ_2018-07-30-16-39-00_3_no_failure,normal,5.19000005722,-216.342163086,-2.54323577881,459,40.1186828613,0.0554143935442,-39.7039337158,15.3277320862,-9.08588981628,1.13159239292,0
1532135170055407280,45.053986464,carbonZ_2018-07-30-16-39-00_3_no_failure,normal,5.31999969482,-223.162841797,-2.53755116463,460,40.1186828613,0.0554143935442,-39.7039337158,15.6981163025,-8.53325748444,1.13902842999,0
1532135170095723216,45.0943024,carbonZ_2018-07-30-16-39-00_3_no_failure,normal,5.31999969482,-223.162841797,-2.53755116463,460,40.955909729,-0.227115422487,-29.394487381,15.6981163025,-8.53325748444,1.13902842999,0
1532135170162692016,45.1612712,carbonZ_2018-07-30-16-39-00_3_no_failure,normal,5.46000003815,-227.200500488,-1.76376235485,461,40.955909729,-0.227115422487,-29.394487381,16.0541381836,-7.96902513504,1.15085566044,0
1532135170206051312,45.204630496,carbonZ_2018-07-30-16-39-00_3_no_failure,normal,5.46000003815,-227.200500488,-1.76376235485,461,40.955909729,-0.227115422487,-29.394487381,16.0541381836,-7.96902513504,1.15085566044,0
1532135170274777392,45.273356576,carbonZ_2018-07-30-16-39-00_3_no_failure,normal,5.59999990463,-220.376403809,-1.06633281708,462,40.955909729,-0.227115422487,-29.394487381,16.4438686371,-7.2234621048,1.19368040562,0
1532135170309444880,45.308024064,carbonZ_2018-07-30-16-39-00_3_no_failure,normal,5.59999990463,-220.376403809,-1.06633281708,462,40.955909729,-0.227115422487,-29.394487381,16.6574821472,-6.7740855217,1.20935440063,0
1532135170364179920,45.362759104,carbonZ_2018-07-30-16-39-00_3_no_failure,normal,5.73999977112,-228.338241577,-0.670257925987,463,40.955909729,-0.227115422487,-29.394487381,16.9233436584,-6.13117218018,1.18700766563,0
1532135170412603248,45.411182432,carbonZ_2018-07-30-16-39-00_3_no_failure,normal,5.73999977112,-228.338241577,-0.670257925987,463,40.955909729,-0.227115422487,-29.394487381,16.9233436584,-6.13117218018,1.18700766563,0
1532135170469226064,45.467805248,carbonZ_2018-07-30-16-39-00_3_no_failure,normal,5.8799996376,-226.19229126,-0.117482401431,463,40.955909729,-0.227115422487,-29.394487381,17.1555595398,-5.45957660675,1.15618300438,0
1532135170498185296,45.49676448,carbonZ_2018-07-30-16-39-00_3_no_failure,normal,5.8799996376,-226.19229126,-0.117482401431,463,40.955909729,-0.227115422487,-29.394487381,17.2097873688,-5.29576778412,1.13798666,0
1532135170524139088,45.522718272,carbonZ_2018-07-30-16-39-00_3_no_failure,normal,5.8799996376,-226.19229126,-0.117482401431,463,42.3706970215,2.57573986053,-15.6160354614,17.3123779297,-4.95390462875,1.10640740395,0
1532135170577291920,45.575871104,carbonZ_2018-07-30-16-39-00_3_no_failure,normal,6.00999975204,-225.189788818,0.295863568783,464,42.3706970215,2.57573986053,-15.6160354614,17.4126987457,-4.61964941025,1.0750143528,0
1532135170665685424,45.664264608,carbonZ_2018-07-30-16-39-00_3_no_failure,normal,6.1299996376,-232.349014282,0.676259577274,465,42.3706970215,2.57573986053,-15.6160354614,17.567281723,-3.91124343872,0.955624699593,0
1532135170682505840,45.681085024,carbonZ_2018-07-30-16-39-00_3_no_failure,normal,6.1299996376,-232.349014282,0.676259577274,465,42.3706970215,2.57573986053,-15.6160354614,17.6361865997,-3.55872654915,0.884981393814,0
1532135170748213808,45.746792992,carbonZ_2018-07-30-16-39-00_3_no_failure,normal,6.23000001907,-255.969421387,0.972123205662,465,42.3706970215,2.57573986053,-15.6160354614,17.7307682037,-3.02069044113,0.769091427326,0
1532135170764720848,45.763300032,carbonZ_2018-07-30-16-39-00_3_no_failure,normal,6.23000001907,-255.969421387,0.972123205662,465,42.3706970215,2.57573986053,-15.6160354614,17.7307682037,-3.02069044113,0.769091427326,0
1532135170829785392,45.828364576,carbonZ_2018-07-30-16-39-00_3_no_failure,normal,6.23000001907,-255.969421387,0.972123205662,465,42.3706970215,2.57573986053,-15.6160354614,17.8048000336,-2.27765774727,0.570761978626,0
1532135170866335312,45.864914496,carbonZ_2018-07-30-16-39-00_3_no_failure,normal,6.2999997139,-271.904937744,1.17500078678,465,42.3706970215,2.57573986053,-15.6160354614,17.8314933777,-1.90405142307,0.467765212059,0
1532135170929769744,45.928348928,carbonZ_2018-07-30-16-39-00_3_no_failure,normal,6.2999997139,-271.904937744,1.17500078678,465,42.3706970215,2.57573986053,-15.6160354614,17.8460273743,-1.38776981831,0.359118878841,0
1532135170981850544,45.980429728,carbonZ_2018-07-30-16-39-00_3_no_failure,normal,6.34999990463,-266.716369629,1.28489291668,466,42.3706970215,2.57573986053,-15.6160354614,17.8505840302,-1.09379088879,0.321338504553,0
1532135171032013712,46.030592896,carbonZ_2018-07-30-16-39-00_3_no_failure,normal,6.3799996376,-246.248245239,1.31025159359,466,36.9005699158,5.80527877808,-1.96806800365,17.8050956726,-0.462032824755,0.201404765248,0
1532135171075903792,46.074482976,carbonZ_2018-07-30-16-39-00_3_no_failure,normal,6.3799996376,-246.248245239,1.31025159359,466,36.9005699158,5.80527877808,-1.96806800365,17.7869377136,-0.305362433195,0.147054761648,0
1532135171145937904,46.144517088,carbonZ_2018-07-30-16-39-00_3_no_failure,normal,6.38999986649,-251.81942749,1.259532094,466,36.9005699158,5.80527877808,-1.96806800365,17.6984329224,0.433889746666,-0.108878239989,0
1532135171200952144,46.199531328,carbonZ_2018-07-30-16-39-00_3_no_failure,normal,6.38999986649,-251.81942749,1.259532094,466,36.9005699158,5.80527877808,-1.96806800365,17.6984329224,0.433889746666,-0.108878239989,0
1532135171232855184,46.231434368,carbonZ_2018-07-30-16-39-00_3_no_failure,normal,6.35999965668,-242.68170166,1.13273358345,466,36.9005699158,5.80527877808,-1.96806800365,17.5723228455,0.94684189558,-0.306649893522,0
1532135171293904144,46.292483328,carbonZ_2018-07-30-16-39-00_3_no_failure,normal,6.35999965668,-242.68170166,1.13273358345,466,36.9005699158,5.80527877808,-1.96806800365,17.5073642731,1.18157470226,-0.393049120903,0
1532135171338738544,46.337317728,carbonZ_2018-07-30-16-39-00_3_no_failure,normal,6.35999965668,-242.68170166,1.13273358345,466,36.9005699158,5.80527877808,-1.96806800365,17.4440860748,1.40013825893,-0.467281132936,0
1532135171370807984,46.369387168,carbonZ_2018-07-30-16-39-00_3_no_failure,normal,6.30999994278,-227.301208496,0.955215096474,466,26.3532714844,8.22488498688,6.38595914841,17.3793258667,1.60593986511,-0.557401835918,0
1532135171435011632,46.433590816,carbonZ_2018-07-30-16-39-00_3_no_failure,normal,6.30999994278,-227.301208496,0.955215096474,466,26.3532714844,8.22488498688,6.38595914841,17.2447910309,1.88586366177,-0.674555003643,0
1532135171489665616,46.4882448,carbonZ_2018-07-30-16-39-00_3_no_failure,normal,6.23999977112,-217.083358765,0.726977884769,466,26.3532714844,8.22488498688,6.38595914841,17.1230773926,2.13641476631,-0.786310970783,0
1532135171556919120,46.555498304,carbonZ_2018-07-30-16-39-00_3_no_failure,normal,6.13999986649,-204.795257568,0.456474304199,466,26.3532714844,8.22488498688,6.38595914841,17.0057964325,2.35218119621,-0.896552622318,0
1532135171574382704,46.572961888,carbonZ_2018-07-30-16-39-00_3_no_failure,normal,6.13999986649,-204.795257568,0.456474304199,466,26.3532714844,8.22488498688,6.38595914841,16.9727725983,2.41936779022,-0.921815335751,0
1532135171663909680,46.662488864,carbonZ_2018-07-30-16-39-00_3_no_failure,normal,6.00999975204,-185.907562256,0.152158096433,466,26.3532714844,8.22488498688,6.38595914841,16.7088031769,2.74666857719,-1.15259194374,0
1532135171734680816,46.73326,carbonZ_2018-07-30-16-39-00_3_no_failure,normal,5.86999988556,-167.855255127,-0.160611316562,466,26.3532714844,8.22488498688,6.38595914841,16.6276664734,2.82513523102,-1.22293198109,0
1532135171766960240,46.765539424,carbonZ_2018-07-30-16-39-00_3_no_failure,normal,5.86999988556,-167.855255127,-0.160611316562,466,12.5373182297,9.86318588257,13.2694559097,16.5580768585,2.90140652657,-1.28083944321,0
1532135171812782416,46.8113616,carbonZ_2018-07-30-16-39-00_3_no_failure,normal,5.86999988556,-167.855255127,-0.160611316562,466,12.5373182297,9.86318588257,13.2694559097,16.4683017731,2.96622014046,-1.35865545273,0
1532135171856435120,46.855014304,carbonZ_2018-07-30-16-39-00_3_no_failure,normal,5.69999980927,-151.22164917,-0.49028685689,466,12.5373182297,9.86318588257,13.2694559097,16.3827152252,3.01447987556,-1.44945859909,0
1532135171892533936,46.89111312,carbonZ_2018-07-30-16-39-00_3_no_failure,normal,5.69999980927,-151.22164917,-0.49028685689,466,12.5373182297,9.86318588257,13.2694559097,16.3034496307,3.06415700912,-1.52366840839,0
1532135171950709520,46.949288704,carbonZ_2018-07-30-16-39-00_3_no_failure,normal,5.51999998093,-133.441925049,-0.828415334225,466,12.5373182297,9.86318588257,13.2694559097,16.1971874237,3.11809134483,-1.6089464426,0
1532135172011618128,47.010197312,carbonZ_2018-07-30-16-39-00_3_no_failure,normal,5.51999998093,-133.441925049,-0.828415334225,466,12.5373182297,9.86318588257,13.2694559097,16.1243038177,3.14440393448,-1.65889811516,0
1532135172049938928,47.048518112,carbonZ_2018-07-30-16-39-00_3_no_failure,normal,5.31999969482,-114.508628845,-1.15809082985,466,5.579829216,10.6796550751,15.6435976028,16.0064868927,3.16844010353,-1.71553981304,0
1532135172091228528,47.089807712,carbonZ_2018-07-30-16-39-00_3_no_failure,normal,5.31999969482,-114.508628845,-1.15809082985,466,5.579829216,10.6796550751,15.6435976028,15.9357833862,3.17238855362,-1.76668775082,0
1532135172152512336,47.15109152,carbonZ_2018-07-30-16-39-00_3_no_failure,normal,5.10999965668,-92.9019927979,-1.4962195158,466,5.579829216,10.6796550751,15.6435976028,15.8406190872,3.17522907257,-1.8244985342,0
1532135172195590832,47.194170016,carbonZ_2018-07-30-16-39-00_3_no_failure,normal,5.10999965668,-92.9019927979,-1.4962195158,466,5.579829216,10.6796550751,15.6435976028,15.7758512497,3.16864323616,-1.84865391254,0
1532135172234945200,47.233524384,carbonZ_2018-07-30-16-39-00_3_no_failure,normal,5.10999965668,-92.9019927979,-1.4962195158,466,5.579829216,10.6796550751,15.6435976028,15.701634407,3.15232610703,-1.87316203117,0
1532135172291505072,47.290084256,carbonZ_2018-07-30-16-39-00_3_no_failure,normal,4.88000011444,-79.7472000122,-1.81744062901,466,5.579829216,10.6796550751,15.6435976028,15.6164665222,3.1122982502,-1.90172696114,0
1532135172331840464,47.330419648,carbonZ_2018-07-30-16-39-00_3_no_failure,normal,4.65999984741,-54.8089981079,-2.13020944595,466,5.579829216,10.6796550751,15.6435976028,15.5661020279,3.07379341125,-1.9203697443,0
1532135172370940592,47.369519776,carbonZ_2018-07-30-16-39-00_3_no_failure,normal,4.65999984741,-54.8089981079,-2.13020944595,466,5.579829216,10.6796550751,15.6435976028,15.5237112045,3.02781605721,-1.93919062614,0
1532135172462391760,47.460970944,carbonZ_2018-07-30-16-39-00_3_no_failure,normal,4.42999982834,-34.7076416016,-2.4345240593,466,5.579829216,10.6796550751,15.6435976028,15.4145479202,2.91794681549,-1.95456373692,0
1532135172484816784,47.483395968,carbonZ_2018-07-30-16-39-00_3_no_failure,normal,4.42999982834,-34.7076416016,-2.4345240593,466,-5.02458572388,11.5655326843,14.6570587158,15.3718519211,2.85128641129,-1.95867776871,0
1532135172530530032,47.529109216,carbonZ_2018-07-30-16-39-00_3_no_failure,normal,4.42999982834,-34.7076416016,-2.4345240593,466,-5.02458572388,11.5655326843,14.6570587158,15.3329925537,2.78236651421,-1.95587539673,0
1532135172610447952,47.609027136,carbonZ_2018-07-30-16-39-00_3_no_failure,normal,4.19999980927,-15.0508880615,-2.71347999573,466,-5.02458572388,11.5655326843,14.6570587158,15.2620925903,2.64427399635,-1.87542891502,0
1532135172664590352,47.663169536,carbonZ_2018-07-30-16-39-00_3_no_failure,normal,3.97000002861,26.7876625061,-2.97552967072,466,-5.02458572388,11.5655326843,14.6570587158,15.1890668869,2.45948123932,-1.71941912174,0
1532135172770883312,47.769462496,carbonZ_2018-07-30-16-39-00_3_no_failure,normal,3.75999999046,62.5465393066,-3.20376563072,466,-5.02458572388,11.5655326843,14.6570587158,15.1673078537,2.38666200638,-1.65523850918,0
1532135172803094864,47.801674048,carbonZ_2018-07-30-16-39-00_3_no_failure,normal,3.75999999046,62.5465393066,-3.20376563072,466,-5.02458572388,11.5655326843,14.6570587158,15.145524025,2.30869960785,-1.5775885582,0
1532135172830856464,47.829435648,carbonZ_2018-07-30-16-39-00_3_no_failure,normal,3.75999999046,62.5465393066,-3.20376563072,466,-11.4359350204,10.5693254471,12.3221101761,15.1195211411,2.22075653076,-1.50663924217,0
1532135172871839888,47.870419072,carbonZ_2018-07-30-16-39-00_3_no_failure,normal,3.56999993324,79.2021789551,-3.41509604454,466,-11.4359350204,10.5693254471,12.3221101761,15.1035280228,2.1330769062,-1.43334388733,0
1532135172892526928,47.891106112,carbonZ_2018-07-30-16-39-00_3_no_failure,normal,3.56999993324,79.2021789551,-3.41509604454,466,-11.4359350204,10.5693254471,12.3221101761,15.0941429138,2.09384465218,-1.39233064651,0
1532135173002891792,48.001470976,carbonZ_2018-07-30-16-39-00_3_no_failure,normal,3.40999984741,108.299926758,-3.60106372833,466,-11.4359350204,10.5693254471,12.3221101761,15.0715332031,1.86332345009,-1.23247659206,0
1532135173039648208,48.038227392,carbonZ_2018-07-30-16-39-00_3_no_failure,normal,3.25999999046,133.811859131,-3.77012777328,466,-11.4359350204,10.5693254471,12.3221101761,15.0649242401,1.73089802265,-1.13647997379,0
1532135173103354384,48.101933568,carbonZ_2018-07-30-16-39-00_3_no_failure,normal,3.25999999046,133.811859131,-3.77012777328,466,-11.4359350204,10.5693254471,12.3221101761,15.0646934509,1.63681566715,-1.08692955971,0
1532135173200229776,48.19880896,carbonZ_2018-07-30-16-39-00_3_no_failure,normal,3.12999987602,156.422424316,-3.90537834167,466,-11.4359350204,10.5693254471,12.3221101761,15.0835561752,1.38267219067,-0.970984220505,0
1532135173280679216,48.2792584,carbonZ_2018-07-30-16-39-00_3_no_failure,normal,3.02999997139,159.926025391,-4.01527023315,467,-16.3976268768,8.66410732269,7.88910913467,15.0874853134,1.15630412102,-0.90063148737,0
1532135173314443696,48.31302288,carbonZ_2018-07-30-16-39-00_3_no_failure,normal,3.02999997139,159.926025391,-4.01527023315,467,-16.3976268768,8.66410732269,7.88910913467,15.1039772034,1.03106808662,-0.857482373714,0
1532135173371408176,48.36998736,carbonZ_2018-07-30-16-39-00_3_no_failure,normal,2.92999982834,159.049133301,-4.09980201721,467,-16.3976268768,8.66410732269,7.88910913467,15.1328401566,0.862422704697,-0.818602085114,0
1532135173399605200,48.398184384,carbonZ_2018-07-30-16-39-00_3_no_failure,normal,2.92999982834,159.049133301,-4.09980201721,467,-16.3976268768,8.66410732269,7.88910913467,15.1296873093,0.785557210445,-0.816295921803,0
1532135173462035952,48.460615136,carbonZ_2018-07-30-16-39-00_3_no_failure,normal,2.83999991417,157.147125244,-4.15051794052,467,-16.3976268768,8.66410732269,7.88910913467,15.1634521484,0.535767555237,-0.706667542458,0
1532135173514096624,48.512675808,carbonZ_2018-07-30-16-39-00_3_no_failure,normal,2.83999991417,157.147125244,-4.15051794052,467,-16.3976268768,8.66410732269,7.88910913467,15.1789941788,0.407932400703,-0.637491881847,0
1532135173555809840,48.554389024,carbonZ_2018-07-30-16-39-00_3_no_failure,normal,2.76999998093,161.148361206,-4.17587709427,467,-16.3976268768,8.66410732269,7.88910913467,15.215221405,0.214149877429,-0.554266273975,0
1532135173614619728,48.613198912,carbonZ_2018-07-30-16-39-00_3_no_failure,normal,2.76999998093,161.148361206,-4.17587709427,467,-16.3976268768,8.66410732269,7.88910913467,15.2195920944,0.1505613029,-0.532051503658,0
1532135173651279184,48.649858368,carbonZ_2018-07-30-16-39-00_3_no_failure,normal,2.72000002861,169.166946411,-4.15897083282,468,-17.8986225128,5.76480102539,0.0641846582294,15.2250518799,-0.0521901063621,-0.430448710918,0
1532135173737281584,48.735860768,carbonZ_2018-07-30-16-39-00_3_no_failure,normal,2.72000002861,169.166946411,-4.15897083282,468,-17.8986225128,5.76480102539,0.0641846582294,15.2667016983,-0.295582145452,-0.266287356615,0
1532135173759834800,48.758413984,carbonZ_2018-07-30-16-39-00_3_no_failure,normal,2.69000005722,172.673217773,-4.10825014114,468,-17.8986225128,5.76480102539,0.0641846582294,15.266617775,-0.371878653765,-0.245577037334,0
1532135173823245968,48.821825152,carbonZ_2018-07-30-16-39-00_3_no_failure,normal,2.69000005722,172.673217773,-4.10825014114,468,-17.8986225128,5.76480102539,0.0641846582294,15.2894239426,-0.556272149086,-0.112962216139,0
1532135173851569424,48.850148608,carbonZ_2018-07-30-16-39-00_3_no_failure,normal,2.69000005722,179.455184937,-4.02371883392,468,-17.8986225128,5.76480102539,0.0641846582294,15.2949028015,-0.69515478611,-0.0664896965027,0
1532135173882660336,48.88123952,carbonZ_2018-07-30-16-39-00_3_no_failure,normal,2.69000005722,179.455184937,-4.02371883392,468,-17.8986225128,5.76480102539,0.0641846582294,15.3270158768,-0.882423222065,0.0447032377124,0
1532135173990116752,48.988695936,carbonZ_2018-07-30-16-39-00_3_no_failure,normal,2.70000004768,177.399917603,-3.9138250351,469,-17.8986225128,5.76480102539,0.0641846582294,15.3526344299,-1.13866496086,0.132602676749,0
1532135174043525296,49.04210448,carbonZ_2018-07-30-16-39-00_3_no_failure,normal,2.73000001907,190.037445068,-3.77012062073,469,-17.8986225128,5.76480102539,0.0641846582294,15.3631153107,-1.26097261906,0.181098431349,0
1532135174082570960,49.081150144,carbonZ_2018-07-30-16-39-00_3_no_failure,normal,2.73000001907,190.037445068,-3.77012062073,469,-17.8986225128,5.76480102539,0.0641846582294,15.3862390518,-1.41971826553,0.309585303068,0
1532135174170960784,49.169539968,carbonZ_2018-07-30-16-39-00_3_no_failure,normal,2.76999998093,173.067474365,-3.60105705261,470,-14.4092283249,3.1247355938,-5.24948978424,15.4281749725,-1.63184571266,0.408581316471,0
1532135174201119056,49.19969824,carbonZ_2018-07-30-16-39-00_3_no_failure,normal,2.76999998093,173.067474365,-3.60105705261,470,-14.4092283249,3.1247355938,-5.24948978424,15.4341974258,-1.68015956879,0.466427177191,0
1532135174275353744,49.273932928,carbonZ_2018-07-30-16-39-00_3_no_failure,normal,2.82999992371,175.05531311,-3.39817905426,470,-14.4092283249,3.1247355938,-5.24948978424,15.4510955811,-1.88330638409,0.538915216923,0
1532135174289513968,49.288093152,carbonZ_2018-07-30-16-39-00_3_no_failure,normal,2.82999992371,175.05531311,-3.39817905426,470,-14.4092283249,3.1247355938,-5.24948978424,15.4692573547,-1.92723417282,0.579739689827,0
1532135174368758480,49.367337664,carbonZ_2018-07-30-16-39-00_3_no_failure,normal,2.89999985695,172.349838257,-3.17839622498,471,-14.4092283249,3.1247355938,-5.24948978424,15.5045671463,-2.10075569153,0.656779229641,0
1532135174418471472,49.417050656,carbonZ_2018-07-30-16-39-00_3_no_failure,normal,2.89999985695,172.349838257,-3.17839622498,471,-14.4092283249,3.1247355938,-5.24948978424,15.5156459808,-2.18774604797,0.678083479404,0
1532135174448008688,49.446587872,carbonZ_2018-07-30-16-39-00_3_no_failure,normal,2.99000000954,159.725860596,-2.93325209618,471,-14.4092283249,3.1247355938,-5.24948978424,15.5426588058,-2.2618162632,0.729183673859,0
1532135174515293328,49.513872512,carbonZ_2018-07-30-16-39-00_3_no_failure,normal,2.99000000954,159.725860596,-2.93325209618,471,-8.73746109009,2.37487816811,-8.11738204956,15.5539712906,-2.3824505806,0.75648111105,0
1532135174543687856,49.54226704,carbonZ_2018-07-30-16-39-00_3_no_failure,normal,3.07999992371,152.941711426,-2.67965698242,472,-8.73746109009,2.37487816811,-8.11738204956,15.5539712906,-2.3824505806,0.75648111105,0
1532135174631721168,49.630300352,carbonZ_2018-07-30-16-39-00_3_no_failure,normal,3.16999983788,141.054351807,-2.4091553688,473,-8.73746109009,2.37487816811,-8.11738204956,15.6368255615,-2.63490128517,0.826108396053,0
1532135174665273712,49.663852896,carbonZ_2018-07-30-16-39-00_3_no_failure,normal,3.16999983788,141.054351807,-2.4091553688,473,-8.73746109009,2.37487816811,-8.11738204956,15.6368255615,-2.63490128517,0.826108396053,0
1532135174712004112,49.710583296,carbonZ_2018-07-30-16-39-00_3_no_failure,normal,3.16999983788,141.054351807,-2.4091553688,473,-8.73746109009,2.37487816811,-8.11738204956,15.6563091278,-2.68316721916,0.840998411179,0
1532135174762324336,49.76090352,carbonZ_2018-07-30-16-39-00_3_no_failure,normal,3.26999998093,143.31703186,-2.13019967079,473,-8.73746109009,2.37487816811,-8.11738204956,15.676027298,-2.73024082184,0.813686132431,0
1532135174822496944,49.821076128,carbonZ_2018-07-30-16-39-00_3_no_failure,normal,3.26999998093,143.31703186,-2.13019967079,473,-8.73746109009,2.37487816811,-8.11738204956,15.7149915695,-2.78910422325,0.788415670395,0
1532135174841306128,49.839885312,carbonZ_2018-07-30-16-39-00_3_no_failure,normal,3.36999988556,117.204093933,-1.84279179573,474,-8.73746109009,2.37487816811,-8.11738204956,15.7149915695,-2.78910422325,0.788415670395,0
1532135174882217488,49.880796672,carbonZ_2018-07-30-16-39-00_3_no_failure,normal,3.36999988556,117.204093933,-1.84279179573,474,-8.73746109009,2.37487816811,-8.11738204956,15.7527627945,-2.84295129776,0.696229279041,0
1532135174945458160,49.944037344,carbonZ_2018-07-30-16-39-00_3_no_failure,normal,3.46000003815,103.957939148,-1.54693031311,475,1.15061879158,2.84977984428,-12.1673269272,15.8154554367,-2.87413334846,0.615148246288,0
1532135174993539280,49.992118464,carbonZ_2018-07-30-16-39-00_3_no_failure,normal,3.46000003815,103.957939148,-1.54693031311,475,1.15061879158,2.84977984428,-12.1673269272,15.8144235611,-2.88293123245,0.623915672302,0
1532135175066072016,50.0646512,carbonZ_2018-07-30-16-39-00_3_no_failure,normal,3.52999997139,73.7248382568,-1.25106930733,475,1.15061879158,2.84977984428,-12.1673269272,15.8409328461,-2.89770340919,0.573882579803,0
1532135175079873744,50.078452928,carbonZ_2018-07-30-16-39-00_3_no_failure,normal,3.52999997139,73.7248382568,-1.25106930733,475,1.15061879158,2.84977984428,-12.1673269272,15.8409328461,-2.89770340919,0.573882579803,0
1532135175171527920,50.170107104,carbonZ_2018-07-30-16-39-00_3_no_failure,normal,3.59999990463,73.0191192627,-0.963661491871,476,1.15061879158,2.84977984428,-12.1673269272,15.8937263489,-2.92172861099,0.491947233677,0
1532135175205198736,50.20377792,carbonZ_2018-07-30-16-39-00_3_no_failure,normal,3.59999990463,73.0191192627,-0.963661491871,476,1.15061879158,2.84977984428,-12.1673269272,15.9003238678,-2.92008686066,0.468704611063,0
1532135175270315984,50.268895168,carbonZ_2018-07-30-16-39-00_3_no_failure,normal,3.65999984741,55.370426178,-0.667799890041,477,1.15061879158,2.84977984428,-12.1673269272,15.9237327576,-2.91187381744,0.430400252342,0
1532135175285322544,50.283901728,carbonZ_2018-07-30-16-39-00_3_no_failure,normal,3.65999984741,55.370426178,-0.667799890041,477,1.15061879158,2.84977984428,-12.1673269272,15.9222278595,-2.91148138046,0.416793376207,0
1532135175363604464,50.362183648,carbonZ_2018-07-30-16-39-00_3_no_failure,normal,3.70999979973,52.1679878235,-0.380392342806,477,5.64273881912,3.6131541729,-13.9392051697,15.9514541626,-2.89072990417,0.416306912899,0
1532135175419577648,50.418156832,carbonZ_2018-07-30-16-39-00_3_no_failure,normal,3.70999979973,52.1679878235,-0.380392342806,477,5.64273881912,3.6131541729,-13.9392051697,15.9535446167,-2.87007260323,0.411670297384,0
1532135175446511792,50.445090976,carbonZ_2018-07-30-16-39-00_3_no_failure,normal,3.75999999046,31.7564964294,-0.101437948644,478,5.64273881912,3.6131541729,-13.9392051697,15.9732646942,-2.83421492577,0.429821372032,0
1532135175497595344,50.496174528,carbonZ_2018-07-30-16-39-00_3_no_failure,normal,3.75999999046,31.7564964294,-0.101437948644,478,5.64273881912,3.6131541729,-13.9392051697,15.9713134766,-2.82662439346,0.424399763346,0
1532135175562480624,50.561059808,carbonZ_2018-07-30-16-39-00_3_no_failure,normal,3.81999993324,27.5733947754,0.177516400814,479,5.64273881912,3.6131541729,-13.9392051697,15.9983348846,-2.78080153465,0.425552248955,0
1532135175613843696,50.61242288,carbonZ_2018-07-30-16-39-00_3_no_failure,normal,3.81999993324,27.5733947754,0.177516400814,479,5.64273881912,3.6131541729,-13.9392051697,16.0089607239,-2.74526453018,0.419834405184,0
1532135175661515792,50.660094976,carbonZ_2018-07-30-16-39-00_3_no_failure,normal,3.86999988556,32.1948051453,0.439564436674,479,5.64273881912,3.6131541729,-13.9392051697,16.0206623077,-2.68111038208,0.434615373611,0
1532135175697281328,50.695860512,carbonZ_2018-07-30-16-39-00_3_no_failure,normal,3.86999988556,32.1948051453,0.439564436674,479,5.64273881912,3.6131541729,-13.9392051697,16.0433368683,-2.61273193359,0.436229050159,0
1532135175808226704,50.806805888,carbonZ_2018-07-30-16-39-00_3_no_failure,normal,3.92999982834,27.0406723022,0.684705615044,480,11.2469291687,3.82358384132,-11.8795032501,16.083990097,-2.47903323174,0.453373759985,0
1532135175859576048,50.858155232,carbonZ_2018-07-30-16-39-00_3_no_failure,normal,3.99000000954,24.5781898499,0.921393990517,481,11.2469291687,3.82358384132,-11.8795032501,16.0981769562,-2.4130153656,0.440576195717,0
1532135175905084272,50.903663456,carbonZ_2018-07-30-16-39-00_3_no_failure,normal,3.99000000954,24.5781898499,0.921393990517,481,11.2469291687,3.82358384132,-11.8795032501,16.1148509979,-2.31583833694,0.420679956675,0
1532135175956685904,50.955265088,carbonZ_2018-07-30-16-39-00_3_no_failure,normal,4.0499997139,19.641494751,1.14117562771,481,11.2469291687,3.82358384132,-11.8795032501,16.1329994202,-2.24942231178,0.428501218557,0
1532135175996670160,50.995249344,carbonZ_2018-07-30-16-39-00_3_no_failure,normal,4.0499997139,19.641494751,1.14117562771,481,11.2469291687,3.82358384132,-11.8795032501,16.1604824066,-2.13917374611,0.460021138191,0
1532135176060112272,51.058691456,carbonZ_2018-07-30-16-39-00_3_no_failure,normal,4.11000013351,24.0406036377,1.33559799194,482,11.2469291687,3.82358384132,-11.8795032501,16.1726493835,-2.06537127495,0.473889738321,0
1532135176093145008,51.091724192,carbonZ_2018-07-30-16-39-00_3_no_failure,normal,4.11000013351,24.0406036377,1.33559799194,482,11.2469291687,3.82358384132,-11.8795032501,16.1893215179,-1.98954319954,0.48201957345,0
1532135176180020368,51.178599552,carbonZ_2018-07-30-16-39-00_3_no_failure,normal,4.17000007629,17.4478530884,1.51311433315,483,11.2469291687,3.82358384132,-11.8795032501,16.2288322449,-1.83466541767,0.480447620153,0
1532135176200787216,51.1993664,carbonZ_2018-07-30-16-39-00_3_no_failure,normal,4.17000007629,17.4478530884,1.51311433315,483,11.2469291687,3.82358384132,-11.8795032501,16.2308616638,-1.79162275791,0.491893619299,0
1532135176258739440,51.257318624,carbonZ_2018-07-30-16-39-00_3_no_failure,normal,4.23999977112,-1.13544464111,1.65681695938,483,13.93268013,3.78720879555,-7.06843709946,16.2539749146,-1.65774011612,0.450184553862,0
1532135176334614704,51.333193888,carbonZ_2018-07-30-16-39-00_3_no_failure,normal,4.23999977112,-1.13544464111,1.65681695938,483,13.93268013,3.78720879555,-7.06843709946,16.2849254608,-1.48186552525,0.407042324543,0
1532135176374947312,51.373526496,carbonZ_2018-07-30-16-39-00_3_no_failure,normal,4.2999997139,1.95255279541,1.78361403942,484,13.93268013,3.78720879555,-7.06843709946,16.3045883179,-1.39536094666,0.3773676157,0
1532135176391459088,51.390038272,carbonZ_2018-07-30-16-39-00_3_no_failure,normal,4.2999997139,1.95255279541,1.78361403942,484,13.93268013,3.78720879555,-7.06843709946,16.3045883179,-1.39536094666,0.3773676157,0
1532135176472663120,51.471242304,carbonZ_2018-07-30-16-39-00_3_no_failure,normal,4.34999990463,-10.9804153442,1.88505089283,484,13.93268013,3.78720879555,-7.06843709946,16.3286914825,-1.16826784611,0.300041824579,0
1532135176487469424,51.486048608,carbonZ_2018-07-30-16-39-00_3_no_failure,normal,4.34999990463,-10.9804153442,1.88505089283,484,13.93268013,3.78720879555,-7.06843709946,16.3260288239,-1.13029813766,0.270712941885,0
1532135176557023152,51.555602336,carbonZ_2018-07-30-16-39-00_3_no_failure,normal,4.38999986649,-14.8994445801,1.96112930775,485,13.93268013,3.78720879555,-7.06843709946,16.3504714966,-0.965447545052,0.204069077969,0
1532135176595444208,51.594023392,carbonZ_2018-07-30-16-39-00_3_no_failure,normal,4.38999986649,-14.8994445801,1.96112930775,485,13.93268013,3.78720879555,-7.06843709946,16.3503112793,-0.877860486507,0.173259660602,0
1532135176646609264,51.645188448,carbonZ_2018-07-30-16-39-00_3_no_failure,normal,4.40999984741,-27.1671295166,2.02030110359,485,13.1620054245,4.60424804688,-3.84640693665,16.3536891937,-0.795644283295,0.148279458284,0
1532135176699408592,51.697987776,carbonZ_2018-07-30-16-39-00_3_no_failure,normal,4.40999984741,-27.1671295166,2.02030110359,485,13.1620054245,4.60424804688,-3.84640693665,16.3607254028,-0.714014649391,0.128003075719,0
1532135176764241616,51.7628208,carbonZ_2018-07-30-16-39-00_3_no_failure,normal,4.42999982834,-23.2625961304,2.05411243439,486,13.1620054245,4.60424804688,-3.84640693665,16.3764533997,-0.553752958775,0.088266633451,0
1532135176794434256,51.79301344,carbonZ_2018-07-30-16-39-00_3_no_failure,normal,4.42999982834,-23.2625961304,2.05411243439,486,13.1620054245,4.60424804688,-3.84640693665,16.3727645874,-0.468547582626,0.0772374495864,0
1532135176866189072,51.864768256,carbonZ_2018-07-30-16-39-00_3_no_failure,normal,4.44000005722,-27.8360366821,2.06256556511,486,13.1620054245,4.60424804688,-3.84640693665,16.3675842285,-0.343509435654,0.0479544699192,0
1532135176895683440,51.894262624,carbonZ_2018-07-30-16-39-00_3_no_failure,normal,4.44000005722,-27.8360366821,2.06256556511,486,13.1620054245,4.60424804688,-3.84640693665,16.3719768524,-0.299729943275,0.0522725768387,0
1532135176959368080,51.957947264,carbonZ_2018-07-30-16-39-00_3_no_failure,normal,4.44000005722,-29.9196243286,2.04565858841,487,13.1620054245,4.60424804688,-3.84640693665,16.3611774445,-0.0935030803084,0.0037603690289,0
1532135177013698640,52.012277824,carbonZ_2018-07-30-16-39-00_3_no_failure,normal,4.44000005722,-29.9196243286,2.04565858841,487,13.1620054245,4.60424804688,-3.84640693665,16.3611774445,-0.0935030803084,0.0037603690289,0
1532135177046068240,52.044647424,carbonZ_2018-07-30-16-39-00_3_no_failure,normal,4.44000005722,-35.0856781006,2.01184606552,487,13.1620054245,4.60424804688,-3.84640693665,16.3511486053,-0.00590253993869,-0.00855553522706,0
1532135177090411312,52.088990496,carbonZ_2018-07-30-16-39-00_3_no_failure,normal,4.44000005722,-35.0856781006,2.01184606552,487,13.1620054245,4.60424804688,-3.84640693665,16.3418083191,0.155693635345,-0.0409940592945,0
1532135177141258960,52.139838144,carbonZ_2018-07-30-16-39-00_3_no_failure,normal,4.44000005722,-24.5206832886,1.96112585068,488,12.3598604202,5.31267738342,0.391583025455,16.3318462372,0.262751281261,-0.0776527673006,0
1532135177198498896,52.19707808,carbonZ_2018-07-30-16-39-00_3_no_failure,normal,4.44000005722,-24.5206832886,1.96112585068,488,12.3598604202,5.31267738342,0.391583025455,16.3296871185,0.309014201164,-0.0722669884562,0
1532135177228146160,52.226725344,carbonZ_2018-07-30-16-39-00_3_no_failure,normal,4.44000005722,-31.5395355225,1.8935008049,488,12.3598604202,5.31267738342,0.391583025455,16.2999134064,0.413960158825,-0.100419819355,0
1532135177311922384,52.310501568,carbonZ_2018-07-30-16-39-00_3_no_failure,normal,4.44000005722,-31.5395355225,1.8935008049,488,12.3598604202,5.31267738342,0.391583025455,16.287820816,0.51369535923,-0.112406596541,0
1532135177374910128,52.373489312,carbonZ_2018-07-30-16-39-00_3_no_failure,normal,4.42999982834,-19.8768615723,1.80051636696,489,12.3598604202,5.31267738342,0.391583025455,16.264251709,0.634891211987,-0.133143886924,0
1532135177417415824,52.415995008,carbonZ_2018-07-30-16-39-00_3_no_failure,normal,4.42999982834,-19.8768615723,1.80051636696,489,12.3598604202,5.31267738342,0.391583025455,16.264251709,0.634891211987,-0.133143886924,0
1532135177458258288,52.456837472,carbonZ_2018-07-30-16-39-00_3_no_failure,normal,4.42000007629,-21.1130142212,1.69907820225,489,9.34403705597,6.00324821472,2.1954293251,16.2278137207,0.781990885735,-0.188737466931,0
1532135177526678480,52.525257664,carbonZ_2018-07-30-16-39-00_3_no_failure,normal,4.42000007629,-21.1130142212,1.69907820225,489,9.34403705597,6.00324821472,2.1954293251,16.2278137207,0.781990885735,-0.188737466931,0
1532135177600239792,52.598818976,carbonZ_2018-07-30-16-39-00_3_no_failure,normal,4.40999984741,-13.3871078491,1.58073437214,489,9.34403705597,6.00324821472,2.1954293251,16.1917858124,0.918933391571,-0.306047767401,0
1532135177648769872,52.647349056,carbonZ_2018-07-30-16-39-00_3_no_failure,normal,4.38000011444,-21.9051361084,1.45393753052,490,9.34403705597,6.00324821472,2.1954293251,16.1561489105,0.990594863892,-0.37401175499,0
1532135177713180240,52.711759424,carbonZ_2018-07-30-16-39-00_3_no_failure,normal,4.38000011444,-21.9051361084,1.45393753052,490,9.34403705597,6.00324821472,2.1954293251,16.1352748871,1.0608509779,-0.424560725689,0
1532135177752208848,52.750788032,carbonZ_2018-07-30-16-39-00_3_no_failure,normal,4.34999990463,-31.9276809692,1.31868672371,490,9.34403705597,6.00324821472,2.1954293251,16.1202049255,1.09679377079,-0.479429930449,0
1532135177812516080,52.811095264,carbonZ_2018-07-30-16-39-00_3_no_failure,normal,4.34999990463,-31.9276809692,1.31868672371,490,6.67751073837,7.02664995193,3.39620471001,16.082950592,1.15258228779,-0.551352441311,0
1532135177848507952,52.847087136,carbonZ_2018-07-30-16-39-00_3_no_failure,normal,4.2999997139,-37.847328186,1.17498373985,491,6.67751073837,7.02664995193,3.39620471001,16.0610179901,1.18178510666,-0.608023762703,0
1532135177884769904,52.883349088,carbonZ_2018-07-30-16-39-00_3_no_failure,normal,4.2999997139,-37.847328186,1.17498373985,491,6.67751073837,7.02664995193,3.39620471001,16.040927887,1.20963656902,-0.659521520138,0
1532135177957615024,52.956194208,carbonZ_2018-07-30-16-39-00_3_no_failure,normal,4.23999977112,-41.2071228027,1.02282702923,491,6.67751073837,7.02664995193,3.39620471001,16.0051460266,1.23257899284,-0.721199095249,0
1532135177990510352,52.989089536,carbonZ_2018-07-30-16-39-00_3_no_failure,normal,4.23999977112,-41.2071228027,1.02282702923,491,6.67751073837,7.02664995193,3.39620471001,15.9737386703,1.25163733959,-0.745388925076,0
1532135178051574352,53.050153536,carbonZ_2018-07-30-16-39-00_3_no_failure,normal,4.17000007629,-25.7778167725,0.870670974255,491,6.67751073837,7.02664995193,3.39620471001,15.9498472214,1.25139033794,-0.764710307121,0
1532135178086881808,53.085460992,carbonZ_2018-07-30-16-39-00_3_no_failure,normal,4.17000007629,-25.7778167725,0.870670974255,491,6.67751073837,7.02664995193,3.39620471001,15.9291810989,1.24809992313,-0.780741870403,0
1532135178146236176,53.14481536,carbonZ_2018-07-30-16-39-00_3_no_failure,normal,4.08999967575,-8.9900970459,0.718514859676,492,6.67751073837,7.02664995193,3.39620471001,15.9045886993,1.24253559113,-0.792644262314,0
1532135178208203120,53.206782304,carbonZ_2018-07-30-16-39-00_3_no_failure,normal,4.08999967575,-8.9900970459,0.718514859676,492,6.67751073837,7.02664995193,3.39620471001,15.8598022461,1.21712553501,-0.794523119926,0
1532135178255022640,53.253601824,carbonZ_2018-07-30-16-39-00_3_no_failure,normal,4.00999975204,-5.84411621094,0.574811518192,492,6.67751073837,7.02664995193,3.39620471001,15.8512401581,1.21610665321,-0.776502370834,0
1532135178292587504,53.291166688,carbonZ_2018-07-30-16-39-00_3_no_failure,normal,4.00999975204,-5.84411621094,0.574811518192,492,1.09956872463,7.19777202606,4.96376037598,15.8382549286,1.20519638062,-0.772180497646,0
1532135178347937104,53.346516288,carbonZ_2018-07-30-16-39-00_3_no_failure,normal,3.92999982834,-0.568962097168,0.439561784267,493,1.09956872463,7.19777202606,4.96376037598,15.81483078,1.17497611046,-0.764993309975,0
1532135178408732432,53.407311616,carbonZ_2018-07-30-16-39-00_3_no_failure,normal,3.92999982834,-0.568962097168,0.439561784267,493,1.09956872463,7.19777202606,4.96376037598,15.7985572815,1.14966487885,-0.746758460999,0
1532135178462626800,53.461205984,carbonZ_2018-07-30-16-39-00_3_no_failure,normal,3.8599998951,17.308139801,0.304311871529,493,1.09956872463,7.19777202606,4.96376037598,15.7800998688,1.12665939331,-0.71444517374,0
1532135178502112624,53.500691808,carbonZ_2018-07-30-16-39-00_3_no_failure,normal,3.8599998951,17.308139801,0.304311871529,493,1.09956872463,7.19777202606,4.96376037598,15.7701482773,1.10766887665,-0.711856126785,0
1532135178559424144,53.558003328,carbonZ_2018-07-30-16-39-00_3_no_failure,normal,3.78999996185,24.2239952087,0.177515253425,493,1.09956872463,7.19777202606,4.96376037598,15.7623720169,1.05908560753,-0.625384390354,0
1532135178616971568,53.615550752,carbonZ_2018-07-30-16-39-00_3_no_failure,normal,3.78999996185,24.2239952087,0.177515253425,493,1.09956872463,7.19777202606,4.96376037598,15.7623720169,1.05908560753,-0.625384390354,0
1532135178676799376,53.67537856,carbonZ_2018-07-30-16-39-00_3_no_failure,normal,3.73000001907,53.173160553,0.0591717511415,494,1.09956872463,7.19777202606,4.96376037598,15.7412338257,1.01434075832,-0.57733309269,0
1532135178693172688,53.691751872,carbonZ_2018-07-30-16-39-00_3_no_failure,normal,3.73000001907,53.173160553,0.0591717511415,494,1.09956872463,7.19777202606,4.96376037598,15.7453994751,1.0127042532,-0.56060385704,0
1532135178763042160,53.761621344,carbonZ_2018-07-30-16-39-00_3_no_failure,normal,3.67999982834,48.6561775208,-0.0513035580516,494,-2.5754005909,5.93058347702,7.26713943481,15.7457818985,0.958447873592,-0.567610263824,0
1532135178804067376,53.80264656,carbonZ_2018-07-30-16-39-00_3_no_failure,normal,3.67999982834,48.6561775208,-0.0513035580516,494,-2.5754005909,5.93058347702,7.26713943481,15.7457818985,0.958447873592,-0.567610263824,0
1532135178898025168,53.896604352,carbonZ_2018-07-30-16-39-00_3_no_failure,normal,3.62999987602,59.3665122986,-0.152707442641,495,-2.5754005909,5.93058347702,7.26713943481,15.735253334,0.896939754486,-0.534036695957,0
1532135178945264848,53.943844032,carbonZ_2018-07-30-16-39-00_3_no_failure,normal,3.58999991417,58.6790084839,-0.286527812481,495,-2.5754005909,5.93058347702,7.26713943481,15.7468643188,0.866847336292,-0.489306807518,0
1532135179001724208,54.000303392,carbonZ_2018-07-30-16-39-00_3_no_failure,normal,3.58999991417,58.6790084839,-0.286527812481,495,-2.5754005909,5.93058347702,7.26713943481,15.7512102127,0.838246822357,-0.479473799467,0
1532135179065621456,54.06420064,carbonZ_2018-07-30-16-39-00_3_no_failure,normal,3.54999995232,64.898109436,-0.377645492554,496,-2.5754005909,5.93058347702,7.26713943481,15.7526350021,0.778928220272,-0.459414690733,0
1532135179100420144,54.098999328,carbonZ_2018-07-30-16-39-00_3_no_failure,normal,3.54999995232,64.898109436,-0.377645492554,496,-2.5754005909,5.93058347702,7.26713943481,15.7526350021,0.778928220272,-0.459414690733,0
1532135179179813552,54.178392736,carbonZ_2018-07-30-16-39-00_3_no_failure,normal,3.50999999046,66.0601654053,-0.468763232231,496,-3.97446155548,5.42857265472,5.57377052307,15.7663879395,0.688020884991,-0.464533209801,0
1532135179193657904,54.192237088,carbonZ_2018-07-30-16-39-00_3_no_failure,normal,3.50999999046,66.0601654053,-0.468763232231,496,-3.97446155548,5.42857265472,5.57377052307,15.7719554901,0.677422106266,-0.460681855679,0
1532135179248257104,54.246836288,carbonZ_2018-07-30-16-39-00_3_no_failure,normal,3.47000002861,61.5319252014,-0.777514457703,497,-3.97446155548,5.42857265472,5.57377052307,15.7707710266,0.612920403481,-0.493542045355,0
1532135179303466224,54.302045408,carbonZ_2018-07-30-16-39-00_3_no_failure,normal,3.47000002861,61.5319252014,-0.777514457703,497,-3.97446155548,5.42857265472,5.57377052307,15.7777519226,0.572911918163,-0.523530185223,0
1532135179412830160,54.411409344,carbonZ_2018-07-30-16-39-00_3_no_failure,normal,3.42999982834,52.3601531982,-0.828767776489,497,-3.97446155548,5.42857265472,5.57377052307,15.7957935333,0.456577599049,-0.605850696564,0
1532135179465493200,54.464072384,carbonZ_2018-07-30-16-39-00_3_no_failure,normal,3.37999987602,45.7077980042,-1.01715302467,498,-3.97446155548,5.42857265472,5.57377052307,15.8060121536,0.401229143143,-0.625070869923,0
1532135179513862704,54.512441888,carbonZ_2018-07-30-16-39-00_3_no_failure,normal,3.37999987602,45.7077980042,-1.01715302467,498,-3.97446155548,5.42857265472,5.57377052307,15.8096790314,0.356685876846,-0.646850824356,0
1532135179554307536,54.55288672,carbonZ_2018-07-30-16-39-00_3_no_failure,normal,3.31999993324,45.5613136292,-1.03327167034,498,-3.97446155548,5.42857265472,5.57377052307,15.812494278,0.287144303322,-0.68349301815,0
1532135179593956880,54.592536064,carbonZ_2018-07-30-16-39-00_3_no_failure,normal,3.31999993324,45.5613136292,-1.03327167034,498,-3.97446155548,5.42857265472,5.57377052307,15.8133535385,0.267225563526,-0.674970567226,0
1532135179649073616,54.6476528,carbonZ_2018-07-30-16-39-00_3_no_failure,normal,3.25999999046,50.7186889648,-1.04112780094,499,-5.21263217926,5.2818646431,0.978973269463,15.8010129929,0.18678432703,-0.682485282421,0
1532135179686525584,54.685104768,carbonZ_2018-07-30-16-39-00_3_no_failure,normal,3.25999999046,50.7186889648,-1.04112780094,499,-5.21263217926,5.2818646431,0.978973269463,15.8026132584,0.138125300407,-0.67676192522,0
1532135179742692688,54.741271872,carbonZ_2018-07-30-16-39-00_3_no_failure,normal,3.1899998188,55.7786941528,-1.80329573154,499,-5.21263217926,5.2818646431,0.978973269463,15.811548233,0.0360058620572,-0.659565806389,0
1532135179818881904,54.817461088,carbonZ_2018-07-30-16-39-00_3_no_failure,normal,3.1899998188,55.7786941528,-1.80329573154,499,-5.21263217926,5.2818646431,0.978973269463,15.805355072,-0.0259421989322,-0.655036687851,0
1532135179903637232,54.902216416,carbonZ_2018-07-30-16-39-00_3_no_failure,normal,3.13999986649,57.9668045044,-1.71996736526,500,-5.21263217926,5.2818646431,0.978973269463,15.7956075668,-0.187800616026,-0.653170049191,0
1532135179957523888,54.956103072,carbonZ_2018-07-30-16-39-00_3_no_failure,normal,3.06999993324,66.0099029541,-2.46334290504,501,-6.13024759293,4.98227787018,-2.00175666809,15.8040294647,-0.277454227209,-0.624834358692,0
1532135179997632912,54.996212096,carbonZ_2018-07-30-16-39-00_3_no_failure,normal,3.06999993324,66.0099029541,-2.46334290504,501,-6.13024759293,4.98227787018,-2.00175666809,15.7930850983,-0.321145415306,-0.627643764019,0
1532135180060191664,55.058770848,carbonZ_2018-07-30-16-39-00_3_no_failure,normal,3.01999998093,73.5743560791,-2.30170488358,501,-6.13024759293,4.98227787018,-2.00175666809,15.7904720306,-0.419072091579,-0.613872408867,0
1532135180112371632,55.110950816,carbonZ_2018-07-30-16-39-00_3_no_failure,normal,3.01999998093,73.5743560791,-2.30170488358,501,-6.13024759293,4.98227787018,-2.00175666809,15.7889356613,-0.517426729202,-0.587639093399,0
1532135180153022608,55.151601792,carbonZ_2018-07-30-16-39-00_3_no_failure,normal,2.96000003815,76.6078948975,-2.11386299133,502,-6.13024759293,4.98227787018,-2.00175666809,15.7943515778,-0.582356154919,-0.576063990593,0
1532135180190572752,55.189151936,carbonZ_2018-07-30-16-39-00_3_no_failure,normal,2.96000003815,76.6078948975,-2.11386299133,502,-6.13024759293,4.98227787018,-2.00175666809,15.792924881,-0.679351389408,-0.572973370552,0
1532135180260497104,55.259076288,carbonZ_2018-07-30-16-39-00_3_no_failure,normal,2.90999984741,84.8594665527,-3.62305521965,503,-6.13024759293,4.98227787018,-2.00175666809,15.7900762558,-0.736856997013,-0.555196940899,0
1532135180296232400,55.294811584,carbonZ_2018-07-30-16-39-00_3_no_failure,normal,2.90999984741,84.8594665527,-3.62305521965,503,-6.02745771408,4.57727766037,-3.19099593163,15.7970666885,-0.813733518124,-0.512043535709,0
1532135180348785488,55.347364672,carbonZ_2018-07-30-16-39-00_3_no_failure,normal,2.8599998951,92.6791229248,-3.29221725464,503,-6.02745771408,4.57727766037,-3.19099593163,15.8018369675,-0.860303282738,-0.487427949905,0
1532135180435706576,55.43428576,carbonZ_2018-07-30-16-39-00_3_no_failure,normal,2.8599998951,92.6791229248,-3.29221725464,503,-6.02745771408,4.57727766037,-3.19099593163,15.7961568832,-0.948509335518,-0.430947810411,0
1532135180472638192,55.471217376,carbonZ_2018-07-30-16-39-00_3_no_failure,normal,2.82999992371,90.6840362549,-4.43210077286,504,-6.02745771408,4.57727766037,-3.19099593163,15.7968187332,-0.982617020607,-0.403491258621,0
1532135180495214704,55.493793888,carbonZ_2018-07-30-16-39-00_3_no_failure,normal,2.82999992371,90.6840362549,-4.43210077286,504,-6.02745771408,4.57727766037,-3.19099593163,15.7953481674,-0.993066608906,-0.372884899378,0
1532135180531521072,55.530100256,carbonZ_2018-07-30-16-39-00_3_no_failure,normal,2.79999995232,90.123840332,-3.99927282333,505,-6.02745771408,4.57727766037,-3.19099593163,15.8029613495,-1.02654957771,-0.315674632788,0
1532135180596224016,55.5948032,carbonZ_2018-07-30-16-39-00_3_no_failure,normal,2.79999995232,90.123840332,-3.99927282333,505,-6.02745771408,4.57727766037,-3.19099593163,15.8079128265,-1.04130864143,-0.266732931137,0
1532135180653617616,55.6521968,carbonZ_2018-07-30-16-39-00_3_no_failure,normal,2.78999996185,98.6996612549,-6.14019680023,506,-6.02745771408,4.57727766037,-3.19099593163,15.8174476624,-1.05848741531,-0.190328463912,0
1532135180716169552,55.714748736,carbonZ_2018-07-30-16-39-00_3_no_failure,normal,2.78999996185,98.6996612549,-6.14019680023,506,2.49506735802,3.86299371719,-3.59309220314,15.8276424408,-1.06142377853,-0.165222495794,0
1532135180746193552,55.744772736,carbonZ_2018-07-30-16-39-00_3_no_failure,normal,2.77999997139,107.573127747,-5.55330085754,506,2.49506735802,3.86299371719,-3.59309220314,15.84100914,-1.06099295616,-0.143339037895,0
1532135180784122992,55.782702176,carbonZ_2018-07-30-16-39-00_3_no_failure,normal,2.77999997139,107.573127747,-5.55330085754,506,2.49506735802,3.86299371719,-3.59309220314,15.8561611176,-1.04630458355,-0.0995754823089,0
1532135180864427664,55.863006848,carbonZ_2018-07-30-16-39-00_3_no_failure,normal,2.77999997139,92.7794494629,-4.97792673111,507,2.49506735802,3.86299371719,-3.59309220314,15.8614768982,-1.0325756073,-0.0786343440413,0
1532135180902458672,55.901037856,carbonZ_2018-07-30-16-39-00_3_no_failure,normal,2.77999997139,92.7794494629,-4.97792673111,507,2.49506735802,3.86299371719,-3.59309220314,15.8803758621,-0.993140935898,-0.0237826667726,0
1532135180969149520,55.967728704,carbonZ_2018-07-30-16-39-00_3_no_failure,normal,2.78999996185,86.1473083496,-6.11380338669,508,2.49506735802,3.86299371719,-3.59309220314,15.8965969086,-0.967715740204,-0.00556054431945,0
1532135180998559280,55.997138464,carbonZ_2018-07-30-16-39-00_3_no_failure,normal,2.78999996185,86.1473083496,-6.11380338669,508,2.49506735802,3.86299371719,-3.59309220314,15.9045133591,-0.931336045265,0.0156297516078,0
1532135181051882160,56.050461344,carbonZ_2018-07-30-16-39-00_3_no_failure,normal,2.79999995232,78.32421875,-5.4510974884,508,9.09045219421,3.40831518173,-3.01017642021,15.9153366089,-0.890967547894,0.0400710366666,0
1532135181090461968,56.089041152,carbonZ_2018-07-30-16-39-00_3_no_failure,normal,2.79999995232,78.32421875,-5.4510974884,508,9.09045219421,3.40831518173,-3.01017642021,15.9351224899,-0.824101567268,0.079690925777,0
1532135181146502576,56.14508176,carbonZ_2018-07-30-16-39-00_3_no_failure,normal,2.81999993324,67.3939666748,-7.4499373436,509,9.09045219421,3.40831518173,-3.01017642021,15.9549255371,-0.767841279507,0.106854081154,0
1532135181211100752,56.209679936,carbonZ_2018-07-30-16-39-00_3_no_failure,normal,2.81999993324,67.3939666748,-7.4499373436,509,9.09045219421,3.40831518173,-3.01017642021,15.9878482819,-0.664940774441,0.13522644341,0
1532135181278361168,56.276940352,carbonZ_2018-07-30-16-39-00_3_no_failure,normal,2.84999990463,56.6663742065,-6.66822814941,510,9.09045219421,3.40831518173,-3.01017642021,16.0156288147,-0.543577671051,0.155967876315,0
1532135181314488848,56.313068032,carbonZ_2018-07-30-16-39-00_3_no_failure,normal,2.84999990463,56.6663742065,-6.66822814941,510,9.09045219421,3.40831518173,-3.01017642021,16.0408840179,-0.453967928886,0.167848408222,0
1532135181348982544,56.347561728,carbonZ_2018-07-30-16-39-00_3_no_failure,normal,2.87999987602,61.2698554993,-5.88864803314,511,9.09045219421,3.40831518173,-3.01017642021,16.0707054138,-0.35959225893,0.193815544248,0
1532135181424500688,56.423079872,carbonZ_2018-07-30-16-39-00_3_no_failure,normal,2.87999987602,61.2698554993,-5.88864803314,511,9.09045219421,3.40831518173,-3.01017642021,16.1119327545,-0.204850390553,0.263627558947,0
1532135181457530384,56.456109568,carbonZ_2018-07-30-16-39-00_3_no_failure,normal,2.91999983788,69.9681243896,-6.86907863617,511,9.09045219421,3.40831518173,-3.01017642021,16.1329803467,-0.094640634954,0.302854180336,0
1532135181501651856,56.50023104,carbonZ_2018-07-30-16-39-00_3_no_failure,normal,2.91999983788,69.9681243896,-6.86907863617,511,20.9043674469,2.36130046844,0.752430975437,16.1567173004,0.0167848803103,0.349125772715,0
1532135181554054704,56.552633888,carbonZ_2018-07-30-16-39-00_3_no_failure,normal,2.97000002861,75.8881530762,-6.05298614502,512,20.9043674469,2.36130046844,0.752430975437,16.1857643127,0.195855915546,0.391894936562,0
1532135181601025616,56.5996048,carbonZ_2018-07-30-16-39-00_3_no_failure,normal,2.97000002861,75.8881530762,-6.05298614502,512,20.9043674469,2.36130046844,0.752430975437,16.2069244385,0.328618317842,0.424455940723,0
1532135181657315344,56.655894528,carbonZ_2018-07-30-16-39-00_3_no_failure,normal,3.02999997139,59.5365524292,-6.08679103851,513,20.9043674469,2.36130046844,0.752430975437,16.2405357361,0.546148836613,0.482853978872,0
1532135181709503152,56.708082336,carbonZ_2018-07-30-16-39-00_3_no_failure,normal,3.02999997139,59.5365524292,-6.08679103851,513,20.9043674469,2.36130046844,0.752430975437,16.2603740692,0.698503136635,0.506812036037,0
1532135181748851504,56.747430688,carbonZ_2018-07-30-16-39-00_3_no_failure,normal,3.09999990463,54.9201011658,-5.26098537445,513,25.8027172089,1.81134605408,3.94018888474,16.3031005859,1.0151591301,0.545642256737,0
1532135181806068304,56.804647488,carbonZ_2018-07-30-16-39-00_3_no_failure,normal,3.09999990463,54.9201011658,-5.26098537445,513,25.8027172089,1.81134605408,3.94018888474,16.3191738129,1.27017581463,0.56025660038,0
1532135181872197392,56.870776576,carbonZ_2018-07-30-16-39-00_3_no_failure,normal,3.16999983788,42.5162315369,-4.47696065903,514,25.8027172089,1.81134605408,3.94018888474,16.3499259949,1.52707409859,0.596522212029,0
1532135181939951152,56.938530336,carbonZ_2018-07-30-16-39-00_3_no_failure,normal,3.16999983788,42.5162315369,-4.47696065903,514,25.8027172089,1.81134605408,3.94018888474,16.3713932037,1.85977828503,0.657398045063,0
1532135181970595984,56.969175168,carbonZ_2018-07-30-16-39-00_3_no_failure,normal,3.25,26.2178421021,-3.71447968483,514,25.8027172089,1.81134605408,3.94018888474,16.3713932037,1.85977828503,0.657398045063,0
1532135181991304560,56.989883744,carbonZ_2018-07-30-16-39-00_3_no_failure,normal,3.25,26.2178421021,-3.71447968483,514,25.8027172089,1.81134605408,3.94018888474,16.3713932037,1.85977828503,0.657398045063,0
1532135182063007600,57.061586784,carbonZ_2018-07-30-16-39-00_3_no_failure,normal,3.33999991417,14.653968811,-6.08683824539,515,25.8027172089,1.81134605408,3.94018888474,16.3658084869,2.21334958076,0.714184582233,0
1532135182106854800,57.105433984,carbonZ_2018-07-30-16-39-00_3_no_failure,normal,3.33999991417,14.653968811,-6.08683824539,515,25.8027172089,1.81134605408,3.94018888474,16.3663253784,2.37247419357,0.769963800907,0
1532135182149566864,57.148146048,carbonZ_2018-07-30-16-39-00_3_no_failure,normal,3.42999982834,7.44819641113,-5.19983482361,515,28.5057868958,1.22569489479,9.26478767395,16.3733482361,2.60520720482,0.867982149124,0
1532135182174028592,57.172607776,carbonZ_2018-07-30-16-39-00_3_no_failure,normal,3.42999982834,7.44819641113,-5.19983482361,515,28.5057868958,1.22569489479,9.26478767395,16.3686447144,2.67505455017,0.910647749901,0
1532135182232284784,57.230863968,carbonZ_2018-07-30-16-39-00_3_no_failure,normal,3.42999982834,7.44819641113,-5.19983482361,515,28.5057868958,1.22569489479,9.26478767395,16.3493404388,2.98054146767,1.08972883224,0
1532135182272513584,57.271092768,carbonZ_2018-07-30-16-39-00_3_no_failure,normal,3.53999996185,8.1597328186,-5.14722061157,516,28.5057868958,1.22569489479,9.26478767395,16.3492336273,3.06318998337,1.13642597198,0
1532135182314336816,57.312916,carbonZ_2018-07-30-16-39-00_3_no_failure,normal,3.53999996185,8.1597328186,-5.14722061157,516,28.5057868958,1.22569489479,9.26478767395,16.3370952606,3.22151994705,1.21175312996,0
1532135182371810384,57.370389568,carbonZ_2018-07-30-16-39-00_3_no_failure,normal,3.66999983788,6.53142929077,-4.28229522705,516,28.5057868958,1.22569489479,9.26478767395,16.3156547546,3.47586774826,1.32445192337,0
1532135182396262672,57.394841856,carbonZ_2018-07-30-16-39-00_3_no_failure,normal,3.66999983788,6.53142929077,-4.28229522705,516,28.5057868958,1.22569489479,9.26478767395,16.3090515137,3.57683157921,1.35004782677,0
1532135182497707120,57.496286304,carbonZ_2018-07-30-16-39-00_3_no_failure,normal,3.81999993324,-1.78527832031,-6.75538730621,516,31.5972709656,0.154400795698,16.6135406494,16.2474136353,4.06077671051,1.48684775829,0
1532135182579720784,57.578299968,carbonZ_2018-07-30-16-39-00_3_no_failure,normal,4.0,-23.8608360291,-5.75344467163,517,31.5972709656,0.154400795698,16.6135406494,16.189453125,4.47339010239,1.56290209293,0
1532135182618447632,57.617026816,carbonZ_2018-07-30-16-39-00_3_no_failure,normal,4.0,-23.8608360291,-5.75344467163,517,31.5972709656,0.154400795698,16.6135406494,16.1436424255,4.69268655777,1.60476982594,0
1532135182649906224,57.648485408,carbonZ_2018-07-30-16-39-00_3_no_failure,normal,4.17999982834,-37.0717048645,-5.65337657928,517,31.5972709656,0.154400795698,16.6135406494,16.0954284668,4.92072820663,1.64264023304,0
1532135182692951408,57.691530592,carbonZ_2018-07-30-16-39-00_3_no_failure,normal,4.17999982834,-37.0717048645,-5.65337657928,517,31.5972709656,0.154400795698,16.6135406494,16.0445289612,5.15580177307,1.67585062981,0
1532135182748796944,57.747376128,carbonZ_2018-07-30-16-39-00_3_no_failure,normal,4.36999988556,-47.7862358093,-4.6871342659,517,31.5972709656,0.154400795698,16.6135406494,15.9406652451,5.55555200577,1.67330503464,0
1532135182797373616,57.7959528,carbonZ_2018-07-30-16-39-00_3_no_failure,normal,4.36999988556,-47.7862358093,-4.6871342659,517,31.5972709656,0.154400795698,16.6135406494,15.8162069321,5.96392393112,1.67526710033,0
1532135182898318352,57.896897536,carbonZ_2018-07-30-16-39-00_3_no_failure,normal,4.56999969482,-59.3302726746,-7.3227314949,518,37.4734535217,0.907212078571,25.6205501556,15.6310043335,6.53575086594,1.674523592,0
1532135182977536048,57.976115232,carbonZ_2018-07-30-16-39-00_3_no_failure,normal,4.75999975204,-67.8739547729,-6.280210495,518,37.4734535217,0.907212078571,25.6205501556,15.4336338043,7.08062028885,1.66880702972,0
1532135183031659632,58.030238816,carbonZ_2018-07-30-16-39-00_3_no_failure,normal,4.75999975204,-67.8739547729,-6.280210495,518,37.4734535217,0.907212078571,25.6205501556,15.2548074722,7.50777196884,1.66024243832,0
1532135183074115376,58.07269456,carbonZ_2018-07-30-16-39-00_3_no_failure,normal,4.94999980927,-88.0296707153,-5.29820251465,518,37.4734535217,0.907212078571,25.6205501556,15.1235322952,7.7953081131,1.64534521103,0
1532135183109094832,58.107674016,carbonZ_2018-07-30-16-39-00_3_no_failure,normal,4.94999980927,-88.0296707153,-5.29820251465,518,37.4734535217,0.907212078571,25.6205501556,15.0687475204,7.92568397522,1.65330243111,0
1532135183148820560,58.147399744,carbonZ_2018-07-30-16-39-00_3_no_failure,normal,5.13000011444,-98.2217788696,-5.25159215927,518,37.4734535217,0.907212078571,25.6205501556,14.8698959351,8.33889007568,1.63153505325,0
1532135183208952912,58.207532096,carbonZ_2018-07-30-16-39-00_3_no_failure,normal,5.13000011444,-98.2217788696,-5.25159215927,518,37.4734535217,0.907212078571,25.6205501556,14.6329507828,8.75156879425,1.5989587307,0
1532135183269907952,58.268487136,carbonZ_2018-07-30-16-39-00_3_no_failure,normal,5.31999969482,-103.35559845,-4.34712028503,518,40.179725647,3.61601281166,36.4344062805,14.3867645264,9.14811420441,1.57976162434,0
1532135183298900016,58.2974792,carbonZ_2018-07-30-16-39-00_3_no_failure,normal,5.31999969482,-103.35559845,-4.34712028503,518,40.179725647,3.61601281166,36.4344062805,14.2323246002,9.40511989594,1.56885659695,0
1532135183343078800,58.341657984,carbonZ_2018-07-30-16-39-00_3_no_failure,normal,5.5,-122.938537598,-3.50445890427,517,40.179725647,3.61601281166,36.4344062805,14.0590867996,9.65753650665,1.5531822443,0
1532135183406748080,58.405327264,carbonZ_2018-07-30-16-39-00_3_no_failure,normal,5.5,-122.938537598,-3.50445890427,517,40.179725647,3.61601281166,36.4344062805,13.8650913239,9.92465877533,1.51586484909,0
1532135183498964368,58.497543552,carbonZ_2018-07-30-16-39-00_3_no_failure,normal,5.67999982834,-142.261322021,-6.07497024536,517,40.179725647,3.61601281166,36.4344062805,13.3799505234,10.5567340851,1.48886203766,0
1532135183533281296,58.53186048,carbonZ_2018-07-30-16-39-00_3_no_failure,normal,5.84999990463,-141.072845459,-5.16080570221,517,40.179725647,3.61601281166,36.4344062805,13.0783405304,10.9170293808,1.46946442127,0
1532135183616294768,58.614873952,carbonZ_2018-07-30-16-39-00_3_no_failure,normal,5.84999990463,-141.072845459,-5.16080570221,517,40.179725647,3.61601281166,36.4344062805,12.7655801773,11.2647380829,1.47830235958,0
1532135183663295664,58.661874848,carbonZ_2018-07-30-16-39-00_3_no_failure,normal,6.01999998093,-142.193603516,-5.16054296494,516,41.6777229309,4.37118530273,47.4719085693,12.4306240082,11.6222324371,1.47191441059,0
1532135183713607664,58.712186848,carbonZ_2018-07-30-16-39-00_3_no_failure,normal,6.01999998093,-142.193603516,-5.16054296494,516,41.6777229309,4.37118530273,47.4719085693,12.1691322327,11.8653087616,1.43037950993,0
1532135183775310576,58.77388976,carbonZ_2018-07-30-16-39-00_3_no_failure,normal,6.17999982834,-152.942657471,-4.33442020416,516,41.6777229309,4.37118530273,47.4719085693,11.7922935486,12.2354917526,1.39500248432,0
1532135183802949872,58.801529056,carbonZ_2018-07-30-16-39-00_3_no_failure,normal,6.17999982834,-152.942657471,-4.33442020416,516,41.6777229309,4.37118530273,47.4719085693,11.6422729492,12.3731889725,1.36710369587,0
1532135183897475792,58.896054976,carbonZ_2018-07-30-16-39-00_3_no_failure,normal,6.33999967575,-162.038604736,-3.60109186172,515,41.6777229309,4.37118530273,47.4719085693,10.9471921921,12.9661331177,1.28412544727,0
1532135183988685264,58.987264448,carbonZ_2018-07-30-16-39-00_3_no_failure,normal,6.48000001907,-173.337173462,-5.8007979393,515,41.6777229309,4.37118530273,47.4719085693,10.2452974319,13.4984064102,1.20014846325,0
1532135184038167696,59.03674688,carbonZ_2018-07-30-16-39-00_3_no_failure,normal,6.61999988556,-176.826004028,-5.04590034485,514,41.6777229309,4.37118530273,47.4719085693,9.81773757935,13.7829866409,1.17043197155,0
1532135184085997680,59.084576864,carbonZ_2018-07-30-16-39-00_3_no_failure,normal,6.61999988556,-176.826004028,-5.04590034485,514,42.0524368286,5.36254119873,60.5730209351,9.52155685425,13.9765396118,1.14101886749,0
1532135184171521936,59.17010112,carbonZ_2018-07-30-16-39-00_3_no_failure,normal,6.75,-178.258804321,-4.98831892014,513,42.0524368286,5.36254119873,60.5730209351,8.96833610535,14.3133611679,1.0811882019,0
1532135184232121296,59.23070048,carbonZ_2018-07-30-16-39-00_3_no_failure,normal,6.85999965668,-178.032104492,-4.35995531082,512,42.0524368286,5.36254119873,60.5730209351,8.50949573517,14.5401115417,1.00726461411,0
1532135184261196720,59.259775904,carbonZ_2018-07-30-16-39-00_3_no_failure,normal,6.85999965668,-178.032104492,-4.35995531082,512,42.0524368286,5.36254119873,60.5730209351,8.21950149536,14.6728258133,0.963988959789,0
1532135184354030576,59.35260976,carbonZ_2018-07-30-16-39-00_3_no_failure,normal,6.96999979019,-171.960067749,-5.25479364395,511,42.0524368286,5.36254119873,60.5730209351,7.6235294342,14.9521627426,0.837745845318,0
1532135184394309616,59.3928888,carbonZ_2018-07-30-16-39-00_3_no_failure,normal,6.96999979019,-171.960067749,-5.25479364395,511,42.0524368286,5.36254119873,60.5730209351,7.33957529068,15.0657024384,0.791888773441,0
1532135184435539120,59.434118304,carbonZ_2018-07-30-16-39-00_3_no_failure,normal,7.05999994278,-180.013092041,-4.6800160408,510,42.0524368286,5.36254119873,60.5730209351,7.01574087143,15.1594629288,0.706150949001,0
1532135184487370544,59.485949728,carbonZ_2018-07-30-16-39-00_3_no_failure,normal,7.05999994278,-180.013092041,-4.6800160408,510,37.03490448,6.80731868744,72.3009185791,6.57523536682,15.3074111938,0.626615047455,0
1532135184550346256,59.54892544,carbonZ_2018-07-30-16-39-00_3_no_failure,normal,7.1299996376,-183.631134033,-4.1732916832,509,37.03490448,6.80731868744,72.3009185791,6.13504266739,15.4403896332,0.528171777725,0
1532135184568941680,59.567520864,carbonZ_2018-07-30-16-39-00_3_no_failure,normal,7.1299996376,-183.631134033,-4.1732916832,509,37.03490448,6.80731868744,72.3009185791,5.99251794815,15.4729604721,0.494288742542,0
1532135184653295696,59.65187488,carbonZ_2018-07-30-16-39-00_3_no_failure,normal,7.17000007629,-181.9190979,-4.384745121,508,37.03490448,6.80731868744,72.3009185791,5.37942934036,15.5916843414,0.340570926666,0
1532135184665628944,59.664208128,carbonZ_2018-07-30-16-39-00_3_no_failure,normal,7.17000007629,-181.9190979,-4.384745121,508,37.03490448,6.80731868744,72.3009185791,5.22422933578,15.6102237701,0.290846526623,0
1532135184740230192,59.738809376,carbonZ_2018-07-30-16-39-00_3_no_failure,normal,7.17000007629,-181.9190979,-4.384745121,508,37.03490448,6.80731868744,72.3009185791,4.7926158905,15.6675796509,0.160370439291,0
1532135184820641232,59.819220416,carbonZ_2018-07-30-16-39-00_3_no_failure,normal,7.19999980927,-187.002944946,-3.98042917252,507,37.03490448,6.80731868744,72.3009185791,4.18497467041,15.7225189209,-0.119859158993,0
1532135184844112304,59.842691488,carbonZ_2018-07-30-16-39-00_3_no_failure,normal,7.19000005722,-199.161712646,-4.17496490479,506,37.03490448,6.80731868744,72.3009185791,4.0433382988,15.7356214523,-0.17381362617,0
1532135184882403504,59.880982688,carbonZ_2018-07-30-16-39-00_3_no_failure,normal,7.19000005722,-199.161712646,-4.17496490479,506,33.5476608276,9.16779994965,82.9842376709,3.41808891296,15.7529191971,-0.518068194389,0
1532135184937703120,59.936282304,carbonZ_2018-07-30-16-39-00_3_no_failure,normal,7.13999986649,-201.449203491,-3.89275312424,505,33.5476608276,9.16779994965,82.9842376709,3.27928876877,15.7686395645,-0.575141012669,0
1532135185019527120,60.018106304,carbonZ_2018-07-30-16-39-00_3_no_failure,normal,7.13999986649,-201.449203491,-3.89275312424,505,33.5476608276,9.16779994965,82.9842376709,2.69815826416,15.7364463806,-0.834708631039,0
1532135185048010032,60.046589216,carbonZ_2018-07-30-16-39-00_3_no_failure,normal,7.13999986649,-201.449203491,-3.89275312424,505,33.5476608276,9.16779994965,82.9842376709,2.55009388924,15.7306241989,-0.894318640232,0
1532135185092837680,60.091416864,carbonZ_2018-07-30-16-39-00_3_no_failure,normal,7.0499997139,-209.745605469,-3.67733216286,504,33.5476608276,9.16779994965,82.9842376709,2.16888737679,15.685795784,-1.02862656116,0
1532135185136316528,60.134895712,carbonZ_2018-07-30-16-39-00_3_no_failure,normal,6.92000007629,-188.406188965,-3.64190173149,502,33.5476608276,9.16779994965,82.9842376709,1.92267501354,15.6477708817,-1.11069703102,0
1532135185229820912,60.228400096,carbonZ_2018-07-30-16-39-00_3_no_failure,normal,6.92000007629,-188.406188965,-3.64190173149,502,33.5476608276,9.16779994965,82.9842376709,1.48649334908,15.561662674,-1.23170733452,0
1532135185249265040,60.247844224,carbonZ_2018-07-30-16-39-00_3_no_failure,normal,6.77999973297,-178.968811035,-3.53115606308,501,26.7028522491,10.0464086533,92.2370147705,1.27347910404,15.4967803955,-1.29840672016,0
1532135185272906256,60.27148544,carbonZ_2018-07-30-16-39-00_3_no_failure,normal,6.77999973297,-178.968811035,-3.53115606308,501,26.7028522491,10.0464086533,92.2370147705,1.17278718948,15.45911026,-1.33234393597,0
1532135185316838416,60.3154176,carbonZ_2018-07-30-16-39-00_3_no_failure,normal,6.77999973297,-178.968811035,-3.53115606308,501,26.7028522491,10.0464086533,92.2370147705,0.977410614491,15.3910913467,-1.39729750156,0
1532135185367166160,60.365745344,carbonZ_2018-07-30-16-39-00_3_no_failure,normal,6.61999988556,-163.324920654,-3.48719239235,500,26.7028522491,10.0464086533,92.2370147705,0.709597289562,15.2984933853,-1.48149180412,0
1532135185423724496,60.42230368,carbonZ_2018-07-30-16-39-00_3_no_failure,normal,6.61999988556,-163.324920654,-3.48719239235,500,26.7028522491,10.0464086533,92.2370147705,0.538987994194,15.2020158768,-1.5489718914,0
1532135185458350704,60.456929888,carbonZ_2018-07-30-16-39-00_3_no_failure,normal,6.44000005722,-155.642318726,-3.49541163445,499,26.7028522491,10.0464086533,92.2370147705,0.378213912249,15.1139879227,-1.59930074215,0
1532135185534149200,60.532728384,carbonZ_2018-07-30-16-39-00_3_no_failure,normal,6.23999977112,-149.047851562,-3.51767539978,498,26.7028522491,10.0464086533,92.2370147705,0.0303871724755,14.9050283432,-1.72746884823,0
1532135185587477520,60.586056704,carbonZ_2018-07-30-16-39-00_3_no_failure,normal,6.23999977112,-149.047851562,-3.51767539978,498,26.7028522491,10.0464086533,92.2370147705,-0.155344337225,14.7663030624,-1.79404962063,0
1532135185610143120,60.608722304,carbonZ_2018-07-30-16-39-00_3_no_failure,normal,6.23999977112,-149.047851562,-3.51767539978,498,19.103723526,12.4335680008,97.5643081665,-0.155344337225,14.7663030624,-1.79404962063,0
1532135185651806224,60.650385408,carbonZ_2018-07-30-16-39-00_3_no_failure,normal,6.01999998093,-133.560180664,-3.57333493233,496,19.103723526,12.4335680008,97.5643081665,-0.329137295485,14.6268100739,-1.86388993263,0
1532135185713214224,60.711793408,carbonZ_2018-07-30-16-39-00_3_no_failure,normal,6.01999998093,-133.560180664,-3.57333493233,496,19.103723526,12.4335680008,97.5643081665,-0.432862192392,14.5390558243,-1.91546142101,0
1532135185749502032,60.748081216,carbonZ_2018-07-30-16-39-00_3_no_failure,normal,5.7999997139,-113.819122314,-3.66238999367,495,19.103723526,12.4335680008,97.5643081665,-0.530633568764,14.4526977539,-1.97963452339,0
1532135185786325104,60.784904288,carbonZ_2018-07-30-16-39-00_3_no_failure,normal,5.7999997139,-113.819122314,-3.66238999367,495,19.103723526,12.4335680008,97.5643081665,-0.657581150532,14.2995052338,-2.08737921715,0
1532135185854619664,60.853198848,carbonZ_2018-07-30-16-39-00_3_no_failure,normal,5.5499997139,-99.9031066895,-3.75144505501,494,19.103723526,12.4335680008,97.5643081665,-0.726907253265,14.1988964081,-2.14342570305,0
1532135185903060880,60.901640064,carbonZ_2018-07-30-16-39-00_3_no_failure,normal,5.5499997139,-99.9031066895,-3.75144505501,494,19.103723526,12.4335680008,97.5643081665,-0.787312328815,14.1040554047,-2.21000218391,0
1532135185968056720,60.966635904,carbonZ_2018-07-30-16-39-00_3_no_failure,normal,5.28999996185,-85.6174468994,-3.86276388168,493,10.6177377701,14.202662468,99.8834686279,-0.856047332287,13.9767503738,-2.27720141411,0
1532135185984152592,60.982731776,carbonZ_2018-07-30-16-39-00_3_no_failure,normal,5.28999996185,-85.6174468994,-3.86276388168,493,10.6177377701,14.202662468,99.8834686279,-0.889314949512,13.8868341446,-2.31828784943,0
1532135186028661520,61.027240704,carbonZ_2018-07-30-16-39-00_3_no_failure,normal,5.01999998093,-61.2934112549,-3.98521471024,492,10.6177377701,14.202662468,99.8834686279,-0.912675261497,13.792183876,-2.34974050522,0
1532135186065293680,61.063872864,carbonZ_2018-07-30-16-39-00_3_no_failure,normal,5.01999998093,-61.2934112549,-3.98521471024,492,10.6177377701,14.202662468,99.8834686279,-0.930374264717,13.7071313858,-2.3882791996,0
1532135186132176112,61.130755296,carbonZ_2018-07-30-16-39-00_3_no_failure,normal,5.01999998093,-61.2934112549,-3.98521471024,492,10.6177377701,14.202662468,99.8834686279,-0.941357314587,13.5850896835,-2.45172524452,0
1532135186169946640,61.168525824,carbonZ_2018-07-30-16-39-00_3_no_failure,normal,4.73999977112,-50.1113891602,-4.09653329849,490,10.6177377701,14.202662468,99.8834686279,-0.939533054829,13.5183410645,-2.4786798954,0
1532135186278965488,61.277544672,carbonZ_2018-07-30-16-39-00_3_no_failure,normal,4.46000003815,-26.7108917236,-4.20785236359,489,10.6177377701,14.202662468,99.8834686279,-0.895399093628,13.3240909576,-2.47408509254,0
1532135186314281296,61.31286048,carbonZ_2018-07-30-16-39-00_3_no_failure,normal,4.46000003815,-26.7108917236,-4.20785236359,489,10.6177377701,14.202662468,99.8834686279,-0.867782533169,13.2619495392,-2.47249269485,0
1532135186344231856,61.34281104,carbonZ_2018-07-30-16-39-00_3_no_failure,normal,4.17000007629,3.39574813843,-4.29690742493,488,10.6177377701,14.202662468,99.8834686279,-0.832984626293,13.2122879028,-2.46544480324,0
1532135186403102224,61.401681408,carbonZ_2018-07-30-16-39-00_3_no_failure,normal,4.17000007629,3.39574813843,-4.29690742493,488,-1.90288424492,14.1000041962,100.459968567,-0.786606431007,13.1507062912,-2.45567727089,0
1532135186447478096,61.44605728,carbonZ_2018-07-30-16-39-00_3_no_failure,normal,3.87999987602,21.5489387512,-4.37483072281,487,-1.90288424492,14.1000041962,100.459968567,-0.709083080292,13.0674142838,-2.43398690224,0
1532135186508780560,61.507359744,carbonZ_2018-07-30-16-39-00_3_no_failure,normal,3.87999987602,21.5489387512,-4.37483072281,487,-1.90288424492,14.1000041962,100.459968567,-0.622288286686,12.9938106537,-2.38421583176,0
1532135186580528784,61.579107968,carbonZ_2018-07-30-16-39-00_3_no_failure,normal,3.59999990463,42.856502533,-4.4416217804,486,-1.90288424492,14.1000041962,100.459968567,-0.544492840767,12.9444637299,-2.34451127052,0
1532135186605076880,61.603656064,carbonZ_2018-07-30-16-39-00_3_no_failure,normal,3.59999990463,42.856502533,-4.4416217804,486,-1.90288424492,14.1000041962,100.459968567,-0.502971887589,12.9095716476,-2.34346413612,0
1532135186649004592,61.647583776,carbonZ_2018-07-30-16-39-00_3_no_failure,normal,3.32999992371,58.7259292603,-4.47501754761,485,-1.90288424492,14.1000041962,100.459968567,-0.419855892658,12.8522186279,-2.28354287148,0
1532135186700897456,61.69947664,carbonZ_2018-07-30-16-39-00_3_no_failure,normal,3.32999992371,58.7259292603,-4.47501754761,485,-1.90288424492,14.1000041962,100.459968567,-0.361750006676,12.8170757294,-2.23190379143,0
1532135186745961904,61.744541088,carbonZ_2018-07-30-16-39-00_3_no_failure,normal,3.06999993324,89.8779907227,-4.50841331482,484,-1.90288424492,14.1000041962,100.459968567,-0.282465815544,12.7824373245,-2.14554786682,0
1532135186814940400,61.813519584,carbonZ_2018-07-30-16-39-00_3_no_failure,normal,3.06999993324,89.8779907227,-4.50841331482,484,-7.44564819336,12.1753282547,99.7164459229,-0.184772789478,12.7328701019,-2.04034662247,0
1532135186860596720,61.859175904,carbonZ_2018-07-30-16-39-00_3_no_failure,normal,2.82999992371,118.406005859,-4.50841331482,483,-7.44564819336,12.1753282547,99.7164459229,-0.12353733927,12.7120695114,-1.97427010536,0
1532135186903150000,61.901729184,carbonZ_2018-07-30-16-39-00_3_no_failure,normal,2.82999992371,118.406005859,-4.50841331482,483,-7.44564819336,12.1753282547,99.7164459229,-0.0637442171574,12.7062978745,-1.89482057095,0
1532135186947086992,61.945666176,carbonZ_2018-07-30-16-39-00_3_no_failure,normal,2.6099998951,143.109130859,-4.49728155136,482,-7.44564819336,12.1753282547,99.7164459229,0.0392161570489,12.6895313263,-1.76795244217,0
1532135187004483568,62.003062752,carbonZ_2018-07-30-16-39-00_3_no_failure,normal,2.6099998951,143.109130859,-4.49728155136,482,-7.44564819336,12.1753282547,99.7164459229,0.112998686731,12.6767597198,-1.71123695374,0
1532135187064162320,62.062741504,carbonZ_2018-07-30-16-39-00_3_no_failure,normal,2.41999983788,173.777297974,-4.47501754761,481,-7.44564819336,12.1753282547,99.7164459229,0.20972007513,12.6683988571,-1.56115806103,0
1532135187104927440,62.103506624,carbonZ_2018-07-30-16-39-00_3_no_failure,normal,2.41999983788,173.777297974,-4.47501754761,481,-11.6265192032,10.1413497925,97.6530990601,0.286693423986,12.6602478027,-1.49341773987,0
1532135187147902288,62.146481472,carbonZ_2018-07-30-16-39-00_3_no_failure,normal,2.25999999046,192.923355103,-4.43049001694,480,-11.6265192032,10.1413497925,97.6530990601,0.384768933058,12.676817894,-1.33937168121,0
1532135187208626256,62.20720544,carbonZ_2018-07-30-16-39-00_3_no_failure,normal,2.25999999046,192.923355103,-4.43049001694,480,-11.6265192032,10.1413497925,97.6530990601,0.504367530346,12.6847677231,-1.230058074,0
1532135187249775088,62.248354272,carbonZ_2018-07-30-16-39-00_3_no_failure,normal,2.11999988556,205.013366699,-4.36369895935,479,-11.6265192032,10.1413497925,97.6530990601,0.572371542454,12.6822214127,-1.15103757381,0
1532135187294301776,62.29288096,carbonZ_2018-07-30-16-39-00_3_no_failure,normal,2.11999988556,205.013366699,-4.36369895935,479,-11.6265192032,10.1413497925,97.6530990601,0.655481636524,12.6877822876,-1.11475920677,0
1532135187406448400,62.405027584,carbonZ_2018-07-30-16-39-00_3_no_failure,normal,2.0,201.463500977,-4.27464389801,478,-11.6265192032,10.1413497925,97.6530990601,0.835599839687,12.7322864532,-0.948612749577,0
1532135187454233424,62.452812608,carbonZ_2018-07-30-16-39-00_3_no_failure,normal,2.0,201.463500977,-4.27464389801,478,-11.6265192032,10.1413497925,97.6530990601,0.926624119282,12.7388181686,-0.877504646778,0
1532135187456634608,62.455213792,carbonZ_2018-07-30-16-39-00_3_no_failure,normal,2.0,201.463500977,-4.27464389801,478,-11.6265192032,10.1413497925,97.6530990601,0.926624119282,12.7388181686,-0.877504646778,0
1532135187506617104,62.505196288,carbonZ_2018-07-30-16-39-00_3_no_failure,normal,1.90999996662,212.637329102,-4.17445659637,477,-11.6265192032,10.1413497925,97.6530990601,1.06914770603,12.7792978287,-0.739133119583,0
1532135187548699600,62.547278784,carbonZ_2018-07-30-16-39-00_3_no_failure,normal,1.82999992371,229.492858887,-4.04087400436,476,-10.8359632492,6.35679674149,92.6440811157,1.15596139431,12.8029441833,-0.671390175819,0
1532135187636494064,62.635073248,carbonZ_2018-07-30-16-39-00_3_no_failure,normal,1.82999992371,229.492858887,-4.04087400436,476,-10.8359632492,6.35679674149,92.6440811157,1.31945765018,12.8414020538,-0.56728374958,0
1532135187669604656,62.66818384,carbonZ_2018-07-30-16-39-00_3_no_failure,normal,1.77999997139,230.256362915,-3.90729141235,475,-10.8359632492,6.35679674149,92.6440811157,1.41274178028,12.8659553528,-0.497024446726,0
1532135187712153264,62.710732448,carbonZ_2018-07-30-16-39-00_3_no_failure,normal,1.77999997139,230.256362915,-3.90729141235,475,-10.8359632492,6.35679674149,92.6440811157,1.4979544878,12.8818922043,-0.439567089081,0
1532135187740834320,62.739413504,carbonZ_2018-07-30-16-39-00_3_no_failure,normal,1.74000000954,221.848678589,-3.74031329155,474,-10.8359632492,6.35679674149,92.6440811157,1.57432436943,12.9223098755,-0.38766169548,0
1532135187796306480,62.794885664,carbonZ_2018-07-30-16-39-00_3_no_failure,normal,1.74000000954,221.848678589,-3.74031329155,474,-10.8359632492,6.35679674149,92.6440811157,1.69945955276,12.9612207413,-0.284240573645,0
1532135187897874544,62.896453728,carbonZ_2018-07-30-16-39-00_3_no_failure,normal,1.7199999094,218.343170166,-3.55107116699,473,-10.8359632492,6.35679674149,92.6440811157,1.86107635498,13.011100769,-0.14401166141,0
1532135187956718384,62.955297568,carbonZ_2018-07-30-16-39-00_3_no_failure,normal,1.7199999094,215.621368408,-3.35069727898,472,-10.8359632492,6.35679674149,92.6440811157,1.96863663197,13.0641403198,-0.0496828183532,0
1532135188017474000,63.016053184,carbonZ_2018-07-30-16-39-00_3_no_failure,normal,1.7199999094,215.621368408,-3.35069727898,472,-8.10117912292,3.31700277328,88.6723175049,2.06618833542,13.1092004776,0.0432217046618,0
1532135188043026704,63.041605888,carbonZ_2018-07-30-16-39-00_3_no_failure,normal,1.73000001907,212.127502441,-3.12805962563,472,-8.10117912292,3.31700277328,88.6723175049,2.09343075752,13.1303730011,0.0631176009774,0
1532135188116386000,63.114965184,carbonZ_2018-07-30-16-39-00_3_no_failure,normal,1.73000001907,212.127502441,-3.12805962563,472,-8.10117912292,3.31700277328,88.6723175049,2.20722436905,13.1835680008,0.157450735569,0
1532135188143296848,63.141876032,carbonZ_2018-07-30-16-39-00_3_no_failure,normal,1.75999999046,203.841018677,-2.88315820694,471,-8.10117912292,3.31700277328,88.6723175049,2.24879431725,13.2293024063,0.22322075069,0
1532135188219928752,63.218507936,carbonZ_2018-07-30-16-39-00_3_no_failure,normal,1.75999999046,203.841018677,-2.88315820694,471,-8.10117912292,3.31700277328,88.6723175049,2.3275847435,13.2693595886,0.303974986076,0
1532135188265261456,63.26384064,carbonZ_2018-07-30-16-39-00_3_no_failure,normal,1.80999994278,200.160598755,-2.63825654984,470,-8.10117912292,3.31700277328,88.6723175049,2.40064406395,13.3128499985,0.369551837444,0
1532135188297937936,63.29651712,carbonZ_2018-07-30-16-39-00_3_no_failure,normal,1.80999994278,200.160598755,-2.63825654984,470,-8.10117912292,3.31700277328,88.6723175049,2.42244434357,13.3372840881,0.411859363317,0
1532135188395019632,63.393598816,carbonZ_2018-07-30-16-39-00_3_no_failure,normal,1.86000001431,190.95135498,-2.38222336769,469,-1.60640120506,1.95702123642,86.9788360596,2.50851774216,13.4209957123,0.459437072277,0
1532135188459567280,63.458146464,carbonZ_2018-07-30-16-39-00_3_no_failure,normal,1.92999994755,167.70916748,-2.11505794525,468,-1.60640120506,1.95702123642,86.9788360596,2.5512304306,13.469748497,0.469048112631,0
1532135188487144080,63.485723264,carbonZ_2018-07-30-16-39-00_3_no_failure,normal,1.92999994755,167.70916748,-2.11505794525,468,-1.60640120506,1.95702123642,86.9788360596,2.57541203499,13.496295929,0.461082667112,0
1532135188592743440,63.591322624,carbonZ_2018-07-30-16-39-00_3_no_failure,normal,1.99000000954,144.387634277,-1.84789288044,467,-1.60640120506,1.95702123642,86.9788360596,2.63757371902,13.5810308456,0.408973425627,0
1532135188673584048,63.672163232,carbonZ_2018-07-30-16-39-00_3_no_failure,normal,2.04999995232,120.251274109,-1.56959569454,466,-1.60640120506,1.95702123642,86.9788360596,2.68059778214,13.6420974731,0.398225694895,0
1532135188715769968,63.714349152,carbonZ_2018-07-30-16-39-00_3_no_failure,normal,2.04999995232,120.251274109,-1.56959569454,466,-1.60640120506,1.95702123642,86.9788360596,2.69974327087,13.6710643768,0.393136173487,0
1532135188771396464,63.769975648,carbonZ_2018-07-30-16-39-00_3_no_failure,normal,2.1099998951,99.6715545654,-1.29129862785,465,-1.60640120506,1.95702123642,86.9788360596,2.71926760674,13.7201528549,0.365444362164,0
1532135188821752784,63.820331968,carbonZ_2018-07-30-16-39-00_3_no_failure,normal,2.1099998951,99.6715545654,-1.29129862785,465,3.94399118423,1.64069092274,86.4588546753,2.72284460068,13.7441730499,0.350470036268,0
1532135188855919440,63.854498624,carbonZ_2018-07-30-16-39-00_3_no_failure,normal,2.15999984741,78.5202941895,-1.01300144196,464,3.94399118423,1.64069092274,86.4588546753,2.72101855278,13.775431633,0.30798637867,0
1532135188906804944,63.905384128,carbonZ_2018-07-30-16-39-00_3_no_failure,normal,2.15999984741,78.5202941895,-1.01300144196,464,3.94399118423,1.64069092274,86.4588546753,2.71185183525,13.7993097305,0.311087340117,0
1532135188977135760,63.975714944,carbonZ_2018-07-30-16-39-00_3_no_failure,normal,2.20000004768,73.4701156616,-0.745836257935,463,3.94399118423,1.64069092274,86.4588546753,2.67361116409,13.8578653336,0.273005574942,0
1532135188997633872,63.996213056,carbonZ_2018-07-30-16-39-00_3_no_failure,normal,2.20000004768,73.4701156616,-0.745836257935,463,3.94399118423,1.64069092274,86.4588546753,2.6611032486,13.8596830368,0.251636326313,0
1532135189061977456,64.06055664,carbonZ_2018-07-30-16-39-00_3_no_failure,normal,2.24000000954,66.5442504883,-0.478671044111,462,3.94399118423,1.64069092274,86.4588546753,2.61501526833,13.8923196793,0.253970861435,0
1532135189120112912,64.118692096,carbonZ_2018-07-30-16-39-00_3_no_failure,normal,2.24000000954,66.5442504883,-0.478671044111,462,3.94399118423,1.64069092274,86.4588546753,2.56580305099,13.9174280167,0.222331300378,0
1532135189190282960,64.188862144,carbonZ_2018-07-30-16-39-00_3_no_failure,normal,2.26999998093,58.8361740112,-0.222637683153,462,3.94399118423,1.64069092274,86.4588546753,2.48449659348,13.9575500488,0.193865180016,0
1532135189258857264,64.257436448,carbonZ_2018-07-30-16-39-00_3_no_failure,normal,2.28999996185,49.7141838074,0.0111318845302,461,8.73921966553,1.93352234364,88.8190155029,2.37868785858,13.9840583801,0.118255779147,0
1532135189288681648,64.287260832,carbonZ_2018-07-30-16-39-00_3_no_failure,normal,2.28999996185,49.7141838074,0.0111318845302,461,8.73921966553,1.93352234364,88.8190155029,2.32377314568,13.9948244095,0.0987269356847,0
1532135189356664752,64.355243936,carbonZ_2018-07-30-16-39-00_3_no_failure,normal,2.30999994278,37.3251914978,0.233769580722,460,8.73921966553,1.93352234364,88.8190155029,2.26935553551,14.0071496964,0.102635703981,0
1532135189384672624,64.383251808,carbonZ_2018-07-30-16-39-00_3_no_failure,normal,2.30999994278,37.3251914978,0.233769580722,460,8.73921966553,1.93352234364,88.8190155029,2.26935553551,14.0071496964,0.102635703981,0
1532135189463353456,64.46193264,carbonZ_2018-07-30-16-39-00_3_no_failure,normal,2.31999993324,40.6491279602,0.445275366306,459,8.73921966553,1.93352234364,88.8190155029,2.09921216965,14.0147857666,0.144872650504,0
1532135189502150384,64.500729568,carbonZ_2018-07-30-16-39-00_3_no_failure,normal,2.31999993324,40.6491279602,0.445275366306,459,8.73921966553,1.93352234364,88.8190155029,2.06767463684,14.0150728226,0.15490655601,0
1532135189536868080,64.535447264,carbonZ_2018-07-30-16-39-00_3_no_failure,normal,2.31999993324,40.6491279602,0.445275366306,459,8.73921966553,1.93352234364,88.8190155029,1.98118209839,14.0231962204,0.118655279279,0
1532135189578008144,64.576587328,carbonZ_2018-07-30-16-39-00_3_no_failure,normal,2.33999991417,32.5877189636,0.634517431259,458,11.087433815,2.98937487602,90.5043258667,1.91285085678,14.025229454,0.0952109619975,0
1532135189659182768,64.657761952,carbonZ_2018-07-30-16-39-00_3_no_failure,normal,2.3599998951,22.5226402283,0.81262755394,457,11.087433815,2.98937487602,90.5043258667,1.80881750584,14.0194683075,0.0538889765739,0
1532135189671687344,64.670266528,carbonZ_2018-07-30-16-39-00_3_no_failure,normal,2.3599998951,22.5226402283,0.81262755394,457,11.087433815,2.98937487602,90.5043258667,1.76858508587,14.0219573975,0.0547115467489,0
1532135189775079472,64.773658656,carbonZ_2018-07-30-16-39-00_3_no_failure,normal,2.3599998951,25.647354126,0.96847397089,456,11.087433815,2.98937487602,90.5043258667,1.58887529373,14.0252103806,0.00856531970203,0
1532135189864097296,64.86267648,carbonZ_2018-07-30-16-39-00_3_no_failure,normal,2.3599998951,33.9447021484,1.09092473984,455,11.087433815,2.98937487602,90.5043258667,1.44281852245,14.0016689301,0.0167985949665,0
1532135189878382672,64.876961856,carbonZ_2018-07-30-16-39-00_3_no_failure,normal,2.3599998951,33.9447021484,1.09092473984,455,11.087433815,2.98937487602,90.5043258667,1.39877939224,14.0014886856,0.0169860813767,0
1532135189981674704,64.980253888,carbonZ_2018-07-30-16-39-00_3_no_failure,normal,2.36999988556,40.7698631287,1.20224356651,454,11.087433815,2.98937487602,90.5043258667,1.18089413643,14.0090084076,-0.103308312595,0
1532135190057093360,65.055672544,carbonZ_2018-07-30-16-39-00_3_no_failure,normal,2.3599998951,25.5087852478,1.29129862785,453,13.4526948929,4.19383335114,92.949256897,0.992850065231,13.9909038544,-0.253159105778,0
1532135190139579696,65.13815888,carbonZ_2018-07-30-16-39-00_3_no_failure,normal,2.3599998951,25.5087852478,1.29129862785,453,13.4526948929,4.19383335114,92.949256897,0.81727296114,13.9790935516,-0.379370301962,0
1532135190183034608,65.181613792,carbonZ_2018-07-30-16-39-00_3_no_failure,normal,2.32999992371,23.2151985168,1.34695804119,452,13.4526948929,4.19383335114,92.949256897,0.69478315115,13.9763069153,-0.466481655836,0
1532135190279396240,65.277975424,carbonZ_2018-07-30-16-39-00_3_no_failure,normal,2.28999996185,26.2012481689,1.39148557186,451,13.4526948929,4.19383335114,92.949256897,0.539909124374,13.9548654556,-0.540696561337,0
1532135190340142544,65.338721728,carbonZ_2018-07-30-16-39-00_3_no_failure,normal,2.23000001907,32.8022003174,1.4137493372,449,10.4408769608,4.55854558945,94.9035568237,0.441608399153,13.943523407,-0.615730643272,0
1532135190421597424,65.420176608,carbonZ_2018-07-30-16-39-00_3_no_failure,normal,2.23000001907,32.8022003174,1.4137493372,449,10.4408769608,4.55854558945,94.9035568237,0.308852642775,13.9290657043,-0.651115953922,0
1532135190446751696,65.44533088,carbonZ_2018-07-30-16-39-00_3_no_failure,normal,2.16999983788,37.7846717834,1.4137493372,448,10.4408769608,4.55854558945,94.9035568237,0.250169843435,13.9157419205,-0.663777589798,0
1532135190498977328,65.497556512,carbonZ_2018-07-30-16-39-00_3_no_failure,normal,2.16999983788,37.7846717834,1.4137493372,448,10.4408769608,4.55854558945,94.9035568237,0.19407171011,13.9055051804,-0.688263237476,0
1532135190540804560,65.539383744,carbonZ_2018-07-30-16-39-00_3_no_failure,normal,2.09999990463,54.4787406921,1.39148557186,447,10.4408769608,4.55854558945,94.9035568237,0.141311332583,13.8958492279,-0.690490484238,0
1532135190585067408,65.583646592,carbonZ_2018-07-30-16-39-00_3_no_failure,normal,2.09999990463,54.4787406921,1.39148557186,447,10.4408769608,4.55854558945,94.9035568237,0.0688414871693,13.8855056763,-0.721223711967,0
1532135190671973584,65.670552768,carbonZ_2018-07-30-16-39-00_3_no_failure,normal,2.02999997139,61.1193656921,1.36922180653,446,10.4408769608,4.55854558945,94.9035568237,-0.0204878058285,13.8593740463,-0.750818550587,0
1532135190747268976,65.74584816,carbonZ_2018-07-30-16-39-00_3_no_failure,normal,1.94999992847,65.1728668213,1.33582615852,445,10.4408769608,4.55854558945,94.9035568237,-0.0711051747203,13.8481941223,-0.765939712524,0
1532135190790314160,65.788893344,carbonZ_2018-07-30-16-39-00_3_no_failure,normal,1.94999992847,65.1728668213,1.33582615852,445,10.4408769608,4.55854558945,94.9035568237,-0.0995183885098,13.8471727371,-0.786537349224,0
1532135190824384816,65.822964,carbonZ_2018-07-30-16-39-00_3_no_failure,normal,1.94999992847,65.1728668213,1.33582615852,445,4.86974716187,4.80511426926,95.647102356,-0.143682599068,13.8262643814,-0.814073681831,0
1532135190869136080,65.867715264,carbonZ_2018-07-30-16-39-00_3_no_failure,normal,1.87000000477,74.0092315674,1.30243051052,444,4.86974716187,4.80511426926,95.647102356,-0.165864467621,13.8207292557,-0.825310349464,0
1532135190906345808,65.904924992,carbonZ_2018-07-30-16-39-00_3_no_failure,normal,1.87000000477,74.0092315674,1.30243051052,444,4.86974716187,4.80511426926,95.647102356,-0.184041842818,13.8154191971,-0.842792212963,0
1532135190951945872,65.950525056,carbonZ_2018-07-30-16-39-00_3_no_failure,normal,1.77999997139,99.2235183716,1.25790297985,443,4.86974716187,4.80511426926,95.647102356,-0.201058730483,13.8110275269,-0.842411935329,0
1532135191021897360,66.020476544,carbonZ_2018-07-30-16-39-00_3_no_failure,normal,1.77999997139,99.2235183716,1.25790297985,443,4.86974716187,4.80511426926,95.647102356,-0.225362971425,13.8048534393,-0.8282584548,0
1532135191061696720,66.060275904,carbonZ_2018-07-30-16-39-00_3_no_failure,normal,1.68999993801,122.518249512,1.21337544918,442,4.86974716187,4.80511426926,95.647102356,-0.234940513968,13.7947254181,-0.817184388638,0
1532135191089492688,66.088071872,carbonZ_2018-07-30-16-39-00_3_no_failure,normal,1.68999993801,122.518249512,1.21337544918,442,4.86974716187,4.80511426926,95.647102356,-0.249387666583,13.7977495193,-0.793137669563,0
1532135191193723088,66.192302272,carbonZ_2018-07-30-16-39-00_3_no_failure,normal,1.61000001431,136.420623779,1.16884791851,441,4.86974716187,4.80511426926,95.647102356,-0.251668810844,13.8015699387,-0.730491757393,0
1532135191262656336,66.26123552,carbonZ_2018-07-30-16-39-00_3_no_failure,normal,1.52999997139,146.723648071,1.12432038784,440,2.35865926743,3.95257973671,94.6739196777,-0.228903576732,13.8023176193,-0.682044446468,0
1532135191302939568,66.301518752,carbonZ_2018-07-30-16-39-00_3_no_failure,normal,1.52999997139,146.723648071,1.12432038784,440,2.35865926743,3.95257973671,94.6739196777,-0.228903576732,13.8023176193,-0.682044446468,0
1532135191350358352,66.348937536,carbonZ_2018-07-30-16-39-00_3_no_failure,normal,1.44999992847,144.525619507,1.09092473984,439,2.35865926743,3.95257973671,94.6739196777,-0.210464850068,13.821480751,-0.639329016209,0
1532135191394905008,66.393484192,carbonZ_2018-07-30-16-39-00_3_no_failure,normal,1.44999992847,144.525619507,1.09092473984,439,2.35865926743,3.95257973671,94.6739196777,-0.197174310684,13.8268165588,-0.602787733078,0
1532135191461919120,66.460498304,carbonZ_2018-07-30-16-39-00_3_no_failure,normal,1.38999998569,142.94519043,1.05752897263,438,2.35865926743,3.95257973671,94.6739196777,-0.165707886219,13.8417901993,-0.49623593688,0
1532135191498742000,66.497321184,carbonZ_2018-07-30-16-39-00_3_no_failure,normal,1.38999998569,142.94519043,1.05752897263,438,2.35865926743,3.95257973671,94.6739196777,-0.158918574452,13.8533124924,-0.467728763819,0
1532135191583715952,66.582295136,carbonZ_2018-07-30-16-39-00_3_no_failure,normal,1.33999991417,145.046813965,1.03526520729,437,0.482771545649,2.16368770599,95.0144195557,-0.118950821459,13.8975229263,-0.352547466755,0
1532135191618474992,66.617054176,carbonZ_2018-07-30-16-39-00_3_no_failure,normal,1.33999991417,145.046813965,1.03526520729,437,0.482771545649,2.16368770599,95.0144195557,-0.100004911423,13.9106340408,-0.288902461529,0
1532135191671558512,66.670137696,carbonZ_2018-07-30-16-39-00_3_no_failure,normal,1.30999994278,144.959442139,1.01300144196,436,0.482771545649,2.16368770599,95.0144195557,-0.076221562922,13.9402112961,-0.178451538086,0
1532135191703646352,66.702225536,carbonZ_2018-07-30-16-39-00_3_no_failure,normal,1.30999994278,144.959442139,1.01300144196,436,0.482771545649,2.16368770599,95.0144195557,-0.0663759931922,13.9516210556,-0.165364071727,0
1532135191747671600,66.746250784,carbonZ_2018-07-30-16-39-00_3_no_failure,normal,1.29999995232,146.830566406,1.00186955929,435,0.482771545649,2.16368770599,95.0144195557,-0.0519684180617,13.9933080673,-0.051032628864,0
1532135191817939472,66.816518656,carbonZ_2018-07-30-16-39-00_3_no_failure,normal,1.29999995232,146.830566406,1.00186955929,435,0.482771545649,2.16368770599,95.0144195557,-0.0394205376506,14.0252304077,0.0230324659497,0
1532135191859532208,66.858111392,carbonZ_2018-07-30-16-39-00_3_no_failure,normal,1.30999994278,152.185913086,1.00186955929,433,0.482771545649,2.16368770599,95.0144195557,-0.0360373742878,14.0490589142,0.0783184990287,0
1532135191895478448,66.894057632,carbonZ_2018-07-30-16-39-00_3_no_failure,normal,1.30999994278,152.185913086,1.00186955929,433,0.482771545649,2.16368770599,95.0144195557,-0.0377141647041,14.0759830475,0.133877903223,0
1532135191940769008,66.939348192,carbonZ_2018-07-30-16-39-00_3_no_failure,normal,1.33999991417,163.234420776,0.990737736225,432,0.482771545649,2.16368770599,95.0144195557,-0.0403809770942,14.1034984589,0.197843208909,0
1532135192007976560,67.006555744,carbonZ_2018-07-30-16-39-00_3_no_failure,normal,1.33999991417,163.234420776,0.990737736225,432,1.79303395748,0.010282529518,97.1686019897,-0.0504849776626,14.1493597031,0.319830000401,0
1532135192066762224,67.065341408,carbonZ_2018-07-30-16-39-00_3_no_failure,normal,1.37999999523,161.693572998,0.990737736225,431,1.79303395748,0.010282529518,97.1686019897,-0.0534982830286,14.1797657013,0.407606899738,0
1532135192098062448,67.096641632,carbonZ_2018-07-30-16-39-00_3_no_failure,normal,1.37999999523,161.693572998,0.990737736225,431,1.79303395748,0.010282529518,97.1686019897,-0.059605576098,14.2098522186,0.480599224567,0
1532135192123939696,67.12251888,carbonZ_2018-07-30-16-39-00_3_no_failure,normal,1.37999999523,161.693572998,0.990737736225,431,1.79303395748,0.010282529518,97.1686019897,-0.0630932897329,14.2239904404,0.540611624718,0
1532135192223255408,67.221834592,carbonZ_2018-07-30-16-39-00_3_no_failure,normal,1.43999993801,161.117843628,0.979605853558,430,1.79303395748,0.010282529518,97.1686019897,-0.0836452171206,14.3060770035,0.801002025604,0
1532135192278802256,67.27738144,carbonZ_2018-07-30-16-39-00_3_no_failure,normal,1.51999998093,146.680358887,0.957342088223,429,1.79303395748,0.010282529518,97.1686019897,-0.0836452171206,14.3060770035,0.801002025604,0
1532135192293715088,67.292294272,carbonZ_2018-07-30-16-39-00_3_no_failure,normal,1.51999998093,146.680358887,0.957342088223,429,1.79303395748,0.010282529518,97.1686019897,-0.0904265791178,14.3306541443,0.888145029545,0
1532135192349886896,67.34846608,carbonZ_2018-07-30-16-39-00_3_no_failure,normal,1.62000000477,152.082351685,0.946210205555,428,1.79303395748,0.010282529518,97.1686019897,-0.114530034363,14.379324913,1.00613212585,0
1532135192420315984,67.418895168,carbonZ_2018-07-30-16-39-00_3_no_failure,normal,1.62000000477,152.082351685,0.946210205555,428,1.22503685951,-0.85845464468,97.664932251,-0.122631795704,14.4159231186,1.04825174809,0
1532135192450971824,67.449551008,carbonZ_2018-07-30-16-39-00_3_no_failure,normal,1.75,138.594146729,0.92394644022,427,1.22503685951,-0.85845464468,97.664932251,-0.12615531683,14.4620265961,1.10620892048,0
1532135192502106128,67.500685312,carbonZ_2018-07-30-16-39-00_3_no_failure,normal,1.75,138.594146729,0.92394644022,427,1.22503685951,-0.85845464468,97.664932251,-0.127440601587,14.4800510406,1.09765911102,0
1532135192543132272,67.541711456,carbonZ_2018-07-30-16-39-00_3_no_failure,normal,1.87999999523,125.245475769,0.901682674885,426,1.22503685951,-0.85845464468,97.664932251,-0.112744502723,14.5282478333,1.15600812435,0
1532135192612698224,67.611277408,carbonZ_2018-07-30-16-39-00_3_no_failure,normal,1.87999999523,125.245475769,0.901682674885,426,1.22503685951,-0.85845464468,97.664932251,-0.0953167676926,14.5817174911,1.17405927181,0
1532135192689921712,67.688500896,carbonZ_2018-07-30-16-39-00_3_no_failure,normal,2.01999998093,97.0757446289,0.879418849945,425,1.22503685951,-0.85845464468,97.664932251,-0.0520012490451,14.6540603638,1.18323099613,0
1532135192809557264,67.808136448,carbonZ_2018-07-30-16-39-00_3_no_failure,normal,2.15999984741,77.2298812866,0.868286967278,424,0.335120022297,-0.514649629593,96.6718902588,0.0348062776029,14.7648057938,1.12831318378,0
1532135192853915536,67.85249472,carbonZ_2018-07-30-16-39-00_3_no_failure,normal,2.28999996185,55.8364868164,0.868286967278,423,0.335120022297,-0.514649629593,96.6718902588,0.0695835575461,14.8333511353,1.01541686058,0
1532135192896497680,67.895076864,carbonZ_2018-07-30-16-39-00_3_no_failure,normal,2.28999996185,55.8364868164,0.868286967278,423,0.335120022297,-0.514649629593,96.6718902588,0.0883032977581,14.8487730026,0.976393640041,0
1532135192949394928,67.947974112,carbonZ_2018-07-30-16-39-00_3_no_failure,normal,2.40999984741,23.0039596558,0.868286967278,421,0.335120022297,-0.514649629593,96.6718902588,0.115563131869,14.9079999924,0.932117938995,0
1532135193002119664,68.000698848,carbonZ_2018-07-30-16-39-00_3_no_failure,normal,2.40999984741,23.0039596558,0.868286967278,421,0.335120022297,-0.514649629593,96.6718902588,0.1332654953,14.9388904572,0.896434426308,0
1532135193058606672,68.057185856,carbonZ_2018-07-30-16-39-00_3_no_failure,normal,2.51999998093,1.84373855591,0.868286967278,420,0.335120022297,-0.514649629593,96.6718902588,0.150227069855,14.9782066345,0.809815585613,0
1532135193089064976,68.08764416,carbonZ_2018-07-30-16-39-00_3_no_failure,normal,2.51999998093,1.84373855591,0.868286967278,420,0.335120022297,-0.514649629593,96.6718902588,0.155925199389,14.9983778,0.787764966488,0
1532135193142309744,68.140888928,carbonZ_2018-07-30-16-39-00_3_no_failure,normal,2.61999988556,0.40397644043,0.879418849945,419,0.335120022297,-0.514649629593,96.6718902588,0.164241492748,15.0416927338,0.777458786964,0
1532135193222751056,68.22133024,carbonZ_2018-07-30-16-39-00_3_no_failure,normal,2.61999988556,0.40397644043,0.879418849945,419,0.335120022297,-0.514649629593,96.6718902588,0.16285264492,15.0523462296,0.739673733711,0
1532135193277847056,68.27642624,carbonZ_2018-07-30-16-39-00_3_no_failure,normal,2.71000003815,0.436305999756,0.890550732613,418,1.18709409237,0.817197680473,99.094619751,0.157436653972,15.0649833679,0.693207800388,0
1532135193314398928,68.312978112,carbonZ_2018-07-30-16-39-00_3_no_failure,normal,2.71000003815,0.436305999756,0.890550732613,418,1.18709409237,0.817197680473,99.094619751,0.137339517474,15.0860185623,0.602214396,0
1532135193375378256,68.37395744,carbonZ_2018-07-30-16-39-00_3_no_failure,normal,2.78999996185,-13.9274597168,0.901682674885,417,1.18709409237,0.817197680473,99.094619751,0.114911042154,15.0976963043,0.520354032516,0
1532135193401791024,68.400370208,carbonZ_2018-07-30-16-39-00_3_no_failure,normal,2.78999996185,-13.9274597168,0.901682674885,417,1.18709409237,0.817197680473,99.094619751,0.111827582121,15.0935573578,0.48662084341,0
1532135193506547440,68.505126624,carbonZ_2018-07-30-16-39-00_3_no_failure,normal,2.84999990463,-18.5516357422,0.901682674885,416,1.18709409237,0.817197680473,99.094619751,0.0669616162777,15.0887441635,0.359913259745,0
1532135193551806800,68.550385984,carbonZ_2018-07-30-16-39-00_3_no_failure,normal,2.89999985695,-23.1817245483,0.901682674885,415,1.18709409237,0.817197680473,99.094619751,0.0382511392236,15.0860567093,0.278972417116,0
1532135193598512112,68.597091296,carbonZ_2018-07-30-16-39-00_3_no_failure,normal,2.89999985695,-23.1817245483,0.901682674885,415,3.47068810463,2.78208470345,98.7764587402,0.0277988724411,15.0784826279,0.197685405612,0
1532135193649579536,68.64815872,carbonZ_2018-07-30-16-39-00_3_no_failure,normal,2.92999982834,-31.8210601807,0.890550732613,414,3.47068810463,2.78208470345,98.7764587402,0.00734395580366,15.0564556122,0.123230554163,0
1532135193746580144,68.745159328,carbonZ_2018-07-30-16-39-00_3_no_failure,normal,2.95000004768,-29.4078826904,0.879418849945,413,3.47068810463,2.78208470345,98.7764587402,0.00330363004468,15.0303354263,-0.0191505793482,0
1532135193811003600,68.809582784,carbonZ_2018-07-30-16-39-00_3_no_failure,normal,2.95000004768,-29.4078826904,0.879418849945,413,3.47068810463,2.78208470345,98.7764587402,0.0111569892615,15.0157699585,-0.0919649079442,0
1532135193863396848,68.861976032,carbonZ_2018-07-30-16-39-00_3_no_failure,normal,2.9399998188,-38.4536743164,0.868286967278,411,3.47068810463,2.78208470345,98.7764587402,0.0398473739624,14.9739313126,-0.206819742918,0
1532135193902520848,68.901100032,carbonZ_2018-07-30-16-39-00_3_no_failure,normal,2.9399998188,-38.4536743164,0.868286967278,411,3.47068810463,2.78208470345,98.7764587402,0.0454087406397,14.9682922363,-0.237256705761,0
1532135193974304976,68.97288416,carbonZ_2018-07-30-16-39-00_3_no_failure,normal,2.91999983788,-51.6637802124,0.85715508461,410,1.31564128399,4.54760026932,98.0962753296,0.069481998682,14.9334859848,-0.348220407963,0
1532135194012882128,69.011461312,carbonZ_2018-07-30-16-39-00_3_no_failure,normal,2.91999983788,-51.6637802124,0.85715508461,410,1.31564128399,4.54760026932,98.0962753296,0.0751352533698,14.9224081039,-0.385093837976,0
1532135194061473616,69.0600528,carbonZ_2018-07-30-16-39-00_3_no_failure,normal,2.87999987602,-56.0855865479,0.846023201942,409,1.31564128399,4.54760026932,98.0962753296,0.0816794708371,14.8830385208,-0.467701017857,0
1532135194118158384,69.116737568,carbonZ_2018-07-30-16-39-00_3_no_failure,normal,2.87999987602,-56.0855865479,0.846023201942,409,1.31564128399,4.54760026932,98.0962753296,0.0911762416363,14.8447256088,-0.507940590382,0
1532135194154113200,69.152692384,carbonZ_2018-07-30-16-39-00_3_no_failure,normal,2.82999992371,-55.5990219116,0.846023201942,408,1.31564128399,4.54760026932,98.0962753296,0.0944889187813,14.8253927231,-0.503957808018,0
1532135194203596720,69.202175904,carbonZ_2018-07-30-16-39-00_3_no_failure,normal,2.82999992371,-55.5990219116,0.846023201942,408,1.31564128399,4.54760026932,98.0962753296,0.0953728854656,14.7822523117,-0.48239454627,0
1532135194263604560,69.262183744,carbonZ_2018-07-30-16-39-00_3_no_failure,normal,2.77999997139,-43.1186676025,0.846023201942,407,1.31564128399,4.54760026932,98.0962753296,0.0983325242996,14.7271108627,-0.416567564011,0
1532135194309349360,69.307928544,carbonZ_2018-07-30-16-39-00_3_no_failure,normal,2.77999997139,-43.1186676025,0.846023201942,407,1.31564128399,4.54760026932,98.0962753296,0.0983325242996,14.7271108627,-0.416567564011,0
1532135194347808144,69.346387328,carbonZ_2018-07-30-16-39-00_3_no_failure,normal,2.74000000954,-18.7871932983,0.846023201942,406,1.31564128399,4.54760026932,98.0962753296,0.0935929641128,14.6928825378,-0.356431394815,0
1532135194401073328,69.399652512,carbonZ_2018-07-30-16-39-00_3_no_failure,normal,2.74000000954,-18.7871932983,0.846023201942,406,3.38526463509,5.09657239914,99.8696212769,0.0869918689132,14.6626834869,-0.33413657546,0
1532135194448882864,69.447462048,carbonZ_2018-07-30-16-39-00_3_no_failure,normal,2.71000003815,-8.10279846191,0.834891319275,405,3.38526463509,5.09657239914,99.8696212769,0.0670740455389,14.6131763458,-0.33267480135,0
1532135194480114800,69.478693984,carbonZ_2018-07-30-16-39-00_3_no_failure,normal,2.71000003815,-8.10279846191,0.834891319275,405,3.38526463509,5.09657239914,99.8696212769,0.0527258999646,14.6002454758,-0.325531303883,0
1532135194554565168,69.553144352,carbonZ_2018-07-30-16-39-00_3_no_failure,normal,2.66999983788,-6.00185394287,0.834891319275,404,3.38526463509,5.09657239914,99.8696212769,0.0173146426678,14.5393867493,-0.311815142632,0
1532135194569770704,69.568349888,carbonZ_2018-07-30-16-39-00_3_no_failure,normal,2.66999983788,-6.00185394287,0.834891319275,404,3.38526463509,5.09657239914,99.8696212769,0.00471313949674,14.5294027328,-0.306614071131,0
1532135194622718992,69.621298176,carbonZ_2018-07-30-16-39-00_3_no_failure,normal,2.66999983788,-6.00185394287,0.834891319275,404,3.38526463509,5.09657239914,99.8696212769,-0.0353086143732,14.472867012,-0.270067185163,0
1532135194664116176,69.66269536,carbonZ_2018-07-30-16-39-00_3_no_failure,normal,2.64999985695,-5.57842254639,0.81262755394,403,3.38526463509,5.09657239914,99.8696212769,-0.0585679523647,14.440413475,-0.259524464607,0
1532135194734036240,69.732615424,carbonZ_2018-07-30-16-39-00_3_no_failure,normal,2.64999985695,-5.57842254639,0.81262755394,403,3.38526463509,5.09657239914,99.8696212769,-0.105022467673,14.3997468948,-0.217778876424,0
1532135194796206096,69.79478528,carbonZ_2018-07-30-16-39-00_3_no_failure,normal,2.61999988556,14.7372245789,0.801495671272,402,3.38526463509,5.09657239914,99.8696212769,-0.155506998301,14.3585700989,-0.200637221336,0
1532135194863800496,69.86237968,carbonZ_2018-07-30-16-39-00_3_no_failure,normal,2.6099998951,29.0748596191,0.76810002327,401,3.38526463509,5.09657239914,99.8696212769,-0.201137647033,14.3090753555,-0.161811336875,0
1532135194893391152,69.891970336,carbonZ_2018-07-30-16-39-00_3_no_failure,normal,2.6099998951,29.0748596191,0.76810002327,401,7.08763360977,5.48471832275,101.240608215,-0.23094534874,14.2844686508,-0.138135194778,0
1532135194951323056,69.94990224,carbonZ_2018-07-30-16-39-00_3_no_failure,normal,2.6099998951,40.4536247253,0.734704375267,400,7.08763360977,5.48471832275,101.240608215,-0.270905017853,14.2507486343,-0.105712808669,0
1532135194971099664,69.969678848,carbonZ_2018-07-30-16-39-00_3_no_failure,normal,2.6099998951,40.4536247253,0.734704375267,400,7.08763360977,5.48471832275,101.240608215,-0.284599155188,14.2443113327,-0.105780504644,0
1532135195033076080,70.031655264,carbonZ_2018-07-30-16-39-00_3_no_failure,normal,2.6099998951,40.4536247253,0.734704375267,400,7.08763360977,5.48471832275,101.240608215,-0.327746748924,14.2055130005,-0.0512199886143,0
1532135195071334352,70.069913536,carbonZ_2018-07-30-16-39-00_3_no_failure,normal,2.6099998951,44.6939468384,0.690176844597,399,7.08763360977,5.48471832275,101.240608215,-0.357370078564,14.1765146255,-0.0282817017287,0
1532135195114779216,70.1133584,carbonZ_2018-07-30-16-39-00_3_no_failure,normal,2.6099998951,44.6939468384,0.690176844597,399,7.08763360977,5.48471832275,101.240608215,-0.373549848795,14.1734409332,-0.0173615142703,0
1532135195144880112,70.143459296,carbonZ_2018-07-30-16-39-00_3_no_failure,normal,2.6099998951,44.4075584412,0.645649313927,398,7.08763360977,5.48471832275,101.240608215,-0.393830507994,14.1613054276,-0.0170710012317,0
1532135195220731984,70.219311168,carbonZ_2018-07-30-16-39-00_3_no_failure,normal,2.6099998951,44.4075584412,0.645649313927,398,7.08763360977,5.48471832275,101.240608215,-0.426252484322,14.1347093582,0.00211097998545,0
1532135195260252624,70.258831808,carbonZ_2018-07-30-16-39-00_3_no_failure,normal,2.61999988556,35.3991508484,0.589989900589,396,7.08763360977,5.48471832275,101.240608215,-0.444651842117,14.1197443008,-0.00323912757449,0
1532135195390258768,70.388837952,carbonZ_2018-07-30-16-39-00_3_no_failure,normal,2.62999987602,21.6788291931,0.523198544979,395,4.25271701813,4.86866903305,101.561973572,-0.493470579386,14.0953683853,-0.175760179758,0
1532135195474583440,70.473162624,carbonZ_2018-07-30-16-39-00_3_no_failure,normal,2.61999988556,6.187915802,0.467539161444,394,4.25271701813,4.86866903305,101.561973572,-0.511217176914,14.0865774155,-0.267485022545,0
1532135195496652656,70.49523184,carbonZ_2018-07-30-16-39-00_3_no_failure,normal,2.61999988556,6.187915802,0.467539161444,394,4.25271701813,4.86866903305,101.561973572,-0.518249690533,14.083363533,-0.329906195402,0
1532135195567164624,70.565743808,carbonZ_2018-07-30-16-39-00_3_no_failure,normal,2.59999990463,5.01232147217,0.400747835636,393,4.25271701813,4.86866903305,101.561973572,-0.517673552036,14.0758609772,-0.414287686348,0
1532135195622221744,70.620800928,carbonZ_2018-07-30-16-39-00_3_no_failure,normal,2.59999990463,5.01232147217,0.400747835636,393,4.25271701813,4.86866903305,101.561973572,-0.516601324081,14.0704040527,-0.449660569429,0
1532135195651751760,70.650330944,carbonZ_2018-07-30-16-39-00_3_no_failure,normal,2.56999993324,4.98600006104,0.333956539631,392,4.25271701813,4.86866903305,101.561973572,-0.499673008919,14.0586481094,-0.478534728289,0
1532135195711293360,70.709872544,carbonZ_2018-07-30-16-39-00_3_no_failure,normal,2.56999993324,4.98600006104,0.333956539631,392,4.25271701813,4.86866903305,101.561973572,-0.492829173803,14.0556354523,-0.488914132118,0
1532135195744102352,70.742681536,carbonZ_2018-07-30-16-39-00_3_no_failure,normal,2.52999997139,7.7784538269,0.278297126293,391,4.25271701813,4.86866903305,101.561973572,-0.481369048357,14.0548610687,-0.509333789349,0
1532135195803264592,70.801843776,carbonZ_2018-07-30-16-39-00_3_no_failure,normal,2.52999997139,7.7784538269,0.278297126293,391,-0.24957574904,4.83972263336,101.20867157,-0.46733289957,14.0480098724,-0.541674911976,0
1532135195850588720,70.849167904,carbonZ_2018-07-30-16-39-00_3_no_failure,normal,2.49000000954,9.81121063232,0.222637683153,390,-0.24957574904,4.83972263336,101.20867157,-0.428213268518,14.02846241,-0.606693863869,0
1532135195894033104,70.892612288,carbonZ_2018-07-30-16-39-00_3_no_failure,normal,2.49000000954,9.81121063232,0.222637683153,390,-0.24957574904,4.83972263336,101.20867157,-0.424663841724,14.0217981339,-0.611522674561,0
1532135196003503728,71.002082912,carbonZ_2018-07-30-16-39-00_3_no_failure,normal,2.42999982834,20.9961891174,0.166978269815,389,-0.24957574904,4.83972263336,101.20867157,-0.372668892145,13.99751091,-0.635358870029,0
1532135196034802640,71.033381824,carbonZ_2018-07-30-16-39-00_3_no_failure,normal,2.37999987602,36.095905304,0.133582621813,388,-0.24957574904,4.83972263336,101.20867157,-0.347629100084,13.9739694595,-0.639909505844,0
1532135196098196976,71.09677616,carbonZ_2018-07-30-16-39-00_3_no_failure,normal,2.37999987602,36.095905304,0.133582621813,388,-0.24957574904,4.83972263336,101.20867157,-0.306482106447,13.944188118,-0.648248314857,0
1532135196158216720,71.156795904,carbonZ_2018-07-30-16-39-00_3_no_failure,normal,2.31999993324,45.9442138672,0.100186958909,387,-1.73514151573,3.93053102493,100.490081787,-0.296101361513,13.928653717,-0.654977858067,0
1532135196192056784,71.190635968,carbonZ_2018-07-30-16-39-00_3_no_failure,normal,2.31999993324,45.9442138672,0.100186958909,387,-1.73514151573,3.93053102493,100.490081787,-0.271521270275,13.9094572067,-0.66023671627,0
1532135196256632144,71.255211328,carbonZ_2018-07-30-16-39-00_3_no_failure,normal,2.25,53.7263870239,0.0667913109064,386,-1.73514151573,3.93053102493,100.490081787,-0.250300884247,13.8749313354,-0.638861298561,0
1532135196296590736,71.29516992,carbonZ_2018-07-30-16-39-00_3_no_failure,normal,2.25,53.7263870239,0.0667913109064,386,-1.73514151573,3.93053102493,100.490081787,-0.216642811894,13.8463993073,-0.589910209179,0
1532135196381635088,71.380214272,carbonZ_2018-07-30-16-39-00_3_no_failure,normal,2.19000005722,71.6918029785,0.0445275381207,385,-1.73514151573,3.93053102493,100.490081787,-0.192589148879,13.8233270645,-0.490125358105,0
1532135196401224016,71.3998032,carbonZ_2018-07-30-16-39-00_3_no_failure,normal,2.19000005722,71.6918029785,0.0445275381207,385,-1.73514151573,3.93053102493,100.490081787,-0.188166558743,13.8077583313,-0.460837066174,0
1532135196459262896,71.45784208,carbonZ_2018-07-30-16-39-00_3_no_failure,normal,2.13999986649,94.7775878906,0.0222637690604,384,-1.73514151573,3.93053102493,100.490081787,-0.17018160224,13.7683525085,-0.342451661825,0
1532135196498223664,71.496802848,carbonZ_2018-07-30-16-39-00_3_no_failure,normal,2.13999986649,94.7775878906,0.0222637690604,384,-1.73514151573,3.93053102493,100.490081787,-0.152479916811,13.7450666428,-0.253073066473,0
1532135196543927920,71.542507104,carbonZ_2018-07-30-16-39-00_3_no_failure,normal,2.1099998951,117.72795105,0.0111318845302,383,-1.73514151573,3.93053102493,100.490081787,-0.128152519464,13.7261943817,-0.153085380793,0
1532135196577795024,71.576374208,carbonZ_2018-07-30-16-39-00_3_no_failure,normal,2.1099998951,117.72795105,0.0111318845302,383,-0.929839551449,0.849855780602,98.8633575439,-0.115800350904,13.7090101242,-0.0507193058729,0
1532135196658955696,71.65753488,carbonZ_2018-07-30-16-39-00_3_no_failure,normal,2.1099998951,129.27331543,0.0,382,-0.929839551449,0.849855780602,98.8633575439,-0.0817558169365,13.6558160782,0.198517814279,0
1532135196677095056,71.67567424,carbonZ_2018-07-30-16-39-00_3_no_failure,normal,2.1099998951,129.27331543,0.0,382,-0.929839551449,0.849855780602,98.8633575439,-0.0740989223123,13.643819809,0.263415426016,0
1532135196751677808,71.750256992,carbonZ_2018-07-30-16-39-00_3_no_failure,normal,2.13999986649,146.585464478,0.0,381,-0.929839551449,0.849855780602,98.8633575439,-0.0436877049506,13.6081295013,0.555084526539,0
1532135196775932016,71.7745112,carbonZ_2018-07-30-16-39-00_3_no_failure,normal,2.13999986649,146.585464478,0.0,381,-0.929839551449,0.849855780602,98.8633575439,-0.0353707037866,13.6019105911,0.62465852499,0
1532135196834199984,71.832779168,carbonZ_2018-07-30-16-39-00_3_no_failure,normal,2.13999986649,146.585464478,0.0,381,-0.929839551449,0.849855780602,98.8633575439,0.000125389313325,13.5734138489,0.849528074265,0
1532135196897916688,71.896495872,carbonZ_2018-07-30-16-39-00_3_no_failure,normal,2.22000002861,164.605041504,0.0,380,-0.929839551449,0.849855780602,98.8633575439,0.0447974279523,13.5576276779,1.06900656223,0
1532135196938999120,71.937578304,carbonZ_2018-07-30-16-39-00_3_no_failure,normal,2.22000002861,164.605041504,0.0,380,-0.929839551449,0.849855780602,98.8633575439,0.0721049085259,13.5489749908,1.21840846539,0
1532135196965599248,71.964178432,carbonZ_2018-07-30-16-39-00_3_no_failure,normal,2.31999993324,181.872940063,0.0,380,-0.929839551449,0.849855780602,98.8633575439,0.0810376405716,13.546877861,1.28476440907,0
1532135197025228784,72.023807968,carbonZ_2018-07-30-16-39-00_3_no_failure,normal,2.31999993324,181.872940063,0.0,380,-0.929839551449,0.849855780602,98.8633575439,0.102572031319,13.5321426392,1.48662853241,0
1532135197064368528,72.062947712,carbonZ_2018-07-30-16-39-00_3_no_failure,normal,2.47000002861,184.317962646,0.0222637690604,379,-0.719380021095,-5.56463623047,98.3927154541,0.132325083017,13.5257873535,1.69621360302,0
1532135197111902992,72.110482176,carbonZ_2018-07-30-16-39-00_3_no_failure,normal,2.47000002861,184.317962646,0.0222637690604,379,-0.719380021095,-5.56463623047,98.3927154541,0.15985648334,13.5315380096,1.84901046753,0
1532135197180038320,72.178617504,carbonZ_2018-07-30-16-39-00_3_no_failure,normal,2.63999986649,184.841827393,0.0333956554532,378,-0.719380021095,-5.56463623047,98.3927154541,0.196620285511,13.5445318222,2.05816936493,0
1532135197198405872,72.196985056,carbonZ_2018-07-30-16-39-00_3_no_failure,normal,2.63999986649,184.841827393,0.0333956554532,378,-0.719380021095,-5.56463623047,98.3927154541,0.204357653856,13.5453243256,2.1341984272,0
1532135197264103984,72.262683168,carbonZ_2018-07-30-16-39-00_3_no_failure,normal,2.8599998951,184.113021851,0.0556594207883,377,-0.719380021095,-5.56463623047,98.3927154541,0.212031900883,13.5657587051,2.45100355148,0
1532135197307495056,72.30607424,carbonZ_2018-07-30-16-39-00_3_no_failure,normal,2.8599998951,184.113021851,0.0556594207883,377,-0.719380021095,-5.56463623047,98.3927154541,0.212031900883,13.5657587051,2.45100355148,0
1532135197344445264,72.343024448,carbonZ_2018-07-30-16-39-00_3_no_failure,normal,3.09999990463,176.307296753,0.0890550762415,376,-0.719380021095,-5.56463623047,98.3927154541,0.225801676512,13.5984888077,2.63338971138,0
1532135197396861040,72.395440224,carbonZ_2018-07-30-16-39-00_3_no_failure,normal,3.09999990463,176.307296753,0.0890550762415,376,-0.719380021095,-5.56463623047,98.3927154541,0.237287759781,13.6224079132,2.73525547981,0
1532135197445009232,72.443588416,carbonZ_2018-07-30-16-39-00_3_no_failure,normal,3.37999987602,166.885192871,0.111318841577,375,-0.719380021095,-5.56463623047,98.3927154541,0.243153184652,13.6587018967,2.89441347122,0
1532135197502654352,72.501233536,carbonZ_2018-07-30-16-39-00_3_no_failure,normal,3.37999987602,166.885192871,0.111318841577,375,-0.0317116081715,-11.2221260071,101.469413757,0.23248514533,13.6810703278,2.99861454964,0
1532135197547602096,72.54618128,carbonZ_2018-07-30-16-39-00_3_no_failure,normal,3.67999982834,163.371459961,0.14471450448,374,-0.0317116081715,-11.2221260071,101.469413757,0.210586607456,13.7188987732,3.16256403923,0
1532135197621115536,72.61969472,carbonZ_2018-07-30-16-39-00_3_no_failure,normal,3.67999982834,163.371459961,0.14471450448,374,-0.0317116081715,-11.2221260071,101.469413757,0.194488123059,13.768904686,3.28844952583,0
1532135197660721680,72.659300864,carbonZ_2018-07-30-16-39-00_3_no_failure,normal,4.00999975204,146.623703003,0.166978269815,373,-0.0317116081715,-11.2221260071,101.469413757,0.187375158072,13.8108205795,3.35954618454,0
1532135197682413744,72.680992928,carbonZ_2018-07-30-16-39-00_3_no_failure,normal,4.00999975204,146.623703003,0.166978269815,373,-0.0317116081715,-11.2221260071,101.469413757,0.182438924909,13.8330364227,3.39035964012,0
1532135197750619312,72.749198496,carbonZ_2018-07-30-16-39-00_3_no_failure,normal,4.36000013351,130.276489258,0.178110152483,372,-0.0317116081715,-11.2221260071,101.469413757,0.14108890295,13.9263944626,3.51194238663,0
1532135197770738800,72.769317984,carbonZ_2018-07-30-16-39-00_3_no_failure,normal,4.36000013351,130.276489258,0.178110152483,372,-0.0317116081715,-11.2221260071,101.469413757,0.102353364229,13.9665670395,3.56614160538,0
1532135197852988848,72.851568032,carbonZ_2018-07-30-16-39-00_3_no_failure,normal,4.71999979019,113.210968018,0.189242035151,371,-0.0317116081715,-11.2221260071,101.469413757,0.0471986234188,14.0240678787,3.67173361778,0
1532135197891052080,72.889631264,carbonZ_2018-07-30-16-39-00_3_no_failure,normal,4.71999979019,113.210968018,0.189242035151,371,3.5590004921,-14.485490799,102.071655273,0.0197640024126,14.0678110123,3.74919843674,0
1532135197930540432,72.929119616,carbonZ_2018-07-30-16-39-00_3_no_failure,normal,4.71999979019,113.210968018,0.189242035151,371,3.5590004921,-14.485490799,102.071655273,-0.00744060892612,14.109003067,3.82514047623,0
1532135197977057936,72.97563712,carbonZ_2018-07-30-16-39-00_3_no_failure,normal,5.09999990463,97.7465667725,0.189242035151,370,3.5590004921,-14.485490799,102.071655273,-0.0498066954315,14.1490917206,3.91220998764,0
1532135198033937328,73.032516512,carbonZ_2018-07-30-16-39-00_3_no_failure,normal,5.09999990463,97.7465667725,0.189242035151,370,3.5590004921,-14.485490799,102.071655273,-0.113488592207,14.1902618408,4.06960582733,0
1532135198092892944,73.091472128,carbonZ_2018-07-30-16-39-00_3_no_failure,normal,5.5,105.059143066,0.178110152483,369,3.5590004921,-14.485490799,102.071655273,-0.156847596169,14.2465114594,4.2239317894,0
1532135198137264432,73.135843616,carbonZ_2018-07-30-16-39-00_3_no_failure,normal,5.90999984741,104.821205139,0.155846387148,368,3.5590004921,-14.485490799,102.071655273,-0.195644959807,14.2881278992,4.29587078094,0
1532135198200931824,73.199511008,carbonZ_2018-07-30-16-39-00_3_no_failure,normal,5.90999984741,104.821205139,0.155846387148,368,3.5590004921,-14.485490799,102.071655273,-0.250785171986,14.3456945419,4.43281126022,0
1532135198230284784,73.228863968,carbonZ_2018-07-30-16-39-00_3_no_failure,normal,5.90999984741,104.821205139,0.155846387148,368,6.26073074341,-15.6967477798,100.320198059,-0.268643856049,14.3851699829,4.52397680283,0
1532135198271543056,73.27012224,carbonZ_2018-07-30-16-39-00_3_no_failure,normal,6.35999965668,93.3578491211,0.122450731695,367,6.26073074341,-15.6967477798,100.320198059,-0.29739522934,14.4260931015,4.60307693481,0
1532135198344367024,73.342946208,carbonZ_2018-07-30-16-39-00_3_no_failure,normal,6.81999969482,95.0280151367,0.0890550762415,366,6.26073074341,-15.6967477798,100.320198059,-0.333552598953,14.5177640915,4.77230834961,0
1532135198374686896,73.37326608,carbonZ_2018-07-30-16-39-00_3_no_failure,normal,6.81999969482,95.0280151367,0.0890550762415,366,6.26073074341,-15.6967477798,100.320198059,-0.353304028511,14.5742540359,4.81864595413,0
1532135198450362864,73.448942048,carbonZ_2018-07-30-16-39-00_3_no_failure,normal,7.2999997139,67.9809570312,0.0445275381207,365,6.26073074341,-15.6967477798,100.320198059,-0.380826175213,14.6597280502,4.87801647186,0
1532135198469147504,73.467726688,carbonZ_2018-07-30-16-39-00_3_no_failure,normal,7.2999997139,67.9809570312,0.0445275381207,365,6.26073074341,-15.6967477798,100.320198059,-0.383937299252,14.6944580078,4.88780164719,0
1532135198525876848,73.524456032,carbonZ_2018-07-30-16-39-00_3_no_failure,normal,7.2999997139,67.9809570312,0.0445275381207,365,6.26073074341,-15.6967477798,100.320198059,-0.40588799119,14.7994384766,4.89367008209,0
1532135198570229360,73.568808544,carbonZ_2018-07-30-16-39-00_3_no_failure,normal,7.78999996185,41.6551589966,0.0,364,6.26073074341,-15.6967477798,100.320198059,-0.410308003426,14.8708877563,4.9217247963,0
1532135198637192144,73.635771328,carbonZ_2018-07-30-16-39-00_3_no_failure,normal,7.78999996185,41.6551589966,0.0,364,0.488571107388,-16.480463028,100.468162537,-0.412771582603,14.9684972763,4.94399499893,0
1532135198692631728,73.691210912,carbonZ_2018-07-30-16-39-00_3_no_failure,normal,8.27999973297,16.7768478394,-0.0333956554532,363,0.488571107388,-16.480463028,100.468162537,-0.412795990705,15.0721988678,4.97291231155,0
1532135198738588272,73.737167456,carbonZ_2018-07-30-16-39-00_3_no_failure,normal,8.27999973297,16.7768478394,-0.0333956554532,363,0.488571107388,-16.480463028,100.468162537,-0.412762999535,15.1465730667,4.96740674973,0
1532135198820740720,73.819319904,carbonZ_2018-07-30-16-39-00_3_no_failure,normal,8.77999973297,-5.00164031982,-0.077923193574,362,0.488571107388,-16.480463028,100.468162537,-0.412846922874,15.299987793,4.94405174255,0
1532135198835336784,73.833915968,carbonZ_2018-07-30-16-39-00_3_no_failure,normal,8.77999973297,-5.00164031982,-0.077923193574,362,0.488571107388,-16.480463028,100.468162537,-0.413646608591,15.3417921066,4.92243337631,0
1532135198872016880,73.870596064,carbonZ_2018-07-30-16-39-00_3_no_failure,normal,9.26999950409,-27.238368988,-0.122450731695,361,0.488571107388,-16.480463028,100.468162537,-0.42218285799,15.4238443375,4.87525224686,0
1532135198949124464,73.947703648,carbonZ_2018-07-30-16-39-00_3_no_failure,normal,9.73999977112,-55.6838035583,-0.155846387148,360,0.488571107388,-16.480463028,100.468162537,-0.417682260275,15.5924501419,4.79399728775,0
1532135198971462480,73.970041664,carbonZ_2018-07-30-16-39-00_3_no_failure,normal,9.73999977112,-55.6838035583,-0.155846387148,360,0.488571107388,-16.480463028,100.468162537,-0.422240942717,15.6371612549,4.76119804382,0
1532135199030875888,74.029455072,carbonZ_2018-07-30-16-39-00_3_no_failure,normal,9.73999977112,-55.6838035583,-0.155846387148,360,0.488571107388,-16.480463028,100.468162537,-0.41496989131,15.7566728592,4.70076990128,0
1532135199084881392,74.083460576,carbonZ_2018-07-30-16-39-00_3_no_failure,normal,10.2100000381,-75.4157104492,-0.200373917818,359,0.488571107388,-16.480463028,100.468162537,-0.422885030508,15.8234272003,4.67269039154,0
1532135199141195888,74.139775072,carbonZ_2018-07-30-16-39-00_3_no_failure,normal,10.6700000763,-77.2297821045,-0.233769580722,358,-2.80424761772,-15.6916799545,102.920967102,-0.420977383852,15.9169836044,4.68127059937,0
1532135199194201488,74.192780672,carbonZ_2018-07-30-16-39-00_3_no_failure,normal,10.6700000763,-77.2297821045,-0.233769580722,358,-2.80424761772,-15.6916799545,102.920967102,-0.424144744873,16.0020256042,4.69974327087,0
1532135199251173776,74.24975296,carbonZ_2018-07-30-16-39-00_3_no_failure,normal,11.1300001144,-79.7152557373,-0.278297126293,357,-2.80424761772,-15.6916799545,102.920967102,-0.435969442129,16.0914554596,4.66333675385,0
1532135199265229872,74.263809056,carbonZ_2018-07-30-16-39-00_3_no_failure,normal,11.1300001144,-79.7152557373,-0.278297126293,357,-2.80424761772,-15.6916799545,102.920967102,-0.432953417301,16.123456955,4.65949296951,0
1532135199318759728,74.317338912,carbonZ_2018-07-30-16-39-00_3_no_failure,normal,11.5799999237,-82.1270904541,-0.311692774296,356,-2.80424761772,-15.6916799545,102.920967102,-0.443860650063,16.2540206909,4.58790826797,0
1532135199371306512,74.369885696,carbonZ_2018-07-30-16-39-00_3_no_failure,normal,11.5799999237,-82.1270904541,-0.311692774296,356,-2.80424761772,-15.6916799545,102.920967102,-0.443860650063,16.2540206909,4.58790826797,0
1532135199408276048,74.406855232,carbonZ_2018-07-30-16-39-00_3_no_failure,normal,11.5799999237,-82.1270904541,-0.311692774296,356,-2.80424761772,-15.6916799545,102.920967102,-0.446128100157,16.3201942444,4.53976392746,0
1532135199474022288,74.472601472,carbonZ_2018-07-30-16-39-00_3_no_failure,normal,12.029999733,-105.078598022,-0.356220304966,355,-2.80424761772,-15.6916799545,102.920967102,-0.448266118765,16.4162559509,4.50901412964,0
1532135199535747376,74.53432656,carbonZ_2018-07-30-16-39-00_3_no_failure,normal,12.4699993134,-136.075119019,-0.389615952969,354,-0.881806313992,-14.6577377319,101.231468201,-0.451529800892,16.5038280487,4.43015480042,0
1532135199573260304,74.571839488,carbonZ_2018-07-30-16-39-00_3_no_failure,normal,12.4699993134,-136.075119019,-0.389615952969,354,-0.881806313992,-14.6577377319,101.231468201,-0.464199692011,16.566947937,4.35372543335,0
1532135199649998800,74.648577984,carbonZ_2018-07-30-16-39-00_3_no_failure,normal,12.8899993896,-151.054382324,-0.434143483639,353,-0.881806313992,-14.6577377319,101.231468201,-0.473373115063,16.6517791748,4.28459453583,0
1532135199707174896,74.70575408,carbonZ_2018-07-30-16-39-00_3_no_failure,normal,12.8899993896,-151.054382324,-0.434143483639,353,-0.881806313992,-14.6577377319,101.231468201,-0.471556931734,16.7185325623,4.29363012314,0
1532135199775044400,74.773623584,carbonZ_2018-07-30-16-39-00_3_no_failure,normal,13.3099994659,-156.464767456,-0.478671044111,352,-0.881806313992,-14.6577377319,101.231468201,-0.467969089746,16.7525806427,4.3015794754,0
1532135199857263504,74.855842688,carbonZ_2018-07-30-16-39-00_3_no_failure,normal,13.7299995422,-165.646362305,-0.523198544979,351,-0.881806313992,-14.6577377319,101.231468201,-0.461477160454,16.8052806854,4.3055267334,0
1532135199873024144,74.871603328,carbonZ_2018-07-30-16-39-00_3_no_failure,normal,13.7299995422,-165.646362305,-0.523198544979,351,-0.881806313992,-14.6577377319,101.231468201,-0.457484424114,16.8205795288,4.30288171768,0
1532135199945169360,74.943748544,carbonZ_2018-07-30-16-39-00_3_no_failure,normal,14.1499996185,-159.832946777,-0.567726135254,350,1.23014807701,-12.8527421951,99.5391693115,-0.442405492067,16.8836936951,4.27729654312,0
1532135200002103696,75.00068288,carbonZ_2018-07-30-16-39-00_3_no_failure,normal,14.1499996185,-159.832946777,-0.567726135254,350,1.23014807701,-12.8527421951,99.5391693115,-0.429222553968,16.9239711761,4.24056148529,0
1532135200061995536,75.06057472,carbonZ_2018-07-30-16-39-00_3_no_failure,normal,14.5799999237,-170.159332275,-0.601121783257,348,1.23014807701,-12.8527421951,99.5391693115,-0.416421473026,16.9588108063,4.19904136658,0
1532135200093955760,75.092534944,carbonZ_2018-07-30-16-39-00_3_no_failure,normal,14.5799999237,-170.159332275,-0.601121783257,348,1.23014807701,-12.8527421951,99.5391693115,-0.405614942312,16.9910774231,4.14549970627,0
1532135200146132144,75.144711328,carbonZ_2018-07-30-16-39-00_3_no_failure,normal,14.9899997711,-197.632125854,-0.634517431259,347,1.23014807701,-12.8527421951,99.5391693115,-0.389106780291,17.0513916016,4.03536653519,0
1532135200220276528,75.218855712,carbonZ_2018-07-30-16-39-00_3_no_failure,normal,14.9899997711,-197.632125854,-0.634517431259,347,-1.72919261456,-11.4531364441,100.78502655,-0.361576020718,17.0997447968,3.94448947906,0
1532135200268135152,75.266714336,carbonZ_2018-07-30-16-39-00_3_no_failure,normal,15.3899993896,-219.067092896,-0.667913079262,346,-1.72919261456,-11.4531364441,100.78502655,-0.341874778271,17.1428413391,3.85161852837,0
1532135200336072784,75.334651968,carbonZ_2018-07-30-16-39-00_3_no_failure,normal,15.3899993896,-219.067092896,-0.667913079262,346,-1.72919261456,-11.4531364441,100.78502655,-0.329606056213,17.1856861115,3.74246740341,0
1532135200374206544,75.372785728,carbonZ_2018-07-30-16-39-00_3_no_failure,normal,15.779999733,-223.646362305,-0.690176844597,345,-1.72919261456,-11.4531364441,100.78502655,-0.31486582756,17.218744278,3.69007301331,0
1532135200392021520,75.390600704,carbonZ_2018-07-30-16-39-00_3_no_failure,normal,15.779999733,-223.646362305,-0.690176844597,345,-1.72919261456,-11.4531364441,100.78502655,-0.313773155212,17.2280254364,3.64835691452,0
1532135200487582672,75.486161856,carbonZ_2018-07-30-16-39-00_3_no_failure,normal,16.1399993896,-233.204467773,-0.712440609932,344,-1.72919261456,-11.4531364441,100.78502655,-0.295258969069,17.2754707336,3.51669859886,0
1532135200550285680,75.548864864,carbonZ_2018-07-30-16-39-00_3_no_failure,normal,16.4899997711,-228.008087158,-0.734704375267,343,-1.61934888363,-10.0819234848,101.890602112,-0.276139944792,17.3041000366,3.47203063965,0
1532135200601383600,75.599962784,carbonZ_2018-07-30-16-39-00_3_no_failure,normal,16.4899997711,-228.008087158,-0.734704375267,343,-1.61934888363,-10.0819234848,101.890602112,-0.271798431873,17.3165664673,3.4199590683,0
1532135200646961840,75.645541024,carbonZ_2018-07-30-16-39-00_3_no_failure,normal,16.8199996948,-232.147125244,-0.756968140602,342,-1.61934888363,-10.0819234848,101.890602112,-0.257174193859,17.3336334229,3.36874771118,0
1532135200698399152,75.696978336,carbonZ_2018-07-30-16-39-00_3_no_failure,normal,16.8199996948,-232.147125244,-0.756968140602,342,-1.61934888363,-10.0819234848,101.890602112,-0.243511155248,17.3418312073,3.35816144943,0
1532135200741373808,75.739952992,carbonZ_2018-07-30-16-39-00_3_no_failure,normal,17.1599998474,-218.819717407,-0.779231905937,341,-1.61934888363,-10.0819234848,101.890602112,-0.220238402486,17.36951828,3.29152560234,0
1532135200832380016,75.8309592,carbonZ_2018-07-30-16-39-00_3_no_failure,normal,17.4899997711,-233.628845215,-0.801495671272,340,-1.61934888363,-10.0819234848,101.890602112,-0.199813440442,17.3874034882,3.19489312172,0
1532135200875316400,75.873895584,carbonZ_2018-07-30-16-39-00_3_no_failure,normal,17.4899997711,-233.628845215,-0.801495671272,340,-1.61934888363,-10.0819234848,101.890602112,-0.192075431347,17.3934631348,3.16306757927,0
1532135200894167856,75.89274704,carbonZ_2018-07-30-16-39-00_3_no_failure,normal,17.4899997711,-233.628845215,-0.801495671272,340,-1.61934888363,-10.0819234848,101.890602112,-0.164778396487,17.4144020081,3.08732032776,0
1532135200954176624,75.952755808,carbonZ_2018-07-30-16-39-00_3_no_failure,normal,17.7999992371,-231.052780151,-0.823759436607,339,-2.95295977592,-9.10684204102,100.788375854,-0.146123200655,17.4263648987,3.04809045792,0
1532135201036062416,76.0346416,carbonZ_2018-07-30-16-39-00_3_no_failure,normal,18.1000003815,-231.474121094,-0.834891319275,338,-2.95295977592,-9.10684204102,100.788375854,-0.0953638628125,17.4565391541,2.91554546356,0
1532135201095474928,76.094054112,carbonZ_2018-07-30-16-39-00_3_no_failure,normal,18.1000003815,-231.474121094,-0.834891319275,338,-2.95295977592,-9.10684204102,100.788375854,-0.0710306018591,17.4706707001,2.83747911453,0
1532135201145618000,76.144197184,carbonZ_2018-07-30-16-39-00_3_no_failure,normal,18.3899993896,-238.265991211,-0.846023201942,337,-2.95295977592,-9.10684204102,100.788375854,-0.0426509156823,17.4822635651,2.82221198082,0
1532135201199177584,76.197756768,carbonZ_2018-07-30-16-39-00_3_no_failure,normal,18.3899993896,-238.265991211,-0.846023201942,337,-2.95295977592,-9.10684204102,100.788375854,0.00564517918974,17.4988803864,2.72080373764,0
1532135201261126032,76.259705216,carbonZ_2018-07-30-16-39-00_3_no_failure,normal,18.6700000763,-245.997802734,-0.846023201942,336,-2.95295977592,-9.10684204102,100.788375854,0.031150886789,17.5115299225,2.64117622375,0
1532135201303573776,76.30215296,carbonZ_2018-07-30-16-39-00_3_no_failure,normal,18.6700000763,-245.997802734,-0.846023201942,336,-2.95295977592,-9.10684204102,100.788375854,0.0701532810926,17.5233688354,2.58914923668,0
1532135201370590640,76.369169824,carbonZ_2018-07-30-16-39-00_3_no_failure,normal,18.9399986267,-260.39352417,-0.846023201942,335,-2.95295977592,-9.10684204102,100.788375854,0.121105663478,17.5420532227,2.52926802635,0
1532135201391664816,76.390244,carbonZ_2018-07-30-16-39-00_3_no_failure,normal,18.9399986267,-260.39352417,-0.846023201942,335,-2.95295977592,-9.10684204102,100.788375854,0.139633104205,17.5368900299,2.53611159325,0
1532135201459850960,76.458430144,carbonZ_2018-07-30-16-39-00_3_no_failure,normal,19.1999988556,-240.507507324,-0.823759436607,334,-3.16850352287,-8.83519935608,98.3133544922,0.187145963311,17.5305213928,2.55771064758,0
1532135201575595728,76.574174912,carbonZ_2018-07-30-16-39-00_3_no_failure,normal,19.4599990845,-239.50100708,-0.801495671272,332,-3.16850352287,-8.83519935608,98.3133544922,0.290274202824,17.5394420624,2.51837682724,0
1532135201637946224,76.636525408,carbonZ_2018-07-30-16-39-00_3_no_failure,normal,19.4599990845,-239.50100708,-0.801495671272,332,-3.16850352287,-8.83519935608,98.3133544922,0.364255905151,17.5335731506,2.4727730751,0
1532135201686663152,76.685242336,carbonZ_2018-07-30-16-39-00_3_no_failure,normal,19.7099990845,-243.968582153,-0.756968140602,332,-3.16850352287,-8.83519935608,98.3133544922,0.410118192434,17.5382442474,2.46575713158,0
1532135201696037296,76.69461648,carbonZ_2018-07-30-16-39-00_3_no_failure,normal,19.7099990845,-243.968582153,-0.756968140602,332,-3.16850352287,-8.83519935608,98.3133544922,0.410118192434,17.5382442474,2.46575713158,0
1532135201744316464,76.742895648,carbonZ_2018-07-30-16-39-00_3_no_failure,normal,19.9699993134,-247.440917969,-0.701308727264,331,-3.16850352287,-8.83519935608,98.3133544922,0.448194891214,17.5408382416,2.4208240509,0
1532135201802090960,76.800670144,carbonZ_2018-07-30-16-39-00_3_no_failure,normal,19.9699993134,-247.440917969,-0.701308727264,331,-3.16850352287,-8.83519935608,98.3133544922,0.478969156742,17.5445804596,2.40667176247,0
1532135201847591280,76.846170464,carbonZ_2018-07-30-16-39-00_3_no_failure,normal,20.2099990845,-237.620925903,-0.645649313927,330,-3.16850352287,-8.83519935608,98.3133544922,0.501725375652,17.5313949585,2.40720582008,0
1532135201900094768,76.898673952,carbonZ_2018-07-30-16-39-00_3_no_failure,normal,20.2099990845,-237.620925903,-0.645649313927,330,-3.16850352287,-8.83519935608,98.3133544922,0.51887512207,17.5280666351,2.43968844414,0
1532135201935818768,76.934397952,carbonZ_2018-07-30-16-39-00_3_no_failure,normal,20.2099990845,-237.620925903,-0.645649313927,330,-0.727038919926,-8.81702232361,98.9737930298,0.522703945637,17.5186538696,2.45782732964,0
1532135201994819792,76.993398976,carbonZ_2018-07-30-16-39-00_3_no_failure,normal,20.4599990845,-216.689483643,-0.589989900589,329,-0.727038919926,-8.81702232361,98.9737930298,0.535348773003,17.5244140625,2.44055509567,0
1532135202059138288,77.057717472,carbonZ_2018-07-30-16-39-00_3_no_failure,normal,20.7099990845,-217.94909668,-0.523198544979,328,-0.727038919926,-8.81702232361,98.9737930298,0.52837485075,17.5308437347,2.3739798069,0
1532135202082687120,77.081266304,carbonZ_2018-07-30-16-39-00_3_no_failure,normal,20.7099990845,-217.94909668,-0.523198544979,328,-0.727038919926,-8.81702232361,98.9737930298,0.513766765594,17.5338001251,2.32926774025,0
1532135202135384720,77.133963904,carbonZ_2018-07-30-16-39-00_3_no_failure,normal,20.7099990845,-217.94909668,-0.523198544979,328,-0.727038919926,-8.81702232361,98.9737930298,0.503773093224,17.5354747772,2.31318473816,0
1532135202178495536,77.17707472,carbonZ_2018-07-30-16-39-00_3_no_failure,normal,20.9499988556,-216.156387329,-0.467539161444,327,-0.727038919926,-8.81702232361,98.9737930298,0.491020411253,17.5424957275,2.30089879036,0
1532135202241165136,77.23974432,carbonZ_2018-07-30-16-39-00_3_no_failure,normal,20.9499988556,-216.156387329,-0.467539161444,327,2.51382851601,-9.08849143982,99.0869216919,0.470593571663,17.5336151123,2.31136441231,0
1532135202266205680,77.264784864,carbonZ_2018-07-30-16-39-00_3_no_failure,normal,21.1899986267,-198.22064209,-0.423011600971,326,2.51382851601,-9.08849143982,99.0869216919,0.449174046516,17.5298633575,2.31797337532,0
1532135202332787216,77.3313664,carbonZ_2018-07-30-16-39-00_3_no_failure,normal,21.1899986267,-198.22064209,-0.423011600971,326,2.51382851601,-9.08849143982,99.0869216919,0.435158073902,17.5290584564,2.35026597977,0
1532135202369731376,77.36831056,carbonZ_2018-07-30-16-39-00_3_no_failure,normal,21.4300003052,-188.777923584,-0.378484070301,325,2.51382851601,-9.08849143982,99.0869216919,0.412636041641,17.5283184052,2.36634159088,0
1532135202437017200,77.435596384,carbonZ_2018-07-30-16-39-00_3_no_failure,normal,21.4300003052,-188.777923584,-0.378484070301,325,2.51382851601,-9.08849143982,99.0869216919,0.406506597996,17.5181388855,2.43303823471,0
1532135202460953360,77.459532544,carbonZ_2018-07-30-16-39-00_3_no_failure,normal,21.6700000763,-177.356903076,-0.333956539631,324,2.51382851601,-9.08849143982,99.0869216919,0.399836659431,17.5097503662,2.48902344704,0
1532135202541046416,77.5396256,carbonZ_2018-07-30-16-39-00_3_no_failure,normal,21.9300003052,-160.631561279,-0.300560891628,323,2.51382851601,-9.08849143982,99.0869216919,0.4045612216,17.4996376038,2.6805639267,0
1532135202601765200,77.600344384,carbonZ_2018-07-30-16-39-00_3_no_failure,normal,21.9300003052,-160.631561279,-0.300560891628,323,2.51382851601,-9.08849143982,99.0869216919,0.4045612216,17.4996376038,2.6805639267,0
1532135202631420560,77.629999744,carbonZ_2018-07-30-16-39-00_3_no_failure,normal,21.9300003052,-160.631561279,-0.300560891628,323,0.97047662735,-10.6902809143,98.2596435547,0.405794203281,17.4777679443,2.81368207932,0
1532135202669517872,77.668097056,carbonZ_2018-07-30-16-39-00_3_no_failure,normal,22.1999988556,-145.53604126,-0.256033331156,322,0.97047662735,-10.6902809143,98.2596435547,0.405794203281,17.4777679443,2.81368207932,0
1532135202730082096,77.72866128,carbonZ_2018-07-30-16-39-00_3_no_failure,normal,22.1999988556,-145.53604126,-0.256033331156,322,0.97047662735,-10.6902809143,98.2596435547,0.419348299503,17.4463558197,3.06418347359,0
1532135202763515696,77.76209488,carbonZ_2018-07-30-16-39-00_3_no_failure,normal,22.5,-144.979278564,-0.211505800486,321,0.97047662735,-10.6902809143,98.2596435547,0.419348299503,17.4463558197,3.06418347359,0
1532135202850466896,77.84904608,carbonZ_2018-07-30-16-39-00_3_no_failure,normal,22.8199996948,-153.52897644,-0.166978269815,320,0.97047662735,-10.6902809143,98.2596435547,0.428673386574,17.4269485474,3.31707644463,0
1532135202880796080,77.879375264,carbonZ_2018-07-30-16-39-00_3_no_failure,normal,22.8199996948,-153.52897644,-0.166978269815,320,0.97047662735,-10.6902809143,98.2596435547,0.425294518471,17.4259052277,3.34981441498,0
1532135202924419248,77.922998432,carbonZ_2018-07-30-16-39-00_3_no_failure,normal,22.8199996948,-153.52897644,-0.166978269815,320,0.97047662735,-10.6902809143,98.2596435547,0.431854039431,17.4157047272,3.49324202538,0
1532135202987043952,77.985623136,carbonZ_2018-07-30-16-39-00_3_no_failure,normal,23.1700000763,-159.827423096,-0.122450731695,319,0.978482842445,-12.4664573669,98.2967605591,0.429688364267,17.4062957764,3.62099671364,0
1532135203037032464,78.035611648,carbonZ_2018-07-30-16-39-00_3_no_failure,normal,23.1700000763,-159.827423096,-0.122450731695,319,0.978482842445,-12.4664573669,98.2967605591,0.44737097621,17.3741931915,3.88460826874,0
1532135203085207408,78.083786592,carbonZ_2018-07-30-16-39-00_3_no_failure,normal,23.5499992371,-138.43460083,-0.077923193574,318,0.978482842445,-12.4664573669,98.2967605591,0.441788822412,17.3610134125,4.05347681046,0
1532135203135523824,78.134103008,carbonZ_2018-07-30-16-39-00_3_no_failure,normal,23.9599990845,-138.423919678,-0.0333956554532,318,0.978482842445,-12.4664573669,98.2967605591,0.431330561638,17.3677024841,4.11299371719,0
1532135203175516816,78.174096,carbonZ_2018-07-30-16-39-00_3_no_failure,normal,23.9599990845,-138.423919678,-0.0333956554532,318,0.978482842445,-12.4664573669,98.2967605591,0.420815825462,17.3711605072,4.18609666824,0
1532135203236070128,78.234649312,carbonZ_2018-07-30-16-39-00_3_no_failure,normal,23.9599990845,-138.423919678,-0.0333956554532,318,0.978482842445,-12.4664573669,98.2967605591,0.405713051558,17.3687801361,4.31886053085,0
1532135203275463056,78.27404224,carbonZ_2018-07-30-16-39-00_3_no_failure,normal,24.3999996185,-137.313461304,0.0222637690604,317,0.978482842445,-12.4664573669,98.2967605591,0.400876492262,17.367269516,4.42111444473,0
1532135203346332496,78.34491168,carbonZ_2018-07-30-16-39-00_3_no_failure,normal,24.859998703,-145.001037598,0.0667913109064,316,0.978482842445,-12.4664573669,98.2967605591,0.371313542128,17.3773269653,4.56609630585,0
1532135203438882064,78.437461248,carbonZ_2018-07-30-16-39-00_3_no_failure,normal,24.859998703,-145.001037598,0.0667913109064,316,2.83019328117,-14.3472509384,99.0810470581,0.336706578732,17.3952789307,4.68051719666,0
1532135203492974576,78.49155376,carbonZ_2018-07-30-16-39-00_3_no_failure,normal,25.3400001526,-160.872650146,0.111318841577,315,2.83019328117,-14.3472509384,99.0810470581,0.310770452023,17.4153785706,4.77068519592,0
1532135203541476592,78.540055776,carbonZ_2018-07-30-16-39-00_3_no_failure,normal,25.8299999237,-168.382080078,0.14471450448,314,2.83019328117,-14.3472509384,99.0810470581,0.269997596741,17.4579925537,4.85428667068,0
1532135203597100048,78.595679232,carbonZ_2018-07-30-16-39-00_3_no_failure,normal,25.8299999237,-168.382080078,0.14471450448,314,2.83019328117,-14.3472509384,99.0810470581,0.269997596741,17.4579925537,4.85428667068,0
1532135203631031024,78.629610208,carbonZ_2018-07-30-16-39-00_3_no_failure,normal,25.8299999237,-168.382080078,0.14471450448,314,2.83019328117,-14.3472509384,99.0810470581,0.235937058926,17.4855365753,4.91522407532,0
1532135203688319728,78.686898912,carbonZ_2018-07-30-16-39-00_3_no_failure,normal,26.3299999237,-179.384613037,0.178110152483,313,2.83019328117,-14.3472509384,99.0810470581,0.192201942205,17.517370224,4.96286344528,0
1532135203721064880,78.719644064,carbonZ_2018-07-30-16-39-00_3_no_failure,normal,26.8400001526,-185.703277588,0.178110152483,312,2.83019328117,-14.3472509384,99.0810470581,0.163636416197,17.5525169373,5.03893756866,0
1532135203768033872,78.766613056,carbonZ_2018-07-30-16-39-00_3_no_failure,normal,26.8400001526,-185.703277588,0.178110152483,312,2.83019328117,-14.3472509384,99.0810470581,0.146627157927,17.5635261536,5.0619597435,0
1532135203867281200,78.865860384,carbonZ_2018-07-30-16-39-00_3_no_failure,normal,27.3499984741,-185.890014648,0.178110152483,312,2.83019328117,-14.3472509384,99.0810470581,0.102510206401,17.596830368,5.19224500656,0
1532135203877734160,78.876313344,carbonZ_2018-07-30-16-39-00_3_no_failure,normal,27.3499984741,-185.890014648,0.178110152483,312,4.3692111969,-15.6560192108,98.6422424316,0.102510206401,17.596830368,5.19224500656,0
1532135203919095760,78.917674944,carbonZ_2018-07-30-16-39-00_3_no_failure,normal,27.3499984741,-185.890014648,0.178110152483,312,4.3692111969,-15.6560192108,98.6422424316,0.0774883180857,17.6149082184,5.25056838989,0
1532135204002531984,79.001111168,carbonZ_2018-07-30-16-39-00_3_no_failure,normal,27.8699989319,-181.956665039,0.178110152483,311,4.3692111969,-15.6560192108,98.6422424316,-1.9678263925e-05,17.7329120636,5.2762966156,0
