timestamp_ns,time_sec,flight_id,fault_type,alt_error,aspd_error,xtrack_error,wp_dist,nav_roll,nav_pitch,nav_yaw,nav_x,nav_y,nav_z,label_anomaly
1536693177176853208,0.0,carbonZ_2018-09-11-15-05-11_2_no_failure,normal,-0.669999957085,-631.273864746,-28.551651001,15,26.381855011,0.0942793413997,-81.2312850952,1.57953584194,-19.5980625153,-0.46372410655,0
1536693177214812632,0.037959424,carbonZ_2018-09-11-15-05-11_2_no_failure,normal,-0.75,-603.528381348,-26.6027736664,17,26.381855011,0.0942793413997,-81.2312850952,1.70917952061,-19.5293159485,-0.380111247301,0
1536693177256060568,0.07920736,carbonZ_2018-09-11-15-05-11_2_no_failure,normal,-0.75,-603.528381348,-26.6027736664,17,26.381855011,0.0942793413997,-81.2312850952,1.85399210453,-19.4543151855,-0.313758164644,0
1536693177354459128,0.17760592,carbonZ_2018-09-11-15-05-11_2_no_failure,normal,-0.829999983311,-603.528381348,-24.6514549255,19,26.381855011,0.0942793413997,-81.2312850952,2.14949202538,-19.3064460754,-0.161024272442,0
1536693177354491576,0.177638368,carbonZ_2018-09-11-15-05-11_2_no_failure,normal,-0.829999983311,-603.528381348,-24.6514549255,19,26.381855011,0.0942793413997,-81.2312850952,2.14949202538,-19.3064460754,-0.161024272442,0
1536693177404145272,0.227292064,carbonZ_2018-09-11-15-05-11_2_no_failure,normal,-0.879999995232,-576.569152832,-95.994102478,21,26.381855011,0.0942793413997,-81.2312850952,2.55935811996,-19.1150588989,0.0220452547073,0
1536693177447111864,0.270258656,carbonZ_2018-09-11-15-05-11_2_no_failure,normal,-0.879999995232,-576.569152832,-95.994102478,21,34.8045387268,-0.87172305584,-78.5243988037,2.64454078674,-19.0773849487,0.0630563721061,0
1536693177533410168,0.35655696,carbonZ_2018-09-11-15-05-11_2_no_failure,normal,-0.919999957085,-476.56918335,-94.0921401978,23,34.8045387268,-0.87172305584,-78.5243988037,2.99926400185,-18.9144706726,0.214572384953,0
1536693177557112408,0.3802592,carbonZ_2018-09-11-15-05-11_2_no_failure,normal,-0.919999957085,-476.56918335,-94.0921401978,23,34.8045387268,-0.87172305584,-78.5243988037,3.08979988098,-18.8782329559,0.253789871931,0
1536693177618471768,0.44161856,carbonZ_2018-09-11-15-05-11_2_no_failure,normal,-0.949999988079,-447.592926025,-92.2155456543,25,34.8045387268,-0.87172305584,-78.5243988037,3.37509393692,-18.7499351501,0.357084840536,0
1536693177648127608,0.4712744,carbonZ_2018-09-11-15-05-11_2_no_failure,normal,-0.949999988079,-447.592926025,-92.2155456543,25,34.8045387268,-0.87172305584,-78.5243988037,3.55688810349,-18.6714687347,0.441091537476,0
1536693177731028984,0.554175776,carbonZ_2018-09-11-15-05-11_2_no_failure,normal,-0.959999978542,-447.592926025,-90.3558502197,27,34.8045387268,-0.87172305584,-78.5243988037,3.92390632629,-18.5092658997,0.616871654987,0
1536693177748151608,0.5712984,carbonZ_2018-09-11-15-05-11_2_no_failure,normal,-0.959999978542,-447.592926025,-90.3558502197,27,34.8045387268,-0.87172305584,-78.5243988037,4.02996826172,-18.4607830048,0.645132482052,0
1536693177816859096,0.640005888,carbonZ_2018-09-11-15-05-11_2_no_failure,normal,-0.939999997616,-423.958770752,-88.5299606323,29,38.7606620789,-2.01164031029,-73.3731842041,4.45809698105,-18.2868061066,0.74644190073,0
1536693177862280504,0.685427296,carbonZ_2018-09-11-15-05-11_2_no_failure,normal,-0.939999997616,-423.958770752,-88.5299606323,29,38.7606620789,-2.01164031029,-73.3731842041,4.69952774048,-18.1899833679,0.764764010906,0
1536693177895860024,0.719006816,carbonZ_2018-09-11-15-05-11_2_no_failure,normal,-0.939999997616,-423.958770752,-88.5299606323,29,38.7606620789,-2.01164031029,-73.3731842041,4.94753456116,-18.0905780792,0.772884130478,0
1536693177941448056,0.764594848,carbonZ_2018-09-11-15-05-11_2_no_failure,normal,-0.919999957085,-423.958770752,-86.7209701538,30,38.7606620789,-2.01164031029,-73.3731842041,5.20650482178,-17.9848003387,0.767740786076,0
1536693178000753432,0.823900224,carbonZ_2018-09-11-15-05-11_2_no_failure,normal,-0.889999985695,-397.300354004,-84.9373550415,32,38.7606620789,-2.01164031029,-73.3731842041,5.61598730087,-17.819026947,0.732260763645,0
1536693178057085528,0.88023232,carbonZ_2018-09-11-15-05-11_2_no_failure,normal,-0.889999985695,-397.300354004,-84.9373550415,32,38.7606620789,-2.01164031029,-73.3731842041,5.89225912094,-17.7055397034,0.699958443642,0
1536693178136935160,0.960081952,carbonZ_2018-09-11-15-05-11_2_no_failure,normal,-0.870000004768,-397.300354004,-83.1875152588,34,38.7606620789,-2.01164031029,-73.3731842041,6.43133497238,-17.4733448029,0.656091988087,0
1536693178156968952,0.980115744,carbonZ_2018-09-11-15-05-11_2_no_failure,normal,-0.870000004768,-397.300354004,-83.1875152588,34,38.7606620789,-2.01164031029,-73.3731842041,6.56806087494,-17.4110469818,0.640570163727,0
1536693178214291128,1.03743792,carbonZ_2018-09-11-15-05-11_2_no_failure,normal,-0.849999964237,-353.880310059,-81.4799804688,36,38.8366165161,-1.43255198002,-66.0845108032,6.96806907654,-17.2240028381,0.593670785427,0
1536693178281306360,1.104453152,carbonZ_2018-09-11-15-05-11_2_no_failure,normal,-0.849999964237,-353.880310059,-81.4799804688,36,38.8366165161,-1.43255198002,-66.0845108032,7.50408172607,-16.9629878998,0.492547631264,0
1536693178344813880,1.167960672,carbonZ_2018-09-11-15-05-11_2_no_failure,normal,-0.839999973774,-353.880310059,-79.789352417,38,38.8366165161,-1.43255198002,-66.0845108032,7.8896484375,-16.757314682,0.415920346975,0
1536693178423241048,1.24638784,carbonZ_2018-09-11-15-05-11_2_no_failure,normal,-0.839999973774,-353.121948242,-78.1578903198,39,38.8366165161,-1.43255198002,-66.0845108032,8.35194206238,-16.4861927032,0.35780030489,0
1536693178457490488,1.28063728,carbonZ_2018-09-11-15-05-11_2_no_failure,normal,-0.839999973774,-353.121948242,-78.1578903198,39,38.8366165161,-1.43255198002,-66.0845108032,8.45815944672,-16.4234371185,0.353348970413,0
1536693178494899288,1.31804608,carbonZ_2018-09-11-15-05-11_2_no_failure,normal,-0.839999973774,-353.121948242,-78.1578903198,39,38.8366165161,-1.43255198002,-66.0845108032,8.75792980194,-16.2409515381,0.353188127279,0
1536693178539733336,1.362880128,carbonZ_2018-09-11-15-05-11_2_no_failure,normal,-0.839999973774,-353.121948242,-76.5517959595,41,38.8366165161,-1.43255198002,-66.0845108032,8.85375595093,-16.1813240051,0.354287087917,0
1536693178613444920,1.436591712,carbonZ_2018-09-11-15-05-11_2_no_failure,normal,-0.849999964237,-349.848754883,-74.9794845581,43,36.7608680725,-1.38169896603,-60.5728988647,9.2173500061,-15.9340305328,0.363684415817,0
1536693178642649144,1.465795936,carbonZ_2018-09-11-15-05-11_2_no_failure,normal,-0.849999964237,-349.848754883,-74.9794845581,43,36.7608680725,-1.38169896603,-60.5728988647,9.38923168182,-15.8128242493,0.377679854631,0
1536693178679422040,1.502568832,carbonZ_2018-09-11-15-05-11_2_no_failure,normal,-0.849999964237,-349.848754883,-74.9794845581,43,36.7608680725,-1.38169896603,-60.5728988647,9.6427154541,-15.6290693283,0.387697309256,0
1536693178733278136,1.556424928,carbonZ_2018-09-11-15-05-11_2_no_failure,normal,-0.8599999547,-349.848754883,-73.4410095215,45,36.7608680725,-1.38169896603,-60.5728988647,9.72507190704,-15.5638456345,0.388772189617,0
1536693178776948472,1.600095264,carbonZ_2018-09-11-15-05-11_2_no_failure,normal,-0.8599999547,-349.848754883,-73.4410095215,45,36.7608680725,-1.38169896603,-60.5728988647,9.97512054443,-15.3653850555,0.381151229143,0
1536693178839462232,1.662609024,carbonZ_2018-09-11-15-05-11_2_no_failure,normal,-0.870000004768,-340.234954834,-71.936340332,46,36.7608680725,-1.38169896603,-60.5728988647,10.2205200195,-15.1664161682,0.378348976374,0
1536693178884866520,1.708013312,carbonZ_2018-09-11-15-05-11_2_no_failure,normal,-0.870000004768,-340.234954834,-71.936340332,46,36.7608680725,-1.38169896603,-60.5728988647,10.3779687881,-15.0383443832,0.383516430855,0
1536693178922490680,1.745637472,carbonZ_2018-09-11-15-05-11_2_no_failure,normal,-0.870000004768,-340.234954834,-70.4485855103,48,36.7608680725,-1.38169896603,-60.5728988647,10.5240049362,-14.9157543182,0.398253411055,0
1536693178981856568,1.80500336,carbonZ_2018-09-11-15-05-11_2_no_failure,normal,-0.870000004768,-340.234954834,-70.4485855103,48,36.7608680725,-1.38169896603,-60.5728988647,10.7226028442,-14.7263269424,0.418945461512,0
1536693179018424728,1.84157152,carbonZ_2018-09-11-15-05-11_2_no_failure,normal,-0.870000004768,-331.143768311,-69.0200042725,50,36.7608680725,-1.38169896603,-60.5728988647,10.8563508987,-14.6003742218,0.423651069403,0
1536693179077363320,1.900510112,carbonZ_2018-09-11-15-05-11_2_no_failure,normal,-0.870000004768,-331.143768311,-69.0200042725,50,29.9377059937,-2.29748988152,-51.447719574,11.0507059097,-14.4168281555,0.435347706079,0
1536693179128435960,1.951582752,carbonZ_2018-09-11-15-05-11_2_no_failure,normal,-0.870000004768,-331.143768311,-67.5829162598,51,29.9377059937,-2.29748988152,-51.447719574,11.1676940918,-14.2946548462,0.451141268015,0
1536693179203342424,2.026489216,carbonZ_2018-09-11-15-05-11_2_no_failure,normal,-0.870000004768,-331.143768311,-67.5829162598,51,29.9377059937,-2.29748988152,-51.447719574,11.3821802139,-14.060505867,0.464353352785,0
1536693179233368472,2.056515264,carbonZ_2018-09-11-15-05-11_2_no_failure,normal,-0.870000004768,-339.72644043,-66.2050476074,53,29.9377059937,-2.29748988152,-51.447719574,11.5047273636,-13.9324092865,0.441068142653,0
1536693179286806680,2.109953472,carbonZ_2018-09-11-15-05-11_2_no_failure,normal,-0.870000004768,-339.72644043,-66.2050476074,53,29.9377059937,-2.29748988152,-51.447719574,11.6264724731,-13.8060436249,0.391852855682,0
1536693179367136600,2.190283392,carbonZ_2018-09-11-15-05-11_2_no_failure,normal,-0.8599999547,-339.72644043,-64.8271865845,54,29.9377059937,-2.29748988152,-51.447719574,11.8684558868,-13.5270738602,0.227158024907,0
1536693179411037080,2.234183872,carbonZ_2018-09-11-15-05-11_2_no_failure,normal,-0.879999995232,-329.153259277,-63.5000419617,56,24.7944107056,-1.36685168743,-46.737197876,11.9782361984,-13.3940067291,0.130858421326,0
1536693179434184664,2.257331456,carbonZ_2018-09-11-15-05-11_2_no_failure,normal,-0.879999995232,-329.153259277,-63.5000419617,56,24.7944107056,-1.36685168743,-46.737197876,12.0267276764,-13.3323965073,0.0919334962964,0
1536693179486439480,2.309586272,carbonZ_2018-09-11-15-05-11_2_no_failure,normal,-0.879999995232,-329.153259277,-63.5000419617,56,24.7944107056,-1.36685168743,-46.737197876,12.2129154205,-13.0815372467,-0.0646821036935,0
1536693179529085944,2.352232736,carbonZ_2018-09-11-15-05-11_2_no_failure,normal,-0.919999957085,-329.153259277,-62.2151641846,58,24.7944107056,-1.36685168743,-46.737197876,12.3143291473,-12.9043416977,-0.177586868405,0
1536693179581209144,2.404355936,carbonZ_2018-09-11-15-05-11_2_no_failure,normal,-0.919999957085,-329.153259277,-62.2151641846,58,24.7944107056,-1.36685168743,-46.737197876,12.3483428955,-12.8445501328,-0.216495037079,0
1536693179625855960,2.449002752,carbonZ_2018-09-11-15-05-11_2_no_failure,normal,-0.989999949932,-316.225616455,-60.9471664429,59,24.7944107056,-1.36685168743,-46.737197876,12.4093379974,-12.730017662,-0.29456242919,0
1536693179663044696,2.486191488,carbonZ_2018-09-11-15-05-11_2_no_failure,normal,-0.989999949932,-316.225616455,-60.9471664429,59,24.7944107056,-1.36685168743,-46.737197876,12.4636459351,-12.6213302612,-0.378178775311,0
1536693179709522424,2.532669216,carbonZ_2018-09-11-15-05-11_2_no_failure,normal,-0.989999949932,-316.225616455,-60.9471664429,59,24.7944107056,-1.36685168743,-46.737197876,12.514913559,-12.5131034851,-0.478862434626,0
1536693179762490072,2.585636864,carbonZ_2018-09-11-15-05-11_2_no_failure,normal,-1.07999992371,-316.225616455,-59.6960983276,61,17.8757896423,0.866390168667,-43.3168792725,12.5643234253,-12.3557958603,-0.600167870522,0
1536693179811670488,2.63481728,carbonZ_2018-09-11-15-05-11_2_no_failure,normal,-1.18999993801,-296.995178223,-58.4788131714,62,17.8757896423,0.866390168667,-43.3168792725,12.5995903015,-12.215970993,-0.706802785397,0
1536693179855341048,2.67848784,carbonZ_2018-09-11-15-05-11_2_no_failure,normal,-1.18999993801,-296.995178223,-58.4788131714,62,17.8757896423,0.866390168667,-43.3168792725,12.6091966629,-12.1714429855,-0.740078032017,0
1536693179891941944,2.715088736,carbonZ_2018-09-11-15-05-11_2_no_failure,normal,-1.31999993324,-296.995178223,-57.278465271,64,17.8757896423,0.866390168667,-43.3168792725,12.6091966629,-12.1714429855,-0.740078032017,0
1536693179954231736,2.777378528,carbonZ_2018-09-11-15-05-11_2_no_failure,normal,-1.31999993324,-296.995178223,-57.278465271,64,17.8757896423,0.866390168667,-43.3168792725,12.6391506195,-11.9659643173,-0.868060648441,0
1536693180002887416,2.826034208,carbonZ_2018-09-11-15-05-11_2_no_failure,normal,-1.31999993324,-296.995178223,-57.278465271,64,17.8757896423,0.866390168667,-43.3168792725,12.6344585419,-11.8629102707,-0.897364377975,0
1536693180018716312,2.841863104,carbonZ_2018-09-11-15-05-11_2_no_failure,normal,-1.4699999094,-288.686767578,-56.0950279236,65,17.8757896423,0.866390168667,-43.3168792725,12.6306066513,-11.8377695084,-0.88934969902,0
1536693180075916504,2.899063296,carbonZ_2018-09-11-15-05-11_2_no_failure,normal,-1.4699999094,-288.686767578,-56.0950279236,65,17.8757896423,0.866390168667,-43.3168792725,12.6131572723,-11.7610836029,-0.862893819809,0
1536693180138207128,2.96135392,carbonZ_2018-09-11-15-05-11_2_no_failure,normal,-1.61000001431,-288.686767578,-54.9200286865,67,9.96686077118,1.14917063713,-41.0511016846,12.5919179916,-11.7164993286,-0.843020737171,0
1536693180186118328,3.00926512,carbonZ_2018-09-11-15-05-11_2_no_failure,normal,-1.61000001431,-288.686767578,-54.9200286865,67,9.96686077118,1.14917063713,-41.0511016846,12.5557842255,-11.6477985382,-0.85851162672,0
1536693180235801976,3.058948768,carbonZ_2018-09-11-15-05-11_2_no_failure,normal,-1.75,-264.058685303,-53.7619476318,69,9.96686077118,1.14917063713,-41.0511016846,12.5165882111,-11.5925998688,-0.837022304535,0
1536693180278207032,3.101353824,carbonZ_2018-09-11-15-05-11_2_no_failure,normal,-1.75,-264.058685303,-53.7619476318,69,9.96686077118,1.14917063713,-41.0511016846,12.4917240143,-11.5524377823,-0.845065534115,0
1536693180358208792,3.181355584,carbonZ_2018-09-11-15-05-11_2_no_failure,normal,-1.88999998569,-264.058685303,-52.6038589478,70,9.96686077118,1.14917063713,-41.0511016846,12.4495315552,-11.507273674,-0.87530630827,0
1536693180389894008,3.2130408,carbonZ_2018-09-11-15-05-11_2_no_failure,normal,-1.88999998569,-264.058685303,-52.6038589478,70,5.91436004639,1.18263494968,-40.2042961121,12.410490036,-11.4765367508,-0.900890111923,0
1536693180415772504,3.238919296,carbonZ_2018-09-11-15-05-11_2_no_failure,normal,-2.02999997139,-239.754867554,-51.4542312622,72,5.91436004639,1.18263494968,-40.2042961121,12.375658989,-11.4493865967,-0.907679617405,0
1536693180475433752,3.298580544,carbonZ_2018-09-11-15-05-11_2_no_failure,normal,-2.02999997139,-239.754867554,-51.4542312622,72,5.91436004639,1.18263494968,-40.2042961121,12.3180418015,-11.4093580246,-0.919816553593,0
1536693180530910328,3.35405712,carbonZ_2018-09-11-15-05-11_2_no_failure,normal,-2.16999983788,-239.754867554,-50.3130226135,73,5.91436004639,1.18263494968,-40.2042961121,12.2516746521,-11.3807439804,-0.909810125828,0
1536693180580587544,3.403734336,carbonZ_2018-09-11-15-05-11_2_no_failure,normal,-2.16999983788,-239.754867554,-50.3130226135,73,5.91436004639,1.18263494968,-40.2042961121,12.200460434,-11.3654699326,-0.89560854435,0
1536693180624999288,3.44814608,carbonZ_2018-09-11-15-05-11_2_no_failure,normal,-2.30999994278,-219.753845215,-49.1549491882,75,5.91436004639,1.18263494968,-40.2042961121,12.1293411255,-11.3537302017,-0.846476376057,0
1536693180685082648,3.50822944,carbonZ_2018-09-11-15-05-11_2_no_failure,normal,-2.30999994278,-219.753845215,-49.1549491882,75,5.91436004639,1.18263494968,-40.2042961121,12.0819311142,-11.3461894989,-0.812637746334,0
1536693180693703576,3.516850368,carbonZ_2018-09-11-15-05-11_2_no_failure,normal,-2.30999994278,-219.753845215,-49.1549491882,75,5.91436004639,1.18263494968,-40.2042961121,12.0572805405,-11.3419837952,-0.79075717926,0
1536693180785157368,3.60830416,carbonZ_2018-09-11-15-05-11_2_no_failure,normal,-2.44000005722,-219.753845215,-48.0222244263,76,5.91436004639,1.18263494968,-40.2042961121,11.9446201324,-11.3444423676,-0.696500599384,0
1536693180810917656,3.634064448,carbonZ_2018-09-11-15-05-11_2_no_failure,normal,-2.54999995232,-204.45098877,-46.8810462952,78,5.91436004639,1.18263494968,-40.2042961121,11.9446201324,-11.3444423676,-0.696500599384,0
1536693180869938552,3.693085344,carbonZ_2018-09-11-15-05-11_2_no_failure,normal,-2.54999995232,-204.45098877,-46.8810462952,78,0.491608947515,0.692079246044,-40.1335716248,11.863615036,-11.3526744843,-0.608547568321,0
1536693180949803480,3.772950272,carbonZ_2018-09-11-15-05-11_2_no_failure,normal,-2.64999985695,-204.45098877,-45.7314224243,79,0.491608947515,0.692079246044,-40.1335716248,11.72935009,-11.36784935,-0.548856198788,0
1536693181001636728,3.82478352,carbonZ_2018-09-11-15-05-11_2_no_failure,normal,-2.64999985695,-204.45098877,-45.7314224243,79,0.491608947515,0.692079246044,-40.1335716248,11.641374588,-11.3808135986,-0.540130198002,0
1536693181046208280,3.869355072,carbonZ_2018-09-11-15-05-11_2_no_failure,normal,-2.74000000954,-188.766479492,-44.5817756653,81,0.491608947515,0.692079246044,-40.1335716248,11.5805768967,-11.3909053802,-0.537208914757,0
1536693181102999576,3.926146368,carbonZ_2018-09-11-15-05-11_2_no_failure,normal,-2.74000000954,-188.766479492,-44.5817756653,81,0.491608947515,0.692079246044,-40.1335716248,11.5001268387,-11.4101610184,-0.512875497341,0
1536693181131637976,3.954784768,carbonZ_2018-09-11-15-05-11_2_no_failure,normal,-2.82999992371,-188.766479492,-43.4321479797,82,0.491608947515,0.692079246044,-40.1335716248,11.5001268387,-11.4101610184,-0.512875497341,0
1536693181197749784,4.020896576,carbonZ_2018-09-11-15-05-11_2_no_failure,normal,-2.90999984741,-169.582366943,-42.274055481,84,-1.45756328106,-0.200255483389,-40.3068275452,11.3653278351,-11.4465055466,-0.459030926228,0
1536693181262343320,4.085490112,carbonZ_2018-09-11-15-05-11_2_no_failure,normal,-2.90999984741,-169.582366943,-42.274055481,84,-1.45756328106,-0.200255483389,-40.3068275452,11.2974061966,-11.4588565826,-0.392030894756,0
1536693181319769624,4.142916416,carbonZ_2018-09-11-15-05-11_2_no_failure,normal,-2.97000002861,-169.582366943,-41.115978241,85,-1.45756328106,-0.200255483389,-40.3068275452,11.2305412292,-11.4746427536,-0.292666494846,0
1536693181381650072,4.204796864,carbonZ_2018-09-11-15-05-11_2_no_failure,normal,-2.97000002861,-169.582366943,-41.115978241,85,-1.45756328106,-0.200255483389,-40.3068275452,11.1599159241,-11.5009527206,-0.204147458076,0
1536693181433044472,4.256191264,carbonZ_2018-09-11-15-05-11_2_no_failure,normal,-3.01999998093,-162.439147949,-39.957901001,87,-1.45756328106,-0.200255483389,-40.3068275452,11.0977811813,-11.5322780609,-0.119448080659,0
1536693181532414584,4.355561376,carbonZ_2018-09-11-15-05-11_2_no_failure,normal,-3.06999993324,-162.439147949,-38.7744522095,88,-1.45756328106,-0.200255483389,-40.3068275452,11.0130033493,-11.5763025284,-0.0153066692874,0
1536693181563216504,4.386363296,carbonZ_2018-09-11-15-05-11_2_no_failure,normal,-3.06999993324,-162.439147949,-38.7744522095,88,-1.86988186836,-2.39997053146,-40.8565940857,10.9668798447,-11.5961523056,0.0204398464411,0
1536693181603704216,4.426851008,carbonZ_2018-09-11-15-05-11_2_no_failure,normal,-3.08999991417,-144.87399292,-37.5994682312,90,-1.86988186836,-2.39997053146,-40.8565940857,10.9284763336,-11.6212501526,0.0665958300233,0
1536693181660320728,4.48346752,carbonZ_2018-09-11-15-05-11_2_no_failure,normal,-3.08999991417,-144.87399292,-37.5994682312,90,-1.86988186836,-2.39997053146,-40.8565940857,10.8729219437,-11.6517066956,0.105445325375,0
1536693181708259992,4.531406784,carbonZ_2018-09-11-15-05-11_2_no_failure,normal,-3.08999991417,-144.87399292,-37.5994682312,90,-1.86988186836,-2.39997053146,-40.8565940857,10.8427915573,-11.6728305817,0.15130096674,0
1536693181777144568,4.60029136,carbonZ_2018-09-11-15-05-11_2_no_failure,normal,-3.1099998951,-144.87399292,-36.4329338074,91,-1.86988186836,-2.39997053146,-40.8565940857,10.7896518707,-11.7006883621,0.212608873844,0
1536693181805445528,4.62859232,carbonZ_2018-09-11-15-05-11_2_no_failure,normal,-3.1099998951,-143.957901001,-35.24949646,93,-0.0721150040627,-3.1775662899,-41.3495826721,10.7614021301,-11.7189378738,0.269750595093,0
1536693181872844184,4.695990976,carbonZ_2018-09-11-15-05-11_2_no_failure,normal,-3.1099998951,-143.957901001,-35.24949646,93,-0.0721150040627,-3.1775662899,-41.3495826721,10.7221250534,-11.7441921234,0.329947650433,0
1536693181917478040,4.740624832,carbonZ_2018-09-11-15-05-11_2_no_failure,normal,-3.08999991417,-143.957901001,-34.0491523743,94,-0.0721150040627,-3.1775662899,-41.3495826721,10.6764068604,-11.7731256485,0.379604667425,0
1536693182008777816,4.831924608,carbonZ_2018-09-11-15-05-11_2_no_failure,normal,-3.06999993324,-147.073364258,-32.8656921387,96,-0.0721150040627,-3.1775662899,-41.3495826721,10.6350774765,-11.8078765869,0.475471198559,0
1536693182084919096,4.908065888,carbonZ_2018-09-11-15-05-11_2_no_failure,normal,-3.06999993324,-147.073364258,-32.8656921387,96,-0.0721150040627,-3.1775662899,-41.3495826721,10.6350774765,-11.8078765869,0.475471198559,0
1536693182121716920,4.944863712,carbonZ_2018-09-11-15-05-11_2_no_failure,normal,-3.04999995232,-147.073364258,-31.6822566986,97,-0.0721150040627,-3.1775662899,-41.3495826721,10.6132135391,-11.8219861984,0.505833745003,0
1536693182163851448,4.98699824,carbonZ_2018-09-11-15-05-11_2_no_failure,normal,-3.04999995232,-147.073364258,-31.6822566986,97,-0.0721150040627,-3.1775662899,-41.3495826721,10.6132135391,-11.8219861984,0.505833745003,0
1536693182210421336,5.033568128,carbonZ_2018-09-11-15-05-11_2_no_failure,normal,-3.00999999046,-143.975646973,-30.4903697968,99,-0.0721150040627,-3.1775662899,-41.3495826721,10.6073074341,-11.8269968033,0.536151707172,0
1536693182254672472,5.077819264,carbonZ_2018-09-11-15-05-11_2_no_failure,normal,-3.00999999046,-143.975646973,-30.4903697968,99,3.92310571671,-4.05985736847,-42.1572799683,10.60750103,-11.8278932571,0.539387702942,0
1536693182297360824,5.120507616,carbonZ_2018-09-11-15-05-11_2_no_failure,normal,-3.00999999046,-143.975646973,-30.4903697968,99,3.92310571671,-4.05985736847,-42.1572799683,10.6117963791,-11.8304443359,0.527143836021,0
1536693182369696664,5.192843456,carbonZ_2018-09-11-15-05-11_2_no_failure,normal,-2.97000002861,-143.975646973,-29.2900218964,101,3.92310571671,-4.05985736847,-42.1572799683,10.6196985245,-11.8319177628,0.521958291531,0
1536693182407686616,5.230833408,carbonZ_2018-09-11-15-05-11_2_no_failure,normal,-2.97000002861,-143.975646973,-29.2900218964,101,3.92310571671,-4.05985736847,-42.1572799683,10.6210594177,-11.8255729675,0.52260351181,0
1536693182442555800,5.265702592,carbonZ_2018-09-11-15-05-11_2_no_failure,normal,-2.92999982834,-136.603363037,-28.0981330872,102,3.92310571671,-4.05985736847,-42.1572799683,10.641872406,-11.815785408,0.5518912673,0
1536693182524332728,5.34747952,carbonZ_2018-09-11-15-05-11_2_no_failure,normal,-2.88999986649,-136.603363037,-26.9146938324,104,3.92310571671,-4.05985736847,-42.1572799683,10.6621170044,-11.7957143784,0.575180351734,0
1536693182585582200,5.408728992,carbonZ_2018-09-11-15-05-11_2_no_failure,normal,-2.88999986649,-136.603363037,-26.9146938324,104,3.92310571671,-4.05985736847,-42.1572799683,10.6861715317,-11.7734022141,0.603303432465,0
1536693182621643896,5.444790688,carbonZ_2018-09-11-15-05-11_2_no_failure,normal,-2.83999991417,-141.76864624,-25.7228050232,105,8.85128879547,-4.50496959686,-42.5212898254,10.7077102661,-11.7531137466,0.615641593933,0
1536693182660020152,5.483166944,carbonZ_2018-09-11-15-05-11_2_no_failure,normal,-2.83999991417,-141.76864624,-25.7228050232,105,8.85128879547,-4.50496959686,-42.5212898254,10.7277183533,-11.7312412262,0.660712003708,0
1536693182696991384,5.520138176,carbonZ_2018-09-11-15-05-11_2_no_failure,normal,-2.83999991417,-141.76864624,-25.7228050232,105,8.85128879547,-4.50496959686,-42.5212898254,10.7518587112,-11.6983718872,0.692223668098,0
1536693182738456536,5.561603328,carbonZ_2018-09-11-15-05-11_2_no_failure,normal,-2.77999997139,-141.76864624,-24.5478229523,107,8.85128879547,-4.50496959686,-42.5212898254,10.7850608826,-11.6685285568,0.741212785244,0
1536693182797929912,5.621076704,carbonZ_2018-09-11-15-05-11_2_no_failure,normal,-2.77999997139,-141.76864624,-24.5478229523,107,8.85128879547,-4.50496959686,-42.5212898254,10.8366956711,-11.608716011,0.778198719025,0
1536693182842356888,5.66550368,carbonZ_2018-09-11-15-05-11_2_no_failure,normal,-2.72000002861,-147.302246094,-23.3728275299,108,8.85128879547,-4.50496959686,-42.5212898254,10.8785438538,-11.5736455917,0.808776199818,0
1536693182919308824,5.742455616,carbonZ_2018-09-11-15-05-11_2_no_failure,normal,-2.63999986649,-147.302246094,-22.2147521973,110,8.85128879547,-4.50496959686,-42.5212898254,10.9665784836,-11.4873790741,0.850043177605,0
1536693182985138392,5.808285184,carbonZ_2018-09-11-15-05-11_2_no_failure,normal,-2.63999986649,-147.302246094,-22.2147521973,110,8.85128879547,-4.50496959686,-42.5212898254,11.0419187546,-11.4079618454,0.867897450924,0
1536693183013455864,5.836602656,carbonZ_2018-09-11-15-05-11_2_no_failure,normal,-2.55999994278,-143.671035767,-21.0735797882,111,15.2377691269,-4.67259788513,-41.8948020935,11.0656681061,-11.3844718933,0.881269335747,0
1536693183040585080,5.863731872,carbonZ_2018-09-11-15-05-11_2_no_failure,normal,-2.55999994278,-143.671035767,-21.0735797882,111,15.2377691269,-4.67259788513,-41.8948020935,11.1150035858,-11.3287744522,0.90504527092,0
1536693183101255608,5.9244024,carbonZ_2018-09-11-15-05-11_2_no_failure,normal,-2.55999994278,-143.671035767,-21.0735797882,111,15.2377691269,-4.67259788513,-41.8948020935,11.1877393723,-11.2565565109,0.958300471306,0
1536693183155045368,5.97819216,carbonZ_2018-09-11-15-05-11_2_no_failure,normal,-2.48000001907,-143.671035767,-19.9493179321,113,15.2377691269,-4.67259788513,-41.8948020935,11.1877393723,-11.2565565109,0.958300471306,0
1536693183221118648,6.04426544,carbonZ_2018-09-11-15-05-11_2_no_failure,normal,-2.37999987602,-142.062957764,-18.8335037231,114,15.2377691269,-4.67259788513,-41.8948020935,11.3258590698,-11.113899231,1.04286491871,0
1536693183252571160,6.075717952,carbonZ_2018-09-11-15-05-11_2_no_failure,normal,-2.37999987602,-142.062957764,-18.8335037231,114,15.2377691269,-4.67259788513,-41.8948020935,11.3809204102,-11.0550403595,1.08967244625,0
1536693183282301816,6.105448608,carbonZ_2018-09-11-15-05-11_2_no_failure,normal,-2.37999987602,-142.062957764,-18.8335037231,114,15.2377691269,-4.67259788513,-41.8948020935,11.4699840546,-10.9691839218,1.1714246273,0
1536693183351945112,6.175091904,carbonZ_2018-09-11-15-05-11_2_no_failure,normal,-2.27999997139,-142.062957764,-17.7346019745,116,15.2377691269,-4.67259788513,-41.8948020935,11.5337600708,-10.9019508362,1.21735036373,0
1536693183397373720,6.220520512,carbonZ_2018-09-11-15-05-11_2_no_failure,normal,-2.14999985695,-136.824035645,-16.6610584259,117,15.2377691269,-4.67259788513,-41.8948020935,11.6684617996,-10.764541626,1.31180489063,0
1536693183463594072,6.286740864,carbonZ_2018-09-11-15-05-11_2_no_failure,normal,-2.14999985695,-136.824035645,-16.6610584259,117,15.2377691269,-4.67259788513,-41.8948020935,11.7481069565,-10.6856575012,1.33402371407,0
1536693183515907896,6.339054688,carbonZ_2018-09-11-15-05-11_2_no_failure,normal,-2.01999998093,-136.824035645,-15.5959568024,119,22.5478534698,-6.04312086105,-38.8759460449,11.8661270142,-10.5689764023,1.38580870628,0
1536693183548773720,6.371920512,carbonZ_2018-09-11-15-05-11_2_no_failure,normal,-2.01999998093,-136.824035645,-15.5959568024,119,22.5478534698,-6.04312086105,-38.8759460449,11.9040412903,-10.529173851,1.40345072746,0
1536693183611906232,6.435053024,carbonZ_2018-09-11-15-05-11_2_no_failure,normal,-2.01999998093,-136.824035645,-15.5959568024,119,22.5478534698,-6.04312086105,-38.8759460449,12.0328035355,-10.4001083374,1.43343031406,0
1536693183668693720,6.491840512,carbonZ_2018-09-11-15-05-11_2_no_failure,normal,-1.87999999523,-150.295837402,-14.5393199921,121,22.5478534698,-6.04312086105,-38.8759460449,12.171421051,-10.2669115067,1.43444979191,0
1536693183711001752,6.534148544,carbonZ_2018-09-11-15-05-11_2_no_failure,normal,-1.87999999523,-150.295837402,-14.5393199921,121,22.5478534698,-6.04312086105,-38.8759460449,12.263669014,-10.184012413,1.45224905014,0
1536693183800728184,6.623874976,carbonZ_2018-09-11-15-05-11_2_no_failure,normal,-1.74000000954,-150.295837402,-13.5418519974,122,23.2818965912,-6.63010597229,-36.0502891541,12.4996061325,-9.93576622009,1.48524713516,0
1536693183868418296,6.691565088,carbonZ_2018-09-11-15-05-11_2_no_failure,normal,-1.58999991417,-141.686065674,-12.5612945557,124,23.2818965912,-6.63010597229,-36.0502891541,12.6475639343,-9.77999973297,1.52055358887,0
1536693183926204088,6.74935088,carbonZ_2018-09-11-15-05-11_2_no_failure,normal,-1.43999993801,-141.686065674,-11.5891885757,125,23.2818965912,-6.63010597229,-36.0502891541,12.8021392822,-9.61066627502,1.53788220882,0
1536693183966438008,6.7895848,carbonZ_2018-09-11-15-05-11_2_no_failure,normal,-1.43999993801,-141.686065674,-11.5891885757,125,23.2818965912,-6.63010597229,-36.0502891541,12.9103431702,-9.47928333282,1.52808320522,0
1536693184011150136,6.834296928,carbonZ_2018-09-11-15-05-11_2_no_failure,normal,-1.43999993801,-141.686065674,-11.5891885757,125,23.2818965912,-6.63010597229,-36.0502891541,13.0253372192,-9.34847736359,1.5126452446,0
1536693184064670936,6.887817728,carbonZ_2018-09-11-15-05-11_2_no_failure,normal,-1.28999996185,-159.46673584,-10.6508903503,127,23.2818965912,-6.63010597229,-36.0502891541,13.2002544403,-9.13320159912,1.45952105522,0
1536693184130865240,6.954012032,carbonZ_2018-09-11-15-05-11_2_no_failure,normal,-1.13999998569,-159.46673584,-9.75486373901,128,26.5622615814,-5.88574552536,-30.6643981934,13.3833875656,-8.89998149872,1.39977240562,0
1536693184145122520,6.968269312,carbonZ_2018-09-11-15-05-11_2_no_failure,normal,-1.13999998569,-159.46673584,-9.75486373901,128,26.5622615814,-5.88574552536,-30.6643981934,13.4445991516,-8.82460784912,1.3753734827,0
1536693184199062776,7.022209568,carbonZ_2018-09-11-15-05-11_2_no_failure,normal,-1.13999998569,-159.46673584,-9.75486373901,128,26.5622615814,-5.88574552536,-30.6643981934,13.684132576,-8.503657341,1.27773737907,0
1536693184242056152,7.065202944,carbonZ_2018-09-11-15-05-11_2_no_failure,normal,-1.0,-156.259155273,-8.90110111237,129,26.5622615814,-5.88574552536,-30.6643981934,13.7421617508,-8.42116737366,1.24740612507,0
1536693184298261144,7.121407936,carbonZ_2018-09-11-15-05-11_2_no_failure,normal,-1.0,-156.259155273,-8.90110111237,129,26.5622615814,-5.88574552536,-30.6643981934,13.9148073196,-8.17554855347,1.17174899578,0
1536693184369528728,7.19267552,carbonZ_2018-09-11-15-05-11_2_no_failure,normal,-0.879999995232,-156.259155273,-8.08114719391,131,26.5622615814,-5.88574552536,-30.6643981934,14.0769739151,-7.93633079529,1.11798071861,0
1536693184413818616,7.236965408,carbonZ_2018-09-11-15-05-11_2_no_failure,normal,-0.769999980927,-159.283065796,-7.31191682816,132,26.5622615814,-5.88574552536,-30.6643981934,14.2216873169,-7.71088027954,1.07573831081,0
1536693184457957912,7.281104704,carbonZ_2018-09-11-15-05-11_2_no_failure,normal,-0.769999980927,-159.283065796,-7.31191682816,132,26.5622615814,-5.88574552536,-30.6643981934,14.3191766739,-7.55347537994,1.04889500141,0
1536693184503891000,7.327037792,carbonZ_2018-09-11-15-05-11_2_no_failure,normal,-0.769999980927,-159.283065796,-7.31191682816,132,26.5622615814,-5.88574552536,-30.6643981934,14.4121160507,-7.39597463608,1.01146912575,0
1536693184542073176,7.365219968,carbonZ_2018-09-11-15-05-11_2_no_failure,normal,-0.669999957085,-159.283065796,-6.58494901657,134,28.4200782776,-3.86200404167,-25.7253627777,14.5105056763,-7.22062397003,0.961466252804,0
1536693184609999032,7.433145824,carbonZ_2018-09-11-15-05-11_2_no_failure,normal,-0.669999957085,-159.283065796,-6.58494901657,134,28.4200782776,-3.86200404167,-25.7253627777,14.6452770233,-6.96893119812,0.911680102348,0
1536693184658055640,7.481202432,carbonZ_2018-09-11-15-05-11_2_no_failure,normal,-0.569999992847,-171.089355469,-5.89179706573,135,28.4200782776,-3.86200404167,-25.7253627777,14.7731494904,-6.72458648682,0.862903892994,0
1536693184697623608,7.5207704,carbonZ_2018-09-11-15-05-11_2_no_failure,normal,-0.569999992847,-171.089355469,-5.89179706573,135,28.4200782776,-3.86200404167,-25.7253627777,14.85587883,-6.55742263794,0.830593526363,0
1536693184759148120,7.582294912,carbonZ_2018-09-11-15-05-11_2_no_failure,normal,-0.489999979734,-171.089355469,-5.24090671539,136,28.4200782776,-3.86200404167,-25.7253627777,14.967757225,-6.30669116974,0.789091229439,0
1536693184805116504,7.628263296,carbonZ_2018-09-11-15-05-11_2_no_failure,normal,-0.399999976158,-157.19833374,-4.6322851181,138,28.4200782776,-3.86200404167,-25.7253627777,15.0350637436,-6.14270210266,0.75926142931,0
1536693184843309784,7.666456576,carbonZ_2018-09-11-15-05-11_2_no_failure,normal,-0.399999976158,-157.19833374,-4.6322851181,138,28.2236289978,-2.81460404396,-21.1022663116,15.0985975266,-5.96946191788,0.719754457474,0
1536693184894912376,7.718059168,carbonZ_2018-09-11-15-05-11_2_no_failure,normal,-0.399999976158,-157.19833374,-4.6322851181,138,28.2236289978,-2.81460404396,-21.1022663116,15.195772171,-5.71574306488,0.63576900959,0
1536693184982623576,7.805770368,carbonZ_2018-09-11-15-05-11_2_no_failure,normal,-0.329999983311,-157.19833374,-4.06592941284,139,28.2236289978,-2.81460404396,-21.1022663116,15.3187961578,-5.34361553192,0.456854075193,0
1536693185024043320,7.847190112,carbonZ_2018-09-11-15-05-11_2_no_failure,normal,-0.269999980927,-153.096588135,-3.54183673859,141,28.2236289978,-2.81460404396,-21.1022663116,15.3775243759,-5.16660928726,0.359811872244,0
1536693185059594328,7.88274112,carbonZ_2018-09-11-15-05-11_2_no_failure,normal,-0.269999980927,-153.096588135,-3.54183673859,141,28.2236289978,-2.81460404396,-21.1022663116,15.4323472977,-4.99024534225,0.268802255392,0
1536693185104380952,7.927527744,carbonZ_2018-09-11-15-05-11_2_no_failure,normal,-0.269999980927,-153.096588135,-3.54183673859,141,28.2236289978,-2.81460404396,-21.1022663116,15.4813909531,-4.82596206665,0.208787590265,0
1536693185135095160,7.958241952,carbonZ_2018-09-11-15-05-11_2_no_failure,normal,-0.229999989271,-153.096588135,-3.06001186371,142,28.2236289978,-2.81460404396,-21.1022663116,15.5219697952,-4.66643476486,0.165661454201,0
1536693185218033112,8.041179904,carbonZ_2018-09-11-15-05-11_2_no_failure,normal,-0.209999993443,-165.368835449,-2.6204521656,143,28.2236289978,-2.81460404396,-21.1022663116,15.5991487503,-4.36734580994,0.113101728261,0
1536693185240400056,8.063546848,carbonZ_2018-09-11-15-05-11_2_no_failure,normal,-0.209999993443,-165.368835449,-2.6204521656,143,28.2236289978,-2.81460404396,-21.1022663116,15.5991487503,-4.36734580994,0.113101728261,0
1536693185296073048,8.11921984,carbonZ_2018-09-11-15-05-11_2_no_failure,normal,-0.209999993443,-165.368835449,-2.6204521656,143,24.587638855,-2.49070906639,-13.5331144333,15.669508934,-4.06279802322,0.0532336719334,0
1536693185352442104,8.175588896,carbonZ_2018-09-11-15-05-11_2_no_failure,normal,-0.199999988079,-165.368835449,-2.27667737007,144,24.587638855,-2.49070906639,-13.5331144333,15.6934614182,-3.92447113991,0.0407095625997,0
1536693185375490328,8.19863712,carbonZ_2018-09-11-15-05-11_2_no_failure,normal,-0.199999988079,-165.368835449,-2.27667737007,144,24.587638855,-2.49070906639,-13.5331144333,15.7107095718,-3.78972840309,0.0383158549666,0
1536693185418658776,8.241805568,carbonZ_2018-09-11-15-05-11_2_no_failure,normal,-0.179999992251,-145.08380127,-1.90052008629,146,24.587638855,-2.49070906639,-13.5331144333,15.7253494263,-3.6474506855,0.0194424521178,0
1536693185504305816,8.327452608,carbonZ_2018-09-11-15-05-11_2_no_failure,normal,-0.179999992251,-145.08380127,-1.90052008629,146,24.587638855,-2.49070906639,-13.5331144333,15.7510671616,-3.44688415527,-0.0253407005221,0
1536693185587049176,8.410195968,carbonZ_2018-09-11-15-05-11_2_no_failure,normal,-0.179999992251,-145.08380127,-1.61514163017,147,24.587638855,-2.49070906639,-13.5331144333,15.7770824432,-3.10498070717,-0.134390339255,0
1536693185615138520,8.438285312,carbonZ_2018-09-11-15-05-11_2_no_failure,normal,-0.179999992251,-143.990615845,-1.29373121262,148,24.587638855,-2.49070906639,-13.5331144333,15.7830638885,-2.97547769547,-0.186412453651,0
1536693185664633912,8.487780704,carbonZ_2018-09-11-15-05-11_2_no_failure,normal,-0.179999992251,-143.990615845,-1.29373121262,148,24.587638855,-2.49070906639,-13.5331144333,15.78814888,-2.84760022163,-0.225908145308,0
1536693185707365048,8.53051184,carbonZ_2018-09-11-15-05-11_2_no_failure,normal,-0.179999992251,-143.990615845,-1.73218822479,149,19.9399299622,-1.31149327755,-7.81813001633,15.7875528336,-2.61536765099,-0.291918575764,0
1536693185769632312,8.592779104,carbonZ_2018-09-11-15-05-11_2_no_failure,normal,-0.179999992251,-143.990615845,-1.73218822479,149,19.9399299622,-1.31149327755,-7.81813001633,15.7875528336,-2.61536765099,-0.291918575764,0
1536693185809662904,8.632809696,carbonZ_2018-09-11-15-05-11_2_no_failure,normal,-0.179999992251,-143.990615845,-1.73218822479,149,19.9399299622,-1.31149327755,-7.81813001633,15.7804822922,-2.44424939156,-0.346089959145,0
1536693185840884856,8.664031648,carbonZ_2018-09-11-15-05-11_2_no_failure,normal,-0.199999988079,-127.715301514,-1.42520213127,150,19.9399299622,-1.31149327755,-7.81813001633,15.7696437836,-2.29091668129,-0.384734511375,0
1536693185907321784,8.730468576,carbonZ_2018-09-11-15-05-11_2_no_failure,normal,-0.199999988079,-127.715301514,-1.42520213127,150,19.9399299622,-1.31149327755,-7.81813001633,15.7630338669,-2.19062232971,-0.412997364998,0
1536693185938613080,8.761759872,carbonZ_2018-09-11-15-05-11_2_no_failure,normal,-0.229999989271,-127.715301514,-1.45909047127,152,19.9399299622,-1.31149327755,-7.81813001633,15.744600296,-2.03780555725,-0.477571576834,0
1536693186012961880,8.836108672,carbonZ_2018-09-11-15-05-11_2_no_failure,normal,-0.259999990463,-120.698074341,-1.17449629307,153,17.5147285461,-0.0139090400189,-5.2312335968,15.7222537994,-1.89564561844,-0.553181707859,0
1536693186059737080,8.882883872,carbonZ_2018-09-11-15-05-11_2_no_failure,normal,-0.259999990463,-120.698074341,-1.17449629307,153,17.5147285461,-0.0139090400189,-5.2312335968,15.706328392,-1.79592001438,-0.618585050106,0
1536693186127287448,8.95043424,carbonZ_2018-09-11-15-05-11_2_no_failure,normal,-0.310000002384,-120.698074341,-0.915761649609,154,17.5147285461,-0.0139090400189,-5.2312335968,15.6812772751,-1.66440749168,-0.700402736664,0
1536693186163128088,8.98627488,carbonZ_2018-09-11-15-05-11_2_no_failure,normal,-0.310000002384,-120.698074341,-0.915761649609,154,17.5147285461,-0.0139090400189,-5.2312335968,15.6561203003,-1.58014726639,-0.746443152428,0
1536693186210315576,9.033462368,carbonZ_2018-09-11-15-05-11_2_no_failure,normal,-0.310000002384,-120.698074341,-0.915761649609,154,17.5147285461,-0.0139090400189,-5.2312335968,15.6298007965,-1.49585545063,-0.794397711754,0
1536693186289015480,9.112162272,carbonZ_2018-09-11-15-05-11_2_no_failure,normal,-0.379999995232,-95.9429779053,-2.62819814682,155,17.5147285461,-0.0139090400189,-5.2312335968,15.5867481232,-1.35011994839,-0.823842465878,0
1536693186324867032,9.148013824,carbonZ_2018-09-11-15-05-11_2_no_failure,normal,-0.459999978542,-95.9429779053,-2.28558421135,156,17.5147285461,-0.0139090400189,-5.2312335968,15.5721530914,-1.313544631,-0.828679144382,0
1536693186372272216,9.195419008,carbonZ_2018-09-11-15-05-11_2_no_failure,normal,-0.459999978542,-95.9429779053,-2.28558421135,156,17.5147285461,-0.0139090400189,-5.2312335968,15.5308275223,-1.23092412949,-0.817285954952,0
1536693186400335896,9.223482688,carbonZ_2018-09-11-15-05-11_2_no_failure,normal,-0.459999978542,-95.9429779053,-2.28558421135,156,17.5147285461,-0.0139090400189,-5.2312335968,15.5040750504,-1.17764270306,-0.795746684074,0
1536693186429115416,9.252262208,carbonZ_2018-09-11-15-05-11_2_no_failure,normal,-0.539999961853,-86.5628204346,-2.63648366928,157,17.5147285461,-0.0139090400189,-5.2312335968,15.5040750504,-1.17764270306,-0.795746684074,0
1536693186509468408,9.3326152,carbonZ_2018-09-11-15-05-11_2_no_failure,normal,-0.539999961853,-86.5628204346,-2.63648366928,157,13.1332359314,0.58603054285,-2.24682188034,15.4407711029,-1.03901457787,-0.750748157501,0
1536693186569939000,9.393085792,carbonZ_2018-09-11-15-05-11_2_no_failure,normal,-0.610000014305,-85.5628967285,-2.2796432972,158,13.1332359314,0.58603054285,-2.24682188034,15.3989038467,-0.956761717796,-0.729666948318,0
1536693186597896824,9.421043616,carbonZ_2018-09-11-15-05-11_2_no_failure,normal,-0.680000007153,-72.8847503662,-1.93284797668,159,13.1332359314,0.58603054285,-2.24682188034,15.3548908234,-0.874315500259,-0.681042015553,0
1536693186657522168,9.48066896,carbonZ_2018-09-11-15-05-11_2_no_failure,normal,-0.680000007153,-72.8847503662,-1.93284797668,159,13.1332359314,0.58603054285,-2.24682188034,15.3325910568,-0.823327064514,-0.65502345562,0
1536693186705332728,9.52847952,carbonZ_2018-09-11-15-05-11_2_no_failure,normal,-0.680000007153,-72.8847503662,-1.93284797668,159,13.1332359314,0.58603054285,-2.24682188034,15.3057537079,-0.758890450001,-0.648938119411,0
1536693186741470072,9.564616864,carbonZ_2018-09-11-15-05-11_2_no_failure,normal,-0.740000009537,-72.8847503662,-2.99954152107,160,13.1332359314,0.58603054285,-2.24682188034,15.2804193497,-0.704594790936,-0.631917119026,0
1536693186855258264,9.678405056,carbonZ_2018-09-11-15-05-11_2_no_failure,normal,-0.799999952316,-58.1740379333,-2.59432649612,162,13.1332359314,0.58603054285,-2.24682188034,15.2104558945,-0.562174022198,-0.604351043701,0
1536693186904669464,9.727816256,carbonZ_2018-09-11-15-05-11_2_no_failure,normal,-0.799999952316,-58.1740379333,-2.59432649612,162,13.6474628448,0.629245400429,-0.450622260571,15.1732845306,-0.478507488966,-0.564929187298,0
1536693186941173432,9.764320224,carbonZ_2018-09-11-15-05-11_2_no_failure,normal,-0.849999964237,-58.1740379333,-2.20329260826,163,13.6474628448,0.629245400429,-0.450622260571,15.1508378983,-0.429248690605,-0.531773865223,0
1536693187005939928,9.82908672,carbonZ_2018-09-11-15-05-11_2_no_failure,normal,-0.899999976158,-44.2830085754,-4.17816448212,164,13.6474628448,0.629245400429,-0.450622260571,15.1135988235,-0.359500229359,-0.479400098324,0
1536693187042933752,9.866080544,carbonZ_2018-09-11-15-05-11_2_no_failure,normal,-0.899999976158,-44.2830085754,-4.17816448212,164,13.6474628448,0.629245400429,-0.450622260571,15.0898523331,-0.308073729277,-0.448512911797,0
1536693187098853496,9.922000288,carbonZ_2018-09-11-15-05-11_2_no_failure,normal,-0.899999976158,-44.2830085754,-4.17816448212,164,13.6474628448,0.629245400429,-0.450622260571,15.0544099808,-0.229105845094,-0.424093008041,0
1536693187150228664,9.973375456,carbonZ_2018-09-11-15-05-11_2_no_failure,normal,-0.949999988079,-43.2830810547,-3.66821885109,165,13.6474628448,0.629245400429,-0.450622260571,15.028635025,-0.173049032688,-0.409059524536,0
1536693187205763832,10.028910624,carbonZ_2018-09-11-15-05-11_2_no_failure,normal,-0.989999949932,-26.4894485474,-4.85165214539,166,13.6474628448,0.629245400429,-0.450622260571,14.9875926971,-0.0865952074528,-0.40687468648,0
1536693187237209816,10.060356608,carbonZ_2018-09-11-15-05-11_2_no_failure,normal,-0.989999949932,-26.4894485474,-4.85165214539,166,14.3941230774,1.00843381882,0.89596414566,14.9572429657,-0.0213372856379,-0.415210008621,0
1536693187296490776,10.119637568,carbonZ_2018-09-11-15-05-11_2_no_failure,normal,-0.989999949932,-26.4894485474,-4.85165214539,166,14.3941230774,1.00843381882,0.89596414566,14.9244270325,0.0679282769561,-0.414858520031,0
1536693187359870200,10.183016992,carbonZ_2018-09-11-15-05-11_2_no_failure,normal,-1.01999998093,-26.4894485474,-4.27560329437,167,14.3941230774,1.00843381882,0.89596414566,14.8836784363,0.157864630222,-0.402941733599,0
1536693187410818488,10.23396528,carbonZ_2018-09-11-15-05-11_2_no_failure,normal,-1.01999998093,-26.4894485474,-4.27560329437,167,14.3941230774,1.00843381882,0.89596414566,14.8440761566,0.249588623643,-0.375440776348,0
1536693187447704088,10.27085088,carbonZ_2018-09-11-15-05-11_2_no_failure,normal,-1.05999994278,-17.4320220947,-5.41404819489,168,14.3941230774,1.00843381882,0.89596414566,14.8247938156,0.307399809361,-0.347345501184,0
1536693187530705176,10.353851968,carbonZ_2018-09-11-15-05-11_2_no_failure,normal,-1.10000002384,-17.4320220947,-4.76928043365,169,14.3941230774,1.00843381882,0.89596414566,14.7896137238,0.402216792107,-0.299698770046,0
1536693187587007544,10.410154336,carbonZ_2018-09-11-15-05-11_2_no_failure,normal,-1.10000002384,-17.4320220947,-4.76928043365,169,16.0608139038,0.545159578323,2.40947008133,14.7556505203,0.503997921944,-0.265024721622,0
1536693187627998040,10.451144832,carbonZ_2018-09-11-15-05-11_2_no_failure,normal,-1.12999999523,-1.18961334229,-4.14459514618,170,16.0608139038,0.545159578323,2.40947008133,14.7341480255,0.57163465023,-0.236348956823,0
1536693187642725560,10.465872352,carbonZ_2018-09-11-15-05-11_2_no_failure,normal,-1.12999999523,-1.18961334229,-4.14459514618,170,16.0608139038,0.545159578323,2.40947008133,14.7220897675,0.609365940094,-0.224692955613,0
1536693187698868376,10.522015168,carbonZ_2018-09-11-15-05-11_2_no_failure,normal,-1.12999999523,-1.18961334229,-4.14459514618,170,16.0608139038,0.545159578323,2.40947008133,14.6911878586,0.721291601658,-0.180137276649,0
1536693187740702680,10.563849472,carbonZ_2018-09-11-15-05-11_2_no_failure,normal,-1.14999997616,-1.18961334229,-5.1607427597,171,16.0608139038,0.545159578323,2.40947008133,14.6698055267,0.799466013908,-0.151039674878,0
1536693187802851032,10.625997824,carbonZ_2018-09-11-15-05-11_2_no_failure,normal,-1.14999997616,-1.18961334229,-5.1607427597,171,16.0608139038,0.545159578323,2.40947008133,14.6357393265,0.923466622829,-0.106644898653,0
1536693187841667032,10.664813824,carbonZ_2018-09-11-15-05-11_2_no_failure,normal,-1.15999996662,10.6224060059,-4.4856338501,172,16.0608139038,0.545159578323,2.40947008133,14.6161108017,1.00523912907,-0.0610377192497,0
1536693187931440472,10.754587264,carbonZ_2018-09-11-15-05-11_2_no_failure,normal,-1.15999996662,10.6224060059,-6.36744260788,173,16.0608139038,0.545159578323,2.40947008133,14.5767440796,1.17228841782,0.0290109850466,0
1536693187948951224,10.772098016,carbonZ_2018-09-11-15-05-11_2_no_failure,normal,-1.15999996662,10.6224060059,-6.36744260788,173,16.0608139038,0.545159578323,2.40947008133,14.5521183014,1.2639362812,0.0637121722102,0
1536693188040606520,10.863753312,carbonZ_2018-09-11-15-05-11_2_no_failure,normal,-1.13999998569,21.5955734253,-5.59982252121,174,20.3559589386,-0.449941158295,5.95216703415,14.5077695847,1.45379507542,0.139118134975,0
1536693188092041176,10.915187968,carbonZ_2018-09-11-15-05-11_2_no_failure,normal,-1.13999998569,21.5955734253,-5.59982252121,174,20.3559589386,-0.449941158295,5.95216703415,14.4779787064,1.60351884365,0.190354332328,0
1536693188162053432,10.985200224,carbonZ_2018-09-11-15-05-11_2_no_failure,normal,-1.12000000477,21.5955734253,-4.8592300415,175,20.3559589386,-0.449941158295,5.95216703415,14.4388132095,1.75956213474,0.237923845649,0
1536693188212744600,11.035891392,carbonZ_2018-09-11-15-05-11_2_no_failure,normal,-1.09000003338,31.2017440796,-5.80575418472,176,20.3559589386,-0.449941158295,5.95216703415,14.4105606079,1.87595248222,0.259533494711,0
1536693188234847672,11.057994464,carbonZ_2018-09-11-15-05-11_2_no_failure,normal,-1.09000003338,31.2017440796,-5.80575418472,176,20.3559589386,-0.449941158295,5.95216703415,14.3847875595,1.99475574493,0.273594170809,0
1536693188298513848,11.12166064,carbonZ_2018-09-11-15-05-11_2_no_failure,normal,-1.09000003338,31.2017440796,-5.80575418472,176,20.3559589386,-0.449941158295,5.95216703415,14.3441753387,2.178627491,0.301207244396,0
1536693188344113240,11.167260032,carbonZ_2018-09-11-15-05-11_2_no_failure,normal,-1.05999994278,32.2016716003,-5.03799009323,177,20.3559589386,-0.449941158295,5.95216703415,14.3169498444,2.30773234367,0.317863583565,0
1536693188401944088,11.22509088,carbonZ_2018-09-11-15-05-11_2_no_failure,normal,-1.05999994278,32.2016716003,-5.03799009323,177,20.3559589386,-0.449941158295,5.95216703415,14.2703886032,2.49636626244,0.347133010626,0
1536693188414028696,11.237175488,carbonZ_2018-09-11-15-05-11_2_no_failure,normal,-1.01999998093,40.2132034302,-4.29676198959,178,20.3559589386,-0.449941158295,5.95216703415,14.254609108,2.56250596046,0.351027190685,0
1536693188483057880,11.306204672,carbonZ_2018-09-11-15-05-11_2_no_failure,normal,-1.01999998093,40.2132034302,-4.29676198959,178,25.3117580414,-0.578892946243,10.6029043198,14.1916513443,2.8336558342,0.374429941177,0
1536693188553853464,11.377000256,carbonZ_2018-09-11-15-05-11_2_no_failure,normal,-0.979999959469,40.2132034302,-6.07581663132,179,25.3117580414,-0.578892946243,10.6029043198,14.1375951767,3.04281687737,0.398624479771,0
1536693188616372312,11.439519104,carbonZ_2018-09-11-15-05-11_2_no_failure,normal,-0.930000007153,50.8535385132,-5.27163505554,180,25.3117580414,-0.578892946243,10.6029043198,14.09897995,3.17715978622,0.411183834076,0
1536693188647013560,11.470160352,carbonZ_2018-09-11-15-05-11_2_no_failure,normal,-0.930000007153,50.8535385132,-5.27163505554,180,25.3117580414,-0.578892946243,10.6029043198,14.0617609024,3.31922841072,0.419080644846,0
1536693188687480344,11.510627136,carbonZ_2018-09-11-15-05-11_2_no_failure,normal,-0.930000007153,50.8535385132,-5.27163505554,180,25.3117580414,-0.578892946243,10.6029043198,14.019030571,3.46285820007,0.430204480886,0
1536693188708209592,11.531356384,carbonZ_2018-09-11-15-05-11_2_no_failure,normal,-0.930000007153,50.8535385132,-5.27163505554,180,25.3117580414,-0.578892946243,10.6029043198,14.0029716492,3.52969098091,0.443411499262,0
1536693188766664152,11.589810944,carbonZ_2018-09-11-15-05-11_2_no_failure,normal,-0.889999985695,50.8535385132,-5.35420131683,180,25.3117580414,-0.578892946243,10.6029043198,13.9391841888,3.74413895607,0.463559478521,0
1536693188801249816,11.624396608,carbonZ_2018-09-11-15-05-11_2_no_failure,normal,-0.889999985695,50.8535385132,-5.35420131683,180,25.3117580414,-0.578892946243,10.6029043198,13.8895206451,3.89594292641,0.464820742607,0
1536693188844227832,11.667374624,carbonZ_2018-09-11-15-05-11_2_no_failure,normal,-0.849999964237,-2.68630981445,-4.56778383255,181,27.527463913,-0.309880226851,14.965675354,13.843205452,4.04543209076,0.46565720439,0
1536693188900038136,11.723184928,carbonZ_2018-09-11-15-05-11_2_no_failure,normal,-0.799999952316,-2.68630981445,-5.49850320816,182,27.527463913,-0.309880226851,14.965675354,13.746465683,4.34597921371,0.481055170298,0
1536693188938042872,11.761189664,carbonZ_2018-09-11-15-05-11_2_no_failure,normal,-0.799999952316,-2.68630981445,-5.49850320816,182,27.527463913,-0.309880226851,14.965675354,13.746465683,4.34597921371,0.481055170298,0
1536693189005231384,11.828378176,carbonZ_2018-09-11-15-05-11_2_no_failure,normal,-0.799999952316,-2.68630981445,-5.49850320816,182,27.527463913,-0.309880226851,14.965675354,13.6396436691,4.65714597702,0.488038271666,0
1536693189088171576,11.911318368,carbonZ_2018-09-11-15-05-11_2_no_failure,normal,-0.75,-2.94456481934,-4.71122789383,183,27.527463913,-0.309880226851,14.965675354,13.5360507965,4.96309661865,0.516268730164,0
1536693189113403480,11.936550272,carbonZ_2018-09-11-15-05-11_2_no_failure,normal,-0.75,-2.94456481934,-4.71122789383,183,27.527463913,-0.309880226851,14.965675354,13.5081243515,5.04157781601,0.53065097332,0
1536693189210265272,12.033412064,carbonZ_2018-09-11-15-05-11_2_no_failure,normal,-0.699999988079,-2.94456481934,-5.64966630936,184,29.095205307,-0.728620529175,19.1825618744,13.3624429703,5.42525100708,0.594003379345,0
1536693189255130424,12.078277216,carbonZ_2018-09-11-15-05-11_2_no_failure,normal,-0.649999976158,5.20181655884,-4.84222507477,184,29.095205307,-0.728620529175,19.1825618744,13.3033123016,5.57554626465,0.630545437336,0
1536693189299803320,12.122950112,carbonZ_2018-09-11-15-05-11_2_no_failure,normal,-0.649999976158,5.20181655884,-4.84222507477,184,29.095205307,-0.728620529175,19.1825618744,13.2078828812,5.8089928627,0.67472422123,0
1536693189349259800,12.172406592,carbonZ_2018-09-11-15-05-11_2_no_failure,normal,-0.579999983311,5.20181655884,-4.05341434479,185,29.095205307,-0.728620529175,19.1825618744,13.1462869644,5.95405054092,0.706352055073,0
1536693189397091000,12.220237792,carbonZ_2018-09-11-15-05-11_2_no_failure,normal,-0.579999983311,5.20181655884,-4.05341434479,185,29.095205307,-0.728620529175,19.1825618744,13.0454816818,6.18336629868,0.76896160841,0
1536693189440071160,12.263217952,carbonZ_2018-09-11-15-05-11_2_no_failure,normal,-0.5,10.6600761414,-4.97627639771,186,29.095205307,-0.728620529175,19.1825618744,12.9732027054,6.3368434906,0.805343866348,0
1536693189497965880,12.321112672,carbonZ_2018-09-11-15-05-11_2_no_failure,normal,-0.5,10.6600761414,-4.97627639771,186,29.095205307,-0.728620529175,19.1825618744,12.8780031204,6.55014753342,0.875215828419,0
1536693189559647224,12.382794016,carbonZ_2018-09-11-15-05-11_2_no_failure,normal,-0.409999996424,9.66014862061,-4.17584705353,186,29.095205307,-0.728620529175,19.1825618744,12.7726583481,6.76939344406,0.939162194729,0
1536693189617542680,12.440689472,carbonZ_2018-09-11-15-05-11_2_no_failure,normal,-0.310000002384,21.6888427734,-6.03526830673,187,30.1644916534,-0.799304366112,26.6981277466,12.6627836227,6.99269104004,0.992192387581,0
1536693189643246936,12.466393728,carbonZ_2018-09-11-15-05-11_2_no_failure,normal,-0.310000002384,21.6888427734,-6.03526830673,187,30.1644916534,-0.799304366112,26.6981277466,12.6269454956,7.06586027145,1.00662267208,0
1536693189716625048,12.53977184,carbonZ_2018-09-11-15-05-11_2_no_failure,normal,-0.199999988079,22.6887702942,-5.17775583267,187,30.1644916534,-0.799304366112,26.6981277466,12.4798488617,7.36635017395,1.06581604481,0
1536693189780230904,12.603377696,carbonZ_2018-09-11-15-05-11_2_no_failure,normal,-0.199999988079,22.6887702942,-5.17775583267,187,30.1644916534,-0.799304366112,26.6981277466,12.3497657776,7.60633659363,1.07178092003,0
1536693189810671544,12.633818336,carbonZ_2018-09-11-15-05-11_2_no_failure,normal,-0.0799999982119,22.7568626404,-4.35386514664,188,30.1644916534,-0.799304366112,26.6981277466,12.2627410889,7.7712392807,1.05861985683,0
1536693189876899160,12.700045952,carbonZ_2018-09-11-15-05-11_2_no_failure,normal,-0.0799999982119,22.7568626404,-4.35386514664,188,30.1644916534,-0.799304366112,26.6981277466,12.1246109009,8.02565574646,1.03438866138,0
1536693189947231256,12.770378048,carbonZ_2018-09-11-15-05-11_2_no_failure,normal,0.0299999993294,22.7568626404,-5.30732965469,188,30.1644916534,-0.799304366112,26.6981277466,11.9759521484,8.28364086151,0.990964889526,0
1536693190001534488,12.82468128,carbonZ_2018-09-11-15-05-11_2_no_failure,normal,0.0299999993294,22.7568626404,-5.30732965469,188,30.7355232239,0.209009557962,32.6195678711,11.8190383911,8.53778839111,0.946256279945,0
1536693190056326968,12.87947376,carbonZ_2018-09-11-15-05-11_2_no_failure,normal,0.140000000596,28.9774894714,-4.46908903122,189,30.7355232239,0.209009557962,32.6195678711,11.6634635925,8.7872171402,0.895783662796,0
1536693190094718968,12.91786576,carbonZ_2018-09-11-15-05-11_2_no_failure,normal,0.140000000596,28.9774894714,-4.46908903122,189,30.7355232239,0.209009557962,32.6195678711,11.5596008301,8.95044898987,0.865734875202,0
1536693190141572664,12.964719456,carbonZ_2018-09-11-15-05-11_2_no_failure,normal,0.239999994636,28.9774894714,-4.52329492569,189,30.7355232239,0.209009557962,32.6195678711,11.4554595947,9.10873413086,0.846111118793,0
1536693190222520920,13.045667712,carbonZ_2018-09-11-15-05-11_2_no_failure,normal,0.340000003576,21.3961601257,-3.72269678116,190,30.7355232239,0.209009557962,32.6195678711,11.2443008423,9.42049980164,0.814245939255,0
1536693190279186008,13.1023328,carbonZ_2018-09-11-15-05-11_2_no_failure,normal,0.340000003576,21.3961601257,-3.72269678116,190,30.7355232239,0.209009557962,32.6195678711,11.0732707977,9.6589422226,0.772521853447,0
1536693190342021976,13.165168768,carbonZ_2018-09-11-15-05-11_2_no_failure,normal,0.42999997735,21.3961601257,-2.95338559151,190,30.7355232239,0.209009557962,32.6195678711,10.9579029083,9.81277751923,0.746051669121,0
1536693190357089784,13.180236576,carbonZ_2018-09-11-15-05-11_2_no_failure,normal,0.42999997735,21.3961601257,-2.95338559151,190,30.7355232239,0.209009557962,32.6195678711,10.8998641968,9.88776779175,0.736850142479,0
1536693190438677400,13.261824192,carbonZ_2018-09-11-15-05-11_2_no_failure,normal,0.509999990463,44.4581031799,-2.21786880493,190,31.1169548035,1.12418055534,39.2162361145,10.6651182175,10.1811246872,0.701109588146,0
1536693190449034104,13.272180896,carbonZ_2018-09-11-15-05-11_2_no_failure,normal,0.509999990463,44.4581031799,-2.21786880493,190,31.1169548035,1.12418055534,39.2162361145,10.6058568954,10.2549753189,0.689350426197,0
1536693190499399928,13.32254672,carbonZ_2018-09-11-15-05-11_2_no_failure,normal,0.509999990463,44.4581031799,-2.21786880493,190,31.1169548035,1.12418055534,39.2162361145,10.4218654633,10.4753961563,0.650213181973,0
1536693190549577592,13.372724384,carbonZ_2018-09-11-15-05-11_2_no_failure,normal,0.579999983311,44.4581031799,-3.75528049469,191,31.1169548035,1.12418055534,39.2162361145,10.2943696976,10.6208600998,0.62496137619,0
1536693190618346584,13.441493376,carbonZ_2018-09-11-15-05-11_2_no_failure,normal,0.649999976158,45.982837677,-2.97856616974,191,31.1169548035,1.12418055534,39.2162361145,10.043513298,10.8989934921,0.591433703899,0
1536693190650572696,13.473719488,carbonZ_2018-09-11-15-05-11_2_no_failure,normal,0.649999976158,45.982837677,-2.97856616974,191,31.1169548035,1.12418055534,39.2162361145,9.98170852661,10.9686803818,0.583722472191,0
1536693190675829208,13.498976,carbonZ_2018-09-11-15-05-11_2_no_failure,normal,0.649999976158,45.982837677,-2.97856616974,191,31.1169548035,1.12418055534,39.2162361145,9.85866260529,11.1030216217,0.578314363956,0
1536693190740852888,13.56399968,carbonZ_2018-09-11-15-05-11_2_no_failure,normal,0.719999969006,45.982837677,-3.62496042252,191,31.1169548035,1.12418055534,39.2162361145,9.67464733124,11.2956180573,0.587675273418,0
1536693190807817880,13.630964672,carbonZ_2018-09-11-15-05-11_2_no_failure,normal,0.719999969006,45.982837677,-3.62496042252,191,31.1169548035,1.12418055534,39.2162361145,9.47850704193,11.4909610748,0.583456337452,0
1536693190845209176,13.668355968,carbonZ_2018-09-11-15-05-11_2_no_failure,normal,0.789999961853,50.3551483154,-2.86239671707,191,31.1067142487,1.2343454361,46.5372200012,9.33876037598,11.6274700165,0.56036734581,0
1536693190869997656,13.693144448,carbonZ_2018-09-11-15-05-11_2_no_failure,normal,0.789999961853,50.3551483154,-2.86239671707,191,31.1067142487,1.2343454361,46.5372200012,9.2681760788,11.6940469742,0.548775315285,0
1536693190952143672,13.775290464,carbonZ_2018-09-11-15-05-11_2_no_failure,normal,0.849999964237,50.3551483154,-3.32135105133,192,31.1067142487,1.2343454361,46.5372200012,8.97417354584,11.9649457932,0.49238345027,0
1536693191006057592,13.829204384,carbonZ_2018-09-11-15-05-11_2_no_failure,normal,0.909999966621,47.4653244019,-2.55967760086,192,31.1067142487,1.2343454361,46.5372200012,8.7360124588,12.172121048,0.432924062014,0
1536693191050049976,13.873196768,carbonZ_2018-09-11-15-05-11_2_no_failure,normal,0.909999966621,47.4653244019,-2.55967760086,192,31.1090221405,2.07937431335,50.7504653931,8.57668495178,12.305727005,0.393594890833,0
1536693191098479128,13.92162592,carbonZ_2018-09-11-15-05-11_2_no_failure,normal,0.909999966621,47.4653244019,-2.55967760086,192,31.1090221405,2.07937431335,50.7504653931,8.33250045776,12.4965858459,0.33768260479,0
1536693191129858392,13.953005184,carbonZ_2018-09-11-15-05-11_2_no_failure,normal,0.969999969006,47.4653244019,-2.80676412582,192,31.1090221405,2.07937431335,50.7504653931,8.24911975861,12.5575370789,0.31979367137,0
1536693191186116952,14.009263744,carbonZ_2018-09-11-15-05-11_2_no_failure,normal,0.969999969006,47.4653244019,-2.80676412582,192,31.1090221405,2.07937431335,50.7504653931,7.98157024384,12.7394914627,0.251482456923,0
1536693191216604440,14.039751232,carbonZ_2018-09-11-15-05-11_2_no_failure,normal,1.01999998093,63.7027740479,-2.09954237938,192,31.1090221405,2.07937431335,50.7504653931,7.89157152176,12.7985267639,0.231182262301,0
1536693191278088024,14.101234816,carbonZ_2018-09-11-15-05-11_2_no_failure,normal,1.01999998093,63.7027740479,-2.09954237938,192,31.1090221405,2.07937431335,50.7504653931,7.52430152893,13.030837059,0.136551052332,0
1536693191316799128,14.13994592,carbonZ_2018-09-11-15-05-11_2_no_failure,normal,1.05999994278,63.7027740479,-2.41219520569,192,31.1090221405,2.07937431335,50.7504653931,7.33213090897,13.1488838196,0.0803665816784,0
1536693191377957720,14.201104512,carbonZ_2018-09-11-15-05-11_2_no_failure,normal,1.05999994278,63.7027740479,-2.41219520569,192,31.1090221405,2.07937431335,50.7504653931,7.02452945709,13.3233222961,-0.0133815445006,0
1536693191414483576,14.237630368,carbonZ_2018-09-11-15-05-11_2_no_failure,normal,1.07999992371,66.2505187988,-1.74552249908,192,32.3232040405,4.57657146454,57.5892333984,6.82285404205,13.4285793304,-0.071329921484,0
1536693191476789752,14.299936544,carbonZ_2018-09-11-15-05-11_2_no_failure,normal,1.07999992371,66.2505187988,-1.74552249908,192,32.3232040405,4.57657146454,57.5892333984,6.52268409729,13.5778121948,-0.152652293444,0
1536693191540568408,14.3637152,carbonZ_2018-09-11-15-05-11_2_no_failure,normal,1.09000003338,66.2505187988,-1.12366998196,192,32.3232040405,4.57657146454,57.5892333984,6.21203041077,13.7190666199,-0.238710105419,0
1536693191605318488,14.42846528,carbonZ_2018-09-11-15-05-11_2_no_failure,normal,1.09000003338,66.2505187988,-1.12366998196,192,32.3232040405,4.57657146454,57.5892333984,5.89386749268,13.8589601517,-0.320873975754,0
1536693191616639736,14.439786528,carbonZ_2018-09-11-15-05-11_2_no_failure,normal,1.07999992371,78.3576965332,-0.745795547962,192,32.3232040405,4.57657146454,57.5892333984,5.79314994812,13.9002990723,-0.348513126373,0
1536693191684227224,14.507374016,carbonZ_2018-09-11-15-05-11_2_no_failure,normal,1.07999992371,78.3576965332,-0.745795547962,192,32.3232040405,4.57657146454,57.5892333984,5.46617126465,14.026848793,-0.44775608182,0
1536693191753016728,14.57616352,carbonZ_2018-09-11-15-05-11_2_no_failure,normal,1.04999995232,78.3576965332,-0.225847095251,191,32.3232040405,4.57657146454,57.5892333984,5.25062227249,14.1020908356,-0.515766978264,0
1536693191775717816,14.598864608,carbonZ_2018-09-11-15-05-11_2_no_failure,normal,1.04999995232,78.3576965332,-0.225847095251,191,33.6106109619,6.67641925812,63.8302955627,4.91650104523,14.2082166672,-0.616270124912,0
1536693191819970232,14.643117024,carbonZ_2018-09-11-15-05-11_2_no_failure,normal,1.00999999046,109.097671509,0.031220773235,191,33.6106109619,6.67641925812,63.8302955627,4.69447851181,14.2790136337,-0.676891803741,0
1536693191876518648,14.69966544,carbonZ_2018-09-11-15-05-11_2_no_failure,normal,1.00999999046,109.097671509,0.031220773235,191,33.6106109619,6.67641925812,63.8302955627,4.37456798553,14.3713531494,-0.771371364594,0
1536693191937440696,14.760587488,carbonZ_2018-09-11-15-05-11_2_no_failure,normal,0.949999988079,109.097671509,0.451332569122,191,33.6106109619,6.67641925812,63.8302955627,4.17170906067,14.4247484207,-0.8337906003,0
1536693191962962072,14.786108864,carbonZ_2018-09-11-15-05-11_2_no_failure,normal,0.949999988079,109.097671509,0.451332569122,191,33.6106109619,6.67641925812,63.8302955627,3.8543856144,14.4954090118,-0.929282963276,0
1536693192010650296,14.833797088,carbonZ_2018-09-11-15-05-11_2_no_failure,normal,0.949999988079,109.097671509,0.451332569122,191,33.6106109619,6.67641925812,63.8302955627,3.7498960495,14.5215358734,-0.953450620174,0
1536693192040648344,14.863795136,carbonZ_2018-09-11-15-05-11_2_no_failure,normal,0.870000004768,120.499420166,0.804636061192,191,33.6106109619,6.67641925812,63.8302955627,3.45001530647,14.5857610703,-1.0435346365,0
1536693192120379224,14.943526016,carbonZ_2018-09-11-15-05-11_2_no_failure,normal,0.789999961853,120.499420166,1.08052432537,190,30.4737739563,7.06871891022,70.4335784912,3.15086293221,14.6452970505,-1.14752554893,0
1536693192157972568,14.98111936,carbonZ_2018-09-11-15-05-11_2_no_failure,normal,0.789999961853,120.499420166,1.08052432537,190,30.4737739563,7.06871891022,70.4335784912,2.85203647614,14.6918811798,-1.2608833313,0
1536693192210528856,15.033675648,carbonZ_2018-09-11-15-05-11_2_no_failure,normal,0.680000007153,136.945159912,1.34764790535,190,30.4737739563,7.06871891022,70.4335784912,2.65450453758,14.7190723419,-1.32789766788,0
1536693192250648248,15.07379504,carbonZ_2018-09-11-15-05-11_2_no_failure,normal,0.680000007153,136.945159912,1.34764790535,190,30.4737739563,7.06871891022,70.4335784912,2.55990576744,14.7333574295,-1.35453295708,0
1536693192293270968,15.11641776,carbonZ_2018-09-11-15-05-11_2_no_failure,normal,0.680000007153,136.945159912,1.34764790535,190,30.4737739563,7.06871891022,70.4335784912,2.19788241386,14.7795677185,-1.44801008701,0
1536693192370032536,15.193179328,carbonZ_2018-09-11-15-05-11_2_no_failure,normal,0.560000002384,136.945159912,1.56959569454,190,30.4737739563,7.06871891022,70.4335784912,2.02524781227,14.7933683395,-1.48720109463,0
1536693192428720344,15.251867136,carbonZ_2018-09-11-15-05-11_2_no_failure,normal,0.42999997735,150.680633545,1.74770581722,189,30.4737739563,7.06871891022,70.4335784912,1.78689956665,14.8093643188,-1.51631939411,0
1536693192443866584,15.267013376,carbonZ_2018-09-11-15-05-11_2_no_failure,normal,0.42999997735,150.680633545,1.74770581722,189,30.4737739563,7.06871891022,70.4335784912,1.71358799934,14.8125152588,-1.52145326138,0
1536693192491635160,15.314781952,carbonZ_2018-09-11-15-05-11_2_no_failure,normal,0.42999997735,150.680633545,1.74770581722,189,26.0109462738,5.98310232162,76.7539596558,1.50506007671,14.8222732544,-1.52425718307,0
1536693192566052216,15.389199008,carbonZ_2018-09-11-15-05-11_2_no_failure,normal,0.289999991655,150.680633545,1.89242041111,189,26.0109462738,5.98310232162,76.7539596558,1.37494146824,14.8205413818,-1.52305674553,0
1536693192615332312,15.438479104,carbonZ_2018-09-11-15-05-11_2_no_failure,normal,0.140000000596,164.527511597,2.00373911858,188,26.0109462738,5.98310232162,76.7539596558,1.12809336185,14.8079710007,-1.52241158485,0
1536693192637980760,15.461127552,carbonZ_2018-09-11-15-05-11_2_no_failure,normal,0.140000000596,164.527511597,2.00373911858,188,26.0109462738,5.98310232162,76.7539596558,1.12809336185,14.8079710007,-1.52241158485,0
1536693192698278072,15.521424864,carbonZ_2018-09-11-15-05-11_2_no_failure,normal,0.140000000596,164.527511597,2.00373911858,188,26.0109462738,5.98310232162,76.7539596558,0.901883661747,14.7935600281,-1.50688767433,0
1536693192777595672,15.600742464,carbonZ_2018-09-11-15-05-11_2_no_failure,normal,0.0,164.527511597,2.09279417992,188,26.0109462738,5.98310232162,76.7539596558,0.694109976292,14.7699718475,-1.46436035633,0
1536693192826857336,15.650004128,carbonZ_2018-09-11-15-05-11_2_no_failure,normal,-0.140000000596,172.714706421,2.14845371246,187,26.0109462738,5.98310232162,76.7539596558,0.595123589039,14.7558012009,-1.44424819946,0
1536693192855239160,15.678385952,carbonZ_2018-09-11-15-05-11_2_no_failure,normal,-0.140000000596,172.714706421,2.14845371246,187,26.0109462738,5.98310232162,76.7539596558,0.550559401512,14.7499456406,-1.4317728281,0
1536693192915697368,15.73884416,carbonZ_2018-09-11-15-05-11_2_no_failure,normal,-0.280000001192,172.714706421,2.19298124313,187,26.0109462738,5.98310232162,76.7539596558,0.423865258694,14.7294073105,-1.39653193951,0
1536693192935037976,15.758184768,carbonZ_2018-09-11-15-05-11_2_no_failure,normal,-0.280000001192,172.714706421,2.19298124313,187,26.0109462738,5.98310232162,76.7539596558,0.34515491128,14.716594696,-1.37183582783,0
1536693193049917688,15.87306448,carbonZ_2018-09-11-15-05-11_2_no_failure,normal,-0.409999996424,182.707977295,2.21524500847,186,16.6036224365,5.15848350525,83.1859359741,0.157750546932,14.6661920547,-1.36374294758,0
1536693193099715096,15.922861888,carbonZ_2018-09-11-15-05-11_2_no_failure,normal,-0.409999996424,182.707977295,2.21524500847,186,16.6036224365,5.15848350525,83.1859359741,0.0706557631493,14.6343517303,-1.34459483624,0
1536693193150556536,15.973703328,carbonZ_2018-09-11-15-05-11_2_no_failure,normal,-0.539999961853,182.707977295,2.22637701035,185,16.6036224365,5.15848350525,83.1859359741,0.0197701081634,14.6111831665,-1.33028972149,0
1536693193202645112,16.025791904,carbonZ_2018-09-11-15-05-11_2_no_failure,normal,-0.539999961853,182.707977295,2.22637701035,185,16.6036224365,5.15848350525,83.1859359741,-0.056014098227,14.5707559586,-1.32945907116,0
1536693193243807608,16.0669544,carbonZ_2018-09-11-15-05-11_2_no_failure,normal,-0.669999957085,197.46446228,2.21524500847,185,16.6036224365,5.15848350525,83.1859359741,-0.118889115751,14.5339241028,-1.3242521286,0
1536693193323460376,16.146607168,carbonZ_2018-09-11-15-05-11_2_no_failure,normal,-0.810000002384,197.46446228,2.19298124313,184,11.3658494949,5.19545459747,85.3672714233,-0.184184581041,14.4943628311,-1.32522571087,0
1536693193346139448,16.16928624,carbonZ_2018-09-11-15-05-11_2_no_failure,normal,-0.810000002384,197.46446228,2.19298124313,184,11.3658494949,5.19545459747,85.3672714233,-0.200369536877,14.4806098938,-1.32045972347,0
1536693193428845880,16.251992672,carbonZ_2018-09-11-15-05-11_2_no_failure,normal,-0.939999997616,215.860931396,2.1707174778,184,11.3658494949,5.19545459747,85.3672714233,-0.272184252739,14.421833992,-1.32718193531,0
1536693193452924120,16.276070912,carbonZ_2018-09-11-15-05-11_2_no_failure,normal,-0.939999997616,215.860931396,2.1707174778,184,11.3658494949,5.19545459747,85.3672714233,-0.287251532078,14.4064588547,-1.33199930191,0
1536693193530463832,16.353610624,carbonZ_2018-09-11-15-05-11_2_no_failure,normal,-1.06999993324,215.860931396,2.13732194901,183,11.3658494949,5.19545459747,85.3672714233,-0.335272789001,14.3512401581,-1.33676588535,0
1536693193552182200,16.375328992,carbonZ_2018-09-11-15-05-11_2_no_failure,normal,-1.06999993324,215.860931396,2.13732194901,183,11.3658494949,5.19545459747,85.3672714233,-0.348802268505,14.3331737518,-1.34547865391,0
1536693193620653592,16.443800384,carbonZ_2018-09-11-15-05-11_2_no_failure,normal,-1.20999991894,235.222625732,2.09279417992,183,11.3658494949,5.19545459747,85.3672714233,-0.381146937609,14.2659416199,-1.36592698097,0
1536693193679340408,16.5024872,carbonZ_2018-09-11-15-05-11_2_no_failure,normal,-1.20999991894,235.222625732,2.09279417992,183,11.3658494949,5.19545459747,85.3672714233,-0.399959087372,14.213719368,-1.37193524837,0
1536693193721185944,16.544332736,carbonZ_2018-09-11-15-05-11_2_no_failure,normal,-1.35000002384,235.222625732,2.05939865112,182,11.3658494949,5.19545459747,85.3672714233,-0.405210614204,14.1864757538,-1.37406265736,0
1536693193742530488,16.56567728,carbonZ_2018-09-11-15-05-11_2_no_failure,normal,-1.35000002384,235.222625732,2.05939865112,182,11.3658494949,5.19545459747,85.3672714233,-0.40936756134,14.1716814041,-1.3725014925,0
1536693193806886584,16.630033376,carbonZ_2018-09-11-15-05-11_2_no_failure,normal,-1.35000002384,235.222625732,2.05939865112,182,4.79334259033,5.40350341797,87.3860397339,-0.423745006323,14.123623848,-1.37686347961,0
1536693193862394232,16.685541024,carbonZ_2018-09-11-15-05-11_2_no_failure,normal,-1.49000000954,249.855514526,2.01487112045,182,4.79334259033,5.40350341797,87.3860397339,-0.441421210766,14.0769166946,-1.37881851196,0
1536693193910242424,16.733389216,carbonZ_2018-09-11-15-05-11_2_no_failure,normal,-1.62999999523,249.855514526,1.95921170712,181,4.79334259033,5.40350341797,87.3860397339,-0.4450481534,14.052945137,-1.3830999136,0
1536693193934851832,16.757998624,carbonZ_2018-09-11-15-05-11_2_no_failure,normal,-1.62999999523,249.855514526,1.95921170712,181,4.79334259033,5.40350341797,87.3860397339,-0.452758610249,14.0243186951,-1.39660429955,0
1536693194015113336,16.838260128,carbonZ_2018-09-11-15-05-11_2_no_failure,normal,-1.76999998093,266.072265625,1.91468417645,181,4.79334259033,5.40350341797,87.3860397339,-0.453490763903,13.9675140381,-1.39837431908,0
1536693194052357784,16.875504576,carbonZ_2018-09-11-15-05-11_2_no_failure,normal,-1.76999998093,266.072265625,1.91468417645,181,4.79334259033,5.40350341797,87.3860397339,-0.452274948359,13.9485692978,-1.39937722683,0
1536693194095701624,16.918848416,carbonZ_2018-09-11-15-05-11_2_no_failure,normal,-1.76999998093,266.072265625,1.91468417645,181,4.79334259033,5.40350341797,87.3860397339,-0.438884317875,13.9135112762,-1.35888683796,0
1536693194177580600,17.000727392,carbonZ_2018-09-11-15-05-11_2_no_failure,normal,-1.91999995708,266.072265625,1.87015664577,180,4.79334259033,5.40350341797,87.3860397339,-0.419615954161,13.8721456528,-1.30162060261,0
1536693194216419896,17.039566688,carbonZ_2018-09-11-15-05-11_2_no_failure,normal,-2.05999994278,278.217041016,1.81449723244,180,4.79334259033,5.40350341797,87.3860397339,-0.404995709658,13.8440990448,-1.26322329044,0
1536693194288566200,17.111712992,carbonZ_2018-09-11-15-05-11_2_no_failure,normal,-2.05999994278,278.217041016,1.81449723244,180,2.82602643967,4.31947374344,86.3401107788,-0.370010703802,13.7991456985,-1.1995472908,0
1536693194321172856,17.144319648,carbonZ_2018-09-11-15-05-11_2_no_failure,normal,-2.19000005722,278.217041016,1.76996958256,179,2.82602643967,4.31947374344,86.3401107788,-0.34972858429,13.7829818726,-1.156067729,0
1536693194342762936,17.165909728,carbonZ_2018-09-11-15-05-11_2_no_failure,normal,-2.19000005722,278.217041016,1.76996958256,179,2.82602643967,4.31947374344,86.3401107788,-0.332325428724,13.7576551437,-1.10975849628,0
1536693194404961432,17.228108224,carbonZ_2018-09-11-15-05-11_2_no_failure,normal,-2.19000005722,278.217041016,1.76996958256,179,2.82602643967,4.31947374344,86.3401107788,-0.308932423592,13.7402744293,-1.05067741871,0
1536693194456300504,17.279447296,carbonZ_2018-09-11-15-05-11_2_no_failure,normal,-2.29999995232,290.691650391,1.73657393456,179,2.82602643967,4.31947374344,86.3401107788,-0.272131860256,13.7134046555,-0.968869745731,0
1536693194528085656,17.351232448,carbonZ_2018-09-11-15-05-11_2_no_failure,normal,-2.39999985695,290.691650391,1.69204640388,179,2.82602643967,4.31947374344,86.3401107788,-0.236546859145,13.6913013458,-0.90297961235,0
1536693194566470424,17.389617216,carbonZ_2018-09-11-15-05-11_2_no_failure,normal,-2.39999985695,290.691650391,1.69204640388,179,2.82602643967,4.31947374344,86.3401107788,-0.215209931135,13.6729459763,-0.88576644659,0
1536693194615423384,17.438570176,carbonZ_2018-09-11-15-05-11_2_no_failure,normal,-2.5,303.345489502,1.65865075588,178,1.35312533379,2.76051282883,85.9317779541,-0.184825360775,13.6497373581,-0.840699672699,0
1536693194705652024,17.528798816,carbonZ_2018-09-11-15-05-11_2_no_failure,normal,-2.5,303.345489502,1.65865075588,178,1.35312533379,2.76051282883,85.9317779541,-0.149146527052,13.6172418594,-0.783860862255,0
1536693194773225272,17.596372064,carbonZ_2018-09-11-15-05-11_2_no_failure,normal,-2.57999992371,303.345489502,1.63638699055,178,1.35312533379,2.76051282883,85.9317779541,-0.116698183119,13.5875263214,-0.680645167828,0
1536693194820943640,17.644090432,carbonZ_2018-09-11-15-05-11_2_no_failure,normal,-2.65999984741,314.836791992,1.61412322521,178,1.35312533379,2.76051282883,85.9317779541,-0.0964128896594,13.5630140305,-0.607485413551,0
1536693194853138008,17.6762848,carbonZ_2018-09-11-15-05-11_2_no_failure,normal,-2.65999984741,314.836791992,1.61412322521,178,1.35312533379,2.76051282883,85.9317779541,-0.0964128896594,13.5630140305,-0.607485413551,0
1536693194928779256,17.751926048,carbonZ_2018-09-11-15-05-11_2_no_failure,normal,-2.72000002861,314.836791992,1.59185945988,177,1.35312533379,2.76051282883,85.9317779541,-0.0705848708749,13.5445261002,-0.490130841732,0
1536693194945407800,17.768554592,carbonZ_2018-09-11-15-05-11_2_no_failure,normal,-2.72000002861,314.836791992,1.59185945988,177,1.35312533379,2.76051282883,85.9317779541,-0.0705848708749,13.5445261002,-0.490130841732,0
1536693195008486584,17.831633376,carbonZ_2018-09-11-15-05-11_2_no_failure,normal,-2.76999998093,322.922790527,1.56959569454,177,1.35312533379,2.76051282883,85.9317779541,-0.050524584949,13.5162906647,-0.377419263124,0
1536693195050641592,17.873788384,carbonZ_2018-09-11-15-05-11_2_no_failure,normal,-2.76999998093,322.922790527,1.56959569454,177,1.59373819828,1.82571041584,85.8551712036,-0.0387604162097,13.503862381,-0.317791193724,0
1536693195118715320,17.941862112,carbonZ_2018-09-11-15-05-11_2_no_failure,normal,-2.79999995232,322.922790527,1.55846381187,176,1.59373819828,1.82571041584,85.8551712036,-0.0125521495938,13.4878635406,-0.227260068059,0
1536693195143404632,17.966551424,carbonZ_2018-09-11-15-05-11_2_no_failure,normal,-2.79999995232,322.922790527,1.55846381187,176,1.59373819828,1.82571041584,85.8551712036,-0.00505908112973,13.4846382141,-0.196235403419,0
1536693195216005784,18.039152576,carbonZ_2018-09-11-15-05-11_2_no_failure,normal,-2.81999993324,329.113952637,1.53620004654,176,1.59373819828,1.82571041584,85.8551712036,0.0311407595873,13.4692173004,-0.0892070233822,0
1536693195296647544,18.119794336,carbonZ_2018-09-11-15-05-11_2_no_failure,normal,-2.81999993324,329.113952637,1.53620004654,176,1.59373819828,1.82571041584,85.8551712036,0.0311407595873,13.4692173004,-0.0892070233822,0
1536693195388800120,18.211946912,carbonZ_2018-09-11-15-05-11_2_no_failure,normal,-2.82999992371,329.113952637,1.52506816387,176,1.132188797,0.997117459774,84.7859344482,0.0702246204019,13.4638376236,-0.0414389744401,0
1536693195405249368,18.22839616,carbonZ_2018-09-11-15-05-11_2_no_failure,normal,-2.82999992371,329.113952637,1.52506816387,176,1.132188797,0.997117459774,84.7859344482,0.0978295579553,13.4618453979,-0.023345226422,0
1536693195478132888,18.30127968,carbonZ_2018-09-11-15-05-11_2_no_failure,normal,-2.83999991417,333.981323242,1.5139362812,176,1.132188797,0.997117459774,84.7859344482,0.141066282988,13.4588060379,0.0856176763773,0
1536693195533584312,18.356731104,carbonZ_2018-09-11-15-05-11_2_no_failure,normal,-2.83999991417,333.981323242,1.5139362812,175,1.132188797,0.997117459774,84.7859344482,0.163566038013,13.4527816772,0.127329587936,0
1536693195554815608,18.3779624,carbonZ_2018-09-11-15-05-11_2_no_failure,normal,-2.83999991417,333.981323242,1.5139362812,175,1.132188797,0.997117459774,84.7859344482,0.176084950566,13.4537153244,0.157324537635,0
1536693195616364312,18.439511104,carbonZ_2018-09-11-15-05-11_2_no_failure,normal,-2.82999992371,334.886260986,1.5139362812,175,1.132188797,0.997117459774,84.7859344482,0.228614196181,13.4472560883,0.244219750166,0
1536693195635697688,18.45884448,carbonZ_2018-09-11-15-05-11_2_no_failure,normal,-2.82999992371,334.886260986,1.5139362812,175,1.132188797,0.997117459774,84.7859344482,0.242744356394,13.4462842941,0.267131865025,0
1536693195725311096,18.548457888,carbonZ_2018-09-11-15-05-11_2_no_failure,normal,-2.80999994278,334.886260986,1.52506816387,175,0.488092035055,0.50552213192,83.5521240234,0.298727929592,13.4469356537,0.374103039503,0
1536693195784204216,18.607351008,carbonZ_2018-09-11-15-05-11_2_no_failure,normal,-2.80999994278,334.886260986,1.52506816387,175,0.488092035055,0.50552213192,83.5521240234,0.339353471994,13.4473705292,0.448729544878,0
1536693195825344728,18.64849152,carbonZ_2018-09-11-15-05-11_2_no_failure,normal,-2.76999998093,335.253723145,1.53620004654,175,0.488092035055,0.50552213192,83.5521240234,0.367045253515,13.448923111,0.486075729132,0
1536693195848708952,18.671855744,carbonZ_2018-09-11-15-05-11_2_no_failure,normal,-2.76999998093,335.253723145,1.53620004654,175,0.488092035055,0.50552213192,83.5521240234,0.381096035242,13.4502916336,0.509293615818,0
1536693195894111320,18.717258112,carbonZ_2018-09-11-15-05-11_2_no_failure,normal,-2.76999998093,335.253723145,1.53620004654,175,0.488092035055,0.50552213192,83.5521240234,0.421421915293,13.4553852081,0.551026046276,0
1536693195984436664,18.807583456,carbonZ_2018-09-11-15-05-11_2_no_failure,normal,-2.73000001907,335.253723145,1.56959569454,174,0.488092035055,0.50552213192,83.5521240234,0.457661449909,13.4599885941,0.581743776798,0
1536693196007159416,18.830306208,carbonZ_2018-09-11-15-05-11_2_no_failure,normal,-2.66999983788,336.213867188,1.60299134254,174,0.488092035055,0.50552213192,83.5521240234,0.457661449909,13.4599885941,0.581743776798,0
1536693196056768824,18.879915616,carbonZ_2018-09-11-15-05-11_2_no_failure,normal,-2.66999983788,336.213867188,1.60299134254,174,0.488092035055,0.50552213192,83.5521240234,0.503741145134,13.4738483429,0.602822542191,0
1536693196130499960,18.953646752,carbonZ_2018-09-11-15-05-11_2_no_failure,normal,-2.61999988556,336.213867188,1.63638699055,174,1.57112622261,0.102977372706,82.8613128662,0.541509926319,13.4900751114,0.620071649551,0
1536693196147658296,18.970805088,carbonZ_2018-09-11-15-05-11_2_no_failure,normal,-2.61999988556,336.213867188,1.63638699055,174,1.57112622261,0.102977372706,82.8613128662,0.547641634941,13.4885139465,0.608753561974,0
1536693196190998936,19.014145728,carbonZ_2018-09-11-15-05-11_2_no_failure,normal,-2.61999988556,336.213867188,1.63638699055,174,1.57112622261,0.102977372706,82.8613128662,0.579474627972,13.506064415,0.599717199802,0
1536693196257364248,19.08051104,carbonZ_2018-09-11-15-05-11_2_no_failure,normal,-2.55999994278,329.402832031,1.68091452122,174,1.57112622261,0.102977372706,82.8613128662,0.594034969807,13.5113925934,0.590535700321,0
1536693196298154616,19.121301408,carbonZ_2018-09-11-15-05-11_2_no_failure,normal,-2.55999994278,329.402832031,1.68091452122,174,1.57112622261,0.102977372706,82.8613128662,0.611340999603,13.5194358826,0.583308339119,0
1536693196337088408,19.1602352,carbonZ_2018-09-11-15-05-11_2_no_failure,normal,-2.50999999046,329.402832031,1.72544205189,174,1.57112622261,0.102977372706,82.8613128662,0.635142922401,13.5247602463,0.579306125641,0
1536693196407752984,19.230899776,carbonZ_2018-09-11-15-05-11_2_no_failure,normal,-2.46000003815,327.764526367,1.78110146523,173,1.57112622261,0.102977372706,82.8613128662,0.659524619579,13.532283783,0.592617869377,0
1536693196444892600,19.268039392,carbonZ_2018-09-11-15-05-11_2_no_failure,normal,-2.46000003815,327.764526367,1.78110146523,173,1.57112622261,0.102977372706,82.8613128662,0.669007778168,13.5350017548,0.603220283985,0
1536693196488406616,19.311553408,carbonZ_2018-09-11-15-05-11_2_no_failure,normal,-2.46000003815,327.764526367,1.78110146523,173,1.57112622261,0.102977372706,82.8613128662,0.683490037918,13.5426368713,0.613034963608,0
1536693196536733304,19.359880096,carbonZ_2018-09-11-15-05-11_2_no_failure,normal,-2.40999984741,327.764526367,1.83676099777,173,1.57112622261,0.102977372706,82.8613128662,0.705092012882,13.5493478775,0.642361104488,0
1536693196586928472,19.410075264,carbonZ_2018-09-11-15-05-11_2_no_failure,normal,-2.40999984741,327.764526367,1.83676099777,173,1.57112622261,0.102977372706,82.8613128662,0.720874011517,13.5574798584,0.664273798466,0
1536693196619645784,19.442792576,carbonZ_2018-09-11-15-05-11_2_no_failure,normal,-2.3599998951,326.492034912,1.89242041111,173,2.7027015686,-0.369954943657,82.0311813354,0.733619213104,13.5637540817,0.672942340374,0
1536693196693181976,19.516328768,carbonZ_2018-09-11-15-05-11_2_no_failure,normal,-2.3599998951,326.492034912,1.89242041111,173,2.7027015686,-0.369954943657,82.0311813354,0.763725459576,13.5824098587,0.709762811661,0
1536693196762677368,19.58582416,carbonZ_2018-09-11-15-05-11_2_no_failure,normal,-2.29999995232,326.492034912,1.95921170712,173,2.7027015686,-0.369954943657,82.0311813354,0.781371712685,13.5915956497,0.725887060165,0
1536693196798458296,19.621605088,carbonZ_2018-09-11-15-05-11_2_no_failure,normal,-2.29999995232,326.492034912,1.95921170712,173,2.7027015686,-0.369954943657,82.0311813354,0.793059647083,13.5966243744,0.731041014194,0
1536693196827046616,19.650193408,carbonZ_2018-09-11-15-05-11_2_no_failure,normal,-2.23000001907,322.328186035,2.02600288391,173,2.7027015686,-0.369954943657,82.0311813354,0.799633562565,13.6047449112,0.740638554096,0
1536693196876009272,19.699156064,carbonZ_2018-09-11-15-05-11_2_no_failure,normal,-2.23000001907,322.328186035,2.02600288391,173,2.7027015686,-0.369954943657,82.0311813354,0.813727915287,13.6181774139,0.745263278484,0
1536693196936770424,19.759917216,carbonZ_2018-09-11-15-05-11_2_no_failure,normal,-2.16999983788,322.328186035,2.09279417992,173,2.7027015686,-0.369954943657,82.0311813354,0.821003615856,13.6286735535,0.741129517555,0
1536693196977994712,19.801141504,carbonZ_2018-09-11-15-05-11_2_no_failure,normal,-2.16999983788,322.328186035,2.09279417992,173,3.7123529911,-0.196009993553,81.7080612183,0.828075289726,13.6396579742,0.729804396629,0
1536693197022402232,19.845549024,carbonZ_2018-09-11-15-05-11_2_no_failure,normal,-2.09999990463,320.440490723,2.15958571434,173,3.7123529911,-0.196009993553,81.7080612183,0.831741809845,13.6477470398,0.726271092892,0
1536693197055183736,19.878330528,carbonZ_2018-09-11-15-05-11_2_no_failure,normal,-2.09999990463,320.440490723,2.15958571434,173,3.7123529911,-0.196009993553,81.7080612183,0.837019622326,13.65675354,0.723923504353,0
1536693197134627736,19.957774528,carbonZ_2018-09-11-15-05-11_2_no_failure,normal,-2.02999997139,320.440490723,2.2375087738,173,3.7123529911,-0.196009993553,81.7080612183,0.84136480093,13.6689243317,0.717495918274,0
1536693197207496760,20.030643552,carbonZ_2018-09-11-15-05-11_2_no_failure,normal,-2.02999997139,320.440490723,2.2375087738,173,3.7123529911,-0.196009993553,81.7080612183,0.846579670906,13.6778888702,0.737862765789,0
1536693197280312728,20.10345952,carbonZ_2018-09-11-15-05-11_2_no_failure,normal,-1.95999991894,316.136169434,2.31543207169,173,3.7123529911,-0.196009993553,81.7080612183,0.844955205917,13.6848201752,0.765299975872,0
1536693197327173816,20.150320608,carbonZ_2018-09-11-15-05-11_2_no_failure,normal,-1.88999998569,316.136169434,2.38222336769,173,3.7123529911,-0.196009993553,81.7080612183,0.843495428562,13.6930913925,0.777214348316,0
1536693197370330360,20.193477152,carbonZ_2018-09-11-15-05-11_2_no_failure,normal,-1.88999998569,316.136169434,2.38222336769,173,4.84885692596,-0.0797636955976,81.3784408569,0.841533303261,13.6941423416,0.791898965836,0
1536693197413084888,20.23623168,carbonZ_2018-09-11-15-05-11_2_no_failure,normal,-1.80999994278,309.443389893,2.46014642715,173,4.84885692596,-0.0797636955976,81.3784408569,0.839683294296,13.7038784027,0.823822200298,0
1536693197446945304,20.270092096,carbonZ_2018-09-11-15-05-11_2_no_failure,normal,-1.80999994278,309.443389893,2.46014642715,173,4.84885692596,-0.0797636955976,81.3784408569,0.833606004715,13.7038516998,0.819619178772,0
1536693197489413208,20.31256,carbonZ_2018-09-11-15-05-11_2_no_failure,normal,-1.80999994278,309.443389893,2.46014642715,173,4.84885692596,-0.0797636955976,81.3784408569,0.830548405647,13.7137413025,0.827296555042,0
1536693197544897752,20.368044544,carbonZ_2018-09-11-15-05-11_2_no_failure,normal,-1.73000001907,309.443389893,2.53806972504,173,4.84885692596,-0.0797636955976,81.3784408569,0.819180071354,13.725481987,0.832707643509,0
1536693197590750168,20.41389696,carbonZ_2018-09-11-15-05-11_2_no_failure,normal,-1.73000001907,309.443389893,2.53806972504,173,4.84885692596,-0.0797636955976,81.3784408569,0.801270902157,13.7302045822,0.81716299057,0
1536693197620300440,20.443447232,carbonZ_2018-09-11-15-05-11_2_no_failure,normal,-1.64999997616,307.812866211,2.6159927845,173,4.84885692596,-0.0797636955976,81.3784408569,0.798066735268,13.7381000519,0.817397177219,0
1536693197699294296,20.522441088,carbonZ_2018-09-11-15-05-11_2_no_failure,normal,-1.57999992371,307.812866211,2.68278408051,173,6.29251003265,0.246329814196,81.0292282104,0.770635187626,13.7566833496,0.784496724606,0
1536693197713222552,20.536369344,carbonZ_2018-09-11-15-05-11_2_no_failure,normal,-1.57999992371,307.812866211,2.68278408051,173,6.29251003265,0.246329814196,81.0292282104,0.770635187626,13.7566833496,0.784496724606,0
1536693197820961496,20.644108288,carbonZ_2018-09-11-15-05-11_2_no_failure,normal,-1.50999999046,302.191436768,2.74957537651,173,6.29251003265,0.246329814196,81.0292282104,0.717554450035,13.7799434662,0.710928618908,0
1536693197851804696,20.674951488,carbonZ_2018-09-11-15-05-11_2_no_failure,normal,-1.50999999046,302.191436768,2.74957537651,173,6.29251003265,0.246329814196,81.0292282104,0.68866622448,13.7925424576,0.66698461771,0
1536693197925881592,20.749028384,carbonZ_2018-09-11-15-05-11_2_no_failure,normal,-1.44999992847,302.191436768,2.81636667252,173,6.29251003265,0.246329814196,81.0292282104,0.670259535313,13.8015899658,0.65521132946,0
1536693197941875480,20.765022272,carbonZ_2018-09-11-15-05-11_2_no_failure,normal,-1.44999992847,302.191436768,2.81636667252,173,6.29251003265,0.246329814196,81.0292282104,0.661766588688,13.7988176346,0.645933032036,0
1536693198006950840,20.830097632,carbonZ_2018-09-11-15-05-11_2_no_failure,normal,-1.44999992847,302.191436768,2.81636667252,173,6.29251003265,0.246329814196,81.0292282104,0.639630377293,13.808889389,0.629482328892,0
1536693198052221048,20.87536784,carbonZ_2018-09-11-15-05-11_2_no_failure,normal,-1.38999998569,291.082275391,2.87202620506,173,7.38168239594,1.09570908546,80.4680175781,0.6265437603,13.8127765656,0.615828812122,0
1536693198127276792,20.950423584,carbonZ_2018-09-11-15-05-11_2_no_failure,normal,-1.33999991417,291.082275391,2.92768573761,173,7.38168239594,1.09570908546,80.4680175781,0.598267912865,13.8195257187,0.575044155121,0
1536693198148847032,20.971993824,carbonZ_2018-09-11-15-05-11_2_no_failure,normal,-1.33999991417,291.082275391,2.92768573761,173,7.38168239594,1.09570908546,80.4680175781,0.587523579597,13.8182659149,0.546029686928,0
1536693198198613304,21.021760096,carbonZ_2018-09-11-15-05-11_2_no_failure,normal,-1.28999996185,290.830047607,2.98334503174,173,7.38168239594,1.09570908546,80.4680175781,0.567377567291,13.8151941299,0.497696906328,0
1536693198238165528,21.06131232,carbonZ_2018-09-11-15-05-11_2_no_failure,normal,-1.28999996185,290.830047607,2.98334503174,173,7.38168239594,1.09570908546,80.4680175781,0.561195909977,13.8126363754,0.476410090923,0
1536693198339312376,21.162459168,carbonZ_2018-09-11-15-05-11_2_no_failure,normal,-1.25,290.830047607,3.03900456429,173,7.38168239594,1.09570908546,80.4680175781,0.535282194614,13.801322937,0.383236169815,0
1536693198421312952,21.244459744,carbonZ_2018-09-11-15-05-11_2_no_failure,normal,-1.23000001907,366.150390625,3.09466385841,173,6.92410612106,3.08478188515,80.352142334,0.514525771141,13.788611412,0.29597607255,0
1536693198455033976,21.278180768,carbonZ_2018-09-11-15-05-11_2_no_failure,normal,-1.23000001907,366.150390625,3.09466385841,173,6.92410612106,3.08478188515,80.352142334,0.510971426964,13.7859964371,0.279152303934,0
1536693198518631096,21.341777888,carbonZ_2018-09-11-15-05-11_2_no_failure,normal,-1.19999992847,366.150390625,3.15032339096,173,6.92410612106,3.08478188515,80.352142334,0.494600951672,13.775147438,0.225514099002,0
1536693198549327800,21.372474592,carbonZ_2018-09-11-15-05-11_2_no_failure,normal,-1.19999992847,366.150390625,3.15032339096,173,6.92410612106,3.08478188515,80.352142334,0.492224127054,13.7704048157,0.219312384725,0
1536693198598359832,21.421506624,carbonZ_2018-09-11-15-05-11_2_no_failure,normal,-1.19999992847,366.150390625,3.15032339096,173,6.92410612106,3.08478188515,80.352142334,0.480987817049,13.7559957504,0.195365384221,0
1536693198649691928,21.47283872,carbonZ_2018-09-11-15-05-11_2_no_failure,normal,-1.18999993801,362.52935791,3.20598268509,173,6.92410612106,3.08478188515,80.352142334,0.475570976734,13.749376297,0.183386236429,0
1536693198689205720,21.512352512,carbonZ_2018-09-11-15-05-11_2_no_failure,normal,-1.18999993801,362.52935791,3.20598268509,173,6.92410612106,3.08478188515,80.352142334,0.467566072941,13.7420272827,0.168948695064,0
1536693198742102200,21.565248992,carbonZ_2018-09-11-15-05-11_2_no_failure,normal,-1.16999995708,362.52935791,3.25051021576,173,6.45591163635,3.2710287571,80.6164169312,0.455218434334,13.7331161499,0.147944867611,0
1536693198778214200,21.601360992,carbonZ_2018-09-11-15-05-11_2_no_failure,normal,-1.16999995708,362.52935791,3.25051021576,173,6.45591163635,3.2710287571,80.6164169312,0.447037875652,13.7230424881,0.133272215724,0
1536693198849652120,21.672798912,carbonZ_2018-09-11-15-05-11_2_no_failure,normal,-1.14999997616,362.453552246,3.29503774643,174,6.45591163635,3.2710287571,80.6164169312,0.431858450174,13.7087917328,0.104355558753,0
1536693198863732312,21.686879104,carbonZ_2018-09-11-15-05-11_2_no_failure,normal,-1.14999997616,362.453552246,3.29503774643,174,6.45591163635,3.2710287571,80.6164169312,0.427093356848,13.7016525269,0.096591219306,0
1536693198890720920,21.713867712,carbonZ_2018-09-11-15-05-11_2_no_failure,normal,-1.14999997616,362.453552246,3.29503774643,174,6.45591163635,3.2710287571,80.6164169312,0.419544070959,13.6953105927,0.0900495797396,0
1536693198966625176,21.789771968,carbonZ_2018-09-11-15-05-11_2_no_failure,normal,-1.13999998569,362.453552246,3.35069727898,174,6.45591163635,3.2710287571,80.6164169312,0.403846353292,13.680346489,0.0772323906422,0
1536693199006671384,21.829818176,carbonZ_2018-09-11-15-05-11_2_no_failure,normal,-1.12999999523,363.290405273,3.39522480965,174,6.45591163635,3.2710287571,80.6164169312,0.397790819407,13.6704111099,0.0638650879264,0
1536693199038875992,21.862022784,carbonZ_2018-09-11-15-05-11_2_no_failure,normal,-1.12999999523,363.290405273,3.39522480965,174,6.45591163635,3.2710287571,80.6164169312,0.383370548487,13.6535787582,0.0463963896036,0
1536693199098036792,21.921183584,carbonZ_2018-09-11-15-05-11_2_no_failure,normal,-1.12999999523,363.290405273,3.39522480965,174,6.45591163635,3.2710287571,80.6164169312,0.376384109259,13.6470375061,0.0287210922688,0
1536693199166514552,21.989661344,carbonZ_2018-09-11-15-05-11_2_no_failure,normal,-1.12999999523,363.290405273,3.43975234032,174,6.45591163635,3.2710287571,80.6164169312,0.364375948906,13.6294717789,0.00930881127715,0
1536693199206051320,22.029198112,carbonZ_2018-09-11-15-05-11_2_no_failure,normal,-1.12999999523,363.290405273,3.43975234032,174,6.48857975006,4.0910243988,81.0269165039,0.358208060265,13.6193771362,-0.00780546898022,0
1536693199251281880,22.074428672,carbonZ_2018-09-11-15-05-11_2_no_failure,normal,-1.12000000477,370.081817627,3.48427987099,174,6.48857975006,4.0910243988,81.0269165039,0.349384993315,13.6101646423,-0.0200534015894,0
1536693199356600984,22.179747776,carbonZ_2018-09-11-15-05-11_2_no_failure,normal,-1.12000000477,370.081817627,3.52880740166,174,6.48857975006,4.0910243988,81.0269165039,0.326890617609,13.5748519897,-0.0705589726567,0
1536693199419808024,22.242954816,carbonZ_2018-09-11-15-05-11_2_no_failure,normal,-1.12000000477,369.372375488,3.56220293045,174,6.48857975006,4.0910243988,81.0269165039,0.323338061571,13.5678815842,-0.0656935200095,0
1536693199441228760,22.264375552,carbonZ_2018-09-11-15-05-11_2_no_failure,normal,-1.12000000477,369.372375488,3.56220293045,174,6.48857975006,4.0910243988,81.0269165039,0.318901598454,13.5637578964,-0.0639285445213,0
1536693199495582424,22.318729216,carbonZ_2018-09-11-15-05-11_2_no_failure,normal,-1.12000000477,369.372375488,3.56220293045,174,6.48857975006,4.0910243988,81.0269165039,0.311783105135,13.5537910461,-0.0680883675814,0
1536693199547401784,22.370548576,carbonZ_2018-09-11-15-05-11_2_no_failure,normal,-1.12000000477,369.372375488,3.60673069954,175,6.48857975006,4.0910243988,81.0269165039,0.307590603828,13.5485839844,-0.06446287781,0
1536693199626108792,22.449255584,carbonZ_2018-09-11-15-05-11_2_no_failure,normal,-1.12000000477,371.106903076,3.65125823021,175,6.48857975006,4.0910243988,81.0269165039,0.302365779877,13.5357780457,-0.0573491379619,0
1536693199640829336,22.463976128,carbonZ_2018-09-11-15-05-11_2_no_failure,normal,-1.12000000477,371.106903076,3.65125823021,175,6.24220561981,3.84292316437,80.9699554443,0.302365779877,13.5357780457,-0.0573491379619,0
1536693199693424536,22.516571328,carbonZ_2018-09-11-15-05-11_2_no_failure,normal,-1.12000000477,371.106903076,3.65125823021,175,6.24220561981,3.84292316437,80.9699554443,0.296588897705,13.5235671997,-0.0511604472995,0
1536693199738610936,22.561757728,carbonZ_2018-09-11-15-05-11_2_no_failure,normal,-1.12000000477,371.106903076,3.69578576088,175,6.24220561981,3.84292316437,80.9699554443,0.295098096132,13.5148801804,-0.051426563412,0
1536693199810444120,22.633590912,carbonZ_2018-09-11-15-05-11_2_no_failure,normal,-1.12000000477,378.183166504,3.74031329155,175,6.24220561981,3.84292316437,80.9699554443,0.295098096132,13.5148801804,-0.051426563412,0
1536693199893881976,22.717028768,carbonZ_2018-09-11-15-05-11_2_no_failure,normal,-1.12000000477,378.183166504,3.74031329155,175,6.24220561981,3.84292316437,80.9699554443,0.281814515591,13.4826631546,-0.0831160098314,0
1536693199929551416,22.752698208,carbonZ_2018-09-11-15-05-11_2_no_failure,normal,-1.12000000477,378.183166504,3.77370882034,175,6.24220561981,3.84292316437,80.9699554443,0.280063599348,13.476140976,-0.0887040644884,0
1536693199959292856,22.782439648,carbonZ_2018-09-11-15-05-11_2_no_failure,normal,-1.12000000477,378.183166504,3.77370882034,175,6.05094194412,4.32123422623,81.0294036865,0.28122907877,13.4730615616,-0.0841910168529,0
1536693199993835576,22.816982368,carbonZ_2018-09-11-15-05-11_2_no_failure,normal,-1.12000000477,378.183166504,3.77370882034,175,6.05094194412,4.32123422623,81.0294036865,0.28122907877,13.4730615616,-0.0841910168529,0
1536693200038668280,22.861815072,carbonZ_2018-09-11-15-05-11_2_no_failure,normal,-1.12999999523,387.609283447,3.81823635101,176,6.05094194412,4.32123422623,81.0294036865,0.272778004408,13.4499006271,-0.0960731208324,0
1536693200096763320,22.919910112,carbonZ_2018-09-11-15-05-11_2_no_failure,normal,-1.12999999523,387.609283447,3.81823635101,176,6.05094194412,4.32123422623,81.0294036865,0.267556041479,13.4265508652,-0.100734084845,0
1536693200178287768,23.00143456,carbonZ_2018-09-11-15-05-11_2_no_failure,normal,-1.12999999523,387.609283447,3.86276388168,176,6.05094194412,4.32123422623,81.0294036865,0.26474031806,13.4032354355,-0.124269902706,0
1536693200212857880,23.036004672,carbonZ_2018-09-11-15-05-11_2_no_failure,normal,-1.12999999523,440.73840332,3.8961596489,176,6.05094194412,4.32123422623,81.0294036865,0.268300503492,13.3980093002,-0.116300165653,0
1536693200296362264,23.119509056,carbonZ_2018-09-11-15-05-11_2_no_failure,normal,-1.12999999523,440.73840332,3.8961596489,176,6.05094194412,4.32123422623,81.0294036865,0.269930005074,13.3813648224,-0.0903574079275,0
1536693200314352376,23.137499168,carbonZ_2018-09-11-15-05-11_2_no_failure,normal,-1.12999999523,440.73840332,3.8961596489,176,6.05094194412,4.32123422623,81.0294036865,0.271354854107,13.376115799,-0.0806999728084,0
1536693200338576984,23.161723776,carbonZ_2018-09-11-15-05-11_2_no_failure,normal,-1.12999999523,440.73840332,3.94068717957,176,5.4677901268,3.99382042885,80.9927215576,0.277301520109,13.3709316254,-0.0556860268116,0
1536693200442197784,23.265344576,carbonZ_2018-09-11-15-05-11_2_no_failure,normal,-1.12999999523,439.409637451,3.98521471024,177,5.4677901268,3.99382042885,80.9927215576,0.284903049469,13.349943161,-0.0167351961136,0
1536693200499080952,23.322227744,carbonZ_2018-09-11-15-05-11_2_no_failure,normal,-1.12999999523,439.409637451,3.98521471024,177,5.4677901268,3.99382042885,80.9927215576,0.285816431046,13.3371067047,-0.0132259977981,0
1536693200524897656,23.348044448,carbonZ_2018-09-11-15-05-11_2_no_failure,normal,-1.12999999523,439.409637451,4.02974224091,177,5.4677901268,3.99382042885,80.9927215576,0.290738999844,13.3312253952,-0.0114868320525,0
1536693200604493912,23.427640704,carbonZ_2018-09-11-15-05-11_2_no_failure,normal,-1.11000001431,447.519683838,4.07426977158,177,5.4677901268,3.99382042885,80.9927215576,0.292927473783,13.3161239624,-0.00489795859903,0
1536693200636326680,23.459473472,carbonZ_2018-09-11-15-05-11_2_no_failure,normal,-1.11000001431,447.519683838,4.07426977158,177,5.4677901268,3.99382042885,80.9927215576,0.296698331833,13.3115367889,0.00666435202584,0
1536693200699694744,23.522841536,carbonZ_2018-09-11-15-05-11_2_no_failure,normal,-1.11000001431,447.519683838,4.07426977158,177,5.4677901268,3.99382042885,80.9927215576,0.292164891958,13.2996912003,0.0144447423518,0
1536693200735137080,23.558283872,carbonZ_2018-09-11-15-05-11_2_no_failure,normal,-1.10000002384,447.519683838,4.11879730225,177,5.68822526932,3.87706756592,81.1473007202,0.294452995062,13.2971315384,0.0322785526514,0
1536693200833483000,23.656629792,carbonZ_2018-09-11-15-05-11_2_no_failure,normal,-1.07999992371,446.866790771,4.17445659637,178,5.68822526932,3.87706756592,81.1473007202,0.284732580185,13.2802867889,0.071618668735,0
1536693200944809688,23.76795648,carbonZ_2018-09-11-15-05-11_2_no_failure,normal,-1.06999993324,446.866790771,4.21898412704,178,5.68822526932,3.87706756592,81.1473007202,0.278358966112,13.2731895447,0.0691413655877,0
1536693201007214776,23.830361568,carbonZ_2018-09-11-15-05-11_2_no_failure,normal,-1.04999995232,451.069458008,4.26351165771,178,5.68822526932,3.87706756592,81.1473007202,0.270988941193,13.2645587921,0.0287067387253,0
1536693201048352536,23.871499328,carbonZ_2018-09-11-15-05-11_2_no_failure,normal,-1.04999995232,451.069458008,4.26351165771,178,5.68822526932,3.87706756592,81.1473007202,0.270885705948,13.2644147873,0.011250063777,0
1536693201099039320,23.922186112,carbonZ_2018-09-11-15-05-11_2_no_failure,normal,-1.04999995232,451.069458008,4.26351165771,178,6.36072254181,3.54279732704,80.9781723022,0.262880504131,13.2586488724,-0.00722815515473,0
1536693201121580056,23.944726848,carbonZ_2018-09-11-15-05-11_2_no_failure,normal,-1.03999996185,451.069458008,4.30803918839,179,6.36072254181,3.54279732704,80.9781723022,0.263372123241,13.2571697235,-0.00222708634101,0
1536693201207357112,24.030503904,carbonZ_2018-09-11-15-05-11_2_no_failure,normal,-1.03999996185,451.069458008,4.30803918839,179,6.36072254181,3.54279732704,80.9781723022,0.266557782888,13.2510128021,0.0199871826917,0
1536693201220344472,24.043491264,carbonZ_2018-09-11-15-05-11_2_no_failure,normal,-1.02999997139,450.651641846,4.35256671906,179,6.36072254181,3.54279732704,80.9781723022,0.266557782888,13.2510128021,0.0199871826917,0
1536693201277264568,24.10041136,carbonZ_2018-09-11-15-05-11_2_no_failure,normal,-1.02999997139,450.651641846,4.35256671906,179,6.36072254181,3.54279732704,80.9781723022,0.276139765978,13.2474145889,0.0280791018158,0
1536693201322987032,24.146133824,carbonZ_2018-09-11-15-05-11_2_no_failure,normal,-1.01999998093,450.651641846,4.39709424973,179,6.36072254181,3.54279732704,80.9781723022,0.271715968847,13.2454710007,0.0209029838443,0
1536693201363625528,24.18677232,carbonZ_2018-09-11-15-05-11_2_no_failure,normal,-1.01999998093,450.651641846,4.39709424973,179,6.36072254181,3.54279732704,80.9781723022,0.275236070156,13.2465677261,0.0163188707083,0
1536693201457260696,24.280407488,carbonZ_2018-09-11-15-05-11_2_no_failure,normal,-1.00999999046,459.737976074,4.4416217804,180,7.1564655304,3.30042767525,81.1937408447,0.263187140226,13.248749733,-0.0373818948865,0
1536693201504863128,24.32800992,carbonZ_2018-09-11-15-05-11_2_no_failure,normal,-1.00999999046,459.737976074,4.4416217804,180,7.1564655304,3.30042767525,81.1937408447,0.253040701151,13.2510414124,-0.0874705910683,0
1536693201554893240,24.378040032,carbonZ_2018-09-11-15-05-11_2_no_failure,normal,-1.00999999046,459.737976074,4.48614931107,180,7.1564655304,3.30042767525,81.1937408447,0.238534614444,13.2521266937,-0.141074255109,0
1536693201609014136,24.432160928,carbonZ_2018-09-11-15-05-11_2_no_failure,normal,-1.00999999046,459.737976074,4.48614931107,180,7.1564655304,3.30042767525,81.1937408447,0.227999344468,13.2508096695,-0.218528002501,0
1536693201662702712,24.485849504,carbonZ_2018-09-11-15-05-11_2_no_failure,normal,-1.01999998093,452.709686279,4.51954507828,180,7.1564655304,3.30042767525,81.1937408447,0.217882618308,13.245513916,-0.290018945932,0
1536693201727120824,24.550267616,carbonZ_2018-09-11-15-05-11_2_no_failure,normal,-1.02999997139,452.709686279,4.56407260895,181,7.1564655304,3.30042767525,81.1937408447,0.211178660393,13.2448740005,-0.349409669638,0
1536693201743736088,24.56688288,carbonZ_2018-09-11-15-05-11_2_no_failure,normal,-1.02999997139,452.709686279,4.56407260895,181,7.1564655304,3.30042767525,81.1937408447,0.209479659796,13.2421789169,-0.370392918587,0
1536693201813991992,24.637138784,carbonZ_2018-09-11-15-05-11_2_no_failure,normal,-1.05999994278,513.562866211,4.59746837616,181,7.04636335373,4.44777965546,82.3196411133,0.194750458002,13.2291078568,-0.441521972418,0
1536693201839274616,24.662421408,carbonZ_2018-09-11-15-05-11_2_no_failure,normal,-1.05999994278,513.562866211,4.59746837616,181,7.04636335373,4.44777965546,82.3196411133,0.184969902039,13.2230358124,-0.478891432285,0
1536693201892675640,24.715822432,carbonZ_2018-09-11-15-05-11_2_no_failure,normal,-1.05999994278,513.562866211,4.59746837616,181,7.04636335373,4.44777965546,82.3196411133,0.173342630267,13.2153091431,-0.521878242493,0
1536693201957208024,24.780354816,carbonZ_2018-09-11-15-05-11_2_no_failure,normal,-1.10000002384,513.562866211,4.63086414337,182,7.04636335373,4.44777965546,82.3196411133,0.160999715328,13.208729744,-0.549589812756,0
1536693201999857720,24.823004512,carbonZ_2018-09-11-15-05-11_2_no_failure,normal,-1.10000002384,513.562866211,4.63086414337,182,7.04636335373,4.44777965546,82.3196411133,0.135513678193,13.1938266754,-0.568619430065,0
1536693202044064152,24.867210944,carbonZ_2018-09-11-15-05-11_2_no_failure,normal,-1.15999996662,513.211608887,4.66425943375,182,7.04636335373,4.44777965546,82.3196411133,0.122303158045,13.1850862503,-0.579155862331,0
1536693202095659992,24.918806784,carbonZ_2018-09-11-15-05-11_2_no_failure,normal,-1.15999996662,513.211608887,4.66425943375,182,7.04636335373,4.44777965546,82.3196411133,0.0933645665646,13.1691255569,-0.603676140308,0
1536693202141710040,24.964856832,carbonZ_2018-09-11-15-05-11_2_no_failure,normal,-1.20999991894,513.211608887,4.69765520096,182,7.04636335373,4.44777965546,82.3196411133,0.0777043998241,13.1602935791,-0.614617645741,0
1536693202208952056,25.032098848,carbonZ_2018-09-11-15-05-11_2_no_failure,normal,-1.26999998093,514.74609375,4.71991920471,183,7.9531712532,4.6006731987,83.2149658203,0.048871293664,13.143330574,-0.635967671871,0
1536693202236213784,25.059360576,carbonZ_2018-09-11-15-05-11_2_no_failure,normal,-1.26999998093,514.74609375,4.71991920471,183,7.9531712532,4.6006731987,83.2149658203,0.0351466760039,13.1356573105,-0.631212353706,0
1536693202295710392,25.118857184,carbonZ_2018-09-11-15-05-11_2_no_failure,normal,-1.26999998093,514.74609375,4.71991920471,183,7.9531712532,4.6006731987,83.2149658203,0.00939173903316,13.1221351624,-0.607791423798,0
1536693202350271768,25.17341856,carbonZ_2018-09-11-15-05-11_2_no_failure,normal,-1.32999992371,514.74609375,4.73105096817,183,7.9531712532,4.6006731987,83.2149658203,-0.00100931874476,13.1162757874,-0.577727913857,0
1536693202397834232,25.220981024,carbonZ_2018-09-11-15-05-11_2_no_failure,normal,-1.32999992371,514.74609375,4.73105096817,183,7.9531712532,4.6006731987,83.2149658203,-0.0206764191389,13.1033611298,-0.520393908024,0
1536693202459675096,25.282821888,carbonZ_2018-09-11-15-05-11_2_no_failure,normal,-1.37999999523,520.947937012,4.74218273163,184,7.9531712532,4.6006731987,83.2149658203,-0.0305639337748,13.0940532684,-0.460666775703,0
1536693202493118520,25.316265312,carbonZ_2018-09-11-15-05-11_2_no_failure,normal,-1.37999999523,520.947937012,4.74218273163,184,7.9531712532,4.6006731987,83.2149658203,-0.041638571769,13.0838003159,-0.4357021451,0
1536693202552137496,25.375284288,carbonZ_2018-09-11-15-05-11_2_no_failure,normal,-1.41999995708,520.947937012,4.75331449509,184,7.9531712532,4.6006731987,83.2149658203,-0.0482964850962,13.0791139603,-0.408764839172,0
1536693202615362456,25.438509248,carbonZ_2018-09-11-15-05-11_2_no_failure,normal,-1.45999991894,525.930786133,4.76444673538,184,7.66697025299,4.11624622345,83.6838378906,-0.0763309150934,13.0565681458,-0.389776796103,0
1536693202654093464,25.477240256,carbonZ_2018-09-11-15-05-11_2_no_failure,normal,-1.45999991894,525.930786133,4.76444673538,184,7.66697025299,4.11624622345,83.6838378906,-0.0846988409758,13.0511398315,-0.389767974615,0
1536693202698677752,25.521824544,carbonZ_2018-09-11-15-05-11_2_no_failure,normal,-1.45999991894,525.930786133,4.76444673538,184,7.66697025299,4.11624622345,83.6838378906,-0.109481804073,13.0315618515,-0.373855054379,0
1536693202739935992,25.563082784,carbonZ_2018-09-11-15-05-11_2_no_failure,normal,-1.49000000954,525.930786133,4.76444673538,185,7.66697025299,4.11624622345,83.6838378906,-0.121629953384,13.0232028961,-0.363274931908,0
1536693202809722136,25.632868928,carbonZ_2018-09-11-15-05-11_2_no_failure,normal,-1.51999998093,528.224487305,4.76444673538,185,7.66697025299,4.11624622345,83.6838378906,-0.145185083151,13.0012216568,-0.368597865105,0
1536693202854868152,25.678014944,carbonZ_2018-09-11-15-05-11_2_no_failure,normal,-1.51999998093,528.224487305,4.76444673538,185,7.66697025299,4.11624622345,83.6838378906,-0.16776125133,12.9852485657,-0.357137322426,0
1536693202906502072,25.729648864,carbonZ_2018-09-11-15-05-11_2_no_failure,normal,-1.51999998093,528.224487305,4.76444673538,185,7.66697025299,4.11624622345,83.6838378906,-0.180526360869,12.9711942673,-0.346102565527,0
1536693202957749784,25.780896576,carbonZ_2018-09-11-15-05-11_2_no_failure,normal,-1.54999995232,528.224487305,4.76444673538,186,8.172706604,4.49178981781,84.1942062378,-0.206277698278,12.9522428513,-0.353816688061,0
1536693203003267160,25.826413952,carbonZ_2018-09-11-15-05-11_2_no_failure,normal,-1.58999991417,533.590026855,4.75331449509,186,8.172706604,4.49178981781,84.1942062378,-0.22051884234,12.9417991638,-0.362292289734,0
1536693203051250936,25.874397728,carbonZ_2018-09-11-15-05-11_2_no_failure,normal,-1.58999991417,533.590026855,4.75331449509,186,8.172706604,4.49178981781,84.1942062378,-0.26178330183,12.9163980484,-0.366548925638,0
1536693203118014456,25.941161248,carbonZ_2018-09-11-15-05-11_2_no_failure,normal,-1.62000000477,533.590026855,4.74218273163,186,8.172706604,4.49178981781,84.1942062378,-0.285091876984,12.9066944122,-0.365459322929,0
1536693203156909528,25.98005632,carbonZ_2018-09-11-15-05-11_2_no_failure,normal,-1.62000000477,533.590026855,4.74218273163,186,8.172706604,4.49178981781,84.1942062378,-0.308382689953,12.8923549652,-0.361088454723,0
1536693203215899352,26.039046144,carbonZ_2018-09-11-15-05-11_2_no_failure,normal,-1.64999997616,584.860107422,4.73105096817,187,8.172706604,4.49178981781,84.1942062378,-0.329393446445,12.8822174072,-0.360825717449,0
1536693203259183384,26.082330176,carbonZ_2018-09-11-15-05-11_2_no_failure,normal,-1.64999997616,584.860107422,4.73105096817,187,8.172706604,4.49178981781,84.1942062378,-0.363945811987,12.8677186966,-0.361097365618,0
1536693203317704792,26.140851584,carbonZ_2018-09-11-15-05-11_2_no_failure,normal,-1.68999993801,584.860107422,4.70878696442,187,8.172706604,4.49178981781,84.1942062378,-0.39917960763,12.8513917923,-0.370776712894,0
1536693203341723576,26.164870368,carbonZ_2018-09-11-15-05-11_2_no_failure,normal,-1.68999993801,584.860107422,4.70878696442,187,8.172706604,4.49178981781,84.1942062378,-0.407173246145,12.8466749191,-0.367235153913,0
1536693203402551832,26.225698624,carbonZ_2018-09-11-15-05-11_2_no_failure,normal,-1.68999993801,584.860107422,4.70878696442,187,8.46163749695,4.23157787323,85.2723464966,-0.437317162752,12.8348894119,-0.369298875332,0
1536693203431994424,26.255141216,carbonZ_2018-09-11-15-05-11_2_no_failure,normal,-1.73000001907,594.71685791,4.67539167404,188,8.46163749695,4.23157787323,85.2723464966,-0.457461565733,12.8281669617,-0.36386063695,0
1536693203495423192,26.318569984,carbonZ_2018-09-11-15-05-11_2_no_failure,normal,-1.73000001907,594.71685791,4.67539167404,188,8.46163749695,4.23157787323,85.2723464966,-0.491104751825,12.8138904572,-0.367454409599,0
1536693203557901784,26.381048576,carbonZ_2018-09-11-15-05-11_2_no_failure,normal,-1.75999999046,594.71685791,4.64199590683,188,8.46163749695,4.23157787323,85.2723464966,-0.512996792793,12.809510231,-0.360359281301,0
1536693203611252472,26.434399264,carbonZ_2018-09-11-15-05-11_2_no_failure,normal,-1.75999999046,594.71685791,4.64199590683,188,8.46163749695,4.23157787323,85.2723464966,-0.529821872711,12.8023805618,-0.360791295767,0
1536693203633175672,26.456322464,carbonZ_2018-09-11-15-05-11_2_no_failure,normal,-1.79999995232,593.683837891,4.60860013962,189,8.46163749695,4.23157787323,85.2723464966,-0.544776856899,12.7988386154,-0.360449075699,0
1536693203692875000,26.516021792,carbonZ_2018-09-11-15-05-11_2_no_failure,normal,-1.83999991417,593.683837891,4.56407260895,189,7.01593828201,3.8061311245,85.3302001953,-0.575514733791,12.7872467041,-0.326622247696,0
1536693203761907512,26.585054304,carbonZ_2018-09-11-15-05-11_2_no_failure,normal,-1.83999991417,593.683837891,4.56407260895,189,7.01593828201,3.8061311245,85.3302001953,-0.586405932903,12.775724411,-0.300099670887,0
1536693203796302040,26.619448832,carbonZ_2018-09-11-15-05-11_2_no_failure,normal,-1.83999991417,593.683837891,4.56407260895,189,7.01593828201,3.8061311245,85.3302001953,-0.601796746254,12.7661514282,-0.244356766343,0
1536693203830375736,26.653522528,carbonZ_2018-09-11-15-05-11_2_no_failure,normal,-1.87000000477,597.375366211,4.51954507828,190,7.01593828201,3.8061311245,85.3302001953,-0.601796746254,12.7661514282,-0.244356766343,0
1536693203914257784,26.737404576,carbonZ_2018-09-11-15-05-11_2_no_failure,normal,-1.88999998569,597.375366211,4.47501754761,190,7.01593828201,3.8061311245,85.3302001953,-0.626716136932,12.74497509,-0.194092690945,0
1536693203944081144,26.767227936,carbonZ_2018-09-11-15-05-11_2_no_failure,normal,-1.88999998569,597.375366211,4.47501754761,190,7.01593828201,3.8061311245,85.3302001953,-0.626266360283,12.7461442947,-0.180494785309,0
1536693203971982200,26.795128992,carbonZ_2018-09-11-15-05-11_2_no_failure,normal,-1.88999998569,597.375366211,4.47501754761,190,7.01593828201,3.8061311245,85.3302001953,-0.629743933678,12.7388324738,-0.162214875221,0
1536693204041059544,26.864206336,carbonZ_2018-09-11-15-05-11_2_no_failure,normal,-1.90999996662,593.862243652,4.41935825348,190,7.01593828201,3.8061311245,85.3302001953,-0.631956577301,12.729057312,-0.128451481462,0
1536693204075206968,26.89835376,carbonZ_2018-09-11-15-05-11_2_no_failure,normal,-1.90999996662,593.862243652,4.41935825348,190,7.01593828201,3.8061311245,85.3302001953,-0.633614599705,12.7217102051,-0.10251801461,0
1536693204135732312,26.958879104,carbonZ_2018-09-11-15-05-11_2_no_failure,normal,-1.92999994755,593.862243652,4.36369895935,191,5.73392677307,3.7641620636,84.971244812,-0.632725536823,12.7146492004,-0.0645476207137,0
1536693204177488728,27.00063552,carbonZ_2018-09-11-15-05-11_2_no_failure,normal,-1.92999994755,593.862243652,4.36369895935,191,5.73392677307,3.7641620636,84.971244812,-0.62448579073,12.7102766037,-0.0239628702402,0
1536693204216972280,27.040119072,carbonZ_2018-09-11-15-05-11_2_no_failure,normal,-1.93999993801,603.397644043,4.31917142868,191,5.73392677307,3.7641620636,84.971244812,-0.619046390057,12.7083482742,-0.00249335123226,0
1536693204283107256,27.106254048,carbonZ_2018-09-11-15-05-11_2_no_failure,normal,-1.93999993801,603.397644043,4.31917142868,191,5.73392677307,3.7641620636,84.971244812,-0.597333073616,12.7013492584,0.0975847914815,0
1536693204334153848,27.15730064,carbonZ_2018-09-11-15-05-11_2_no_failure,normal,-1.92999994755,603.397644043,4.27464389801,192,5.73392677307,3.7641620636,84.971244812,-0.579037606716,12.6974754333,0.160155430436,0
1536693204376059448,27.19920624,carbonZ_2018-09-11-15-05-11_2_no_failure,normal,-1.92999994755,603.397644043,4.27464389801,192,5.73392677307,3.7641620636,84.971244812,-0.564774274826,12.693321228,0.191267818213,0
1536693204436930680,27.260077472,carbonZ_2018-09-11-15-05-11_2_no_failure,normal,-1.91999995708,608.710571289,4.2301158905,192,5.73392677307,3.7641620636,84.971244812,-0.532508969307,12.6936016083,0.240752220154,0
1536693204478438520,27.301585312,carbonZ_2018-09-11-15-05-11_2_no_failure,normal,-1.91999995708,608.710571289,4.2301158905,192,5.73392677307,3.7641620636,84.971244812,-0.532508969307,12.6936016083,0.240752220154,0
1536693204544719160,27.367865952,carbonZ_2018-09-11-15-05-11_2_no_failure,normal,-1.89999997616,608.710571289,4.19672060013,193,3.45808339119,2.40699076653,84.8119506836,-0.499578744173,12.6956605911,0.27140673995,0
1536693204575737624,27.398884416,carbonZ_2018-09-11-15-05-11_2_no_failure,normal,-1.89999997616,608.710571289,4.19672060013,193,3.45808339119,2.40699076653,84.8119506836,-0.477975040674,12.7002820969,0.304051667452,0
1536693204649218680,27.472365472,carbonZ_2018-09-11-15-05-11_2_no_failure,normal,-1.87000000477,612.819274902,4.16332483292,193,3.45808339119,2.40699076653,84.8119506836,-0.452221363783,12.7065811157,0.36260458827,0
1536693204683365208,27.506512,carbonZ_2018-09-11-15-05-11_2_no_failure,normal,-1.87000000477,612.819274902,4.16332483292,193,3.45808339119,2.40699076653,84.8119506836,-0.436246156693,12.711681366,0.390522629023,0
1536693204721798200,27.544944992,carbonZ_2018-09-11-15-05-11_2_no_failure,normal,-1.83999991417,612.819274902,4.14106082916,194,3.45808339119,2.40699076653,84.8119506836,-0.40845489502,12.7232198715,0.442936629057,0
1536693204804721176,27.627867968,carbonZ_2018-09-11-15-05-11_2_no_failure,normal,-1.83999991417,612.819274902,4.14106082916,194,3.45808339119,2.40699076653,84.8119506836,-0.380366414785,12.7361307144,0.475562810898,0
1536693204816403384,27.639550176,carbonZ_2018-09-11-15-05-11_2_no_failure,normal,-1.78999996185,608.720947266,4.11879730225,194,3.45808339119,2.40699076653,84.8119506836,-0.369608849287,12.7403936386,0.486622661352,0
1536693204880151480,27.703298272,carbonZ_2018-09-11-15-05-11_2_no_failure,normal,-1.78999996185,608.720947266,4.11879730225,194,3.45808339119,2.40699076653,84.8119506836,-0.331491976976,12.7619457245,0.485117316246,0
1536693204934246232,27.757393024,carbonZ_2018-09-11-15-05-11_2_no_failure,normal,-1.75,608.720947266,4.10766553879,195,2.15811514854,1.38130378723,84.6835708618,-0.323591917753,12.7674322128,0.485216468573,0
1536693204976352856,27.799499648,carbonZ_2018-09-11-15-05-11_2_no_failure,normal,-1.75,608.720947266,4.10766553879,195,2.15811514854,1.38130378723,84.6835708618,-0.286165863276,12.7789678574,0.493360280991,0
1536693205048431352,27.871578144,carbonZ_2018-09-11-15-05-11_2_no_failure,normal,-1.69999992847,649.399291992,4.09653329849,196,2.15811514854,1.38130378723,84.6835708618,-0.222921147943,12.8022060394,0.489319056273,0
1536693205097867416,27.921014208,carbonZ_2018-09-11-15-05-11_2_no_failure,normal,-1.64999997616,649.399291992,4.09653329849,196,2.15811514854,1.38130378723,84.6835708618,-0.222921147943,12.8022060394,0.489319056273,0
1536693205139964056,27.963110848,carbonZ_2018-09-11-15-05-11_2_no_failure,normal,-1.64999997616,649.399291992,4.09653329849,196,2.15811514854,1.38130378723,84.6835708618,-0.184076353908,12.8149557114,0.479906409979,0
1536693205177957080,28.001103872,carbonZ_2018-09-11-15-05-11_2_no_failure,normal,-1.64999997616,649.399291992,4.09653329849,196,2.15811514854,1.38130378723,84.6835708618,-0.156901896,12.8207397461,0.473513036966,0
1536693205219700312,28.042847104,carbonZ_2018-09-11-15-05-11_2_no_failure,normal,-1.61000001431,643.893798828,4.10766553879,197,2.15811514854,1.38130378723,84.6835708618,-0.124953441322,12.831738472,0.468896746635,0
1536693205308414744,28.131561536,carbonZ_2018-09-11-15-05-11_2_no_failure,normal,-1.61000001431,643.893798828,4.10766553879,197,2.15811514854,1.38130378723,84.6835708618,-0.0720352381468,12.8477535248,0.456006795168,0
1536693205322338712,28.145485504,carbonZ_2018-09-11-15-05-11_2_no_failure,normal,-1.55999994278,643.893798828,4.11879730225,197,2.15811514854,1.38130378723,84.6835708618,-0.0601523146033,12.8512659073,0.449858874083,0
1536693205378966488,28.20211328,carbonZ_2018-09-11-15-05-11_2_no_failure,normal,-1.55999994278,643.893798828,4.11879730225,197,1.90129756927,2.19139671326,83.4418640137,-0.0204291529953,12.862912178,0.415930718184,0
1536693205426009720,28.249156512,carbonZ_2018-09-11-15-05-11_2_no_failure,normal,-1.51999998093,639.042175293,4.1299290657,198,1.90129756927,2.19139671326,83.4418640137,0.000388999469578,12.8709764481,0.404676645994,0
1536693205478177464,28.301324256,carbonZ_2018-09-11-15-05-11_2_no_failure,normal,-1.51999998093,639.042175293,4.1299290657,198,1.90129756927,2.19139671326,83.4418640137,0.0318275876343,12.8792953491,0.396557360888,0
1536693205551621176,28.374767968,carbonZ_2018-09-11-15-05-11_2_no_failure,normal,-1.49000000954,639.042175293,4.15219306946,199,1.90129756927,2.19139671326,83.4418640137,0.0704626142979,12.8988637924,0.370148360729,0
1536693205607226808,28.4303736,carbonZ_2018-09-11-15-05-11_2_no_failure,normal,-1.44999992847,635.372070312,4.18558835983,199,1.90129756927,2.19139671326,83.4418640137,0.0704626142979,12.8988637924,0.370148360729,0
1536693205631721624,28.454868416,carbonZ_2018-09-11-15-05-11_2_no_failure,normal,-1.44999992847,635.372070312,4.18558835983,199,1.90129756927,2.19139671326,83.4418640137,0.0827198624611,12.9124794006,0.349835038185,0
1536693205693019928,28.51616672,carbonZ_2018-09-11-15-05-11_2_no_failure,normal,-1.44999992847,635.372070312,4.18558835983,199,1.90129756927,2.19139671326,83.4418640137,0.0904337093234,12.9250764847,0.319424152374,0
1536693205734119736,28.557266528,carbonZ_2018-09-11-15-05-11_2_no_failure,normal,-1.41999995708,635.372070312,4.21898412704,200,1.90129756927,2.19139671326,83.4418640137,0.0904337093234,12.9250764847,0.319424152374,0
1536693205777916312,28.601063104,carbonZ_2018-09-11-15-05-11_2_no_failure,normal,-1.41999995708,635.372070312,4.21898412704,200,1.90129756927,2.19139671326,83.4418640137,0.101894378662,12.9330615997,0.327990323305,0
1536693205836317336,28.659464128,carbonZ_2018-09-11-15-05-11_2_no_failure,normal,-1.38999998569,634.596069336,4.25237989426,201,5.397108078,3.11345720291,82.4741744995,0.113494329154,12.9359865189,0.316862791777,0
1536693205886084600,28.709231392,carbonZ_2018-09-11-15-05-11_2_no_failure,normal,-1.38999998569,634.596069336,4.25237989426,201,5.397108078,3.11345720291,82.4741744995,0.122405447066,12.9393119812,0.279879361391,0
1536693205934313528,28.75746032,carbonZ_2018-09-11-15-05-11_2_no_failure,normal,-1.36000001431,634.596069336,4.28577566147,201,5.397108078,3.11345720291,82.4741744995,0.132188782096,12.9410409927,0.214321285486,0
1536693206010835352,28.833982144,carbonZ_2018-09-11-15-05-11_2_no_failure,normal,-1.36000001431,634.596069336,4.28577566147,201,5.397108078,3.11345720291,82.4741744995,0.163320243359,12.9432754517,0.0725101754069,0
1536693206027682776,28.850829568,carbonZ_2018-09-11-15-05-11_2_no_failure,normal,-1.35000002384,632.707214355,4.31917142868,202,5.397108078,3.11345720291,82.4741744995,0.173474028707,12.9466276169,0.0449313521385,0
1536693206109016696,28.932163488,carbonZ_2018-09-11-15-05-11_2_no_failure,normal,-1.35000002384,632.707214355,4.31917142868,202,5.397108078,3.11345720291,82.4741744995,0.193906530738,12.9440250397,-0.0561888553202,0
1536693206132473176,28.955619968,carbonZ_2018-09-11-15-05-11_2_no_failure,normal,-1.35000002384,632.707214355,4.36369895935,203,3.29708194733,4.58529424667,82.019241333,0.210983872414,12.9457521439,-0.0965520590544,0
1536693206160009432,28.983156224,carbonZ_2018-09-11-15-05-11_2_no_failure,normal,-1.35000002384,632.707214355,4.36369895935,203,3.29708194733,4.58529424667,82.019241333,0.212399438024,12.9431285858,-0.132046028972,0
1536693206198810840,29.021957632,carbonZ_2018-09-11-15-05-11_2_no_failure,normal,-1.35000002384,632.707214355,4.36369895935,203,3.29708194733,4.58529424667,82.019241333,0.213083565235,12.9419031143,-0.207476302981,0
1536693206288820760,29.111967552,carbonZ_2018-09-11-15-05-11_2_no_failure,normal,-1.37000000477,627.431030273,4.40822649002,203,3.29708194733,4.58529424667,82.019241333,0.197433188558,12.9493627548,-0.338397085667,0
1536693206312854104,29.136000896,carbonZ_2018-09-11-15-05-11_2_no_failure,normal,-1.37000000477,627.431030273,4.40822649002,203,3.29708194733,4.58529424667,82.019241333,0.187265723944,12.9494171143,-0.381904482841,0
1536693206370735064,29.193881856,carbonZ_2018-09-11-15-05-11_2_no_failure,normal,-1.40999996662,627.431030273,4.45275402069,204,3.29708194733,4.58529424667,82.019241333,0.168199360371,12.9462270737,-0.466255068779,0
1536693206426067960,29.249214752,carbonZ_2018-09-11-15-05-11_2_no_failure,normal,-1.45999991894,625.711914062,4.48614931107,205,3.29708194733,4.58529424667,82.019241333,0.147843778133,12.9405956268,-0.554921448231,0
1536693206455417368,29.27856416,carbonZ_2018-09-11-15-05-11_2_no_failure,normal,-1.45999991894,625.711914062,4.48614931107,205,3.29708194733,4.58529424667,82.019241333,0.14482934773,12.9390211105,-0.594649255276,0
1536693206501542264,29.324689056,carbonZ_2018-09-11-15-05-11_2_no_failure,normal,-1.45999991894,625.711914062,4.48614931107,205,6.734770298,5.35805416107,80.9201583862,0.128599479795,12.9280910492,-0.687666118145,0
1536693206545020408,29.3681672,carbonZ_2018-09-11-15-05-11_2_no_failure,normal,-1.52999997139,625.711914062,4.53067684174,205,6.734770298,5.35805416107,80.9201583862,0.126523911953,12.9238023758,-0.746558964252,0
1536693206598227608,29.4213744,carbonZ_2018-09-11-15-05-11_2_no_failure,normal,-1.52999997139,625.711914062,4.53067684174,205,6.734770298,5.35805416107,80.9201583862,0.121870972216,12.913187027,-0.823131978512,0
1536693206645511960,29.468658752,carbonZ_2018-09-11-15-05-11_2_no_failure,normal,-1.62000000477,625.049316406,4.56407260895,206,6.734770298,5.35805416107,80.9201583862,0.117165118456,12.9022655487,-0.888219058514,0
1536693206695075352,29.518222144,carbonZ_2018-09-11-15-05-11_2_no_failure,normal,-1.62000000477,625.049316406,4.56407260895,206,6.734770298,5.35805416107,80.9201583862,0.118805997074,12.895368576,-0.910330653191,0
1536693206744008856,29.567155648,carbonZ_2018-09-11-15-05-11_2_no_failure,normal,-1.70999991894,625.049316406,4.5863366127,207,6.734770298,5.35805416107,80.9201583862,0.12206351012,12.8857822418,-0.928806722164,0
1536693206811317080,29.634463872,carbonZ_2018-09-11-15-05-11_2_no_failure,normal,-1.80999994278,629.717285156,4.61973190308,208,6.734770298,5.35805416107,80.9201583862,0.151667922735,12.8646240234,-0.910748183727,0
1536693206876541336,29.699688128,carbonZ_2018-09-11-15-05-11_2_no_failure,normal,-1.80999994278,629.717285156,4.61973190308,208,6.734770298,5.35805416107,80.9201583862,0.167197316885,12.8564281464,-0.881172299385,0
1536693206912282136,29.735428928,carbonZ_2018-09-11-15-05-11_2_no_failure,normal,-1.80999994278,629.717285156,4.61973190308,208,6.734770298,5.35805416107,80.9201583862,0.187492877245,12.8512334824,-0.83397758007,0
1536693206945124856,29.768271648,carbonZ_2018-09-11-15-05-11_2_no_failure,normal,-1.90999996662,629.717285156,4.66425943375,208,6.734770298,5.35805416107,80.9201583862,0.207045599818,12.847193718,-0.781561017036,0
1536693207010653592,29.833800384,carbonZ_2018-09-11-15-05-11_2_no_failure,normal,-1.90999996662,629.717285156,4.66425943375,208,6.5867061615,4.05090856552,79.6210708618,0.231459736824,12.8467884064,-0.733637154102,0
1536693207049392760,29.872539552,carbonZ_2018-09-11-15-05-11_2_no_failure,normal,-1.99000000954,637.011230469,4.70878696442,209,6.5867061615,4.05090856552,79.6210708618,0.243376851082,12.8483333588,-0.713347673416,0
1536693207149546232,29.972693024,carbonZ_2018-09-11-15-05-11_2_no_failure,normal,-2.05999994278,637.011230469,4.75331449509,210,6.5867061615,4.05090856552,79.6210708618,0.253132373095,12.8491458893,-0.573728203773,0
1536693207183889592,30.007036384,carbonZ_2018-09-11-15-05-11_2_no_failure,normal,-2.05999994278,637.011230469,4.75331449509,210,6.5867061615,4.05090856552,79.6210708618,0.259749054909,12.8525714874,-0.468436896801,0
1536693207217771096,30.040917888,carbonZ_2018-09-11-15-05-11_2_no_failure,normal,-2.11999988556,637.558105469,4.80897426605,211,6.5867061615,4.05090856552,79.6210708618,0.262161254883,12.8536348343,-0.358609437943,0
1536693207276866456,30.100013248,carbonZ_2018-09-11-15-05-11_2_no_failure,normal,-2.11999988556,637.558105469,4.80897426605,211,7.78456306458,1.38509202003,81.2325286865,0.264623105526,12.8691492081,-0.185017868876,0
1536693207352796728,30.17594352,carbonZ_2018-09-11-15-05-11_2_no_failure,normal,-2.14999985695,637.558105469,4.86463356018,211,7.78456306458,1.38509202003,81.2325286865,0.257772475481,12.8842544556,-0.0426863767207,0
1536693207382070744,30.205217536,carbonZ_2018-09-11-15-05-11_2_no_failure,normal,-2.14999985695,637.558105469,4.86463356018,211,7.78456306458,1.38509202003,81.2325286865,0.247768178582,12.8939619064,0.0385568067431,0
1536693207463549208,30.286696,carbonZ_2018-09-11-15-05-11_2_no_failure,normal,-2.14999985695,708.591918945,4.90916109085,212,7.78456306458,1.38509202003,81.2325286865,0.220545932651,12.9236192703,0.178638517857,0
1536693207497133112,30.320279904,carbonZ_2018-09-11-15-05-11_2_no_failure,normal,-2.14999985695,708.591918945,4.90916109085,212,7.78456306458,1.38509202003,81.2325286865,0.199690490961,12.9418621063,0.230576366186,0
1536693207519704504,30.342851296,carbonZ_2018-09-11-15-05-11_2_no_failure,normal,-2.12999987602,708.591918945,4.95368862152,213,7.78456306458,1.38509202003,81.2325286865,0.185960367322,12.9453001022,0.247987851501,0
1536693207586537528,30.40968432,carbonZ_2018-09-11-15-05-11_2_no_failure,normal,-2.12999987602,708.591918945,4.95368862152,213,7.78456306458,1.38509202003,81.2325286865,0.151859372854,12.9718370438,0.324102371931,0
1536693207663279928,30.48642672,carbonZ_2018-09-11-15-05-11_2_no_failure,normal,-2.08999991417,710.515625,4.99821615219,214,7.78456306458,1.38509202003,81.2325286865,0.0875466391444,12.9999189377,0.365725696087,0
1536693207692432312,30.515579104,carbonZ_2018-09-11-15-05-11_2_no_failure,normal,-2.08999991417,710.515625,4.99821615219,214,7.78456306458,1.38509202003,81.2325286865,0.0527183376253,13.0193376541,0.371573716402,0
1536693207748391640,30.571538432,carbonZ_2018-09-11-15-05-11_2_no_failure,normal,-2.04999995232,710.515625,5.02048015594,214,10.5872516632,1.77958774567,83.4854125977,0.0153787219897,13.0313777924,0.369178891182,0
1536693207799386296,30.622533088,carbonZ_2018-09-11-15-05-11_2_no_failure,normal,-2.04999995232,710.515625,5.02048015594,214,10.5872516632,1.77958774567,83.4854125977,-0.037742100656,13.0556221008,0.353233993053,0
1536693207812347832,30.635494624,carbonZ_2018-09-11-15-05-11_2_no_failure,normal,-2.00999999046,701.098449707,5.04274368286,215,10.5872516632,1.77958774567,83.4854125977,-0.053719997406,13.0610961914,0.341695845127,0
1536693207863206520,30.686353312,carbonZ_2018-09-11-15-05-11_2_no_failure,normal,-2.00999999046,701.098449707,5.04274368286,215,10.5872516632,1.77958774567,83.4854125977,-0.0848508998752,13.0779953003,0.333672463894,0
1536693207889193880,30.712340672,carbonZ_2018-09-11-15-05-11_2_no_failure,normal,-2.00999999046,701.098449707,5.04274368286,215,10.5872516632,1.77958774567,83.4854125977,-0.0848508998752,13.0779953003,0.333672463894,0
1536693207938227096,30.761373888,carbonZ_2018-09-11-15-05-11_2_no_failure,normal,-1.97999989986,701.098449707,5.04274368286,216,10.5872516632,1.77958774567,83.4854125977,-0.127555757761,13.0965108871,0.313770592213,0
1536693208038905048,30.86205184,carbonZ_2018-09-11-15-05-11_2_no_failure,normal,-1.94999992847,693.937988281,5.04274368286,217,10.5872516632,1.77958774567,83.4854125977,-0.179780066013,13.1247558594,0.283340573311,0
1536693208129807736,30.952954528,carbonZ_2018-09-11-15-05-11_2_no_failure,normal,-1.92999994755,693.937988281,5.04274368286,217,7.43915081024,2.77663874626,83.3119354248,-0.199689015746,13.1491909027,0.204524382949,0
1536693208209724120,31.032870912,carbonZ_2018-09-11-15-05-11_2_no_failure,normal,-1.90999996662,686.387145996,5.0316119194,218,7.43915081024,2.77663874626,83.3119354248,-0.204984024167,13.1568336487,0.162034124136,0
1536693208248272920,31.071419712,carbonZ_2018-09-11-15-05-11_2_no_failure,normal,-1.90999996662,686.387145996,5.0316119194,218,7.43915081024,2.77663874626,83.3119354248,-0.204896703362,13.1573495865,0.14950285852,0
1536693208304326296,31.127473088,carbonZ_2018-09-11-15-05-11_2_no_failure,normal,-1.90999996662,686.387145996,5.0316119194,218,7.43915081024,2.77663874626,83.3119354248,-0.205878540874,13.164481163,0.121965818107,0
1536693208370123000,31.193269792,carbonZ_2018-09-11-15-05-11_2_no_failure,normal,-1.89999997616,686.387145996,5.02048015594,219,7.43915081024,2.77663874626,83.3119354248,-0.201423630118,13.1660785675,0.106387391686,0
1536693208410298392,31.233445184,carbonZ_2018-09-11-15-05-11_2_no_failure,normal,-1.88999998569,683.604431152,5.02048015594,220,7.43915081024,2.77663874626,83.3119354248,-0.195238023996,13.1705245972,0.0915303453803,0
1536693208438124312,31.261271104,carbonZ_2018-09-11-15-05-11_2_no_failure,normal,-1.88999998569,683.604431152,5.02048015594,220,7.43915081024,2.77663874626,83.3119354248,-0.192838564515,13.169054985,0.0808973684907,0
1536693208510319832,31.333466624,carbonZ_2018-09-11-15-05-11_2_no_failure,normal,-1.88999998569,683.604431152,5.02048015594,220,7.43915081024,2.77663874626,83.3119354248,-0.190999954939,13.1725826263,0.0452593825758,0
1536693208562197336,31.385344128,carbonZ_2018-09-11-15-05-11_2_no_failure,normal,-1.88999998569,683.604431152,5.00934791565,221,5.72091579437,2.82305002213,83.6292572021,-0.189567968249,13.1760253906,0.0209877286106,0
1536693208689264824,31.512411616,carbonZ_2018-09-11-15-05-11_2_no_failure,normal,-1.88999998569,684.251281738,5.00934791565,221,5.72091579437,2.82305002213,83.6292572021,-0.201132550836,13.1753225327,-0.0245061777532,0
1536693208723799320,31.546946112,carbonZ_2018-09-11-15-05-11_2_no_failure,normal,-1.89999997616,684.251281738,5.00934791565,222,5.72091579437,2.82305002213,83.6292572021,-0.205239921808,13.1763792038,-0.0363995246589,0
1536693208737783736,31.560930528,carbonZ_2018-09-11-15-05-11_2_no_failure,normal,-1.89999997616,684.251281738,5.00934791565,222,5.72091579437,2.82305002213,83.6292572021,-0.211355879903,13.1724300385,-0.049215041101,0
1536693208810190936,31.633337728,carbonZ_2018-09-11-15-05-11_2_no_failure,normal,-1.89999997616,684.251281738,5.00934791565,222,5.72091579437,2.82305002213,83.6292572021,-0.215440541506,13.1738052368,-0.0619168169796,0
1536693208842122872,31.665269664,carbonZ_2018-09-11-15-05-11_2_no_failure,normal,-1.90999996662,680.31628418,5.00934791565,223,5.72091579437,2.82305002213,83.6292572021,-0.219704598188,13.1713514328,-0.0777606219053,0
1536693208895644920,31.718791712,carbonZ_2018-09-11-15-05-11_2_no_failure,normal,-1.90999996662,680.31628418,5.00934791565,223,5.72091579437,2.82305002213,83.6292572021,-0.229282319546,13.1638565063,-0.108474805951,0
1536693208944282776,31.767429568,carbonZ_2018-09-11-15-05-11_2_no_failure,normal,-1.91999995708,680.31628418,4.99821615219,224,6.62353992462,3.8645772934,84.0468597412,-0.234356507659,13.1616334915,-0.126185461879,0
1536693208997448792,31.820595584,carbonZ_2018-09-11-15-05-11_2_no_failure,normal,-1.91999995708,680.31628418,4.99821615219,224,6.62353992462,3.8645772934,84.0468597412,-0.240752890706,13.156121254,-0.132502809167,0
1536693209051217592,31.874364384,carbonZ_2018-09-11-15-05-11_2_no_failure,normal,-1.93999993801,683.725830078,4.99821615219,225,6.62353992462,3.8645772934,84.0468597412,-0.249497145414,13.1506252289,-0.130974531174,0
1536693209087643736,31.910790528,carbonZ_2018-09-11-15-05-11_2_no_failure,normal,-1.93999993801,683.725830078,4.99821615219,225,6.62353992462,3.8645772934,84.0468597412,-0.258138805628,13.141535759,-0.119788020849,0
1536693209141943864,31.965090656,carbonZ_2018-09-11-15-05-11_2_no_failure,normal,-1.95999991894,683.725830078,4.98708438873,225,6.62353992462,3.8645772934,84.0468597412,-0.266066074371,13.1298761368,-0.125650107861,0
1536693209208521048,32.03166784,carbonZ_2018-09-11-15-05-11_2_no_failure,normal,-1.9699999094,710.379760742,4.98708438873,226,6.62353992462,3.8645772934,84.0468597412,-0.272286087275,13.1191301346,-0.154291123152,0
1536693209272839032,32.095985824,carbonZ_2018-09-11-15-05-11_2_no_failure,normal,-1.9699999094,710.379760742,4.98708438873,226,6.36097478867,4.06033468246,84.2830200195,-0.285842597485,13.0976514816,-0.115589037538,0
1536693209327103256,32.150250048,carbonZ_2018-09-11-15-05-11_2_no_failure,normal,-1.99000000954,710.379760742,4.97595214844,227,6.36097478867,4.06033468246,84.2830200195,-0.289270222187,13.0927877426,-0.0993530750275,0
1536693209380517752,32.203664544,carbonZ_2018-09-11-15-05-11_2_no_failure,normal,-1.99000000954,710.379760742,4.97595214844,227,6.36097478867,4.06033468246,84.2830200195,-0.293035119772,13.0773992538,-0.0233767740428,0
1536693209459461752,32.282608544,carbonZ_2018-09-11-15-05-11_2_no_failure,normal,-2.00999999046,714.230834961,4.96482038498,228,6.36097478867,4.06033468246,84.2830200195,-0.298661440611,13.0622615814,0.0610103979707,0
1536693209474318136,32.297464928,carbonZ_2018-09-11-15-05-11_2_no_failure,normal,-2.00999999046,714.230834961,4.96482038498,228,6.36097478867,4.06033468246,84.2830200195,-0.302289247513,13.0575685501,0.128926903009,0
1536693209523980984,32.347127776,carbonZ_2018-09-11-15-05-11_2_no_failure,normal,-2.0,714.230834961,4.95368862152,229,6.36097478867,4.06033468246,84.2830200195,-0.305819511414,13.0490598679,0.173906520009,0
1536693209579665304,32.402812096,carbonZ_2018-09-11-15-05-11_2_no_failure,normal,-2.0,714.230834961,4.95368862152,229,6.36097478867,4.06033468246,84.2830200195,-0.304540246725,13.0390062332,0.215131282806,0
1536693209638969784,32.462116576,carbonZ_2018-09-11-15-05-11_2_no_failure,normal,-1.97999989986,721.347595215,4.95368862152,229,6.36097478867,4.06033468246,84.2830200195,-0.303800076246,13.0342721939,0.244111567736,0
1536693209739111896,32.562258688,carbonZ_2018-09-11-15-05-11_2_no_failure,normal,-1.95999991894,721.347595215,4.93142461777,230,7.15481185913,2.9555978775,84.0627212524,-0.328465253115,13.0257911682,0.247807666659,0
1536693209849027544,32.672174336,carbonZ_2018-09-11-15-05-11_2_no_failure,normal,-1.93999993801,726.222351074,4.93142461777,231,7.15481185913,2.9555978775,84.0627212524,-0.353946596384,13.0291442871,0.278974592686,0
1536693209893360056,32.716506848,carbonZ_2018-09-11-15-05-11_2_no_failure,normal,-1.93999993801,726.222351074,4.93142461777,231,7.15481185913,2.9555978775,84.0627212524,-0.381012201309,13.0301809311,0.281389683485,0
1536693209932288504,32.755435296,carbonZ_2018-09-11-15-05-11_2_no_failure,normal,-1.91999995708,726.222351074,4.90916109085,232,7.15481185913,2.9555978775,84.0627212524,-0.390655398369,13.0354728699,0.284430354834,0
1536693209961222328,32.78436912,carbonZ_2018-09-11-15-05-11_2_no_failure,normal,-1.91999995708,726.222351074,4.90916109085,232,7.15481185913,2.9555978775,84.0627212524,-0.409212589264,13.038151741,0.279365062714,0
1536693210025648376,32.848795168,carbonZ_2018-09-11-15-05-11_2_no_failure,normal,-1.88999998569,724.221313477,4.89802932739,233,7.15481185913,2.9555978775,84.0627212524,-0.43648982048,13.0432901382,0.284638524055,0
1536693210043693976,32.866840768,carbonZ_2018-09-11-15-05-11_2_no_failure,normal,-1.88999998569,724.221313477,4.89802932739,233,9.1773481369,3.35542392731,84.0824050903,-0.445399075747,13.0421733856,0.287939965725,0
1536693210104803672,32.927950464,carbonZ_2018-09-11-15-05-11_2_no_failure,normal,-1.88999998569,724.221313477,4.89802932739,233,9.1773481369,3.35542392731,84.0824050903,-0.464208424091,13.0434837341,0.331829816103,0
1536693210143997560,32.967144352,carbonZ_2018-09-11-15-05-11_2_no_failure,normal,-1.86000001431,724.221313477,4.86463356018,234,9.1773481369,3.35542392731,84.0824050903,-0.477159202099,13.0390167236,0.36223334074,0
1536693210198416280,33.021563072,carbonZ_2018-09-11-15-05-11_2_no_failure,normal,-1.86000001431,724.221313477,4.86463356018,234,9.1773481369,3.35542392731,84.0824050903,-0.492029696703,13.0322198868,0.406897991896,0
1536693210263962680,33.087109472,carbonZ_2018-09-11-15-05-11_2_no_failure,normal,-1.81999993324,722.239685059,4.84236955643,234,9.1773481369,3.35542392731,84.0824050903,-0.509945511818,13.0331354141,0.417979985476,0
1536693210290161016,33.113307808,carbonZ_2018-09-11-15-05-11_2_no_failure,normal,-1.77999997139,722.239685059,4.80897426605,235,9.1773481369,3.35542392731,84.0824050903,-0.509945511818,13.0331354141,0.417979985476,0
1536693210342932152,33.166078944,carbonZ_2018-09-11-15-05-11_2_no_failure,normal,-1.77999997139,722.239685059,4.80897426605,235,9.1773481369,3.35542392731,84.0824050903,-0.53338766098,13.029794693,0.430507034063,0
1536693210411736760,33.234883552,carbonZ_2018-09-11-15-05-11_2_no_failure,normal,-1.77999997139,722.239685059,4.80897426605,235,9.1773481369,3.35542392731,84.0824050903,-0.546229660511,13.022608757,0.443815141916,0
1536693210454133048,33.27727984,carbonZ_2018-09-11-15-05-11_2_no_failure,normal,-1.74000000954,727.651000977,4.77557849884,236,7.80103826523,3.99869418144,84.8266525269,-0.557082355022,13.0194501877,0.462884426117,0
1536693210482249048,33.30539584,carbonZ_2018-09-11-15-05-11_2_no_failure,normal,-1.74000000954,727.651000977,4.77557849884,236,7.80103826523,3.99869418144,84.8266525269,-0.569397449493,13.0177726746,0.508809804916,0
1536693210586142808,33.4092896,carbonZ_2018-09-11-15-05-11_2_no_failure,normal,-1.68999993801,727.651000977,4.73105096817,237,7.80103826523,3.99869418144,84.8266525269,-0.588869452477,13.0159950256,0.558565855026,0
1536693210636350136,33.459496928,carbonZ_2018-09-11-15-05-11_2_no_failure,normal,-1.62999999523,722.163574219,4.69765520096,238,7.80103826523,3.99869418144,84.8266525269,-0.616675615311,13.0122509003,0.557224035263,0
1536693210687087064,33.510233856,carbonZ_2018-09-11-15-05-11_2_no_failure,normal,-1.62999999523,722.163574219,4.69765520096,238,7.80103826523,3.99869418144,84.8266525269,-0.643592357635,13.0078048706,0.55103623867,0
1536693210737156792,33.560303584,carbonZ_2018-09-11-15-05-11_2_no_failure,normal,-1.56999993324,722.163574219,4.65312767029,239,7.80103826523,3.99869418144,84.8266525269,-0.678675413132,13.0030822754,0.538307726383,0
1536693210774468536,33.597615328,carbonZ_2018-09-11-15-05-11_2_no_failure,normal,-1.56999993324,722.163574219,4.65312767029,239,7.80103826523,3.99869418144,84.8266525269,-0.700900316238,12.9970417023,0.526081204414,0
1536693210857434680,33.680581472,carbonZ_2018-09-11-15-05-11_2_no_failure,normal,-1.50999999046,725.777038574,4.60860013962,240,7.80103826523,3.99869418144,84.8266525269,-0.737487494946,12.9809465408,0.477533757687,0
1536693210898349528,33.72149632,carbonZ_2018-09-11-15-05-11_2_no_failure,normal,-1.50999999046,725.777038574,4.60860013962,240,7.10430765152,5.05762434006,86.0202941895,-0.757414758205,12.9758749008,0.417699575424,0
1536693210967683896,33.790830688,carbonZ_2018-09-11-15-05-11_2_no_failure,normal,-1.45999991894,725.777038574,4.55294084549,240,7.10430765152,5.05762434006,86.0202941895,-0.767189979553,12.9652910233,0.333106666803,0
1536693210980663928,33.80381072,carbonZ_2018-09-11-15-05-11_2_no_failure,normal,-1.45999991894,725.777038574,4.55294084549,240,7.10430765152,5.05762434006,86.0202941895,-0.767189979553,12.9652910233,0.333106666803,0
1536693211025067800,33.848214592,carbonZ_2018-09-11-15-05-11_2_no_failure,normal,-1.41999995708,728.220947266,4.49728155136,241,7.10430765152,5.05762434006,86.0202941895,-0.768274247646,12.9479923248,0.246034011245,0
1536693211078808664,33.901955456,carbonZ_2018-09-11-15-05-11_2_no_failure,normal,-1.41999995708,728.220947266,4.49728155136,241,7.10430765152,5.05762434006,86.0202941895,-0.758521556854,12.9362640381,0.168108969927,0
1536693211151415992,33.974562784,carbonZ_2018-09-11-15-05-11_2_no_failure,normal,-1.39999997616,728.220947266,4.43049001694,242,7.10430765152,5.05762434006,86.0202941895,-0.749779343605,12.9244203568,0.101704016328,0
1536693211243490776,34.066637568,carbonZ_2018-09-11-15-05-11_2_no_failure,normal,-1.39999997616,737.89855957,4.37483072281,243,7.10430765152,5.05762434006,86.0202941895,-0.727738499641,12.9077825546,-0.084906257689,0
1536693211307578584,34.130725376,carbonZ_2018-09-11-15-05-11_2_no_failure,normal,-1.39999997616,737.89855957,4.37483072281,243,4.72490501404,5.66508483887,85.2468948364,-0.719438135624,12.896241188,-0.197257429361,0
1536693211324276280,34.147423072,carbonZ_2018-09-11-15-05-11_2_no_failure,normal,-1.41999995708,737.89855957,4.31917142868,244,4.72490501404,5.66508483887,85.2468948364,-0.713483512402,12.8934459686,-0.227653503418,0
1536693211404375768,34.22752256,carbonZ_2018-09-11-15-05-11_2_no_failure,normal,-1.41999995708,737.89855957,4.31917142868,244,4.72490501404,5.66508483887,85.2468948364,-0.69620859623,12.878985405,-0.406454354525,0
1536693211417301816,34.240448608,carbonZ_2018-09-11-15-05-11_2_no_failure,normal,-1.45999991894,738.044189453,4.27464389801,245,4.72490501404,5.66508483887,85.2468948364,-0.692390680313,12.8802862167,-0.442038983107,0
1536693211486631832,34.309778624,carbonZ_2018-09-11-15-05-11_2_no_failure,normal,-1.45999991894,738.044189453,4.27464389801,245,4.72490501404,5.66508483887,85.2468948364,-0.682055592537,12.8669347763,-0.571718513966,0
1536693211534186360,34.357333152,carbonZ_2018-09-11-15-05-11_2_no_failure,normal,-1.50999999046,738.044189453,4.2301158905,245,4.72490501404,5.66508483887,85.2468948364,-0.669683933258,12.8616666794,-0.635101139545,0
1536693211572988728,34.39613552,carbonZ_2018-09-11-15-05-11_2_no_failure,normal,-1.50999999046,738.044189453,4.2301158905,245,4.72490501404,5.66508483887,85.2468948364,-0.64722430706,12.8404579163,-0.720121026039,0
1536693211649776024,34.472922816,carbonZ_2018-09-11-15-05-11_2_no_failure,normal,-1.58999991417,741.187927246,4.18558835983,246,4.72490501404,5.66508483887,85.2468948364,-0.628148376942,12.8254966736,-0.793738424778,0
1536693211676855480,34.500002272,carbonZ_2018-09-11-15-05-11_2_no_failure,normal,-1.58999991417,741.187927246,4.18558835983,246,4.53242063522,5.38900661469,84.5793991089,-0.611466228962,12.8054246902,-0.849099874496,0
1536693211751146808,34.5742936,carbonZ_2018-09-11-15-05-11_2_no_failure,normal,-1.68999993801,741.187927246,4.14106082916,247,4.53242063522,5.38900661469,84.5793991089,-0.603963792324,12.7885150909,-0.889200329781,0
1536693211783186232,34.606333024,carbonZ_2018-09-11-15-05-11_2_no_failure,normal,-1.68999993801,741.187927246,4.14106082916,247,4.53242063522,5.38900661469,84.5793991089,-0.588867545128,12.7796754837,-0.926264226437,0
1536693211844943512,34.668090304,carbonZ_2018-09-11-15-05-11_2_no_failure,normal,-1.78999996185,746.911743164,4.10766553879,248,4.53242063522,5.38900661469,84.5793991089,-0.571009039879,12.7646446228,-0.978036880493,0
1536693211895602840,34.718749632,carbonZ_2018-09-11-15-05-11_2_no_failure,normal,-1.78999996185,746.911743164,4.10766553879,248,4.53242063522,5.38900661469,84.5793991089,-0.551630377769,12.7538547516,-1.01717686653,0
1536693211967544120,34.790690912,carbonZ_2018-09-11-15-05-11_2_no_failure,normal,-1.89999997616,746.911743164,4.07426977158,249,4.53242063522,5.38900661469,84.5793991089,-0.521348834038,12.7467603683,-1.04196822643,0
1536693211981331800,34.804478592,carbonZ_2018-09-11-15-05-11_2_no_failure,normal,-1.89999997616,746.911743164,4.07426977158,249,4.53242063522,5.38900661469,84.5793991089,-0.511278927326,12.7429571152,-1.05250120163,0
1536693212048002136,34.871148928,carbonZ_2018-09-11-15-05-11_2_no_failure,normal,-2.00999999046,782.01361084,4.05200576782,250,4.53242063522,5.38900661469,84.5793991089,-0.475991278887,12.7369842529,-1.06032037735,0
1536693212088383128,34.91152992,carbonZ_2018-09-11-15-05-11_2_no_failure,normal,-2.00999999046,782.01361084,4.05200576782,250,4.53242063522,5.38900661469,84.5793991089,-0.452837496996,12.732011795,-1.05751001835,0
1536693212143344120,34.966490912,carbonZ_2018-09-11-15-05-11_2_no_failure,normal,-2.12999987602,782.01361084,4.02974224091,251,3.45059871674,3.67377638817,83.9874954224,-0.415422946215,12.7225027084,-1.04503512383,0
1536693212187768760,35.010915552,carbonZ_2018-09-11-15-05-11_2_no_failure,normal,-2.24000000954,787.26776123,4.01861047745,252,3.45059871674,3.67377638817,83.9874954224,-0.359745532274,12.7150363922,-1.04419708252,0
1536693212271348408,35.0944952,carbonZ_2018-09-11-15-05-11_2_no_failure,normal,-2.24000000954,787.26776123,4.01861047745,252,3.45059871674,3.67377638817,83.9874954224,-0.317606687546,12.7092580795,-1.05820298195,0
1536693212291261336,35.114408128,carbonZ_2018-09-11-15-05-11_2_no_failure,normal,-2.24000000954,787.26776123,4.01861047745,252,3.45059871674,3.67377638817,83.9874954224,-0.317606687546,12.7092580795,-1.05820298195,0
1536693212327591576,35.150738368,carbonZ_2018-09-11-15-05-11_2_no_failure,normal,-2.34999990463,787.26776123,4.00747823715,253,3.45059871674,3.67377638817,83.9874954224,-0.290348768234,12.7075872421,-1.08092975616,0
1536693212374338680,35.197485472,carbonZ_2018-09-11-15-05-11_2_no_failure,normal,-2.34999990463,787.26776123,4.00747823715,253,3.45059871674,3.67377638817,83.9874954224,-0.23885704577,12.7014856339,-1.08714151382,0
1536693212418464824,35.241611616,carbonZ_2018-09-11-15-05-11_2_no_failure,normal,-2.46000003815,788.925292969,4.00747823715,253,3.45059871674,3.67377638817,83.9874954224,-0.188377007842,12.6969890594,-1.05778634548,0
1536693212503836760,35.326983552,carbonZ_2018-09-11-15-05-11_2_no_failure,normal,-2.46000003815,788.925292969,4.00747823715,253,2.62216234207,2.46511077881,84.3428649902,-0.148284852505,12.6972999573,-0.996175706387,0
1536693212531848600,35.354995392,carbonZ_2018-09-11-15-05-11_2_no_failure,normal,-2.55999994278,788.925292969,4.01861047745,254,2.62216234207,2.46511077881,84.3428649902,-0.137108162045,12.6971292496,-0.973217010498,0
1536693212576416216,35.399563008,carbonZ_2018-09-11-15-05-11_2_no_failure,normal,-2.55999994278,788.925292969,4.01861047745,254,2.62216234207,2.46511077881,84.3428649902,-0.0989470183849,12.7004232407,-0.896061003208,0
1536693212619756152,35.442902944,carbonZ_2018-09-11-15-05-11_2_no_failure,normal,-2.65999984741,786.534790039,4.04087400436,255,2.62216234207,2.46511077881,84.3428649902,-0.0772841274738,12.701174736,-0.848503887653,0
1536693212650415192,35.473561984,carbonZ_2018-09-11-15-05-11_2_no_failure,normal,-2.65999984741,786.534790039,4.04087400436,255,2.62216234207,2.46511077881,84.3428649902,-0.0468129552901,12.7077941895,-0.77527731657,0
1536693212735750872,35.558897664,carbonZ_2018-09-11-15-05-11_2_no_failure,normal,-2.74000000954,786.534790039,4.06313800812,256,2.62216234207,2.46511077881,84.3428649902,-0.00922116730362,12.7189626694,-0.675351798534,0
1536693212806700728,35.62984752,carbonZ_2018-09-11-15-05-11_2_no_failure,normal,-2.74000000954,786.534790039,4.06313800812,256,2.62216234207,2.46511077881,84.3428649902,0.00300106219947,12.7246360779,-0.631688594818,0
1536693212849859064,35.673005856,carbonZ_2018-09-11-15-05-11_2_no_failure,normal,-2.80999994278,785.671325684,4.08540153503,257,2.62216234207,2.46511077881,84.3428649902,0.0129730440676,12.7290248871,-0.577344298363,0
1536693212905260344,35.728407136,carbonZ_2018-09-11-15-05-11_2_no_failure,normal,-2.80999994278,785.671325684,4.08540153503,257,4.59663915634,0.614096462727,85.3652496338,0.0201289001852,12.7447662354,-0.482579052448,0
1536693212915809336,35.738956128,carbonZ_2018-09-11-15-05-11_2_no_failure,normal,-2.86999988556,785.671325684,4.10766553879,258,4.59663915634,0.614096462727,85.3652496338,0.0190637484193,12.754696846,-0.454691767693,0
1536693212983524088,35.80667088,carbonZ_2018-09-11-15-05-11_2_no_failure,normal,-2.86999988556,785.671325684,4.10766553879,258,4.59663915634,0.614096462727,85.3652496338,0.0224374495447,12.7710666656,-0.365368306637,0
1536693213047326680,35.870473472,carbonZ_2018-09-11-15-05-11_2_no_failure,normal,-2.90999984741,782.214172363,4.1299290657,259,4.59663915634,0.614096462727,85.3652496338,0.0204706732184,12.7895498276,-0.293286949396,0
1536693213074087416,35.897234208,carbonZ_2018-09-11-15-05-11_2_no_failure,normal,-2.90999984741,782.214172363,4.1299290657,259,4.59663915634,0.614096462727,85.3652496338,0.0173994116485,12.8043079376,-0.247346401215,0
1536693213127603064,35.950749856,carbonZ_2018-09-11-15-05-11_2_no_failure,normal,-2.92999982834,782.214172363,4.15219306946,260,4.59663915634,0.614096462727,85.3652496338,0.00985917169601,12.8168020248,-0.224649310112,0
1536693213150855544,35.974002336,carbonZ_2018-09-11-15-05-11_2_no_failure,normal,-2.92999982834,782.214172363,4.15219306946,260,4.59663915634,0.614096462727,85.3652496338,0.00684478972107,12.8274059296,-0.20604197681,0
1536693213208256184,36.031402976,carbonZ_2018-09-11-15-05-11_2_no_failure,normal,-2.92999982834,782.214172363,4.15219306946,260,4.59663915634,0.614096462727,85.3652496338,-0.00424543209374,12.8497972488,-0.160331353545,0
1536693213321484024,36.144630816,carbonZ_2018-09-11-15-05-11_2_no_failure,normal,-2.97000002861,776.261230469,4.1810760498,262,7.19720935822,-0.168901190162,85.7151641846,-0.0318294093013,12.8962459564,-0.0911342948675,0
1536693213358826552,36.181973344,carbonZ_2018-09-11-15-05-11_2_no_failure,normal,-2.97000002861,776.261230469,4.1810760498,262,7.19720935822,-0.168901190162,85.7151641846,-0.0338283516467,12.9035234451,-0.0754644051194,0
1536693213401992792,36.225139584,carbonZ_2018-09-11-15-05-11_2_no_failure,normal,-2.97000002861,776.261230469,4.1810760498,262,7.19720935822,-0.168901190162,85.7151641846,-0.0513412430882,12.9359550476,-0.0169467870146,0
1536693213457854008,36.2810008,carbonZ_2018-09-11-15-05-11_2_no_failure,normal,-2.97000002861,769.617919922,4.19243192673,263,7.19720935822,-0.168901190162,85.7151641846,-0.0616699866951,12.9483041763,-0.0071285800077,0
1536693213522496216,36.345643008,carbonZ_2018-09-11-15-05-11_2_no_failure,normal,-2.98000001907,769.617919922,4.19265508652,264,7.19720935822,-0.168901190162,85.7151641846,-0.0752492696047,12.9802484512,0.0016163761029,0
1536693213574310424,36.397457216,carbonZ_2018-09-11-15-05-11_2_no_failure,normal,-2.98000001907,769.617919922,4.19265508652,264,7.38583278656,-0.049754511565,85.5593490601,-0.0883127003908,13.0271406174,-0.0225926097482,0
1536693213648024536,36.471171328,carbonZ_2018-09-11-15-05-11_2_no_failure,normal,-2.98000001907,762.352111816,4.1507101059,265,7.38583278656,-0.049754511565,85.5593490601,-0.0956114530563,13.0558357239,-0.04839431867,0
1536693213698244856,36.521391648,carbonZ_2018-09-11-15-05-11_2_no_failure,normal,-2.99000000954,762.352111816,4.16474723816,266,7.38583278656,-0.049754511565,85.5593490601,-0.108315736055,13.0886678696,-0.0854490995407,0
1536693213773310872,36.596457664,carbonZ_2018-09-11-15-05-11_2_no_failure,normal,-2.99000000954,762.352111816,4.16474723816,266,7.38583278656,-0.049754511565,85.5593490601,-0.115508012474,13.1217412949,-0.125065758824,0
1536693213835021080,36.658167872,carbonZ_2018-09-11-15-05-11_2_no_failure,normal,-3.0,754.56628418,3.85544300079,267,7.38583278656,-0.049754511565,85.5593490601,-0.118590027094,13.1520862579,-0.133921191096,0
1536693213861548280,36.684695072,carbonZ_2018-09-11-15-05-11_2_no_failure,normal,-3.0,754.56628418,3.85544300079,267,7.38583278656,-0.049754511565,85.5593490601,-0.118590027094,13.1520862579,-0.133921191096,0
1536693213905715064,36.728861856,carbonZ_2018-09-11-15-05-11_2_no_failure,normal,-3.0,754.56628418,3.85544300079,267,7.38583278656,-0.049754511565,85.5593490601,-0.120383009315,13.166425705,-0.152246683836,0
1536693213950661144,36.773807936,carbonZ_2018-09-11-15-05-11_2_no_failure,normal,-3.01999998093,753.566345215,3.8741145134,268,6.18757724762,0.326264798641,85.4017791748,-0.117316246033,13.1861457825,-0.142924129963,0
1536693213993949272,36.817096064,carbonZ_2018-09-11-15-05-11_2_no_failure,normal,-3.01999998093,753.566345215,3.8741145134,268,6.18757724762,0.326264798641,85.4017791748,-0.112564139068,13.2098636627,-0.141755864024,0
1536693214054955128,36.87810192,carbonZ_2018-09-11-15-05-11_2_no_failure,normal,-3.03999996185,742.41607666,3.90428256989,269,6.18757724762,0.326264798641,85.4017791748,-0.110433854163,13.2302398682,-0.136889278889,0
1536693214098579032,36.921725824,carbonZ_2018-09-11-15-05-11_2_no_failure,normal,-3.03999996185,742.41607666,3.90428256989,269,6.18757724762,0.326264798641,85.4017791748,-0.108550056815,13.2449407578,-0.134486794472,0
1536693214151570488,36.97471728,carbonZ_2018-09-11-15-05-11_2_no_failure,normal,-3.05999994278,742.41607666,3.74071717262,270,6.18757724762,0.326264798641,85.4017791748,-0.102978356183,13.2702445984,-0.154231861234,0
1536693214216758616,37.039905408,carbonZ_2018-09-11-15-05-11_2_no_failure,normal,-3.08999991417,736.782287598,3.78097581863,271,6.18757724762,0.326264798641,85.4017791748,-0.10879188776,13.28881073,-0.200204968452,0
1536693214242975352,37.066122144,carbonZ_2018-09-11-15-05-11_2_no_failure,normal,-3.08999991417,736.782287598,3.78097581863,271,6.18757724762,0.326264798641,85.4017791748,-0.116656564176,13.3109636307,-0.242192029953,0
1536693214278999416,37.102146208,carbonZ_2018-09-11-15-05-11_2_no_failure,normal,-3.08999991417,736.782287598,3.78097581863,271,6.18757724762,0.326264798641,85.4017791748,-0.150264069438,13.3400115967,-0.291003227234,0
1536693214354004632,37.177151424,carbonZ_2018-09-11-15-05-11_2_no_failure,normal,-3.11999988556,736.782287598,3.82142138481,272,6.18757724762,0.326264798641,85.4017791748,-0.174082234502,13.3418912888,-0.299591511488,0
1536693214412981016,37.236127808,carbonZ_2018-09-11-15-05-11_2_no_failure,normal,-3.14999985695,729.042358398,3.33587121964,273,7.86413288116,0.865101218224,85.6870117188,-0.22000579536,13.357632637,-0.239296972752,0
1536693214454745304,37.277892096,carbonZ_2018-09-11-15-05-11_2_no_failure,normal,-3.14999985695,729.042358398,3.33587121964,273,7.86413288116,0.865101218224,85.6870117188,-0.227620914578,13.358839035,-0.222881317139,0
1536693214495916600,37.319063392,carbonZ_2018-09-11-15-05-11_2_no_failure,normal,-3.14999985695,729.042358398,3.33587121964,273,7.86413288116,0.865101218224,85.6870117188,-0.24395878613,13.367181778,-0.179354414344,0
1536693214541319928,37.36446672,carbonZ_2018-09-11-15-05-11_2_no_failure,normal,-3.17999982834,729.042358398,3.38424611092,274,7.86413288116,0.865101218224,85.6870117188,-0.249530106783,13.37454319,-0.098175086081,0
1536693214596700152,37.419846944,carbonZ_2018-09-11-15-05-11_2_no_failure,normal,-3.17999982834,729.042358398,3.38424611092,274,7.86413288116,0.865101218224,85.6870117188,-0.241290271282,13.3832836151,-0.0293522719294,0
1536693214662194200,37.485340992,carbonZ_2018-09-11-15-05-11_2_no_failure,normal,-3.1899998188,719.992736816,2.68482232094,275,7.86413288116,0.865101218224,85.6870117188,-0.234846308827,13.393450737,-0.0294657759368,0
1536693214692310520,37.515457312,carbonZ_2018-09-11-15-05-11_2_no_failure,normal,-3.1899998188,719.992736816,2.68482232094,275,7.86413288116,0.865101218224,85.6870117188,-0.232880800962,13.4037904739,-0.0317650921643,0
1536693214768403192,37.591549984,carbonZ_2018-09-11-15-05-11_2_no_failure,normal,-3.19999980927,719.992736816,2.77617144585,276,7.86413288116,0.865101218224,85.6870117188,-0.22304366529,13.4153022766,-0.0160856638104,0
1536693214828446296,37.651593088,carbonZ_2018-09-11-15-05-11_2_no_failure,normal,-3.21000003815,717.07611084,1.82355129719,277,7.86413288116,0.865101218224,85.6870117188,-0.213960751891,13.4240856171,-0.0108761712909,0
1536693214849123384,37.672270176,carbonZ_2018-09-11-15-05-11_2_no_failure,normal,-3.21000003815,717.07611084,1.82355129719,277,7.86413288116,0.865101218224,85.6870117188,-0.211597263813,13.4343547821,-0.00910673476756,0
1536693214897189464,37.720336256,carbonZ_2018-09-11-15-05-11_2_no_failure,normal,-3.21000003815,717.07611084,1.82355129719,277,7.87632131577,0.0585811436176,85.8474349976,-0.207911580801,13.4537553787,-0.0396735146642,0
1536693214968174232,37.791321024,carbonZ_2018-09-11-15-05-11_2_no_failure,normal,-3.21000003815,717.07611084,1.98376572132,278,7.87632131577,0.0585811436176,85.8474349976,-0.199865669012,13.482293129,-0.0696988403797,0
1536693214998324152,37.821470944,carbonZ_2018-09-11-15-05-11_2_no_failure,normal,-3.21000003815,717.07611084,1.98376572132,278,7.87632131577,0.0585811436176,85.8474349976,-0.202108994126,13.5039377213,-0.0949310138822,0
1536693215058464952,37.881611744,carbonZ_2018-09-11-15-05-11_2_no_failure,normal,-3.23000001907,717.198059082,-0.0358470119536,279,7.87632131577,0.0585811436176,85.8474349976,-0.207490980625,13.5279369354,-0.108902521431,0
1536693215103938104,37.927084896,carbonZ_2018-09-11-15-05-11_2_no_failure,normal,-3.23000001907,717.198059082,-0.0358470119536,279,7.87632131577,0.0585811436176,85.8474349976,-0.21933427453,13.5436477661,-0.108182758093,0
1536693215150991768,37.97413856,carbonZ_2018-09-11-15-05-11_2_no_failure,normal,-3.24000000954,717.198059082,0.237594783306,280,7.87632131577,0.0585811436176,85.8474349976,-0.241462245584,13.5604972839,-0.109289884567,0
1536693215205682872,38.028829664,carbonZ_2018-09-11-15-05-11_2_no_failure,normal,-3.25999999046,707.913085938,0.511035621166,281,7.87632131577,0.0585811436176,85.8474349976,-0.264706134796,13.5718889236,-0.095693513751,0
1536693215248280632,38.071427424,carbonZ_2018-09-11-15-05-11_2_no_failure,normal,-3.25999999046,707.913085938,0.511035621166,281,8.93460941315,-1.03590703011,89.6311187744,-0.319590747356,13.5821790695,-0.0991936847568,0
1536693215294085464,38.117232256,carbonZ_2018-09-11-15-05-11_2_no_failure,normal,-3.25999999046,707.913085938,0.511035621166,281,8.93460941315,-1.03590703011,89.6311187744,-0.366451948881,13.5933036804,-0.0988923087716,0
1536693215382570296,38.205717088,carbonZ_2018-09-11-15-05-11_2_no_failure,normal,-3.26999998093,707.913085938,-0.0401260368526,282,8.93460941315,-1.03590703011,89.6311187744,-0.476860433817,13.6091127396,-0.144970476627,0
1536693215430784376,38.253931168,carbonZ_2018-09-11-15-05-11_2_no_failure,normal,-3.28999996185,701.957336426,0.256327301264,283,8.93460941315,-1.03590703011,89.6311187744,-0.606447935104,13.6249904633,-0.210404634476,0
1536693215509410616,38.332557408,carbonZ_2018-09-11-15-05-11_2_no_failure,normal,-3.28999996185,701.957336426,0.256327301264,283,8.93460941315,-1.03590703011,89.6311187744,-0.67906910181,13.6256952286,-0.26812055707,0
1536693215533531896,38.356678688,carbonZ_2018-09-11-15-05-11_2_no_failure,normal,-3.30999994278,701.957336426,0.531141638756,284,8.93460941315,-1.03590703011,89.6311187744,-0.753163099289,13.6380987167,-0.33386939764,0
1536693215596815608,38.4199624,carbonZ_2018-09-11-15-05-11_2_no_failure,normal,-3.30999994278,701.957336426,0.531141638756,284,13.4876737595,0.805232048035,91.4837417603,-0.865116715431,13.6417255402,-0.468061685562,0
1536693215658613400,38.481760192,carbonZ_2018-09-11-15-05-11_2_no_failure,normal,-3.34999990463,700.187194824,-2.69192266464,285,13.4876737595,0.805232048035,91.4837417603,-0.971359312534,13.6472702026,-0.582466900349,0
1536693215697876056,38.521022848,carbonZ_2018-09-11-15-05-11_2_no_failure,normal,-3.34999990463,700.187194824,-2.69192266464,285,13.4876737595,0.805232048035,91.4837417603,-1.03968679905,13.6495056152,-0.653147935867,0
1536693215741167064,38.564313856,carbonZ_2018-09-11-15-05-11_2_no_failure,normal,-3.40999984741,700.187194824,-2.27650427818,286,13.4876737595,0.805232048035,91.4837417603,-1.10068035126,13.6455402374,-0.702686965466,0
1536693215801027704,38.624174496,carbonZ_2018-09-11-15-05-11_2_no_failure,normal,-3.40999984741,700.187194824,-2.27650427818,286,13.4876737595,0.805232048035,91.4837417603,-1.1805369854,13.637383461,-0.755191028118,0
1536693215871849624,38.694996416,carbonZ_2018-09-11-15-05-11_2_no_failure,normal,-3.5,695.507263184,-1.87143516541,287,13.4876737595,0.805232048035,91.4837417603,-1.25941884518,13.622127533,-0.810689210892,0
1536693215898488984,38.721635776,carbonZ_2018-09-11-15-05-11_2_no_failure,normal,-3.5,695.507263184,-1.87143516541,287,13.4876737595,0.805232048035,91.4837417603,-1.30852794647,13.6176862717,-0.83152025938,0
1536693215942396984,38.765543776,carbonZ_2018-09-11-15-05-11_2_no_failure,normal,-3.57999992371,695.507263184,-1.47360122204,288,13.4876737595,0.805232048035,91.4837417603,-1.35651433468,13.6087522507,-0.841544151306,0
1536693216009660824,38.832807616,carbonZ_2018-09-11-15-05-11_2_no_failure,normal,-3.66999983788,694.090759277,-1.0923435688,289,14.8248281479,1.13463258743,91.6557617188,-1.44618034363,13.591219902,-0.840452611446,0
1536693216047706008,38.8708528,carbonZ_2018-09-11-15-05-11_2_no_failure,normal,-3.66999983788,694.090759277,-1.0923435688,289,14.8248281479,1.13463258743,91.6557617188,-1.47417700291,13.5920705795,-0.83983373642,0
1536693216092677400,38.915824192,carbonZ_2018-09-11-15-05-11_2_no_failure,normal,-3.66999983788,694.090759277,-1.0923435688,289,14.8248281479,1.13463258743,91.6557617188,-1.55959534645,13.5850667953,-0.842501521111,0
1536693216178199608,39.0013464,carbonZ_2018-09-11-15-05-11_2_no_failure,normal,-3.75999999046,694.090759277,-3.26690006256,290,14.8248281479,1.13463258743,91.6557617188,-1.69244861603,13.5787992477,-0.872997522354,0
1536693216212084408,39.0352312,carbonZ_2018-09-11-15-05-11_2_no_failure,normal,-3.84999990463,696.168884277,-2.76636576653,291,14.8248281479,1.13463258743,91.6557617188,-1.7254114151,13.5761632919,-0.882827222347,0
1536693216246811736,39.069958528,carbonZ_2018-09-11-15-05-11_2_no_failure,normal,-3.84999990463,696.168884277,-2.76636576653,291,14.8248281479,1.13463258743,91.6557617188,-1.79970347881,13.5694494247,-0.915665864944,0
1536693216295872792,39.119019584,carbonZ_2018-09-11-15-05-11_2_no_failure,normal,-3.84999990463,696.168884277,-2.76636576653,291,14.8248281479,1.13463258743,91.6557617188,-1.91442918777,13.5586862564,-0.947156786919,0
1536693216376977880,39.200124672,carbonZ_2018-09-11-15-05-11_2_no_failure,normal,-3.9399998188,696.168884277,-4.07274580002,292,14.8248281479,1.13463258743,91.6557617188,-2.02970314026,13.5397033691,-0.932520627975,0
1536693216412140792,39.235287584,carbonZ_2018-09-11-15-05-11_2_no_failure,normal,-3.9399998188,696.168884277,-4.07274580002,292,14.8248281479,1.13463258743,91.6557617188,-2.11018157005,13.5254201889,-0.906215250492,0
1536693216452087384,39.275234176,carbonZ_2018-09-11-15-05-11_2_no_failure,normal,-4.03999996185,693.077209473,-3.51681375504,293,17.2364997864,-0.429296284914,95.9391479492,-2.19190478325,13.5164241791,-0.869370400906,0
1536693216502386712,39.325533504,carbonZ_2018-09-11-15-05-11_2_no_failure,normal,-4.03999996185,693.077209473,-3.51681375504,293,17.2364997864,-0.429296284914,95.9391479492,-2.3227622509,13.5029153824,-0.791291117668,0
1536693216562291736,39.385438528,carbonZ_2018-09-11-15-05-11_2_no_failure,normal,-4.11999988556,693.077209473,-2.98927927017,294,17.2364997864,-0.429296284914,95.9391479492,-2.44941973686,13.4855546951,-0.696753561497,0
1536693216599089464,39.422236256,carbonZ_2018-09-11-15-05-11_2_no_failure,normal,-4.11999988556,693.077209473,-2.98927927017,294,17.2364997864,-0.429296284914,95.9391479492,-2.52286362648,13.4720821381,-0.604385793209,0
1536693216645475288,39.46862208,carbonZ_2018-09-11-15-05-11_2_no_failure,normal,-4.19999980927,688.903503418,-3.30693888664,295,17.2364997864,-0.429296284914,95.9391479492,-2.60154604912,13.4591236115,-0.5159252882,0
1536693216701307896,39.524454688,carbonZ_2018-09-11-15-05-11_2_no_failure,normal,-4.19999980927,688.903503418,-3.30693888664,295,17.2364997864,-0.429296284914,95.9391479492,-2.73756623268,13.435965538,-0.414554834366,0
1536693216739522904,39.562669696,carbonZ_2018-09-11-15-05-11_2_no_failure,normal,-4.25,687.903564453,-2.77238202095,296,17.2364997864,-0.429296284914,95.9391479492,-2.84004831314,13.4174203873,-0.368937820196,0
1536693216823524472,39.646671264,carbonZ_2018-09-11-15-05-11_2_no_failure,normal,-4.27999973297,694.63482666,-5.76508426666,297,22.1631469727,-0.550201952457,98.944770813,-3.06763529778,13.3856267929,-0.328626960516,0
1536693216844724184,39.667870976,carbonZ_2018-09-11-15-05-11_2_no_failure,normal,-4.27999973297,694.63482666,-5.76508426666,297,22.1631469727,-0.550201952457,98.944770813,-3.06763529778,13.3856267929,-0.328626960516,0
1536693216928568376,39.751715168,carbonZ_2018-09-11-15-05-11_2_no_failure,normal,-4.30999994278,694.63482666,-5.09692239761,298,22.1631469727,-0.550201952457,98.944770813,-3.35142183304,13.3341398239,-0.273020207882,0
1536693216961173432,39.784320224,carbonZ_2018-09-11-15-05-11_2_no_failure,normal,-4.30999994278,694.63482666,-5.09692239761,298,22.1631469727,-0.550201952457,98.944770813,-3.46060729027,13.3106508255,-0.246492743492,0
1536693216997010744,39.820157536,carbonZ_2018-09-11-15-05-11_2_no_failure,normal,-4.30999994278,694.63482666,-5.09692239761,298,22.1631469727,-0.550201952457,98.944770813,-3.57300138474,13.2870225906,-0.235965594649,0
1536693217064307352,39.887454144,carbonZ_2018-09-11-15-05-11_2_no_failure,normal,-4.33999967575,694.43939209,-4.46491193771,299,22.1631469727,-0.550201952457,98.944770813,-3.74003577232,13.2495059967,-0.230488970876,0
1536693217116254104,39.939400896,carbonZ_2018-09-11-15-05-11_2_no_failure,normal,-4.36000013351,694.43939209,-4.74582195282,300,22.1631469727,-0.550201952457,98.944770813,-3.92897319794,13.2171897888,-0.236624389887,0
1536693217167801272,39.990948064,carbonZ_2018-09-11-15-05-11_2_no_failure,normal,-4.36000013351,694.43939209,-4.74582195282,300,22.1631469727,-0.550201952457,98.944770813,-4.05156612396,13.1871080399,-0.228883758187,0
1536693217216953624,40.040100416,carbonZ_2018-09-11-15-05-11_2_no_failure,normal,-4.36000013351,694.43939209,-4.74582195282,300,22.1631469727,-0.550201952457,98.944770813,-4.16757583618,13.1577510834,-0.204896107316,0
1536693217241648888,40.06479568,carbonZ_2018-09-11-15-05-11_2_no_failure,normal,-4.38000011444,680.918579102,-4.10577630997,301,23.9338951111,0.0645510479808,102.299407959,-4.34031105042,13.1195831299,-0.156156495214,0
1536693217322377880,40.145524672,carbonZ_2018-09-11-15-05-11_2_no_failure,normal,-4.40000009537,680.918579102,-5.25403785706,301,23.9338951111,0.0645510479808,102.299407959,-4.52458000183,13.0715351105,-0.1203199476,0
1536693217334135800,40.157282592,carbonZ_2018-09-11-15-05-11_2_no_failure,normal,-4.40000009537,680.918579102,-5.25403785706,301,23.9338951111,0.0645510479808,102.299407959,-4.59545230865,13.0582504272,-0.108001224697,0
1536693217440935704,40.264082496,carbonZ_2018-09-11-15-05-11_2_no_failure,normal,-4.42000007629,676.439697266,-4.59242343903,302,23.9338951111,0.0645510479808,102.299407959,-4.99440193176,12.9577007294,-0.00852354429662,0
1536693217509087192,40.332233984,carbonZ_2018-09-11-15-05-11_2_no_failure,normal,-4.42999982834,676.439697266,-3.96689534187,303,23.9338951111,0.0645510479808,102.299407959,-5.12829780579,12.9216346741,0.0372480303049,0
1536693217548030040,40.371176832,carbonZ_2018-09-11-15-05-11_2_no_failure,normal,-4.42999982834,676.439697266,-3.96689534187,303,23.9338951111,0.0645510479808,102.299407959,-5.26138544083,12.8840732574,0.084691055119,0
1536693217607840888,40.43098768,carbonZ_2018-09-11-15-05-11_2_no_failure,normal,-4.42000007629,637.176330566,-5.04328966141,304,23.9338951111,0.0645510479808,102.299407959,-5.52171087265,12.8056764603,0.196324378252,0
1536693217652673688,40.47582048,carbonZ_2018-09-11-15-05-11_2_no_failure,normal,-4.42000007629,637.176330566,-5.04328966141,304,27.1243000031,0.157729029655,106.518852234,-5.59265327454,12.7885885239,0.225655600429,0
1536693217705936856,40.529083648,carbonZ_2018-09-11-15-05-11_2_no_failure,normal,-4.42000007629,637.176330566,-5.04328966141,304,27.1243000031,0.157729029655,106.518852234,-5.78425359726,12.7279539108,0.294978678226,0
1536693217717154424,40.540301216,carbonZ_2018-09-11-15-05-11_2_no_failure,normal,-4.40000009537,637.176330566,-4.37934398651,305,27.1243000031,0.157729029655,106.518852234,-5.8551325798,12.7096176147,0.30751568079,0
1536693217778838520,40.601985312,carbonZ_2018-09-11-15-05-11_2_no_failure,normal,-4.40000009537,637.176330566,-4.37934398651,305,27.1243000031,0.157729029655,106.518852234,-6.06899642944,12.6374864578,0.305422782898,0
1536693217810055736,40.633202528,carbonZ_2018-09-11-15-05-11_2_no_failure,normal,-4.38000011444,628.931152344,-5.45919466019,305,27.1243000031,0.157729029655,106.518852234,-6.06899642944,12.6374864578,0.305422782898,0
1536693217864309176,40.687455968,carbonZ_2018-09-11-15-05-11_2_no_failure,normal,-4.38000011444,628.931152344,-5.45919466019,305,27.1243000031,0.157729029655,106.518852234,-6.30871868134,12.5441179276,0.39882799983,0
1536693217967799192,40.790945984,carbonZ_2018-09-11-15-05-11_2_no_failure,normal,-4.34999990463,628.931152344,-4.76241207123,306,27.1243000031,0.157729029655,106.518852234,-6.58483695984,12.4383602142,0.503871560097,0
1536693218037593624,40.860740416,carbonZ_2018-09-11-15-05-11_2_no_failure,normal,-4.30999994278,609.803771973,-6.77362346649,307,26.6634368896,0.273999750614,109.727409363,-6.81400299072,12.3586025238,0.57673984766,0
1536693218106058392,40.929205184,carbonZ_2018-09-11-15-05-11_2_no_failure,normal,-4.30999994278,609.803771973,-6.77362346649,307,26.6634368896,0.273999750614,109.727409363,-6.96012496948,12.3063764572,0.665079236031,0
1536693218167254840,40.990401632,carbonZ_2018-09-11-15-05-11_2_no_failure,normal,-4.25999975204,609.803771973,-5.99384832382,307,26.6634368896,0.273999750614,109.727409363,-7.14779424667,12.2320175171,0.771036505699,0
1536693218218090808,41.0412376,carbonZ_2018-09-11-15-05-11_2_no_failure,normal,-4.19999980927,602.070800781,-6.14597082138,308,26.6634368896,0.273999750614,109.727409363,-7.20009088516,12.2170438766,0.794348418713,0
1536693218257101048,41.08024784,carbonZ_2018-09-11-15-05-11_2_no_failure,normal,-4.19999980927,602.070800781,-6.14597082138,308,26.6634368896,0.273999750614,109.727409363,-7.33912611008,12.1685609818,0.877875506878,0
1536693218301462840,41.124609632,carbonZ_2018-09-11-15-05-11_2_no_failure,normal,-4.19999980927,602.070800781,-6.14597082138,308,26.6634368896,0.273999750614,109.727409363,-7.42411565781,12.1367588043,0.966981470585,0
1536693218369615192,41.192761984,carbonZ_2018-09-11-15-05-11_2_no_failure,normal,-4.11999988556,602.070800781,-5.36484718323,309,26.6634368896,0.273999750614,109.727409363,-7.53319263458,12.0951776505,1.13439941406,0
1536693218397522456,41.220669248,carbonZ_2018-09-11-15-05-11_2_no_failure,normal,-4.11999988556,602.070800781,-5.36484718323,309,26.6634368896,0.273999750614,109.727409363,-7.61013364792,12.0657281876,1.2354799509,0
1536693218462358840,41.285505632,carbonZ_2018-09-11-15-05-11_2_no_failure,normal,-4.01999998093,576.677612305,-4.59617853165,309,23.9248390198,-3.13157773018,116.366065979,-7.74554347992,12.0212202072,1.35833990574,0
1536693218493175736,41.316322528,carbonZ_2018-09-11-15-05-11_2_no_failure,normal,-4.01999998093,576.677612305,-4.59617853165,309,23.9248390198,-3.13157773018,116.366065979,-7.84370136261,11.9904985428,1.42678451538,0
1536693218540768824,41.363915616,carbonZ_2018-09-11-15-05-11_2_no_failure,normal,-3.89999985695,576.677612305,-5.55994367599,310,23.9248390198,-3.13157773018,116.366065979,-7.9596452713,11.9506578445,1.46401751041,0
1536693218629549464,41.452696256,carbonZ_2018-09-11-15-05-11_2_no_failure,normal,-3.75999999046,545.343994141,-4.73353481293,311,23.9248390198,-3.13157773018,116.366065979,-8.21355247498,11.8579349518,1.51769459248,0
1536693218650999384,41.474146176,carbonZ_2018-09-11-15-05-11_2_no_failure,normal,-3.75999999046,545.343994141,-4.73353481293,311,23.9248390198,-3.13157773018,116.366065979,-8.28842067719,11.8295440674,1.52364802361,0
1536693218719217688,41.54236448,carbonZ_2018-09-11-15-05-11_2_no_failure,normal,-3.6099998951,545.343994141,-3.93519973755,311,23.9248390198,-3.13157773018,116.366065979,-8.74358844757,11.64128685,1.51929819584,0
1536693218790160696,41.613307488,carbonZ_2018-09-11-15-05-11_2_no_failure,normal,-3.6099998951,545.343994141,-3.93519973755,311,23.9248390198,-3.13157773018,116.366065979,-9.18385028839,11.4463539124,1.49086785316,0
1536693218811905464,41.635052256,carbonZ_2018-09-11-15-05-11_2_no_failure,normal,-3.46000003815,523.229492188,-4.82919645309,312,23.9248390198,-3.13157773018,116.366065979,-9.18385028839,11.4463539124,1.49086785316,0
1536693218852368184,41.675514976,carbonZ_2018-09-11-15-05-11_2_no_failure,normal,-3.46000003815,523.229492188,-4.82919645309,312,34.2216148376,-3.17251443863,125.092330933,-9.29955101013,11.3881568909,1.48371779919,0
1536693218910658008,41.7338048,carbonZ_2018-09-11-15-05-11_2_no_failure,normal,-3.46000003815,523.229492188,-4.82919645309,312,34.2216148376,-3.17251443863,125.092330933,-9.65501689911,11.2057971954,1.44564795494,0
1536693218965449272,41.788596064,carbonZ_2018-09-11-15-05-11_2_no_failure,normal,-3.31999993324,523.229492188,-4.03121566772,312,34.2216148376,-3.17251443863,125.092330933,-10.0142059326,11.0086259842,1.39305591583,0
1536693218984401272,41.807548064,carbonZ_2018-09-11-15-05-11_2_no_failure,normal,-3.31999993324,523.229492188,-4.03121566772,312,34.2216148376,-3.17251443863,125.092330933,-10.1366796494,10.9346895218,1.36335587502,0
1536693219025917912,41.849064704,carbonZ_2018-09-11-15-05-11_2_no_failure,normal,-3.17999982834,495.816802979,-4.90267038345,313,34.2216148376,-3.17251443863,125.092330933,-10.3772096634,10.8015861511,1.3180077076,0
1536693219056003832,41.879150624,carbonZ_2018-09-11-15-05-11_2_no_failure,normal,-3.17999982834,495.816802979,-4.90267038345,313,34.2216148376,-3.17251443863,125.092330933,-10.6039085388,10.6610097885,1.27687847614,0
1536693219130412120,41.953558912,carbonZ_2018-09-11-15-05-11_2_no_failure,normal,-3.05999994278,495.816802979,-4.11583375931,313,34.2216148376,-3.17251443863,125.092330933,-10.9186201096,10.4568519592,1.22037875652,0
1536693219139426936,41.962573728,carbonZ_2018-09-11-15-05-11_2_no_failure,normal,-3.05999994278,495.816802979,-4.11583375931,313,34.2216148376,-3.17251443863,125.092330933,-11.0136489868,10.3838710785,1.20316767693,0
1536693219217950360,42.041097152,carbonZ_2018-09-11-15-05-11_2_no_failure,normal,-2.95000004768,462.495910645,-5.64692640305,313,34.1896362305,1.05274569988,130.114654541,-11.3784093857,10.1125545502,1.14535462856,0
1536693219266747992,42.089894784,carbonZ_2018-09-11-15-05-11_2_no_failure,normal,-2.95000004768,462.495910645,-5.64692640305,313,34.1896362305,1.05274569988,130.114654541,-11.542971611,9.97815322876,1.11075997353,0
1536693219293165688,42.11631248,carbonZ_2018-09-11-15-05-11_2_no_failure,normal,-2.95000004768,462.495910645,-5.64692640305,313,34.1896362305,1.05274569988,130.114654541,-11.542971611,9.97815322876,1.11075997353,0
1536693219352559512,42.175706304,carbonZ_2018-09-11-15-05-11_2_no_failure,normal,-2.84999990463,461.49597168,-4.83607721329,314,34.1896362305,1.05274569988,130.114654541,-11.8877544403,9.66775798798,1.09276008606,0
1536693219412273496,42.235420288,carbonZ_2018-09-11-15-05-11_2_no_failure,normal,-2.75,417.709350586,-4.06199836731,314,34.1896362305,1.05274569988,130.114654541,-12.0613460541,9.49416351318,1.10825932026,0
1536693219458315864,42.281462656,carbonZ_2018-09-11-15-05-11_2_no_failure,normal,-2.75,417.709350586,-4.06199836731,314,34.1896362305,1.05274569988,130.114654541,-12.1959981918,9.36113452911,1.07762157917,0
1536693219511400216,42.334547008,carbonZ_2018-09-11-15-05-11_2_no_failure,normal,-2.75,417.709350586,-4.06199836731,314,34.1896362305,1.05274569988,130.114654541,-12.3297872543,9.23128509521,1.06571173668,0
1536693219537333240,42.360480032,carbonZ_2018-09-11-15-05-11_2_no_failure,normal,-2.65999984741,417.709350586,-3.94285798073,314,34.1896362305,1.05274569988,130.114654541,-12.4506196976,9.10271835327,1.05269598961,0
1536693219613052568,42.43619936,carbonZ_2018-09-11-15-05-11_2_no_failure,normal,-2.55999994278,385.38180542,-3.2011654377,314,30.8811702728,2.29156899452,135.498580933,-12.6797990799,8.87070178986,1.08774518967,0
1536693219658314584,42.481461376,carbonZ_2018-09-11-15-05-11_2_no_failure,normal,-2.55999994278,385.38180542,-3.2011654377,314,30.8811702728,2.29156899452,135.498580933,-12.7932214737,8.74809455872,1.08109426498,0
1536693219696007864,42.519154656,carbonZ_2018-09-11-15-05-11_2_no_failure,normal,-2.55999994278,385.38180542,-3.2011654377,314,30.8811702728,2.29156899452,135.498580933,-12.9038896561,8.63039875031,1.07912552357,0
1536693219731661720,42.554808512,carbonZ_2018-09-11-15-05-11_2_no_failure,normal,-2.47000002861,385.38180542,-3.55919361115,314,30.8811702728,2.29156899452,135.498580933,-13.0631036758,8.4444694519,1.041254282,0
1536693219817865368,42.64101216,carbonZ_2018-09-11-15-05-11_2_no_failure,normal,-2.37999987602,364.543640137,-2.81885910034,315,30.8811702728,2.29156899452,135.498580933,-13.1666631699,8.32385158539,1.00375306606,0
1536693219834298456,42.657445248,carbonZ_2018-09-11-15-05-11_2_no_failure,normal,-2.37999987602,364.543640137,-2.81885910034,315,30.8811702728,2.29156899452,135.498580933,-13.1666631699,8.32385158539,1.00375306606,0
1536693219893017176,42.716163968,carbonZ_2018-09-11-15-05-11_2_no_failure,normal,-2.37999987602,364.543640137,-2.81885910034,315,27.8102436066,2.04691624641,141.062606812,-13.4742994308,7.94505262375,0.88733625412,0
1536693219938716568,42.76186336,carbonZ_2018-09-11-15-05-11_2_no_failure,normal,-2.28999996185,364.543640137,-2.10643076897,315,27.8102436066,2.04691624641,141.062606812,-13.5206613541,7.8810095787,0.870833218098,0
1536693220032230872,42.855377664,carbonZ_2018-09-11-15-05-11_2_no_failure,normal,-2.21000003815,314.091217041,-2.20780754089,315,27.8102436066,2.04691624641,141.062606812,-13.7125205994,7.62372303009,0.790916264057,0
1536693220050847160,42.873993952,carbonZ_2018-09-11-15-05-11_2_no_failure,normal,-2.21000003815,314.091217041,-2.20780754089,315,27.8102436066,2.04691624641,141.062606812,-13.7567586899,7.55649995804,0.766039311886,0
1536693220094618520,42.917765312,carbonZ_2018-09-11-15-05-11_2_no_failure,normal,-2.21000003815,314.091217041,-2.20780754089,315,27.8102436066,2.04691624641,141.062606812,-13.8896160126,7.36528015137,0.755954861641,0
1536693220136415640,42.959562432,carbonZ_2018-09-11-15-05-11_2_no_failure,normal,-2.14999985695,314.091217041,-1.51612699032,315,27.8102436066,2.04691624641,141.062606812,-13.9774370193,7.22692537308,0.754790306091,0
1536693220211018328,43.03416512,carbonZ_2018-09-11-15-05-11_2_no_failure,normal,-2.14999985695,314.091217041,-1.51612699032,315,27.8102436066,2.04691624641,141.062606812,-14.1084260941,7.02062702179,0.748461544514,0
1536693220241088152,43.064234944,carbonZ_2018-09-11-15-05-11_2_no_failure,normal,-2.07999992371,284.29574585,-1.59585607052,315,27.8102436066,2.04691624641,141.062606812,-14.1987247467,6.87834739685,0.730156958103,0
1536693220303240600,43.126387392,carbonZ_2018-09-11-15-05-11_2_no_failure,normal,-2.07999992371,284.29574585,-1.59585607052,315,27.2957267761,0.574578464031,149.255340576,-14.350522995,6.6455206871,0.646703124046,0
1536693220342539640,43.165686432,carbonZ_2018-09-11-15-05-11_2_no_failure,normal,-2.01999998093,283.295837402,-0.936370670795,315,27.2957267761,0.574578464031,149.255340576,-14.447060585,6.478972435,0.572961866856,0
1536693220395811320,43.218958112,carbonZ_2018-09-11-15-05-11_2_no_failure,normal,-2.01999998093,283.295837402,-0.936370670795,315,27.2957267761,0.574578464031,149.255340576,-14.5766801834,6.24390506744,0.492223709822,0
1536693220434052728,43.25719952,carbonZ_2018-09-11-15-05-11_2_no_failure,normal,-1.97999989986,262.890350342,-0.539885878563,315,27.2957267761,0.574578464031,149.255340576,-14.6590108871,6.09539604187,0.44264125824,0
1536693220551851928,43.37499872,carbonZ_2018-09-11-15-05-11_2_no_failure,normal,-1.93999993801,263.890258789,0.0564886704087,315,27.2957267761,0.574578464031,149.255340576,-14.8468837738,5.70053577423,0.309641093016,0
1536693220613790264,43.436937056,carbonZ_2018-09-11-15-05-11_2_no_failure,normal,-1.92999994755,244.965270996,0.602115809917,314,27.2957267761,0.574578464031,149.255340576,-14.9492139816,5.45542526245,0.212212622166,0
1536693220661395000,43.484541792,carbonZ_2018-09-11-15-05-11_2_no_failure,normal,-1.92999994755,244.965270996,0.602115809917,314,25.5017490387,1.76620805264,154.624282837,-15.0120534897,5.28856563568,0.139812797308,0
1536693220697482968,43.52062976,carbonZ_2018-09-11-15-05-11_2_no_failure,normal,-1.91999995708,244.965270996,1.05828905106,314,25.5017490387,1.76620805264,154.624282837,-15.1447143555,4.95407342911,-0.00704193487763,0
1536693220759266008,43.5824128,carbonZ_2018-09-11-15-05-11_2_no_failure,normal,-1.91999995708,244.965270996,1.05828905106,314,25.5017490387,1.76620805264,154.624282837,-15.1897439957,4.7879524231,-0.0918917879462,0
1536693220811757048,43.63490384,carbonZ_2018-09-11-15-05-11_2_no_failure,normal,-1.93999993801,217.741577148,1.53156304359,314,25.5017490387,1.76620805264,154.624282837,-15.3018188477,4.43972492218,-0.274199783802,0
1536693220863778392,43.686925184,carbonZ_2018-09-11-15-05-11_2_no_failure,normal,-1.93999993801,217.741577148,1.53156304359,314,25.5017490387,1.76620805264,154.624282837,-15.3018188477,4.43972492218,-0.274199783802,0
1536693220941181880,43.764328672,carbonZ_2018-09-11-15-05-11_2_no_failure,normal,-1.97999989986,217.741577148,1.95411705971,314,25.5017490387,1.76620805264,154.624282837,-15.4321975708,3.98562884331,-0.525148391724,0
1536693220991987800,43.815134592,carbonZ_2018-09-11-15-05-11_2_no_failure,normal,-1.97999989986,217.741577148,1.95411705971,314,25.5017490387,1.76620805264,154.624282837,-15.4985570908,3.71962499619,-0.6423189044,0
1536693221031216472,43.854363264,carbonZ_2018-09-11-15-05-11_2_no_failure,normal,-2.04999995232,181.294342041,2.34150123596,313,25.5017490387,1.76620805264,154.624282837,-15.5374574661,3.56136798859,-0.698438048363,0
1536693221131841912,43.954988704,carbonZ_2018-09-11-15-05-11_2_no_failure,normal,-2.12999987602,181.294342041,2.67962408066,313,25.5017490387,1.76620805264,154.624282837,-15.6007127762,3.23611164093,-0.837531268597,0
1536693221152725208,43.975872,carbonZ_2018-09-11-15-05-11_2_no_failure,normal,-2.12999987602,181.294342041,2.67962408066,313,25.0883579254,4.84300518036,161.639373779,-15.6161298752,3.15564966202,-0.873141050339,0
1536693221222144472,44.045291264,carbonZ_2018-09-11-15-05-11_2_no_failure,normal,-2.23000001907,167.284301758,2.97548317909,313,25.0883579254,4.84300518036,161.639373779,-15.6534786224,2.87031459808,-0.95050817728,0
1536693221262109880,44.085256672,carbonZ_2018-09-11-15-05-11_2_no_failure,normal,-2.23000001907,167.284301758,2.97548317909,313,25.0883579254,4.84300518036,161.639373779,-15.6680288315,2.74282813072,-0.957408428192,0
1536693221296213688,44.11936048,carbonZ_2018-09-11-15-05-11_2_no_failure,normal,-2.23000001907,167.284301758,2.97548317909,313,25.0883579254,4.84300518036,161.639373779,-15.6855707169,2.62631130219,-0.934676885605,0
1536693221338259448,44.16140624,carbonZ_2018-09-11-15-05-11_2_no_failure,normal,-2.33999991417,167.284301758,3.24598169327,312,25.0883579254,4.84300518036,161.639373779,-15.6895933151,2.51247358322,-0.916912615299,0
1536693221390232024,44.213378816,carbonZ_2018-09-11-15-05-11_2_no_failure,normal,-2.33999991417,167.284301758,3.24598169327,312,25.0883579254,4.84300518036,161.639373779,-15.709154129,2.30174255371,-0.857183992863,0
1536693221450900216,44.274047008,carbonZ_2018-09-11-15-05-11_2_no_failure,normal,-2.44000005722,150.766571045,3.47421693802,312,23.4546222687,3.32779574394,164.980560303,-15.7126178741,2.25221467018,-0.83871024847,0
1536693221548216408,44.3713632,carbonZ_2018-09-11-15-05-11_2_no_failure,normal,-2.52999997139,150.766571045,3.6855442524,312,23.4546222687,3.32779574394,164.980560303,-15.7382545471,2.02423620224,-0.722331285477,0
1536693221570857016,44.394003808,carbonZ_2018-09-11-15-05-11_2_no_failure,normal,-2.52999997139,150.766571045,3.6855442524,312,23.4546222687,3.32779574394,164.980560303,-15.7467164993,1.98137128353,-0.687333643436,0
1536693221619758392,44.442905184,carbonZ_2018-09-11-15-05-11_2_no_failure,normal,-2.6099998951,142.420959473,3.87996506691,311,23.4546222687,3.32779574394,164.980560303,-15.7594709396,1.8528342247,-0.592444717884,0
1536693221648435576,44.471582368,carbonZ_2018-09-11-15-05-11_2_no_failure,normal,-2.6099998951,142.420959473,3.87996506691,311,23.4546222687,3.32779574394,164.980560303,-15.7638187408,1.8085167408,-0.55977755785,0
1536693221691471000,44.514617792,carbonZ_2018-09-11-15-05-11_2_no_failure,normal,-2.6099998951,142.420959473,3.87996506691,311,23.4546222687,3.32779574394,164.980560303,-15.7804489136,1.7180287838,-0.488951861858,0
1536693221766559576,44.589706368,carbonZ_2018-09-11-15-05-11_2_no_failure,normal,-2.65999984741,142.420959473,4.05748033524,311,22.0250282288,0.823046207428,168.704315186,-15.8132534027,1.52776896954,-0.372708976269,0
1536693221803018456,44.626165248,carbonZ_2018-09-11-15-05-11_2_no_failure,normal,-2.70000004768,108.579544067,4.20118284225,310,22.0250282288,0.823046207428,168.704315186,-15.833024025,1.43588900566,-0.319394171238,0
1536693221814329368,44.63747616,carbonZ_2018-09-11-15-05-11_2_no_failure,normal,-2.70000004768,108.579544067,4.20118284225,310,22.0250282288,0.823046207428,168.704315186,-15.833024025,1.43588900566,-0.319394171238,0
1536693221879322488,44.70246928,carbonZ_2018-09-11-15-05-11_2_no_failure,normal,-2.70000004768,108.579544067,4.20118284225,310,22.0250282288,0.823046207428,168.704315186,-15.8702001572,1.2507083416,-0.237289890647,0
1536693221938569624,44.761716416,carbonZ_2018-09-11-15-05-11_2_no_failure,normal,-2.73000001907,108.579544067,4.33643579483,310,22.0250282288,0.823046207428,168.704315186,-15.892575264,1.1670460701,-0.179590478539,0
1536693221975642328,44.79878912,carbonZ_2018-09-11-15-05-11_2_no_failure,normal,-2.73000001907,108.579544067,4.33643579483,310,22.0250282288,0.823046207428,168.704315186,-15.9161729813,1.05062043667,-0.089652121067,0
1536693222016659640,44.839806432,carbonZ_2018-09-11-15-05-11_2_no_failure,normal,-2.74000000954,100.520706177,4.4463262558,309,22.0250282288,0.823046207428,168.704315186,-15.932639122,0.972510457039,-0.0321607999504,0
1536693222061073720,44.884220512,carbonZ_2018-09-11-15-05-11_2_no_failure,normal,-2.74000000954,100.520706177,4.4463262558,309,22.0250282288,0.823046207428,168.704315186,-15.9511442184,0.895664811134,0.0406062304974,0
1536693222096075992,44.919222784,carbonZ_2018-09-11-15-05-11_2_no_failure,normal,-2.74000000954,100.520706177,4.4463262558,309,19.6740913391,-1.69028389454,174.227081299,-15.9719743729,0.819464623928,0.103651583195,0
1536693222136642552,44.959789344,carbonZ_2018-09-11-15-05-11_2_no_failure,normal,-2.73000001907,100.520706177,4.53931093216,309,19.6740913391,-1.69028389454,174.227081299,-15.9885005951,0.745610654354,0.16377478838,0
1536693222212945400,45.036092192,carbonZ_2018-09-11-15-05-11_2_no_failure,normal,-2.71000003815,84.4026565552,4.60693597794,308,19.6740913391,-1.69028389454,174.227081299,-16.0172653198,0.62706977129,0.252342790365,0
1536693222250443640,45.073590432,carbonZ_2018-09-11-15-05-11_2_no_failure,normal,-2.71000003815,84.4026565552,4.60693597794,308,19.6740913391,-1.69028389454,174.227081299,-16.0375003815,0.554396510124,0.310211837292,0
1536693222294563928,45.11771072,carbonZ_2018-09-11-15-05-11_2_no_failure,normal,-2.71000003815,84.4026565552,4.60693597794,308,19.6740913391,-1.69028389454,174.227081299,-16.0691051483,0.448417037725,0.404034465551,0
1536693222341597240,45.164744032,carbonZ_2018-09-11-15-05-11_2_no_failure,normal,-2.66999983788,84.4026565552,4.65765619278,308,19.6740913391,-1.69028389454,174.227081299,-16.082660675,0.383703261614,0.460221320391,0
1536693222396307448,45.21945424,carbonZ_2018-09-11-15-05-11_2_no_failure,normal,-2.66999983788,84.4026565552,4.65765619278,308,19.6740913391,-1.69028389454,174.227081299,-16.1105575562,0.290760278702,0.546614408493,0
1536693222448220088,45.27136688,carbonZ_2018-09-11-15-05-11_2_no_failure,normal,-2.6099998951,64.2517089844,4.69146871567,307,19.6740913391,-1.69028389454,174.227081299,-16.1332759857,0.208917707205,0.61678481102,0
1536693222516702680,45.339849472,carbonZ_2018-09-11-15-05-11_2_no_failure,normal,-2.54999995232,64.2517089844,4.71682786942,307,19.6740913391,-1.69028389454,174.227081299,-16.1710128784,0.0891703739762,0.658095419407,0
1536693222550644792,45.373791584,carbonZ_2018-09-11-15-05-11_2_no_failure,normal,-2.54999995232,64.2517089844,4.71682786942,307,19.6740913391,-1.69028389454,174.227081299,-16.1710128784,0.0891703739762,0.658095419407,0
1536693222575780504,45.398927296,carbonZ_2018-09-11-15-05-11_2_no_failure,normal,-2.54999995232,64.2517089844,4.71682786942,307,14.5599822998,-2.70921278,179.765975952,-16.1922111511,0.0251953024417,0.657624125481,0
1536693222610649624,45.433796416,carbonZ_2018-09-11-15-05-11_2_no_failure,normal,-2.48000001907,57.0113182068,4.71683120728,306,14.5599822998,-2.70921278,179.765975952,-16.2320804596,-0.098474368453,0.593859434128,0
1536693222708264696,45.531411488,carbonZ_2018-09-11-15-05-11_2_no_failure,normal,-2.48000001907,57.0113182068,4.71683120728,306,14.5599822998,-2.70921278,179.765975952,-16.270942688,-0.239922612906,0.53482067585,0
1536693222721163352,45.544310144,carbonZ_2018-09-11-15-05-11_2_no_failure,normal,-2.41999983788,57.0113182068,4.70837783813,305,14.5599822998,-2.70921278,179.765975952,-16.2858543396,-0.29080799222,0.526655852795,0
1536693222774426808,45.5975736,carbonZ_2018-09-11-15-05-11_2_no_failure,normal,-2.41999983788,57.0113182068,4.70837783813,305,14.5599822998,-2.70921278,179.765975952,-16.3137836456,-0.434608012438,0.51098972559,0
1536693222810591544,45.633738336,carbonZ_2018-09-11-15-05-11_2_no_failure,normal,-2.36999988556,43.3135032654,4.66611480713,305,14.5599822998,-2.70921278,179.765975952,-16.3257274628,-0.530818402767,0.516197800636,0
1536693222861513720,45.684660512,carbonZ_2018-09-11-15-05-11_2_no_failure,normal,-2.36999988556,43.3135032654,4.66611480713,305,14.5599822998,-2.70921278,179.765975952,-16.3416442871,-0.630033731461,0.516961038113,0
1536693222898190008,45.7213368,carbonZ_2018-09-11-15-05-11_2_no_failure,normal,-2.31999993324,43.3135032654,4.60694313049,304,17.2692756653,-1.87893891335,-177.051513672,-16.3680858612,-0.773997783661,0.518595993519,0
1536693222936722008,45.7598688,carbonZ_2018-09-11-15-05-11_2_no_failure,normal,-2.31999993324,43.3135032654,4.60694313049,304,17.2692756653,-1.87893891335,-177.051513672,-16.3680858612,-0.773997783661,0.518595993519,0
1536693223049021208,45.872168,carbonZ_2018-09-11-15-05-11_2_no_failure,normal,-2.26999998093,17.2568321228,4.51396083832,304,17.2692756653,-1.87893891335,-177.051513672,-16.3866348267,-1.11168253422,0.509462058544,0
1536693223106655992,45.929802784,carbonZ_2018-09-11-15-05-11_2_no_failure,normal,-2.22000002861,17.2568321228,4.39561700821,303,17.2692756653,-1.87893891335,-177.051513672,-16.3846950531,-1.18329548836,0.492534041405,0
1536693223145668760,45.968815552,carbonZ_2018-09-11-15-05-11_2_no_failure,normal,-2.22000002861,17.2568321228,4.39561700821,303,17.2692756653,-1.87893891335,-177.051513672,-16.3891792297,-1.21971750259,0.484170854092,0
1536693223210518008,46.0336648,carbonZ_2018-09-11-15-05-11_2_no_failure,normal,-2.22000002861,17.2568321228,4.39561700821,303,17.2692756653,-1.87893891335,-177.051513672,-16.3932781219,-1.31467497349,0.428831487894,0
1536693223257863640,46.081010432,carbonZ_2018-09-11-15-05-11_2_no_failure,normal,-2.18000006676,3.1044960022,4.26036739349,302,17.2692756653,-1.87893891335,-177.051513672,-16.396062851,-1.40744018555,0.324551701546,0
1536693223308533112,46.131679904,carbonZ_2018-09-11-15-05-11_2_no_failure,normal,-2.18000006676,3.1044960022,4.26036739349,302,17.2692756653,-1.87893891335,-177.051513672,-16.4020938873,-1.46238040924,0.24161683023,0
1536693223362144312,46.185291104,carbonZ_2018-09-11-15-05-11_2_no_failure,normal,-2.14999985695,3.1044960022,4.11666727066,302,10.0074462891,0.768557310104,-175.389694214,-16.3924331665,-1.53798735142,0.0854076743126,0
1536693223414096440,46.237243232,carbonZ_2018-09-11-15-05-11_2_no_failure,normal,-2.14999985695,3.1044960022,4.11666727066,302,10.0074462891,0.768557310104,-175.389694214,-16.394197464,-1.58176362514,-0.00266131688841,0
1536693223443083992,46.266230784,carbonZ_2018-09-11-15-05-11_2_no_failure,normal,-2.14999985695,-9.49268341064,3.94760489464,301,10.0074462891,0.768557310104,-175.389694214,-16.3775024414,-1.63364756107,-0.143020704389,0
1536693223519240248,46.34238704,carbonZ_2018-09-11-15-05-11_2_no_failure,normal,-2.15999984741,-9.49268341064,3.77854394913,300,10.0074462891,0.768557310104,-175.389694214,-16.3702049255,-1.67160582542,-0.266698181629,0
1536693223588005784,46.411152576,carbonZ_2018-09-11-15-05-11_2_no_failure,normal,-2.15999984741,-9.49268341064,3.77854394913,300,10.0074462891,0.768557310104,-175.389694214,-16.3365287781,-1.68447446823,-0.332402020693,0
1536693223604196408,46.4273432,carbonZ_2018-09-11-15-05-11_2_no_failure,normal,-2.21000003815,-10.760307312,3.6094815731,300,10.0074462891,0.768557310104,-175.389694214,-16.3208580017,-1.68584632874,-0.35394859314,0
1536693223688236440,46.511383232,carbonZ_2018-09-11-15-05-11_2_no_failure,normal,-2.21000003815,-10.760307312,3.6094815731,300,10.0074462891,0.768557310104,-175.389694214,-16.2768440247,-1.68245303631,-0.376215189695,0
1536693223706781752,46.529928544,carbonZ_2018-09-11-15-05-11_2_no_failure,normal,-2.25999999046,-10.760307312,3.44041919708,299,10.0074462891,0.768557310104,-175.389694214,-16.2623844147,-1.67672407627,-0.368421703577,0
1536693223738904472,46.562051264,carbonZ_2018-09-11-15-05-11_2_no_failure,normal,-2.25999999046,-10.760307312,3.44041919708,299,10.0074462891,0.768557310104,-175.389694214,-16.2307853699,-1.65808427334,-0.366442382336,0
1536693223795738680,46.618885472,carbonZ_2018-09-11-15-05-11_2_no_failure,normal,-2.25999999046,-10.760307312,3.44041919708,299,1.73803591728,2.87354755402,-175.048416138,-16.201259613,-1.62503826618,-0.382026106119,0
1536693223853912792,46.677059584,carbonZ_2018-09-11-15-05-11_2_no_failure,normal,-2.30999994278,-11.9064331055,3.27135920525,298,1.73803591728,2.87354755402,-175.048416138,-16.1792583466,-1.59956526756,-0.474406570196,0
1536693223902191192,46.725337984,carbonZ_2018-09-11-15-05-11_2_no_failure,normal,-2.30999994278,-11.9064331055,3.27135920525,298,1.73803591728,2.87354755402,-175.048416138,-16.1549415588,-1.57254135609,-0.703126311302,0
1536693223936419064,46.759565856,carbonZ_2018-09-11-15-05-11_2_no_failure,normal,-2.37999987602,-11.9064331055,3.11074972153,298,1.73803591728,2.87354755402,-175.048416138,-16.1320533752,-1.54813110828,-0.830517530441,0
1536693224015081400,46.838228192,carbonZ_2018-09-11-15-05-11_2_no_failure,normal,-2.47000002861,-1.98268890381,2.96704792976,297,1.73803591728,2.87354755402,-175.048416138,-16.09034729,-1.50277495384,-0.933941185474,0
1536693224067979704,46.891126496,carbonZ_2018-09-11-15-05-11_2_no_failure,normal,-2.47000002861,-1.98268890381,2.96704792976,297,1.73803591728,2.87354755402,-175.048416138,-16.0142211914,-1.40901744366,-0.981903731823,0
1536693224136287768,46.95943456,carbonZ_2018-09-11-15-05-11_2_no_failure,normal,-2.56999993324,-1.98268890381,2.82334470749,297,-2.59882545471,4.06023359299,-175.843841553,-15.9605207443,-1.33497953415,-0.99008089304,0
1536693224195518200,47.018664992,carbonZ_2018-09-11-15-05-11_2_no_failure,normal,-2.56999993324,-1.98268890381,2.82334470749,297,-2.59882545471,4.06023359299,-175.843841553,-15.9215908051,-1.28202474117,-1.006118536,0
1536693224259223896,47.082370688,carbonZ_2018-09-11-15-05-11_2_no_failure,normal,-2.69000005722,22.6887702942,2.70500087738,296,-2.59882545471,4.06023359299,-175.843841553,-15.8742856979,-1.20950782299,-1.03066062927,0
1536693224334992856,47.158139648,carbonZ_2018-09-11-15-05-11_2_no_failure,normal,-2.80999994278,22.6887702942,2.58665800095,296,-2.59882545471,4.06023359299,-175.843841553,-15.8216161728,-1.13076126575,-1.04844033718,0
1536693224355945144,47.179091936,carbonZ_2018-09-11-15-05-11_2_no_failure,normal,-2.80999994278,22.6887702942,2.58665800095,296,-2.59882545471,4.06023359299,-175.843841553,-15.8054485321,-1.10769200325,-1.04995834827,0
1536693224408309208,47.231456,carbonZ_2018-09-11-15-05-11_2_no_failure,normal,-2.80999994278,22.6887702942,2.58665800095,296,-2.59882545471,4.06023359299,-175.843841553,-15.7438735962,-1.03123497963,-1.05830049515,0
1536693224450084632,47.273231424,carbonZ_2018-09-11-15-05-11_2_no_failure,normal,-2.92999982834,41.2609100342,2.49367380142,295,-3.16890335083,4.46083021164,-177.736877441,-15.7093696594,-0.984220802784,-1.05631649494,0
1536693224500185912,47.323332704,carbonZ_2018-09-11-15-05-11_2_no_failure,normal,-2.92999982834,41.2609100342,2.49367380142,295,-3.16890335083,4.46083021164,-177.736877441,-15.6509313583,-0.909372746944,-1.05926847458,0
1536693224517273016,47.340419808,carbonZ_2018-09-11-15-05-11_2_no_failure,normal,-3.03999996185,41.2609100342,2.40069079399,295,-3.16890335083,4.46083021164,-177.736877441,-15.6509313583,-0.909372746944,-1.05926847458,0
1536693224597560408,47.4207072,carbonZ_2018-09-11-15-05-11_2_no_failure,normal,-3.03999996185,41.2609100342,2.40069079399,295,-3.16890335083,4.46083021164,-177.736877441,-15.5615739822,-0.783542752266,-1.03283131123,0
1536693224620136856,47.443283648,carbonZ_2018-09-11-15-05-11_2_no_failure,normal,-3.14999985695,59.5243453979,2.32461261749,294,-3.16890335083,4.46083021164,-177.736877441,-15.5414772034,-0.753902494907,-1.02573120594,0
1536693224679219544,47.502366336,carbonZ_2018-09-11-15-05-11_2_no_failure,normal,-3.14999985695,59.5243453979,2.32461261749,294,-3.16890335083,4.46083021164,-177.736877441,-15.5050830841,-0.701093614101,-1.01107132435,0
1536693224725628952,47.548775744,carbonZ_2018-09-11-15-05-11_2_no_failure,normal,-3.25999999046,59.5243453979,2.26544046402,294,-2.93602824211,4.34533023834,-179.613830566,-15.4569740295,-0.622248589993,-0.969100534916,0
1536693224766554808,47.5897016,carbonZ_2018-09-11-15-05-11_2_no_failure,normal,-3.25999999046,59.5243453979,2.26544046402,294,-2.93602824211,4.34533023834,-179.613830566,-15.4180545807,-0.571159422398,-0.951918959618,0
1536693224816075800,47.639222592,carbonZ_2018-09-11-15-05-11_2_no_failure,normal,-3.3599998951,84.9154510498,2.21472287178,293,-2.93602824211,4.34533023834,-179.613830566,-15.3652820587,-0.493058592081,-0.912132501602,0
1536693224889401208,47.712548,carbonZ_2018-09-11-15-05-11_2_no_failure,normal,-3.3599998951,84.9154510498,2.21472287178,293,-2.93602824211,4.34533023834,-179.613830566,-15.3241729736,-0.429219216108,-0.856359481812,0
1536693224926508472,47.749655264,carbonZ_2018-09-11-15-05-11_2_no_failure,normal,-3.44999980927,84.9154510498,2.17245745659,293,-2.93602824211,4.34533023834,-179.613830566,-15.2942962646,-0.383355468512,-0.806042075157,0
1536693224938295160,47.761441952,carbonZ_2018-09-11-15-05-11_2_no_failure,normal,-3.44999980927,84.9154510498,2.17245745659,293,-2.93602824211,4.34533023834,-179.613830566,-15.2759914398,-0.35747730732,-0.782652318478,0
1536693225011210328,47.83435712,carbonZ_2018-09-11-15-05-11_2_no_failure,normal,-3.52999997139,103.406616211,2.147097826,292,-2.93602824211,4.34533023834,-179.613830566,-15.2262859344,-0.268742412329,-0.666701436043,0
1536693225049379384,47.872526176,carbonZ_2018-09-11-15-05-11_2_no_failure,normal,-3.52999997139,103.406616211,2.147097826,292,-2.93602824211,4.34533023834,-179.613830566,-15.2173614502,-0.247593671083,-0.629142463207,0
1536693225143519704,47.966666496,carbonZ_2018-09-11-15-05-11_2_no_failure,normal,-3.58999991417,103.406616211,2.13019299507,292,-3.2501642704,2.53687024117,178.401870728,-15.1722431183,-0.151744231582,-0.461775004864,0
1536693225161310136,47.984456928,carbonZ_2018-09-11-15-05-11_2_no_failure,normal,-3.58999991417,103.406616211,2.13019299507,292,-3.2501642704,2.53687024117,178.401870728,-15.1607246399,-0.129625856876,-0.422829896212,0
1536693225200217752,48.023364544,carbonZ_2018-09-11-15-05-11_2_no_failure,normal,-3.58999991417,103.406616211,2.13019299507,292,-3.2501642704,2.53687024117,178.401870728,-15.1225719452,-0.0539585016668,-0.290379017591,0
1536693225237915928,48.06106272,carbonZ_2018-09-11-15-05-11_2_no_failure,normal,-3.62999987602,121.130561829,2.12173962593,292,-3.2501642704,2.53687024117,178.401870728,-15.1036224365,-0.0065220030956,-0.18941655755,0
1536693225295531224,48.118678016,carbonZ_2018-09-11-15-05-11_2_no_failure,normal,-3.62999987602,121.130561829,2.12173962593,292,-3.2501642704,2.53687024117,178.401870728,-15.0862140656,0.0532218553126,-0.029450956732,0
1536693225357685176,48.180831968,carbonZ_2018-09-11-15-05-11_2_no_failure,normal,-3.64999985695,121.130561829,2.12174057961,291,-3.2501642704,2.53687024117,178.401870728,-15.063041687,0.103854358196,0.127699688077,0
1536693225407146680,48.230293472,carbonZ_2018-09-11-15-05-11_2_no_failure,normal,-3.62999987602,129.828933716,2.13864684105,291,-3.2501642704,2.53687024117,178.401870728,-15.0374383926,0.162795782089,0.310469657183,0
1536693225454974520,48.278121312,carbonZ_2018-09-11-15-05-11_2_no_failure,normal,-3.62999987602,129.828933716,2.13864684105,291,-3.2501642704,2.53687024117,178.401870728,-15.0374383926,0.162795782089,0.310469657183,0
1536693225497153464,48.320300256,carbonZ_2018-09-11-15-05-11_2_no_failure,normal,-3.62999987602,129.828933716,2.13864684105,291,-1.97760355473,-0.719382226467,178.110198975,-15.0291881561,0.202386707067,0.449699819088,0
1536693225545546584,48.368693376,carbonZ_2018-09-11-15-05-11_2_no_failure,normal,-3.59999990463,129.828933716,2.155554533,291,-1.97760355473,-0.719382226467,178.110198975,-15.0218601227,0.222144037485,0.530944764614,0
1536693225592405112,48.415551904,carbonZ_2018-09-11-15-05-11_2_no_failure,normal,-3.59999990463,129.828933716,2.155554533,291,-1.97760355473,-0.719382226467,178.110198975,-15.0092144012,0.256821841002,0.647896051407,0
1536693225656591416,48.479738208,carbonZ_2018-09-11-15-05-11_2_no_failure,normal,-3.53999996185,146.155258179,2.18091392517,290,-1.97760355473,-0.719382226467,178.110198975,-15.0176401138,0.282567948103,0.737591445446,0
1536693225695778072,48.518924864,carbonZ_2018-09-11-15-05-11_2_no_failure,normal,-3.53999996185,146.155258179,2.18091392517,290,-1.97760355473,-0.719382226467,178.110198975,-15.0208349228,0.299307823181,0.787036299706,0
1536693225745185944,48.568332736,carbonZ_2018-09-11-15-05-11_2_no_failure,normal,-3.46000003815,146.155258179,2.20627403259,290,-1.97760355473,-0.719382226467,178.110198975,-15.019118309,0.313442528248,0.84280872345,0
1536693225816605144,48.639751936,carbonZ_2018-09-11-15-05-11_2_no_failure,normal,-3.36999988556,145.638458252,2.22318029404,290,-1.97760355473,-0.719382226467,178.110198975,-15.0265617371,0.335577517748,0.972400724888,0
1536693225845203128,48.66834992,carbonZ_2018-09-11-15-05-11_2_no_failure,normal,-3.36999988556,145.638458252,2.22318029404,290,-1.97760355473,-0.719382226467,178.110198975,-15.0331535339,0.340213805437,0.997996509075,0
1536693225913913592,48.737060384,carbonZ_2018-09-11-15-05-11_2_no_failure,normal,-3.36999988556,145.638458252,2.22318029404,290,-1.97760355473,-0.719382226467,178.110198975,-15.0507631302,0.358205378056,1.04577124119,0
1536693225966444760,48.789591552,carbonZ_2018-09-11-15-05-11_2_no_failure,normal,-3.26999998093,145.638458252,2.25699305534,290,2.05515575409,-2.02313947678,176.013809204,-15.0676717758,0.376399248838,1.03328514099,0
1536693226011622744,48.834769536,carbonZ_2018-09-11-15-05-11_2_no_failure,normal,-3.15999984741,152.039520264,2.28235435486,289,2.05515575409,-2.02313947678,176.013809204,-15.0997247696,0.395885884762,0.998449385166,0
1536693226057627768,48.88077456,carbonZ_2018-09-11-15-05-11_2_no_failure,normal,-3.15999984741,152.039520264,2.28235435486,289,2.05515575409,-2.02313947678,176.013809204,-15.1233720779,0.413718104362,0.974725425243,0
1536693226120217848,48.94336464,carbonZ_2018-09-11-15-05-11_2_no_failure,normal,-3.05999994278,152.039520264,2.30771398544,289,2.05515575409,-2.02313947678,176.013809204,-15.1591949463,0.439548969269,0.936859667301,0
1536693226147358968,48.97050576,carbonZ_2018-09-11-15-05-11_2_no_failure,normal,-3.05999994278,152.039520264,2.30771398544,289,2.05515575409,-2.02313947678,176.013809204,-15.1709690094,0.446719646454,0.915651798248,0
1536693226206771832,49.029918624,carbonZ_2018-09-11-15-05-11_2_no_failure,normal,-2.97000002861,145.513061523,2.34152650833,289,2.05515575409,-2.02313947678,176.013809204,-15.204205513,0.467582732439,0.851309657097,0
1536693226244992536,49.068139328,carbonZ_2018-09-11-15-05-11_2_no_failure,normal,-2.97000002861,145.513061523,2.34152650833,289,2.05515575409,-2.02313947678,176.013809204,-15.2239646912,0.482055395842,0.803654611111,0
1536693226318910520,49.142057312,carbonZ_2018-09-11-15-05-11_2_no_failure,normal,-2.88999986649,145.513061523,2.38379263878,289,1.66988623142,-1.64074087143,173.989685059,-15.2590122223,0.510567247868,0.73146468401,0
1536693226367707416,49.190854208,carbonZ_2018-09-11-15-05-11_2_no_failure,normal,-2.88999986649,145.513061523,2.38379263878,289,1.66988623142,-1.64074087143,173.989685059,-15.2673215866,0.521164476871,0.726903378963,0
1536693226410764760,49.233911552,carbonZ_2018-09-11-15-05-11_2_no_failure,normal,-2.81999993324,135.52331543,2.42605853081,288,1.66988623142,-1.64074087143,173.989685059,-15.2766475677,0.540620625019,0.748101532459,0
1536693226445391128,49.26853792,carbonZ_2018-09-11-15-05-11_2_no_failure,normal,-2.81999993324,135.52331543,2.42605853081,288,1.66988623142,-1.64074087143,173.989685059,-15.2845096588,0.543191969395,0.750885546207,0
1536693226505162968,49.32830976,carbonZ_2018-09-11-15-05-11_2_no_failure,normal,-2.81999993324,135.52331543,2.42605853081,288,1.66988623142,-1.64074087143,173.989685059,-15.301150322,0.561803102493,0.759357511997,0
1536693226569311576,49.392458368,carbonZ_2018-09-11-15-05-11_2_no_failure,normal,-2.75,135.52331543,2.46832561493,288,1.66988623142,-1.64074087143,173.989685059,-15.3285627365,0.571178197861,0.746801614761,0
1536693226609184184,49.432330976,carbonZ_2018-09-11-15-05-11_2_no_failure,normal,-2.67999982834,118.833732605,2.51059150696,288,1.66988623142,-1.64074087143,173.989685059,-15.3437271118,0.578551888466,0.727638185024,0
1536693226684700024,49.507846816,carbonZ_2018-09-11-15-05-11_2_no_failure,normal,-2.67999982834,118.833732605,2.51059150696,288,1.66988623142,-1.64074087143,173.989685059,-15.371840477,0.594860553741,0.703384876251,0
1536693226725598456,49.548745248,carbonZ_2018-09-11-15-05-11_2_no_failure,normal,-2.61999988556,118.833732605,2.56131196022,288,2.87355780602,-1.69218969345,171.950561523,-15.3836116791,0.603414297104,0.690848469734,0
1536693226766833560,49.589980352,carbonZ_2018-09-11-15-05-11_2_no_failure,normal,-2.61999988556,118.833732605,2.56131196022,288,2.87355780602,-1.69218969345,171.950561523,-15.3941907883,0.611879825592,0.676042377949,0
1536693226806006040,49.629152832,carbonZ_2018-09-11-15-05-11_2_no_failure,normal,-2.61999988556,118.833732605,2.56131196022,288,2.87355780602,-1.69218969345,171.950561523,-15.4023828506,0.618881344795,0.672823548317,0
1536693226835964536,49.659111328,carbonZ_2018-09-11-15-05-11_2_no_failure,normal,-2.54999995232,124.718475342,2.62048411369,288,2.87355780602,-1.69218969345,171.950561523,-15.4121713638,0.626455962658,0.677707254887,0
1536693226914687800,49.737834592,carbonZ_2018-09-11-15-05-11_2_no_failure,normal,-2.49000000954,124.718475342,2.67965650558,288,2.87355780602,-1.69218969345,171.950561523,-15.4323539734,0.638154149055,0.682656109333,0
1536693226970072440,49.793219232,carbonZ_2018-09-11-15-05-11_2_no_failure,normal,-2.49000000954,124.718475342,2.67965650558,288,2.87355780602,-1.69218969345,171.950561523,-15.4422273636,0.644011080265,0.679757833481,0
1536693227005618968,49.82876576,carbonZ_2018-09-11-15-05-11_2_no_failure,normal,-2.49000000954,124.718475342,2.67965650558,288,2.87355780602,-1.69218969345,171.950561523,-15.4516973495,0.650417923927,0.677803814411,0
1536693227032725432,49.855872224,carbonZ_2018-09-11-15-05-11_2_no_failure,normal,-2.41999983788,114.127731323,2.73037672043,287,2.87355780602,-1.69218969345,171.950561523,-15.4600057602,0.654034256935,0.676273345947,0
1536693227130933304,49.954080096,carbonZ_2018-09-11-15-05-11_2_no_failure,normal,-2.3599998951,114.127731323,2.78954911232,287,4.39898204803,-1.52134144306,170.261795044,-15.4779891968,0.664012312889,0.666174352169,0
1536693227152921976,49.976068768,carbonZ_2018-09-11-15-05-11_2_no_failure,normal,-2.3599998951,114.127731323,2.78954911232,287,4.39898204803,-1.52134144306,170.261795044,-15.478307724,0.669343531132,0.659257054329,0
1536693227206858200,50.030004992,carbonZ_2018-09-11-15-05-11_2_no_failure,normal,-2.3599998951,114.127731323,2.78954911232,287,4.39898204803,-1.52134144306,170.261795044,-15.495136261,0.67220056057,0.636165082455,0
1536693227221363768,50.04451056,carbonZ_2018-09-11-15-05-11_2_no_failure,normal,-2.28999996185,111.655807495,2.85717463493,287,4.39898204803,-1.52134144306,170.261795044,-15.4952955246,0.677743494511,0.631001532078,0
1536693227300827256,50.123974048,carbonZ_2018-09-11-15-05-11_2_no_failure,normal,-2.28999996185,111.655807495,2.85717463493,287,4.39898204803,-1.52134144306,170.261795044,-15.5110435486,0.679105579853,0.622091114521,0
1536693227336020824,50.159167616,carbonZ_2018-09-11-15-05-11_2_no_failure,normal,-2.22000002861,111.655807495,2.9163479805,287,4.39898204803,-1.52134144306,170.261795044,-15.5157051086,0.680992364883,0.624163866043,0
1536693227386047896,50.209194688,carbonZ_2018-09-11-15-05-11_2_no_failure,normal,-2.22000002861,111.655807495,2.9163479805,287,4.39898204803,-1.52134144306,170.261795044,-15.5193414688,0.67919832468,0.625456750393,0
1536693227411708184,50.234854976,carbonZ_2018-09-11-15-05-11_2_no_failure,normal,-2.15999984741,111.279006958,2.98397350311,287,6.26398563385,-1.19485342503,170.103424072,-15.5306253433,0.670313954353,0.644281089306,0
1536693227490863352,50.314010144,carbonZ_2018-09-11-15-05-11_2_no_failure,normal,-2.15999984741,111.279006958,2.98397350311,287,6.26398563385,-1.19485342503,170.103424072,-15.5372877121,0.658776938915,0.653247833252,0
1536693227538089496,50.361236288,carbonZ_2018-09-11-15-05-11_2_no_failure,normal,-2.08999991417,111.279006958,3.05160021782,287,6.26398563385,-1.19485342503,170.103424072,-15.5414638519,0.644797861576,0.654535770416,0
1536693227573124952,50.396271744,carbonZ_2018-09-11-15-05-11_2_no_failure,normal,-2.08999991417,111.279006958,3.05160021782,287,6.26398563385,-1.19485342503,170.103424072,-15.5530319214,0.61508244276,0.661854803562,0
1536693227633843960,50.456990752,carbonZ_2018-09-11-15-05-11_2_no_failure,normal,-2.01999998093,96.4305877686,3.11077213287,287,6.26398563385,-1.19485342503,170.103424072,-15.5619840622,0.594502985477,0.673970401287,0
1536693227656268024,50.479414816,carbonZ_2018-09-11-15-05-11_2_no_failure,normal,-2.01999998093,96.4305877686,3.11077213287,287,6.26398563385,-1.19485342503,170.103424072,-15.5646352768,0.587251245975,0.685179412365,0
1536693227727573752,50.550720544,carbonZ_2018-09-11-15-05-11_2_no_failure,normal,-1.93999993801,96.4305877686,3.16994667053,287,6.26398563385,-1.19485342503,170.103424072,-15.5901470184,0.520689547062,0.720329046249,0
1536693227758619992,50.581766784,carbonZ_2018-09-11-15-05-11_2_no_failure,normal,-1.93999993801,96.4305877686,3.16994667053,287,10.4581069946,-0.869247555733,171.170089722,-15.5901470184,0.520689547062,0.720329046249,0
1536693227815899256,50.639046048,carbonZ_2018-09-11-15-05-11_2_no_failure,normal,-1.86000001431,102.081489563,3.22066617012,286,10.4581069946,-0.869247555733,171.170089722,-15.6075983047,0.452260434628,0.740934669971,0
1536693227852499384,50.675646176,carbonZ_2018-09-11-15-05-11_2_no_failure,normal,-1.86000001431,102.081489563,3.22066617012,286,10.4581069946,-0.869247555733,171.170089722,-15.6149549484,0.431307911873,0.741353452206,0
1536693227932631000,50.755777792,carbonZ_2018-09-11-15-05-11_2_no_failure,normal,-1.77999997139,102.081489563,3.26293206215,286,10.4581069946,-0.869247555733,171.170089722,-15.6392240524,0.342232853174,0.748076617718,0
1536693227945940280,50.769087072,carbonZ_2018-09-11-15-05-11_2_no_failure,normal,-1.77999997139,102.081489563,3.26293206215,286,10.4581069946,-0.869247555733,171.170089722,-15.6410417557,0.323355525732,0.750931501389,0
1536693228019953432,50.843100224,carbonZ_2018-09-11-15-05-11_2_no_failure,normal,-1.69999992847,97.443862915,3.28829288483,286,10.4581069946,-0.869247555733,171.170089722,-15.6693067551,0.230646014214,0.764018893242,0
1536693228037606552,50.860753344,carbonZ_2018-09-11-15-05-11_2_no_failure,normal,-1.69999992847,97.443862915,3.28829288483,286,10.4581069946,-0.869247555733,171.170089722,-15.674074173,0.206039205194,0.770208239555,0
1536693228152187352,50.975334144,carbonZ_2018-09-11-15-05-11_2_no_failure,normal,-1.61000001431,97.443862915,3.29674601555,286,10.4581069946,-0.869247555733,171.170089722,-15.7048864365,0.0763737037778,0.743900120258,0
1536693228208851736,51.031998528,carbonZ_2018-09-11-15-05-11_2_no_failure,normal,-1.52999997139,85.3338241577,3.29674816132,286,11.6801481247,-0.540071427822,173.260742188,-15.7187108994,0.00729422736913,0.736182332039,0
1536693228279577368,51.10272416,carbonZ_2018-09-11-15-05-11_2_no_failure,normal,-1.52999997139,85.3338241577,3.29674816132,286,11.6801481247,-0.540071427822,173.260742188,-15.7363767624,-0.0761109143496,0.745019137859,0
1536693228316001304,51.139148096,carbonZ_2018-09-11-15-05-11_2_no_failure,normal,-1.43999993801,85.3338241577,3.28829503059,286,11.6801481247,-0.540071427822,173.260742188,-15.7408638,-0.11315484345,0.754549622536,0
1536693228352841016,51.175987808,carbonZ_2018-09-11-15-05-11_2_no_failure,normal,-1.43999993801,85.3338241577,3.28829503059,286,11.6801481247,-0.540071427822,173.260742188,-15.7393627167,-0.146042764187,0.757352054119,0
1536693228393681496,51.216828288,carbonZ_2018-09-11-15-05-11_2_no_failure,normal,-1.43999993801,85.3338241577,3.28829503059,286,11.6801481247,-0.540071427822,173.260742188,-15.7390823364,-0.195815384388,0.761147320271,0
1536693228457661048,51.28080784,carbonZ_2018-09-11-15-05-11_2_no_failure,normal,-1.36000001431,75.7700958252,3.27138829231,286,11.6801481247,-0.540071427822,173.260742188,-15.7344303131,-0.205119296908,0.762872815132,0
1536693228515693112,51.338839904,carbonZ_2018-09-11-15-05-11_2_no_failure,normal,-1.27999997139,75.7700958252,3.24603056908,286,11.6801481247,-0.540071427822,173.260742188,-15.7352895737,-0.259364575148,0.76066339016,0
1536693228570364824,51.393511616,carbonZ_2018-09-11-15-05-11_2_no_failure,normal,-1.27999997139,75.7700958252,3.24603056908,286,11.6801481247,-0.540071427822,173.260742188,-15.7263040543,-0.283098936081,0.744811713696,0
1536693228609980024,51.433126816,carbonZ_2018-09-11-15-05-11_2_no_failure,normal,-1.27999997139,75.7700958252,3.24603056908,286,8.11116600037,-0.375003755093,174.635574341,-15.71961689,-0.30026486516,0.729343593121,0
1536693228643435480,51.466582272,carbonZ_2018-09-11-15-05-11_2_no_failure,normal,-1.19999992847,69.4885253906,3.21221733093,286,8.11116600037,-0.375003755093,174.635574341,-15.7084770203,-0.327337056398,0.710339128971,0
1536693228699641880,51.522788672,carbonZ_2018-09-11-15-05-11_2_no_failure,normal,-1.19999992847,69.4885253906,3.21221733093,286,8.11116600037,-0.375003755093,174.635574341,-15.6932439804,-0.350982367992,0.689701259136,0
1536693228746722648,51.56986944,carbonZ_2018-09-11-15-05-11_2_no_failure,normal,-1.12000000477,69.4885253906,3.17840695381,285,8.11116600037,-0.375003755093,174.635574341,-15.6860713959,-0.361285060644,0.680092036724,0
1536693228818781304,51.641928096,carbonZ_2018-09-11-15-05-11_2_no_failure,normal,-1.05999994278,62.0661735535,3.14459395409,285,8.11116600037,-0.375003755093,174.635574341,-15.6647787094,-0.386973321438,0.636357605457,0
1536693228860368920,51.683515712,carbonZ_2018-09-11-15-05-11_2_no_failure,normal,-1.05999994278,62.0661735535,3.14459395409,285,8.11116600037,-0.375003755093,174.635574341,-15.6513881683,-0.395161122084,0.602884888649,0
1536693228894819512,51.717966304,carbonZ_2018-09-11-15-05-11_2_no_failure,normal,-1.05999994278,62.0661735535,3.14459395409,285,8.11116600037,-0.375003755093,174.635574341,-15.6393327713,-0.40833029151,0.566014289856,0
1536693228971602744,51.794749536,carbonZ_2018-09-11-15-05-11_2_no_failure,normal,-1.0,62.0661735535,3.11078119278,285,8.11116600037,-0.375003755093,174.635574341,-15.6150827408,-0.417421430349,0.50278377533,0
1536693228999878520,51.823025312,carbonZ_2018-09-11-15-05-11_2_no_failure,normal,-0.949999988079,69.2370452881,3.06851649284,285,4.08535671234,0.945624649525,176.319702148,-15.5854530334,-0.429974555969,0.428684353828,0
1536693229037168056,51.860314848,carbonZ_2018-09-11-15-05-11_2_no_failure,normal,-0.949999988079,69.2370452881,3.06851649284,285,4.08535671234,0.945624649525,176.319702148,-15.5742149353,-0.429785966873,0.399291872978,0
1536693229098333944,51.921480736,carbonZ_2018-09-11-15-05-11_2_no_failure,normal,-0.949999988079,69.2370452881,3.06851649284,285,4.08535671234,0.945624649525,176.319702148,-15.5408201218,-0.434387356043,0.313331574202,0
1536693229192398488,52.01554528,carbonZ_2018-09-11-15-05-11_2_no_failure,normal,-0.919999957085,69.2370452881,3.03470349312,285,4.08535671234,0.945624649525,176.319702148,-15.4862222672,-0.447063803673,0.196209013462,0
1536693229220621560,52.043768352,carbonZ_2018-09-11-15-05-11_2_no_failure,normal,-0.919999957085,69.2370452881,3.03470349312,285,4.08535671234,0.945624649525,176.319702148,-15.4722118378,-0.447681933641,0.167861148715,0
1536693229252901272,52.076048064,carbonZ_2018-09-11-15-05-11_2_no_failure,normal,-0.899999976158,77.7404785156,2.95441460609,285,4.08535671234,0.945624649525,176.319702148,-15.4722118378,-0.447681933641,0.167861148715,0
1536693229310619864,52.133766656,carbonZ_2018-09-11-15-05-11_2_no_failure,normal,-0.899999976158,77.7404785156,2.95441460609,285,4.08535671234,0.945624649525,176.319702148,-15.3962125778,-0.447280138731,0.0319617912173,0
1536693229346151128,52.16929792,carbonZ_2018-09-11-15-05-11_2_no_failure,normal,-0.909999966621,76.7405548096,2.91433048248,285,4.08535671234,0.945624649525,176.319702148,-15.3624706268,-0.450900942087,-0.012974627316,0
1536693229418763832,52.241910624,carbonZ_2018-09-11-15-05-11_2_no_failure,normal,-0.930000007153,85.7422790527,2.88266825676,285,3.56400632858,2.65066838264,176.496749878,-15.2941331863,-0.453650742769,-0.0822127610445,0
1536693229431938840,52.255085632,carbonZ_2018-09-11-15-05-11_2_no_failure,normal,-0.930000007153,85.7422790527,2.88266825676,285,3.56400632858,2.65066838264,176.496749878,-15.2941331863,-0.453650742769,-0.0822127610445,0
1536693229503074104,52.326220896,carbonZ_2018-09-11-15-05-11_2_no_failure,normal,-0.930000007153,85.7422790527,2.88266825676,285,3.56400632858,2.65066838264,176.496749878,-15.231045723,-0.45274335146,-0.125324994326,0
1536693229543533048,52.36667984,carbonZ_2018-09-11-15-05-11_2_no_failure,normal,-0.959999978542,85.7422790527,2.81034564972,285,3.56400632858,2.65066838264,176.496749878,-15.1984262466,-0.447240054607,-0.140753954649,0
1536693229595443352,52.418590144,carbonZ_2018-09-11-15-05-11_2_no_failure,normal,-0.959999978542,85.7422790527,2.81034564972,285,3.56400632858,2.65066838264,176.496749878,-15.1489830017,-0.441739618778,-0.168926149607,0
1536693229689692216,52.512839008,carbonZ_2018-09-11-15-05-11_2_no_failure,normal,-1.0,100.759033203,2.77320766449,285,3.56400632858,2.65066838264,176.496749878,-15.0884866714,-0.431761920452,-0.177315324545,0
1536693229711790008,52.5349368,carbonZ_2018-09-11-15-05-11_2_no_failure,normal,-1.0,100.759033203,2.77320766449,285,3.56400632858,2.65066838264,176.496749878,-15.0591478348,-0.421827197075,-0.179314762354,0
1536693229742103416,52.565250208,carbonZ_2018-09-11-15-05-11_2_no_failure,normal,-1.04999995232,100.759033203,2.16198539734,285,3.56400632858,2.65066838264,176.496749878,-15.0419483185,-0.414087891579,-0.181139245629,0
1536693229798437848,52.62158464,carbonZ_2018-09-11-15-05-11_2_no_failure,normal,-1.09000003338,115.306945801,2.17649483681,285,1.57990980148,2.5261118412,175.687820435,-14.9775009155,-0.384156286716,-0.176115602255,0
1536693229857068248,52.68021504,carbonZ_2018-09-11-15-05-11_2_no_failure,normal,-1.09000003338,115.306945801,2.17649483681,285,1.57990980148,2.5261118412,175.687820435,-14.9458904266,-0.367830514908,-0.167904287577,0
1536693229930664376,52.753811168,carbonZ_2018-09-11-15-05-11_2_no_failure,normal,-1.12999999523,115.306945801,1.91213750839,285,1.57990980148,2.5261118412,175.687820435,-14.8980169296,-0.345735311508,-0.158708781004,0
1536693229938830264,52.761977056,carbonZ_2018-09-11-15-05-11_2_no_failure,normal,-1.12999999523,115.306945801,1.91213750839,285,1.57990980148,2.5261118412,175.687820435,-14.8821487427,-0.336569070816,-0.154261529446,0
1536693229997918584,52.821065376,carbonZ_2018-09-11-15-05-11_2_no_failure,normal,-1.16999995708,130.905822754,1.95110738277,285,1.57990980148,2.5261118412,175.687820435,-14.8360214233,-0.311896920204,-0.139834240079,0
1536693230060888248,52.88403504,carbonZ_2018-09-11-15-05-11_2_no_failure,normal,-1.16999995708,130.905822754,1.95110738277,285,1.57990980148,2.5261118412,175.687820435,-14.7908420563,-0.287147760391,-0.124873660505,0
1536693230090342744,52.913489536,carbonZ_2018-09-11-15-05-11_2_no_failure,normal,-1.16999995708,130.905822754,1.95110738277,285,1.57990980148,2.5261118412,175.687820435,-14.762922287,-0.268366098404,-0.105964198709,0
1536693230155449592,52.978596384,carbonZ_2018-09-11-15-05-11_2_no_failure,normal,-1.19999992847,130.905822754,1.99007749557,285,1.57990980148,2.5261118412,175.687820435,-14.7146816254,-0.229881986976,-0.0732932090759,0
1536693230207510584,53.030657376,carbonZ_2018-09-11-15-05-11_2_no_failure,normal,-1.23000001907,150.30317688,0.273855596781,285,1.57990980148,2.5261118412,175.687820435,-14.6830034256,-0.202224910259,-0.0493691712618,0
1536693230257184536,53.080331328,carbonZ_2018-09-11-15-05-11_2_no_failure,normal,-1.23000001907,150.30317688,0.273855596781,285,1.57990980148,2.5261118412,175.687820435,-14.6363077164,-0.162052944303,0.00238614715636,0
1536693230309579512,53.132726304,carbonZ_2018-09-11-15-05-11_2_no_failure,normal,-1.23000001907,150.30317688,0.273855596781,285,1.57990980148,2.5261118412,175.687820435,-14.6052856445,-0.137787312269,0.0474211387336,0
1536693230381740568,53.20488736,carbonZ_2018-09-11-15-05-11_2_no_failure,normal,-1.25,150.30317688,0.430913507938,285,0.579226791859,1.24086260796,173.616287231,-14.5428333282,-0.0908423066139,0.159934669733,0
1536693230413627064,53.236773856,carbonZ_2018-09-11-15-05-11_2_no_failure,normal,-1.25,165.887924194,-0.0448194667697,285,0.579226791859,1.24086260796,173.616287231,-14.5130853653,-0.0730289891362,0.193558961153,0
1536693230462680152,53.285826944,carbonZ_2018-09-11-15-05-11_2_no_failure,normal,-1.25,165.887924194,-0.0448194667697,285,0.579226791859,1.24086260796,173.616287231,-14.4876213074,-0.0567069426179,0.229292467237,0
1536693230490110360,53.313257152,carbonZ_2018-09-11-15-05-11_2_no_failure,normal,-1.25,165.887924194,-0.0448194667697,285,0.579226791859,1.24086260796,173.616287231,-14.4642543793,-0.042634665966,0.263032048941,0
1536693230534059032,53.357205824,carbonZ_2018-09-11-15-05-11_2_no_failure,normal,-1.25,165.887924194,0.154340401292,285,0.579226791859,1.24086260796,173.616287231,-14.4328975677,-0.0142175517976,0.298626065254,0
1536693230604652760,53.427799552,carbonZ_2018-09-11-15-05-11_2_no_failure,normal,-1.25,165.887924194,0.154340401292,285,0.579226791859,1.24086260796,173.616287231,-14.4148292542,0.00445722416043,0.31429028511,0
1536693230682529784,53.505676576,carbonZ_2018-09-11-15-05-11_2_no_failure,normal,-1.23000001907,181.140319824,0.360400170088,285,1.9315341711,0.26951777935,172.966201782,-14.3810176849,0.0389477573335,0.345226198435,0
1536693230757741816,53.580888608,carbonZ_2018-09-11-15-05-11_2_no_failure,normal,-1.19999992847,181.140319824,-0.798860788345,285,1.9315341711,0.26951777935,172.966201782,-14.3495359421,0.0647962540388,0.363753974438,0
1536693230803655480,53.626802272,carbonZ_2018-09-11-15-05-11_2_no_failure,normal,-1.19999992847,181.140319824,-0.798860788345,285,1.9315341711,0.26951777935,172.966201782,-14.3350162506,0.0714645311236,0.370404928923,0
1536693230849347960,53.672494752,carbonZ_2018-09-11-15-05-11_2_no_failure,normal,-1.16999995708,278.565124512,-0.505043566227,285,1.9315341711,0.26951777935,172.966201782,-14.3209123611,0.0741094425321,0.371785610914,0
1536693230876953304,53.700100096,carbonZ_2018-09-11-15-05-11_2_no_failure,normal,-1.16999995708,278.565124512,-0.505043566227,285,1.9315341711,0.26951777935,172.966201782,-14.3065376282,0.0765624120831,0.369885593653,0
1536693230925102232,53.748249024,carbonZ_2018-09-11-15-05-11_2_no_failure,normal,-1.13999998569,278.565124512,-1.79684948921,285,1.9315341711,0.26951777935,172.966201782,-14.2842769623,0.0737629085779,0.374417722225,0
1536693231008431384,53.831578176,carbonZ_2018-09-11-15-05-11_2_no_failure,normal,-1.13999998569,278.565124512,-1.79684948921,285,1.9315341711,0.26951777935,172.966201782,-14.257106781,0.0680212303996,0.398381441832,0
1536693231047307288,53.87045408,carbonZ_2018-09-11-15-05-11_2_no_failure,normal,-1.11000001431,289.346038818,-1.4158987999,286,5.39560937881,0.989154696465,172.452819824,-14.2396278381,0.0607587657869,0.41515609622,0
1536693231075953976,53.899100768,carbonZ_2018-09-11-15-05-11_2_no_failure,normal,-1.11000001431,289.346038818,-1.4158987999,286,5.39560937881,0.989154696465,172.452819824,-14.2231664658,0.0500042922795,0.43345078826,0
1536693231121998200,53.945144992,carbonZ_2018-09-11-15-05-11_2_no_failure,normal,-1.07999992371,289.346038818,-1.04312813282,286,5.39560937881,0.989154696465,172.452819824,-14.2079572678,0.03433746472,0.453591257334,0
1536693231132976440,53.956123232,carbonZ_2018-09-11-15-05-11_2_no_failure,normal,-1.07999992371,289.346038818,-1.04312813282,286,5.39560937881,0.989154696465,172.452819824,-14.2002029419,0.0280956532806,0.461615920067,0
1536693231221451128,54.04459792,carbonZ_2018-09-11-15-05-11_2_no_failure,normal,-1.02999997139,291.860870361,-2.31175589561,286,5.39560937881,0.989154696465,172.452819824,-14.1732549667,-0.00713975727558,0.4686460495,0
1536693231262530168,54.08567696,carbonZ_2018-09-11-15-05-11_2_no_failure,normal,-1.02999997139,291.860870361,-2.31175589561,286,5.39560937881,0.989154696465,172.452819824,-14.1625156403,-0.0274230893701,0.465873837471,0
1536693231303137752,54.126284544,carbonZ_2018-09-11-15-05-11_2_no_failure,normal,-1.02999997139,291.860870361,-2.31175589561,286,5.39560937881,0.989154696465,172.452819824,-14.1517572403,-0.0500703640282,0.465824246407,0
1536693231344523128,54.16766992,carbonZ_2018-09-11-15-05-11_2_no_failure,normal,-0.989999949932,292.860778809,-1.8561835289,286,5.39560937881,0.989154696465,172.452819824,-14.1415376663,-0.0752369761467,0.47507661581,0
1536693231414680728,54.23782752,carbonZ_2018-09-11-15-05-11_2_no_failure,normal,-0.949999988079,299.8152771,-4.0213265419,286,5.39560937881,0.989154696465,172.452819824,-14.1259346008,-0.11743041873,0.489651352167,0
1536693231462956696,54.286103488,carbonZ_2018-09-11-15-05-11_2_no_failure,normal,-0.949999988079,299.8152771,-4.0213265419,286,9.34365272522,0.908281862736,172.485824585,-14.1122837067,-0.164292499423,0.484475255013,0
1536693231497444440,54.320591232,carbonZ_2018-09-11-15-05-11_2_no_failure,normal,-0.949999988079,299.8152771,-4.0213265419,286,9.34365272522,0.908281862736,172.485824585,-14.1029481888,-0.198389783502,0.481883376837,0
1536693231559615448,54.38276224,carbonZ_2018-09-11-15-05-11_2_no_failure,normal,-0.899999976158,298.815338135,-3.44307947159,286,9.34365272522,0.908281862736,172.485824585,-14.0841293335,-0.248104527593,0.506822705269,0
1536693231608908600,54.432055392,carbonZ_2018-09-11-15-05-11_2_no_failure,normal,-0.8599999547,297.111694336,-3.76527810097,286,9.34365272522,0.908281862736,172.485824585,-14.0700216293,-0.28459328413,0.545815765858,0
1536693231638734488,54.46188128,carbonZ_2018-09-11-15-05-11_2_no_failure,normal,-0.8599999547,297.111694336,-3.76527810097,286,9.34365272522,0.908281862736,172.485824585,-14.0552434921,-0.323135584593,0.597688555717,0
1536693231708323384,54.531470176,carbonZ_2018-09-11-15-05-11_2_no_failure,normal,-0.8599999547,297.111694336,-3.76527810097,286,9.34365272522,0.908281862736,172.485824585,-14.0269918442,-0.409562140703,0.727141499519,0
1536693231769508824,54.592655616,carbonZ_2018-09-11-15-05-11_2_no_failure,normal,-0.799999952316,298.111633301,-3.16981267929,286,9.34365272522,0.908281862736,172.485824585,-14.0141525269,-0.461750179529,0.791623234749,0
1536693231821690296,54.644837088,carbonZ_2018-09-11-15-05-11_2_no_failure,normal,-0.729999959469,299.90045166,-2.58189725876,287,9.34365272522,0.908281862736,172.485824585,-13.9985675812,-0.544137656689,0.891739726067,0
1536693231852201624,54.675348416,carbonZ_2018-09-11-15-05-11_2_no_failure,normal,-0.729999959469,299.90045166,-2.58189725876,287,9.34365272522,0.908281862736,172.485824585,-13.9939975739,-0.570961236954,0.916898667812,0
1536693231878560664,54.701707456,carbonZ_2018-09-11-15-05-11_2_no_failure,normal,-0.729999959469,299.90045166,-2.58189725876,287,16.5106239319,0.197044014931,174.882492065,-13.9939975739,-0.570961236954,0.916898667812,0
1536693231931341784,54.754488576,carbonZ_2018-09-11-15-05-11_2_no_failure,normal,-0.649999976158,299.90045166,-5.52226495743,287,16.5106239319,0.197044014931,174.882492065,-13.9817047119,-0.712687671185,0.988214492798,0
1536693232002486296,54.825633088,carbonZ_2018-09-11-15-05-11_2_no_failure,normal,-0.550000011921,298.06451416,-4.80261564255,287,16.5106239319,0.197044014931,174.882492065,-13.9708862305,-0.865048646927,1.02069711685,0
1536693232033356056,54.856502848,carbonZ_2018-09-11-15-05-11_2_no_failure,normal,-0.550000011921,298.06451416,-4.80261564255,287,16.5106239319,0.197044014931,174.882492065,-13.9674043655,-0.955236554146,1.0227098465,0
1536693232082428760,54.905575552,carbonZ_2018-09-11-15-05-11_2_no_failure,normal,-0.550000011921,298.06451416,-4.80261564255,287,16.5106239319,0.197044014931,174.882492065,-13.9636363983,-1.04833304882,1.01494920254,0
1536693232117515544,54.940662336,carbonZ_2018-09-11-15-05-11_2_no_failure,normal,-0.439999997616,298.06451416,-5.01260519028,287,16.5106239319,0.197044014931,174.882492065,-13.9602956772,-1.19412446022,1.0077804327,0
1536693232205719384,55.028866176,carbonZ_2018-09-11-15-05-11_2_no_failure,normal,-0.439999997616,298.06451416,-5.01260519028,287,16.5106239319,0.197044014931,174.882492065,-13.9543304443,-1.33844900131,1.01579737663,0
1536693232221410872,55.044557664,carbonZ_2018-09-11-15-05-11_2_no_failure,normal,-0.329999983311,297.859863281,-4.27256345749,287,16.5106239319,0.197044014931,174.882492065,-13.952422142,-1.38859736919,1.02047419548,0
1536693232299865528,55.12301232,carbonZ_2018-09-11-15-05-11_2_no_failure,normal,-0.329999983311,297.859863281,-4.27256345749,287,16.5106239319,0.197044014931,174.882492065,-13.9430551529,-1.55076634884,1.03651952744,0
1536693232328874072,55.152020864,carbonZ_2018-09-11-15-05-11_2_no_failure,normal,-0.229999989271,297.859863281,-3.5460486412,287,21.686460495,0.638205707073,179.943603516,-13.9358701706,-1.66507411003,1.04870295525,0
1536693232371539448,55.19468624,carbonZ_2018-09-11-15-05-11_2_no_failure,normal,-0.229999989271,297.859863281,-3.5460486412,287,21.686460495,0.638205707073,179.943603516,-13.9287004471,-1.7760566473,1.06268882751,0
1536693232400370712,55.223517504,carbonZ_2018-09-11-15-05-11_2_no_failure,normal,-0.229999989271,297.859863281,-3.5460486412,287,21.686460495,0.638205707073,179.943603516,-13.9204339981,-1.89608871937,1.07794249058,0
1536693232441293976,55.264440768,carbonZ_2018-09-11-15-05-11_2_no_failure,normal,-0.109999999404,282.687103271,-4.59982776642,287,21.686460495,0.638205707073,179.943603516,-13.9108600616,-2.01746106148,1.09444415569,0
1536693232521677016,55.344823808,carbonZ_2018-09-11-15-05-11_2_no_failure,normal,0.0,282.687103271,-3.84902334213,287,21.686460495,0.638205707073,179.943603516,-13.8889551163,-2.27970695496,1.12092506886,0
1536693232545529496,55.368676288,carbonZ_2018-09-11-15-05-11_2_no_failure,normal,0.0,282.687103271,-3.84902334213,287,21.686460495,0.638205707073,179.943603516,-13.884346962,-2.34127092361,1.12597048283,0
1536693232613909848,55.43705664,carbonZ_2018-09-11-15-05-11_2_no_failure,normal,0.119999997318,271.487060547,-4.91218852997,287,25.3000793457,0.650776922703,-176.589416504,-13.8607330322,-2.61741757393,1.15048754215,0
1536693232655926648,55.47907344,carbonZ_2018-09-11-15-05-11_2_no_failure,normal,0.119999997318,271.487060547,-4.91218852997,287,25.3000793457,0.650776922703,-176.589416504,-13.8450908661,-2.7552614212,1.17097556591,0
1536693232724037560,55.547184352,carbonZ_2018-09-11-15-05-11_2_no_failure,normal,0.239999994636,271.487060547,-4.12605905533,287,25.3000793457,0.650776922703,-176.589416504,-13.8227539062,-2.9725112915,1.18722987175,0
1536693232750635448,55.57378224,carbonZ_2018-09-11-15-05-11_2_no_failure,normal,0.239999994636,271.487060547,-4.12605905533,287,25.3000793457,0.650776922703,-176.589416504,-13.8071537018,-3.11731386185,1.19701099396,0
1536693232813346712,55.636493504,carbonZ_2018-09-11-15-05-11_2_no_failure,normal,0.370000004768,257.893951416,-4.25751161575,287,25.3000793457,0.650776922703,-176.589416504,-13.7797756195,-3.33525562286,1.21381211281,0
1536693232880893496,55.704040288,carbonZ_2018-09-11-15-05-11_2_no_failure,normal,0.370000004768,257.893951416,-4.25751161575,287,25.3000793457,0.650776922703,-176.589416504,-13.7532348633,-3.54488730431,1.22912395,0
1536693232931861464,55.755008256,carbonZ_2018-09-11-15-05-11_2_no_failure,normal,0.489999979734,256.894012451,-3.48430037498,287,25.3000793457,0.650776922703,-176.589416504,-13.7229404449,-3.75538253784,1.23607456684,0
1536693232976761624,55.799908416,carbonZ_2018-09-11-15-05-11_2_no_failure,normal,0.489999979734,256.894012451,-3.48430037498,287,25.3000793457,0.650776922703,-176.589416504,-13.7229404449,-3.75538253784,1.23607456684,0
1536693233012179352,55.835326144,carbonZ_2018-09-11-15-05-11_2_no_failure,normal,0.610000014305,238.808441162,-2.75043201447,286,25.3000793457,0.650776922703,-176.589416504,-13.6894083023,-3.9729847908,1.2209675312,0
1536693233046055672,55.869202464,carbonZ_2018-09-11-15-05-11_2_no_failure,normal,0.610000014305,238.808441162,-2.75043201447,286,25.9301052094,1.56686067581,-169.987915039,-13.663184166,-4.11831951141,1.20972692966,0
1536693233091428056,55.914574848,carbonZ_2018-09-11-15-05-11_2_no_failure,normal,0.610000014305,238.808441162,-2.75043201447,286,25.9301052094,1.56686067581,-169.987915039,-13.604391098,-4.39913463593,1.20327687263,0
1536693233144910840,55.968057632,carbonZ_2018-09-11-15-05-11_2_no_failure,normal,0.729999959469,238.808441162,-5.5961894989,286,25.9301052094,1.56686067581,-169.987915039,-13.5888814926,-4.46978855133,1.20059800148,0
1536693233230268536,56.053415328,carbonZ_2018-09-11-15-05-11_2_no_failure,normal,0.839999973774,211.791992188,-4.73838615417,286,25.9301052094,1.56686067581,-169.987915039,-13.5262527466,-4.74642944336,1.19771802425,0
1536693233252356088,56.07550288,carbonZ_2018-09-11-15-05-11_2_no_failure,normal,0.839999973774,211.791992188,-4.73838615417,286,25.9301052094,1.56686067581,-169.987915039,-13.4932765961,-4.87921333313,1.19713306427,0
1536693233325085912,56.148232704,carbonZ_2018-09-11-15-05-11_2_no_failure,normal,0.949999988079,211.791992188,-3.9090526104,286,25.9301052094,1.56686067581,-169.987915039,-13.4392061234,-5.07629871368,1.21227753162,0
1536693233344063192,56.167209984,carbonZ_2018-09-11-15-05-11_2_no_failure,normal,0.949999988079,211.791992188,-3.9090526104,286,25.9301052094,1.56686067581,-169.987915039,-13.4206571579,-5.13941431046,1.22144019604,0
1536693233398022136,56.221168928,carbonZ_2018-09-11-15-05-11_2_no_failure,normal,0.949999988079,211.791992188,-3.9090526104,286,26.9122962952,0.724078476429,-163.695495605,-13.361954689,-5.3403801918,1.24356937408,0
1536693233480206232,56.303353024,carbonZ_2018-09-11-15-05-11_2_no_failure,normal,1.05999994278,182.4402771,-4.00503444672,286,26.9122962952,0.724078476429,-163.695495605,-13.2777700424,-5.63286304474,1.23413574696,0
1536693233520031352,56.343178144,carbonZ_2018-09-11-15-05-11_2_no_failure,normal,1.16999995708,182.4402771,-3.18100452423,285,26.9122962952,0.724078476429,-163.695495605,-13.2321557999,-5.78154325485,1.23185694218,0
1536693233548058040,56.371204832,carbonZ_2018-09-11-15-05-11_2_no_failure,normal,1.16999995708,182.4402771,-3.18100452423,285,26.9122962952,0.724078476429,-163.695495605,-13.2079296112,-5.85473775864,1.23281216621,0
1536693233615892952,56.439039744,carbonZ_2018-09-11-15-05-11_2_no_failure,normal,1.27999997139,169.949523926,-5.1307592392,285,26.9122962952,0.724078476429,-163.695495605,-13.1039524078,-6.14778757095,1.23787784576,0
1536693233651509784,56.474656576,carbonZ_2018-09-11-15-05-11_2_no_failure,normal,1.27999997139,169.949523926,-5.1307592392,285,26.9122962952,0.724078476429,-163.695495605,-13.0751638412,-6.22219228745,1.24147844315,0
1536693233673600312,56.496747104,carbonZ_2018-09-11-15-05-11_2_no_failure,normal,1.27999997139,169.949523926,-5.1307592392,285,27.9946689606,-0.432489722967,-157.440567017,-13.0751638412,-6.22219228745,1.24147844315,0
1536693233757873304,56.581020096,carbonZ_2018-09-11-15-05-11_2_no_failure,normal,1.39999997616,169.949523926,-4.23977661133,285,27.9946689606,-0.432489722967,-157.440567017,-12.9600992203,-6.50945711136,1.26553857327,0
1536693233816552440,56.639699232,carbonZ_2018-09-11-15-05-11_2_no_failure,normal,1.50999999046,177.187820435,-5.31433296204,284,27.9946689606,-0.432489722967,-157.440567017,-12.8318843842,-6.80136919022,1.29421520233,0
1536693233846757432,56.669904224,carbonZ_2018-09-11-15-05-11_2_no_failure,normal,1.50999999046,177.187820435,-5.31433296204,284,27.9946689606,-0.432489722967,-157.440567017,-12.7621192932,-6.95673274994,1.29769074917,0
1536693233882488376,56.705635168,carbonZ_2018-09-11-15-05-11_2_no_failure,normal,1.50999999046,177.187820435,-5.31433296204,284,27.9946689606,-0.432489722967,-157.440567017,-12.6872758865,-7.11520767212,1.29871094227,0
1536693233902271512,56.725418304,carbonZ_2018-09-11-15-05-11_2_no_failure,normal,1.50999999046,177.187820435,-5.31433296204,284,27.9946689606,-0.432489722967,-157.440567017,-12.6490678787,-7.19574022293,1.30109846592,0
1536693233958772856,56.781919648,carbonZ_2018-09-11-15-05-11_2_no_failure,normal,1.62999999523,177.187820435,-4.39411830902,284,27.9946689606,-0.432489722967,-157.440567017,-12.5231361389,-7.44606685638,1.29873180389,0
1536693234007793688,56.83094048,carbonZ_2018-09-11-15-05-11_2_no_failure,normal,1.75,166.682617188,-3.52102899551,283,27.9946689606,-0.432489722967,-157.440567017,-12.4309053421,-7.61737155914,1.29857206345,0
1536693234044438008,56.8675848,carbonZ_2018-09-11-15-05-11_2_no_failure,normal,1.75,166.682617188,-3.52102899551,283,30.6542129517,-0.706097245216,-148.374679565,-12.3331031799,-7.78850269318,1.30210053921,0
1536693234110084728,56.93323152,carbonZ_2018-09-11-15-05-11_2_no_failure,normal,1.75,166.682617188,-3.52102899551,283,30.6542129517,-0.706097245216,-148.374679565,-12.1751890182,-8.05132770538,1.30168712139,0
1536693234139007096,56.962153888,carbonZ_2018-09-11-15-05-11_2_no_failure,normal,1.87999999523,166.682617188,-2.68479847908,283,30.6542129517,-0.706097245216,-148.374679565,-12.059220314,-8.22742366791,1.29518091679,0
1536693234206984760,57.030131552,carbonZ_2018-09-11-15-05-11_2_no_failure,normal,2.0,146.884246826,-1.88868927956,282,30.6542129517,-0.706097245216,-148.374679565,-11.8772945404,-8.49236679077,1.27583551407,0
1536693234239522200,57.062668992,carbonZ_2018-09-11-15-05-11_2_no_failure,normal,2.0,146.884246826,-1.88868927956,282,30.6542129517,-0.706097245216,-148.374679565,-11.677236557,-8.76722621918,1.22473931313,0
1536693234311517080,57.134663872,carbonZ_2018-09-11-15-05-11_2_no_failure,normal,2.11999988556,146.884246826,-4.71156740189,282,30.6542129517,-0.706097245216,-148.374679565,-11.5368814468,-8.94748592377,1.18425118923,0
1536693234352351864,57.175498656,carbonZ_2018-09-11-15-05-11_2_no_failure,normal,2.11999988556,146.884246826,-4.71156740189,282,30.6542129517,-0.706097245216,-148.374679565,-11.3910503387,-9.12171363831,1.15159082413,0
1536693234399524280,57.222671072,carbonZ_2018-09-11-15-05-11_2_no_failure,normal,2.11999988556,146.884246826,-4.71156740189,282,30.6542129517,-0.706097245216,-148.374679565,-11.1581754684,-9.37621212006,1.10189700127,0
1536693234444346936,57.267493728,carbonZ_2018-09-11-15-05-11_2_no_failure,normal,2.23000001907,131.024841309,-3.84810566902,281,33.1345481873,2.51995611191,-137.680114746,-11.002497673,-9.5370798111,1.07123351097,0
1536693234494355512,57.317502304,carbonZ_2018-09-11-15-05-11_2_no_failure,normal,2.23000001907,131.024841309,-3.84810566902,281,33.1345481873,2.51995611191,-137.680114746,-10.759885788,-9.77483272552,1.02493345737,0
1536693234557998520,57.381145312,carbonZ_2018-09-11-15-05-11_2_no_failure,normal,2.32999992371,131.024841309,-3.93461084366,281,33.1345481873,2.51995611191,-137.680114746,-10.5047197342,-10.0039615631,0.972351312637,0
1536693234592779672,57.415926464,carbonZ_2018-09-11-15-05-11_2_no_failure,normal,2.32999992371,131.024841309,-3.93461084366,281,33.1345481873,2.51995611191,-137.680114746,-10.3324184418,-10.1463184357,0.942780017853,0
1536693234669576184,57.492722976,carbonZ_2018-09-11-15-05-11_2_no_failure,normal,2.41999983788,136.688415527,-3.1386950016,280,33.1345481873,2.51995611191,-137.680114746,-9.88719654083,-10.4966802597,0.855927705765,0
1536693234738758168,57.56190496,carbonZ_2018-09-11-15-05-11_2_no_failure,normal,2.50999999046,136.688415527,-2.39183926582,279,33.1345481873,2.51995611191,-137.680114746,-9.59867572784,-10.7046985626,0.787016153336,0
1536693234761484248,57.58463104,carbonZ_2018-09-11-15-05-11_2_no_failure,normal,2.50999999046,136.688415527,-2.39183926582,279,33.1345481873,2.51995611191,-137.680114746,-9.59867572784,-10.7046985626,0.787016153336,0
1536693234810355224,57.633502016,carbonZ_2018-09-11-15-05-11_2_no_failure,normal,2.57999992371,128.624633789,-1.71386146545,278,33.1345481873,2.51995611191,-137.680114746,-9.30861282349,-10.9008140564,0.721426665783,0
1536693234866601720,57.689748512,carbonZ_2018-09-11-15-05-11_2_no_failure,normal,2.57999992371,128.624633789,-1.71386146545,278,33.1345481873,2.51995611191,-137.680114746,-9.12061309814,-11.0203208923,0.690568864346,0
1536693234894255736,57.717402528,carbonZ_2018-09-11-15-05-11_2_no_failure,normal,2.57999992371,128.624633789,-1.71386146545,278,33.1345481873,2.51995611191,-137.680114746,-8.92925262451,-11.1360654831,0.662244558334,0
1536693234945612120,57.768758912,carbonZ_2018-09-11-15-05-11_2_no_failure,normal,2.63999986649,128.624633789,-3.27809929848,277,33.1345481873,2.51995611191,-137.680114746,-8.6608839035,-11.286280632,0.639720082283,0
1536693235003815256,57.826962048,carbonZ_2018-09-11-15-05-11_2_no_failure,normal,2.63999986649,128.624633789,-3.27809929848,277,31.3430213928,4.43861198425,-124.021179199,-8.47333908081,-11.3853902817,0.627981424332,0
1536693235064986104,57.888132896,carbonZ_2018-09-11-15-05-11_2_no_failure,normal,2.70000004768,120.811080933,-3.9150352478,277,31.3430213928,4.43861198425,-124.021179199,-8.20421695709,-11.5218906403,0.621888935566,0
1536693235095044152,57.918190944,carbonZ_2018-09-11-15-05-11_2_no_failure,normal,2.70000004768,120.811080933,-3.9150352478,277,31.3430213928,4.43861198425,-124.021179199,-8.02203845978,-11.6123991013,0.616394996643,0
1536693235145323416,57.968470208,carbonZ_2018-09-11-15-05-11_2_no_failure,normal,2.75,120.811080933,-3.21707773209,276,31.3430213928,4.43861198425,-124.021179199,-7.74651527405,-11.7385845184,0.60228651762,0
1536693235212680056,58.035826848,carbonZ_2018-09-11-15-05-11_2_no_failure,normal,2.79999995232,127.017120361,-2.5783059597,275,31.3430213928,4.43861198425,-124.021179199,-7.56786680222,-11.8140163422,0.594164073467,0
1536693235283904216,58.107051008,carbonZ_2018-09-11-15-05-11_2_no_failure,normal,2.79999995232,127.017120361,-2.5783059597,275,31.3430213928,4.43861198425,-124.021179199,-7.21147012711,-11.9518508911,0.583730340004,0
1536693235313675672,58.136822464,carbonZ_2018-09-11-15-05-11_2_no_failure,normal,2.84999990463,127.017120361,-2.48996567726,274,31.3430213928,4.43861198425,-124.021179199,-6.94462347031,-12.046081543,0.575539767742,0
1536693235385448664,58.208595456,carbonZ_2018-09-11-15-05-11_2_no_failure,normal,2.84999990463,127.017120361,-2.48996567726,274,28.842874527,4.96345043182,-116.77596283,-6.6855635643,-12.1293258667,0.559558987617,0
1536693235403456632,58.226603424,carbonZ_2018-09-11-15-05-11_2_no_failure,normal,2.89999985695,127.499580383,-1.90534186363,273,28.842874527,4.96345043182,-116.77596283,-6.6855635643,-12.1293258667,0.559558987617,0
1536693235435996376,58.259143168,carbonZ_2018-09-11-15-05-11_2_no_failure,normal,2.89999985695,127.499580383,-1.90534186363,273,28.842874527,4.96345043182,-116.77596283,-6.52043819427,-12.17872715,0.545060276985,0
1536693235490303032,58.313449824,carbonZ_2018-09-11-15-05-11_2_no_failure,normal,2.89999985695,127.499580383,-1.90534186363,273,28.842874527,4.96345043182,-116.77596283,-6.1981921196,-12.2629203796,0.534973323345,0
1536693235538412728,58.36155952,carbonZ_2018-09-11-15-05-11_2_no_failure,normal,2.95000004768,127.499580383,-2.53994107246,272,28.842874527,4.96345043182,-116.77596283,-6.11769485474,-12.2785549164,0.530073583126,0
1536693235612046264,58.435193056,carbonZ_2018-09-11-15-05-11_2_no_failure,normal,3.0,131.546401978,-1.97991681099,271,28.842874527,4.96345043182,-116.77596283,-5.80960035324,-12.3384819031,0.525776147842,0
1536693235654193272,58.477340064,carbonZ_2018-09-11-15-05-11_2_no_failure,normal,3.0,131.546401978,-1.97991681099,271,28.842874527,4.96345043182,-116.77596283,-5.73771333694,-12.3508548737,0.532691538334,0
1536693235725870232,58.549017024,carbonZ_2018-09-11-15-05-11_2_no_failure,normal,3.04999995232,131.546401978,-1.45369458199,270,28.842874527,4.96345043182,-116.77596283,-5.46643877029,-12.3900527954,0.547098577023,0
1536693235806624984,58.629771776,carbonZ_2018-09-11-15-05-11_2_no_failure,normal,3.04999995232,131.546401978,-1.45369458199,270,24.7650680542,5.54833316803,-109.714271545,-5.19907712936,-12.4164533615,0.566961169243,0
1536693235884871192,58.708017984,carbonZ_2018-09-11-15-05-11_2_no_failure,normal,3.08999991417,141.987792969,-1.2063164711,269,24.7650680542,5.54833316803,-109.714271545,-4.95034885406,-12.4418935776,0.584959626198,0
1536693235918678328,58.74182512,carbonZ_2018-09-11-15-05-11_2_no_failure,normal,3.13999986649,140.987869263,-0.724179327488,268,24.7650680542,5.54833316803,-109.714271545,-4.82676124573,-12.4543895721,0.59069865942,0
1536693235969405656,58.792552448,carbonZ_2018-09-11-15-05-11_2_no_failure,normal,3.13999986649,140.987869263,-0.724179327488,268,24.7650680542,5.54833316803,-109.714271545,-4.69990110397,-12.4620838165,0.594376206398,0
1536693236017839192,58.840985984,carbonZ_2018-09-11-15-05-11_2_no_failure,normal,3.1899998188,142.506408691,-0.286694377661,267,24.7650680542,5.54833316803,-109.714271545,-4.52310800552,-12.4727163315,0.636315464973,0
1536693236035357432,58.858504224,carbonZ_2018-09-11-15-05-11_2_no_failure,normal,3.1899998188,142.506408691,-0.286694377661,267,24.7650680542,5.54833316803,-109.714271545,-4.46536827087,-12.4754600525,0.638784170151,0
1536693236078350264,58.901497056,carbonZ_2018-09-11-15-05-11_2_no_failure,normal,3.1899998188,142.506408691,-0.286694377661,267,24.7650680542,5.54833316803,-109.714271545,-4.29663848877,-12.4809026718,0.679886043072,0
1536693236135315864,58.958462656,carbonZ_2018-09-11-15-05-11_2_no_failure,normal,3.25,142.506408691,-0.214974060655,266,21.5740451813,4.40990924835,-101.67339325,-4.18190431595,-12.4814081192,0.696895182133,0
1536693236220317304,59.043464096,carbonZ_2018-09-11-15-05-11_2_no_failure,normal,3.30999994278,160.017105103,0.184008926153,265,21.5740451813,4.40990924835,-101.67339325,-4.02293491364,-12.4755754471,0.735477209091,0
1536693236308942296,59.132089088,carbonZ_2018-09-11-15-05-11_2_no_failure,normal,3.30999994278,160.017105103,0.184008926153,265,21.5740451813,4.40990924835,-101.67339325,-3.75813794136,-12.4702091217,0.826389849186,0
1536693236355097080,59.178243872,carbonZ_2018-09-11-15-05-11_2_no_failure,normal,3.37999987602,160.017105103,0.541502714157,264,21.5740451813,4.40990924835,-101.67339325,-3.61158895493,-12.4648761749,0.876627862453,0
1536693236395543192,59.218689984,carbonZ_2018-09-11-15-05-11_2_no_failure,normal,3.37999987602,160.017105103,0.541502714157,264,21.5740451813,4.40990924835,-101.67339325,-3.51829338074,-12.4612312317,0.906700313091,0
1536693236488351800,59.311498592,carbonZ_2018-09-11-15-05-11_2_no_failure,normal,3.46000003815,166.738311768,0.897403180599,263,21.5740451813,4.40990924835,-101.67339325,-3.30890822411,-12.455499649,0.971605241299,0
1536693236508816632,59.331963424,carbonZ_2018-09-11-15-05-11_2_no_failure,normal,3.46000003815,166.738311768,0.897403180599,263,21.5740451813,4.40990924835,-101.67339325,-3.26228833199,-12.4535837173,0.983450353146,0
1536693236565093400,59.388240192,carbonZ_2018-09-11-15-05-11_2_no_failure,normal,3.54999995232,166.738311768,1.22450733185,262,18.7944545746,2.45735263824,-92.906463623,-3.1111676693,-12.4452667236,1.03587687016,0
1536693236595467064,59.418613856,carbonZ_2018-09-11-15-05-11_2_no_failure,normal,3.54999995232,166.738311768,1.22450733185,262,18.7944545746,2.45735263824,-92.906463623,-3.00678181648,-12.441072464,1.06488037109,0
1536693236642276760,59.465423552,carbonZ_2018-09-11-15-05-11_2_no_failure,normal,3.65999984741,204.099853516,1.53620004654,260,18.7944545746,2.45735263824,-92.906463623,-2.91186118126,-12.438990593,1.09450185299,0
1536693236733274072,59.556420864,carbonZ_2018-09-11-15-05-11_2_no_failure,normal,3.76999998093,204.099853516,1.80336534977,259,18.7944545746,2.45735263824,-92.906463623,-2.72092938423,-12.4367055893,1.17886209488,0
1536693236762434712,59.585581504,carbonZ_2018-09-11-15-05-11_2_no_failure,normal,3.76999998093,204.099853516,1.80336534977,259,18.7944545746,2.45735263824,-92.906463623,-2.62806630135,-12.4300832748,1.23393058777,0
1536693236835969880,59.659116672,carbonZ_2018-09-11-15-05-11_2_no_failure,normal,3.88999986649,212.078384399,2.07053041458,258,17.7050037384,1.39841985703,-87.9546585083,-2.45091223717,-12.4248828888,1.34515345097,0
1536693236903722296,59.726869088,carbonZ_2018-09-11-15-05-11_2_no_failure,normal,3.88999986649,212.078384399,2.07053041458,258,17.7050037384,1.39841985703,-87.9546585083,-2.305113554,-12.4241867065,1.41143023968,0
1536693236947483704,59.770630496,carbonZ_2018-09-11-15-05-11_2_no_failure,normal,4.02999973297,212.078384399,2.30430006981,257,17.7050037384,1.39841985703,-87.9546585083,-2.21780657768,-12.4229450226,1.45816755295,0
1536693236989391192,59.812537984,carbonZ_2018-09-11-15-05-11_2_no_failure,normal,4.02999973297,212.078384399,2.30430006981,257,17.7050037384,1.39841985703,-87.9546585083,-2.0413749218,-12.4265213013,1.55925500393,0
1536693237054183032,59.877329824,carbonZ_2018-09-11-15-05-11_2_no_failure,normal,4.19000005722,209.459503174,2.5158059597,256,17.7050037384,1.39841985703,-87.9546585083,-1.94733679295,-12.4323425293,1.6025633812,0
1536693237144309336,59.967456128,carbonZ_2018-09-11-15-05-11_2_no_failure,normal,4.34999990463,209.459503174,2.70504784584,255,17.7050037384,1.39841985703,-87.9546585083,-1.77073156834,-12.4471311569,1.67482721806,0
1536693237203771448,60.02691824,carbonZ_2018-09-11-15-05-11_2_no_failure,normal,4.34999990463,209.459503174,2.70504784584,255,16.1574840546,0.0593081340194,-82.7292861938,-1.63106262684,-12.4543895721,1.72585260868,0
1536693237259676824,60.082823616,carbonZ_2018-09-11-15-05-11_2_no_failure,normal,4.52999973297,215.269561768,2.8608944416,254,16.1574840546,0.0593081340194,-82.7292861938,-1.49920916557,-12.4646539688,1.75597333908,0
1536693237389502200,60.212648992,carbonZ_2018-09-11-15-05-11_2_no_failure,normal,4.71999979019,215.269561768,3.00560879707,253,16.1574840546,0.0593081340194,-82.7292861938,-1.23444437981,-12.4826231003,1.79337739944,0
1536693237413616472,60.236763264,carbonZ_2018-09-11-15-05-11_2_no_failure,normal,4.90999984741,219.51675415,3.11692762375,252,16.1574840546,0.0593081340194,-82.7292861938,-1.18981802464,-12.4871253967,1.79647028446,0
1536693237465914872,60.289061664,carbonZ_2018-09-11-15-05-11_2_no_failure,normal,4.90999984741,219.51675415,3.11692762375,252,16.1574840546,0.0593081340194,-82.7292861938,-1.06643593311,-12.4978847504,1.83890390396,0
1536693237502429112,60.325575904,carbonZ_2018-09-11-15-05-11_2_no_failure,normal,4.90999984741,219.51675415,3.11692762375,252,12.7028102875,-1.38763546944,-80.1131973267,-1.0040525198,-12.5136995316,1.88213133812,0
1536693237544184664,60.367331456,carbonZ_2018-09-11-15-05-11_2_no_failure,normal,5.10999965668,219.51675415,3.21711468697,251,12.7028102875,-1.38763546944,-80.1131973267,-0.93286973238,-12.528470993,1.91634619236,0
1536693237626822296,60.449969088,carbonZ_2018-09-11-15-05-11_2_no_failure,normal,5.30999994278,208.905502319,3.30616974831,249,12.7028102875,-1.38763546944,-80.1131973267,-0.806263029575,-12.5610837936,2.02379822731,0
1536693237636633688,60.45978048,carbonZ_2018-09-11-15-05-11_2_no_failure,normal,5.30999994278,208.905502319,3.30616974831,249,12.7028102875,-1.38763546944,-80.1131973267,-0.777629494667,-12.5711393356,2.04439234734,0
1536693237691506552,60.514653344,carbonZ_2018-09-11-15-05-11_2_no_failure,normal,5.30999994278,208.905502319,3.30616974831,249,12.7028102875,-1.38763546944,-80.1131973267,-0.662612617016,-12.6103458405,2.18389058113,0
1536693237744267352,60.567414144,carbonZ_2018-09-11-15-05-11_2_no_failure,normal,5.52999973297,208.905502319,3.37296104431,248,12.7028102875,-1.38763546944,-80.1131973267,-0.634823322296,-12.6195955276,2.23146510124,0
1536693237809675608,60.6328224,carbonZ_2018-09-11-15-05-11_2_no_failure,normal,5.75999975204,199.793426514,3.41748857498,247,12.7028102875,-1.38763546944,-80.1131973267,-0.511982738972,-12.6664581299,2.36721038818,0
1536693237866984344,60.690131136,carbonZ_2018-09-11-15-05-11_2_no_failure,normal,5.75999975204,199.793426514,3.41748857498,247,12.7028102875,-1.38763546944,-80.1131973267,-0.454701423645,-12.6960582733,2.43275666237,0
1536693237926907480,60.750054272,carbonZ_2018-09-11-15-05-11_2_no_failure,normal,6.00999975204,199.793426514,3.46201610565,246,10.1277074814,-6.35565423965,-78.0514678955,-0.356215804815,-12.7434549332,2.49948811531,0
1536693237958943896,60.782090688,carbonZ_2018-09-11-15-05-11_2_no_failure,normal,6.00999975204,199.793426514,3.46201610565,246,10.1277074814,-6.35565423965,-78.0514678955,-0.291076630354,-12.7724723816,2.54996967316,0
1536693238007207128,60.83035392,carbonZ_2018-09-11-15-05-11_2_no_failure,normal,6.26999998093,183.34236145,3.48427987099,245,10.1277074814,-6.35565423965,-78.0514678955,-0.164807975292,-12.8361129761,2.62209248543,0
1536693238056256760,60.879403552,carbonZ_2018-09-11-15-05-11_2_no_failure,normal,6.26999998093,183.34236145,3.48427987099,245,10.1277074814,-6.35565423965,-78.0514678955,-0.164807975292,-12.8361129761,2.62209248543,0
1536693238123204664,60.946351456,carbonZ_2018-09-11-15-05-11_2_no_failure,normal,6.53999996185,183.34236145,3.49541163445,244,10.1277074814,-6.35565423965,-78.0514678955,-0.0266444701701,-12.9034891129,2.62546396255,0
1536693238138818072,60.961964864,carbonZ_2018-09-11-15-05-11_2_no_failure,normal,6.53999996185,183.34236145,3.49541163445,244,10.1277074814,-6.35565423965,-78.0514678955,-0.0266444701701,-12.9034891129,2.62546396255,0
1536693238212654776,61.035801568,carbonZ_2018-09-11-15-05-11_2_no_failure,normal,6.80999994278,176.480957031,3.48427987099,242,10.1277074814,-6.35565423965,-78.0514678955,0.125519141555,-12.9598531723,2.55453395844,0
1536693238237550936,61.060697728,carbonZ_2018-09-11-15-05-11_2_no_failure,normal,6.80999994278,176.480957031,3.48427987099,242,10.1277074814,-6.35565423965,-78.0514678955,0.229645416141,-12.9923686981,2.48400592804,0
1536693238369544344,61.192691136,carbonZ_2018-09-11-15-05-11_2_no_failure,normal,7.06999969482,176.480957031,3.45088410378,241,10.2417554855,-1.28250288963,-77.0238952637,0.39107838273,-13.0155649185,2.34398388863,0
1536693238412080792,61.235227584,carbonZ_2018-09-11-15-05-11_2_no_failure,normal,7.30999994278,160.810470581,3.4063565731,240,10.2417554855,-1.28250288963,-77.0238952637,0.482470989227,-13.0173530579,2.23294687271,0
1536693238455668408,61.2788152,carbonZ_2018-09-11-15-05-11_2_no_failure,normal,7.30999994278,160.810470581,3.4063565731,240,10.2417554855,-1.28250288963,-77.0238952637,0.507959187031,-13.0152006149,2.17625880241,0
1536693238508301848,61.33144864,carbonZ_2018-09-11-15-05-11_2_no_failure,normal,7.52999973297,160.810470581,3.35069727898,239,10.2417554855,-1.28250288963,-77.0238952637,0.564747273922,-13.0004234314,2.06704688072,0
1536693238543927480,61.367074272,carbonZ_2018-09-11-15-05-11_2_no_failure,normal,7.52999973297,160.810470581,3.35069727898,239,10.2417554855,-1.28250288963,-77.0238952637,0.605312764645,-12.9620218277,1.97641825676,0
1536693238596895608,61.4200424,carbonZ_2018-09-11-15-05-11_2_no_failure,normal,7.52999973297,160.810470581,3.35069727898,239,10.2417554855,-1.28250288963,-77.0238952637,0.618020474911,-12.9323348999,1.94374203682,0
1536693238656838808,61.4799856,carbonZ_2018-09-11-15-05-11_2_no_failure,normal,7.73999977112,148.084350586,3.28390598297,237,10.2417554855,-1.28250288963,-77.0238952637,0.616726219654,-12.9179801941,1.90709900856,0
1536693238697816024,61.520962816,carbonZ_2018-09-11-15-05-11_2_no_failure,normal,7.73999977112,148.084350586,3.28390598297,237,10.2417554855,-1.28250288963,-77.0238952637,0.610964775085,-12.9061880112,1.8925447464,0
1536693238751151064,61.574297856,carbonZ_2018-09-11-15-05-11_2_no_failure,normal,7.94000005722,148.084350586,3.22824645042,236,10.2417554855,-1.28250288963,-77.0238952637,0.610579073429,-12.8915901184,1.85864531994,0
1536693238816195000,61.639341792,carbonZ_2018-09-11-15-05-11_2_no_failure,normal,8.11999988556,153.340911865,3.1725871563,235,2.63176321983,3.64394783974,-76.3630828857,0.619808971882,-12.8670482635,1.77400517464,0
1536693238850626968,61.67377376,carbonZ_2018-09-11-15-05-11_2_no_failure,normal,8.11999988556,153.340911865,3.1725871563,235,2.63176321983,3.64394783974,-76.3630828857,0.613271713257,-12.8628120422,1.75404703617,0
1536693238884819896,61.707966688,carbonZ_2018-09-11-15-05-11_2_no_failure,normal,8.11999988556,153.340911865,3.1725871563,235,2.63176321983,3.64394783974,-76.3630828857,0.61572766304,-12.8520584106,1.73960328102,0
1536693238967060248,61.79020704,carbonZ_2018-09-11-15-05-11_2_no_failure,normal,8.30000019073,153.340911865,3.10579586029,234,2.63176321983,3.64394783974,-76.3630828857,0.6196616292,-12.8310852051,1.75982785225,0
1536693238993622392,61.816769184,carbonZ_2018-09-11-15-05-11_2_no_failure,normal,8.30000019073,153.340911865,3.10579586029,234,2.63176321983,3.64394783974,-76.3630828857,0.618906855583,-12.8318443298,1.75949108601,0
1536693239011369400,61.834516192,carbonZ_2018-09-11-15-05-11_2_no_failure,normal,8.47999954224,156.820098877,3.05013632774,233,2.63176321983,3.64394783974,-76.3630828857,0.624019682407,-12.8357143402,1.73590636253,0
1536693239074060152,61.897206944,carbonZ_2018-09-11-15-05-11_2_no_failure,normal,8.47999954224,156.820098877,3.05013632774,233,2.63176321983,3.64394783974,-76.3630828857,0.631310284138,-12.8493528366,1.68898952007,0
1536693239127958616,61.951105408,carbonZ_2018-09-11-15-05-11_2_no_failure,normal,8.64999961853,156.820098877,2.99447703362,231,2.8353407383,0.462356209755,-75.6105117798,0.641094386578,-12.8525333405,1.70013999939,0
1536693239185981848,62.00912864,carbonZ_2018-09-11-15-05-11_2_no_failure,normal,8.64999961853,156.820098877,2.99447703362,231,2.8353407383,0.462356209755,-75.6105117798,0.642504692078,-12.853304863,1.71287715435,0
1536693239205689752,62.028836544,carbonZ_2018-09-11-15-05-11_2_no_failure,normal,8.82999992371,159.040359497,2.93881750107,230,2.8353407383,0.462356209755,-75.6105117798,0.629777431488,-12.8594341278,1.73750078678,0
1536693239271383672,62.094530464,carbonZ_2018-09-11-15-05-11_2_no_failure,normal,8.82999992371,159.040359497,2.93881750107,230,2.8353407383,0.462356209755,-75.6105117798,0.634067356586,-12.8751688004,1.78894221783,0
1536693239344895096,62.168041888,carbonZ_2018-09-11-15-05-11_2_no_failure,normal,9.01000022888,159.040359497,2.87202620506,229,2.8353407383,0.462356209755,-75.6105117798,0.622889697552,-12.8923015594,1.83053612709,0
1536693239378295608,62.2014424,carbonZ_2018-09-11-15-05-11_2_no_failure,normal,9.01000022888,159.040359497,2.87202620506,229,2.8353407383,0.462356209755,-75.6105117798,0.625729858875,-12.902387619,1.8213917017,0
1536693239413189272,62.236336064,carbonZ_2018-09-11-15-05-11_2_no_failure,normal,9.18999958038,150.995925903,2.81636667252,228,2.8353407383,0.462356209755,-75.6105117798,0.62477427721,-12.9212036133,1.78902804852,0
1536693239478562872,62.301709664,carbonZ_2018-09-11-15-05-11_2_no_failure,normal,9.18999958038,150.995925903,2.81636667252,228,2.8353407383,0.462356209755,-75.6105117798,0.615474104881,-12.9588422775,1.71269750595,0
1536693239533117496,62.356264288,carbonZ_2018-09-11-15-05-11_2_no_failure,normal,9.36999988556,150.995925903,2.76070737839,227,-0.179102450609,-1.02562737465,-76.0296096802,0.607760846615,-12.9784317017,1.64644181728,0
1536693239605763448,62.42891024,carbonZ_2018-09-11-15-05-11_2_no_failure,normal,9.36999988556,150.995925903,2.76070737839,227,-0.179102450609,-1.02562737465,-76.0296096802,0.581861674786,-13.0031118393,1.51052379608,0
1536693239621141464,62.444288256,carbonZ_2018-09-11-15-05-11_2_no_failure,normal,9.52999973297,160.343078613,2.70504784584,225,-0.179102450609,-1.02562737465,-76.0296096802,0.574866473675,-13.0061998367,1.47044909,0
1536693239705296568,62.52844336,carbonZ_2018-09-11-15-05-11_2_no_failure,normal,9.52999973297,160.343078613,2.70504784584,225,-0.179102450609,-1.02562737465,-76.0296096802,0.536053538322,-13.0118551254,1.32115745544,0
1536693239722446008,62.5455928,carbonZ_2018-09-11-15-05-11_2_no_failure,normal,9.67000007629,160.343078613,2.64938855171,224,-0.179102450609,-1.02562737465,-76.0296096802,0.522902131081,-13.0106525421,1.28175032139,0
1536693239799422552,62.622569344,carbonZ_2018-09-11-15-05-11_2_no_failure,normal,9.67000007629,160.343078613,2.64938855171,224,-0.179102450609,-1.02562737465,-76.0296096802,0.463134944439,-12.9851961136,1.19003367424,0
1536693239835740440,62.658887232,carbonZ_2018-09-11-15-05-11_2_no_failure,normal,9.80000019073,154.279327393,2.60486102104,223,-0.179102450609,-1.02562737465,-76.0296096802,0.423596948385,-12.9755678177,1.14266633987,0
1536693239892846552,62.715993344,carbonZ_2018-09-11-15-05-11_2_no_failure,normal,9.80000019073,154.279327393,2.60486102104,223,-0.179102450609,-1.02562737465,-76.0296096802,0.401678472757,-12.9566926956,1.11553263664,0
1536693239926734136,62.749880928,carbonZ_2018-09-11-15-05-11_2_no_failure,normal,9.90999984741,154.279327393,2.57146525383,222,-0.179102450609,-1.02562737465,-76.0296096802,0.369673460722,-12.9386816025,1.11539280415,0
1536693239988333464,62.811480256,carbonZ_2018-09-11-15-05-11_2_no_failure,normal,9.90999984741,154.279327393,2.57146525383,222,-2.15370607376,4.66895103455,-77.3847503662,0.325389832258,-12.9125814438,1.12319469452,0
1536693240010071320,62.833218112,carbonZ_2018-09-11-15-05-11_2_no_failure,normal,10.0199995041,147.65272522,2.53806972504,221,-2.15370607376,4.66895103455,-77.3847503662,0.325389832258,-12.9125814438,1.12319469452,0
1536693240058048088,62.88119488,carbonZ_2018-09-11-15-05-11_2_no_failure,normal,10.0199995041,147.65272522,2.53806972504,221,-2.15370607376,4.66895103455,-77.3847503662,0.275356322527,-12.8820447922,1.13061118126,0
1536693240119544152,62.942690944,carbonZ_2018-09-11-15-05-11_2_no_failure,normal,10.1399993896,147.65272522,2.52693772316,219,-2.15370607376,4.66895103455,-77.3847503662,0.252403050661,-12.8560695648,1.17046391964,0
1536693240155885208,62.979032,carbonZ_2018-09-11-15-05-11_2_no_failure,normal,10.1399993896,147.65272522,2.52693772316,219,-2.15370607376,4.66895103455,-77.3847503662,0.216937512159,-12.8316354752,1.2222789526,0
1536693240236770808,63.0599176,carbonZ_2018-09-11-15-05-11_2_no_failure,normal,10.2600002289,173.070526123,2.50467395782,218,-2.15370607376,4.66895103455,-77.3847503662,0.194550067186,-12.81183815,1.26112413406,0
1536693240304779256,63.127926048,carbonZ_2018-09-11-15-05-11_2_no_failure,normal,10.2600002289,173.070526123,2.50467395782,218,0.695504844189,2.90441703796,-78.1691970825,0.174950242043,-12.7964935303,1.2879639864,0
1536693240368794424,63.191941216,carbonZ_2018-09-11-15-05-11_2_no_failure,normal,10.3899993896,173.070526123,2.50467395782,217,0.695504844189,2.90441703796,-78.1691970825,0.160016313195,-12.7740392685,1.31616842747,0
1536693240394438104,63.217584896,carbonZ_2018-09-11-15-05-11_2_no_failure,normal,10.3899993896,173.070526123,2.50467395782,217,0.695504844189,2.90441703796,-78.1691970825,0.145227178931,-12.768116951,1.33407056332,0
1536693240432587064,63.255733856,carbonZ_2018-09-11-15-05-11_2_no_failure,normal,10.529999733,171.088027954,2.49354219437,216,0.695504844189,2.90441703796,-78.1691970825,0.133200705051,-12.7636384964,1.34120976925,0
1536693240476365688,63.29951248,carbonZ_2018-09-11-15-05-11_2_no_failure,normal,10.529999733,171.088027954,2.49354219437,216,0.695504844189,2.90441703796,-78.1691970825,0.110274925828,-12.7622175217,1.33171796799,0
1536693240533678712,63.356825504,carbonZ_2018-09-11-15-05-11_2_no_failure,normal,10.6700000763,171.088027954,2.49354219437,215,0.695504844189,2.90441703796,-78.1691970825,0.0952827855945,-12.7492589951,1.30827367306,0
1536693240605356024,63.428502816,carbonZ_2018-09-11-15-05-11_2_no_failure,normal,10.6700000763,171.088027954,2.49354219437,215,0.695504844189,2.90441703796,-78.1691970825,0.0775171816349,-12.7409057617,1.2974666357,0
1536693240636877208,63.460024,carbonZ_2018-09-11-15-05-11_2_no_failure,normal,10.8099994659,174.036026001,2.48241019249,214,0.193832397461,4.47360181808,-80.2717056274,0.0526325628161,-12.7205066681,1.25254356861,0
1536693240735896760,63.559043552,carbonZ_2018-09-11-15-05-11_2_no_failure,normal,10.9399995804,174.036026001,2.48241019249,212,0.193832397461,4.47360181808,-80.2717056274,-0.0184223521501,-12.6716442108,1.20895183086,0
1536693240814257240,63.637404032,carbonZ_2018-09-11-15-05-11_2_no_failure,normal,11.0799999237,285.649597168,2.49354219437,211,0.193832397461,4.47360181808,-80.2717056274,-0.053157042712,-12.6513586044,1.20350265503,0
1536693240886429112,63.709575904,carbonZ_2018-09-11-15-05-11_2_no_failure,normal,11.0799999237,285.649597168,2.49354219437,211,0.193832397461,4.47360181808,-80.2717056274,-0.133390307426,-12.6191444397,1.21702408791,0
1536693240915697656,63.738844448,carbonZ_2018-09-11-15-05-11_2_no_failure,normal,11.2100000381,285.649597168,2.5158059597,210,0.193832397461,4.47360181808,-80.2717056274,-0.133390307426,-12.6191444397,1.21702408791,0
1536693240956887928,63.78003472,carbonZ_2018-09-11-15-05-11_2_no_failure,normal,11.2100000381,285.649597168,2.5158059597,210,0.193832397461,4.47360181808,-80.2717056274,-0.181203454733,-12.5964384079,1.26993429661,0
1536693241009930104,63.833076896,carbonZ_2018-09-11-15-05-11_2_no_failure,normal,11.3400001526,297.24331665,2.54920148849,209,0.193832397461,4.47360181808,-80.2717056274,-0.251948267221,-12.5857486725,1.32499754429,0
1536693241044988120,63.868134912,carbonZ_2018-09-11-15-05-11_2_no_failure,normal,11.3400001526,297.24331665,2.54920148849,209,-3.47181892395,2.78239703178,-81.7856445312,-0.283310055733,-12.5790538788,1.37691903114,0
1536693241101823832,63.924970624,carbonZ_2018-09-11-15-05-11_2_no_failure,normal,11.3400001526,297.24331665,2.54920148849,209,-3.47181892395,2.78239703178,-81.7856445312,-0.334221363068,-12.578042984,1.4590587616,0
1536693241146350264,63.969497056,carbonZ_2018-09-11-15-05-11_2_no_failure,normal,11.4899997711,297.24331665,2.59372901917,208,-3.47181892395,2.78239703178,-81.7856445312,-0.361605405807,-12.5792818069,1.52298843861,0
1536693241214422520,64.037569312,carbonZ_2018-09-11-15-05-11_2_no_failure,normal,11.6599998474,296.169189453,2.63825654984,207,-3.47181892395,2.78239703178,-81.7856445312,-0.400632470846,-12.5841798782,1.62790727615,0
1536693241244142968,64.06728976,carbonZ_2018-09-11-15-05-11_2_no_failure,normal,11.6599998474,296.169189453,2.63825654984,207,-3.47181892395,2.78239703178,-81.7856445312,-0.4226796031,-12.5928649902,1.68337440491,0
1536693241350329624,64.173476416,carbonZ_2018-09-11-15-05-11_2_no_failure,normal,11.8400001526,296.169189453,2.69391608238,206,-3.47181892395,2.78239703178,-81.7856445312,-0.487212777138,-12.6467571259,1.88865768909,0
1536693241448338840,64.271485632,carbonZ_2018-09-11-15-05-11_2_no_failure,normal,12.029999733,294.215118408,2.74957537651,205,-3.47181892395,2.78239703178,-81.7856445312,-0.493108332157,-12.672621727,1.93589830399,0
1536693241492343800,64.315490592,carbonZ_2018-09-11-15-05-11_2_no_failure,normal,12.029999733,294.215118408,2.74957537651,205,0.548767745495,-1.41540193558,-82.3586883545,-0.492549300194,-12.6872005463,1.96512007713,0
1536693241564553272,64.387700064,carbonZ_2018-09-11-15-05-11_2_no_failure,normal,12.2399997711,294.215118408,2.80523490906,203,0.548767745495,-1.41540193558,-82.3586883545,-0.491843760014,-12.7112159729,1.98984766006,0
1536693241598283032,64.421429824,carbonZ_2018-09-11-15-05-11_2_no_failure,normal,12.2399997711,294.215118408,2.80523490906,203,0.548767745495,-1.41540193558,-82.3586883545,-0.494843274355,-12.7255716324,1.99062848091,0
1536693241632930936,64.456077728,carbonZ_2018-09-11-15-05-11_2_no_failure,normal,12.4499998093,292.387573242,2.87202620506,202,0.548767745495,-1.41540193558,-82.3586883545,-0.495607018471,-12.7420864105,1.99038791656,0
1536693241691480984,64.514627776,carbonZ_2018-09-11-15-05-11_2_no_failure,normal,12.4499998093,292.387573242,2.87202620506,202,0.548767745495,-1.41540193558,-82.3586883545,-0.480673313141,-12.7642736435,1.96574056149,0
1536693241737964216,64.561111008,carbonZ_2018-09-11-15-05-11_2_no_failure,normal,12.6599998474,292.387573242,2.92768573761,201,0.548767745495,-1.41540193558,-82.3586883545,-0.483323007822,-12.7664232254,1.96667432785,0
1536693241796959800,64.620106592,carbonZ_2018-09-11-15-05-11_2_no_failure,normal,12.6599998474,292.387573242,2.92768573761,201,0.548767745495,-1.41540193558,-82.3586883545,-0.478490263224,-12.7758684158,1.95167398453,0
1536693241841715288,64.66486208,carbonZ_2018-09-11-15-05-11_2_no_failure,normal,12.8699998856,285.406494141,2.97221326828,200,2.99671173096,1.16837930679,-84.9536590576,-0.469368189573,-12.7802972794,1.91390931606,0
1536693241942062648,64.76520944,carbonZ_2018-09-11-15-05-11_2_no_failure,normal,13.0699996948,285.406494141,3.02787256241,199,2.99671173096,1.16837930679,-84.9536590576,-0.463523954153,-12.7866477966,1.88853371143,0
1536693242013271096,64.836417888,carbonZ_2018-09-11-15-05-11_2_no_failure,normal,13.0699996948,285.406494141,3.02787256241,199,2.99671173096,1.16837930679,-84.9536590576,-0.46992456913,-12.7862176895,1.8862439394,0
1536693242040687672,64.863834464,carbonZ_2018-09-11-15-05-11_2_no_failure,normal,13.2699995041,276.180938721,3.08353209496,198,2.99671173096,1.16837930679,-84.9536590576,-0.465918153524,-12.7847146988,1.87444841862,0
1536693242081262296,64.904409088,carbonZ_2018-09-11-15-05-11_2_no_failure,normal,13.2699995041,276.180938721,3.08353209496,198,2.99671173096,1.16837930679,-84.9536590576,-0.467081218958,-12.7883071899,1.86067163944,0
1536693242131740888,64.95488768,carbonZ_2018-09-11-15-05-11_2_no_failure,normal,13.4699993134,276.180938721,3.12805962563,197,2.99671173096,1.16837930679,-84.9536590576,-0.474199861288,-12.7930030823,1.83734321594,0
1536693242176703384,64.999850176,carbonZ_2018-09-11-15-05-11_2_no_failure,normal,13.4699993134,276.180938721,3.12805962563,197,1.78297626972,1.10078430176,-86.5560379028,-0.484611749649,-12.7883558273,1.82048678398,0
1536693242219553144,65.042699936,carbonZ_2018-09-11-15-05-11_2_no_failure,normal,13.6599998474,277.385131836,3.19485092163,196,1.78297626972,1.10078430176,-86.5560379028,-0.504626572132,-12.7877597809,1.80911004543,0
1536693242291013560,65.114160352,carbonZ_2018-09-11-15-05-11_2_no_failure,normal,13.6599998474,277.385131836,3.19485092163,196,1.78297626972,1.10078430176,-86.5560379028,-0.529902040958,-12.787563324,1.78389322758,0
1536693242323867736,65.147014528,carbonZ_2018-09-11-15-05-11_2_no_failure,normal,13.8499994278,277.385131836,3.25051021576,194,1.78297626972,1.10078430176,-86.5560379028,-0.556130051613,-12.7874078751,1.77016055584,0
1536693242389258072,65.212404864,carbonZ_2018-09-11-15-05-11_2_no_failure,normal,13.8499994278,277.385131836,3.25051021576,194,1.78297626972,1.10078430176,-86.5560379028,-0.66527235508,-12.7789945602,1.72245240211,0
1536693242488892504,65.312039296,carbonZ_2018-09-11-15-05-11_2_no_failure,normal,14.029999733,320.291412354,3.31730151176,193,1.78297626972,1.10078430176,-86.5560379028,-0.7517131567,-12.7617406845,1.68245339394,0
1536693242549040152,65.372186944,carbonZ_2018-09-11-15-05-11_2_no_failure,normal,14.2100000381,320.291412354,3.39522480965,192,-2.10007500648,2.84415102005,-89.0416488647,-0.80415391922,-12.7460403442,1.63654565811,0
1536693242578115736,65.401262528,carbonZ_2018-09-11-15-05-11_2_no_failure,normal,14.2100000381,320.291412354,3.39522480965,192,-2.10007500648,2.84415102005,-89.0416488647,-0.857239603996,-12.7205972672,1.58517920971,0
1536693242603069400,65.426216192,carbonZ_2018-09-11-15-05-11_2_no_failure,normal,14.2100000381,320.291412354,3.39522480965,192,-2.10007500648,2.84415102005,-89.0416488647,-0.890342414379,-12.7073564529,1.55390393734,0
1536693242644640344,65.467787136,carbonZ_2018-09-11-15-05-11_2_no_failure,normal,14.3800001144,328.357116699,3.49541163445,191,-2.10007500648,2.84415102005,-89.0416488647,-0.940658211708,-12.6749401093,1.48182868958,0
1536693242719997688,65.54314448,carbonZ_2018-09-11-15-05-11_2_no_failure,normal,14.529999733,328.357116699,3.60673069954,190,-2.10007500648,2.84415102005,-89.0416488647,-1.0363663435,-12.5930261612,1.30604028702,0
1536693242742592120,65.565738912,carbonZ_2018-09-11-15-05-11_2_no_failure,normal,14.529999733,328.357116699,3.60673069954,190,-2.10007500648,2.84415102005,-89.0416488647,-1.05395376682,-12.5667829514,1.25658380985,0
1536693242807123896,65.630270688,carbonZ_2018-09-11-15-05-11_2_no_failure,normal,14.529999733,328.357116699,3.60673069954,190,-2.10007500648,2.84415102005,-89.0416488647,-1.12021267414,-12.4681720734,1.06849360466,0
1536693242849784984,65.672931776,carbonZ_2018-09-11-15-05-11_2_no_failure,normal,14.6599998474,333.424194336,3.74031329155,189,-2.10007500648,2.84415102005,-89.0416488647,-1.15757322311,-12.385848999,0.954315125942,0
1536693242878055576,65.701202368,carbonZ_2018-09-11-15-05-11_2_no_failure,normal,14.6599998474,333.424194336,3.74031329155,189,-0.721303343773,11.9016551971,-88.8342132568,-1.17812609673,-12.3068265915,0.880716443062,0
1536693242944660184,65.767806976,carbonZ_2018-09-11-15-05-11_2_no_failure,normal,14.7599992752,333.424194336,3.87389588356,188,-0.721303343773,11.9016551971,-88.8342132568,-1.21770465374,-12.1820211411,0.773421168327,0
1536693242972716888,65.79586368,carbonZ_2018-09-11-15-05-11_2_no_failure,normal,14.7599992752,333.424194336,3.87389588356,188,-0.721303343773,11.9016551971,-88.8342132568,-1.2480481863,-12.1041984558,0.751815259457,0
1536693243046864280,65.870011072,carbonZ_2018-09-11-15-05-11_2_no_failure,normal,14.8399991989,411.940856934,4.01861047745,187,-0.721303343773,11.9016551971,-88.8342132568,-1.26226973534,-12.0036077499,0.761059999466,0
1536693243068283224,65.891430016,carbonZ_2018-09-11-15-05-11_2_no_failure,normal,14.8399991989,411.940856934,4.01861047745,187,-0.721303343773,11.9016551971,-88.8342132568,-1.26226973534,-12.0036077499,0.761059999466,0
1536693243144193496,65.967340288,carbonZ_2018-09-11-15-05-11_2_no_failure,normal,14.9299993515,411.940856934,4.16332483292,186,-0.721303343773,11.9016551971,-88.8342132568,-1.2933204174,-11.8621025085,0.831544041634,0
1536693243171795768,65.99494256,carbonZ_2018-09-11-15-05-11_2_no_failure,normal,14.9299993515,411.940856934,4.16332483292,186,-0.721303343773,11.9016551971,-88.8342132568,-1.29697668552,-11.8201608658,0.918385446072,0
1536693243220174296,66.043321088,carbonZ_2018-09-11-15-05-11_2_no_failure,normal,15.0199995041,438.635437012,4.30803918839,185,-0.721303343773,11.9016551971,-88.8342132568,-1.29558396339,-11.7828760147,0.984471261501,0
1536693243297961336,66.121108128,carbonZ_2018-09-11-15-05-11_2_no_failure,normal,15.0199995041,438.635437012,4.30803918839,185,-0.721303343773,11.9016551971,-88.8342132568,-1.3058989048,-11.728758812,1.17935144901,0
1536693243321912184,66.145058976,carbonZ_2018-09-11-15-05-11_2_no_failure,normal,15.1199998856,438.635437012,4.45275402069,184,-0.721303343773,11.9016551971,-88.8342132568,-1.29899466038,-11.7033462524,1.27030932903,0
1536693243375063544,66.198210336,carbonZ_2018-09-11-15-05-11_2_no_failure,normal,15.1199998856,438.635437012,4.45275402069,184,6.30690383911,4.40573215485,-87.5068130493,-1.2793097496,-11.6815052032,1.36879050732,0
1536693243414719032,66.237865824,carbonZ_2018-09-11-15-05-11_2_no_failure,normal,15.2599992752,462.652404785,4.59746837616,183,6.30690383911,4.40573215485,-87.5068130493,-1.25107061863,-11.6575679779,1.5018838644,0
1536693243472799672,66.295946464,carbonZ_2018-09-11-15-05-11_2_no_failure,normal,15.2599992752,462.652404785,4.59746837616,183,6.30690383911,4.40573215485,-87.5068130493,-1.21391165257,-11.6469335556,1.54413580894,0
1536693243521401464,66.344548256,carbonZ_2018-09-11-15-05-11_2_no_failure,normal,15.4200000763,462.652404785,4.73105096817,182,6.30690383911,4.40573215485,-87.5068130493,-1.17537367344,-11.6409416199,1.56975209713,0
1536693243609372728,66.43251952,carbonZ_2018-09-11-15-05-11_2_no_failure,normal,15.4200000763,462.652404785,4.73105096817,182,6.30690383911,4.40573215485,-87.5068130493,-1.07143235207,-11.6222019196,1.60128509998,0
1536693243615971032,66.439117824,carbonZ_2018-09-11-15-05-11_2_no_failure,normal,15.5899991989,475.995544434,4.85350179672,181,6.30690383911,4.40573215485,-87.5068130493,-1.03815233707,-11.6160936356,1.61306655407,0
1536693243673097368,66.49624416,carbonZ_2018-09-11-15-05-11_2_no_failure,normal,15.5899991989,475.995544434,4.85350179672,181,6.30690383911,4.40573215485,-87.5068130493,-0.92201346159,-11.5929727554,1.63477182388,0
1536693243720767416,66.543914208,carbonZ_2018-09-11-15-05-11_2_no_failure,normal,15.7699995041,475.995544434,4.95368862152,180,6.30690383911,4.40573215485,-87.5068130493,-0.92201346159,-11.5929727554,1.63477182388,0
1536693243775627352,66.598774144,carbonZ_2018-09-11-15-05-11_2_no_failure,normal,15.7699995041,475.995544434,4.95368862152,180,14.8383550644,4.79139232635,-87.2493743896,-0.778382301331,-11.5560932159,1.64046382904,0
1536693243810276728,66.63342352,carbonZ_2018-09-11-15-05-11_2_no_failure,normal,15.9399995804,481.548217773,5.0316119194,179,14.8383550644,4.79139232635,-87.2493743896,-0.700899124146,-11.5300960541,1.62933504581,0
1536693243855872312,66.679019104,carbonZ_2018-09-11-15-05-11_2_no_failure,normal,15.9399995804,481.548217773,5.0316119194,179,14.8383550644,4.79139232635,-87.2493743896,-0.640647113323,-11.5009069443,1.61233079433,0
1536693243886306712,66.709453504,carbonZ_2018-09-11-15-05-11_2_no_failure,normal,15.9399995804,481.548217773,5.0316119194,179,14.8383550644,4.79139232635,-87.2493743896,-0.569535195827,-11.4706573486,1.60383915901,0
1536693243957367704,66.780514496,carbonZ_2018-09-11-15-05-11_2_no_failure,normal,16.1199989319,481.548217773,5.09840297699,178,14.8383550644,4.79139232635,-87.2493743896,-0.498314797878,-11.424659729,1.5989304781,0
1536693243996020184,66.819166976,carbonZ_2018-09-11-15-05-11_2_no_failure,normal,16.1199989319,481.548217773,5.09840297699,178,14.8383550644,4.79139232635,-87.2493743896,-0.44277882576,-11.3935127258,1.6344949007,0
1536693244034346232,66.857493024,carbonZ_2018-09-11-15-05-11_2_no_failure,normal,16.2899990082,486.799041748,5.14293050766,177,14.8383550644,4.79139232635,-87.2493743896,-0.402561903,-11.3669319153,1.66026413441,0
1536693244095025528,66.91817232,carbonZ_2018-09-11-15-05-11_2_no_failure,normal,16.2899990082,486.799041748,5.14293050766,177,14.8383550644,4.79139232635,-87.2493743896,-0.357902348042,-11.3386592865,1.72006332874,0
1536693244145273464,66.968420256,carbonZ_2018-09-11-15-05-11_2_no_failure,normal,16.4699993134,486.799041748,5.18745803833,176,14.8383550644,4.79139232635,-87.2493743896,-0.333679497242,-11.321890831,1.75483417511,0
1536693244209588728,67.03273552,carbonZ_2018-09-11-15-05-11_2_no_failure,normal,16.6599998474,498.521697998,5.22085380554,175,7.74699354172,4.28864908218,-82.7004013062,-0.299200862646,-11.3012971878,1.8865673542,0
1536693244246484824,67.069631616,carbonZ_2018-09-11-15-05-11_2_no_failure,normal,16.6599998474,498.521697998,5.22085380554,175,7.74699354172,4.28864908218,-82.7004013062,-0.299200862646,-11.3012971878,1.8865673542,0
1536693244303235672,67.126382464,carbonZ_2018-09-11-15-05-11_2_no_failure,normal,16.6599998474,498.521697998,5.22085380554,175,7.74699354172,4.28864908218,-82.7004013062,-0.259204000235,-11.2956008911,2.04267144203,0
1536693244351119448,67.17426624,carbonZ_2018-09-11-15-05-11_2_no_failure,normal,16.859998703,498.521697998,5.25424957275,174,7.74699354172,4.28864908218,-82.7004013062,-0.233967602253,-11.3003501892,2.10976004601,0
1536693244400866488,67.22401328,carbonZ_2018-09-11-15-05-11_2_no_failure,normal,16.859998703,498.521697998,5.25424957275,174,7.74699354172,4.28864908218,-82.7004013062,-0.199912041426,-11.3085975647,2.24413228035,0
1536693244459955768,67.28310256,carbonZ_2018-09-11-15-05-11_2_no_failure,normal,17.0799999237,493.577484131,5.28764533997,173,7.74699354172,4.28864908218,-82.7004013062,-0.1596031636,-11.3237934113,2.35605382919,0
1536693244482917048,67.30606384,carbonZ_2018-09-11-15-05-11_2_no_failure,normal,17.0799999237,493.577484131,5.28764533997,173,7.74699354172,4.28864908218,-82.7004013062,-0.117521502078,-11.3426933289,2.39890384674,0
1536693244537863640,67.361010432,carbonZ_2018-09-11-15-05-11_2_no_failure,normal,17.3299999237,493.577484131,5.30990886688,172,7.74699354172,4.28864908218,-82.7004013062,-0.0732540562749,-11.3611917496,2.42619109154,0
