timestamp_ns,time_sec,flight_id,fault_type,alt_error,aspd_error,xtrack_error,wp_dist,nav_roll,nav_pitch,nav_yaw,nav_x,nav_y,nav_z,label_anomaly
1536693691516934456,0.0,carbonZ_2018-09-11-15-06-34_3_rudder_left_failure,rudder,0.229999989271,-168.137939453,-34.9937019348,9,9.60470294952,-2.08845806122,-70.8663330078,5.33679533005,-16.7021121979,0.587295353413,0
1536693691580279032,0.063344576,carbonZ_2018-09-11-15-06-34_3_rudder_left_failure,rudder,0.229999989271,-168.137939453,-34.9937019348,9,9.60470294952,-2.08845806122,-70.8663330078,5.39786672592,-16.6765079498,0.636312305927,0
1536693691608537080,0.091602624,carbonZ_2018-09-11-15-06-34_3_rudder_left_failure,rudder,0.299999982119,-168.137939453,-33.2803192139,10,9.60470294952,-2.08845806122,-70.8663330078,5.44188404083,-16.654624939,0.673664748669,0
1536693691685223768,0.168289312,carbonZ_2018-09-11-15-06-34_3_rudder_left_failure,rudder,0.299999982119,-168.137939453,-33.2803192139,10,9.60470294952,-2.08845806122,-70.8663330078,5.52750635147,-16.627281189,0.717459380627,0
1536693691751366552,0.234432096,carbonZ_2018-09-11-15-06-34_3_rudder_left_failure,rudder,0.370000004768,-169.25201416,-31.541469574,12,9.60470294952,-2.08845806122,-70.8663330078,5.6761174202,-16.57695961,0.77325117588,0
1536693691818368984,0.301434528,carbonZ_2018-09-11-15-06-34_3_rudder_left_failure,rudder,0.449999988079,-169.25201416,-29.807598114,14,9.60470294952,-2.08845806122,-70.8663330078,5.80816507339,-16.5346374512,0.80506926775,0
1536693691856345752,0.339411296,carbonZ_2018-09-11-15-06-34_3_rudder_left_failure,rudder,0.449999988079,-169.25201416,-29.807598114,14,20.9942474365,-2.12212872505,-69.9898223877,5.9526181221,-16.4882965088,0.840158045292,0
1536693691933273080,0.416338624,carbonZ_2018-09-11-15-06-34_3_rudder_left_failure,rudder,0.539999961853,-170.668609619,-28.0673980713,16,20.9942474365,-2.12212872505,-69.9898223877,6.10986852646,-16.4396972656,0.881554186344,0
1536693691977303128,0.460368672,carbonZ_2018-09-11-15-06-34_3_rudder_left_failure,rudder,0.539999961853,-170.668609619,-28.0673980713,16,20.9942474365,-2.12212872505,-69.9898223877,6.22027587891,-16.4006633759,0.911214292049,0
1536693692025589688,0.508655232,carbonZ_2018-09-11-15-06-34_3_rudder_left_failure,rudder,0.639999985695,-170.668609619,-26.3062458038,17,20.9942474365,-2.12212872505,-69.9898223877,6.46087646484,-16.3304920197,0.96523141861,0
1536693692077446008,0.560511552,carbonZ_2018-09-11-15-06-34_3_rudder_left_failure,rudder,0.639999985695,-170.668609619,-26.3062458038,17,20.9942474365,-2.12212872505,-69.9898223877,6.46087646484,-16.3304920197,0.96523141861,0
1536693692108450200,0.591515744,carbonZ_2018-09-11-15-06-34_3_rudder_left_failure,rudder,0.729999959469,-170.783813477,-24.5867824554,19,20.9942474365,-2.12212872505,-69.9898223877,6.65875053406,-16.2652759552,0.996668338776,0
1536693692156769400,0.639834944,carbonZ_2018-09-11-15-06-34_3_rudder_left_failure,rudder,0.729999959469,-170.783813477,-24.5867824554,19,20.9942474365,-2.12212872505,-69.9898223877,6.81174087524,-16.2209949493,1.00951361656,0
1536693692208297304,0.691362848,carbonZ_2018-09-11-15-06-34_3_rudder_left_failure,rudder,0.839999973774,-170.783813477,-22.8373699188,21,29.6260986328,-2.08435511589,-67.1983413696,7.02528810501,-16.1577033997,1.02875065804,0
1536693692262880056,0.7459456,carbonZ_2018-09-11-15-06-34_3_rudder_left_failure,rudder,0.839999973774,-170.783813477,-22.8373699188,21,29.6260986328,-2.08435511589,-67.1983413696,7.19713497162,-16.099811554,1.04448521137,0
1536693692333439480,0.816505024,carbonZ_2018-09-11-15-06-34_3_rudder_left_failure,rudder,0.939999997616,-163.3565979,-21.1286888123,22,29.6260986328,-2.08435511589,-67.1983413696,7.52792787552,-15.9903488159,1.07652366161,0
1536693692437757752,0.920823296,carbonZ_2018-09-11-15-06-34_3_rudder_left_failure,rudder,1.04999995232,-163.3565979,-19.3855342865,24,29.6260986328,-2.08435511589,-67.1983413696,7.97636890411,-15.8347892761,1.11807441711,0
1536693692496226008,0.979291552,carbonZ_2018-09-11-15-06-34_3_rudder_left_failure,rudder,1.16999995708,-163.3565979,-17.6391048431,26,29.6260986328,-2.08435511589,-67.1983413696,8.25231170654,-15.7258434296,1.14736521244,0
1536693692537053976,1.02011952,carbonZ_2018-09-11-15-06-34_3_rudder_left_failure,rudder,1.16999995708,-163.3565979,-17.6391048431,26,29.6260986328,-2.08435511589,-67.1983413696,8.44383430481,-15.6496315002,1.1763150692,0
1536693692578462392,1.061527936,carbonZ_2018-09-11-15-06-34_3_rudder_left_failure,rudder,1.16999995708,-163.3565979,-17.6391048431,26,29.6260986328,-2.08435511589,-67.1983413696,8.65410137177,-15.5622634888,1.19813203812,0
1536693692609065560,1.092131104,carbonZ_2018-09-11-15-06-34_3_rudder_left_failure,rudder,1.28999996185,-172.514343262,-15.9035930634,28,29.6260986328,-2.08435511589,-67.1983413696,8.85849761963,-15.4687919617,1.20210242271,0
1536693692665103288,1.148168832,carbonZ_2018-09-11-15-06-34_3_rudder_left_failure,rudder,1.28999996185,-172.514343262,-15.9035930634,28,37.7430381775,-2.38279891014,-60.0749816895,9.08689689636,-15.3673439026,1.19880306721,0
1536693692687242456,1.170308,carbonZ_2018-09-11-15-06-34_3_rudder_left_failure,rudder,1.41999995708,-181.922149658,-14.1669502258,29,37.7430381775,-2.38279891014,-60.0749816895,9.31744766235,-15.26151371,1.21140372753,0
1536693692763070904,1.246136448,carbonZ_2018-09-11-15-06-34_3_rudder_left_failure,rudder,1.41999995708,-181.922149658,-14.1669502258,29,37.7430381775,-2.38279891014,-60.0749816895,9.66987323761,-15.0831537247,1.21726202965,0
1536693692779366584,1.262432128,carbonZ_2018-09-11-15-06-34_3_rudder_left_failure,rudder,1.41999995708,-181.922149658,-14.1669502258,29,37.7430381775,-2.38279891014,-60.0749816895,9.78270530701,-15.0285825729,1.21861863136,0
1536693692843641560,1.326707104,carbonZ_2018-09-11-15-06-34_3_rudder_left_failure,rudder,1.53999996185,-181.922149658,-12.4511356354,31,37.7430381775,-2.38279891014,-60.0749816895,10.1544094086,-14.8400688171,1.21356534958,0
1536693692866668184,1.349733728,carbonZ_2018-09-11-15-06-34_3_rudder_left_failure,rudder,1.53999996185,-181.922149658,-12.4511356354,31,37.7430381775,-2.38279891014,-60.0749816895,10.2919588089,-14.7681093216,1.20561921597,0
1536693692912998808,1.396064352,carbonZ_2018-09-11-15-06-34_3_rudder_left_failure,rudder,1.66999995708,-192.737762451,-10.6993331909,33,37.7430381775,-2.38279891014,-60.0749816895,10.7003860474,-14.5442276001,1.18181276321,0
1536693692962964120,1.446029664,carbonZ_2018-09-11-15-06-34_3_rudder_left_failure,rudder,1.66999995708,-192.737762451,-10.6993331909,33,37.7430381775,-2.38279891014,-60.0749816895,11.1234302521,-14.2993774414,1.15228295326,0
1536693693061655704,1.544721248,carbonZ_2018-09-11-15-06-34_3_rudder_left_failure,rudder,1.78999996185,-192.737762451,-8.96878051758,35,42.7318611145,-1.53769803047,-51.1142807007,11.6799592972,-13.9619073868,1.11421573162,0
1536693693137251672,1.620317216,carbonZ_2018-09-11-15-06-34_3_rudder_left_failure,rudder,1.90999996662,-202.250488281,-7.24111557007,36,42.7318611145,-1.53769803047,-51.1142807007,12.2352571487,-13.5910072327,1.05706620216,0
1536693693170770264,1.653835808,carbonZ_2018-09-11-15-06-34_3_rudder_left_failure,rudder,1.90999996662,-202.250488281,-7.24111557007,36,42.7318611145,-1.53769803047,-51.1142807007,12.3788013458,-13.487654686,1.03586089611,0
1536693693190803960,1.673869504,carbonZ_2018-09-11-15-06-34_3_rudder_left_failure,rudder,2.01999998093,-202.250488281,-5.54127883911,38,42.7318611145,-1.53769803047,-51.1142807007,12.6628952026,-13.2858381271,0.980064809322,0
1536693693254298776,1.73736432,carbonZ_2018-09-11-15-06-34_3_rudder_left_failure,rudder,2.01999998093,-202.250488281,-5.54127883911,38,42.7318611145,-1.53769803047,-51.1142807007,13.1143808365,-12.9516620636,0.872586429119,0
1536693693299765304,1.782830848,carbonZ_2018-09-11-15-06-34_3_rudder_left_failure,rudder,2.11999988556,-230.63583374,-3.83569335938,40,42.7318611145,-1.53769803047,-51.1142807007,13.5370349884,-12.6121969223,0.780389010906,0
1536693693331184472,1.814250016,carbonZ_2018-09-11-15-06-34_3_rudder_left_failure,rudder,2.11999988556,-230.63583374,-3.83569335938,40,43.6358757019,0.00270518171601,-44.7411575317,13.6736631393,-12.5012216568,0.751109540462,0
1536693693394294776,1.87736032,carbonZ_2018-09-11-15-06-34_3_rudder_left_failure,rudder,2.20000004768,-230.63583374,-2.13041687012,41,43.6358757019,0.00270518171601,-44.7411575317,14.0442218781,-12.1830835342,0.692315220833,0
1536693693428372408,1.911437952,carbonZ_2018-09-11-15-06-34_3_rudder_left_failure,rudder,2.20000004768,-230.63583374,-2.13041687012,41,43.6358757019,0.00270518171601,-44.7411575317,14.2870569229,-11.9576892853,0.644536852837,0
1536693693539444152,2.022509696,carbonZ_2018-09-11-15-06-34_3_rudder_left_failure,rudder,2.25999999046,-248.771286011,-0.446029663086,43,43.6358757019,0.00270518171601,-44.7411575317,14.8887844086,-11.3772821426,0.548668324947,0
1536693693575368792,2.058434336,carbonZ_2018-09-11-15-06-34_3_rudder_left_failure,rudder,2.25999999046,-248.771286011,-0.446029663086,43,43.6358757019,0.00270518171601,-44.7411575317,15.1132898331,-11.1309175491,0.502484858036,0
1536693693633288984,2.116354528,carbonZ_2018-09-11-15-06-34_3_rudder_left_failure,rudder,2.30999994278,-248.771286011,1.19696807861,45,43.6358757019,0.00270518171601,-44.7411575317,15.4796962738,-10.7415838242,0.437129169703,0
1536693693696877784,2.179943328,carbonZ_2018-09-11-15-06-34_3_rudder_left_failure,rudder,2.3599998951,-255.2734375,2.84897613525,46,43.6358757019,0.00270518171601,-44.7411575317,15.7939491272,-10.3675966263,0.378010541201,0
1536693693732701560,2.215767104,carbonZ_2018-09-11-15-06-34_3_rudder_left_failure,rudder,2.3599998951,-255.2734375,2.84897613525,46,43.6358757019,0.00270518171601,-44.7411575317,16.0065956116,-10.0882492065,0.320806860924,0
1536693693742797240,2.225862784,carbonZ_2018-09-11-15-06-34_3_rudder_left_failure,rudder,2.3599998951,-255.2734375,2.84897613525,46,43.6358757019,0.00270518171601,-44.7411575317,16.0065956116,-10.0882492065,0.320806860924,0
1536693693817415928,2.300481472,carbonZ_2018-09-11-15-06-34_3_rudder_left_failure,rudder,2.38999986649,-255.2734375,4.47402191162,48,44.3569602966,0.977282762527,-32.7706069946,16.4275856018,-9.5419216156,0.259789794683,0
1536693693849241368,2.332306912,carbonZ_2018-09-11-15-06-34_3_rudder_left_failure,rudder,2.38999986649,-255.2734375,4.47402191162,48,44.3569602966,0.977282762527,-32.7706069946,16.6232242584,-9.262591362,0.210103616118,0
1536693693931739224,2.414804768,carbonZ_2018-09-11-15-06-34_3_rudder_left_failure,rudder,2.41999983788,-261.052124023,6.08387756348,50,44.3569602966,0.977282762527,-32.7706069946,17.0112533569,-8.66892337799,0.118056476116,0
1536693693976400728,2.459466272,carbonZ_2018-09-11-15-06-34_3_rudder_left_failure,rudder,2.41999983788,-261.052124023,6.08387756348,50,44.3569602966,0.977282762527,-32.7706069946,17.1840934753,-8.36760425568,0.0576689057052,0
1536693693990798456,2.473864,carbonZ_2018-09-11-15-06-34_3_rudder_left_failure,rudder,2.41999983788,-261.052124023,7.65859222412,51,44.3569602966,0.977282762527,-32.7706069946,17.3710174561,-8.06426620483,0.0216188617051,0
1536693694074569528,2.557635072,carbonZ_2018-09-11-15-06-34_3_rudder_left_failure,rudder,2.41999983788,-261.052124023,7.65859222412,51,44.3569602966,0.977282762527,-32.7706069946,17.6095638275,-7.62691926956,-0.0344348028302,0
1536693694130210360,2.613275904,carbonZ_2018-09-11-15-06-34_3_rudder_left_failure,rudder,2.41999983788,-276.902770996,9.22520065308,53,44.6056365967,1.52687120438,-24.872625351,17.8540210724,-7.14605236053,-0.0958683565259,0
1536693694165198104,2.648263648,carbonZ_2018-09-11-15-06-34_3_rudder_left_failure,rudder,2.41999983788,-276.902770996,9.22520065308,53,44.6056365967,1.52687120438,-24.872625351,17.9203033447,-7.00451660156,-0.107994653285,0
1536693694188442136,2.67150768,carbonZ_2018-09-11-15-06-34_3_rudder_left_failure,rudder,2.39999985695,-276.902770996,10.7539749146,54,44.6056365967,1.52687120438,-24.872625351,18.0543346405,-6.692445755,-0.155762776732,0
1536693694238782008,2.721847552,carbonZ_2018-09-11-15-06-34_3_rudder_left_failure,rudder,2.39999985695,-276.902770996,10.7539749146,54,44.6056365967,1.52687120438,-24.872625351,18.2040786743,-6.36894845963,-0.186293885112,0
1536693694294606040,2.777671584,carbonZ_2018-09-11-15-06-34_3_rudder_left_failure,rudder,2.37999987602,-289.119903564,12.2603645325,56,44.6056365967,1.52687120438,-24.872625351,18.3823871613,-5.88959169388,-0.243201106787,0
1536693694326230520,2.809296064,carbonZ_2018-09-11-15-06-34_3_rudder_left_failure,rudder,2.37999987602,-289.119903564,12.2603645325,56,44.6056365967,1.52687120438,-24.872625351,18.5033226013,-5.54651451111,-0.284173041582,0
1536693694387171352,2.870236896,carbonZ_2018-09-11-15-06-34_3_rudder_left_failure,rudder,2.33999991417,-289.119903564,13.7333908081,57,44.6056365967,1.52687120438,-24.872625351,18.6694221497,-5.05173206329,-0.333933383226,0
1536693694416320888,2.899386432,carbonZ_2018-09-11-15-06-34_3_rudder_left_failure,rudder,2.33999991417,-289.119903564,13.7333908081,57,44.6056365967,1.52687120438,-24.872625351,18.7758083344,-4.70067119598,-0.381386607885,0
1536693694491990040,2.975055584,carbonZ_2018-09-11-15-06-34_3_rudder_left_failure,rudder,2.29999995232,-293.691833496,15.1888504028,59,44.6056365967,1.52687120438,-24.872625351,18.9153575897,-4.18555021286,-0.423657923937,0
1536693694526060408,3.009125952,carbonZ_2018-09-11-15-06-34_3_rudder_left_failure,rudder,2.29999995232,-293.691833496,15.1888504028,59,44.6056365967,1.52687120438,-24.872625351,18.950296402,-4.00422382355,-0.454832553864,0
1536693694581368408,3.064433952,carbonZ_2018-09-11-15-06-34_3_rudder_left_failure,rudder,2.29999995232,-293.691833496,15.1888504028,59,45.46534729,2.61020588875,-13.0362138748,19.0774593353,-3.45425987244,-0.514269351959,0
1536693694630713112,3.113778656,carbonZ_2018-09-11-15-06-34_3_rudder_left_failure,rudder,2.24000000954,-293.691833496,16.5952148438,60,45.46534729,2.61020588875,-13.0362138748,19.1729183197,-2.92371273041,-0.583603382111,0
1536693694657085304,3.140150848,carbonZ_2018-09-11-15-06-34_3_rudder_left_failure,rudder,2.24000000954,-293.691833496,16.5952148438,60,45.46534729,2.61020588875,-13.0362138748,19.1729183197,-2.92371273041,-0.583603382111,0
1536693694712728152,3.195793696,carbonZ_2018-09-11-15-06-34_3_rudder_left_failure,rudder,2.18000006676,-293.358215332,17.9822654724,62,45.46534729,2.61020588875,-13.0362138748,19.2799091339,-2.17626905441,-0.678675591946,0
1536693694755101240,3.238166784,carbonZ_2018-09-11-15-06-34_3_rudder_left_failure,rudder,2.18000006676,-293.358215332,17.9822654724,62,45.46534729,2.61020588875,-13.0362138748,19.3111858368,-1.78966367245,-0.751397430897,0
1536693694838703096,3.32176864,carbonZ_2018-09-11-15-06-34_3_rudder_left_failure,rudder,2.09999990463,-293.358215332,19.318397522,63,45.46534729,2.61020588875,-13.0362138748,19.3789596558,-1.01994419098,-0.867613077164,0
1536693694868725432,3.351790976,carbonZ_2018-09-11-15-06-34_3_rudder_left_failure,rudder,2.09999990463,-293.358215332,19.318397522,63,45.46534729,2.61020588875,-13.0362138748,19.3932228088,-0.59863191843,-0.946776747704,0
1536693694940194264,3.423259808,carbonZ_2018-09-11-15-06-34_3_rudder_left_failure,rudder,2.0,-291.722686768,20.6273078918,64,45.46534729,2.61020588875,-13.0362138748,19.3918037415,-0.0271300580353,-1.03953874111,0
1536693694974155352,3.457220896,carbonZ_2018-09-11-15-06-34_3_rudder_left_failure,rudder,2.0,-291.722686768,20.6273078918,64,46.2776222229,4.24956417084,-2.22648191452,19.3803691864,0.180273532867,-1.08283746243,0
1536693695014346392,3.497411936,carbonZ_2018-09-11-15-06-34_3_rudder_left_failure,rudder,1.87000000477,-291.722686768,21.8598747253,65,46.2776222229,4.24956417084,-2.22648191452,19.3713741302,0.753091275692,-1.15340566635,0
1536693695084863832,3.567929376,carbonZ_2018-09-11-15-06-34_3_rudder_left_failure,rudder,1.87000000477,-291.722686768,21.8598747253,65,46.2776222229,4.24956417084,-2.22648191452,19.3272399902,1.29813659191,-1.22074151039,0
1536693695110229272,3.593294816,carbonZ_2018-09-11-15-06-34_3_rudder_left_failure,rudder,1.74000000954,-289.149841309,23.0700340271,67,46.2776222229,4.24956417084,-2.22648191452,19.2913856506,1.69976556301,-1.26841902733,0
1536693695170910808,3.653976352,carbonZ_2018-09-11-15-06-34_3_rudder_left_failure,rudder,1.74000000954,-289.149841309,23.0700340271,67,46.2776222229,4.24956417084,-2.22648191452,19.2186737061,2.23947191238,-1.33546447754,0
1536693695211762136,3.69482768,carbonZ_2018-09-11-15-06-34_3_rudder_left_failure,rudder,1.59999990463,-289.149841309,24.2291297913,68,46.2776222229,4.24956417084,-2.22648191452,19.1612033844,2.61094903946,-1.38386690617,0
1536693695285473752,3.768539296,carbonZ_2018-09-11-15-06-34_3_rudder_left_failure,rudder,1.44999992847,-290.24105835,25.3445549011,69,46.2776222229,4.24956417084,-2.22648191452,19.0748996735,3.15389633179,-1.4275534153,0
1536693695312435160,3.795500704,carbonZ_2018-09-11-15-06-34_3_rudder_left_failure,rudder,1.44999992847,-290.24105835,25.3445549011,69,46.2603492737,4.64824914932,7.29652023315,18.9916286469,3.49794769287,-1.45216464996,0
1536693695367542488,3.850608032,carbonZ_2018-09-11-15-06-34_3_rudder_left_failure,rudder,1.44999992847,-290.24105835,25.3445549011,69,46.2603492737,4.64824914932,7.29652023315,18.9030799866,3.85671830177,-1.48978054523,0
1536693695387203832,3.870269376,carbonZ_2018-09-11-15-06-34_3_rudder_left_failure,rudder,1.27999997139,-290.24105835,26.4121742249,70,46.2603492737,4.64824914932,7.29652023315,18.8198490143,4.22697639465,-1.51373672485,0
1536693695440995928,3.924061472,carbonZ_2018-09-11-15-06-34_3_rudder_left_failure,rudder,1.27999997139,-290.24105835,26.4121742249,70,46.2603492737,4.64824914932,7.29652023315,18.5726032257,5.05615329742,-1.55092918873,0
1536693695537208984,4.020274528,carbonZ_2018-09-11-15-06-34_3_rudder_left_failure,rudder,1.12000000477,-295.823303223,27.461933136,71,46.2603492737,4.64824914932,7.29652023315,18.4056301117,5.5424041748,-1.54917478561,0
1536693695593215896,4.07628144,carbonZ_2018-09-11-15-06-34_3_rudder_left_failure,rudder,0.939999997616,-295.823303223,28.4421348572,72,46.2603492737,4.64824914932,7.29652023315,18.2916526794,5.86991119385,-1.5486137867,0
1536693695649336120,4.132401664,carbonZ_2018-09-11-15-06-34_3_rudder_left_failure,rudder,0.939999997616,-295.823303223,28.4421348572,72,46.2603492737,4.64824914932,7.29652023315,18.1223716736,6.32889127731,-1.53594195843,0
1536693695708040696,4.19110624,carbonZ_2018-09-11-15-06-34_3_rudder_left_failure,rudder,0.769999980927,-297.045715332,29.4148445129,73,46.4998550415,4.40372943878,17.1704311371,17.9839191437,6.6308131218,-1.53572165966,0
1536693695730126648,4.213192192,carbonZ_2018-09-11-15-06-34_3_rudder_left_failure,rudder,0.769999980927,-297.045715332,29.4148445129,73,46.4998550415,4.40372943878,17.1704311371,17.836889267,6.9426651001,-1.53328514099,0
1536693695814269016,4.29733456,carbonZ_2018-09-11-15-06-34_3_rudder_left_failure,rudder,0.589999973774,-297.045715332,30.3288841248,74,46.4998550415,4.40372943878,17.1704311371,17.5549812317,7.53921365738,-1.49848878384,0
1536693695839824568,4.322890112,carbonZ_2018-09-11-15-06-34_3_rudder_left_failure,rudder,0.589999973774,-297.045715332,30.3288841248,74,46.4998550415,4.40372943878,17.1704311371,17.480928421,7.69088554382,-1.48870038986,0
1536693695893156792,4.376222336,carbonZ_2018-09-11-15-06-34_3_rudder_left_failure,rudder,0.42999997735,-301.244354248,31.2237129211,75,46.4998550415,4.40372943878,17.1704311371,17.1515197754,8.29329776764,-1.46215713024,0
1536693695918825976,4.40189152,carbonZ_2018-09-11-15-06-34_3_rudder_left_failure,rudder,0.42999997735,-301.244354248,31.2237129211,75,46.4998550415,4.40372943878,17.1704311371,17.1515197754,8.29329776764,-1.46215713024,0
1536693695977334040,4.460399584,carbonZ_2018-09-11-15-06-34_3_rudder_left_failure,rudder,0.42999997735,-301.244354248,31.2237129211,75,46.4998550415,4.40372943878,17.1704311371,16.8978347778,8.73244380951,-1.4457449913,0
1536693696027005464,4.510071008,carbonZ_2018-09-11-15-06-34_3_rudder_left_failure,rudder,0.259999990463,-301.244354248,32.0677223206,76,46.4998550415,4.40372943878,17.1704311371,16.646194458,9.16237735748,-1.42633748055,0
1536693696083375192,4.566440736,carbonZ_2018-09-11-15-06-34_3_rudder_left_failure,rudder,0.259999990463,-301.244354248,32.0677223206,76,46.4998550415,4.40372943878,17.1704311371,16.4651260376,9.44159984589,-1.41359305382,0
1536693696180196152,4.663261696,carbonZ_2018-09-11-15-06-34_3_rudder_left_failure,rudder,0.109999999404,-297.91317749,32.8950233459,76,46.7573318481,3.97562861443,29.0916957855,15.9765710831,10.1323947906,-1.38127720356,0
1536693696232710360,4.715775904,carbonZ_2018-09-11-15-06-34_3_rudder_left_failure,rudder,-0.0499999970198,-297.91317749,33.660068512,77,46.7573318481,3.97562861443,29.0916957855,15.6774406433,10.5355701447,-1.34878909588,0
1536693696252864888,4.735930432,carbonZ_2018-09-11-15-06-34_3_rudder_left_failure,rudder,-0.0499999970198,-297.91317749,33.660068512,77,46.7573318481,3.97562861443,29.0916957855,15.5740814209,10.6737937927,-1.33651125431,0
1536693696343505144,4.826570688,carbonZ_2018-09-11-15-06-34_3_rudder_left_failure,rudder,-0.199999988079,-296.237548828,34.4160041809,78,46.7573318481,3.97562861443,29.0916957855,15.1338129044,11.1938667297,-1.29304134846,0
1536693696360532440,4.843597984,carbonZ_2018-09-11-15-06-34_3_rudder_left_failure,rudder,-0.199999988079,-296.237548828,34.4160041809,78,46.7573318481,3.97562861443,29.0916957855,15.0293235779,11.3125324249,-1.27703583241,0
1536693696405174008,4.888239552,carbonZ_2018-09-11-15-06-34_3_rudder_left_failure,rudder,-0.340000003576,-296.237548828,35.0996284485,79,46.7573318481,3.97562861443,29.0916957855,14.714176178,11.6765127182,-1.22899854183,0
1536693696453938200,4.937003744,carbonZ_2018-09-11-15-06-34_3_rudder_left_failure,rudder,-0.340000003576,-296.237548828,35.0996284485,79,47.2212867737,3.23624992371,36.4426727295,14.6086626053,11.7972888947,-1.21294558048,0
1536693696486833784,4.969899328,carbonZ_2018-09-11-15-06-34_3_rudder_left_failure,rudder,-0.340000003576,-296.237548828,35.0996284485,79,47.2212867737,3.23624992371,36.4426727295,14.3767709732,12.0533246994,-1.17510402203,0
1536693696519991480,5.003057024,carbonZ_2018-09-11-15-06-34_3_rudder_left_failure,rudder,-0.479999989271,-296.707733154,35.7681617737,79,47.2212867737,3.23624992371,36.4426727295,14.1446685791,12.2959156036,-1.14892792702,0
1536693696557621176,5.04068672,carbonZ_2018-09-11-15-06-34_3_rudder_left_failure,rudder,-0.479999989271,-296.707733154,35.7681617737,79,47.2212867737,3.23624992371,36.4426727295,13.7861204147,12.6695222855,-1.09623610973,0
1536693696633563480,5.116629024,carbonZ_2018-09-11-15-06-34_3_rudder_left_failure,rudder,-0.610000014305,-296.707733154,36.3744087219,80,47.2212867737,3.23624992371,36.4426727295,13.3003311157,13.1534957886,-1.0282099247,0
1536693696687034776,5.17010032,carbonZ_2018-09-11-15-06-34_3_rudder_left_failure,rudder,-0.610000014305,-296.707733154,36.3744087219,80,47.2212867737,3.23624992371,36.4426727295,13.3003311157,13.1534957886,-1.0282099247,0
1536693696733076568,5.216142112,carbonZ_2018-09-11-15-06-34_3_rudder_left_failure,rudder,-0.719999969006,-294.26651001,36.9567222595,81,47.8910217285,2.6713411808,42.1659164429,12.8091287613,13.5939435959,-0.958699584007,0
1536693696757750840,5.240816384,carbonZ_2018-09-11-15-06-34_3_rudder_left_failure,rudder,-0.719999969006,-294.26651001,36.9567222595,81,47.8910217285,2.6713411808,42.1659164429,12.6848526001,13.7036046982,-0.941444158554,0
1536693696844179320,5.327244864,carbonZ_2018-09-11-15-06-34_3_rudder_left_failure,rudder,-0.829999983311,-294.26651001,37.4835777283,81,47.8910217285,2.6713411808,42.1659164429,12.1926403046,14.1405649185,-0.857062578201,0
1536693696858485976,5.34155152,carbonZ_2018-09-11-15-06-34_3_rudder_left_failure,rudder,-0.829999983311,-294.26651001,37.4835777283,81,47.8910217285,2.6713411808,42.1659164429,12.0653362274,14.2496929169,-0.836489796638,0
1536693696914671768,5.397737312,carbonZ_2018-09-11-15-06-34_3_rudder_left_failure,rudder,-0.919999957085,-305.703918457,37.989490509,82,47.8910217285,2.6713411808,42.1659164429,11.5645685196,14.638961792,-0.739988267422,0
1536693696967479928,5.450545472,carbonZ_2018-09-11-15-06-34_3_rudder_left_failure,rudder,-0.919999957085,-305.703918457,37.989490509,82,47.8910217285,2.6713411808,42.1659164429,11.4544906616,14.7226829529,-0.707613706589,0
1536693696993919288,5.476984832,carbonZ_2018-09-11-15-06-34_3_rudder_left_failure,rudder,-1.0,-305.703918457,38.434589386,82,47.8910217285,2.6713411808,42.1659164429,11.2257432938,14.8951044083,-0.649245738983,0
1536693697045206424,5.528271968,carbonZ_2018-09-11-15-06-34_3_rudder_left_failure,rudder,-1.0,-305.703918457,38.434589386,82,47.8910217285,2.6713411808,42.1659164429,10.9852705002,15.0767459869,-0.586754381657,0
1536693697096953272,5.580018816,carbonZ_2018-09-11-15-06-34_3_rudder_left_failure,rudder,-1.05999994278,-307.738311768,38.8752250671,82,46.6065406799,1.58353853226,50.4298324585,10.5979881287,15.343255043,-0.511027514935,0
1536693697169241816,5.65230736,carbonZ_2018-09-11-15-06-34_3_rudder_left_failure,rudder,-1.05999994278,-307.738311768,38.8752250671,82,46.6065406799,1.58353853226,50.4298324585,10.1089658737,15.6701812744,-0.406560540199,0
1536693697211956664,5.695022208,carbonZ_2018-09-11-15-06-34_3_rudder_left_failure,rudder,-1.11000001431,-307.738311768,39.2724723816,83,46.6065406799,1.58353853226,50.4298324585,9.86384010315,15.8339385986,-0.351522982121,0
1536693697257048504,5.740114048,carbonZ_2018-09-11-15-06-34_3_rudder_left_failure,rudder,-1.11000001431,-307.738311768,39.2724723816,83,46.6065406799,1.58353853226,50.4298324585,9.5964756012,15.9959688187,-0.308247983456,0
1536693697286663864,5.769729408,carbonZ_2018-09-11-15-06-34_3_rudder_left_failure,rudder,-1.13999998569,-321.365722656,39.6361732483,83,46.6065406799,1.58353853226,50.4298324585,9.35166454315,16.1391239166,-0.263243168592,0
1536693697378523928,5.861589472,carbonZ_2018-09-11-15-06-34_3_rudder_left_failure,rudder,-1.13999998569,-321.365722656,39.6361732483,83,46.6065406799,1.58353853226,50.4298324585,8.8232088089,16.4481372833,-0.156885400414,0
1536693697401518104,5.884583648,carbonZ_2018-09-11-15-06-34_3_rudder_left_failure,rudder,-1.16999995708,-321.365722656,39.9750709534,84,46.6065406799,1.58353853226,50.4298324585,8.69405078888,16.5174179077,-0.13981013,0
1536693697457710776,5.94077632,carbonZ_2018-09-11-15-06-34_3_rudder_left_failure,rudder,-1.16999995708,-321.365722656,39.9750709534,84,46.6065406799,1.58353853226,50.4298324585,8.31251335144,16.7333183289,-0.0817811712623,0
1536693697502701304,5.985766848,carbonZ_2018-09-11-15-06-34_3_rudder_left_failure,rudder,-1.16999995708,-332.215118408,40.2887458801,84,46.6065406799,1.58353853226,50.4298324585,7.8923535347,16.9481563568,-0.0191753394902,0
1536693697539933048,6.022998592,carbonZ_2018-09-11-15-06-34_3_rudder_left_failure,rudder,-1.16999995708,-332.215118408,40.2887458801,84,45.3644332886,-0.6051171422,61.7406959534,7.7504825592,17.0193061829,0.00301019591279,0
1536693697596964216,6.08002976,carbonZ_2018-09-11-15-06-34_3_rudder_left_failure,rudder,-1.16999995708,-332.215118408,40.5608558655,84,45.3644332886,-0.6051171422,61.7406959534,7.49907779694,17.1466522217,0.0379248857498,0
1536693697630771960,6.113837504,carbonZ_2018-09-11-15-06-34_3_rudder_left_failure,rudder,-1.16999995708,-332.215118408,40.5608558655,84,45.3644332886,-0.6051171422,61.7406959534,6.95041561127,17.4083919525,0.142054289579,0
1536693697716698104,6.199763648,carbonZ_2018-09-11-15-06-34_3_rudder_left_failure,rudder,-1.16999995708,-346.372619629,40.7993812561,84,45.3644332886,-0.6051171422,61.7406959534,6.55059051514,17.587305069,0.218076378107,0
1536693697742408824,6.225474368,carbonZ_2018-09-11-15-06-34_3_rudder_left_failure,rudder,-1.16999995708,-346.372619629,40.7993812561,84,45.3644332886,-0.6051171422,61.7406959534,6.40980148315,17.6501598358,0.249253794551,0
1536693697797068632,6.280134176,carbonZ_2018-09-11-15-06-34_3_rudder_left_failure,rudder,-1.14999997616,-346.372619629,41.0177116394,85,45.3644332886,-0.6051171422,61.7406959534,5.9889831543,17.8249225616,0.323624700308,0
1536693697814218392,6.297283936,carbonZ_2018-09-11-15-06-34_3_rudder_left_failure,rudder,-1.14999997616,-346.372619629,41.0177116394,85,45.3644332886,-0.6051171422,61.7406959534,5.86046552658,17.8812007904,0.34596785903,0
1536693697853334456,6.3364,carbonZ_2018-09-11-15-06-34_3_rudder_left_failure,rudder,-1.14999997616,-346.372619629,41.0177116394,85,45.3644332886,-0.6051171422,61.7406959534,5.57227468491,17.9988670349,0.392958074808,0
1536693697937448504,6.420514048,carbonZ_2018-09-11-15-06-34_3_rudder_left_failure,rudder,-1.11000001431,-354.685394287,41.2038612366,85,45.5217933655,-2.06332063675,70.5989151001,4.99656248093,18.2049980164,0.501178383827,0
1536693697974287864,6.457353408,carbonZ_2018-09-11-15-06-34_3_rudder_left_failure,rudder,-1.11000001431,-354.685394287,41.2038612366,85,45.5217933655,-2.06332063675,70.5989151001,4.71681404114,18.3029174805,0.546932816505,0
1536693698010868344,6.493933888,carbonZ_2018-09-11-15-06-34_3_rudder_left_failure,rudder,-1.06999993324,-354.685394287,41.3506584167,85,45.5217933655,-2.06332063675,70.5989151001,4.40952014923,18.4050178528,0.595148324966,0
1536693698074542488,6.557608032,carbonZ_2018-09-11-15-06-34_3_rudder_left_failure,rudder,-1.06999993324,-354.685394287,41.3506584167,85,45.5217933655,-2.06332063675,70.5989151001,3.95170879364,18.5396823883,0.653479516506,0
1536693698130510200,6.613575744,carbonZ_2018-09-11-15-06-34_3_rudder_left_failure,rudder,-1.00999999046,-364.162261963,41.4753456116,85,45.5217933655,-2.06332063675,70.5989151001,3.51075649261,18.6681976318,0.717145264149,0
1536693698148329336,6.63139488,carbonZ_2018-09-11-15-06-34_3_rudder_left_failure,rudder,-1.00999999046,-364.162261963,41.4753456116,85,45.5217933655,-2.06332063675,70.5989151001,3.35285019875,18.7104644775,0.737011551857,0
1536693698237195704,6.720261248,carbonZ_2018-09-11-15-06-34_3_rudder_left_failure,rudder,-0.930000007153,-364.162261963,41.5554389954,85,45.5217933655,-2.06332063675,70.5989151001,2.75456619263,18.8552112579,0.812507152557,0
1536693698255469080,6.738534624,carbonZ_2018-09-11-15-06-34_3_rudder_left_failure,rudder,-0.930000007153,-364.162261963,41.5554389954,85,45.5217933655,-2.06332063675,70.5989151001,2.60079956055,18.8918113708,0.836689531803,0
1536693698333658456,6.816724,carbonZ_2018-09-11-15-06-34_3_rudder_left_failure,rudder,-0.839999973774,-380.06439209,41.6052894592,85,45.5217933655,-2.06332063675,70.5989151001,2.11453485489,18.9924736023,0.907146453857,0
1536693698364033016,6.84709856,carbonZ_2018-09-11-15-06-34_3_rudder_left_failure,rudder,-0.839999973774,-380.06439209,41.6052894592,85,46.0820617676,-2.2411403656,80.5659713745,1.81164085865,19.0496253967,0.952853024006,0
1536693698400769656,6.8838352,carbonZ_2018-09-11-15-06-34_3_rudder_left_failure,rudder,-0.75,-380.06439209,41.6179695129,85,46.0820617676,-2.2411403656,80.5659713745,1.50121700764,19.1055965424,0.987064838409,0
1536693698466679992,6.949745536,carbonZ_2018-09-11-15-06-34_3_rudder_left_failure,rudder,-0.75,-380.06439209,41.6179695129,85,46.0820617676,-2.2411403656,80.5659713745,1.00771355629,19.1853256226,1.0326975584,0
1536693698501623448,6.984688992,carbonZ_2018-09-11-15-06-34_3_rudder_left_failure,rudder,-0.639999985695,-412.281036377,41.5950126648,85,46.0820617676,-2.2411403656,80.5659713745,0.661582350731,19.2260494232,1.04853057861,0
1536693698559947960,7.043013504,carbonZ_2018-09-11-15-06-34_3_rudder_left_failure,rudder,-0.639999985695,-412.281036377,41.5950126648,85,46.0820617676,-2.2411403656,80.5659713745,0.167028218508,19.2842350006,1.0542550087,0
1536693698605004792,7.088070336,carbonZ_2018-09-11-15-06-34_3_rudder_left_failure,rudder,-0.52999997139,-412.281036377,41.5239448547,85,46.0820617676,-2.2411403656,80.5659713745,-0.175200924277,19.3188095093,1.06600046158,0
1536693698647157688,7.130223232,carbonZ_2018-09-11-15-06-34_3_rudder_left_failure,rudder,-0.52999997139,-412.281036377,41.5239448547,85,46.0820617676,-2.2411403656,80.5659713745,-0.693607985973,19.3573856354,1.06695139408,0
1536693698764804824,7.247870368,carbonZ_2018-09-11-15-06-34_3_rudder_left_failure,rudder,-0.419999986887,-416.724975586,41.4183311462,85,46.0820617676,-2.2411403656,80.5659713745,-1.53463315964,19.391576767,1.0522851944,0
1536693698799918904,7.282984448,carbonZ_2018-09-11-15-06-34_3_rudder_left_failure,rudder,-0.299999982119,-416.724975586,41.2560539246,85,45.1492195129,-1.74443888664,91.2755050659,-1.87951982021,19.4001808167,1.04616594315,0
1536693698826558872,7.309624416,carbonZ_2018-09-11-15-06-34_3_rudder_left_failure,rudder,-0.299999982119,-416.724975586,41.2560539246,85,45.1492195129,-1.74443888664,91.2755050659,-2.23154449463,19.4012374878,1.02768611908,0
1536693698900539864,7.383605408,carbonZ_2018-09-11-15-06-34_3_rudder_left_failure,rudder,-0.189999997616,-444.534667969,41.0710334778,85,45.1492195129,-1.74443888664,91.2755050659,-2.77180361748,19.3858070374,0.98824518919,0
1536693698938385688,7.421451232,carbonZ_2018-09-11-15-06-34_3_rudder_left_failure,rudder,-0.189999997616,-444.534667969,41.0710334778,85,45.1492195129,-1.74443888664,91.2755050659,-3.10489988327,19.3704319,0.960944116116,0
1536693699023673688,7.506739232,carbonZ_2018-09-11-15-06-34_3_rudder_left_failure,rudder,-0.0899999961257,-444.534667969,40.8293418884,84,45.1492195129,-1.74443888664,91.2755050659,-3.81070446968,19.3231277466,0.888995409012,0
1536693699054614968,7.537680512,carbonZ_2018-09-11-15-06-34_3_rudder_left_failure,rudder,-0.0899999961257,-444.534667969,40.8293418884,84,43.6796264648,-1.6227298975,97.850112915,-3.98056340218,19.3075332642,0.873571038246,0
1536693699093210584,7.576276128,carbonZ_2018-09-11-15-06-34_3_rudder_left_failure,rudder,0.00999999977648,-464.954376221,40.5436897278,84,43.6796264648,-1.6227298975,97.850112915,-4.51443862915,19.2491989136,0.824994444847,0
1536693699146381080,7.629446624,carbonZ_2018-09-11-15-06-34_3_rudder_left_failure,rudder,0.00999999977648,-464.954376221,40.5436897278,84,43.6796264648,-1.6227298975,97.850112915,-5.03238630295,19.1715621948,0.776143372059,0
1536693699246567224,7.729632768,carbonZ_2018-09-11-15-06-34_3_rudder_left_failure,rudder,0.0999999940395,-464.954376221,40.215549469,84,43.6796264648,-1.6227298975,97.850112915,-5.68178224564,19.0585689545,0.723277270794,0
1536693699304794840,7.787860384,carbonZ_2018-09-11-15-06-34_3_rudder_left_failure,rudder,0.179999992251,-474.366943359,39.8489875793,83,43.6796264648,-1.6227298975,97.850112915,-6.34660863876,18.9141941071,0.694629907608,0
1536693699335975224,7.819040768,carbonZ_2018-09-11-15-06-34_3_rudder_left_failure,rudder,0.179999992251,-474.366943359,39.8489875793,83,43.6796264648,-1.6227298975,97.850112915,-6.50088977814,18.8786373138,0.696394741535,0
1536693699401405720,7.884471264,carbonZ_2018-09-11-15-06-34_3_rudder_left_failure,rudder,0.259999990463,-474.366943359,39.4403648376,83,43.1982688904,-1.40063631535,106.511901855,-6.99911880493,18.7488479614,0.673715174198,0
1536693699435610776,7.91867632,carbonZ_2018-09-11-15-06-34_3_rudder_left_failure,rudder,0.259999990463,-474.366943359,39.4403648376,83,43.1982688904,-1.40063631535,106.511901855,-7.32491350174,18.6522121429,0.6507614851,0
1536693699500232632,7.983298176,carbonZ_2018-09-11-15-06-34_3_rudder_left_failure,rudder,0.340000003576,-494.654266357,39.0078239441,83,43.1982688904,-1.40063631535,106.511901855,-7.81377410889,18.5008811951,0.609540939331,0
1536693699558182328,8.041247872,carbonZ_2018-09-11-15-06-34_3_rudder_left_failure,rudder,0.340000003576,-494.654266357,39.0078239441,83,43.1982688904,-1.40063631535,106.511901855,-8.31560325623,18.3280925751,0.565067470074,0
1536693699597158872,8.080224416,carbonZ_2018-09-11-15-06-34_3_rudder_left_failure,rudder,0.409999996424,-494.654266357,38.5217094421,82,43.1982688904,-1.40063631535,106.511901855,-8.64837360382,18.2064571381,0.542426228523,0
1536693699658316280,8.141381824,carbonZ_2018-09-11-15-06-34_3_rudder_left_failure,rudder,0.409999996424,-494.654266357,38.5217094421,82,43.1982688904,-1.40063631535,106.511901855,-9.15065288544,18.009475708,0.488536030054,0
1536693699715414360,8.198479904,carbonZ_2018-09-11-15-06-34_3_rudder_left_failure,rudder,0.469999998808,-507.916442871,38.0086631775,82,43.1982688904,-1.40063631535,106.511901855,-9.66065502167,17.7853775024,0.424495518208,0
1536693699793113688,8.276179232,carbonZ_2018-09-11-15-06-34_3_rudder_left_failure,rudder,0.469999998808,-507.916442871,38.0086631775,82,43.1982688904,-1.40063631535,106.511901855,-10.1407718658,17.5593585968,0.372817665339,0
1536693699813255768,8.296321312,carbonZ_2018-09-11-15-06-34_3_rudder_left_failure,rudder,0.52999997139,-507.916442871,37.4506034851,81,43.1982688904,-1.40063631535,106.511901855,-10.3110303879,17.475894928,0.351046442986,0
1536693699833862328,8.316927872,carbonZ_2018-09-11-15-06-34_3_rudder_left_failure,rudder,0.52999997139,-507.916442871,37.4506034851,81,43.8708610535,-0.210449010134,117.544143677,-10.6126470566,17.321762085,0.305652499199,0
1536693699898137720,8.381203264,carbonZ_2018-09-11-15-06-34_3_rudder_left_failure,rudder,0.569999992847,-519.829956055,36.8479270935,80,43.8708610535,-0.210449010134,117.544143677,-11.0715560913,17.0716781616,0.264568179846,0
1536693699937545240,8.420610784,carbonZ_2018-09-11-15-06-34_3_rudder_left_failure,rudder,0.569999992847,-519.829956055,36.8479270935,80,43.8708610535,-0.210449010134,117.544143677,-11.3717565536,16.8996906281,0.249880313873,0
1536693700013136824,8.496202368,carbonZ_2018-09-11-15-06-34_3_rudder_left_failure,rudder,0.599999964237,-519.829956055,36.199672699,80,43.8708610535,-0.210449010134,117.544143677,-11.9782295227,16.5350532532,0.193478092551,0
1536693700039700280,8.522765824,carbonZ_2018-09-11-15-06-34_3_rudder_left_failure,rudder,0.599999964237,-519.829956055,36.199672699,80,43.8708610535,-0.210449010134,117.544143677,-12.1332235336,16.4353485107,0.174599945545,0
1536693700103218264,8.586283808,carbonZ_2018-09-11-15-06-34_3_rudder_left_failure,rudder,0.629999995232,-531.181152344,35.5333747864,79,43.8708610535,-0.210449010134,117.544143677,-12.5607709885,16.1574459076,0.145135894418,0
1536693700139576952,8.622642496,carbonZ_2018-09-11-15-06-34_3_rudder_left_failure,rudder,0.629999995232,-531.181152344,35.5333747864,79,43.8708610535,-0.210449010134,117.544143677,-12.9779376984,15.8665723801,0.118122383952,0
1536693700185164568,8.668230112,carbonZ_2018-09-11-15-06-34_3_rudder_left_failure,rudder,0.629999995232,-531.181152344,35.5333747864,79,43.8708610535,-0.210449010134,117.544143677,-13.1163759232,15.7668218613,0.104103095829,0
1536693700254405144,8.737470688,carbonZ_2018-09-11-15-06-34_3_rudder_left_failure,rudder,0.659999966621,-531.181152344,34.8182258606,78,43.8631782532,0.804282188416,127.914649963,-13.6683292389,15.3438539505,0.0398686751723,0
1536693700341863800,8.824929344,carbonZ_2018-09-11-15-06-34_3_rudder_left_failure,rudder,0.669999957085,-546.331604004,34.0626029968,78,43.8631782532,0.804282188416,127.914649963,-14.1880960464,14.9114789963,-0.00106130819768,0
1536693700370676376,8.85374192,carbonZ_2018-09-11-15-06-34_3_rudder_left_failure,rudder,0.669999957085,-546.331604004,34.0626029968,78,43.8631782532,0.804282188416,127.914649963,-14.314740181,14.8003406525,-0.019791033119,0
1536693700403331288,8.886396832,carbonZ_2018-09-11-15-06-34_3_rudder_left_failure,rudder,0.680000007153,-546.331604004,33.2778358459,77,43.8631782532,0.804282188416,127.914649963,-14.5708379745,14.5730247498,-0.0549182593822,0
1536693700458234296,8.94129984,carbonZ_2018-09-11-15-06-34_3_rudder_left_failure,rudder,0.680000007153,-546.331604004,33.2778358459,77,43.8631782532,0.804282188416,127.914649963,-14.9517421722,14.220126152,-0.122045248747,0
1536693700533291416,9.01635696,carbonZ_2018-09-11-15-06-34_3_rudder_left_failure,rudder,0.680000007153,-543.124572754,32.4690895081,76,43.8631782532,0.804282188416,127.914649963,-15.3094186783,13.8603878021,-0.192414909601,0
1536693700547401432,9.030466976,carbonZ_2018-09-11-15-06-34_3_rudder_left_failure,rudder,0.680000007153,-543.124572754,32.4690895081,76,43.8631782532,0.804282188416,127.914649963,-15.4273786545,13.7377185822,-0.215805649757,0
1536693700581496760,9.064562304,carbonZ_2018-09-11-15-06-34_3_rudder_left_failure,rudder,0.669999957085,-543.124572754,31.6352272034,75,43.8631782532,0.804282188416,127.914649963,-15.6432409286,13.5025587082,-0.255564540625,0
1536693700640257208,9.123322752,carbonZ_2018-09-11-15-06-34_3_rudder_left_failure,rudder,0.669999957085,-543.124572754,31.6352272034,75,43.8631782532,0.804282188416,127.914649963,-15.9642896652,13.1394081116,-0.315603911877,0
1536693700694826328,9.177891872,carbonZ_2018-09-11-15-06-34_3_rudder_left_failure,rudder,0.659999966621,-559.944946289,30.765537262,74,40.695690155,1.31132018566,138.765426636,-16.154800415,12.9142494202,-0.357080876827,0
1536693700755279384,9.238344928,carbonZ_2018-09-11-15-06-34_3_rudder_left_failure,rudder,0.659999966621,-559.944946289,30.765537262,74,40.695690155,1.31132018566,138.765426636,-16.5452594757,12.4214906693,-0.444031685591,0
1536693700830200728,9.313266272,carbonZ_2018-09-11-15-06-34_3_rudder_left_failure,rudder,0.639999985695,-559.944946289,29.8662528992,73,40.695690155,1.31132018566,138.765426636,-16.8195552826,12.0526590347,-0.49964979291,0
1536693700890172280,9.373237824,carbonZ_2018-09-11-15-06-34_3_rudder_left_failure,rudder,0.620000004768,-551.309387207,28.9605827332,73,40.695690155,1.31132018566,138.765426636,-17.1334781647,11.5783147812,-0.552371203899,0
1536693700923619448,9.406684992,carbonZ_2018-09-11-15-06-34_3_rudder_left_failure,rudder,0.620000004768,-551.309387207,28.9605827332,73,40.695690155,1.31132018566,138.765426636,-17.206861496,11.4660758972,-0.568260848522,0
1536693700982983512,9.466049056,carbonZ_2018-09-11-15-06-34_3_rudder_left_failure,rudder,0.620000004768,-551.309387207,28.9605827332,73,40.695690155,1.31132018566,138.765426636,-17.4295825958,11.1068954468,-0.624301671982,0
1536693701013019704,9.496085248,carbonZ_2018-09-11-15-06-34_3_rudder_left_failure,rudder,0.579999983311,-551.309387207,28.0298576355,72,37.21900177,1.389316082,145.905059814,-17.6420764923,10.7468757629,-0.676049232483,0
1536693701059217336,9.54228288,carbonZ_2018-09-11-15-06-34_3_rudder_left_failure,rudder,0.579999983311,-551.309387207,28.0298576355,72,37.21900177,1.389316082,145.905059814,-17.7080440521,10.6226940155,-0.696461975574,0
1536693701138987480,9.622053024,carbonZ_2018-09-11-15-06-34_3_rudder_left_failure,rudder,0.519999980927,-541.644470215,27.0964698792,71,37.21900177,1.389316082,145.905059814,-17.9479904175,10.1573734283,-0.801586210728,0
1536693701155376056,9.6384416,carbonZ_2018-09-11-15-06-34_3_rudder_left_failure,rudder,0.519999980927,-541.644470215,27.0964698792,71,37.21900177,1.389316082,145.905059814,-18.0107212067,10.0302314758,-0.832219958305,0
1536693701208488920,9.691554464,carbonZ_2018-09-11-15-06-34_3_rudder_left_failure,rudder,0.459999978542,-541.644470215,26.1547813416,70,37.21900177,1.389316082,145.905059814,-18.1821804047,9.66241645813,-0.923347592354,0
1536693701296350040,9.779415584,carbonZ_2018-09-11-15-06-34_3_rudder_left_failure,rudder,0.459999978542,-541.644470215,26.1547813416,70,37.21900177,1.389316082,145.905059814,-18.3262767792,9.33525371552,-1.00472247601,0
1536693701335725784,9.818791328,carbonZ_2018-09-11-15-06-34_3_rudder_left_failure,rudder,0.370000004768,-537.577026367,25.2089881897,69,37.21900177,1.389316082,145.905059814,-18.4624328613,8.9996881485,-1.06711375713,0
1536693701352656888,9.835722432,carbonZ_2018-09-11-15-06-34_3_rudder_left_failure,rudder,0.370000004768,-537.577026367,25.2089881897,69,37.21900177,1.389316082,145.905059814,-18.4624328613,8.9996881485,-1.06711375713,0
1536693701434130072,9.917195616,carbonZ_2018-09-11-15-06-34_3_rudder_left_failure,rudder,0.259999990463,-537.577026367,24.2632865906,68,31.0213871002,1.92429351807,153.399215698,-18.6531620026,8.49005317688,-1.17488121986,0
1536693701449472504,9.932538048,carbonZ_2018-09-11-15-06-34_3_rudder_left_failure,rudder,0.259999990463,-537.577026367,24.2632865906,68,31.0213871002,1.92429351807,153.399215698,-18.6531620026,8.49005317688,-1.17488121986,0
1536693701535756600,10.018822144,carbonZ_2018-09-11-15-06-34_3_rudder_left_failure,rudder,0.140000000596,-527.127258301,23.3261680603,67,31.0213871002,1.92429351807,153.399215698,-18.7728271484,8.09693145752,-1.26039886475,0
1536693701585922168,10.068987712,carbonZ_2018-09-11-15-06-34_3_rudder_left_failure,rudder,0.140000000596,-527.127258301,23.3261680603,67,31.0213871002,1.92429351807,153.399215698,-18.8610630035,7.781873703,-1.34458625317,0
1536693701608530360,10.091595904,carbonZ_2018-09-11-15-06-34_3_rudder_left_failure,rudder,0.00999999977648,-527.127258301,22.3884620667,66,31.0213871002,1.92429351807,153.399215698,-18.9045162201,7.58627319336,-1.40993916988,0
1536693701660843832,10.143909376,carbonZ_2018-09-11-15-06-34_3_rudder_left_failure,rudder,0.00999999977648,-527.127258301,22.3884620667,66,31.0213871002,1.92429351807,153.399215698,-18.9527301788,7.38503646851,-1.46813738346,0
1536693701701771640,10.184837184,carbonZ_2018-09-11-15-06-34_3_rudder_left_failure,rudder,-0.140000000596,-516.939575195,21.4584846497,65,31.0213871002,1.92429351807,153.399215698,-18.9807815552,7.19286298752,-1.52632689476,0
1536693701752547320,10.235612864,carbonZ_2018-09-11-15-06-34_3_rudder_left_failure,rudder,-0.140000000596,-516.939575195,21.4584846497,65,25.9731369019,2.76062750816,158.142089844,-19.0263156891,6.91951560974,-1.59453701973,0
1536693701804738424,10.287803968,carbonZ_2018-09-11-15-06-34_3_rudder_left_failure,rudder,-0.299999982119,-516.939575195,20.5659141541,64,25.9731369019,2.76062750816,158.142089844,-19.0446891785,6.75826072693,-1.62991654873,0
1536693701843091384,10.326156928,carbonZ_2018-09-11-15-06-34_3_rudder_left_failure,rudder,-0.299999982119,-516.939575195,20.5659141541,64,25.9731369019,2.76062750816,158.142089844,-19.0623970032,6.58397245407,-1.65039861202,0
1536693701894037464,10.377103008,carbonZ_2018-09-11-15-06-34_3_rudder_left_failure,rudder,-0.479999989271,-501.147460938,19.6754074097,63,25.9731369019,2.76062750816,158.142089844,-19.0741500854,6.4395160675,-1.66666018963,0
1536693701930205112,10.413270656,carbonZ_2018-09-11-15-06-34_3_rudder_left_failure,rudder,-0.479999989271,-501.147460938,19.6754074097,63,25.9731369019,2.76062750816,158.142089844,-19.0781593323,6.2194070816,-1.68202054501,0
1536693701972456760,10.455522304,carbonZ_2018-09-11-15-06-34_3_rudder_left_failure,rudder,-0.479999989271,-501.147460938,19.6754074097,63,25.9731369019,2.76062750816,158.142089844,-19.0770435333,6.06821918488,-1.69123065472,0
1536693701992159736,10.47522528,carbonZ_2018-09-11-15-06-34_3_rudder_left_failure,rudder,-0.659999966621,-501.147460938,18.8119926453,62,25.9731369019,2.76062750816,158.142089844,-19.0809497833,5.93106412888,-1.69189250469,0
1536693702061298200,10.544363744,carbonZ_2018-09-11-15-06-34_3_rudder_left_failure,rudder,-0.659999966621,-501.147460938,18.8119926453,62,25.9731369019,2.76062750816,158.142089844,-19.0697574615,5.80360841751,-1.69450616837,0
1536693702135210456,10.618276,carbonZ_2018-09-11-15-06-34_3_rudder_left_failure,rudder,-0.839999973774,-477.277191162,17.9768867493,62,21.5426082611,3.56872868538,161.407943726,-19.0525531769,5.546189785,-1.70175158978,0
1536693702162177400,10.645242944,carbonZ_2018-09-11-15-06-34_3_rudder_left_failure,rudder,-0.839999973774,-477.277191162,17.9768867493,62,21.5426082611,3.56872868538,161.407943726,-19.0525531769,5.546189785,-1.70175158978,0
1536693702215954520,10.699020064,carbonZ_2018-09-11-15-06-34_3_rudder_left_failure,rudder,-1.01999998093,-477.277191162,17.1811561584,61,21.5426082611,3.56872868538,161.407943726,-19.0126190186,5.32243251801,-1.66950726509,0
1536693702300302840,10.783368384,carbonZ_2018-09-11-15-06-34_3_rudder_left_failure,rudder,-1.19999992847,-453.354827881,16.4053840637,60,21.5426082611,3.56872868538,161.407943726,-18.9782314301,5.17877006531,-1.62854254246,0
1536693702326290968,10.809356512,carbonZ_2018-09-11-15-06-34_3_rudder_left_failure,rudder,-1.19999992847,-453.354827881,16.4053840637,60,21.5426082611,3.56872868538,161.407943726,-18.9511947632,5.08863782883,-1.60286879539,0
1536693702346365656,10.8294312,carbonZ_2018-09-11-15-06-34_3_rudder_left_failure,rudder,-1.19999992847,-453.354827881,16.4053840637,60,21.5426082611,3.56872868538,161.407943726,-18.9511947632,5.08863782883,-1.60286879539,0
1536693702413791480,10.896857024,carbonZ_2018-09-11-15-06-34_3_rudder_left_failure,rudder,-1.37000000477,-453.354827881,15.6916313171,59,21.5426082611,3.56872868538,161.407943726,-18.8822116852,4.87967967987,-1.484821558,0
1536693702448986936,10.93205248,carbonZ_2018-09-11-15-06-34_3_rudder_left_failure,rudder,-1.37000000477,-453.354827881,15.6916313171,59,21.5426082611,3.56872868538,161.407943726,-18.8553066254,4.80883455276,-1.41552257538,0
1536693702540745304,11.023810848,carbonZ_2018-09-11-15-06-34_3_rudder_left_failure,rudder,-1.52999997139,-435.138122559,15.0119934082,59,21.5426082611,3.56872868538,161.407943726,-18.7989349365,4.67621040344,-1.27336323261,0
1536693702567049528,11.050115072,carbonZ_2018-09-11-15-06-34_3_rudder_left_failure,rudder,-1.52999997139,-435.138122559,15.0119934082,59,21.5426082611,3.56872868538,161.407943726,-18.778465271,4.64233779907,-1.24304676056,0
1536693702608397528,11.091463072,carbonZ_2018-09-11-15-06-34_3_rudder_left_failure,rudder,-1.66999995708,-435.138122559,14.3888511658,58,17.0571784973,2.26758098602,165.035125732,-18.7399349213,4.53438901901,-1.13735163212,0
1536693702680850552,11.163916096,carbonZ_2018-09-11-15-06-34_3_rudder_left_failure,rudder,-1.66999995708,-435.138122559,14.3888511658,58,17.0571784973,2.26758098602,165.035125732,-18.6988563538,4.42629432678,-1.02591443062,0
1536693702730857880,11.213923424,carbonZ_2018-09-11-15-06-34_3_rudder_left_failure,rudder,-1.78999996185,-411.506286621,13.8054008484,57,17.0571784973,2.26758098602,165.035125732,-18.6499729156,4.2816991806,-0.872190952301,0
1536693702768405816,11.25147136,carbonZ_2018-09-11-15-06-34_3_rudder_left_failure,rudder,-1.88999998569,-411.506286621,13.2750930786,57,17.0571784973,2.26758098602,165.035125732,-18.6499729156,4.2816991806,-0.872190952301,0
1536693702834115256,11.3171808,carbonZ_2018-09-11-15-06-34_3_rudder_left_failure,rudder,-1.88999998569,-411.506286621,13.2750930786,57,17.0571784973,2.26758098602,165.035125732,-18.609375,4.11484575272,-0.737937927246,0
1536693702852458264,11.335523808,carbonZ_2018-09-11-15-06-34_3_rudder_left_failure,rudder,-1.88999998569,-411.506286621,13.2750930786,57,17.0571784973,2.26758098602,165.035125732,-18.5967750549,4.07519769669,-0.702931404114,0
1536693702942908696,11.42597424,carbonZ_2018-09-11-15-06-34_3_rudder_left_failure,rudder,-1.97999989986,-404.697998047,12.7955741882,56,17.0571784973,2.26758098602,165.035125732,-18.5730819702,3.94166278839,-0.603567957878,0
1536693702976465944,11.459531488,carbonZ_2018-09-11-15-06-34_3_rudder_left_failure,rudder,-1.97999989986,-404.697998047,12.7955741882,56,17.0571784973,2.26758098602,165.035125732,-18.5447769165,3.81433796883,-0.503727912903,0
1536693703023312056,11.5063776,carbonZ_2018-09-11-15-06-34_3_rudder_left_failure,rudder,-2.04999995232,-404.697998047,12.3489341736,56,17.0571784973,2.26758098602,165.035125732,-18.5305404663,3.72149658203,-0.438217639923,0
1536693703060187544,11.543253088,carbonZ_2018-09-11-15-06-34_3_rudder_left_failure,rudder,-2.04999995232,-404.697998047,12.3489341736,56,17.0571784973,2.26758098602,165.035125732,-18.5188217163,3.6253964901,-0.373055636883,0
1536693703125199832,11.608265376,carbonZ_2018-09-11-15-06-34_3_rudder_left_failure,rudder,-2.09999990463,-385.988800049,11.9300498962,56,20.8494701385,-0.141527712345,168.924606323,-18.4982337952,3.43319749832,-0.243434533477,0
1536693703172242776,11.65530832,carbonZ_2018-09-11-15-06-34_3_rudder_left_failure,rudder,-2.09999990463,-385.988800049,11.9300498962,56,20.8494701385,-0.141527712345,168.924606323,-18.4893226624,3.33291506767,-0.176527231932,0
1536693703208762936,11.69182848,carbonZ_2018-09-11-15-06-34_3_rudder_left_failure,rudder,-2.13999986649,-385.988800049,11.5664405823,55,20.8494701385,-0.141527712345,168.924606323,-18.4834671021,3.22903180122,-0.110135003924,0
1536693703251860504,11.734926048,carbonZ_2018-09-11-15-06-34_3_rudder_left_failure,rudder,-2.13999986649,-385.988800049,11.5664405823,55,20.8494701385,-0.141527712345,168.924606323,-18.4775047302,3.12247395515,-0.0330193601549,0
1536693703385954104,11.869019648,carbonZ_2018-09-11-15-06-34_3_rudder_left_failure,rudder,-2.15999984741,-374.305145264,11.2231445312,55,20.8494701385,-0.141527712345,168.924606323,-18.471540451,2.78366923332,0.179274648428,0
1536693703437237528,11.920303072,carbonZ_2018-09-11-15-06-34_3_rudder_left_failure,rudder,-2.15999984741,-374.305145264,10.9171791077,54,20.8494701385,-0.141527712345,168.924606323,-18.4712123871,2.60466003418,0.288460880518,0
1536693703460189976,11.94325552,carbonZ_2018-09-11-15-06-34_3_rudder_left_failure,rudder,-2.15999984741,-374.305145264,10.9171791077,54,20.8494701385,-0.141527712345,168.924606323,-18.4782066345,2.53913116455,0.327012211084,0
1536693703536886328,12.019951872,carbonZ_2018-09-11-15-06-34_3_rudder_left_failure,rudder,-2.13999986649,-363.249389648,10.6406135559,54,26.2942295074,-1.9152661562,171.094284058,-18.486497879,2.28496861458,0.477833658457,0
1536693703576000024,12.059065568,carbonZ_2018-09-11-15-06-34_3_rudder_left_failure,rudder,-2.13999986649,-363.249389648,10.6406135559,54,26.2942295074,-1.9152661562,171.094284058,-18.4926319122,2.15573406219,0.558085441589,0
1536693703617787192,12.100852736,carbonZ_2018-09-11-15-06-34_3_rudder_left_failure,rudder,-2.09999990463,-363.249389648,10.3905792236,54,26.2942295074,-1.9152661562,171.094284058,-18.4994220734,2.02582740784,0.640443682671,0
1536693703649525336,12.13259088,carbonZ_2018-09-11-15-06-34_3_rudder_left_failure,rudder,-2.09999990463,-363.249389648,10.3905792236,54,26.2942295074,-1.9152661562,171.094284058,-18.5064945221,1.89469027519,0.730911016464,0
1536693703722616216,12.20568176,carbonZ_2018-09-11-15-06-34_3_rudder_left_failure,rudder,-2.03999996185,-353.64855957,10.1705131531,54,26.2942295074,-1.9152661562,171.094284058,-18.5120620728,1.69833171368,0.868845522404,0
1536693703774534488,12.257600032,carbonZ_2018-09-11-15-06-34_3_rudder_left_failure,rudder,-2.03999996185,-353.64855957,10.1705131531,54,26.2942295074,-1.9152661562,171.094284058,-18.5291576385,1.48077058792,1.00130534172,0
1536693703804303736,12.28736928,carbonZ_2018-09-11-15-06-34_3_rudder_left_failure,rudder,-1.94999992847,-353.64855957,9.9762802124,54,26.2942295074,-1.9152661562,171.094284058,-18.5396766663,1.27094948292,1.12149572372,0
1536693703859651064,12.342716608,carbonZ_2018-09-11-15-06-34_3_rudder_left_failure,rudder,-1.94999992847,-353.64855957,9.9762802124,54,26.2942295074,-1.9152661562,171.094284058,-18.5507278442,1.19107544422,1.1570982933,0
1536693703918861400,12.401926944,carbonZ_2018-09-11-15-06-34_3_rudder_left_failure,rudder,-1.84999990463,-351.748077393,9.80843734741,53,31.9389076233,-3.32166409492,174.283813477,-18.5843105316,0.803400874138,1.34776043892,0
1536693704006749688,12.489815232,carbonZ_2018-09-11-15-06-34_3_rudder_left_failure,rudder,-1.7199999094,-351.748077393,9.66910934448,53,31.9389076233,-3.32166409492,174.283813477,-18.6149654388,0.553722441196,1.45477902889,0
1536693704022603256,12.5056688,carbonZ_2018-09-11-15-06-34_3_rudder_left_failure,rudder,-1.7199999094,-351.748077393,9.66910934448,53,31.9389076233,-3.32166409492,174.283813477,-18.6149654388,0.553722441196,1.45477902889,0
1536693704070075544,12.553141088,carbonZ_2018-09-11-15-06-34_3_rudder_left_failure,rudder,-1.7199999094,-351.748077393,9.66910934448,53,31.9389076233,-3.32166409492,174.283813477,-18.6316452026,0.386968642473,1.51339685917,0
1536693704110258872,12.593324416,carbonZ_2018-09-11-15-06-34_3_rudder_left_failure,rudder,-1.56999993324,-352.8387146,9.5435256958,53,31.9389076233,-3.32166409492,174.283813477,-18.6557254791,0.130128696561,1.59790611267,0
1536693704151408984,12.634474528,carbonZ_2018-09-11-15-06-34_3_rudder_left_failure,rudder,-1.56999993324,-352.8387146,9.5435256958,53,31.9389076233,-3.32166409492,174.283813477,-18.6810894012,-0.118274658918,1.68291282654,0
1536693704240902776,12.72396832,carbonZ_2018-09-11-15-06-34_3_rudder_left_failure,rudder,-1.40999996662,-352.8387146,9.44903564453,53,31.9389076233,-3.32166409492,174.283813477,-18.7085952759,-0.376079410315,1.76593697071,0
1536693704258496984,12.741562528,carbonZ_2018-09-11-15-06-34_3_rudder_left_failure,rudder,-1.40999996662,-352.8387146,9.44903564453,53,33.2044334412,-4.96316719055,178.984542847,-18.7216949463,-0.464104741812,1.78571641445,0
1536693704330020056,12.8130856,carbonZ_2018-09-11-15-06-34_3_rudder_left_failure,rudder,-1.24000000954,-374.256134033,9.36724853516,53,33.2044334412,-4.96316719055,178.984542847,-18.7528438568,-0.804425477982,1.89847421646,0
1536693704356507160,12.839572704,carbonZ_2018-09-11-15-06-34_3_rudder_left_failure,rudder,-1.24000000954,-374.256134033,9.36724853516,53,33.2044334412,-4.96316719055,178.984542847,-18.7657146454,-0.895240187645,1.92617714405,0
1536693704409468888,12.892534432,carbonZ_2018-09-11-15-06-34_3_rudder_left_failure,rudder,-1.05999994278,-374.256134033,9.30936050415,53,33.2044334412,-4.96316719055,178.984542847,-18.7827663422,-1.15200018883,2.03218460083,0
1536693704452309400,12.935374944,carbonZ_2018-09-11-15-06-34_3_rudder_left_failure,rudder,-1.05999994278,-374.256134033,9.30936050415,53,33.2044334412,-4.96316719055,178.984542847,-18.8009986877,-1.32120382786,2.09868335724,0
1536693704508443416,12.99150896,carbonZ_2018-09-11-15-06-34_3_rudder_left_failure,rudder,-0.8599999547,-390.784637451,9.26616287231,53,33.2044334412,-4.96316719055,178.984542847,-18.8009986877,-1.32120382786,2.09868335724,0
1536693704617118424,13.100183968,carbonZ_2018-09-11-15-06-34_3_rudder_left_failure,rudder,-0.639999985695,-390.784637451,9.24798202515,53,33.2044334412,-4.96316719055,178.984542847,-18.8601284027,-2.44896435738,2.20195865631,0
1536693704680268504,13.163334048,carbonZ_2018-09-11-15-06-34_3_rudder_left_failure,rudder,-0.639999985695,-390.784637451,9.24798202515,53,33.2044334412,-4.96316719055,178.984542847,-18.8601284027,-2.44896435738,2.20195865631,0
1536693704716517048,13.199582592,carbonZ_2018-09-11-15-06-34_3_rudder_left_failure,rudder,-0.42999997735,-394.729034424,9.23937225342,53,33.2044334412,-4.96316719055,178.984542847,-18.8722171783,-2.8283200264,2.19810557365,0
1536693704766297944,13.249363488,carbonZ_2018-09-11-15-06-34_3_rudder_left_failure,rudder,-0.199999988079,-394.729034424,9.23210525513,53,36.3640518188,-6.2043299675,-171.759094238,-18.8858470917,-3.22469115257,2.15889239311,0
1536693704813042264,13.296107808,carbonZ_2018-09-11-15-06-34_3_rudder_left_failure,rudder,-0.199999988079,-394.729034424,9.23210525513,53,36.3640518188,-6.2043299675,-171.759094238,-18.8836631775,-3.49618172646,2.11954116821,0
1536693704854370328,13.337435872,carbonZ_2018-09-11-15-06-34_3_rudder_left_failure,rudder,-0.199999988079,-394.729034424,9.23210525513,53,36.3640518188,-6.2043299675,-171.759094238,-18.8905315399,-3.76286506653,2.08972835541,0
1536693704913418488,13.396484032,carbonZ_2018-09-11-15-06-34_3_rudder_left_failure,rudder,0.00999999977648,-419.168457031,9.22725296021,53,36.3640518188,-6.2043299675,-171.759094238,-18.8857212067,-4.16949748993,2.02210044861,0
1536693704956413080,13.439478624,carbonZ_2018-09-11-15-06-34_3_rudder_left_failure,rudder,0.00999999977648,-419.168457031,9.22725296021,53,36.3640518188,-6.2043299675,-171.759094238,-18.8849067688,-4.46606302261,1.95154178143,0
1536693704999672504,13.482738048,carbonZ_2018-09-11-15-06-34_3_rudder_left_failure,rudder,0.199999988079,-419.168457031,9.21273422241,53,36.3640518188,-6.2043299675,-171.759094238,-18.8718566895,-4.74642562866,1.87128174305,0
1536693705056371160,13.539436704,carbonZ_2018-09-11-15-06-34_3_rudder_left_failure,rudder,0.199999988079,-419.168457031,9.21273422241,53,36.3640518188,-6.2043299675,-171.759094238,-18.8523826599,-5.18678236008,1.75145697594,0
1536693705097683160,13.580748704,carbonZ_2018-09-11-15-06-34_3_rudder_left_failure,rudder,0.379999995232,-428.032501221,9.19705963135,53,36.3640518188,-6.2043299675,-171.759094238,-18.82305336,-5.46615219116,1.6793769598,0
1536693705180565848,13.663631392,carbonZ_2018-09-11-15-06-34_3_rudder_left_failure,rudder,0.379999995232,-428.032501221,9.19705963135,53,36.3640518188,-6.2043299675,-171.759094238,-18.7654056549,-6.02882862091,1.55301952362,0
1536693705207950680,13.691016224,carbonZ_2018-09-11-15-06-34_3_rudder_left_failure,rudder,0.539999961853,-428.032501221,9.18820571899,53,36.3640518188,-6.2043299675,-171.759094238,-18.7209587097,-6.32474756241,1.47478878498,0
1536693705240408600,13.723474144,carbonZ_2018-09-11-15-06-34_3_rudder_left_failure,rudder,0.539999961853,-428.032501221,9.18820571899,53,36.3640518188,-6.2043299675,-171.759094238,-18.7021770477,-6.45976018906,1.43282496929,0
1536693705322044952,13.805110496,carbonZ_2018-09-11-15-06-34_3_rudder_left_failure,rudder,0.680000007153,-447.608947754,9.17665100098,53,36.3640518188,-6.2043299675,-171.759094238,-18.5923728943,-7.02982521057,1.30420207977,0
1536693705335248120,13.818313664,carbonZ_2018-09-11-15-06-34_3_rudder_left_failure,rudder,0.680000007153,-447.608947754,9.17665100098,53,36.8236541748,-3.85187149048,-160.416015625,-18.5923728943,-7.02982521057,1.30420207977,0
1536693705374156664,13.857222208,carbonZ_2018-09-11-15-06-34_3_rudder_left_failure,rudder,0.680000007153,-447.608947754,9.17665100098,53,36.8236541748,-3.85187149048,-160.416015625,-18.5038013458,-7.40985441208,1.24869692326,0
1536693705403544568,13.886610112,carbonZ_2018-09-11-15-06-34_3_rudder_left_failure,rudder,0.799999952316,-447.608947754,9.17183303833,53,36.8236541748,-3.85187149048,-160.416015625,-18.3960552216,-7.81747865677,1.21995937824,0
1536693705458756472,13.941822016,carbonZ_2018-09-11-15-06-34_3_rudder_left_failure,rudder,0.799999952316,-447.608947754,9.17183303833,53,36.8236541748,-3.85187149048,-160.416015625,-18.3074798584,-8.10051727295,1.17693138123,0
1536693705521029624,14.004095168,carbonZ_2018-09-11-15-06-34_3_rudder_left_failure,rudder,0.919999957085,-476.321411133,9.17074966431,53,36.8236541748,-3.85187149048,-160.416015625,-18.2166366577,-8.39517402649,1.10312652588,0
1536693705563884344,14.046949888,carbonZ_2018-09-11-15-06-34_3_rudder_left_failure,rudder,0.919999957085,-476.321411133,9.17074966431,53,36.8236541748,-3.85187149048,-160.416015625,-18.1136035919,-8.70942687988,1.02602696419,0
1536693705604172216,14.08723776,carbonZ_2018-09-11-15-06-34_3_rudder_left_failure,rudder,1.01999998093,-476.321411133,9.16159057617,53,36.8236541748,-3.85187149048,-160.416015625,-17.8835391998,-9.32292079926,0.876893997192,0
1536693705670385272,14.153450816,carbonZ_2018-09-11-15-06-34_3_rudder_left_failure,rudder,1.01999998093,-476.321411133,9.16159057617,53,38.7212104797,-2.59340691566,-153.458892822,-17.8275184631,-9.46306800842,0.845497846603,0
1536693705709340888,14.192406432,carbonZ_2018-09-11-15-06-34_3_rudder_left_failure,rudder,1.11000001431,-480.165863037,9.14995956421,53,38.7212104797,-2.59340691566,-153.458892822,-17.6421298981,-9.88773059845,0.763910889626,0
1536693705775186488,14.258252032,carbonZ_2018-09-11-15-06-34_3_rudder_left_failure,rudder,1.11000001431,-480.165863037,9.14995956421,53,38.7212104797,-2.59340691566,-153.458892822,-17.4534416199,-10.293797493,0.706119894981,0
1536693705805509624,14.288575168,carbonZ_2018-09-11-15-06-34_3_rudder_left_failure,rudder,1.17999994755,-480.165863037,9.1392326355,53,38.7212104797,-2.59340691566,-153.458892822,-17.3850841522,-10.4322414398,0.684444904327,0
1536693705847990040,14.331055584,carbonZ_2018-09-11-15-06-34_3_rudder_left_failure,rudder,1.17999994755,-480.165863037,9.1392326355,53,38.7212104797,-2.59340691566,-153.458892822,-17.2446079254,-10.7038049698,0.632365465164,0
1536693705892468600,14.375534144,carbonZ_2018-09-11-15-06-34_3_rudder_left_failure,rudder,1.25,-488.488006592,9.12994766235,53,38.7212104797,-2.59340691566,-153.458892822,-17.0429153442,-11.0658512115,0.571232318878,0
1536693705927556984,14.410622528,carbonZ_2018-09-11-15-06-34_3_rudder_left_failure,rudder,1.25,-488.488006592,9.12994766235,53,38.7212104797,-2.59340691566,-153.458892822,-16.8915309906,-11.3229598999,0.534489691257,0
1536693706009983384,14.493048928,carbonZ_2018-09-11-15-06-34_3_rudder_left_failure,rudder,1.29999995232,-488.488006592,9.12937545776,53,38.7212104797,-2.59340691566,-153.458892822,-16.5931301117,-11.8135871887,0.492149829865,0
1536693706058976888,14.542042432,carbonZ_2018-09-11-15-06-34_3_rudder_left_failure,rudder,1.29999995232,-488.488006592,9.12937545776,53,40.7003746033,-0.825084984303,-144.976989746,-16.4318141937,-12.0613327026,0.471424341202,0
1536693706081474456,14.56454,carbonZ_2018-09-11-15-06-34_3_rudder_left_failure,rudder,1.29999995232,-488.488006592,9.12937545776,53,40.7003746033,-0.825084984303,-144.976989746,-16.2595310211,-12.3068618774,0.44680672884,0
1536693706104711064,14.587776608,carbonZ_2018-09-11-15-06-34_3_rudder_left_failure,rudder,1.33999991417,-504.278564453,9.1329498291,53,40.7003746033,-0.825084984303,-144.976989746,-16.2595310211,-12.3068618774,0.44680672884,0
1536693706149286552,14.632352096,carbonZ_2018-09-11-15-06-34_3_rudder_left_failure,rudder,1.33999991417,-504.278564453,9.1329498291,53,40.7003746033,-0.825084984303,-144.976989746,-16.0048332214,-12.661149025,0.418197393417,0
1536693706216457144,14.699522688,carbonZ_2018-09-11-15-06-34_3_rudder_left_failure,rudder,1.38999998569,-504.278564453,9.13845062256,53,40.7003746033,-0.825084984303,-144.976989746,-15.7417325974,-13.0168371201,0.389151185751,0
1536693706320426072,14.803491616,carbonZ_2018-09-11-15-06-34_3_rudder_left_failure,rudder,1.42999994755,-497.227478027,9.15449523926,53,40.7003746033,-0.825084984303,-144.976989746,-15.264166832,-13.6152324677,0.33268404007,0
1536693706365749112,14.848814656,carbonZ_2018-09-11-15-06-34_3_rudder_left_failure,rudder,1.42999994755,-497.227478027,9.15449523926,53,40.7003746033,-0.825084984303,-144.976989746,-14.867685318,-14.0784244537,0.302882134914,0
1536693706424081816,14.90714736,carbonZ_2018-09-11-15-06-34_3_rudder_left_failure,rudder,1.4699999094,-497.227478027,9.15620040894,53,42.3889427185,-0.270649015903,-136.455123901,-14.7719497681,-14.1899614334,0.306112796068,0
1536693706481604984,14.964670528,carbonZ_2018-09-11-15-06-34_3_rudder_left_failure,rudder,1.4699999094,-497.227478027,9.15620040894,53,42.3889427185,-0.270649015903,-136.455123901,-14.4768047333,-14.5126256943,0.324356228113,0
1536693706535222136,15.01828768,carbonZ_2018-09-11-15-06-34_3_rudder_left_failure,rudder,1.50999999046,-502.017211914,9.17561721802,53,42.3889427185,-0.270649015903,-136.455123901,-14.1463022232,-14.845407486,0.341773092747,0
1536693706543243416,15.02630896,carbonZ_2018-09-11-15-06-34_3_rudder_left_failure,rudder,1.50999999046,-502.017211914,9.17561721802,53,42.3889427185,-0.270649015903,-136.455123901,-14.1463022232,-14.845407486,0.341773092747,0
1536693706630342104,15.113407648,carbonZ_2018-09-11-15-06-34_3_rudder_left_failure,rudder,1.53999996185,-502.017211914,9.19638824463,53,42.3889427185,-0.270649015903,-136.455123901,-13.5037918091,-15.4641752243,0.240585774183,0
1536693706658793688,15.141859232,carbonZ_2018-09-11-15-06-34_3_rudder_left_failure,rudder,1.53999996185,-502.017211914,9.19638824463,53,42.3889427185,-0.270649015903,-136.455123901,-13.3771286011,-15.5785570145,0.216746762395,0
1536693706709437080,15.192502624,carbonZ_2018-09-11-15-06-34_3_rudder_left_failure,rudder,1.56999993324,-504.819671631,9.20751953125,53,42.3889427185,-0.270649015903,-136.455123901,-12.8302984238,-16.0447921753,0.135484203696,0
1536693706747521720,15.230587264,carbonZ_2018-09-11-15-06-34_3_rudder_left_failure,rudder,1.56999993324,-504.819671631,9.20751953125,53,42.3889427185,-0.270649015903,-136.455123901,-12.6915168762,-16.1628341675,0.11174877733,0
1536693706839293336,15.32235888,carbonZ_2018-09-11-15-06-34_3_rudder_left_failure,rudder,1.58999991417,-504.819671631,9.20331573486,53,42.3889427185,-0.270649015903,-136.455123901,-12.1407613754,-16.5957336426,0.0231463257223,0
1536693706879271992,15.362337536,carbonZ_2018-09-11-15-06-34_3_rudder_left_failure,rudder,1.58999991417,-504.819671631,9.20331573486,53,44.3884849548,0.654794573784,-125.612014771,-11.8556852341,-16.8047657013,-0.0164871662855,0
1536693706915968664,15.399034208,carbonZ_2018-09-11-15-06-34_3_rudder_left_failure,rudder,1.59999990463,-489.973449707,9.18623352051,53,44.3884849548,0.654794573784,-125.612014771,-11.5832929611,-16.9978961945,-0.0404787622392,0
1536693706955555160,15.438620704,carbonZ_2018-09-11-15-06-34_3_rudder_left_failure,rudder,1.59999990463,-489.973449707,9.18623352051,53,44.3884849548,0.654794573784,-125.612014771,-11.2930450439,-17.2003746033,-0.0698467642069,0
1536693707035094168,15.518159712,carbonZ_2018-09-11-15-06-34_3_rudder_left_failure,rudder,1.58999991417,-489.973449707,9.15004730225,53,44.3884849548,0.654794573784,-125.612014771,-10.7605209351,-17.5510177612,-0.0860245078802,0
1536693707049662456,15.532728,carbonZ_2018-09-11-15-06-34_3_rudder_left_failure,rudder,1.58999991417,-489.973449707,9.15004730225,53,44.3884849548,0.654794573784,-125.612014771,-10.6175680161,-17.6370887756,-0.0978521555662,0
1536693707117125112,15.600190656,carbonZ_2018-09-11-15-06-34_3_rudder_left_failure,rudder,1.58999991417,-488.627624512,9.11597824097,53,44.3884849548,0.654794573784,-125.612014771,-10.1605510712,-17.8910140991,-0.137384057045,0
1536693707158325976,15.64139152,carbonZ_2018-09-11-15-06-34_3_rudder_left_failure,rudder,1.58999991417,-488.627624512,9.11597824097,53,44.6857032776,1.18145895004,-118.792724609,-9.86116027832,-18.0547657013,-0.166995480657,0
1536693707190688344,15.673753888,carbonZ_2018-09-11-15-06-34_3_rudder_left_failure,rudder,1.57999992371,-488.627624512,9.07027053833,53,44.6857032776,1.18145895004,-118.792724609,-9.39784431458,-18.3003120422,-0.206051617861,0
1536693707227066680,15.710132224,carbonZ_2018-09-11-15-06-34_3_rudder_left_failure,rudder,1.57999992371,-488.627624512,9.07027053833,53,44.6857032776,1.18145895004,-118.792724609,-9.24939250946,-18.3761863708,-0.220397084951,0
1536693707325358520,15.808424064,carbonZ_2018-09-11-15-06-34_3_rudder_left_failure,rudder,1.56999993324,-500.045593262,9.02661132812,53,44.6857032776,1.18145895004,-118.792724609,-8.62089443207,-18.6560897827,-0.281608939171,0
1536693707354169624,15.837235168,carbonZ_2018-09-11-15-06-34_3_rudder_left_failure,rudder,1.56999993324,-500.045593262,9.02661132812,53,44.6857032776,1.18145895004,-118.792724609,-8.29915904999,-18.7967185974,-0.305638223886,0
1536693707397845496,15.88091104,carbonZ_2018-09-11-15-06-34_3_rudder_left_failure,rudder,1.54999995232,-500.045593262,8.96517181396,53,44.6857032776,1.18145895004,-118.792724609,-7.95828104019,-18.9398765564,-0.338405966759,0
1536693707446786904,15.929852448,carbonZ_2018-09-11-15-06-34_3_rudder_left_failure,rudder,1.54999995232,-500.045593262,8.96517181396,53,44.6857032776,1.18145895004,-118.792724609,-7.47964859009,-19.1337547302,-0.374826431274,0
1536693707522046136,16.00511168,carbonZ_2018-09-11-15-06-34_3_rudder_left_failure,rudder,1.52999997139,-480.727783203,8.89448165894,52,44.6857032776,1.18145895004,-118.792724609,-6.97199487686,-19.2934036255,-0.420755565166,0
1536693707538992024,16.022057568,carbonZ_2018-09-11-15-06-34_3_rudder_left_failure,rudder,1.52999997139,-480.727783203,8.89448165894,52,44.6857032776,1.18145895004,-118.792724609,-6.79711008072,-19.3513507843,-0.430210232735,0
1536693707595640376,16.07870592,carbonZ_2018-09-11-15-06-34_3_rudder_left_failure,rudder,1.5,-480.727783203,8.82591629028,52,45.1976165771,1.40910351276,-107.269042969,-6.29830408096,-19.503320694,-0.461701095104,0
1536693707662113784,16.145179328,carbonZ_2018-09-11-15-06-34_3_rudder_left_failure,rudder,1.5,-480.727783203,8.82591629028,52,45.1976165771,1.40910351276,-107.269042969,-5.76316833496,-19.660774231,-0.502680420876,0
1536693707688383704,16.171449248,carbonZ_2018-09-11-15-06-34_3_rudder_left_failure,rudder,1.45999991894,-481.802734375,8.73769760132,52,45.1976165771,1.40910351276,-107.269042969,-5.40508842468,-19.7419166565,-0.542304754257,0
1536693707704242136,16.18730768,carbonZ_2018-09-11-15-06-34_3_rudder_left_failure,rudder,1.45999991894,-481.802734375,8.73769760132,52,45.1976165771,1.40910351276,-107.269042969,-5.40508842468,-19.7419166565,-0.542304754257,0
1536693707755982808,16.239048352,carbonZ_2018-09-11-15-06-34_3_rudder_left_failure,rudder,1.45999991894,-481.802734375,8.73769760132,52,45.1976165771,1.40910351276,-107.269042969,-4.86870336533,-19.8506946564,-0.607487738132,0
1536693707859853912,16.342919456,carbonZ_2018-09-11-15-06-34_3_rudder_left_failure,rudder,1.40999996662,-481.802734375,8.62020111084,52,45.1976165771,1.40910351276,-107.269042969,-4.00040769577,-20.0165977478,-0.61244058609,0
1536693707922397272,16.405462816,carbonZ_2018-09-11-15-06-34_3_rudder_left_failure,rudder,1.35000002384,-481.91204834,8.50954437256,52,45.1976165771,1.40910351276,-107.269042969,-3.53239941597,-20.0708618164,-0.564858257771,0
1536693707974935544,16.458001088,carbonZ_2018-09-11-15-06-34_3_rudder_left_failure,rudder,1.35000002384,-481.91204834,8.50954437256,52,45.9543609619,2.003272295,-97.977104187,-3.20490980148,-20.1047649384,-0.548906981945,0
1536693707991576344,16.474641888,carbonZ_2018-09-11-15-06-34_3_rudder_left_failure,rudder,1.28999996185,-481.91204834,8.38766479492,52,45.9543609619,2.003272295,-97.977104187,-2.87652635574,-20.1387348175,-0.524490177631,0
1536693708027818296,16.51088384,carbonZ_2018-09-11-15-06-34_3_rudder_left_failure,rudder,1.28999996185,-481.91204834,8.38766479492,52,45.9543609619,2.003272295,-97.977104187,-2.52670264244,-20.1714744568,-0.515436768532,0
1536693708135046392,16.618111936,carbonZ_2018-09-11-15-06-34_3_rudder_left_failure,rudder,1.24000000954,-463.720703125,8.26114654541,52,45.9543609619,2.003272295,-97.977104187,-1.69454526901,-20.2055549622,-0.529037475586,0
1536693708185879480,16.668945024,carbonZ_2018-09-11-15-06-34_3_rudder_left_failure,rudder,1.18999993801,-463.720703125,8.13397979736,52,45.9543609619,2.003272295,-97.977104187,-1.15552222729,-20.1998062134,-0.594924211502,0
1536693708227311800,16.710377344,carbonZ_2018-09-11-15-06-34_3_rudder_left_failure,rudder,1.18999993801,-463.720703125,8.13397979736,52,45.9543609619,2.003272295,-97.977104187,-0.803172588348,-20.1969223022,-0.624149978161,0
1536693708293868728,16.776934272,carbonZ_2018-09-11-15-06-34_3_rudder_left_failure,rudder,1.12000000477,-458.605194092,7.99194717407,52,45.9543609619,2.003272295,-97.977104187,-0.265855461359,-20.1729640961,-0.668933033943,0
1536693708323994936,16.80706048,carbonZ_2018-09-11-15-06-34_3_rudder_left_failure,rudder,1.12000000477,-458.605194092,7.99194717407,52,44.8459701538,3.19315743446,-88.1771240234,-0.265855461359,-20.1729640961,-0.668933033943,0
1536693708376941848,16.860007392,carbonZ_2018-09-11-15-06-34_3_rudder_left_failure,rudder,1.12000000477,-458.605194092,7.99194717407,52,44.8459701538,3.19315743446,-88.1771240234,0.411406159401,-20.1150474548,-0.736603677273,0
1536693708416156728,16.899222272,carbonZ_2018-09-11-15-06-34_3_rudder_left_failure,rudder,1.04999995232,-458.605194092,7.8376083374,51,44.8459701538,3.19315743446,-88.1771240234,0.758604288101,-20.0727405548,-0.784075498581,0
1536693708491969752,16.975035296,carbonZ_2018-09-11-15-06-34_3_rudder_left_failure,rudder,0.969999969006,-452.896484375,7.67768096924,51,44.8459701538,3.19315743446,-88.1771240234,1.26392304897,-20.0032196045,-0.829427480698,0
1536693708515441944,16.998507488,carbonZ_2018-09-11-15-06-34_3_rudder_left_failure,rudder,0.969999969006,-452.896484375,7.67768096924,51,44.8459701538,3.19315743446,-88.1771240234,1.60012614727,-19.9450397491,-0.854149758816,0
1536693708550429944,17.033495488,carbonZ_2018-09-11-15-06-34_3_rudder_left_failure,rudder,0.969999969006,-452.896484375,7.67768096924,51,44.8459701538,3.19315743446,-88.1771240234,2.09811520576,-19.8463993073,-0.892218291759,0
1536693708603113112,17.086178656,carbonZ_2018-09-11-15-06-34_3_rudder_left_failure,rudder,0.879999995232,-452.896484375,7.51359939575,51,44.8459701538,3.19315743446,-88.1771240234,2.09811520576,-19.8463993073,-0.892218291759,0
1536693708661628888,17.144694432,carbonZ_2018-09-11-15-06-34_3_rudder_left_failure,rudder,0.879999995232,-452.896484375,7.51359939575,51,43.402759552,3.52556061745,-80.2374572754,2.87413883209,-19.6628170013,-0.925374686718,0
1536693708735653432,17.218718976,carbonZ_2018-09-11-15-06-34_3_rudder_left_failure,rudder,0.77999997139,-432.314697266,7.33203887939,51,43.402759552,3.52556061745,-80.2374572754,3.34029388428,-19.5195732117,-0.945750653744,0
1536693708755432760,17.238498304,carbonZ_2018-09-11-15-06-34_3_rudder_left_failure,rudder,0.77999997139,-432.314697266,7.33203887939,51,43.402759552,3.52556061745,-80.2374572754,3.49998354912,-19.4699134827,-0.949677348137,0
1536693708849583544,17.332649088,carbonZ_2018-09-11-15-06-34_3_rudder_left_failure,rudder,0.680000007153,-432.314697266,7.15341949463,51,43.402759552,3.52556061745,-80.2374572754,4.27223825455,-19.2035694122,-0.971692621708,0
1536693708932741240,17.415806784,carbonZ_2018-09-11-15-06-34_3_rudder_left_failure,rudder,0.589999973774,-418.161193848,6.96756362915,51,43.402759552,3.52556061745,-80.2374572754,4.87155723572,-18.951259613,-0.984324574471,0
1536693708943668280,17.426733824,carbonZ_2018-09-11-15-06-34_3_rudder_left_failure,rudder,0.589999973774,-418.161193848,6.96756362915,51,43.402759552,3.52556061745,-80.2374572754,4.87155723572,-18.951259613,-0.984324574471,0
1536693709012038584,17.495104128,carbonZ_2018-09-11-15-06-34_3_rudder_left_failure,rudder,0.489999979734,-418.161193848,6.77093505859,50,43.402759552,3.52556061745,-80.2374572754,5.42930698395,-18.7048034668,-0.996245503426,0
1536693709050102808,17.533168352,carbonZ_2018-09-11-15-06-34_3_rudder_left_failure,rudder,0.489999979734,-418.161193848,6.77093505859,50,42.9978866577,3.73353815079,-71.403968811,5.71667289734,-18.5737953186,-1.00126922131,0
1536693709113703384,17.596768928,carbonZ_2018-09-11-15-06-34_3_rudder_left_failure,rudder,0.389999985695,-409.441375732,6.5855140686,50,42.9978866577,3.73353815079,-71.403968811,6.14393424988,-18.3595867157,-1.00755536556,0
1536693709170908088,17.653973632,carbonZ_2018-09-11-15-06-34_3_rudder_left_failure,rudder,0.389999985695,-409.441375732,6.5855140686,50,42.9978866577,3.73353815079,-71.403968811,6.56137418747,-18.1376113892,-1.01661837101,0
1536693709233989432,17.717054976,carbonZ_2018-09-11-15-06-34_3_rudder_left_failure,rudder,0.289999991655,-409.441375732,6.37604141235,50,42.9978866577,3.73353815079,-71.403968811,6.96795082092,-17.9107475281,-1.02753770351,0
1536693709250171640,17.733237184,carbonZ_2018-09-11-15-06-34_3_rudder_left_failure,rudder,0.289999991655,-409.441375732,6.37604141235,50,42.9978866577,3.73353815079,-71.403968811,7.09913635254,-17.8373603821,-1.03441393375,0
1536693709346601656,17.8296672,carbonZ_2018-09-11-15-06-34_3_rudder_left_failure,rudder,0.179999992251,-381.625183105,6.17403030396,50,42.9978866577,3.73353815079,-71.403968811,7.87364244461,-17.3500614166,-1.07781159878,0
1536693709432296728,17.915362272,carbonZ_2018-09-11-15-06-34_3_rudder_left_failure,rudder,0.070000000298,-381.625183105,5.96238708496,50,41.7099304199,3.90220355988,-63.6323242188,8.36659622192,-17.0172557831,-1.09344923496,0
1536693709471461112,17.954526656,carbonZ_2018-09-11-15-06-34_3_rudder_left_failure,rudder,0.070000000298,-381.625183105,5.96238708496,50,41.7099304199,3.90220355988,-63.6323242188,8.36659622192,-17.0172557831,-1.09344923496,0
1536693709512054136,17.99511968,carbonZ_2018-09-11-15-06-34_3_rudder_left_failure,rudder,-0.0599999986589,-357.764038086,5.75522232056,49,41.7099304199,3.90220355988,-63.6323242188,8.6831445694,-16.7765750885,-1.09653031826,0
1536693709549741880,18.032807424,carbonZ_2018-09-11-15-06-34_3_rudder_left_failure,rudder,-0.0599999986589,-357.764038086,5.75522232056,49,41.7099304199,3.90220355988,-63.6323242188,8.90193462372,-16.614068985,-1.08555436134,0
1536693709607586296,18.09065184,carbonZ_2018-09-11-15-06-34_3_rudder_left_failure,rudder,-0.179999992251,-357.764038086,5.54538345337,49,41.7099304199,3.90220355988,-63.6323242188,9.2249546051,-16.3566532135,-1.08289957047,0
1536693709649591224,18.132656768,carbonZ_2018-09-11-15-06-34_3_rudder_left_failure,rudder,-0.179999992251,-357.764038086,5.54538345337,49,41.7099304199,3.90220355988,-63.6323242188,9.4119386673,-16.2052841187,-1.07497346401,0
1536693709738451608,18.221517152,carbonZ_2018-09-11-15-06-34_3_rudder_left_failure,rudder,-0.299999982119,-347.632598877,5.3515586853,49,41.7099304199,3.90220355988,-63.6323242188,9.81651687622,-15.8563785553,-1.04959666729,0
1536693709754419256,18.2374848,carbonZ_2018-09-11-15-06-34_3_rudder_left_failure,rudder,-0.299999982119,-347.632598877,5.3515586853,49,41.7099304199,3.90220355988,-63.6323242188,9.9173707962,-15.7663211823,-1.04314899445,0
1536693709822401080,18.305466624,carbonZ_2018-09-11-15-06-34_3_rudder_left_failure,rudder,-0.419999986887,-347.632598877,5.15253829956,49,41.7099304199,3.90220355988,-63.6323242188,10.3713207245,-15.3570508957,-0.995383858681,0
1536693709903310296,18.38637584,carbonZ_2018-09-11-15-06-34_3_rudder_left_failure,rudder,-0.52999997139,-349.299804688,4.96472167969,49,41.7099304199,3.90220355988,-63.6323242188,10.5450124741,-15.1830196381,-0.969897389412,0
1536693709955213336,18.43827888,carbonZ_2018-09-11-15-06-34_3_rudder_left_failure,rudder,-0.52999997139,-349.299804688,4.96472167969,49,37.963104248,2.27057766914,-52.862537384,10.802945137,-14.9370584488,-0.925520598888,0
1536693709990591320,18.473656864,carbonZ_2018-09-11-15-06-34_3_rudder_left_failure,rudder,-0.629999995232,-349.299804688,4.79302978516,48,37.963104248,2.27057766914,-52.862537384,10.9645643234,-14.7681760788,-0.895540893078,0
1536693710036012504,18.519078048,carbonZ_2018-09-11-15-06-34_3_rudder_left_failure,rudder,-0.629999995232,-349.299804688,4.79302978516,48,37.963104248,2.27057766914,-52.862537384,11.1237010956,-14.6098566055,-0.858690083027,0
1536693710108394808,18.591460352,carbonZ_2018-09-11-15-06-34_3_rudder_left_failure,rudder,-0.729999959469,-340.731994629,4.63131332397,48,37.963104248,2.27057766914,-52.862537384,11.4311008453,-14.2739706039,-0.791362464428,0
1536693710161581688,18.644647232,carbonZ_2018-09-11-15-06-34_3_rudder_left_failure,rudder,-0.729999959469,-340.731994629,4.63131332397,48,37.963104248,2.27057766914,-52.862537384,11.5899076462,-14.101143837,-0.744543433189,0
1536693710201614712,18.684680256,carbonZ_2018-09-11-15-06-34_3_rudder_left_failure,rudder,-0.819999992847,-340.731994629,4.47549819946,48,37.963104248,2.27057766914,-52.862537384,11.7250070572,-13.9404468536,-0.70979988575,0
1536693710217269976,18.70033552,carbonZ_2018-09-11-15-06-34_3_rudder_left_failure,rudder,-0.819999992847,-340.731994629,4.47549819946,48,36.5758972168,1.63058245182,-48.0829391479,11.8046064377,-13.8516216278,-0.689892470837,0
1536693710257156888,18.740222432,carbonZ_2018-09-11-15-06-34_3_rudder_left_failure,rudder,-0.819999992847,-340.731994629,4.47549819946,48,36.5758972168,1.63058245182,-48.0829391479,11.9474592209,-13.6794986725,-0.654014527798,0
1536693710356466648,18.839532192,carbonZ_2018-09-11-15-06-34_3_rudder_left_failure,rudder,-0.909999966621,-324.455627441,4.34213256836,48,36.5758972168,1.63058245182,-48.0829391479,12.282251358,-13.2636432648,-0.556913197041,0
1536693710412061752,18.895127296,carbonZ_2018-09-11-15-06-34_3_rudder_left_failure,rudder,-0.979999959469,-324.455627441,4.21446990967,48,36.5758972168,1.63058245182,-48.0829391479,12.47336483,-13.0104780197,-0.490948319435,0
1536693710463835768,18.946901312,carbonZ_2018-09-11-15-06-34_3_rudder_left_failure,rudder,-0.979999959469,-324.455627441,4.21446990967,48,36.5758972168,1.63058245182,-48.0829391479,12.6112947464,-12.8367919922,-0.46103861928,0
1536693710532072792,19.015138336,carbonZ_2018-09-11-15-06-34_3_rudder_left_failure,rudder,-1.03999996185,-303.757659912,4.11935043335,48,36.5758972168,1.63058245182,-48.0829391479,12.8686714172,-12.4637432098,-0.421135246754,0
1536693710565213880,19.048279424,carbonZ_2018-09-11-15-06-34_3_rudder_left_failure,rudder,-1.03999996185,-303.757659912,4.11935043335,48,36.5758972168,1.63058245182,-48.0829391479,12.9244937897,-12.38169384,-0.409811079502,0
1536693710607610040,19.090675584,carbonZ_2018-09-11-15-06-34_3_rudder_left_failure,rudder,-1.10000002384,-303.757659912,4.01642227173,48,35.6750602722,1.10849714279,-41.6808853149,13.1085309982,-12.1133909225,-0.368136525154,0
1536693710647699768,19.130765312,carbonZ_2018-09-11-15-06-34_3_rudder_left_failure,rudder,-1.10000002384,-303.757659912,4.01642227173,48,35.6750602722,1.10849714279,-41.6808853149,13.2311344147,-11.9469013214,-0.337378978729,0
1536693710710751448,19.193816992,carbonZ_2018-09-11-15-06-34_3_rudder_left_failure,rudder,-1.14999997616,-297.58605957,3.93663024902,48,35.6750602722,1.10849714279,-41.6808853149,13.3380460739,-11.7735652924,-0.304693192244,0
1536693710730041944,19.213107488,carbonZ_2018-09-11-15-06-34_3_rudder_left_failure,rudder,-1.14999997616,-297.58605957,3.93663024902,48,35.6750602722,1.10849714279,-41.6808853149,13.4598312378,-11.5886306763,-0.264473676682,0
1536693710761892312,19.244957856,carbonZ_2018-09-11-15-06-34_3_rudder_left_failure,rudder,-1.18999993801,-297.58605957,3.86471557617,47,35.6750602722,1.10849714279,-41.6808853149,13.6227836609,-11.3368988037,-0.201835870743,0
1536693710829914712,19.312980256,carbonZ_2018-09-11-15-06-34_3_rudder_left_failure,rudder,-1.18999993801,-297.58605957,3.86471557617,47,35.6750602722,1.10849714279,-41.6808853149,13.7265977859,-11.1638278961,-0.167186245322,0
1536693710894084216,19.37714976,carbonZ_2018-09-11-15-06-34_3_rudder_left_failure,rudder,-1.22000002861,-288.848876953,3.81630706787,47,35.6750602722,1.10849714279,-41.6808853149,13.8885087967,-10.8957633972,-0.12088419497,0
1536693710915420536,19.39848608,carbonZ_2018-09-11-15-06-34_3_rudder_left_failure,rudder,-1.22000002861,-288.848876953,3.81630706787,47,35.6750602722,1.10849714279,-41.6808853149,13.8885087967,-10.8957633972,-0.12088419497,0
1536693710988009432,19.471074976,carbonZ_2018-09-11-15-06-34_3_rudder_left_failure,rudder,-1.22000002861,-288.848876953,3.81630706787,47,35.2556152344,0.112511783838,-35.8146209717,14.0988054276,-10.5400028229,-0.0351986587048,0
1536693711031289112,19.514354656,carbonZ_2018-09-11-15-06-34_3_rudder_left_failure,rudder,-1.24000000954,-288.848876953,3.77080917358,47,35.2556152344,0.112511783838,-35.8146209717,14.2483119965,-10.2795810699,0.0315892063081,0
1536693711060075736,19.54314128,carbonZ_2018-09-11-15-06-34_3_rudder_left_failure,rudder,-1.24000000954,-288.848876953,3.77080917358,47,35.2556152344,0.112511783838,-35.8146209717,14.2962608337,-10.1836614609,0.0510372929275,0
1536693711143193080,19.626258624,carbonZ_2018-09-11-15-06-34_3_rudder_left_failure,rudder,-1.25,-287.970153809,3.74114608765,47,35.2556152344,0.112511783838,-35.8146209717,14.6023616791,-9.63280963898,0.160560190678,0
1536693711227870488,19.710936032,carbonZ_2018-09-11-15-06-34_3_rudder_left_failure,rudder,-1.25,-287.970153809,3.72745132446,47,35.2556152344,0.112511783838,-35.8146209717,14.7579069138,-9.34933853149,0.206804946065,0
1536693711277871512,19.760937056,carbonZ_2018-09-11-15-06-34_3_rudder_left_failure,rudder,-1.25,-287.970153809,3.72745132446,47,35.2556152344,0.112511783838,-35.8146209717,14.8641872406,-9.1624174118,0.229303687811,0
1536693711319863896,19.80292944,carbonZ_2018-09-11-15-06-34_3_rudder_left_failure,rudder,-1.25,-277.437194824,3.72077178955,47,35.2556152344,0.112511783838,-35.8146209717,14.9618110657,-8.96424388885,0.254971891642,0
1536693711350778040,19.833843584,carbonZ_2018-09-11-15-06-34_3_rudder_left_failure,rudder,-1.25,-277.437194824,3.72077178955,47,35.2556152344,0.112511783838,-35.8146209717,15.0637102127,-8.75766563416,0.289387077093,0
1536693711432490616,19.91555616,carbonZ_2018-09-11-15-06-34_3_rudder_left_failure,rudder,-1.24000000954,-277.437194824,3.71139526367,47,35.6018791199,-1.61564445496,-27.6747665405,15.2501049042,-8.38391876221,0.372326910496,0
1536693711470741784,19.953807328,carbonZ_2018-09-11-15-06-34_3_rudder_left_failure,rudder,-1.24000000954,-277.437194824,3.71139526367,47,35.6018791199,-1.61564445496,-27.6747665405,15.3041505814,-8.28026485443,0.395915657282,0
1536693711513283064,19.996348608,carbonZ_2018-09-11-15-06-34_3_rudder_left_failure,rudder,-1.20999991894,-270.022583008,3.72278213501,47,35.6018791199,-1.61564445496,-27.6747665405,15.4438714981,-7.98161506653,0.446713328362,0
1536693711575056056,20.0581216,carbonZ_2018-09-11-15-06-34_3_rudder_left_failure,rudder,-1.20999991894,-270.022583008,3.72278213501,47,35.6018791199,-1.61564445496,-27.6747665405,15.5892286301,-7.66172170639,0.481554061174,0
1536693711605088824,20.088154368,carbonZ_2018-09-11-15-06-34_3_rudder_left_failure,rudder,-1.16999995708,-270.022583008,3.7289276123,47,35.6018791199,-1.61564445496,-27.6747665405,15.6730203629,-7.4638838768,0.509688317776,0
1536693711674676888,20.157742432,carbonZ_2018-09-11-15-06-34_3_rudder_left_failure,rudder,-1.16999995708,-270.022583008,3.7289276123,47,35.6018791199,-1.61564445496,-27.6747665405,15.8058605194,-7.15257406235,0.558119654655,0
1536693711719121976,20.20218752,carbonZ_2018-09-11-15-06-34_3_rudder_left_failure,rudder,-1.12999999523,-265.747070312,3.74345016479,47,35.6018791199,-1.61564445496,-27.6747665405,15.8947057724,-6.9347114563,0.593019604683,0
1536693711760656568,20.243722112,carbonZ_2018-09-11-15-06-34_3_rudder_left_failure,rudder,-1.12999999523,-265.747070312,3.74345016479,47,35.6018791199,-1.61564445496,-27.6747665405,16.0599269867,-6.51812791824,0.656658828259,0
1536693711842135768,20.325201312,carbonZ_2018-09-11-15-06-34_3_rudder_left_failure,rudder,-1.06999993324,-265.747070312,3.7670249939,47,37.2570457458,-2.05170941353,-20.4473724365,16.1500415802,-6.29952287674,0.676980316639,0
1536693711857463160,20.340528704,carbonZ_2018-09-11-15-06-34_3_rudder_left_failure,rudder,-1.06999993324,-265.747070312,3.7670249939,47,37.2570457458,-2.05170941353,-20.4473724365,16.1867198944,-6.18504285812,0.686889946461,0
1536693711913954392,20.397019936,carbonZ_2018-09-11-15-06-34_3_rudder_left_failure,rudder,-1.00999999046,-268.536010742,3.79384994507,47,37.2570457458,-2.05170941353,-20.4473724365,16.3441467285,-5.74508333206,0.733646512032,0
1536693711956483672,20.439549216,carbonZ_2018-09-11-15-06-34_3_rudder_left_failure,rudder,-1.00999999046,-268.536010742,3.79384994507,47,37.2570457458,-2.05170941353,-20.4473724365,16.387550354,-5.63057565689,0.745106816292,0
1536693711995933368,20.478998912,carbonZ_2018-09-11-15-06-34_3_rudder_left_failure,rudder,-0.939999997616,-268.536010742,3.81655502319,47,37.2570457458,-2.05170941353,-20.4473724365,16.4570102692,-5.40528964996,0.767000794411,0
1536693712030313912,20.513379456,carbonZ_2018-09-11-15-06-34_3_rudder_left_failure,rudder,-0.939999997616,-268.536010742,3.81655502319,47,37.2570457458,-2.05170941353,-20.4473724365,16.5366134644,-5.18126487732,0.785051226616,0
1536693712130736824,20.613802368,carbonZ_2018-09-11-15-06-34_3_rudder_left_failure,rudder,-0.870000004768,-267.552001953,3.8454246521,47,37.2570457458,-2.05170941353,-20.4473724365,16.7061672211,-4.59761190414,0.822786152363,0
1536693712204008984,20.687074528,carbonZ_2018-09-11-15-06-34_3_rudder_left_failure,rudder,-0.789999961853,-267.552001953,3.87033081055,47,37.2570457458,-2.05170941353,-20.4473724365,16.8105735779,-4.23346662521,0.826410770416,0
1536693712223866264,20.706931808,carbonZ_2018-09-11-15-06-34_3_rudder_left_failure,rudder,-0.789999961853,-267.552001953,3.87033081055,47,37.4733848572,-2.48043107986,-12.8849506378,16.8105735779,-4.23346662521,0.826410770416,0
1536693712313758296,20.79682384,carbonZ_2018-09-11-15-06-34_3_rudder_left_failure,rudder,-0.709999978542,-263.072387695,3.89962387085,47,37.4733848572,-2.48043107986,-12.8849506378,16.9987182617,-3.50508904457,0.82976013422,0
1536693712354711448,20.837776992,carbonZ_2018-09-11-15-06-34_3_rudder_left_failure,rudder,-0.709999978542,-263.072387695,3.89962387085,47,37.4733848572,-2.48043107986,-12.8849506378,17.0575370789,-3.24424266815,0.84342944622,0
1536693712413038680,20.896104224,carbonZ_2018-09-11-15-06-34_3_rudder_left_failure,rudder,-0.629999995232,-263.072387695,3.92059707642,47,37.4733848572,-2.48043107986,-12.8849506378,17.1334381104,-2.8944940567,0.875513911247,0
1536693712434520952,20.917586496,carbonZ_2018-09-11-15-06-34_3_rudder_left_failure,rudder,-0.629999995232,-263.072387695,3.92059707642,47,37.4733848572,-2.48043107986,-12.8849506378,17.1548557281,-2.76153564453,0.878058969975,0
1536693712511941944,20.995007488,carbonZ_2018-09-11-15-06-34_3_rudder_left_failure,rudder,-0.539999961853,-281.88458252,3.9426612854,48,37.4733848572,-2.48043107986,-12.8849506378,17.250743866,-2.25923490524,0.893471300602,0
1536693712561118808,21.044184352,carbonZ_2018-09-11-15-06-34_3_rudder_left_failure,rudder,-0.539999961853,-281.88458252,3.9426612854,48,37.4733848572,-2.48043107986,-12.8849506378,17.2909832001,-2.01631450653,0.89182561636,0
1536693712582121432,21.065186976,carbonZ_2018-09-11-15-06-34_3_rudder_left_failure,rudder,-0.539999961853,-281.88458252,3.9426612854,48,37.4733848572,-2.48043107986,-12.8849506378,17.315071106,-1.8885550499,0.89350682497,0
1536693712616477080,21.099542624,carbonZ_2018-09-11-15-06-34_3_rudder_left_failure,rudder,-0.449999988079,-281.88458252,3.96162033081,48,37.7303237915,-2.67819476128,-5.70421648026,17.352104187,-1.6202300787,0.88824903965,0
1536693712671465400,21.154530944,carbonZ_2018-09-11-15-06-34_3_rudder_left_failure,rudder,-0.449999988079,-281.88458252,3.96162033081,48,37.7303237915,-2.67819476128,-5.70421648026,17.3878688812,-1.38211393356,0.878377079964,0
1536693712723695672,21.206761216,carbonZ_2018-09-11-15-06-34_3_rudder_left_failure,rudder,-0.370000004768,-285.960021973,3.98229217529,48,37.7303237915,-2.67819476128,-5.70421648026,17.448223114,-0.855490803719,0.856566667557,0
1536693712763626360,21.246691904,carbonZ_2018-09-11-15-06-34_3_rudder_left_failure,rudder,-0.370000004768,-285.960021973,3.98229217529,48,37.7303237915,-2.67819476128,-5.70421648026,17.4625835419,-0.724803090096,0.848325669765,0
1536693712810353848,21.293419392,carbonZ_2018-09-11-15-06-34_3_rudder_left_failure,rudder,-0.280000001192,-285.960021973,3.99840545654,48,37.7303237915,-2.67819476128,-5.70421648026,17.4937133789,-0.319498062134,0.826768934727,0
1536693712830206840,21.313272384,carbonZ_2018-09-11-15-06-34_3_rudder_left_failure,rudder,-0.280000001192,-285.960021973,3.99840545654,48,37.7303237915,-2.67819476128,-5.70421648026,17.5043239594,-0.199750646949,0.816335082054,0
1536693712913706776,21.39677232,carbonZ_2018-09-11-15-06-34_3_rudder_left_failure,rudder,-0.189999997616,-291.963378906,4.01866149902,48,37.7303237915,-2.67819476128,-5.70421648026,17.5314006805,0.333248704672,0.802099764347,0
1536693712945667416,21.42873296,carbonZ_2018-09-11-15-06-34_3_rudder_left_failure,rudder,-0.189999997616,-291.963378906,4.01866149902,48,37.7303237915,-2.67819476128,-5.70421648026,17.5376625061,0.462469339371,0.798035264015,0
1536693713004645496,21.48771104,carbonZ_2018-09-11-15-06-34_3_rudder_left_failure,rudder,-0.109999999404,-291.963378906,4.03498077393,48,37.7303237915,-2.67819476128,-5.70421648026,17.5506305695,0.860920906067,0.77399456501,0
1536693713065469112,21.548534656,carbonZ_2018-09-11-15-06-34_3_rudder_left_failure,rudder,-0.109999999404,-291.963378906,4.03498077393,48,37.7303237915,-2.67819476128,-5.70421648026,17.5486450195,1.26181185246,0.732307374477,0
1536693713101261080,21.584326624,carbonZ_2018-09-11-15-06-34_3_rudder_left_failure,rudder,-0.0299999993294,-299.138641357,4.05698776245,48,37.6412353516,-2.25731730461,4.22877931595,17.5448112488,1.55784440041,0.711760103703,0
1536693713160711736,21.64377728,carbonZ_2018-09-11-15-06-34_3_rudder_left_failure,rudder,-0.0299999993294,-299.138641357,4.05698776245,48,37.6412353516,-2.25731730461,4.22877931595,17.5224761963,1.96660387516,0.681864440441,0
1536693713189724632,21.672790176,carbonZ_2018-09-11-15-06-34_3_rudder_left_failure,rudder,0.0399999991059,-299.138641357,4.0597038269,48,37.6412353516,-2.25731730461,4.22877931595,17.5108509064,2.23121929169,0.673980593681,0
1536693713237518424,21.720583968,carbonZ_2018-09-11-15-06-34_3_rudder_left_failure,rudder,0.0399999991059,-299.138641357,4.0597038269,48,37.6412353516,-2.25731730461,4.22877931595,17.4833240509,2.50574755669,0.6603551507,0
1536693713301722840,21.784788384,carbonZ_2018-09-11-15-06-34_3_rudder_left_failure,rudder,0.109999999404,-301.362243652,4.0756187439,48,37.6412353516,-2.25731730461,4.22877931595,17.4508628845,2.89840722084,0.646884739399,0
1536693713333892792,21.816958336,carbonZ_2018-09-11-15-06-34_3_rudder_left_failure,rudder,0.109999999404,-301.362243652,4.0756187439,48,37.6412353516,-2.25731730461,4.22877931595,17.4189910889,3.18096470833,0.633848011494,0
1536693713433222232,21.916287776,carbonZ_2018-09-11-15-06-34_3_rudder_left_failure,rudder,0.179999992251,-301.362243652,4.07122421265,48,37.6412353516,-2.25731730461,4.22877931595,17.3258800507,3.84115195274,0.605199158192,0
1536693713509119000,21.992184544,carbonZ_2018-09-11-15-06-34_3_rudder_left_failure,rudder,0.25,-303.603363037,4.07988739014,48,38.0066986084,-1.48658299446,12.3684749603,17.244304657,4.25795459747,0.575760662556,0
1536693713526201464,22.009267008,carbonZ_2018-09-11-15-06-34_3_rudder_left_failure,rudder,0.25,-303.603363037,4.07988739014,48,38.0066986084,-1.48658299446,12.3684749603,17.244304657,4.25795459747,0.575760662556,0
1536693713590121432,22.073186976,carbonZ_2018-09-11-15-06-34_3_rudder_left_failure,rudder,0.319999992847,-303.603363037,4.08038330078,48,38.0066986084,-1.48658299446,12.3684749603,17.1413440704,4.77906084061,0.534492790699,0
1536693713646108632,22.129174176,carbonZ_2018-09-11-15-06-34_3_rudder_left_failure,rudder,0.319999992847,-303.603363037,4.08038330078,48,38.0066986084,-1.48658299446,12.3684749603,17.0449256897,5.17461204529,0.4880412817,0
1536693713694743768,22.177809312,carbonZ_2018-09-11-15-06-34_3_rudder_left_failure,rudder,0.379999995232,-306.904418945,4.08047485352,48,38.0066986084,-1.48658299446,12.3684749603,16.9443702698,5.57253503799,0.45615068078,0
1536693713762764600,22.245830144,carbonZ_2018-09-11-15-06-34_3_rudder_left_failure,rudder,0.379999995232,-306.904418945,4.08047485352,48,38.0066986084,-1.48658299446,12.3684749603,16.8207206726,5.97253370285,0.417938381433,0
1536693713786829816,22.26989536,carbonZ_2018-09-11-15-06-34_3_rudder_left_failure,rudder,0.379999995232,-306.904418945,4.08047485352,48,38.0066986084,-1.48658299446,12.3684749603,16.7851829529,6.09303855896,0.405144244432,0
1536693713823070040,22.306135584,carbonZ_2018-09-11-15-06-34_3_rudder_left_failure,rudder,0.439999997616,-306.904418945,4.07841110229,48,38.0066986084,-1.48658299446,12.3684749603,16.7058601379,6.35101461411,0.381572008133,0
1536693713854198488,22.337264032,carbonZ_2018-09-11-15-06-34_3_rudder_left_failure,rudder,0.439999997616,-306.904418945,4.07841110229,48,37.5621910095,-0.743078052998,19.6419563293,16.6164054871,6.6156167984,0.355396956205,0
1536693713912539736,22.39560528,carbonZ_2018-09-11-15-06-34_3_rudder_left_failure,rudder,0.489999979734,-317.887115479,4.07905960083,48,37.5621910095,-0.743078052998,19.6419563293,16.4311408997,7.10698843002,0.304411500692,0
1536693714005033080,22.488098624,carbonZ_2018-09-11-15-06-34_3_rudder_left_failure,rudder,0.539999961853,-317.887115479,4.06715393066,48,37.5621910095,-0.743078052998,19.6419563293,16.2767829895,7.48693799973,0.273009866476,0
1536693714038612376,22.52167792,carbonZ_2018-09-11-15-06-34_3_rudder_left_failure,rudder,0.539999961853,-317.887115479,4.06715393066,48,37.5621910095,-0.743078052998,19.6419563293,16.1776332855,7.71331644058,0.256872594357,0
1536693714091153624,22.574219168,carbonZ_2018-09-11-15-06-34_3_rudder_left_failure,rudder,0.569999992847,-325.609771729,4.06657028198,48,37.5621910095,-0.743078052998,19.6419563293,16.0249271393,8.07441139221,0.240784183145,0
1536693714201856984,22.684922528,carbonZ_2018-09-11-15-06-34_3_rudder_left_failure,rudder,0.599999964237,-325.609771729,4.06321716309,48,37.5621910095,-0.743078052998,19.6419563293,15.733496666,8.68054771423,0.176548957825,0
1536693714241300728,22.724366272,carbonZ_2018-09-11-15-06-34_3_rudder_left_failure,rudder,0.599999964237,-325.609771729,4.06321716309,48,37.5621910095,-0.743078052998,19.6419563293,15.6097221375,8.93334197998,0.149376675487,0
1536693714289180984,22.772246528,carbonZ_2018-09-11-15-06-34_3_rudder_left_failure,rudder,0.599999964237,-325.609771729,4.06321716309,48,37.5621910095,-0.743078052998,19.6419563293,15.4757328033,9.17891693115,0.111312612891,0
1536693714319394008,22.802459552,carbonZ_2018-09-11-15-06-34_3_rudder_left_failure,rudder,0.620000004768,-330.350311279,4.05986785889,48,37.3634185791,-0.137474954128,29.5227584839,15.279458046,9.54321956635,0.0499248281121,0
1536693714364196088,22.847261632,carbonZ_2018-09-11-15-06-34_3_rudder_left_failure,rudder,0.620000004768,-330.350311279,4.05986785889,48,37.3634185791,-0.137474954128,29.5227584839,15.2120056152,9.66750335693,0.0350240878761,0
1536693714407181784,22.890247328,carbonZ_2018-09-11-15-06-34_3_rudder_left_failure,rudder,0.639999985695,-330.350311279,4.06422042847,48,37.3634185791,-0.137474954128,29.5227584839,14.9823303223,10.0500535965,-0.0442657954991,0
1536693714458787480,22.941853024,carbonZ_2018-09-11-15-06-34_3_rudder_left_failure,rudder,0.639999985695,-330.350311279,4.06422042847,48,37.3634185791,-0.137474954128,29.5227584839,14.8452224731,10.2721014023,-0.0945947393775,0
1536693714507395320,22.990460864,carbonZ_2018-09-11-15-06-34_3_rudder_left_failure,rudder,0.639999985695,-332.257446289,4.0580368042,48,37.3634185791,-0.137474954128,29.5227584839,14.6854820251,10.5196342468,-0.140229597688,0
1536693714530817656,23.0138832,carbonZ_2018-09-11-15-06-34_3_rudder_left_failure,rudder,0.639999985695,-332.257446289,4.0580368042,48,37.3634185791,-0.137474954128,29.5227584839,14.5244779587,10.7541408539,-0.177030920982,0
1536693714603341208,23.086406752,carbonZ_2018-09-11-15-06-34_3_rudder_left_failure,rudder,0.639999985695,-332.257446289,4.04372406006,48,37.3634185791,-0.137474954128,29.5227584839,14.2944278717,11.0686893463,-0.225551366806,0
1536693714664281880,23.147347424,carbonZ_2018-09-11-15-06-34_3_rudder_left_failure,rudder,0.639999985695,-332.257446289,4.04372406006,48,37.141166687,0.89075666666,36.0067977905,14.0499210358,11.3937187195,-0.261837601662,0
1536693714739780984,23.222846528,carbonZ_2018-09-11-15-06-34_3_rudder_left_failure,rudder,0.620000004768,-328.432281494,4.04280090332,48,37.141166687,0.89075666666,36.0067977905,13.7079811096,11.8053245544,-0.332923293114,0
1536693714795909656,23.2789752,carbonZ_2018-09-11-15-06-34_3_rudder_left_failure,rudder,0.610000014305,-328.432281494,4.02956771851,48,37.141166687,0.89075666666,36.0067977905,13.4281072617,12.1310358047,-0.385112226009,0
1536693714820663032,23.303728576,carbonZ_2018-09-11-15-06-34_3_rudder_left_failure,rudder,0.610000014305,-328.432281494,4.02956771851,48,37.141166687,0.89075666666,36.0067977905,13.3302507401,12.2352628708,-0.404091745615,0
1536693714859285784,23.342351328,carbonZ_2018-09-11-15-06-34_3_rudder_left_failure,rudder,0.610000014305,-328.432281494,4.02956771851,48,37.141166687,0.89075666666,36.0067977905,13.1592254639,12.4231491089,-0.437161654234,0
1536693714925800472,23.408866016,carbonZ_2018-09-11-15-06-34_3_rudder_left_failure,rudder,0.579999983311,-325.9765625,4.02347183228,48,37.141166687,0.89075666666,36.0067977905,12.6647186279,12.9222669601,-0.498206049204,0
1536693714986396440,23.469461984,carbonZ_2018-09-11-15-06-34_3_rudder_left_failure,rudder,0.579999983311,-325.9765625,4.02347183228,48,37.4743766785,1.84311294556,42.7149734497,12.6647186279,12.9222669601,-0.498206049204,0
1536693715005291352,23.488356896,carbonZ_2018-09-11-15-06-34_3_rudder_left_failure,rudder,0.539999961853,-325.9765625,4.00006866455,48,37.4743766785,1.84311294556,42.7149734497,12.2996835709,13.2754278183,-0.53358155489,0
1536693715100486872,23.583552416,carbonZ_2018-09-11-15-06-34_3_rudder_left_failure,rudder,0.489999979734,-322.62878418,3.99508285522,48,37.4743766785,1.84311294556,42.7149734497,11.9961223602,13.5400667191,-0.554747819901,0
1536693715121550232,23.604615776,carbonZ_2018-09-11-15-06-34_3_rudder_left_failure,rudder,0.489999979734,-322.62878418,3.99508285522,48,37.4743766785,1.84311294556,42.7149734497,11.9186620712,13.6078872681,-0.559758424759,0
1536693715159923032,23.642988576,carbonZ_2018-09-11-15-06-34_3_rudder_left_failure,rudder,0.489999979734,-322.62878418,3.99508285522,48,37.4743766785,1.84311294556,42.7149734497,11.7228221893,13.7770690918,-0.574062049389,0
1536693715212474264,23.695539808,carbonZ_2018-09-11-15-06-34_3_rudder_left_failure,rudder,0.449999988079,-322.62878418,3.98592758179,48,37.4743766785,1.84311294556,42.7149734497,11.4310417175,14.0169830322,-0.58589309454,0
1536693715260471192,23.743536736,carbonZ_2018-09-11-15-06-34_3_rudder_left_failure,rudder,0.449999988079,-322.62878418,3.98592758179,48,37.4743766785,1.84311294556,42.7149734497,11.2582063675,14.157078743,-0.59296476841,0
1536693715328827672,23.811893216,carbonZ_2018-09-11-15-06-34_3_rudder_left_failure,rudder,0.399999976158,-322.345550537,3.98459243774,48,36.5727233887,2.01747441292,48.5982818604,10.8603858948,14.4654245377,-0.597843289375,0
1536693715380030072,23.863095616,carbonZ_2018-09-11-15-06-34_3_rudder_left_failure,rudder,0.399999976158,-322.345550537,3.98459243774,48,36.5727233887,2.01747441292,48.5982818604,10.5804567337,14.6719684601,-0.609746754169,0
1536693715401991032,23.885056576,carbonZ_2018-09-11-15-06-34_3_rudder_left_failure,rudder,0.34999999404,-322.345550537,3.9977645874,48,36.5727233887,2.01747441292,48.5982818604,10.5804567337,14.6719684601,-0.609746754169,0
1536693715486606712,23.969672256,carbonZ_2018-09-11-15-06-34_3_rudder_left_failure,rudder,0.34999999404,-322.345550537,3.9977645874,48,36.5727233887,2.01747441292,48.5982818604,10.1692647934,14.9617061615,-0.60272949934,0
1536693715524982008,24.008047552,carbonZ_2018-09-11-15-06-34_3_rudder_left_failure,rudder,0.299999982119,-318.176269531,4.00834655762,48,36.5727233887,2.01747441292,48.5982818604,9.97526550293,15.0906791687,-0.592588961124,0
1536693715562474456,24.04554,carbonZ_2018-09-11-15-06-34_3_rudder_left_failure,rudder,0.299999982119,-318.176269531,4.00834655762,48,36.5727233887,2.01747441292,48.5982818604,9.77999305725,15.222858429,-0.578280806541,0
1536693715602443032,24.085508576,carbonZ_2018-09-11-15-06-34_3_rudder_left_failure,rudder,0.25,-318.176269531,4.03574371338,48,36.5727233887,2.01747441292,48.5982818604,9.56650733948,15.3578863144,-0.563417136669,0
1536693715657812792,24.140878336,carbonZ_2018-09-11-15-06-34_3_rudder_left_failure,rudder,0.25,-318.176269531,4.03574371338,48,36.5727233887,2.01747441292,48.5982818604,9.2702960968,15.5430784225,-0.542894363403,0
1536693715710674168,24.193739712,carbonZ_2018-09-11-15-06-34_3_rudder_left_failure,rudder,0.209999993443,-321.583740234,4.07313537598,48,37.5193939209,1.45878827572,56.2887496948,8.93405437469,15.7502889633,-0.526723265648,0
1536693715733506040,24.216571584,carbonZ_2018-09-11-15-06-34_3_rudder_left_failure,rudder,0.209999993443,-321.583740234,4.07313537598,48,37.5193939209,1.45878827572,56.2887496948,8.81297492981,15.8168315887,-0.53077852726,0
1536693715793642968,24.276708512,carbonZ_2018-09-11-15-06-34_3_rudder_left_failure,rudder,0.170000001788,-321.583740234,4.10363769531,48,37.5193939209,1.45878827572,56.2887496948,8.48039340973,16.0055789948,-0.537424564362,0
1536693715832069400,24.315134944,carbonZ_2018-09-11-15-06-34_3_rudder_left_failure,rudder,0.170000001788,-321.583740234,4.10363769531,48,37.5193939209,1.45878827572,56.2887496948,8.25221538544,16.1363449097,-0.531772255898,0
1536693715891653848,24.374719392,carbonZ_2018-09-11-15-06-34_3_rudder_left_failure,rudder,0.119999997318,-313.424102783,4.14639282227,48,37.5193939209,1.45878827572,56.2887496948,7.78610801697,16.3736724854,-0.540783166885,0
1536693715924786360,24.407851904,carbonZ_2018-09-11-15-06-34_3_rudder_left_failure,rudder,0.119999997318,-313.424102783,4.14639282227,48,37.5193939209,1.45878827572,56.2887496948,7.78610801697,16.3736724854,-0.540783166885,0
1536693715977287896,24.46035344,carbonZ_2018-09-11-15-06-34_3_rudder_left_failure,rudder,0.119999997318,-313.424102783,4.14639282227,48,37.5193939209,1.45878827572,56.2887496948,7.28268766403,16.6204166412,-0.557873129845,0
1536693716008336664,24.491402208,carbonZ_2018-09-11-15-06-34_3_rudder_left_failure,rudder,0.0799999982119,-313.424102783,4.18515777588,48,37.5193939209,1.45878827572,56.2887496948,7.16169071198,16.6758670807,-0.557971060276,0
1536693716067974200,24.551039744,carbonZ_2018-09-11-15-06-34_3_rudder_left_failure,rudder,0.0799999982119,-313.424102783,4.18515777588,48,37.5193939209,1.45878827572,56.2887496948,6.81693983078,16.8322048187,-0.552152276039,0
1536693716114683256,24.5977488,carbonZ_2018-09-11-15-06-34_3_rudder_left_failure,rudder,0.0299999993294,-311.291687012,4.22684860229,48,37.5193939209,1.45878827572,56.2887496948,6.57457017899,16.9363479614,-0.534699618816,0
1536693716168827224,24.651892768,carbonZ_2018-09-11-15-06-34_3_rudder_left_failure,rudder,0.0299999993294,-311.291687012,4.22684860229,48,39.0791358948,1.64137506485,65.50730896,6.33541107178,17.0300998688,-0.518585264683,0
1536693716208954104,24.692019648,carbonZ_2018-09-11-15-06-34_3_rudder_left_failure,rudder,-0.00999999977648,-311.291687012,4.27783584595,48,39.0791358948,1.64137506485,65.50730896,5.98698616028,17.1707305908,-0.491102993488,0
1536693716282487544,24.765553088,carbonZ_2018-09-11-15-06-34_3_rudder_left_failure,rudder,-0.00999999977648,-311.291687012,4.27783584595,48,39.0791358948,1.64137506485,65.50730896,5.619764328,17.3051967621,-0.455023288727,0
1536693716335513208,24.818578752,carbonZ_2018-09-11-15-06-34_3_rudder_left_failure,rudder,-0.0499999970198,-310.666259766,4.32223129272,48,39.0791358948,1.64137506485,65.50730896,5.39747476578,17.3822975159,-0.428309053183,0
1536693716381337368,24.864402912,carbonZ_2018-09-11-15-06-34_3_rudder_left_failure,rudder,-0.0499999970198,-310.666259766,4.32223129272,48,39.0791358948,1.64137506485,65.50730896,5.03005361557,17.5102043152,-0.374748140574,0
1536693716406464920,24.889530464,carbonZ_2018-09-11-15-06-34_3_rudder_left_failure,rudder,-0.0799999982119,-310.666259766,4.37613677979,48,39.0791358948,1.64137506485,65.50730896,5.03005361557,17.5102043152,-0.374748140574,0
1536693716459345848,24.942411392,carbonZ_2018-09-11-15-06-34_3_rudder_left_failure,rudder,-0.0799999982119,-310.666259766,4.37613677979,48,39.8845405579,1.37206745148,71.2936553955,4.53974056244,17.6615409851,-0.322383999825,0
1536693716540428888,25.023494432,carbonZ_2018-09-11-15-06-34_3_rudder_left_failure,rudder,-0.109999999404,-316.687591553,4.42864227295,48,39.8845405579,1.37206745148,71.2936553955,4.02576684952,17.8098220825,-0.261239439249,0
1536693716561959992,25.045025536,carbonZ_2018-09-11-15-06-34_3_rudder_left_failure,rudder,-0.119999997318,-316.687591553,4.49066925049,48,39.8845405579,1.37206745148,71.2936553955,4.02576684952,17.8098220825,-0.261239439249,0
1536693716618945272,25.102010816,carbonZ_2018-09-11-15-06-34_3_rudder_left_failure,rudder,-0.119999997318,-316.687591553,4.49066925049,48,39.8845405579,1.37206745148,71.2936553955,3.53607439995,17.9392814636,-0.21049195528,0
1536693716652300408,25.135365952,carbonZ_2018-09-11-15-06-34_3_rudder_left_failure,rudder,-0.119999997318,-316.687591553,4.49066925049,48,39.8845405579,1.37206745148,71.2936553955,3.26626014709,18.0051670074,-0.193103685975,0
1536693716729272024,25.212337568,carbonZ_2018-09-11-15-06-34_3_rudder_left_failure,rudder,-0.129999995232,-314.62097168,4.55049514771,48,39.8845405579,1.37206745148,71.2936553955,2.75420069695,18.1158866882,-0.147057235241,0
1536693716809037848,25.292103392,carbonZ_2018-09-11-15-06-34_3_rudder_left_failure,rudder,-0.129999995232,-314.62097168,4.62385177612,48,39.8845405579,1.37206745148,71.2936553955,2.35328888893,18.1951198578,-0.0982640683651,0
1536693716829195288,25.312260832,carbonZ_2018-09-11-15-06-34_3_rudder_left_failure,rudder,-0.129999995232,-314.62097168,4.62385177612,48,39.8845405579,1.37206745148,71.2936553955,2.35328888893,18.1951198578,-0.0982640683651,0
1536693716910104952,25.393170496,carbonZ_2018-09-11-15-06-34_3_rudder_left_failure,rudder,-0.129999995232,-320.397003174,4.69423294067,48,39.8845405579,1.37206745148,71.2936553955,1.8511390686,18.287815094,-0.0341851562262,0
1536693716935708152,25.418773696,carbonZ_2018-09-11-15-06-34_3_rudder_left_failure,rudder,-0.129999995232,-320.397003174,4.69423294067,48,41.3841705322,0.870820820332,80.1785202026,1.5882743597,18.3286476135,0.0021152952686,0
1536693716947172504,25.430238048,carbonZ_2018-09-11-15-06-34_3_rudder_left_failure,rudder,-0.129999995232,-320.397003174,4.69423294067,48,41.3841705322,0.870820820332,80.1785202026,1.33453285694,18.3609828949,0.0341731272638,0
1536693717011754584,25.494820128,carbonZ_2018-09-11-15-06-34_3_rudder_left_failure,rudder,-0.109999999404,-320.397003174,4.75831222534,48,41.3841705322,0.870820820332,80.1785202026,0.954087436199,18.4182662964,0.0939216092229,0
1536693717070918328,25.553983872,carbonZ_2018-09-11-15-06-34_3_rudder_left_failure,rudder,-0.109999999404,-320.397003174,4.75831222534,48,41.3841705322,0.870820820332,80.1785202026,0.436339110136,18.474647522,0.165313601494,0
1536693717154056344,25.637121888,carbonZ_2018-09-11-15-06-34_3_rudder_left_failure,rudder,-0.0899999961257,-316.976928711,4.83062362671,48,41.3841705322,0.870820820332,80.1785202026,0.0509873442352,18.5158538818,0.232956394553,0
1536693717212186168,25.695251712,carbonZ_2018-09-11-15-06-34_3_rudder_left_failure,rudder,-0.0499999970198,-316.976928711,4.90526199341,48,41.3841705322,0.870820820332,80.1785202026,-0.349538087845,18.5421161652,0.285019397736,0
1536693717244513912,25.727579456,carbonZ_2018-09-11-15-06-34_3_rudder_left_failure,rudder,-0.0499999970198,-316.976928711,4.90526199341,48,41.3841705322,0.870820820332,80.1785202026,-0.349538087845,18.5421161652,0.285019397736,0
1536693717329968760,25.813034304,carbonZ_2018-09-11-15-06-34_3_rudder_left_failure,rudder,-0.00999999977648,-332.879455566,4.99367141724,49,41.9251022339,-0.13772585988,87.9138336182,-1.14880335331,18.5827636719,0.36610737443,0
1536693717365701912,25.848767456,carbonZ_2018-09-11-15-06-34_3_rudder_left_failure,rudder,-0.00999999977648,-332.879455566,4.99367141724,49,41.9251022339,-0.13772585988,87.9138336182,-1.4108992815,18.5920028687,0.378822535276,0
1536693717449009272,25.932074816,carbonZ_2018-09-11-15-06-34_3_rudder_left_failure,rudder,0.0399999991059,-332.879455566,5.0825843811,49,41.9251022339,-0.13772585988,87.9138336182,-1.83543360233,18.6051101685,0.411028474569,0
1536693717460683448,25.943748992,carbonZ_2018-09-11-15-06-34_3_rudder_left_failure,rudder,0.0399999991059,-332.879455566,5.0825843811,49,41.9251022339,-0.13772585988,87.9138336182,-1.98383057117,18.6026573181,0.416135162115,0
1536693717535300280,26.018365824,carbonZ_2018-09-11-15-06-34_3_rudder_left_failure,rudder,0.0999999940395,-338.853271484,5.16794967651,49,41.9251022339,-0.13772585988,87.9138336182,-2.3809196949,18.5962352753,0.446389615536,0
1536693717558394840,26.041460384,carbonZ_2018-09-11-15-06-34_3_rudder_left_failure,rudder,0.0999999940395,-338.853271484,5.16794967651,49,41.9251022339,-0.13772585988,87.9138336182,-2.65930747986,18.5897541046,0.481774061918,0
1536693717609304984,26.092370528,carbonZ_2018-09-11-15-06-34_3_rudder_left_failure,rudder,0.159999996424,-338.853271484,5.26259994507,49,41.9251022339,-0.13772585988,87.9138336182,-3.07545566559,18.5676326752,0.537707388401,0
1536693717655020408,26.138085952,carbonZ_2018-09-11-15-06-34_3_rudder_left_failure,rudder,0.159999996424,-338.853271484,5.26259994507,49,41.9251022339,-0.13772585988,87.9138336182,-3.32793784142,18.5495567322,0.57170021534,0
1536693717715774520,26.198840064,carbonZ_2018-09-11-15-06-34_3_rudder_left_failure,rudder,0.229999989271,-339.220611572,5.35606002808,49,42.3672637939,-1.20088088512,97.5540008545,-3.74804282188,18.5141849518,0.624622166157,0
1536693717748971704,26.232037248,carbonZ_2018-09-11-15-06-34_3_rudder_left_failure,rudder,0.229999989271,-339.220611572,5.35606002808,49,42.3672637939,-1.20088088512,97.5540008545,-4.18315839767,18.4691162109,0.665791809559,0
1536693717822819544,26.305885088,carbonZ_2018-09-11-15-06-34_3_rudder_left_failure,rudder,0.310000002384,-339.220611572,5.4517288208,49,42.3672637939,-1.20088088512,97.5540008545,-4.46462917328,18.435716629,0.684376358986,0
1536693717864993048,26.348058592,carbonZ_2018-09-11-15-06-34_3_rudder_left_failure,rudder,0.310000002384,-339.220611572,5.4517288208,49,42.3672637939,-1.20088088512,97.5540008545,-4.75808000565,18.3982982635,0.687889158726,0
1536693717932947576,26.41601312,carbonZ_2018-09-11-15-06-34_3_rudder_left_failure,rudder,0.389999985695,-352.982330322,5.54926300049,49,42.3672637939,-1.20088088512,97.5540008545,-5.38294315338,18.2990913391,0.698638916016,0
1536693718036828856,26.5198944,carbonZ_2018-09-11-15-06-34_3_rudder_left_failure,rudder,0.469999998808,-352.982330322,5.64253997803,49,42.3672637939,-1.20088088512,97.5540008545,-6.00208568573,18.1755657196,0.687869489193,0
1536693718056808888,26.539874432,carbonZ_2018-09-11-15-06-34_3_rudder_left_failure,rudder,0.469999998808,-352.982330322,5.64253997803,49,42.3672637939,-1.20088088512,97.5540008545,-6.15227031708,18.1446018219,0.678700149059,0
1536693718090967960,26.574033504,carbonZ_2018-09-11-15-06-34_3_rudder_left_failure,rudder,0.550000011921,-367.489044189,5.73505401611,49,42.8501091003,-0.982033848763,105.810432434,-6.62263727188,18.0352687836,0.655938506126,0
1536693718132950520,26.616016064,carbonZ_2018-09-11-15-06-34_3_rudder_left_failure,rudder,0.550000011921,-367.489044189,5.73505401611,49,42.8501091003,-0.982033848763,105.810432434,-6.94629192352,17.9544906616,0.634725213051,0
1536693718213733176,26.69679872,carbonZ_2018-09-11-15-06-34_3_rudder_left_failure,rudder,0.620000004768,-367.489044189,5.80842590332,49,42.8501091003,-0.982033848763,105.810432434,-7.61228370667,17.7725467682,0.555179476738,0
1536693718237704440,26.720769984,carbonZ_2018-09-11-15-06-34_3_rudder_left_failure,rudder,0.620000004768,-367.489044189,5.80842590332,49,42.8501091003,-0.982033848763,105.810432434,-7.77833938599,17.7203063965,0.531867861748,0
1536693718281962776,26.76502832,carbonZ_2018-09-11-15-06-34_3_rudder_left_failure,rudder,0.620000004768,-367.489044189,5.80842590332,49,42.8501091003,-0.982033848763,105.810432434,-8.1089515686,17.6119537354,0.483292847872,0
1536693718337635864,26.820701408,carbonZ_2018-09-11-15-06-34_3_rudder_left_failure,rudder,0.680000007153,-358.993530273,5.87748336792,49,42.8501091003,-0.982033848763,105.810432434,-8.57444477081,17.4461345673,0.425530433655,0
1536693718367569720,26.850635264,carbonZ_2018-09-11-15-06-34_3_rudder_left_failure,rudder,0.729999959469,-358.993530273,5.92256546021,50,43.1277656555,-0.085173420608,113.180297852,-8.57444477081,17.4461345673,0.425530433655,0
1536693718420537464,26.903603008,carbonZ_2018-09-11-15-06-34_3_rudder_left_failure,rudder,0.729999959469,-358.993530273,5.92256546021,50,43.1277656555,-0.085173420608,113.180297852,-9.17141151428,17.2150707245,0.377804934978,0
1536693718485543640,26.968609184,carbonZ_2018-09-11-15-06-34_3_rudder_left_failure,rudder,0.77999997139,-384.604644775,5.9813079834,50,43.1277656555,-0.085173420608,113.180297852,-9.76599216461,16.962059021,0.346138745546,0
1536693718540083704,27.023149248,carbonZ_2018-09-11-15-06-34_3_rudder_left_failure,rudder,0.77999997139,-384.604644775,5.9813079834,50,43.1277656555,-0.085173420608,113.180297852,-10.0689182281,16.8225650787,0.325575649738,0
1536693718566963992,27.050029536,carbonZ_2018-09-11-15-06-34_3_rudder_left_failure,rudder,0.77999997139,-384.604644775,5.9813079834,50,43.1277656555,-0.085173420608,113.180297852,-10.2057666779,16.7621650696,0.324910998344,0
1536693718606162168,27.089227712,carbonZ_2018-09-11-15-06-34_3_rudder_left_failure,rudder,0.810000002384,-384.604644775,6.0217666626,50,43.1277656555,-0.085173420608,113.180297852,-10.7925653458,16.473733902,0.287507623434,0
1536693718654171736,27.13723728,carbonZ_2018-09-11-15-06-34_3_rudder_left_failure,rudder,0.810000002384,-384.604644775,6.0217666626,50,43.1277656555,-0.085173420608,113.180297852,-10.9383554459,16.3993682861,0.276480019093,0
1536693718737745048,27.220810592,carbonZ_2018-09-11-15-06-34_3_rudder_left_failure,rudder,0.849999964237,-381.921386719,6.05883407593,50,43.3615722656,0.175703838468,120.822250366,-11.4886808395,16.0888290405,0.254776269197,0
1536693718777828664,27.260894208,carbonZ_2018-09-11-15-06-34_3_rudder_left_failure,rudder,0.849999964237,-381.921386719,6.05883407593,50,43.3615722656,0.175703838468,120.822250366,-11.7457885742,15.935716629,0.257618188858,0
1536693718842761592,27.325827136,carbonZ_2018-09-11-15-06-34_3_rudder_left_failure,rudder,0.879999995232,-381.921386719,6.0982170105,50,43.3615722656,0.175703838468,120.822250366,-12.126786232,15.7003698349,0.262782305479,0
1536693718865182616,27.34824816,carbonZ_2018-09-11-15-06-34_3_rudder_left_failure,rudder,0.879999995232,-381.921386719,6.0982170105,50,43.3615722656,0.175703838468,120.822250366,-12.2512016296,15.6205501556,0.266494691372,0
1536693718926136472,27.409202016,carbonZ_2018-09-11-15-06-34_3_rudder_left_failure,rudder,0.909999966621,-414.62097168,6.13571166992,50,43.3615722656,0.175703838468,120.822250366,-12.7670583725,15.2769775391,0.250710844994,0
1536693719001809208,27.484874752,carbonZ_2018-09-11-15-06-34_3_rudder_left_failure,rudder,0.939999997616,-414.62097168,6.1755027771,50,43.3615722656,0.175703838468,120.822250366,-13.1548290253,15.0062055588,0.226098492742,0
1536693719041657176,27.52472272,carbonZ_2018-09-11-15-06-34_3_rudder_left_failure,rudder,0.939999997616,-414.62097168,6.1755027771,50,43.3615722656,0.175703838468,120.822250366,-13.4300632477,14.8131847382,0.200830206275,0
1536693719063992024,27.547057568,carbonZ_2018-09-11-15-06-34_3_rudder_left_failure,rudder,0.939999997616,-414.62097168,6.1755027771,50,43.3615722656,0.175703838468,120.822250366,-13.5596122742,14.7203817368,0.189603760839,0
1536693719132246232,27.615311776,carbonZ_2018-09-11-15-06-34_3_rudder_left_failure,rudder,0.989999949932,-404.576477051,6.22705078125,50,43.8166732788,-0.348800688982,130.828994751,-14.0702829361,14.3329391479,0.143509566784,0
1536693719160753592,27.643819136,carbonZ_2018-09-11-15-06-34_3_rudder_left_failure,rudder,0.989999949932,-404.576477051,6.22705078125,50,43.8166732788,-0.348800688982,130.828994751,-14.1871891022,14.2394971848,0.135987535119,0
1536693719213208472,27.696274016,carbonZ_2018-09-11-15-06-34_3_rudder_left_failure,rudder,1.01999998093,-404.576477051,6.26807022095,50,43.8166732788,-0.348800688982,130.828994751,-14.4362421036,14.0405693054,0.121275357902,0
1536693719249521208,27.732586752,carbonZ_2018-09-11-15-06-34_3_rudder_left_failure,rudder,1.01999998093,-404.576477051,6.26807022095,50,43.8166732788,-0.348800688982,130.828994751,-14.7944421768,13.7466964722,0.125470906496,0
1536693719311531960,27.794597504,carbonZ_2018-09-11-15-06-34_3_rudder_left_failure,rudder,1.04999995232,-431.400878906,6.31286239624,50,43.8166732788,-0.348800688982,130.828994751,-15.1554098129,13.4255256653,0.128303512931,0
1536693719330422552,27.813488096,carbonZ_2018-09-11-15-06-34_3_rudder_left_failure,rudder,1.04999995232,-431.400878906,6.31286239624,50,43.8166732788,-0.348800688982,130.828994751,-15.2748355865,13.3142261505,0.129022449255,0
1536693719399281400,27.882346944,carbonZ_2018-09-11-15-06-34_3_rudder_left_failure,rudder,1.07999992371,-431.400878906,6.35523223877,50,44.0652084351,-1.02898478508,138.338317871,-15.6320714951,12.9661054611,0.129417806864,0
1536693719430508120,27.913573664,carbonZ_2018-09-11-15-06-34_3_rudder_left_failure,rudder,1.07999992371,-431.400878906,6.35523223877,50,44.0652084351,-1.02898478508,138.338317871,-15.8690977097,12.7241401672,0.128399908543,0
1536693719502480184,27.985545728,carbonZ_2018-09-11-15-06-34_3_rudder_left_failure,rudder,1.11000001431,-444.133575439,6.40326309204,50,44.0652084351,-1.02898478508,138.338317871,-16.2452583313,12.3218746185,0.0975107774138,0
1536693719528222200,28.011287744,carbonZ_2018-09-11-15-06-34_3_rudder_left_failure,rudder,1.11000001431,-444.133575439,6.40326309204,50,44.0652084351,-1.02898478508,138.338317871,-16.4981136322,12.038394928,0.0666092708707,0
1536693719602330040,28.085395584,carbonZ_2018-09-11-15-06-34_3_rudder_left_failure,rudder,1.14999997616,-444.133575439,6.43814086914,50,44.0652084351,-1.02898478508,138.338317871,-16.8797149658,11.5901231766,0.00521012116224,0
1536693719630456728,28.113522272,carbonZ_2018-09-11-15-06-34_3_rudder_left_failure,rudder,1.14999997616,-444.133575439,6.43814086914,50,44.0652084351,-1.02898478508,138.338317871,-17.143573761,11.2633295059,-0.0371023230255,0
1536693719697335096,28.18040064,carbonZ_2018-09-11-15-06-34_3_rudder_left_failure,rudder,1.15999996662,-443.16998291,6.4607925415,50,44.0652084351,-1.02898478508,138.338317871,-17.4975414276,10.7951164246,-0.0920993685722,0
1536693719737444632,28.220510176,carbonZ_2018-09-11-15-06-34_3_rudder_left_failure,rudder,1.15999996662,-443.16998291,6.4607925415,50,44.0652084351,-1.02898478508,138.338317871,-17.7296199799,10.4775848389,-0.131921678782,0
1536693719809890104,28.292955648,carbonZ_2018-09-11-15-06-34_3_rudder_left_failure,rudder,1.15999996662,-443.16998291,6.45161819458,50,45.7062759399,0.254188269377,148.057846069,-18.1543426514,9.84353351593,-0.214544966817,0
1536693719883795960,28.366861504,carbonZ_2018-09-11-15-06-34_3_rudder_left_failure,rudder,1.15999996662,-443.16998291,6.45161819458,50,45.7062759399,0.254188269377,148.057846069,-18.4461841583,9.37086296082,-0.268443614244,0
1536693719933385048,28.416450592,carbonZ_2018-09-11-15-06-34_3_rudder_left_failure,rudder,1.14999997616,-456.073577881,6.43209457397,50,45.7062759399,0.254188269377,148.057846069,-18.6332588196,9.05199432373,-0.295458763838,0
1536693719944067672,28.427133216,carbonZ_2018-09-11-15-06-34_3_rudder_left_failure,rudder,1.14999997616,-456.073577881,6.43209457397,50,45.7062759399,0.254188269377,148.057846069,-18.7233085632,8.88955879211,-0.31195512414,0
1536693719997048376,28.48011392,carbonZ_2018-09-11-15-06-34_3_rudder_left_failure,rudder,1.12999999523,-456.073577881,6.40087890625,50,45.7062759399,0.254188269377,148.057846069,-19.0456676483,8.27883815765,-0.364872425795,0
1536693720031326328,28.514391872,carbonZ_2018-09-11-15-06-34_3_rudder_left_failure,rudder,1.12999999523,-456.073577881,6.40087890625,50,45.7062759399,0.254188269377,148.057846069,-19.1216087341,8.11943054199,-0.383465409279,0
1536693720081867928,28.564933472,carbonZ_2018-09-11-15-06-34_3_rudder_left_failure,rudder,1.10000002384,-471.692077637,6.37059020996,50,45.7062759399,0.254188269377,148.057846069,-19.2683258057,7.79840612411,-0.417390882969,0
1536693720123973816,28.60703936,carbonZ_2018-09-11-15-06-34_3_rudder_left_failure,rudder,1.10000002384,-471.692077637,6.37059020996,50,45.7062759399,0.254188269377,148.057846069,-19.5326499939,7.17983055115,-0.439299404621,0
1536693720186976056,28.6700416,carbonZ_2018-09-11-15-06-34_3_rudder_left_failure,rudder,1.10000002384,-471.692077637,6.37059020996,50,45.0957794189,2.31955909729,158.007553101,-19.5326499939,7.17983055115,-0.439299404621,0
1536693720245863992,28.728929536,carbonZ_2018-09-11-15-06-34_3_rudder_left_failure,rudder,1.06999993324,-471.692077637,6.32849121094,50,45.0957794189,2.31955909729,158.007553101,-19.7764320374,6.54798126221,-0.456131458282,0
1536693720257521464,28.740587008,carbonZ_2018-09-11-15-06-34_3_rudder_left_failure,rudder,1.06999993324,-471.692077637,6.32849121094,50,45.0957794189,2.31955909729,158.007553101,-19.7764320374,6.54798126221,-0.456131458282,0
1536693720284522488,28.767588032,carbonZ_2018-09-11-15-06-34_3_rudder_left_failure,rudder,1.02999997139,-479.709228516,6.29989624023,50,45.0957794189,2.31955909729,158.007553101,-19.9383144379,6.07092285156,-0.47199845314,0
1536693720331615192,28.814680736,carbonZ_2018-09-11-15-06-34_3_rudder_left_failure,rudder,1.02999997139,-479.709228516,6.29989624023,50,45.0957794189,2.31955909729,158.007553101,-20.0353431702,5.74191522598,-0.491678208113,0
1536693720369397976,28.85246352,carbonZ_2018-09-11-15-06-34_3_rudder_left_failure,rudder,0.989999949932,-479.709228516,6.26559829712,50,45.0957794189,2.31955909729,158.007553101,-20.1720962524,5.26487445831,-0.496482431889,0
1536693720413666040,28.896731584,carbonZ_2018-09-11-15-06-34_3_rudder_left_failure,rudder,0.989999949932,-479.709228516,6.26559829712,50,45.0957794189,2.31955909729,158.007553101,-20.2159194946,5.10876941681,-0.4905397892,0
1536693720486324824,28.969390368,carbonZ_2018-09-11-15-06-34_3_rudder_left_failure,rudder,0.989999949932,-479.709228516,6.26559829712,50,45.0957794189,2.31955909729,158.007553101,-20.3417778015,4.62022066116,-0.48894533515,0
1536693720523191320,29.006256864,carbonZ_2018-09-11-15-06-34_3_rudder_left_failure,rudder,0.949999988079,-475.725372314,6.24034118652,50,45.1858863831,2.65079379082,166.509719849,-20.4557971954,4.11380910873,-0.509666144848,0
1536693720582209848,29.065275392,carbonZ_2018-09-11-15-06-34_3_rudder_left_failure,rudder,0.949999988079,-475.725372314,6.24034118652,50,45.1858863831,2.65079379082,166.509719849,-20.520942688,3.78603219986,-0.523492217064,0
1536693720608165112,29.091230656,carbonZ_2018-09-11-15-06-34_3_rudder_left_failure,rudder,0.909999966621,-475.725372314,6.21703720093,50,45.1858863831,2.65079379082,166.509719849,-20.5842609406,3.45337724686,-0.533078968525,0
1536693720656312728,29.139378272,carbonZ_2018-09-11-15-06-34_3_rudder_left_failure,rudder,0.909999966621,-475.725372314,6.21703720093,50,45.1858863831,2.65079379082,166.509719849,-20.6390914917,3.12040495872,-0.549468934536,0
1536693720770147864,29.253213408,carbonZ_2018-09-11-15-06-34_3_rudder_left_failure,rudder,0.8599999547,-468.577392578,6.19585037231,50,45.1858863831,2.65079379082,166.509719849,-20.7479896545,2.24318885803,-0.595194339752,0
1536693720810153816,29.29321936,carbonZ_2018-09-11-15-06-34_3_rudder_left_failure,rudder,0.810000002384,-468.577392578,6.17680358887,50,45.1858863831,2.65079379082,166.509719849,-20.8026618958,1.71541118622,-0.602284252644,0
1536693720855358552,29.338424096,carbonZ_2018-09-11-15-06-34_3_rudder_left_failure,rudder,0.810000002384,-468.577392578,6.17680358887,50,45.1858863831,2.65079379082,166.509719849,-20.8311595917,1.37298262119,-0.609281718731,0
1536693720938855736,29.42192128,carbonZ_2018-09-11-15-06-34_3_rudder_left_failure,rudder,0.759999990463,-466.586669922,6.14966583252,50,46.3032569885,2.4406170845,176.419967651,-20.8725509644,0.628672063351,-0.636906802654,0
1536693720970320248,29.453385792,carbonZ_2018-09-11-15-06-34_3_rudder_left_failure,rudder,0.759999990463,-466.586669922,6.14966583252,50,46.3032569885,2.4406170845,176.419967651,-20.8818817139,0.25658595562,-0.650714218616,0
1536693721046410264,29.529475808,carbonZ_2018-09-11-15-06-34_3_rudder_left_failure,rudder,0.699999988079,-466.586669922,6.12367630005,50,46.3032569885,2.4406170845,176.419967651,-20.8851604462,-0.308225810528,-0.673977255821,0
1536693721083379000,29.566444544,carbonZ_2018-09-11-15-06-34_3_rudder_left_failure,rudder,0.699999988079,-466.586669922,6.12367630005,50,46.3032569885,2.4406170845,176.419967651,-20.8788909912,-0.682343840599,-0.684097826481,0
1536693721144337848,29.627403392,carbonZ_2018-09-11-15-06-34_3_rudder_left_failure,rudder,0.629999995232,-474.518188477,6.09015274048,50,46.3032569885,2.4406170845,176.419967651,-20.8606796265,-1.2242859602,-0.666499376297,0
1536693721171587736,29.65465328,carbonZ_2018-09-11-15-06-34_3_rudder_left_failure,rudder,0.629999995232,-474.518188477,6.09015274048,50,46.3032569885,2.4406170845,176.419967651,-20.8429374695,-1.58085548878,-0.64426857233,0
1536693721207214744,29.690280288,carbonZ_2018-09-11-15-06-34_3_rudder_left_failure,rudder,0.560000002384,-474.518188477,6.04929351807,50,46.3032569885,2.4406170845,176.419967651,-20.823091507,-1.9300442934,-0.619387447834,0
1536693721238747960,29.721813504,carbonZ_2018-09-11-15-06-34_3_rudder_left_failure,rudder,0.560000002384,-474.518188477,6.04929351807,50,46.3032569885,2.4406170845,176.419967651,-20.815984726,-2.10223865509,-0.602740347385,0
1536693721349569240,29.832634784,carbonZ_2018-09-11-15-06-34_3_rudder_left_failure,rudder,0.509999990463,-472.361755371,6.00424194336,50,48.275844574,2.67399120331,-175.038116455,-20.7233390808,-2.95293712616,-0.545844078064,0
1536693721374762488,29.857828032,carbonZ_2018-09-11-15-06-34_3_rudder_left_failure,rudder,0.509999990463,-472.361755371,6.00424194336,50,48.275844574,2.67399120331,-175.038116455,-20.6786727905,-3.30268621445,-0.511230707169,0
1536693721407006872,29.890072416,carbonZ_2018-09-11-15-06-34_3_rudder_left_failure,rudder,0.449999988079,-472.361755371,5.96743011475,50,48.275844574,2.67399120331,-175.038116455,-20.6302471161,-3.64244103432,-0.48695987463,0
1536693721472326104,29.955391648,carbonZ_2018-09-11-15-06-34_3_rudder_left_failure,rudder,0.449999988079,-472.361755371,5.96743011475,50,48.275844574,2.67399120331,-175.038116455,-20.5181922913,-4.31111288071,-0.4249330163,0
1536693721540799480,30.023865024,carbonZ_2018-09-11-15-06-34_3_rudder_left_failure,rudder,0.409999996424,-477.13659668,5.92782974243,50,48.275844574,2.67399120331,-175.038116455,-20.4481296539,-4.63305664062,-0.401372462511,0
1536693721558648632,30.041714176,carbonZ_2018-09-11-15-06-34_3_rudder_left_failure,rudder,0.409999996424,-477.13659668,5.92782974243,50,48.275844574,2.67399120331,-175.038116455,-20.4070472717,-4.80546951294,-0.397860378027,0
1536693721631376280,30.114441824,carbonZ_2018-09-11-15-06-34_3_rudder_left_failure,rudder,0.370000004768,-477.13659668,5.88796615601,49,48.275844574,2.67399120331,-175.038116455,-20.2430744171,-5.49184036255,-0.358970791101,0
1536693721650155000,30.133220544,carbonZ_2018-09-11-15-06-34_3_rudder_left_failure,rudder,0.370000004768,-477.13659668,5.88796615601,49,48.275844574,2.67399120331,-175.038116455,-20.1960391998,-5.66989850998,-0.353116959333,0
1536693721734728408,30.217793952,carbonZ_2018-09-11-15-06-34_3_rudder_left_failure,rudder,0.340000003576,-484.354797363,5.86159515381,49,47.7595825195,2.29348349571,-164.21105957,-20.0034618378,-6.33121824265,-0.323990464211,0
1536693721748200984,30.231266528,carbonZ_2018-09-11-15-06-34_3_rudder_left_failure,rudder,0.340000003576,-484.354797363,5.86159515381,49,47.7595825195,2.29348349571,-164.21105957,-20.0034618378,-6.33121824265,-0.323990464211,0
1536693721811907000,30.294972544,carbonZ_2018-09-11-15-06-34_3_rudder_left_failure,rudder,0.310000002384,-484.354797363,5.82670211792,49,47.7595825195,2.29348349571,-164.21105957,-19.7568702698,-7.03167676926,-0.365617752075,0
1536693721848510072,30.331575616,carbonZ_2018-09-11-15-06-34_3_rudder_left_failure,rudder,0.310000002384,-484.354797363,5.82670211792,49,47.7595825195,2.29348349571,-164.21105957,-19.6242904663,-7.39093446732,-0.397325843573,0
1536693721931141048,30.414206592,carbonZ_2018-09-11-15-06-34_3_rudder_left_failure,rudder,0.269999980927,-489.122772217,5.79664230347,49,47.7595825195,2.29348349571,-164.21105957,-19.3320236206,-8.11062431335,-0.460410952568,0
1536693721972185624,30.455251168,carbonZ_2018-09-11-15-06-34_3_rudder_left_failure,rudder,0.269999980927,-489.122772217,5.79664230347,49,47.7595825195,2.29348349571,-164.21105957,-19.1862812042,-8.44392585754,-0.478878617287,0
1536693722037234232,30.520299776,carbonZ_2018-09-11-15-06-34_3_rudder_left_failure,rudder,0.239999994636,-489.122772217,5.75520324707,49,47.7595825195,2.29348349571,-164.21105957,-18.8773174286,-9.08179187775,-0.506569623947,0
1536693722102655480,30.585721024,carbonZ_2018-09-11-15-06-34_3_rudder_left_failure,rudder,0.189999997616,-484.061248779,5.71355438232,49,47.7595825195,2.29348349571,-164.21105957,-18.6014766693,-9.57957172394,-0.566992163658,0
1536693722124471768,30.607537312,carbonZ_2018-09-11-15-06-34_3_rudder_left_failure,rudder,0.189999997616,-484.061248779,5.71355438232,49,47.7595825195,2.29348349571,-164.21105957,-18.6014766693,-9.57957172394,-0.566992163658,0
1536693722161626392,30.644691936,carbonZ_2018-09-11-15-06-34_3_rudder_left_failure,rudder,0.189999997616,-484.061248779,5.71355438232,49,45.4194602966,2.63166069984,-151.970016479,-18.4034671783,-9.91504096985,-0.616262793541,0
1536693722211967832,30.695033376,carbonZ_2018-09-11-15-06-34_3_rudder_left_failure,rudder,0.129999995232,-484.061248779,5.663230896,49,45.4194602966,2.63166069984,-151.970016479,-18.1208362579,-10.3767843246,-0.671502053738,0
1536693722229039224,30.712104768,carbonZ_2018-09-11-15-06-34_3_rudder_left_failure,rudder,0.129999995232,-484.061248779,5.663230896,49,45.4194602966,2.63166069984,-151.970016479,-18.0230789185,-10.5282239914,-0.691190004349,0
1536693722314603640,30.797669184,carbonZ_2018-09-11-15-06-34_3_rudder_left_failure,rudder,0.070000000298,-489.414978027,5.61153793335,49,45.4194602966,2.63166069984,-151.970016479,-17.6136035919,-11.1305608749,-0.783154249191,0
1536693722373346968,30.856412512,carbonZ_2018-09-11-15-06-34_3_rudder_left_failure,rudder,0.070000000298,-489.414978027,5.61153793335,49,45.4194602966,2.63166069984,-151.970016479,-17.3987579346,-11.4285182953,-0.835719764233,0
1536693722392875128,30.875940672,carbonZ_2018-09-11-15-06-34_3_rudder_left_failure,rudder,0.070000000298,-489.414978027,5.61153793335,49,45.4194602966,2.63166069984,-151.970016479,-17.2892036438,-11.5793123245,-0.860163927078,0
1536693722435964856,30.9190304,carbonZ_2018-09-11-15-06-34_3_rudder_left_failure,rudder,-0.00999999977648,-489.414978027,5.54421234131,49,45.4194602966,2.63166069984,-151.970016479,-16.9564971924,-12.0078811646,-0.927742660046,0
1536693722475337880,30.958403424,carbonZ_2018-09-11-15-06-34_3_rudder_left_failure,rudder,-0.00999999977648,-489.414978027,5.54421234131,49,45.2662506104,3.06079506874,-144.525375366,-16.8378696442,-12.1585836411,-0.956504285336,0
1536693722569570744,31.052636288,carbonZ_2018-09-11-15-06-34_3_rudder_left_failure,rudder,-0.109999999404,-489.414978027,5.48539733887,49,45.2662506104,3.06079506874,-144.525375366,-16.2517375946,-12.8243341446,-1.06718492508,0
1536693722638242936,31.12130848,carbonZ_2018-09-11-15-06-34_3_rudder_left_failure,rudder,-0.229999989271,-476.084533691,5.42353820801,49,45.2662506104,3.06079506874,-144.525375366,-15.8076143265,-13.2904462814,-1.05535113811,0
1536693722676760664,31.159826208,carbonZ_2018-09-11-15-06-34_3_rudder_left_failure,rudder,-0.229999989271,-476.084533691,5.42353820801,49,45.2662506104,3.06079506874,-144.525375366,-15.6895723343,-13.4088859558,-1.05144631863,0
1536693722718873816,31.20193936,carbonZ_2018-09-11-15-06-34_3_rudder_left_failure,rudder,-0.340000003576,-473.19241333,5.3724899292,49,45.2662506104,3.06079506874,-144.525375366,-15.3219575882,-13.7611064911,-1.05282735825,0
1536693722763677688,31.246743232,carbonZ_2018-09-11-15-06-34_3_rudder_left_failure,rudder,-0.340000003576,-473.19241333,5.3724899292,49,45.2662506104,3.06079506874,-144.525375366,-15.0670385361,-13.9857368469,-1.04572606087,0
1536693722815112952,31.298178496,carbonZ_2018-09-11-15-06-34_3_rudder_left_failure,rudder,-0.449999988079,-473.19241333,5.31727218628,49,45.2662506104,3.06079506874,-144.525375366,-14.7224416733,-14.2845077515,-1.01653921604,0
1536693722848910776,31.33197632,carbonZ_2018-09-11-15-06-34_3_rudder_left_failure,rudder,-0.449999988079,-473.19241333,5.31727218628,49,45.2662506104,3.06079506874,-144.525375366,-14.7224416733,-14.2845077515,-1.01653921604,0
1536693722929448856,31.4125144,carbonZ_2018-09-11-15-06-34_3_rudder_left_failure,rudder,-0.560000002384,-466.151611328,5.25670623779,49,44.8488578796,2.68104910851,-133.649658203,-14.1057853699,-14.7931957245,-0.982070326805,0
1536693722971591032,31.454656576,carbonZ_2018-09-11-15-06-34_3_rudder_left_failure,rudder,-0.560000002384,-466.151611328,5.25670623779,49,44.8488578796,2.68104910851,-133.649658203,-13.8620252609,-14.9776964188,-0.961572289467,0
1536693723010933656,31.4939992,carbonZ_2018-09-11-15-06-34_3_rudder_left_failure,rudder,-0.669999957085,-466.151611328,5.22138214111,49,44.8488578796,2.68104910851,-133.649658203,-13.5327224731,-15.2246713638,-0.904829144478,0
1536693723089168792,31.572234336,carbonZ_2018-09-11-15-06-34_3_rudder_left_failure,rudder,-0.669999957085,-466.151611328,5.22138214111,49,44.8488578796,2.68104910851,-133.649658203,-13.1785898209,-15.4819393158,-0.832324028015,0
1536693723172866936,31.65593248,carbonZ_2018-09-11-15-06-34_3_rudder_left_failure,rudder,-0.77999997139,-454.813964844,5.18402862549,49,44.8488578796,2.68104910851,-133.649658203,-12.4789981842,-15.9322652817,-0.693091988564,0
1536693723217403320,31.700468864,carbonZ_2018-09-11-15-06-34_3_rudder_left_failure,rudder,-0.870000004768,-454.813964844,5.16953659058,49,44.8488578796,2.68104910851,-133.649658203,-12.3591709137,-16.0089473724,-0.669125318527,0
1536693723250127096,31.73319264,carbonZ_2018-09-11-15-06-34_3_rudder_left_failure,rudder,-0.870000004768,-454.813964844,5.16953659058,49,44.6267089844,1.91736006737,-126.032836914,-12.1035261154,-16.1561450958,-0.635673105717,0
1536693723324470264,31.807535808,carbonZ_2018-09-11-15-06-34_3_rudder_left_failure,rudder,-0.949999988079,-460.964385986,5.17267990112,49,44.6267089844,1.91736006737,-126.032836914,-11.7530145645,-16.3607139587,-0.579520046711,0
1536693723350135480,31.833201024,carbonZ_2018-09-11-15-06-34_3_rudder_left_failure,rudder,-0.949999988079,-460.964385986,5.17267990112,49,44.6267089844,1.91736006737,-126.032836914,-11.5026884079,-16.5075950623,-0.538011908531,0
1536693723423299384,31.906364928,carbonZ_2018-09-11-15-06-34_3_rudder_left_failure,rudder,-1.02999997139,-460.964385986,5.17847824097,49,44.6267089844,1.91736006737,-126.032836914,-11.1279821396,-16.7144260406,-0.49309450388,0
1536693723434036792,31.917102336,carbonZ_2018-09-11-15-06-34_3_rudder_left_failure,rudder,-1.02999997139,-460.964385986,5.17847824097,49,44.6267089844,1.91736006737,-126.032836914,-10.8678121567,-16.8574428558,-0.468397796154,0
1536693723517643448,32.000708992,carbonZ_2018-09-11-15-06-34_3_rudder_left_failure,rudder,-1.09000003338,-456.149475098,5.20475769043,49,44.6267089844,1.91736006737,-126.032836914,-10.4625244141,-17.0639152527,-0.433213561773,0
1536693723578097432,32.061162976,carbonZ_2018-09-11-15-06-34_3_rudder_left_failure,rudder,-1.09000003338,-456.149475098,5.20475769043,49,44.6267089844,1.91736006737,-126.032836914,-10.0967884064,-17.2477722168,-0.384662777185,0
1536693723640435512,32.123501056,carbonZ_2018-09-11-15-06-34_3_rudder_left_failure,rudder,-1.13999998569,-456.149475098,5.23647689819,49,44.6267089844,1.91736006737,-126.032836914,-9.70789241791,-17.4342346191,-0.310864657164,0
1536693723678741272,32.161806816,carbonZ_2018-09-11-15-06-34_3_rudder_left_failure,rudder,-1.13999998569,-456.149475098,5.23647689819,49,44.9175796509,0.468487799168,-117.300765991,-9.478764534,-17.5379943848,-0.263217896223,0
1536693723740941560,32.224007104,carbonZ_2018-09-11-15-06-34_3_rudder_left_failure,rudder,-1.18999993801,-448.481933594,5.28059768677,49,44.9175796509,0.468487799168,-117.300765991,-9.0912399292,-17.7141990662,-0.174315482378,0
1536693723760910776,32.24397632,carbonZ_2018-09-11-15-06-34_3_rudder_left_failure,rudder,-1.18999993801,-448.481933594,5.28059768677,49,44.9175796509,0.468487799168,-117.300765991,-8.95028400421,-17.7723197937,-0.152144372463,0
1536693723805494808,32.288560352,carbonZ_2018-09-11-15-06-34_3_rudder_left_failure,rudder,-1.20999991894,-448.481933594,5.33380508423,49,44.9175796509,0.468487799168,-117.300765991,-8.56757068634,-17.9313392639,-0.0755590125918,0
1536693723888986776,32.37205232,carbonZ_2018-09-11-15-06-34_3_rudder_left_failure,rudder,-1.20999991894,-448.481933594,5.33380508423,49,44.9175796509,0.468487799168,-117.300765991,-8.15576267242,-18.0970001221,-0.00412424700335,0
1536693723912488696,32.39555424,carbonZ_2018-09-11-15-06-34_3_rudder_left_failure,rudder,-1.22000002861,-446.286773682,5.39911651611,49,44.9175796509,0.468487799168,-117.300765991,-7.87772130966,-18.1964511871,0.0419198162854,0
1536693723963996376,32.44706192,carbonZ_2018-09-11-15-06-34_3_rudder_left_failure,rudder,-1.22000002861,-446.286773682,5.39911651611,49,44.9175796509,0.468487799168,-117.300765991,-7.46765089035,-18.3456459045,0.109341464937,0
1536693724012551032,32.495616576,carbonZ_2018-09-11-15-06-34_3_rudder_left_failure,rudder,-1.20999991894,-446.286773682,5.47487640381,49,44.9175796509,0.468487799168,-117.300765991,-7.17078065872,-18.4461402893,0.14729718864,0
1536693724046285752,32.529351296,carbonZ_2018-09-11-15-06-34_3_rudder_left_failure,rudder,-1.20999991894,-446.286773682,5.47487640381,49,44.9175796509,0.468487799168,-117.300765991,-6.88617229462,-18.5357170105,0.180249750614,0
1536693724114868056,32.5979336,carbonZ_2018-09-11-15-06-34_3_rudder_left_failure,rudder,-1.19999992847,-441.743103027,5.53644180298,49,44.9175796509,0.468487799168,-117.300765991,-6.43515777588,-18.6729393005,0.223230525851,0
1536693724163817784,32.646883328,carbonZ_2018-09-11-15-06-34_3_rudder_left_failure,rudder,-1.19999992847,-441.743103027,5.53644180298,49,44.9175796509,0.468487799168,-117.300765991,-6.11718940735,-18.7597770691,0.253348529339,0
1536693724230423608,32.713489152,carbonZ_2018-09-11-15-06-34_3_rudder_left_failure,rudder,-1.16999995708,-441.743103027,5.61506652832,49,45.5866889954,-1.01567876339,-104.511360168,-5.52199411392,-18.9073886871,0.308447241783,0
1536693724244269432,32.727334976,carbonZ_2018-09-11-15-06-34_3_rudder_left_failure,rudder,-1.16999995708,-441.743103027,5.61506652832,49,45.5866889954,-1.01567876339,-104.511360168,-5.52199411392,-18.9073886871,0.308447241783,0
1536693724358275640,32.841341184,carbonZ_2018-09-11-15-06-34_3_rudder_left_failure,rudder,-1.13999998569,-437.037078857,5.6788444519,49,45.5866889954,-1.01567876339,-104.511360168,-4.59817361832,-19.1030845642,0.400943785906,0
1536693724407791192,32.890856736,carbonZ_2018-09-11-15-06-34_3_rudder_left_failure,rudder,-1.09000003338,-437.037078857,5.74195098877,49,45.5866889954,-1.01567876339,-104.511360168,-4.12894439697,-19.1883220673,0.456160604954,0
1536693724446203928,32.929269472,carbonZ_2018-09-11-15-06-34_3_rudder_left_failure,rudder,-1.09000003338,-437.037078857,5.74195098877,49,45.5866889954,-1.01567876339,-104.511360168,-3.83001089096,-19.2334156036,0.48594468832,0
1536693724517959416,33.00102496,carbonZ_2018-09-11-15-06-34_3_rudder_left_failure,rudder,-1.03999996185,-441.271209717,5.80178451538,49,45.5866889954,-1.01567876339,-104.511360168,-3.3495285511,-19.302564621,0.527372062206,0
1536693724548918456,33.031984,carbonZ_2018-09-11-15-06-34_3_rudder_left_failure,rudder,-1.03999996185,-441.271209717,5.80178451538,49,45.5866889954,-1.01567876339,-104.511360168,-3.01970863342,-19.3414497375,0.549609065056,0
1536693724611262424,33.094327968,carbonZ_2018-09-11-15-06-34_3_rudder_left_failure,rudder,-0.979999959469,-441.271209717,5.86946487427,49,45.5866889954,-1.01567876339,-104.511360168,-2.54753136635,-19.3860797882,0.563030719757,0
1536693724647602360,33.130667904,carbonZ_2018-09-11-15-06-34_3_rudder_left_failure,rudder,-0.979999959469,-441.271209717,5.86946487427,49,45.6590919495,-1.15473175049,-94.2002258301,-2.21141386032,-19.4163970947,0.581882417202,0
1536693724717825208,33.200890752,carbonZ_2018-09-11-15-06-34_3_rudder_left_failure,rudder,-0.919999957085,-445.376403809,5.91362380981,49,45.6590919495,-1.15473175049,-94.2002258301,-1.54901087284,-19.4491996765,0.589860916138,0
1536693724764357112,33.247422656,carbonZ_2018-09-11-15-06-34_3_rudder_left_failure,rudder,-0.919999957085,-445.376403809,5.91362380981,49,45.6590919495,-1.15473175049,-94.2002258301,-1.38211202621,-19.4564037323,0.591021716595,0
1536693724834001272,33.317066816,carbonZ_2018-09-11-15-06-34_3_rudder_left_failure,rudder,-0.849999964237,-445.376403809,5.96560287476,50,45.6590919495,-1.15473175049,-94.2002258301,-0.706031024456,-19.4683570862,0.599117100239,0
1536693724845598296,33.32866384,carbonZ_2018-09-11-15-06-34_3_rudder_left_failure,rudder,-0.849999964237,-445.376403809,5.96560287476,50,45.6590919495,-1.15473175049,-94.2002258301,-0.532940387726,-19.4671325684,0.599697589874,0
1536693724935087576,33.41815312,carbonZ_2018-09-11-15-06-34_3_rudder_left_failure,rudder,-0.789999961853,-441.391174316,5.9932975769,50,45.6590919495,-1.15473175049,-94.2002258301,0.110624335706,-19.4526481628,0.599554300308,0
1536693724954929176,33.43799472,carbonZ_2018-09-11-15-06-34_3_rudder_left_failure,rudder,-0.789999961853,-441.391174316,5.9932975769,50,45.6590919495,-1.15473175049,-94.2002258301,0.268412441015,-19.4496173859,0.606478512287,0
1536693725036394488,33.519460032,carbonZ_2018-09-11-15-06-34_3_rudder_left_failure,rudder,-0.729999959469,-441.391174316,6.02939605713,50,45.6590919495,-1.15473175049,-94.2002258301,0.915388345718,-19.4031333923,0.599945366383,0
1536693725085820536,33.56888608,carbonZ_2018-09-11-15-06-34_3_rudder_left_failure,rudder,-0.659999966621,-445.730010986,6.04025268555,50,45.6590919495,-1.15473175049,-94.2002258301,1.24020838737,-19.3749237061,0.60323625803,0
1536693725107413784,33.590479328,carbonZ_2018-09-11-15-06-34_3_rudder_left_failure,rudder,-0.659999966621,-445.730010986,6.04025268555,50,45.6590919495,-1.15473175049,-94.2002258301,1.57124865055,-19.3413486481,0.613533973694,0
1536693725167120568,33.650186112,carbonZ_2018-09-11-15-06-34_3_rudder_left_failure,rudder,-0.659999966621,-445.730010986,6.04025268555,50,44.3916015625,-1.3522516489,-82.036605835,1.90622484684,-19.2966594696,0.611110031605,0
1536693725202877400,33.685942944,carbonZ_2018-09-11-15-06-34_3_rudder_left_failure,rudder,-0.589999973774,-445.730010986,6.05770492554,50,44.3916015625,-1.3522516489,-82.036605835,2.21861124039,-19.2532176971,0.607540130615,0
1536693725235087736,33.71815328,carbonZ_2018-09-11-15-06-34_3_rudder_left_failure,rudder,-0.589999973774,-445.730010986,6.05770492554,50,44.3916015625,-1.3522516489,-82.036605835,2.53224778175,-19.2069129944,0.602834820747,0
1536693725297254520,33.780320064,carbonZ_2018-09-11-15-06-34_3_rudder_left_failure,rudder,-0.52999997139,-446.946350098,6.06106567383,50,44.3916015625,-1.3522516489,-82.036605835,3.02734589577,-19.1204032898,0.609462797642,0
1536693725328524952,33.811590496,carbonZ_2018-09-11-15-06-34_3_rudder_left_failure,rudder,-0.52999997139,-446.946350098,6.06106567383,50,44.3916015625,-1.3522516489,-82.036605835,3.33192849159,-19.0543746948,0.607498049736,0
1536693725362043640,33.845109184,carbonZ_2018-09-11-15-06-34_3_rudder_left_failure,rudder,-0.52999997139,-446.946350098,6.06106567383,50,44.3916015625,-1.3522516489,-82.036605835,3.33192849159,-19.0543746948,0.607498049736,0
1536693725432513976,33.91557952,carbonZ_2018-09-11-15-06-34_3_rudder_left_failure,rudder,-0.459999978542,-446.946350098,6.05939102173,50,43.8321647644,-1.54822695255,-75.5439376831,4.13997602463,-18.87317276,0.602298557758,0
1536693725444988312,33.928053856,carbonZ_2018-09-11-15-06-34_3_rudder_left_failure,rudder,-0.459999978542,-446.946350098,6.05939102173,50,43.8321647644,-1.54822695255,-75.5439376831,4.13997602463,-18.87317276,0.602298557758,0
1536693725560257112,34.043322656,carbonZ_2018-09-11-15-06-34_3_rudder_left_failure,rudder,-0.399999976158,-444.093688965,6.0523147583,50,43.8321647644,-1.54822695255,-75.5439376831,5.09576272964,-18.5983657837,0.570137917995,0
1536693725601022872,34.084088416,carbonZ_2018-09-11-15-06-34_3_rudder_left_failure,rudder,-0.340000003576,-444.093688965,6.03760147095,50,43.8321647644,-1.54822695255,-75.5439376831,5.73295259476,-18.3814105988,0.544143438339,0
1536693725639103512,34.122169056,carbonZ_2018-09-11-15-06-34_3_rudder_left_failure,rudder,-0.340000003576,-444.093688965,6.03760147095,50,43.8321647644,-1.54822695255,-75.5439376831,5.73295259476,-18.3814105988,0.544143438339,0
1536693725721707224,34.204772768,carbonZ_2018-09-11-15-06-34_3_rudder_left_failure,rudder,-0.289999991655,-446.234710693,6.00409317017,50,43.8321647644,-1.54822695255,-75.5439376831,6.34302854538,-18.1567230225,0.519533216953,0
1536693725738115000,34.221180544,carbonZ_2018-09-11-15-06-34_3_rudder_left_failure,rudder,-0.289999991655,-446.234710693,6.00409317017,50,43.8321647644,-1.54822695255,-75.5439376831,6.49560689926,-18.0988388062,0.516286313534,0
1536693725788509464,34.271575008,carbonZ_2018-09-11-15-06-34_3_rudder_left_failure,rudder,-0.239999994636,-446.234710693,5.96825790405,50,43.8321647644,-1.54822695255,-75.5439376831,6.95855236053,-17.902967453,0.485297888517,0
1536693725841309752,34.324375296,carbonZ_2018-09-11-15-06-34_3_rudder_left_failure,rudder,-0.239999994636,-446.234710693,5.96825790405,50,43.8321647644,-1.54822695255,-75.5439376831,7.24212217331,-17.7815303802,0.46266874671,0
1536693725882125144,34.365190688,carbonZ_2018-09-11-15-06-34_3_rudder_left_failure,rudder,-0.189999997616,-443.530090332,5.91718292236,49,43.1595230103,-0.601565897465,-65.4462966919,7.53754901886,-17.6445217133,0.436903446913,0
1536693725904932344,34.387997888,carbonZ_2018-09-11-15-06-34_3_rudder_left_failure,rudder,-0.189999997616,-443.530090332,5.91718292236,49,43.1595230103,-0.601565897465,-65.4462966919,7.53754901886,-17.6445217133,0.436903446913,0
1536693725966903064,34.449968608,carbonZ_2018-09-11-15-06-34_3_rudder_left_failure,rudder,-0.189999997616,-443.530090332,5.91718292236,49,43.1595230103,-0.601565897465,-65.4462966919,8.1247587204,-17.3565425873,0.401776343584,0
1536693726007969464,34.491035008,carbonZ_2018-09-11-15-06-34_3_rudder_left_failure,rudder,-0.149999991059,-443.530090332,5.87017822266,49,43.1595230103,-0.601565897465,-65.4462966919,8.53885555267,-17.1341323853,0.369114160538,0
1536693726032187800,34.515253344,carbonZ_2018-09-11-15-06-34_3_rudder_left_failure,rudder,-0.149999991059,-443.530090332,5.87017822266,49,43.1595230103,-0.601565897465,-65.4462966919,8.67401790619,-17.0599994659,0.355617672205,0
1536693726084919256,34.5679848,carbonZ_2018-09-11-15-06-34_3_rudder_left_failure,rudder,-0.109999999404,-446.534362793,5.80423355103,49,43.1595230103,-0.601565897465,-65.4462966919,9.37850761414,-16.6487102509,0.313064903021,0
1536693726165261144,34.648326688,carbonZ_2018-09-11-15-06-34_3_rudder_left_failure,rudder,-0.109999999404,-446.534362793,5.80423355103,49,43.1595230103,-0.601565897465,-65.4462966919,9.77730941772,-16.3909378052,0.289865851402,0
1536693726203704440,34.686769984,carbonZ_2018-09-11-15-06-34_3_rudder_left_failure,rudder,-0.070000000298,-446.534362793,5.73930740356,49,43.1595230103,-0.601565897465,-65.4462966919,9.77730941772,-16.3909378052,0.289865851402,0
1536693726235851000,34.718916544,carbonZ_2018-09-11-15-06-34_3_rudder_left_failure,rudder,-0.070000000298,-446.534362793,5.73930740356,49,42.9140319824,-0.212585151196,-56.6047019958,10.032535553,-16.2225589752,0.272252619267,0
1536693726301778392,34.784843936,carbonZ_2018-09-11-15-06-34_3_rudder_left_failure,rudder,-0.0399999991059,-454.985626221,5.66798019409,49,42.9140319824,-0.212585151196,-56.6047019958,10.4268159866,-15.9513101578,0.256004214287,0
1536693726365937976,34.84900352,carbonZ_2018-09-11-15-06-34_3_rudder_left_failure,rudder,-0.0399999991059,-454.985626221,5.66798019409,49,42.9140319824,-0.212585151196,-56.6047019958,10.815030098,-15.6620035172,0.227043777704,0
1536693726373340696,34.85640624,carbonZ_2018-09-11-15-06-34_3_rudder_left_failure,rudder,-0.0399999991059,-454.985626221,5.66798019409,49,42.9140319824,-0.212585151196,-56.6047019958,10.9238462448,-15.5798311234,0.220669090748,0
1536693726407750296,34.89081584,carbonZ_2018-09-11-15-06-34_3_rudder_left_failure,rudder,-0.00999999977648,-454.985626221,5.59029006958,49,42.9140319824,-0.212585151196,-56.6047019958,11.1524400711,-15.4037399292,0.202124491334,0
1536693726444787864,34.927853408,carbonZ_2018-09-11-15-06-34_3_rudder_left_failure,rudder,-0.00999999977648,-454.985626221,5.59029006958,49,42.9140319824,-0.212585151196,-56.6047019958,11.396613121,-15.2087106705,0.188999846578,0
1536693726515322072,34.998387616,carbonZ_2018-09-11-15-06-34_3_rudder_left_failure,rudder,0.00999999977648,-454.985626221,5.51392364502,49,42.9140319824,-0.212585151196,-56.6047019958,11.7651195526,-14.9014091492,0.157403618097,0
1536693726550246200,35.033311744,carbonZ_2018-09-11-15-06-34_3_rudder_left_failure,rudder,0.00999999977648,-454.985626221,5.51392364502,49,42.9140319824,-0.212585151196,-56.6047019958,12.0114526749,-14.6791248322,0.114163145423,0
1536693726609241176,35.09230672,carbonZ_2018-09-11-15-06-34_3_rudder_left_failure,rudder,0.0299999993294,-424.487884521,5.43364715576,49,41.8407936096,0.0254815146327,-48.0441741943,12.3535661697,-14.3675317764,0.0515544451773,0
1536693726685032696,35.16809824,carbonZ_2018-09-11-15-06-34_3_rudder_left_failure,rudder,0.0299999993294,-424.487884521,5.43364715576,49,41.8407936096,0.0254815146327,-48.0441741943,12.7022619247,-14.0331516266,0.00082383712288,0
1536693726709850584,35.192916128,carbonZ_2018-09-11-15-06-34_3_rudder_left_failure,rudder,0.0399999991059,-415.652282715,5.337059021,49,41.8407936096,0.0254815146327,-48.0441741943,12.9242935181,-13.7988481522,-0.0406640321016,0
1536693726775796600,35.258862144,carbonZ_2018-09-11-15-06-34_3_rudder_left_failure,rudder,0.0399999991059,-415.652282715,5.337059021,49,41.8407936096,0.0254815146327,-48.0441741943,13.2382936478,-13.4613714218,-0.086777433753,0
1536693726805026200,35.288091744,carbonZ_2018-09-11-15-06-34_3_rudder_left_failure,rudder,0.0399999991059,-415.652282715,5.24566650391,49,41.8407936096,0.0254815146327,-48.0441741943,13.2382936478,-13.4613714218,-0.086777433753,0
1536693726884133432,35.367198976,carbonZ_2018-09-11-15-06-34_3_rudder_left_failure,rudder,0.0399999991059,-415.652282715,5.24566650391,49,41.8407936096,0.0254815146327,-48.0441741943,13.7530860901,-12.8725986481,-0.139145448804,0
1536693726927023928,35.410089472,carbonZ_2018-09-11-15-06-34_3_rudder_left_failure,rudder,0.0299999993294,-420.79296875,5.13903045654,49,41.8407936096,0.0254815146327,-48.0441741943,13.9361753464,-12.644701004,-0.164179190993,0
1536693726951430168,35.434495712,carbonZ_2018-09-11-15-06-34_3_rudder_left_failure,rudder,0.0299999993294,-420.79296875,5.13903045654,49,41.8407936096,0.0254815146327,-48.0441741943,14.2214231491,-12.2843255997,-0.19518584013,0
1536693727005879480,35.488945024,carbonZ_2018-09-11-15-06-34_3_rudder_left_failure,rudder,0.019999999553,-420.79296875,5.03007125854,49,41.8407936096,0.0254815146327,-48.0441741943,14.409116745,-12.0326042175,-0.213135108352,0
1536693727072739960,35.555805504,carbonZ_2018-09-11-15-06-34_3_rudder_left_failure,rudder,0.019999999553,-420.79296875,5.03007125854,49,41.1725120544,0.627528429031,-37.2688102722,14.6562328339,-11.6801691055,-0.232305899262,0
1536693727151629048,35.634694592,carbonZ_2018-09-11-15-06-34_3_rudder_left_failure,rudder,0.0,-414.815917969,4.91063308716,48,41.1725120544,0.627528429031,-37.2688102722,15.0067873001,-11.160402298,-0.270085930824,0
1536693727206823320,35.689888864,carbonZ_2018-09-11-15-06-34_3_rudder_left_failure,rudder,-0.019999999553,-414.815917969,4.79489898682,48,41.1725120544,0.627528429031,-37.2688102722,15.2549171448,-10.7571773529,-0.33462035656,0
1536693727287296920,35.770362464,carbonZ_2018-09-11-15-06-34_3_rudder_left_failure,rudder,-0.019999999553,-414.815917969,4.79489898682,48,41.1725120544,0.627528429031,-37.2688102722,15.4975414276,-10.3464374542,-0.396133333445,0
1536693727318389880,35.801455424,carbonZ_2018-09-11-15-06-34_3_rudder_left_failure,rudder,-0.0599999986589,-438.339996338,4.67002868652,48,41.1725120544,0.627528429031,-37.2688102722,15.6512670517,-10.0637760162,-0.434055715799,0
1536693727405306168,35.888371712,carbonZ_2018-09-11-15-06-34_3_rudder_left_failure,rudder,-0.0999999940395,-438.339996338,4.53479003906,48,41.1725120544,0.627528429031,-37.2688102722,15.9321975708,-9.51488876343,-0.526005923748,0
1536693727440806904,35.923872448,carbonZ_2018-09-11-15-06-34_3_rudder_left_failure,rudder,-0.0999999940395,-438.339996338,4.53479003906,48,41.1725120544,0.627528429031,-37.2688102722,16.0662078857,-9.23972511292,-0.551807582378,0
1536693727453316088,35.936381632,carbonZ_2018-09-11-15-06-34_3_rudder_left_failure,rudder,-0.0999999940395,-438.339996338,4.53479003906,48,39.9182128906,1.53538584709,-28.2854499817,16.0662078857,-9.23972511292,-0.551807582378,0
1536693727519603800,36.002669344,carbonZ_2018-09-11-15-06-34_3_rudder_left_failure,rudder,-0.149999991059,-437.944793701,4.39717102051,48,39.9182128906,1.53538584709,-28.2854499817,16.3537940979,-8.59370708466,-0.582571923733,0
1536693727569350616,36.05241616,carbonZ_2018-09-11-15-06-34_3_rudder_left_failure,rudder,-0.199999988079,-437.944793701,4.25790786743,48,39.9182128906,1.53538584709,-28.2854499817,16.5155410767,-8.19953632355,-0.591555535793,0
1536693727631128824,36.114194368,carbonZ_2018-09-11-15-06-34_3_rudder_left_failure,rudder,-0.199999988079,-437.944793701,4.25790786743,48,39.9182128906,1.53538584709,-28.2854499817,16.6147918701,-7.95548725128,-0.595479667187,0
1536693727688211928,36.171277472,carbonZ_2018-09-11-15-06-34_3_rudder_left_failure,rudder,-0.199999988079,-437.944793701,4.25790786743,48,39.9182128906,1.53538584709,-28.2854499817,16.7143211365,-7.70386362076,-0.60107588768,0
1536693727710872600,36.193938144,carbonZ_2018-09-11-15-06-34_3_rudder_left_failure,rudder,-0.259999990463,-421.749298096,4.12118530273,48,39.9182128906,1.53538584709,-28.2854499817,16.8547725677,-7.3013048172,-0.620993852615,0
1536693727755245208,36.238310752,carbonZ_2018-09-11-15-06-34_3_rudder_left_failure,rudder,-0.259999990463,-421.749298096,4.12118530273,48,39.9182128906,1.53538584709,-28.2854499817,16.8970088959,-7.18310117722,-0.627201080322,0
1536693727789201240,36.272266784,carbonZ_2018-09-11-15-06-34_3_rudder_left_failure,rudder,-0.319999992847,-421.749298096,3.98155975342,48,39.9182128906,1.53538584709,-28.2854499817,17.0310535431,-6.79274988174,-0.6372205019,0
1536693727873339256,36.3564048,carbonZ_2018-09-11-15-06-34_3_rudder_left_failure,rudder,-0.319999992847,-421.749298096,3.98155975342,48,39.1812210083,1.38158130646,-20.6525993347,17.1460037231,-6.40115356445,-0.647164821625,0
1536693727935588824,36.418654368,carbonZ_2018-09-11-15-06-34_3_rudder_left_failure,rudder,-0.379999995232,-423.57598877,3.84860229492,47,39.1812210083,1.38158130646,-20.6525993347,17.2508678436,-6.04129505157,-0.627575874329,0
1536693727966902072,36.449967616,carbonZ_2018-09-11-15-06-34_3_rudder_left_failure,rudder,-0.379999995232,-423.57598877,3.84860229492,47,39.1812210083,1.38158130646,-20.6525993347,17.3183097839,-5.79447555542,-0.609601140022,0
1536693728011788952,36.494854496,carbonZ_2018-09-11-15-06-34_3_rudder_left_failure,rudder,-0.439999997616,-423.57598877,3.72101974487,47,39.1812210083,1.38158130646,-20.6525993347,17.4073982239,-5.43993091583,-0.601487159729,0
1536693728051985880,36.535051424,carbonZ_2018-09-11-15-06-34_3_rudder_left_failure,rudder,-0.439999997616,-423.57598877,3.72101974487,47,39.1812210083,1.38158130646,-20.6525993347,17.4386959076,-5.31728315353,-0.59451687336,0
1536693728152325528,36.635391072,carbonZ_2018-09-11-15-06-34_3_rudder_left_failure,rudder,-0.5,-416.325012207,3.59934997559,47,39.1812210083,1.38158130646,-20.6525993347,17.5685100555,-4.69490671158,-0.571861863136,0
1536693728216896152,36.699961696,carbonZ_2018-09-11-15-06-34_3_rudder_left_failure,rudder,-0.550000011921,-416.325012207,3.49115753174,47,39.1812210083,1.38158130646,-20.6525993347,17.6538181305,-4.18325567245,-0.549738049507,0
1536693728257171128,36.740236672,carbonZ_2018-09-11-15-06-34_3_rudder_left_failure,rudder,-0.550000011921,-416.325012207,3.49115753174,47,39.1812210083,1.38158130646,-20.6525993347,17.674697876,-4.06225013733,-0.551838755608,0
1536693728319703256,36.8027688,carbonZ_2018-09-11-15-06-34_3_rudder_left_failure,rudder,-0.599999964237,-410.390655518,3.3881111145,47,39.1812210083,1.38158130646,-20.6525993347,17.7302188873,-3.65512132645,-0.554621458054,0
1536693728357519992,36.840585536,carbonZ_2018-09-11-15-06-34_3_rudder_left_failure,rudder,-0.599999964237,-410.390655518,3.3881111145,47,38.1604995728,0.866744279861,-10.1349496841,17.7609081268,-3.40554118156,-0.562705516815,0
1536693728441348312,36.924413856,carbonZ_2018-09-11-15-06-34_3_rudder_left_failure,rudder,-0.649999976158,-410.390655518,3.2911491394,47,38.1604995728,0.866744279861,-10.1349496841,17.8070087433,-2.8909406662,-0.552156805992,0
1536693728457484472,36.940550016,carbonZ_2018-09-11-15-06-34_3_rudder_left_failure,rudder,-0.649999976158,-410.390655518,3.2911491394,47,38.1604995728,0.866744279861,-10.1349496841,17.8189888,-2.75381135941,-0.544670164585,0
1536693728536319640,37.019385184,carbonZ_2018-09-11-15-06-34_3_rudder_left_failure,rudder,-0.689999997616,-390.41784668,3.20189666748,47,38.1604995728,0.866744279861,-10.1349496841,17.8442001343,-2.24360537529,-0.525048613548,0
1536693728549882136,37.03294768,carbonZ_2018-09-11-15-06-34_3_rudder_left_failure,rudder,-0.689999997616,-390.41784668,3.20189666748,47,38.1604995728,0.866744279861,-10.1349496841,17.8442001343,-2.24360537529,-0.525048613548,0
1536693728602900312,37.085965856,carbonZ_2018-09-11-15-06-34_3_rudder_left_failure,rudder,-0.729999959469,-390.41784668,3.10952377319,47,38.1604995728,0.866744279861,-10.1349496841,17.8569145203,-1.60518491268,-0.495460122824,0
1536693728696803160,37.179868704,carbonZ_2018-09-11-15-06-34_3_rudder_left_failure,rudder,-0.77999997139,-382.652282715,3.02665710449,47,38.1604995728,0.866744279861,-10.1349496841,17.8522586823,-1.23175179958,-0.47268640995,0
1536693728718613304,37.201678848,carbonZ_2018-09-11-15-06-34_3_rudder_left_failure,rudder,-0.77999997139,-382.652282715,3.02665710449,47,38.1604995728,0.866744279861,-10.1349496841,17.8522815704,-1.10632920265,-0.458033174276,0
1536693728750189400,37.233254944,carbonZ_2018-09-11-15-06-34_3_rudder_left_failure,rudder,-0.77999997139,-382.652282715,3.02665710449,47,38.1604995728,0.866744279861,-10.1349496841,17.8412780762,-0.871605277061,-0.437275886536,0
1536693728801948664,37.285014208,carbonZ_2018-09-11-15-06-34_3_rudder_left_failure,rudder,-0.810000002384,-382.652282715,2.94428253174,47,37.9607200623,0.520105779171,-1.32941746712,17.8212203979,-0.390055298805,-0.390432655811,0
1536693728848301848,37.331367392,carbonZ_2018-09-11-15-06-34_3_rudder_left_failure,rudder,-0.810000002384,-382.652282715,2.94428253174,47,37.9607200623,0.520105779171,-1.32941746712,17.8181152344,-0.267435967922,-0.37757897377,0
1536693728928488120,37.411553664,carbonZ_2018-09-11-15-06-34_3_rudder_left_failure,rudder,-0.839999973774,-371.754455566,2.87092208862,46,37.9607200623,0.520105779171,-1.32941746712,17.7806873322,0.213076353073,-0.321700125933,0
1536693728974916312,37.457981856,carbonZ_2018-09-11-15-06-34_3_rudder_left_failure,rudder,-0.839999973774,-371.754455566,2.87092208862,46,37.9607200623,0.520105779171,-1.32941746712,17.7526359558,0.454849660397,-0.296873122454,0
1536693729005377368,37.488442912,carbonZ_2018-09-11-15-06-34_3_rudder_left_failure,rudder,-0.8599999547,-371.754455566,2.80509185791,46,37.9607200623,0.520105779171,-1.32941746712,17.7350234985,0.695223391056,-0.26663056016,0
1536693729048248312,37.531313856,carbonZ_2018-09-11-15-06-34_3_rudder_left_failure,rudder,-0.8599999547,-371.754455566,2.80509185791,46,37.9607200623,0.520105779171,-1.32941746712,17.7049617767,0.927717268467,-0.243905633688,0
1536693729137229880,37.620295424,carbonZ_2018-09-11-15-06-34_3_rudder_left_failure,rudder,-0.879999995232,-361.111633301,2.73845672607,46,37.9607200623,0.520105779171,-1.32941746712,17.631603241,1.51268053055,-0.167288482189,0
1536693729172251960,37.655317504,carbonZ_2018-09-11-15-06-34_3_rudder_left_failure,rudder,-0.879999995232,-361.111633301,2.73845672607,46,37.9607200623,0.520105779171,-1.32941746712,17.631603241,1.51268053055,-0.167288482189,0
1536693729245438264,37.728503808,carbonZ_2018-09-11-15-06-34_3_rudder_left_failure,rudder,-0.889999985695,-361.111633301,2.68675231934,46,37.9607200623,0.520105779171,-1.32941746712,17.5630016327,1.97564160824,-0.104835420847,0
1536693729284446360,37.767511904,carbonZ_2018-09-11-15-06-34_3_rudder_left_failure,rudder,-0.899999976158,-354.744903564,2.64419174194,46,37.117149353,-0.404526799917,6.84230327606,17.4853858948,2.437510252,-0.050501268357,0
1536693729322624952,37.805690496,carbonZ_2018-09-11-15-06-34_3_rudder_left_failure,rudder,-0.899999976158,-354.744903564,2.64419174194,46,37.117149353,-0.404526799917,6.84230327606,17.4853858948,2.437510252,-0.050501268357,0
1536693729383930232,37.866995776,carbonZ_2018-09-11-15-06-34_3_rudder_left_failure,rudder,-0.889999985695,-354.744903564,2.60299682617,46,37.117149353,-0.404526799917,6.84230327606,17.3956851959,2.90479779243,-0.00338900601491,0
1536693729443612376,37.92667792,carbonZ_2018-09-11-15-06-34_3_rudder_left_failure,rudder,-0.889999985695,-354.744903564,2.60299682617,46,37.117149353,-0.404526799917,6.84230327606,17.3484230042,3.12638163567,0.0201192367822,0
1536693729451462584,37.934528128,carbonZ_2018-09-11-15-06-34_3_rudder_left_failure,rudder,-0.889999985695,-354.744903564,2.60299682617,46,37.117149353,-0.404526799917,6.84230327606,17.3484230042,3.12638163567,0.0201192367822,0
1536693729513821848,37.996887392,carbonZ_2018-09-11-15-06-34_3_rudder_left_failure,rudder,-0.889999985695,-352.427856445,2.56987380981,46,37.117149353,-0.404526799917,6.84230327606,17.2499370575,3.57975172997,0.0544863045216,0
1536693729561370648,38.044436192,carbonZ_2018-09-11-15-06-34_3_rudder_left_failure,rudder,-0.889999985695,-352.427856445,2.56987380981,46,37.117149353,-0.404526799917,6.84230327606,17.1880378723,3.81369519234,0.0608344823122,0
1536693729587806744,38.070872288,carbonZ_2018-09-11-15-06-34_3_rudder_left_failure,rudder,-0.870000004768,-352.427856445,2.55180740356,46,37.117149353,-0.404526799917,6.84230327606,17.1639518738,3.92814660072,0.0601816698909,0
1536693729651604472,38.134670016,carbonZ_2018-09-11-15-06-34_3_rudder_left_failure,rudder,-0.870000004768,-352.427856445,2.55180740356,46,37.117149353,-0.404526799917,6.84230327606,17.0452365875,4.39153242111,0.062219440937,0
1536693729692953912,38.176019456,carbonZ_2018-09-11-15-06-34_3_rudder_left_failure,rudder,-0.8599999547,-352.661712646,2.52893447876,46,36.1228599548,-0.912020564079,13.4713439941,16.9760360718,4.61350679398,0.0692143440247,0
1536693729794064536,38.27713008,carbonZ_2018-09-11-15-06-34_3_rudder_left_failure,rudder,-0.839999973774,-352.661712646,2.52858352661,46,36.1228599548,-0.912020564079,13.4713439941,16.8164768219,5.16971206665,0.106435872614,0
1536693729862961560,38.346027104,carbonZ_2018-09-11-15-06-34_3_rudder_left_failure,rudder,-0.839999973774,-352.661712646,2.52858352661,46,36.1228599548,-0.912020564079,13.4713439941,16.7128829956,5.48905181885,0.137946337461,0
1536693729890243256,38.3733088,carbonZ_2018-09-11-15-06-34_3_rudder_left_failure,rudder,-0.810000002384,-352.689178467,2.53123092651,46,36.1228599548,-0.912020564079,13.4713439941,16.63763237,5.69372987747,0.165485098958,0
1536693729925353752,38.408419296,carbonZ_2018-09-11-15-06-34_3_rudder_left_failure,rudder,-0.810000002384,-352.689178467,2.53123092651,46,36.1228599548,-0.912020564079,13.4713439941,16.5686416626,5.8993678093,0.193030029535,0
1536693729966651704,38.449717248,carbonZ_2018-09-11-15-06-34_3_rudder_left_failure,rudder,-0.810000002384,-352.689178467,2.53123092651,46,36.1228599548,-0.912020564079,13.4713439941,16.4637756348,6.19805192947,0.236472189426,0
1536693730003446776,38.48651232,carbonZ_2018-09-11-15-06-34_3_rudder_left_failure,rudder,-0.77999997139,-352.689178467,2.54050445557,46,36.1228599548,-0.912020564079,13.4713439941,16.4166431427,6.30643749237,0.249780759215,0
1536693730082149560,38.565215104,carbonZ_2018-09-11-15-06-34_3_rudder_left_failure,rudder,-0.77999997139,-352.689178467,2.54050445557,46,36.1228599548,-0.912020564079,13.4713439941,16.3022861481,6.60842609406,0.277145147324,0
1536693730125128888,38.608194432,carbonZ_2018-09-11-15-06-34_3_rudder_left_failure,rudder,-0.75,-347.691345215,2.56862640381,46,35.2584686279,-1.34337341785,20.5467720032,16.1818943024,6.90407323837,0.309696704149,0
1536693730156858584,38.639924128,carbonZ_2018-09-11-15-06-34_3_rudder_left_failure,rudder,-0.75,-347.691345215,2.56862640381,46,35.2584686279,-1.34337341785,20.5467720032,16.1389732361,6.99634647369,0.322373628616,0
1536693730203710264,38.686775808,carbonZ_2018-09-11-15-06-34_3_rudder_left_failure,rudder,-0.709999978542,-347.691345215,2.61017990112,46,35.2584686279,-1.34337341785,20.5467720032,16.00639534,7.29854393005,0.351400136948,0
1536693730286816792,38.769882336,carbonZ_2018-09-11-15-06-34_3_rudder_left_failure,rudder,-0.669999957085,-348.693847656,2.6615486145,46,35.2584686279,-1.34337341785,20.5467720032,15.775513649,7.80017471313,0.378500491381,0
1536693730337785336,38.82085088,carbonZ_2018-09-11-15-06-34_3_rudder_left_failure,rudder,-0.669999957085,-348.693847656,2.6615486145,46,35.2584686279,-1.34337341785,20.5467720032,15.775513649,7.80017471313,0.378500491381,0
1536693730405686072,38.888751616,carbonZ_2018-09-11-15-06-34_3_rudder_left_failure,rudder,-0.629999995232,-348.693847656,2.73075866699,46,35.2584686279,-1.34337341785,20.5467720032,15.5140666962,8.31393051147,0.396788567305,0
1536693730484428920,38.967494464,carbonZ_2018-09-11-15-06-34_3_rudder_left_failure,rudder,-0.629999995232,-348.693847656,2.73075866699,46,35.9227409363,-1.62918257713,27.0628318787,15.3573646545,8.62563800812,0.400493383408,0
1536693730523677880,39.006743424,carbonZ_2018-09-11-15-06-34_3_rudder_left_failure,rudder,-0.579999983311,-345.268249512,2.80089569092,46,35.9227409363,-1.62918257713,27.0628318787,15.2506999969,8.82752323151,0.400584280491,0
1536693730579836344,39.062901888,carbonZ_2018-09-11-15-06-34_3_rudder_left_failure,rudder,-0.579999983311,-345.268249512,2.80089569092,46,35.9227409363,-1.62918257713,27.0628318787,15.0716619492,9.14654541016,0.409779787064,0
1536693730641272312,39.124337856,carbonZ_2018-09-11-15-06-34_3_rudder_left_failure,rudder,-0.519999980927,-345.268249512,2.87526321411,46,35.9227409363,-1.62918257713,27.0628318787,14.8926706314,9.4553899765,0.422021001577,0
1536693730660217208,39.143282752,carbonZ_2018-09-11-15-06-34_3_rudder_left_failure,rudder,-0.519999980927,-345.268249512,2.87526321411,46,35.9227409363,-1.62918257713,27.0628318787,14.839764595,9.54831886292,0.42748901248,0
1536693730732871768,39.215937312,carbonZ_2018-09-11-15-06-34_3_rudder_left_failure,rudder,-0.469999998808,-337.989440918,2.96217346191,47,35.9227409363,-1.62918257713,27.0628318787,14.5926055908,9.94717884064,0.46981921792,0
1536693730742184312,39.225249856,carbonZ_2018-09-11-15-06-34_3_rudder_left_failure,rudder,-0.469999998808,-337.989440918,2.96217346191,47,35.9227409363,-1.62918257713,27.0628318787,14.5926055908,9.94717884064,0.46981921792,0
1536693730838607960,39.321673504,carbonZ_2018-09-11-15-06-34_3_rudder_left_failure,rudder,-0.419999986887,-337.989440918,3.05401992798,47,35.9227409363,-1.62918257713,27.0628318787,14.2835073471,10.435754776,0.539159476757,0
1536693730887301784,39.370367328,carbonZ_2018-09-11-15-06-34_3_rudder_left_failure,rudder,-0.419999986887,-337.989440918,3.05401992798,47,37.3161010742,-1.98066782951,34.4963684082,14.1405973434,10.6366024017,0.561120271683,0
1536693730932293848,39.415359392,carbonZ_2018-09-11-15-06-34_3_rudder_left_failure,rudder,-0.34999999404,-342.565734863,3.15803909302,47,37.3161010742,-1.98066782951,34.4963684082,13.9429340363,10.9327917099,0.588036775589,0
1536693730957583896,39.44064944,carbonZ_2018-09-11-15-06-34_3_rudder_left_failure,rudder,-0.34999999404,-342.565734863,3.15803909302,47,37.3161010742,-1.98066782951,34.4963684082,13.8657522202,11.0359430313,0.594326257706,0
1536693730986868600,39.469934144,carbonZ_2018-09-11-15-06-34_3_rudder_left_failure,rudder,-0.289999991655,-342.565734863,3.25941848755,47,37.3161010742,-1.98066782951,34.4963684082,13.7254753113,11.2383680344,0.602947890759,0
1536693731046283224,39.529348768,carbonZ_2018-09-11-15-06-34_3_rudder_left_failure,rudder,-0.289999991655,-342.565734863,3.25941848755,47,37.3161010742,-1.98066782951,34.4963684082,13.4874992371,11.5582523346,0.613177478313,0
1536693731091238776,39.57430432,carbonZ_2018-09-11-15-06-34_3_rudder_left_failure,rudder,-0.219999998808,-346.560302734,3.36761474609,47,37.3161010742,-1.98066782951,34.4963684082,13.3422632217,11.7607975006,0.616925418377,0
1536693731158944120,39.642009664,carbonZ_2018-09-11-15-06-34_3_rudder_left_failure,rudder,-0.219999998808,-346.560302734,3.36761474609,47,37.3161010742,-1.98066782951,34.4963684082,13.095500946,12.0740375519,0.617135167122,0
1536693731189297144,39.672362688,carbonZ_2018-09-11-15-06-34_3_rudder_left_failure,rudder,-0.219999998808,-346.560302734,3.36761474609,47,37.3161010742,-1.98066782951,34.4963684082,13.0162124634,12.1766424179,0.614468455315,0
1536693731239524824,39.722590368,carbonZ_2018-09-11-15-06-34_3_rudder_left_failure,rudder,-0.140000000596,-346.560302734,3.47450637817,47,38.7560844421,-1.85639119148,41.2309570312,12.7542247772,12.4947986603,0.615241646767,0
1536693731258436600,39.741502144,carbonZ_2018-09-11-15-06-34_3_rudder_left_failure,rudder,-0.140000000596,-346.560302734,3.47450637817,47,38.7560844421,-1.85639119148,41.2309570312,12.7542247772,12.4947986603,0.615241646767,0
1536693731340307448,39.823372992,carbonZ_2018-09-11-15-06-34_3_rudder_left_failure,rudder,-0.0599999986589,-343.020263672,3.58577728271,47,38.7560844421,-1.85639119148,41.2309570312,12.3093147278,13.0101089478,0.598473608494,0
1536693731366652024,39.849717568,carbonZ_2018-09-11-15-06-34_3_rudder_left_failure,rudder,-0.0599999986589,-343.020263672,3.58577728271,47,38.7560844421,-1.85639119148,41.2309570312,12.2158279419,13.1143484116,0.590672016144,0
1536693731433917208,39.916982752,carbonZ_2018-09-11-15-06-34_3_rudder_left_failure,rudder,0.00999999977648,-343.020263672,3.69049835205,47,38.7560844421,-1.85639119148,41.2309570312,11.8466072083,13.5239076614,0.54786658287,0
1536693731498128024,39.981193568,carbonZ_2018-09-11-15-06-34_3_rudder_left_failure,rudder,0.070000000298,-348.167236328,3.79007720947,47,38.7560844421,-1.85639119148,41.2309570312,11.5736703873,13.8050098419,0.516029834747,0
1536693731527158392,40.010223936,carbonZ_2018-09-11-15-06-34_3_rudder_left_failure,rudder,0.070000000298,-348.167236328,3.79007720947,47,38.7560844421,-1.85639119148,41.2309570312,11.3798713684,14.0047616959,0.510057747364,0
1536693731553196440,40.036261984,carbonZ_2018-09-11-15-06-34_3_rudder_left_failure,rudder,0.070000000298,-348.167236328,3.79007720947,47,38.7560844421,-1.85639119148,41.2309570312,11.1790046692,14.189956665,0.495334684849,0
1536693731670096472,40.153162016,carbonZ_2018-09-11-15-06-34_3_rudder_left_failure,rudder,0.129999995232,-348.167236328,3.89589691162,47,38.1846809387,-1.40055084229,49.3995552063,10.6815443039,14.6532516479,0.445289522409,0
1536693731732685880,40.215751424,carbonZ_2018-09-11-15-06-34_3_rudder_left_failure,rudder,0.189999997616,-362.540039062,4.00389480591,48,38.1846809387,-1.40055084229,49.3995552063,10.4802045822,14.8276567459,0.423432737589,0
1536693731758798712,40.241864256,carbonZ_2018-09-11-15-06-34_3_rudder_left_failure,rudder,0.189999997616,-362.540039062,4.00389480591,48,38.1846809387,-1.40055084229,49.3995552063,10.2780275345,15.0042228699,0.409890055656,0
1536693731815858072,40.298923616,carbonZ_2018-09-11-15-06-34_3_rudder_left_failure,rudder,0.229999989271,-362.540039062,4.09637832642,48,38.1846809387,-1.40055084229,49.3995552063,9.95351696014,15.2644300461,0.39293178916,0
1536693731871412856,40.3544784,carbonZ_2018-09-11-15-06-34_3_rudder_left_failure,rudder,0.229999989271,-362.540039062,4.09637832642,48,38.1846809387,-1.40055084229,49.3995552063,9.54489135742,15.587436676,0.382708609104,0
1536693731950487608,40.433553152,carbonZ_2018-09-11-15-06-34_3_rudder_left_failure,rudder,0.280000001192,-366.448394775,4.21133041382,48,38.1846809387,-1.40055084229,49.3995552063,9.31723880768,15.7476434708,0.375632375479,0
1536693731966112312,40.449177856,carbonZ_2018-09-11-15-06-34_3_rudder_left_failure,rudder,0.280000001192,-366.448394775,4.21133041382,48,38.1846809387,-1.40055084229,49.3995552063,9.20692062378,15.8253631592,0.375765681267,0
1536693732007673560,40.490739104,carbonZ_2018-09-11-15-06-34_3_rudder_left_failure,rudder,0.319999992847,-366.448394775,4.31231689453,48,38.9423446655,-1.28087377548,57.0758934021,9.00344657898,15.971578598,0.372559219599,0
1536693732046142360,40.529207904,carbonZ_2018-09-11-15-06-34_3_rudder_left_failure,rudder,0.319999992847,-366.448394775,4.31231689453,48,38.9423446655,-1.28087377548,57.0758934021,8.78412437439,16.1284809113,0.375491976738,0
1536693732108126552,40.591192096,carbonZ_2018-09-11-15-06-34_3_rudder_left_failure,rudder,0.359999984503,-372.556884766,4.41759490967,48,38.9423446655,-1.28087377548,57.0758934021,8.2074098587,16.4972782135,0.356882810593,0
1536693732146102808,40.629168352,carbonZ_2018-09-11-15-06-34_3_rudder_left_failure,rudder,0.359999984503,-372.556884766,4.41759490967,48,38.9423446655,-1.28087377548,57.0758934021,8.2074098587,16.4972782135,0.356882810593,0
1536693732193251384,40.676316928,carbonZ_2018-09-11-15-06-34_3_rudder_left_failure,rudder,0.399999976158,-372.556884766,4.52752304077,48,38.9423446655,-1.28087377548,57.0758934021,7.84318351746,16.7179164886,0.361232489347,0
1536693732274812184,40.757877728,carbonZ_2018-09-11-15-06-34_3_rudder_left_failure,rudder,0.449999988079,-377.901641846,4.64270782471,48,38.9423446655,-1.28087377548,57.0758934021,7.37588119507,16.982301712,0.365280270576,0
1536693732329945560,40.813011104,carbonZ_2018-09-11-15-06-34_3_rudder_left_failure,rudder,0.449999988079,-377.901641846,4.64270782471,48,38.9423446655,-1.28087377548,57.0758934021,7.24709320068,17.0517082214,0.36431184411,0
1536693732354627256,40.8376928,carbonZ_2018-09-11-15-06-34_3_rudder_left_failure,rudder,0.449999988079,-377.901641846,4.64270782471,48,40.1407775879,-1.2780649662,64.3671417236,6.97983121872,17.1849575043,0.355528622866,0
1536693732413163576,40.89622912,carbonZ_2018-09-11-15-06-34_3_rudder_left_failure,rudder,0.489999979734,-377.901641846,4.75897598267,48,40.1407775879,-1.2780649662,64.3671417236,6.47219276428,17.445432663,0.349326789379,0
1536693732443805656,40.9268712,carbonZ_2018-09-11-15-06-34_3_rudder_left_failure,rudder,0.489999979734,-377.901641846,4.75897598267,48,40.1407775879,-1.2780649662,64.3671417236,6.33506774902,17.5120849609,0.354134052992,0
1536693732510098552,40.993164096,carbonZ_2018-09-11-15-06-34_3_rudder_left_failure,rudder,0.52999997139,-380.393981934,4.86037445068,48,40.1407775879,-1.2780649662,64.3671417236,5.81513261795,17.7392864227,0.378906160593,0
1536693732542176568,41.025242112,carbonZ_2018-09-11-15-06-34_3_rudder_left_failure,rudder,0.52999997139,-380.393981934,4.86037445068,48,40.1407775879,-1.2780649662,64.3671417236,5.54732942581,17.8518447876,0.39389577508,0
1536693732596474968,41.079540512,carbonZ_2018-09-11-15-06-34_3_rudder_left_failure,rudder,0.579999983311,-380.393981934,4.97745895386,49,40.1407775879,-1.2780649662,64.3671417236,5.27030515671,17.96575737,0.413566410542,0
1536693732654900696,41.13796624,carbonZ_2018-09-11-15-06-34_3_rudder_left_failure,rudder,0.579999983311,-380.393981934,4.97745895386,49,41.7027359009,-0.734510540962,70.8120956421,4.84730482101,18.1213092804,0.418438106775,0
1536693732720349720,41.203415264,carbonZ_2018-09-11-15-06-34_3_rudder_left_failure,rudder,0.629999995232,-380.393981934,5.07876968384,49,41.7027359009,-0.734510540962,70.8120956421,4.42674922943,18.2693767548,0.40595266223,0
1536693732741015832,41.224081376,carbonZ_2018-09-11-15-06-34_3_rudder_left_failure,rudder,0.629999995232,-380.393981934,5.07876968384,49,41.7027359009,-0.734510540962,70.8120956421,4.27888584137,18.3187961578,0.406536459923,0
1536693732846685112,41.329750656,carbonZ_2018-09-11-15-06-34_3_rudder_left_failure,rudder,0.680000007153,-384.821899414,5.17916488647,49,41.7027359009,-0.734510540962,70.8120956421,3.53023171425,18.5392227173,0.366705089808,0
1536693732888476760,41.371542304,carbonZ_2018-09-11-15-06-34_3_rudder_left_failure,rudder,0.729999959469,-388.868530273,5.27725219727,49,41.7027359009,-0.734510540962,70.8120956421,2.94010353088,18.6960830688,0.315977603197,0
1536693732926534072,41.409599616,carbonZ_2018-09-11-15-06-34_3_rudder_left_failure,rudder,0.729999959469,-388.868530273,5.27725219727,49,41.7027359009,-0.734510540962,70.8120956421,2.7870824337,18.7313041687,0.308313310146,0
1536693732965851800,41.448917344,carbonZ_2018-09-11-15-06-34_3_rudder_left_failure,rudder,0.729999959469,-388.868530273,5.27725219727,49,41.7027359009,-0.734510540962,70.8120956421,2.33401036263,18.8339710236,0.278079479933,0
1536693733044926392,41.527991936,carbonZ_2018-09-11-15-06-34_3_rudder_left_failure,rudder,0.769999980927,-388.868530273,5.37829589844,49,41.7027359009,-0.734510540962,70.8120956421,2.01952791214,18.8985748291,0.251635551453,0
1536693733072427256,41.5554928,carbonZ_2018-09-11-15-06-34_3_rudder_left_failure,rudder,0.769999980927,-388.868530273,5.37829589844,49,42.0482292175,0.6166857481,80.1793136597,1.86206483841,18.9269104004,0.235787153244,0
1536693733117955352,41.601020896,carbonZ_2018-09-11-15-06-34_3_rudder_left_failure,rudder,0.799999952316,-387.604705811,5.4607963562,49,42.0482292175,0.6166857481,80.1793136597,1.41159713268,19.0035648346,0.18444108963,0
1536693733164885464,41.647951008,carbonZ_2018-09-11-15-06-34_3_rudder_left_failure,rudder,0.799999952316,-387.604705811,5.4607963562,49,42.0482292175,0.6166857481,80.1793136597,1.09362924099,19.0518341064,0.146022453904,0
1536693733240441176,41.72350672,carbonZ_2018-09-11-15-06-34_3_rudder_left_failure,rudder,0.829999983311,-387.604705811,5.53688812256,49,42.0482292175,0.6166857481,80.1793136597,0.44946449995,19.1359825134,0.0845415517688,0
1536693733260974136,41.74403968,carbonZ_2018-09-11-15-06-34_3_rudder_left_failure,rudder,0.829999983311,-387.604705811,5.53688812256,49,42.0482292175,0.6166857481,80.1793136597,0.286509096622,19.1539096832,0.0699060708284,0
1536693733342526456,41.825592,carbonZ_2018-09-11-15-06-34_3_rudder_left_failure,rudder,0.849999964237,-394.096191406,5.61912155151,49,42.0482292175,0.6166857481,80.1793136597,-0.362719744444,19.2040042877,0.0257470402867,0
1536693733402656248,41.885721792,carbonZ_2018-09-11-15-06-34_3_rudder_left_failure,rudder,0.8599999547,-394.096191406,5.6844329834,49,42.0482292175,0.6166857481,80.1793136597,-0.860381066799,19.2238388062,-0.0116746854037,0
1536693733434964504,41.918030048,carbonZ_2018-09-11-15-06-34_3_rudder_left_failure,rudder,0.8599999547,-394.096191406,5.6844329834,49,42.955280304,1.07341194153,89.4567184448,-0.860381066799,19.2238388062,-0.0116746854037,0
1536693733522219896,42.00528544,carbonZ_2018-09-11-15-06-34_3_rudder_left_failure,rudder,0.8599999547,-397.401062012,5.7380065918,49,42.955280304,1.07341194153,89.4567184448,-1.8319491148,19.2238502502,-0.100606702268,0
1536693733551331256,42.0343968,carbonZ_2018-09-11-15-06-34_3_rudder_left_failure,rudder,0.8599999547,-397.401062012,5.7380065918,49,42.955280304,1.07341194153,89.4567184448,-1.98447358608,19.2187767029,-0.112432174385,0
1536693733589971000,42.073036544,carbonZ_2018-09-11-15-06-34_3_rudder_left_failure,rudder,0.849999964237,-397.401062012,5.79446792603,49,42.955280304,1.07341194153,89.4567184448,-2.31071734428,19.2043209076,-0.129389047623,0
1536693733644705560,42.127771104,carbonZ_2018-09-11-15-06-34_3_rudder_left_failure,rudder,0.849999964237,-397.401062012,5.79446792603,49,42.955280304,1.07341194153,89.4567184448,-2.79189014435,19.1750850677,-0.145273149014,0
1536693733721546008,42.204611552,carbonZ_2018-09-11-15-06-34_3_rudder_left_failure,rudder,0.849999964237,-394.765289307,5.83924865723,49,42.955280304,1.07341194153,89.4567184448,-3.45252919197,19.105670929,-0.174156427383,0
1536693733747067512,42.230133056,carbonZ_2018-09-11-15-06-34_3_rudder_left_failure,rudder,0.849999964237,-394.765289307,5.83924865723,49,42.955280304,1.07341194153,89.4567184448,-3.78128194809,19.0629119873,-0.18750308454,0
1536693733825056024,42.308121568,carbonZ_2018-09-11-15-06-34_3_rudder_left_failure,rudder,0.839999973774,-394.765289307,5.88088226318,49,43.6707801819,1.45552134514,97.8655471802,-4.26027393341,18.9932041168,-0.207315474749,0
1536693733852418808,42.335484352,carbonZ_2018-09-11-15-06-34_3_rudder_left_failure,rudder,0.839999973774,-394.765289307,5.88088226318,49,43.6707801819,1.45552134514,97.8655471802,-4.42033243179,18.9678764343,-0.215460851789,0
1536693733894257560,42.377323104,carbonZ_2018-09-11-15-06-34_3_rudder_left_failure,rudder,0.829999983311,-398.645385742,5.91165161133,49,43.6707801819,1.45552134514,97.8655471802,-4.90846633911,18.8829669952,-0.242408454418,0
1536693733950980376,42.43404592,carbonZ_2018-09-11-15-06-34_3_rudder_left_failure,rudder,0.829999983311,-398.645385742,5.91165161133,49,43.6707801819,1.45552134514,97.8655471802,-5.40416193008,18.7825908661,-0.277209997177,0
1536693734016933912,42.499999456,carbonZ_2018-09-11-15-06-34_3_rudder_left_failure,rudder,0.819999992847,-398.645385742,5.92915725708,50,43.6707801819,1.45552134514,97.8655471802,-5.73204040527,18.709941864,-0.299349427223,0
1536693734049686648,42.532752192,carbonZ_2018-09-11-15-06-34_3_rudder_left_failure,rudder,0.819999992847,-398.645385742,5.92915725708,50,43.6707801819,1.45552134514,97.8655471802,-6.05538845062,18.6318073273,-0.318498939276,0
1536693734105278968,42.588344512,carbonZ_2018-09-11-15-06-34_3_rudder_left_failure,rudder,0.799999952316,-404.670715332,5.94756698608,50,43.9003829956,1.88165223598,105.68964386,-6.69356632233,18.4572620392,-0.349701076746,0
1536693734152557048,42.635622592,carbonZ_2018-09-11-15-06-34_3_rudder_left_failure,rudder,0.799999952316,-404.670715332,5.94756698608,50,43.9003829956,1.88165223598,105.68964386,-7.00647783279,18.3638458252,-0.359282046556,0
1536693734208397336,42.69146288,carbonZ_2018-09-11-15-06-34_3_rudder_left_failure,rudder,0.77999997139,-404.670715332,5.95943832397,50,43.9003829956,1.88165223598,105.68964386,-7.31849098206,18.264509201,-0.371543318033,0
1536693734248804152,42.731869696,carbonZ_2018-09-11-15-06-34_3_rudder_left_failure,rudder,0.77999997139,-404.670715332,5.95943832397,50,43.9003829956,1.88165223598,105.68964386,-7.94416618347,18.0464344025,-0.39602458477,0
1536693734312894328,42.795959872,carbonZ_2018-09-11-15-06-34_3_rudder_left_failure,rudder,0.759999990463,-392.3828125,5.97087478638,50,43.9003829956,1.88165223598,105.68964386,-8.40909671783,17.8631916046,-0.416345030069,0
1536693734357952696,42.84101824,carbonZ_2018-09-11-15-06-34_3_rudder_left_failure,rudder,0.759999990463,-392.3828125,5.97087478638,50,43.9003829956,1.88165223598,105.68964386,-8.40909671783,17.8631916046,-0.416345030069,0
1536693734417130296,42.90019584,carbonZ_2018-09-11-15-06-34_3_rudder_left_failure,rudder,0.719999969006,-392.3828125,5.97153091431,50,43.9003829956,1.88165223598,105.68964386,-9.04622840881,17.5888977051,-0.470716685057,0
1536693734443171064,42.926236608,carbonZ_2018-09-11-15-06-34_3_rudder_left_failure,rudder,0.719999969006,-392.3828125,5.97153091431,50,43.9003829956,1.88165223598,105.68964386,-9.35754585266,17.4460353851,-0.493978023529,0
1536693734502777400,42.985842944,carbonZ_2018-09-11-15-06-34_3_rudder_left_failure,rudder,0.689999997616,-403.929321289,5.96543502808,50,44.3997764587,2.25026011467,115.061096191,-9.6646490097,17.2976131439,-0.510420322418,0
1536693734530832888,43.013898432,carbonZ_2018-09-11-15-06-34_3_rudder_left_failure,rudder,0.689999997616,-403.929321289,5.96543502808,50,44.3997764587,2.25026011467,115.061096191,-9.95582485199,17.1454353333,-0.519027650356,0
1536693734599738648,43.082804192,carbonZ_2018-09-11-15-06-34_3_rudder_left_failure,rudder,0.649999976158,-403.929321289,5.94983673096,50,44.3997764587,2.25026011467,115.061096191,-10.3727655411,16.9200000763,-0.509756863117,0
1536693734619719224,43.102784768,carbonZ_2018-09-11-15-06-34_3_rudder_left_failure,rudder,0.649999976158,-403.929321289,5.94983673096,50,44.3997764587,2.25026011467,115.061096191,-10.3727655411,16.9200000763,-0.509756863117,0
1536693734658591448,43.141656992,carbonZ_2018-09-11-15-06-34_3_rudder_left_failure,rudder,0.649999976158,-403.929321289,5.94983673096,50,44.3997764587,2.25026011467,115.061096191,-10.7853488922,16.6891956329,-0.479189783335,0
1536693734743020344,43.226085888,carbonZ_2018-09-11-15-06-34_3_rudder_left_failure,rudder,0.610000014305,-408.193389893,5.93759918213,50,44.3997764587,2.25026011467,115.061096191,-11.3177318573,16.3682079315,-0.435273259878,0
1536693734778642808,43.261708352,carbonZ_2018-09-11-15-06-34_3_rudder_left_failure,rudder,0.610000014305,-408.193389893,5.93759918213,50,44.3997764587,2.25026011467,115.061096191,-11.5692520142,16.2091655731,-0.418030679226,0
1536693734852844280,43.335909824,carbonZ_2018-09-11-15-06-34_3_rudder_left_failure,rudder,0.589999973774,-408.193389893,5.91976165771,49,45.3805809021,2.21976065636,123.153991699,-12.111746788,15.8503646851,-0.386507987976,0
1536693734912259096,43.39532464,carbonZ_2018-09-11-15-06-34_3_rudder_left_failure,rudder,0.569999992847,-393.578155518,5.91513442993,49,45.3805809021,2.21976065636,123.153991699,-12.6403827667,15.4640417099,-0.378642439842,0
1536693734956991096,43.44005664,carbonZ_2018-09-11-15-06-34_3_rudder_left_failure,rudder,0.569999992847,-393.578155518,5.91513442993,49,45.3805809021,2.21976065636,123.153991699,-12.7796707153,15.3600215912,-0.375987350941,0
1536693735042364120,43.525429664,carbonZ_2018-09-11-15-06-34_3_rudder_left_failure,rudder,0.560000002384,-393.578155518,5.90506362915,49,45.3805809021,2.21976065636,123.153991699,-13.2900314331,14.958770752,-0.357118666172,0
1536693735051613720,43.534679264,carbonZ_2018-09-11-15-06-34_3_rudder_left_failure,rudder,0.560000002384,-393.578155518,5.90506362915,49,45.3805809021,2.21976065636,123.153991699,-13.2900314331,14.958770752,-0.357118666172,0
1536693735115947032,43.599012576,carbonZ_2018-09-11-15-06-34_3_rudder_left_failure,rudder,0.550000011921,-406.263549805,5.89316558838,49,45.3805809021,2.21976065636,123.153991699,-13.7810907364,14.5467691422,-0.32295280695,0
1536693735173933368,43.656998912,carbonZ_2018-09-11-15-06-34_3_rudder_left_failure,rudder,0.550000011921,-406.263549805,5.89316558838,49,45.3805809021,2.21976065636,123.153991699,-14.0196857452,14.3362436295,-0.306705415249,0
1536693735191731512,43.674797056,carbonZ_2018-09-11-15-06-34_3_rudder_left_failure,rudder,0.52999997139,-406.263549805,5.87844085693,49,46.0758399963,1.89862823486,132.329101562,-14.2586746216,14.1186056137,-0.294497787952,0
1536693735243916664,43.726982208,carbonZ_2018-09-11-15-06-34_3_rudder_left_failure,rudder,0.52999997139,-406.263549805,5.87844085693,49,46.0758399963,1.89862823486,132.329101562,-14.4890632629,13.9111661911,-0.279858708382,0
1536693735300540632,43.783606176,carbonZ_2018-09-11-15-06-34_3_rudder_left_failure,rudder,0.519999980927,-410.454162598,5.86328125,49,46.0758399963,1.89862823486,132.329101562,-14.8383026123,13.5805253983,-0.269904971123,0
1536693735365533016,43.84859856,carbonZ_2018-09-11-15-06-34_3_rudder_left_failure,rudder,0.509999990463,-410.454162598,5.84770202637,49,46.0758399963,1.89862823486,132.329101562,-15.3012037277,13.1214189529,-0.276689141989,0
1536693735414864792,43.897930336,carbonZ_2018-09-11-15-06-34_3_rudder_left_failure,rudder,0.509999990463,-410.454162598,5.84770202637,49,46.0758399963,1.89862823486,132.329101562,-15.6349687576,12.7731609344,-0.275086760521,0
1536693735465046808,43.948112352,carbonZ_2018-09-11-15-06-34_3_rudder_left_failure,rudder,0.509999990463,-410.454162598,5.84770202637,49,46.0758399963,1.89862823486,132.329101562,-15.8575296402,12.5266971588,-0.278501778841,0
1536693735484975800,43.968041344,carbonZ_2018-09-11-15-06-34_3_rudder_left_failure,rudder,0.5,-413.570983887,5.82929992676,49,46.0758399963,1.89862823486,132.329101562,-15.8575296402,12.5266971588,-0.278501778841,0
1536693735515986744,43.999052288,carbonZ_2018-09-11-15-06-34_3_rudder_left_failure,rudder,0.5,-413.570983887,5.82929992676,49,45.1130714417,1.02348649502,139.746078491,-16.0652160645,12.2858915329,-0.276325464249,0
1536693735580562136,44.06362768,carbonZ_2018-09-11-15-06-34_3_rudder_left_failure,rudder,0.5,-413.570983887,5.82929992676,49,45.1130714417,1.02348649502,139.746078491,-16.3502521515,11.9504375458,-0.238492384553,0
1536693735603611096,44.08667664,carbonZ_2018-09-11-15-06-34_3_rudder_left_failure,rudder,0.489999979734,-413.570983887,5.81861495972,49,45.1130714417,1.02348649502,139.746078491,-16.3502521515,11.9504375458,-0.238492384553,0
1536693735653875448,44.136940992,carbonZ_2018-09-11-15-06-34_3_rudder_left_failure,rudder,0.489999979734,-413.570983887,5.81861495972,49,45.1130714417,1.02348649502,139.746078491,-16.7180233002,11.4869737625,-0.181715726852,0
1536693735727520184,44.210585728,carbonZ_2018-09-11-15-06-34_3_rudder_left_failure,rudder,0.479999989271,-424.211883545,5.81491470337,49,45.1130714417,1.02348649502,139.746078491,-17.0836143494,10.9934272766,-0.121811181307,0
1536693735780755160,44.263820704,carbonZ_2018-09-11-15-06-34_3_rudder_left_failure,rudder,0.479999989271,-424.211883545,5.81491470337,49,45.1130714417,1.02348649502,139.746078491,-17.2799472809,10.7162847519,-0.140366762877,0
1536693735867926104,44.350991648,carbonZ_2018-09-11-15-06-34_3_rudder_left_failure,rudder,0.479999989271,-424.211883545,5.81187057495,49,44.5129776001,-0.230955049396,148.049316406,-17.6754417419,10.1337060928,-0.208763122559,0
1536693735961895352,44.444960896,carbonZ_2018-09-11-15-06-34_3_rudder_left_failure,rudder,0.469999998808,-421.092041016,5.81703186035,49,44.5129776001,-0.230955049396,148.049316406,-18.1246871948,9.38665962219,-0.284464210272,0
1536693736006438776,44.48950432,carbonZ_2018-09-11-15-06-34_3_rudder_left_failure,rudder,0.449999988079,-421.092041016,5.80876922607,49,44.5129776001,-0.230955049396,148.049316406,-18.3559322357,8.96235275269,-0.254697710276,0
1536693736085140344,44.568205888,carbonZ_2018-09-11-15-06-34_3_rudder_left_failure,rudder,0.449999988079,-421.092041016,5.80876922607,49,44.5129776001,-0.230955049396,148.049316406,-18.5587043762,8.56366634369,-0.196537494659,0
1536693736104433144,44.587498688,carbonZ_2018-09-11-15-06-34_3_rudder_left_failure,rudder,0.439999997616,-421.882629395,5.81021499634,49,44.5129776001,-0.230955049396,148.049316406,-18.7457199097,8.16301631927,-0.132953047752,0
1536693736161778200,44.644843744,carbonZ_2018-09-11-15-06-34_3_rudder_left_failure,rudder,0.439999997616,-421.882629395,5.81021499634,49,44.5129776001,-0.230955049396,148.049316406,-18.8051719666,8.03159236908,-0.113811805844,0
1536693736229256152,44.712321696,carbonZ_2018-09-11-15-06-34_3_rudder_left_failure,rudder,0.449999988079,-421.882629395,5.8116607666,49,41.8753204346,-0.254658281803,158.169403076,-19.064157486,7.41210746765,-0.142789766192,0
1536693736263785592,44.746851136,carbonZ_2018-09-11-15-06-34_3_rudder_left_failure,rudder,0.449999988079,-421.882629395,5.8116607666,49,41.8753204346,-0.254658281803,158.169403076,-19.1290378571,7.24334001541,-0.165279448032,0
1536693736311082232,44.794147776,carbonZ_2018-09-11-15-06-34_3_rudder_left_failure,rudder,0.459999978542,-418.296813965,5.81318283081,49,41.8753204346,-0.254658281803,158.169403076,-19.3020534515,6.77080583572,-0.222093567252,0
1536693736336276248,44.819341792,carbonZ_2018-09-11-15-06-34_3_rudder_left_failure,rudder,0.459999978542,-418.296813965,5.81318283081,49,41.8753204346,-0.254658281803,158.169403076,-19.4227027893,6.41761827469,-0.292032569647,0
1536693736393704088,44.876769632,carbonZ_2018-09-11-15-06-34_3_rudder_left_failure,rudder,0.459999978542,-418.296813965,5.81717300415,49,41.8753204346,-0.254658281803,158.169403076,-19.5442409515,6.05062675476,-0.362211674452,0
1536693736416829560,44.899895104,carbonZ_2018-09-11-15-06-34_3_rudder_left_failure,rudder,0.459999978542,-418.296813965,5.81717300415,49,41.8753204346,-0.254658281803,158.169403076,-19.6018238068,5.86633062363,-0.40085837245,0
1536693736496434904,44.979500448,carbonZ_2018-09-11-15-06-34_3_rudder_left_failure,rudder,0.42999997735,-425.13848877,5.80589294434,49,41.8753204346,-0.254658281803,158.169403076,-19.8080444336,5.11533069611,-0.557823956013,0
1536693736540277816,45.02334336,carbonZ_2018-09-11-15-06-34_3_rudder_left_failure,rudder,0.42999997735,-425.13848877,5.80589294434,49,42.9879150391,1.88500368595,165.359588623,-19.8884563446,4.76806783676,-0.623689413071,0
1536693736575868376,45.05893392,carbonZ_2018-09-11-15-06-34_3_rudder_left_failure,rudder,0.42999997735,-425.13848877,5.80589294434,49,42.9879150391,1.88500368595,165.359588623,-19.9616374969,4.42820072174,-0.67527037859,0
1536693736603254936,45.08632048,carbonZ_2018-09-11-15-06-34_3_rudder_left_failure,rudder,0.379999995232,-425.13848877,5.79039764404,49,42.9879150391,1.88500368595,165.359588623,-20.0294094086,4.07576608658,-0.723552763462,0
1536693736649253688,45.132319232,carbonZ_2018-09-11-15-06-34_3_rudder_left_failure,rudder,0.379999995232,-425.13848877,5.79039764404,49,42.9879150391,1.88500368595,165.359588623,-20.090795517,3.739123106,-0.758896529675,0
1536693736712051064,45.195116608,carbonZ_2018-09-11-15-06-34_3_rudder_left_failure,rudder,0.310000002384,-418.906585693,5.75860595703,49,42.9879150391,1.88500368595,165.359588623,-20.1582546234,3.22663974762,-0.81714951992,0
1536693736748646168,45.231711712,carbonZ_2018-09-11-15-06-34_3_rudder_left_failure,rudder,0.310000002384,-418.906585693,5.75860595703,49,42.9879150391,1.88500368595,165.359588623,-20.1929798126,2.90460395813,-0.839911341667,0
1536693736805336952,45.288402496,carbonZ_2018-09-11-15-06-34_3_rudder_left_failure,rudder,0.229999989271,-418.906585693,5.72304153442,49,42.9879150391,1.88500368595,165.359588623,-20.2341995239,2.45745015144,-0.841268658638,0
1536693736846711512,45.329777056,carbonZ_2018-09-11-15-06-34_3_rudder_left_failure,rudder,0.229999989271,-418.906585693,5.72304153442,49,42.9879150391,1.88500368595,165.359588623,-20.2546100616,2.17801451683,-0.828813672066,0
1536693736923090392,45.406155936,carbonZ_2018-09-11-15-06-34_3_rudder_left_failure,rudder,0.140000000596,-415.085784912,5.69292449951,49,42.9879150391,1.88500368595,165.359588623,-20.2824630737,1.60931050777,-0.766928672791,0
1536693736991612728,45.474678272,carbonZ_2018-09-11-15-06-34_3_rudder_left_failure,rudder,0.140000000596,-415.085784912,5.69292449951,49,43.2921524048,3.00840425491,174.42678833,-20.2838497162,1.30294275284,-0.755685389042,0
1536693737006395896,45.48946144,carbonZ_2018-09-11-15-06-34_3_rudder_left_failure,rudder,0.070000000298,-415.085784912,5.67707824707,49,43.2921524048,3.00840425491,174.42678833,-20.2826385498,1.04006385803,-0.734986484051,0
1536693737047707384,45.530772928,carbonZ_2018-09-11-15-06-34_3_rudder_left_failure,rudder,0.070000000298,-415.085784912,5.67707824707,49,43.2921524048,3.00840425491,174.42678833,-20.2831459045,0.769909501076,-0.689576983452,0
1536693737139514392,45.622579936,carbonZ_2018-09-11-15-06-34_3_rudder_left_failure,rudder,0.0,-411.979309082,5.68552780151,49,43.2921524048,3.00840425491,174.42678833,-20.2705821991,0.164010033011,-0.644050657749,0
1536693737155737592,45.638803136,carbonZ_2018-09-11-15-06-34_3_rudder_left_failure,rudder,0.0,-411.979309082,5.68552780151,49,43.2921524048,3.00840425491,174.42678833,-20.2705821991,0.164010033011,-0.644050657749,0
1536693737204016920,45.687082464,carbonZ_2018-09-11-15-06-34_3_rudder_left_failure,rudder,-0.0599999986589,-411.979309082,5.69826126099,49,43.2921524048,3.00840425491,174.42678833,-20.2429389954,-0.446618795395,-0.605387210846,0
1536693737242044312,45.725109856,carbonZ_2018-09-11-15-06-34_3_rudder_left_failure,rudder,-0.0599999986589,-411.979309082,5.69826126099,49,43.2921524048,3.00840425491,174.42678833,-20.2158107758,-0.910762488842,-0.572850465775,0
1536693737339067000,45.822132544,carbonZ_2018-09-11-15-06-34_3_rudder_left_failure,rudder,-0.109999999404,-415.749938965,5.72497558594,49,43.2921524048,3.00840425491,174.42678833,-20.1673717499,-1.40580320358,-0.545298576355,0
1536693737366081144,45.849146688,carbonZ_2018-09-11-15-06-34_3_rudder_left_failure,rudder,-0.109999999404,-415.749938965,5.72497558594,49,45.6031913757,1.84261262417,-176.7003479,-20.1507129669,-1.57526791096,-0.533434033394,0
1536693737439729400,45.922794944,carbonZ_2018-09-11-15-06-34_3_rudder_left_failure,rudder,-0.159999996424,-415.749938965,5.75632858276,49,45.6031913757,1.84261262417,-176.7003479,-20.0811405182,-2.18586611748,-0.472462832928,0
1536693737458433208,45.941498752,carbonZ_2018-09-11-15-06-34_3_rudder_left_failure,rudder,-0.159999996424,-415.749938965,5.75632858276,49,45.6031913757,1.84261262417,-176.7003479,-20.0620212555,-2.34513950348,-0.451945841312,0
1536693737516800184,45.999865728,carbonZ_2018-09-11-15-06-34_3_rudder_left_failure,rudder,-0.199999988079,-406.133850098,5.78481292725,49,45.6031913757,1.84261262417,-176.7003479,-19.9930725098,-2.84087085724,-0.398396402597,0
1536693737569417880,46.052483424,carbonZ_2018-09-11-15-06-34_3_rudder_left_failure,rudder,-0.199999988079,-406.133850098,5.78481292725,49,45.6031913757,1.84261262417,-176.7003479,-19.9375553131,-3.16314148903,-0.361716270447,0
1536693737584960120,46.068025664,carbonZ_2018-09-11-15-06-34_3_rudder_left_failure,rudder,-0.239999994636,-406.133850098,5.81579208374,49,45.6031913757,1.84261262417,-176.7003479,-19.9375553131,-3.16314148903,-0.361716270447,0
1536693737682408152,46.165473696,carbonZ_2018-09-11-15-06-34_3_rudder_left_failure,rudder,-0.239999994636,-406.133850098,5.81579208374,49,47.4036331177,1.34650743008,-170.226791382,-19.7601528168,-4.12329959869,-0.260838240385,0
1536693737713723672,46.196789216,carbonZ_2018-09-11-15-06-34_3_rudder_left_failure,rudder,-0.259999990463,-408.556365967,5.84466171265,49,47.4036331177,1.34650743008,-170.226791382,-19.6885128021,-4.45814609528,-0.237977474928,0
1536693737732246072,46.215311616,carbonZ_2018-09-11-15-06-34_3_rudder_left_failure,rudder,-0.259999990463,-408.556365967,5.84466171265,49,47.4036331177,1.34650743008,-170.226791382,-19.6533279419,-4.62144708633,-0.223663792014,0
1536693737793260504,46.276326048,carbonZ_2018-09-11-15-06-34_3_rudder_left_failure,rudder,-0.280000001192,-408.556365967,5.86988067627,49,47.4036331177,1.34650743008,-170.226791382,-19.4934825897,-5.29565048218,-0.192782655358,0
1536693737829436184,46.312501728,carbonZ_2018-09-11-15-06-34_3_rudder_left_failure,rudder,-0.280000001192,-408.556365967,5.86988067627,49,47.4036331177,1.34650743008,-170.226791382,-19.4048652649,-5.63095903397,-0.181819349527,0
1536693737922240920,46.405306464,carbonZ_2018-09-11-15-06-34_3_rudder_left_failure,rudder,-0.289999991655,-415.533813477,5.89361572266,49,47.4036331177,1.34650743008,-170.226791382,-19.2637176514,-6.10964488983,-0.162268564105,0
1536693737966703384,46.449768928,carbonZ_2018-09-11-15-06-34_3_rudder_left_failure,rudder,-0.289999991655,-415.533813477,5.89361572266,49,47.4036331177,1.34650743008,-170.226791382,-19.1730575562,-6.41188097,-0.143380492926,0
1536693737981329208,46.464394752,carbonZ_2018-09-11-15-06-34_3_rudder_left_failure,rudder,-0.289999991655,-415.533813477,5.89361572266,49,47.4036331177,1.34650743008,-170.226791382,-19.1204128265,-6.57447338104,-0.130328044295,0
1536693738039185784,46.522251328,carbonZ_2018-09-11-15-06-34_3_rudder_left_failure,rudder,-0.299999982119,-415.533813477,5.91860961914,49,47.4036331177,1.34650743008,-170.226791382,-18.9779853821,-6.99995326996,-0.0792403370142,0
1536693738061526648,46.544592192,carbonZ_2018-09-11-15-06-34_3_rudder_left_failure,rudder,-0.299999982119,-415.533813477,5.91860961914,49,47.4036331177,1.34650743008,-170.226791382,-18.9291973114,-7.14376211166,-0.0499023646116,0
1536693738091096664,46.574162208,carbonZ_2018-09-11-15-06-34_3_rudder_left_failure,rudder,-0.289999991655,-422.473510742,5.93493270874,50,47.0938796997,0.685974597931,-160.061355591,-18.8311634064,-7.4161734581,0.0202577393502,0
1536693738152931448,46.635996992,carbonZ_2018-09-11-15-06-34_3_rudder_left_failure,rudder,-0.289999991655,-422.473510742,5.93493270874,50,47.0938796997,0.685974597931,-160.061355591,-18.6787281036,-7.82732152939,0.129077255726,0
1536693738195766296,46.67883184,carbonZ_2018-09-11-15-06-34_3_rudder_left_failure,rudder,-0.269999980927,-422.473510742,5.97327041626,50,47.0938796997,0.685974597931,-160.061355591,-18.5605659485,-8.11896514893,0.177127256989,0
1536693738264390712,46.747456256,carbonZ_2018-09-11-15-06-34_3_rudder_left_failure,rudder,-0.269999980927,-422.473510742,5.97327041626,50,47.0938796997,0.685974597931,-160.061355591,-18.3699226379,-8.56080722809,0.236445203424,0
1536693738308624216,46.79168976,carbonZ_2018-09-11-15-06-34_3_rudder_left_failure,rudder,-0.239999994636,-423.662750244,6.00992584229,50,47.0938796997,0.685974597931,-160.061355591,-18.1733264923,-8.9894361496,0.287285804749,0
1536693738327167672,46.810233216,carbonZ_2018-09-11-15-06-34_3_rudder_left_failure,rudder,-0.239999994636,-423.662750244,6.00992584229,50,47.0938796997,0.685974597931,-160.061355591,-18.0985450745,-9.14738082886,0.304840385914,0
1536693738416789976,46.89985552,carbonZ_2018-09-11-15-06-34_3_rudder_left_failure,rudder,-0.189999997616,-423.662750244,6.05442047119,50,47.0938796997,0.685974597931,-160.061355591,-17.816286087,-9.70641708374,0.370068460703,0
1536693738434793816,46.91785936,carbonZ_2018-09-11-15-06-34_3_rudder_left_failure,rudder,-0.189999997616,-423.662750244,6.05442047119,50,47.0938796997,0.685974597931,-160.061355591,-17.7428283691,-9.84701251984,0.392190039158,0
1536693738481810840,46.964876384,carbonZ_2018-09-11-15-06-34_3_rudder_left_failure,rudder,-0.149999991059,-426.855834961,6.1022567749,50,47.1470603943,-0.393911153078,-149.905822754,-17.5909004211,-10.1241436005,0.438780754805,0
1536693738525282776,47.00834832,carbonZ_2018-09-11-15-06-34_3_rudder_left_failure,rudder,-0.149999991059,-426.855834961,6.1022567749,50,47.1470603943,-0.393911153078,-149.905822754,-17.4313106537,-10.4047803879,0.480187833309,0
1536693738562658072,47.045723616,carbonZ_2018-09-11-15-06-34_3_rudder_left_failure,rudder,-0.149999991059,-426.855834961,6.1022567749,50,47.1470603943,-0.393911153078,-149.905822754,-17.2657794952,-10.6893587112,0.515427827835,0
1536693738588900344,47.071965888,carbonZ_2018-09-11-15-06-34_3_rudder_left_failure,rudder,-0.0899999961257,-426.855834961,6.14931106567,50,47.1470603943,-0.393911153078,-149.905822754,-17.0871543884,-10.9833564758,0.533887445927,0
1536693738630455416,47.11352096,carbonZ_2018-09-11-15-06-34_3_rudder_left_failure,rudder,-0.0899999961257,-426.855834961,6.14931106567,50,47.1470603943,-0.393911153078,-149.905822754,-16.800245285,-11.4347496033,0.543267190456,0
1536693738710531448,47.193596992,carbonZ_2018-09-11-15-06-34_3_rudder_left_failure,rudder,-0.019999999553,-436.078643799,6.19067764282,50,47.1470603943,-0.393911153078,-149.905822754,-16.4911651611,-11.8876895905,0.536350846291,0
1536693738763558264,47.246623808,carbonZ_2018-09-11-15-06-34_3_rudder_left_failure,rudder,-0.019999999553,-436.078643799,6.19067764282,50,46.4974861145,-0.490123122931,-142.587600708,-16.2767086029,-12.1877412796,0.519685924053,0
1536693738791712568,47.274778112,carbonZ_2018-09-11-15-06-34_3_rudder_left_failure,rudder,-0.019999999553,-436.078643799,6.19067764282,50,46.4974861145,-0.490123122931,-142.587600708,-16.1692447662,-12.3339214325,0.511520624161,0
1536693738852788920,47.335854464,carbonZ_2018-09-11-15-06-34_3_rudder_left_failure,rudder,0.0299999993294,-436.078643799,6.22553253174,50,46.4974861145,-0.490123122931,-142.587600708,-15.7323236465,-12.9053916931,0.471740484238,0
1536693738959319992,47.442385536,carbonZ_2018-09-11-15-06-34_3_rudder_left_failure,rudder,0.0899999961257,-449.44744873,6.24771881104,50,46.4974861145,-0.490123122931,-142.587600708,-15.1572914124,-13.5913734436,0.407130748034,0
1536693739028403896,47.51146944,carbonZ_2018-09-11-15-06-34_3_rudder_left_failure,rudder,0.140000000596,-449.44744873,6.25638961792,50,46.4974861145,-0.490123122931,-142.587600708,-14.6438732147,-14.1504411697,0.295424580574,0
1536693739046421304,47.529486848,carbonZ_2018-09-11-15-06-34_3_rudder_left_failure,rudder,0.140000000596,-449.44744873,6.25638961792,50,46.4974861145,-0.490123122931,-142.587600708,-14.6438732147,-14.1504411697,0.295424580574,0
1536693739111279160,47.594344704,carbonZ_2018-09-11-15-06-34_3_rudder_left_failure,rudder,0.179999992251,-448.45904541,6.25283050537,50,46.4974861145,-0.490123122931,-142.587600708,-14.1027269363,-14.6890583038,0.168422445655,0
1536693739164189048,47.647254592,carbonZ_2018-09-11-15-06-34_3_rudder_left_failure,rudder,0.179999992251,-448.45904541,6.25283050537,50,46.4974861145,-0.490123122931,-142.587600708,-13.8297080994,-14.9433097839,0.109594918787,0
1536693739207227352,47.690292896,carbonZ_2018-09-11-15-06-34_3_rudder_left_failure,rudder,0.199999988079,-448.45904541,6.24184036255,50,44.6129226685,0.995451748371,-131.959487915,-13.4210624695,-15.3034296036,0.0338916294277,0
1536693739238976056,47.7220416,carbonZ_2018-09-11-15-06-34_3_rudder_left_failure,rudder,0.199999988079,-448.45904541,6.24184036255,50,44.6129226685,0.995451748371,-131.959487915,-13.2866802216,-15.4167394638,0.0161207206547,0
1536693739293276696,47.77634224,carbonZ_2018-09-11-15-06-34_3_rudder_left_failure,rudder,0.199999988079,-458.170501709,6.21154022217,50,44.6129226685,0.995451748371,-131.959487915,-12.890838623,-15.735660553,-0.0241391845047,0
1536693739343704120,47.826769664,carbonZ_2018-09-11-15-06-34_3_rudder_left_failure,rudder,0.199999988079,-458.170501709,6.21154022217,50,44.6129226685,0.995451748371,-131.959487915,-12.6246623993,-15.9376583099,-0.0492044761777,0
1536693739373148760,47.856214304,carbonZ_2018-09-11-15-06-34_3_rudder_left_failure,rudder,0.199999988079,-458.170501709,6.21154022217,50,44.6129226685,0.995451748371,-131.959487915,-12.3453989029,-16.1396846771,-0.0772204995155,0
1536693739499958424,47.983023968,carbonZ_2018-09-11-15-06-34_3_rudder_left_failure,rudder,0.159999996424,-459.898193359,6.14577865601,50,44.6129226685,0.995451748371,-131.959487915,-11.5172672272,-16.7034034729,-0.178891152143,0
1536693739567570776,48.05063632,carbonZ_2018-09-11-15-06-34_3_rudder_left_failure,rudder,0.159999996424,-459.898193359,6.14577865601,50,44.8473777771,1.27794253826,-123.651473999,-11.0787677765,-16.9804325104,-0.230737045407,0
1536693739630302264,48.113367808,carbonZ_2018-09-11-15-06-34_3_rudder_left_failure,rudder,0.119999997318,-459.898193359,6.1095199585,50,44.8473777771,1.27794253826,-123.651473999,-10.4898757935,-17.3329277039,-0.28678715229,0
1536693739654396792,48.137462336,carbonZ_2018-09-11-15-06-34_3_rudder_left_failure,rudder,0.119999997318,-459.898193359,6.1095199585,50,44.8473777771,1.27794253826,-123.651473999,-10.3432006836,-17.4156570435,-0.293935567141,0
1536693739729922008,48.212987552,carbonZ_2018-09-11-15-06-34_3_rudder_left_failure,rudder,0.0899999961257,-470.878967285,6.07527542114,50,44.8473777771,1.27794253826,-123.651473999,-9.76574039459,-17.7111358643,-0.284815609455,0
1536693739752056056,48.2351216,carbonZ_2018-09-11-15-06-34_3_rudder_left_failure,rudder,0.0899999961257,-470.878967285,6.07527542114,50,44.8473777771,1.27794253826,-123.651473999,-9.63612651825,-17.7724628448,-0.279305785894,0
1536693739805912504,48.288978048,carbonZ_2018-09-11-15-06-34_3_rudder_left_failure,rudder,0.0499999970198,-470.878967285,6.03754425049,50,44.8473777771,1.27794253826,-123.651473999,-9.22796821594,-17.9649543762,-0.271799087524,0
1536693739859871832,48.342937376,carbonZ_2018-09-11-15-06-34_3_rudder_left_failure,rudder,0.0499999970198,-470.878967285,6.03754425049,50,44.8473777771,1.27794253826,-123.651473999,-8.92683887482,-18.0993919373,-0.281976491213,0
1536693739895129176,48.37819472,carbonZ_2018-09-11-15-06-34_3_rudder_left_failure,rudder,0.00999999977648,-470.83416748,6.00532150269,50,44.8473777771,1.27794253826,-123.651473999,-8.63529777527,-18.226770401,-0.288992732763,0
1536693739934978776,48.41804432,carbonZ_2018-09-11-15-06-34_3_rudder_left_failure,rudder,0.00999999977648,-470.83416748,6.00532150269,50,43.0461158752,0.931768298149,-113.263053894,-8.33054733276,-18.3483295441,-0.305025041103,0
1536693740007949784,48.491015328,carbonZ_2018-09-11-15-06-34_3_rudder_left_failure,rudder,-0.0299999993294,-470.83416748,5.96849060059,50,43.0461158752,0.931768298149,-113.263053894,-7.73059034348,-18.5673561096,-0.33453515172,0
1536693740048517368,48.531582912,carbonZ_2018-09-11-15-06-34_3_rudder_left_failure,rudder,-0.0299999993294,-470.83416748,5.96849060059,50,43.0461158752,0.931768298149,-113.263053894,-7.43806838989,-18.6654453278,-0.348707318306,0
1536693740098753752,48.581819296,carbonZ_2018-09-11-15-06-34_3_rudder_left_failure,rudder,-0.0599999986589,-468.169006348,5.93721389771,50,43.0461158752,0.931768298149,-113.263053894,-7.13316488266,-18.759185791,-0.3494399786,0
1536693740133953944,48.617019488,carbonZ_2018-09-11-15-06-34_3_rudder_left_failure,rudder,-0.0599999986589,-468.169006348,5.93721389771,50,43.0461158752,0.931768298149,-113.263053894,-6.81788873672,-18.8495750427,-0.360479950905,0
1536693740200790328,48.683855872,carbonZ_2018-09-11-15-06-34_3_rudder_left_failure,rudder,-0.0999999940395,-468.169006348,5.91027069092,49,43.0461158752,0.931768298149,-113.263053894,-6.34445571899,-18.9686450958,-0.396466165781,0
1536693740260180216,48.74324576,carbonZ_2018-09-11-15-06-34_3_rudder_left_failure,rudder,-0.0999999940395,-468.169006348,5.91027069092,49,43.0461158752,0.931768298149,-113.263053894,-5.88150644302,-19.0787086487,-0.426479399204,0
1536693740297150584,48.780216128,carbonZ_2018-09-11-15-06-34_3_rudder_left_failure,rudder,-0.140000000596,-462.203979492,5.88038635254,49,43.425327301,1.25052344799,-104.518714905,-5.55688810349,-19.1480712891,-0.435878068209,0
1536693740313571608,48.796637152,carbonZ_2018-09-11-15-06-34_3_rudder_left_failure,rudder,-0.140000000596,-462.203979492,5.88038635254,49,43.425327301,1.25052344799,-104.518714905,-5.38672637939,-19.181476593,-0.444034129381,0
1536693740361591576,48.84465712,carbonZ_2018-09-11-15-06-34_3_rudder_left_failure,rudder,-0.140000000596,-462.203979492,5.88038635254,49,43.425327301,1.25052344799,-104.518714905,-5.05490064621,-19.235414505,-0.466315299273,0
1536693740388487928,48.871553472,carbonZ_2018-09-11-15-06-34_3_rudder_left_failure,rudder,-0.189999997616,-462.203979492,5.85400009155,49,43.425327301,1.25052344799,-104.518714905,-4.74475908279,-19.2853393555,-0.487188488245,0
1536693740442326936,48.92539248,carbonZ_2018-09-11-15-06-34_3_rudder_left_failure,rudder,-0.189999997616,-462.203979492,5.85400009155,49,43.425327301,1.25052344799,-104.518714905,-4.41057538986,-19.3337059021,-0.509631276131,0
1536693740537098360,49.020163904,carbonZ_2018-09-11-15-06-34_3_rudder_left_failure,rudder,-0.239999994636,-454.503051758,5.81809616089,49,43.425327301,1.25052344799,-104.518714905,-3.57588267326,-19.4209327698,-0.55830258131,0
1536693740614194840,49.097260384,carbonZ_2018-09-11-15-06-34_3_rudder_left_failure,rudder,-0.289999991655,-454.503051758,5.77410507202,49,43.909072876,1.65055775642,-96.7074279785,-3.09222984314,-19.4581165314,-0.571976184845,0
1536693740648433304,49.131498848,carbonZ_2018-09-11-15-06-34_3_rudder_left_failure,rudder,-0.289999991655,-454.503051758,5.77410507202,49,43.909072876,1.65055775642,-96.7074279785,-2.59680247307,-19.4799022675,-0.576448500156,0
1536693740708978104,49.192043648,carbonZ_2018-09-11-15-06-34_3_rudder_left_failure,rudder,-0.34999999404,-447.52255249,5.73255157471,49,43.909072876,1.65055775642,-96.7074279785,-2.11297273636,-19.4870662689,-0.593403279781,0
1536693740722730552,49.205796096,carbonZ_2018-09-11-15-06-34_3_rudder_left_failure,rudder,-0.34999999404,-447.52255249,5.73255157471,49,43.909072876,1.65055775642,-96.7074279785,-2.11297273636,-19.4870662689,-0.593403279781,0
1536693740791091576,49.27415712,carbonZ_2018-09-11-15-06-34_3_rudder_left_failure,rudder,-0.419999986887,-447.52255249,5.69026184082,49,43.909072876,1.65055775642,-96.7074279785,-1.45638787746,-19.4855899811,-0.607029974461,0
1536693740836479640,49.319545184,carbonZ_2018-09-11-15-06-34_3_rudder_left_failure,rudder,-0.419999986887,-447.52255249,5.69026184082,49,43.909072876,1.65055775642,-96.7074279785,-1.14910757542,-19.4711952209,-0.598649680614,0
1536693740886236248,49.369301792,carbonZ_2018-09-11-15-06-34_3_rudder_left_failure,rudder,-0.419999986887,-447.52255249,5.69026184082,49,43.909072876,1.65055775642,-96.7074279785,-0.854665637016,-19.4562015533,-0.593933224678,0
1536693740939765848,49.422831392,carbonZ_2018-09-11-15-06-34_3_rudder_left_failure,rudder,-0.479999989271,-435.314575195,5.636302948,49,43.909072876,1.65055775642,-96.7074279785,-0.387525677681,-19.4267940521,-0.573342382908,0
1536693740970329848,49.453395392,carbonZ_2018-09-11-15-06-34_3_rudder_left_failure,rudder,-0.479999989271,-435.314575195,5.636302948,49,43.8417854309,1.42081654072,-88.2793197632,-0.230846703053,-19.411857605,-0.568372368813,0
1536693741005011640,49.488077184,carbonZ_2018-09-11-15-06-34_3_rudder_left_failure,rudder,-0.52999997139,-435.314575195,5.58962631226,49,43.8417854309,1.42081654072,-88.2793197632,0.304687559605,-19.3525447845,-0.489156514406,0
1536693741083663576,49.56672912,carbonZ_2018-09-11-15-06-34_3_rudder_left_failure,rudder,-0.52999997139,-435.314575195,5.58962631226,49,43.8417854309,1.42081654072,-88.2793197632,0.580241203308,-19.3206348419,-0.430309891701,0
1536693741156652216,49.63971776,carbonZ_2018-09-11-15-06-34_3_rudder_left_failure,rudder,-0.589999973774,-430.684082031,5.53973770142,49,43.8417854309,1.42081654072,-88.2793197632,1.11148333549,-19.2362155914,-0.327547430992,0
1536693741205523096,49.68858864,carbonZ_2018-09-11-15-06-34_3_rudder_left_failure,rudder,-0.620000004768,-430.684082031,5.50887298584,49,43.8417854309,1.42081654072,-88.2793197632,1.53431522846,-19.1683616638,-0.240927144885,0
1536693741289225336,49.77229088,carbonZ_2018-09-11-15-06-34_3_rudder_left_failure,rudder,-0.639999985695,-422.819152832,5.47171401978,49,43.8417854309,1.42081654072,-88.2793197632,2.0879471302,-19.0603103638,-0.160543218255,0
1536693741327731704,49.810797248,carbonZ_2018-09-11-15-06-34_3_rudder_left_failure,rudder,-0.639999985695,-422.819152832,5.47171401978,49,43.8417854309,1.42081654072,-88.2793197632,2.37673807144,-19.0028648376,-0.110985346138,0
1536693741349589208,49.832654752,carbonZ_2018-09-11-15-06-34_3_rudder_left_failure,rudder,-0.639999985695,-422.819152832,5.47171401978,49,43.8417854309,1.42081654072,-88.2793197632,2.52944636345,-18.9660968781,-0.0943646728992,0
1536693741410784824,49.893850368,carbonZ_2018-09-11-15-06-34_3_rudder_left_failure,rudder,-0.639999985695,-422.819152832,5.45052337646,49,44.2385826111,0.0343759134412,-77.7744522095,2.93749856949,-18.8696289062,-0.029970517382,0
1536693741449392792,49.932458336,carbonZ_2018-09-11-15-06-34_3_rudder_left_failure,rudder,-0.639999985695,-422.819152832,5.45052337646,49,44.2385826111,0.0343759134412,-77.7744522095,3.22006917,-18.802236557,0.0256886873394,0
1536693741520551064,50.003616608,carbonZ_2018-09-11-15-06-34_3_rudder_left_failure,rudder,-0.629999995232,-417.386627197,5.4245300293,49,44.2385826111,0.0343759134412,-77.7744522095,3.63973522186,-18.6844577789,0.0980805456638,0
1536693741576926328,50.059991872,carbonZ_2018-09-11-15-06-34_3_rudder_left_failure,rudder,-0.629999995232,-417.386627197,5.4245300293,49,44.2385826111,0.0343759134412,-77.7744522095,4.0511879921,-18.5687046051,0.146573781967,0
1536693741617132760,50.100198304,carbonZ_2018-09-11-15-06-34_3_rudder_left_failure,rudder,-0.610000014305,-417.386627197,5.41184616089,49,44.2385826111,0.0343759134412,-77.7744522095,4.34843921661,-18.4796161652,0.173383787274,0
1536693741656713496,50.13977904,carbonZ_2018-09-11-15-06-34_3_rudder_left_failure,rudder,-0.610000014305,-417.386627197,5.41184616089,49,44.2385826111,0.0343759134412,-77.7744522095,4.63327598572,-18.3827018738,0.186580374837,0
1536693741716939960,50.200005504,carbonZ_2018-09-11-15-06-34_3_rudder_left_failure,rudder,-0.579999983311,-407.540710449,5.38445281982,49,44.2385826111,0.0343759134412,-77.7744522095,5.06622934341,-18.2372779846,0.204242318869,0
1536693741763456280,50.246521824,carbonZ_2018-09-11-15-06-34_3_rudder_left_failure,rudder,-0.579999983311,-407.540710449,5.38445281982,49,44.2385826111,0.0343759134412,-77.7744522095,5.37469959259,-18.1252937317,0.201545089483,0
1536693741812887800,50.295953344,carbonZ_2018-09-11-15-06-34_3_rudder_left_failure,rudder,-0.550000011921,-407.540710449,5.35214996338,49,43.3038825989,-0.370868593454,-69.5096054077,5.79550266266,-17.9642448425,0.201940119267,0
1536693741827662712,50.310728256,carbonZ_2018-09-11-15-06-34_3_rudder_left_failure,rudder,-0.550000011921,-407.540710449,5.35214996338,49,43.3038825989,-0.370868593454,-69.5096054077,5.94371032715,-17.9054412842,0.205094784498,0
1536693741908803576,50.39186912,carbonZ_2018-09-11-15-06-34_3_rudder_left_failure,rudder,-0.519999980927,-406.303771973,5.3272895813,49,43.3038825989,-0.370868593454,-69.5096054077,6.62246179581,-17.6172790527,0.246604979038,0
1536693741948768984,50.431834528,carbonZ_2018-09-11-15-06-34_3_rudder_left_failure,rudder,-0.519999980927,-406.303771973,5.3272895813,49,43.3038825989,-0.370868593454,-69.5096054077,6.62246179581,-17.6172790527,0.246604979038,0
1536693742004806264,50.487871808,carbonZ_2018-09-11-15-06-34_3_rudder_left_failure,rudder,-0.489999979734,-406.303771973,5.28271484375,49,43.3038825989,-0.370868593454,-69.5096054077,7.01304626465,-17.4440937042,0.290998876095,0
1536693742050834008,50.533899552,carbonZ_2018-09-11-15-06-34_3_rudder_left_failure,rudder,-0.489999979734,-406.303771973,5.28271484375,49,43.3038825989,-0.370868593454,-69.5096054077,7.38696336746,-17.2586250305,0.325584441423,0
1536693742092092760,50.575158304,carbonZ_2018-09-11-15-06-34_3_rudder_left_failure,rudder,-0.459999978542,-416.493041992,5.24774932861,49,43.3038825989,-0.370868593454,-69.5096054077,7.64117527008,-17.1345691681,0.335629403591,0
1536693742171522584,50.654588128,carbonZ_2018-09-11-15-06-34_3_rudder_left_failure,rudder,-0.459999978542,-416.493041992,5.24774932861,49,43.3038825989,-0.370868593454,-69.5096054077,8.16797733307,-16.8574523926,0.35777208209,0
1536693742198689080,50.681754624,carbonZ_2018-09-11-15-06-34_3_rudder_left_failure,rudder,-0.419999986887,-416.493041992,5.19841384888,49,43.3038825989,-0.370868593454,-69.5096054077,8.28524875641,-16.7959346771,0.360451281071,0
1536693742231247896,50.71431344,carbonZ_2018-09-11-15-06-34_3_rudder_left_failure,rudder,-0.419999986887,-416.493041992,5.19841384888,49,43.3038825989,-0.370868593454,-69.5096054077,8.53451442719,-16.6620559692,0.369752138853,0
1536693742290948088,50.774013632,carbonZ_2018-09-11-15-06-34_3_rudder_left_failure,rudder,-0.370000004768,-418.684020996,5.15712738037,49,41.6527824402,-0.982744693756,-59.6696395874,8.92673873901,-16.431016922,0.378261715174,0
1536693742321948568,50.805014112,carbonZ_2018-09-11-15-06-34_3_rudder_left_failure,rudder,-0.370000004768,-418.684020996,5.15712738037,49,41.6527824402,-0.982744693756,-59.6696395874,9.27476119995,-16.2233848572,0.390111833811,0
1536693742433970584,50.917036128,carbonZ_2018-09-11-15-06-34_3_rudder_left_failure,rudder,-0.329999983311,-418.684020996,5.11639022827,49,41.6527824402,-0.982744693756,-59.6696395874,9.77416610718,-15.897983551,0.401870280504,0
1536693742564214488,51.047280032,carbonZ_2018-09-11-15-06-34_3_rudder_left_failure,rudder,-0.289999991655,-418.684020996,5.07337188721,49,41.6527824402,-0.982744693756,-59.6696395874,10.4960651398,-15.4017410278,0.400703012943,0
1536693742590494104,51.073559648,carbonZ_2018-09-11-15-06-34_3_rudder_left_failure,rudder,-0.289999991655,-418.684020996,5.07337188721,49,41.6527824402,-0.982744693756,-59.6696395874,10.614657402,-15.3128604889,0.395226985216,0
1536693742608973496,51.09203904,carbonZ_2018-09-11-15-06-34_3_rudder_left_failure,rudder,-0.239999994636,-398.575012207,5.02643203735,49,41.6527824402,-0.982744693756,-59.6696395874,10.8387966156,-15.1471986771,0.38089427352,0
1536693742646407576,51.12947312,carbonZ_2018-09-11-15-06-34_3_rudder_left_failure,rudder,-0.239999994636,-398.575012207,5.02643203735,49,41.6527824402,-0.982744693756,-59.6696395874,11.2044649124,-14.8568410873,0.357506304979,0
1536693742725218072,51.208283616,carbonZ_2018-09-11-15-06-34_3_rudder_left_failure,rudder,-0.209999993443,-375.945861816,4.97426605225,49,41.6527824402,-0.982744693756,-59.6696395874,11.4389028549,-14.6580076218,0.335798710585,0
1536693742757887288,51.240952832,carbonZ_2018-09-11-15-06-34_3_rudder_left_failure,rudder,-0.209999993443,-375.945861816,4.97426605225,49,40.6429672241,-1.03486299515,-48.4667358398,11.6578044891,-14.4722166061,0.313145339489,0
1536693742793565176,51.27663072,carbonZ_2018-09-11-15-06-34_3_rudder_left_failure,rudder,-0.170000001788,-375.945861816,4.91225814819,48,40.6429672241,-1.03486299515,-48.4667358398,12.0015544891,-14.1566181183,0.280096650124,0
1536693742866017080,51.349082624,carbonZ_2018-09-11-15-06-34_3_rudder_left_failure,rudder,-0.170000001788,-375.945861816,4.91225814819,48,40.6429672241,-1.03486299515,-48.4667358398,12.4283151627,-13.7476501465,0.231242224574,0
1536693742921582488,51.404648032,carbonZ_2018-09-11-15-06-34_3_rudder_left_failure,rudder,-0.140000000596,-381.309875488,4.84446716309,48,40.6429672241,-1.03486299515,-48.4667358398,12.7471151352,-13.411939621,0.197635054588,0
1536693742982271672,51.465337216,carbonZ_2018-09-11-15-06-34_3_rudder_left_failure,rudder,-0.140000000596,-381.309875488,4.84446716309,48,40.6429672241,-1.03486299515,-48.4667358398,12.7471151352,-13.411939621,0.197635054588,0
1536693743036169336,51.51923488,carbonZ_2018-09-11-15-06-34_3_rudder_left_failure,rudder,-0.119999997318,-381.309875488,4.7706413269,48,40.6429672241,-1.03486299515,-48.4667358398,13.13601017,-12.9925632477,0.161717891693,0
1536693743082575640,51.565641184,carbonZ_2018-09-11-15-06-34_3_rudder_left_failure,rudder,-0.0899999961257,-386.328491211,4.69886779785,48,39.4900894165,-0.156532675028,-41.6966094971,13.3308963776,-12.7601013184,0.137568235397,0
1536693743129093176,51.61215872,carbonZ_2018-09-11-15-06-34_3_rudder_left_failure,rudder,-0.0899999961257,-386.328491211,4.69886779785,48,39.4900894165,-0.156532675028,-41.6966094971,13.6020889282,-12.427942276,0.0930711999536,0
1536693743200470584,51.683536128,carbonZ_2018-09-11-15-06-34_3_rudder_left_failure,rudder,-0.0799999982119,-386.328491211,4.61487579346,48,39.4900894165,-0.156532675028,-41.6966094971,13.8766479492,-12.0776720047,0.0465999729931,0
1536693743232431256,51.7154968,carbonZ_2018-09-11-15-06-34_3_rudder_left_failure,rudder,-0.0799999982119,-386.328491211,4.61487579346,48,39.4900894165,-0.156532675028,-41.6966094971,13.9715194702,-11.9487123489,0.0244370196015,0
1536693743232441112,51.715506656,carbonZ_2018-09-11-15-06-34_3_rudder_left_failure,rudder,-0.0799999982119,-386.328491211,4.61487579346,48,39.4900894165,-0.156532675028,-41.6966094971,13.9715194702,-11.9487123489,0.0244370196015,0
1536693743312288920,51.795354464,carbonZ_2018-09-11-15-06-34_3_rudder_left_failure,rudder,-0.070000000298,-413.418945312,4.53248214722,48,39.4900894165,-0.156532675028,-41.6966094971,14.3898983002,-11.3608131409,-0.0760251283646,0
1536693743349167992,51.832233536,carbonZ_2018-09-11-15-06-34_3_rudder_left_failure,rudder,-0.070000000298,-413.418945312,4.53248214722,48,39.4900894165,-0.156532675028,-41.6966094971,14.5530719757,-11.1041955948,-0.125944137573,0
1536693743417006840,51.900072384,carbonZ_2018-09-11-15-06-34_3_rudder_left_failure,rudder,-0.0799999982119,-413.418945312,4.4458694458,48,39.4900894165,-0.156532675028,-41.6966094971,14.7848234177,-10.7465391159,-0.204100072384,0
1536693743484075288,51.967140832,carbonZ_2018-09-11-15-06-34_3_rudder_left_failure,rudder,-0.0999999940395,-413.458618164,4.35328674316,48,39.4900894165,-0.156532675028,-41.6966094971,15.0186090469,-10.3575782776,-0.283462941647,0
1536693743509299608,51.992365152,carbonZ_2018-09-11-15-06-34_3_rudder_left_failure,rudder,-0.0999999940395,-413.458618164,4.35328674316,48,37.8433494568,1.26478660107,-31.9800014496,15.2231607437,-10.0010538101,-0.356826603413,0
1536693743549399992,52.032465536,carbonZ_2018-09-11-15-06-34_3_rudder_left_failure,rudder,-0.0999999940395,-413.458618164,4.35328674316,48,37.8433494568,1.26478660107,-31.9800014496,15.2944612503,-9.87238407135,-0.378032445908,0
1536693743632787000,52.115852544,carbonZ_2018-09-11-15-06-34_3_rudder_left_failure,rudder,-0.129999995232,-413.458618164,4.25489425659,48,37.8433494568,1.26478660107,-31.9800014496,15.5469989777,-9.39095306396,-0.444779574871,0
1536693743655219064,52.138284608,carbonZ_2018-09-11-15-06-34_3_rudder_left_failure,rudder,-0.129999995232,-413.458618164,4.25489425659,48,37.8433494568,1.26478660107,-31.9800014496,15.6091470718,-9.2712469101,-0.46235370636,0
1536693743751897176,52.23496272,carbonZ_2018-09-11-15-06-34_3_rudder_left_failure,rudder,-0.179999992251,-401.972015381,4.1633644104,48,37.8433494568,1.26478660107,-31.9800014496,15.8913698196,-8.67213153839,-0.522584557533,0
1536693743840119832,52.323185376,carbonZ_2018-09-11-15-06-34_3_rudder_left_failure,rudder,-0.229999989271,-401.972015381,4.0717010498,48,37.8433494568,1.26478660107,-31.9800014496,16.0806350708,-8.2399148941,-0.535964667797,0
1536693743855504920,52.338570464,carbonZ_2018-09-11-15-06-34_3_rudder_left_failure,rudder,-0.229999989271,-401.972015381,4.0717010498,48,36.639705658,1.42691969872,-25.4935646057,16.1278324127,-8.11820602417,-0.539443194866,0
1536693743941910168,52.424975712,carbonZ_2018-09-11-15-06-34_3_rudder_left_failure,rudder,-0.280000001192,-397.269439697,3.98530578613,48,36.639705658,1.42691969872,-25.4935646057,16.293970108,-7.66789293289,-0.547481656075,0
1536693743960923064,52.443988608,carbonZ_2018-09-11-15-06-34_3_rudder_left_failure,rudder,-0.280000001192,-397.269439697,3.98530578613,48,36.639705658,1.42691969872,-25.4935646057,16.3350162506,-7.544713974,-0.551121354103,0
1536693744011869560,52.494935104,carbonZ_2018-09-11-15-06-34_3_rudder_left_failure,rudder,-0.319999992847,-397.269439697,3.90340423584,47,36.639705658,1.42691969872,-25.4935646057,16.4884414673,-7.09854698181,-0.548652470112,0
1536693744072455640,52.555521184,carbonZ_2018-09-11-15-06-34_3_rudder_left_failure,rudder,-0.319999992847,-397.269439697,3.90340423584,47,36.639705658,1.42691969872,-25.4935646057,16.5563926697,-6.87075281143,-0.543647050858,0
1536693744160819448,52.643884992,carbonZ_2018-09-11-15-06-34_3_rudder_left_failure,rudder,-0.370000004768,-390.539367676,3.83623886108,47,36.639705658,1.42691969872,-25.4935646057,16.6825447083,-6.43021821976,-0.516488850117,0
1536693744207768984,52.690834528,carbonZ_2018-09-11-15-06-34_3_rudder_left_failure,rudder,-0.419999986887,-390.539367676,3.77466583252,47,36.639705658,1.42691969872,-25.4935646057,16.7493953705,-6.20966768265,-0.500118792057,0
1536693744235560568,52.718626112,carbonZ_2018-09-11-15-06-34_3_rudder_left_failure,rudder,-0.419999986887,-390.539367676,3.77466583252,47,36.2591896057,0.727805197239,-18.7901916504,16.8071804047,-5.968998909,-0.489852458239,0
1536693744289997880,52.773063424,carbonZ_2018-09-11-15-06-34_3_rudder_left_failure,rudder,-0.459999978542,-390.888397217,3.72386932373,47,36.2591896057,0.727805197239,-18.7901916504,16.891494751,-5.64353132248,-0.460047990084,0
1536693744356958872,52.840024416,carbonZ_2018-09-11-15-06-34_3_rudder_left_failure,rudder,-0.459999978542,-390.888397217,3.72386932373,47,36.2591896057,0.727805197239,-18.7901916504,16.9696865082,-5.31794309616,-0.422144293785,0
1536693744390926424,52.873991968,carbonZ_2018-09-11-15-06-34_3_rudder_left_failure,rudder,-0.489999979734,-390.888397217,3.68391036987,47,36.2591896057,0.727805197239,-18.7901916504,17.0151691437,-5.08729839325,-0.399540901184,0
1536693744433964472,52.917030016,carbonZ_2018-09-11-15-06-34_3_rudder_left_failure,rudder,-0.489999979734,-390.888397217,3.68391036987,47,36.2591896057,0.727805197239,-18.7901916504,17.0669059753,-4.8727645874,-0.375422149897,0
1536693744527492472,53.010558016,carbonZ_2018-09-11-15-06-34_3_rudder_left_failure,rudder,-0.519999980927,-374.95690918,3.65209197998,47,36.2591896057,0.727805197239,-18.7901916504,17.1542549133,-4.42510795593,-0.319272190332,0
1536693744551361240,53.034426784,carbonZ_2018-09-11-15-06-34_3_rudder_left_failure,rudder,-0.519999980927,-374.95690918,3.65209197998,47,36.2591896057,0.727805197239,-18.7901916504,17.1774692535,-4.30595254898,-0.303160429001,0
1536693744578570904,53.061636448,carbonZ_2018-09-11-15-06-34_3_rudder_left_failure,rudder,-0.519999980927,-374.95690918,3.65209197998,47,36.2591896057,0.727805197239,-18.7901916504,17.2113380432,-4.07888507843,-0.28128027916,0
1536693744636309592,53.119375136,carbonZ_2018-09-11-15-06-34_3_rudder_left_failure,rudder,-0.550000011921,-374.95690918,3.63260650635,47,36.3970832825,-0.0120796160772,-12.0644330978,17.2804031372,-3.63946390152,-0.231981232762,0
1536693744702225368,53.185290912,carbonZ_2018-09-11-15-06-34_3_rudder_left_failure,rudder,-0.560000002384,-376.952362061,3.62613296509,47,36.3970832825,-0.0120796160772,-12.0644330978,17.344833374,-3.18409132957,-0.182591184974,0
1536693744715505464,53.198571008,carbonZ_2018-09-11-15-06-34_3_rudder_left_failure,rudder,-0.560000002384,-376.952362061,3.62613296509,47,36.3970832825,-0.0120796160772,-12.0644330978,17.344833374,-3.18409132957,-0.182591184974,0
1536693744800633144,53.283698688,carbonZ_2018-09-11-15-06-34_3_rudder_left_failure,rudder,-0.569999992847,-376.952362061,3.61953735352,47,36.3970832825,-0.0120796160772,-12.0644330978,17.3841876984,-2.83210301399,-0.150404855609,0
1536693744831601944,53.314667488,carbonZ_2018-09-11-15-06-34_3_rudder_left_failure,rudder,-0.569999992847,-376.952362061,3.61953735352,47,36.3970832825,-0.0120796160772,-12.0644330978,17.4154605865,-2.59793138504,-0.13978049159,0
1536693744851851512,53.334917056,carbonZ_2018-09-11-15-06-34_3_rudder_left_failure,rudder,-0.569999992847,-376.952362061,3.61953735352,47,36.3970832825,-0.0120796160772,-12.0644330978,17.4215373993,-2.47397780418,-0.136119961739,0
1536693744970640152,53.453705696,carbonZ_2018-09-11-15-06-34_3_rudder_left_failure,rudder,-0.569999992847,-371.444885254,3.62655258179,47,36.3970832825,-0.0120796160772,-12.0644330978,17.4720745087,-1.9013479948,-0.131925091147,0
1536693745030992152,53.514057696,carbonZ_2018-09-11-15-06-34_3_rudder_left_failure,rudder,-0.569999992847,-371.444885254,3.63280105591,47,35.6333656311,-0.376779288054,-5.19923114777,17.5141124725,-1.30693352222,-0.134002566338,0
1536693745086304280,53.569369824,carbonZ_2018-09-11-15-06-34_3_rudder_left_failure,rudder,-0.579999983311,-368.184661865,3.65114974976,47,35.6333656311,-0.376779288054,-5.19923114777,17.5141124725,-1.30693352222,-0.134002566338,0
1536693745130813688,53.613879232,carbonZ_2018-09-11-15-06-34_3_rudder_left_failure,rudder,-0.579999983311,-368.184661865,3.65114974976,47,35.6333656311,-0.376779288054,-5.19923114777,17.5288333893,-0.848850548267,-0.107580170035,0
1536693745171892472,53.654958016,carbonZ_2018-09-11-15-06-34_3_rudder_left_failure,rudder,-0.579999983311,-368.184661865,3.65114974976,47,35.6333656311,-0.376779288054,-5.19923114777,17.5324497223,-0.632637679577,-0.0835897102952,0
1536693745205895800,53.688961344,carbonZ_2018-09-11-15-06-34_3_rudder_left_failure,rudder,-0.579999983311,-368.184661865,3.66756820679,47,35.6333656311,-0.376779288054,-5.19923114777,17.5351314545,-0.409116327763,-0.0531234033406,0
1536693745255203160,53.738268704,carbonZ_2018-09-11-15-06-34_3_rudder_left_failure,rudder,-0.579999983311,-368.184661865,3.66756820679,47,35.6333656311,-0.376779288054,-5.19923114777,17.5365982056,-0.198690116405,-0.0249020792544,0
1536693745294976376,53.77804192,carbonZ_2018-09-11-15-06-34_3_rudder_left_failure,rudder,-0.579999983311,-364.26965332,3.69634628296,47,35.6333656311,-0.376779288054,-5.19923114777,17.5291633606,0.0318258330226,0.010653803125,0
1536693745362795000,53.845860544,carbonZ_2018-09-11-15-06-34_3_rudder_left_failure,rudder,-0.579999983311,-364.26965332,3.69634628296,47,35.6333656311,-0.376779288054,-5.19923114777,17.5233516693,0.365939766169,0.0535519868135,0
1536693745389033208,53.872098752,carbonZ_2018-09-11-15-06-34_3_rudder_left_failure,rudder,-0.579999983311,-364.26965332,3.69634628296,47,35.6333656311,-0.376779288054,-5.19923114777,17.5147914886,0.479426443577,0.0663706660271,0
1536693745437377048,53.920442592,carbonZ_2018-09-11-15-06-34_3_rudder_left_failure,rudder,-0.569999992847,-364.26965332,3.737865448,47,36.939037323,-0.882198750973,1.21866810322,17.5020599365,0.829113841057,0.0995287448168,0
1536693745456361272,53.939426816,carbonZ_2018-09-11-15-06-34_3_rudder_left_failure,rudder,-0.569999992847,-364.26965332,3.737865448,47,36.939037323,-0.882198750973,1.21866810322,17.4950828552,0.932711184025,0.115703947842,0
1536693745510704600,53.993770144,carbonZ_2018-09-11-15-06-34_3_rudder_left_failure,rudder,-0.550000011921,-360.083587646,3.77577590942,47,36.939037323,-0.882198750973,1.21866810322,17.4753818512,1.29713630676,0.134343475103,0
1536693745615670872,54.098736416,carbonZ_2018-09-11-15-06-34_3_rudder_left_failure,rudder,-0.52999997139,-360.083587646,3.82720947266,47,36.939037323,-0.882198750973,1.21866810322,17.4258518219,1.89966630936,0.148544713855,0
1536693745699753720,54.182819264,carbonZ_2018-09-11-15-06-34_3_rudder_left_failure,rudder,-0.509999990463,-360.910614014,3.88422775269,47,36.939037323,-0.882198750973,1.21866810322,17.3903827667,2.2538125515,0.174790740013,0
1536693745710864472,54.193930016,carbonZ_2018-09-11-15-06-34_3_rudder_left_failure,rudder,-0.509999990463,-360.910614014,3.88422775269,47,36.939037323,-0.882198750973,1.21866810322,17.3903827667,2.2538125515,0.174790740013,0
1536693745762251416,54.24531696,carbonZ_2018-09-11-15-06-34_3_rudder_left_failure,rudder,-0.509999990463,-360.910614014,3.88422775269,47,36.939037323,-0.882198750973,1.21866810322,17.3318729401,2.69934940338,0.235461875796,0
1536693745807311160,54.290376704,carbonZ_2018-09-11-15-06-34_3_rudder_left_failure,rudder,-0.479999989271,-360.910614014,3.94532012939,48,37.4383926392,-1.3783352375,8.16190338135,17.297958374,2.9147310257,0.262044012547,0
1536693745854738104,54.337803648,carbonZ_2018-09-11-15-06-34_3_rudder_left_failure,rudder,-0.479999989271,-360.910614014,3.94532012939,48,37.4383926392,-1.3783352375,8.16190338135,17.2407360077,3.25814771652,0.295027196407,0
1536693745898068216,54.38113376,carbonZ_2018-09-11-15-06-34_3_rudder_left_failure,rudder,-0.439999997616,-360.223754883,4.00762176514,48,37.4383926392,-1.3783352375,8.16190338135,17.2046318054,3.49656271935,0.314040064812,0
1536693745927517624,54.410583168,carbonZ_2018-09-11-15-06-34_3_rudder_left_failure,rudder,-0.439999997616,-360.223754883,4.00762176514,48,37.4383926392,-1.3783352375,8.16190338135,17.1526470184,3.74133992195,0.321392834187,0
1536693745970765688,54.453831232,carbonZ_2018-09-11-15-06-34_3_rudder_left_failure,rudder,-0.439999997616,-360.223754883,4.00762176514,48,37.4383926392,-1.3783352375,8.16190338135,17.108045578,3.99138665199,0.327202498913,0
1536693746011936696,54.49500224,carbonZ_2018-09-11-15-06-34_3_rudder_left_failure,rudder,-0.399999976158,-360.223754883,4.08181381226,48,37.4383926392,-1.3783352375,8.16190338135,17.051738739,4.23754787445,0.334574371576,0
1536693746073992728,54.557058272,carbonZ_2018-09-11-15-06-34_3_rudder_left_failure,rudder,-0.399999976158,-360.223754883,4.08181381226,48,37.4383926392,-1.3783352375,8.16190338135,16.9760112762,4.60667085648,0.355799138546,0
1536693746178595448,54.661660992,carbonZ_2018-09-11-15-06-34_3_rudder_left_failure,rudder,-0.34999999404,-359.20904541,4.14798736572,48,37.4383926392,-1.3783352375,8.16190338135,16.8175449371,5.23870944977,0.381569981575,0
1536693746246647480,54.729713024,carbonZ_2018-09-11-15-06-34_3_rudder_left_failure,rudder,-0.299999982119,-359.20904541,4.22442245483,48,38.6135063171,-2.00660967827,16.6112155914,16.7243251801,5.6009979248,0.4095749259,0
1536693746258832792,54.741898336,carbonZ_2018-09-11-15-06-34_3_rudder_left_failure,rudder,-0.299999982119,-359.20904541,4.22442245483,48,38.6135063171,-2.00660967827,16.6112155914,16.6871833801,5.73411035538,0.4197499156,0
1536693746291079288,54.774144832,carbonZ_2018-09-11-15-06-34_3_rudder_left_failure,rudder,-0.239999994636,-360.025970459,4.29419708252,48,38.6135063171,-2.00660967827,16.6112155914,16.609495163,5.97493267059,0.433356463909,0
1536693746326372408,54.809437952,carbonZ_2018-09-11-15-06-34_3_rudder_left_failure,rudder,-0.239999994636,-360.025970459,4.29419708252,48,38.6135063171,-2.00660967827,16.6112155914,16.5352401733,6.23127317429,0.450533181429,0
1536693746395968376,54.87903392,carbonZ_2018-09-11-15-06-34_3_rudder_left_failure,rudder,-0.179999992251,-360.025970459,4.3606338501,48,38.6135063171,-2.00660967827,16.6112155914,16.359210968,6.75412082672,0.439717233181,0
1536693746427353368,54.910418912,carbonZ_2018-09-11-15-06-34_3_rudder_left_failure,rudder,-0.179999992251,-360.025970459,4.3606338501,48,38.6135063171,-2.00660967827,16.6112155914,16.3152637482,6.89218521118,0.439307719469,0
1536693746490929336,54.97399488,carbonZ_2018-09-11-15-06-34_3_rudder_left_failure,rudder,-0.119999997318,-365.043823242,4.42158889771,48,38.6135063171,-2.00660967827,16.6112155914,16.1600055695,7.29376506805,0.411128163338,0
1536693746521742104,55.004807648,carbonZ_2018-09-11-15-06-34_3_rudder_left_failure,rudder,-0.119999997318,-365.043823242,4.42158889771,48,38.6135063171,-2.00660967827,16.6112155914,16.1600055695,7.29376506805,0.411128163338,0
1536693746605078104,55.088143648,carbonZ_2018-09-11-15-06-34_3_rudder_left_failure,rudder,-0.0599999986589,-365.043823242,4.47731781006,48,39.4981994629,-1.50487995148,24.3988513947,15.8878641129,7.96587753296,0.350868701935,0
1536693746632322968,55.115388512,carbonZ_2018-09-11-15-06-34_3_rudder_left_failure,rudder,-0.0599999986589,-365.043823242,4.47731781006,48,39.4981994629,-1.50487995148,24.3988513947,15.7189254761,8.3644952774,0.327745437622,0
1536693746692786520,55.175852064,carbonZ_2018-09-11-15-06-34_3_rudder_left_failure,rudder,-0.00999999977648,-363.130554199,4.53049468994,48,39.4981994629,-1.50487995148,24.3988513947,15.5938901901,8.61876773834,0.314587920904,0
1536693746745859480,55.228925024,carbonZ_2018-09-11-15-06-34_3_rudder_left_failure,rudder,-0.00999999977648,-363.130554199,4.53049468994,48,39.4981994629,-1.50487995148,24.3988513947,15.4260959625,8.98225402832,0.312190562487,0
1536693746799048600,55.282114144,carbonZ_2018-09-11-15-06-34_3_rudder_left_failure,rudder,0.0399999991059,-363.130554199,4.56538391113,48,39.4981994629,-1.50487995148,24.3988513947,15.2976989746,9.23139572144,0.30992859602,0
1536693746825710200,55.308775744,carbonZ_2018-09-11-15-06-34_3_rudder_left_failure,rudder,0.0399999991059,-363.130554199,4.56538391113,48,39.4981994629,-1.50487995148,24.3988513947,15.1789674759,9.45879840851,0.307578861713,0
1536693746907958136,55.39102368,carbonZ_2018-09-11-15-06-34_3_rudder_left_failure,rudder,0.0799999982119,-363.618469238,4.6075630188,48,39.4981994629,-1.50487995148,24.3988513947,14.9833507538,9.82381725311,0.307120680809,0
1536693746928045720,55.411111264,carbonZ_2018-09-11-15-06-34_3_rudder_left_failure,rudder,0.0799999982119,-363.618469238,4.6075630188,48,39.5755615234,-1.22504365444,31.735080719,14.7717523575,10.1826143265,0.28705406189,0
1536693746996178744,55.479244288,carbonZ_2018-09-11-15-06-34_3_rudder_left_failure,rudder,0.129999995232,-363.618469238,4.64628601074,48,39.5755615234,-1.22504365444,31.735080719,14.6295995712,10.4282979965,0.271180927753,0
1536693747030316760,55.513382304,carbonZ_2018-09-11-15-06-34_3_rudder_left_failure,rudder,0.129999995232,-363.618469238,4.64628601074,48,39.5755615234,-1.22504365444,31.735080719,14.4725389481,10.6801900864,0.250064253807,0
1536693747092653336,55.57571888,carbonZ_2018-09-11-15-06-34_3_rudder_left_failure,rudder,0.170000001788,-371.23449707,4.67764663696,48,39.5755615234,-1.22504365444,31.735080719,14.2462348938,11.0278596878,0.220348879695,0
1536693747147877272,55.630942816,carbonZ_2018-09-11-15-06-34_3_rudder_left_failure,rudder,0.170000001788,-371.23449707,4.67764663696,48,39.5755615234,-1.22504365444,31.735080719,14.0100536346,11.3820018768,0.21870854497,0
1536693747235144184,55.718209728,carbonZ_2018-09-11-15-06-34_3_rudder_left_failure,rudder,0.209999993443,-371.23449707,4.7015914917,48,39.5755615234,-1.22504365444,31.735080719,13.6859722137,11.8279457092,0.194581151009,0
1536693747296106456,55.779172,carbonZ_2018-09-11-15-06-34_3_rudder_left_failure,rudder,0.239999994636,-372.869110107,4.7259979248,48,39.3942527771,-1.2206915617,38.6430740356,13.4228696823,12.1782398224,0.177802637219,0
1536693747324420984,55.807486528,carbonZ_2018-09-11-15-06-34_3_rudder_left_failure,rudder,0.239999994636,-372.869110107,4.7259979248,48,39.3942527771,-1.2206915617,38.6430740356,13.2354421616,12.4061765671,0.15714520216,0
1536693747407219192,55.890284736,carbonZ_2018-09-11-15-06-34_3_rudder_left_failure,rudder,0.269999980927,-372.869110107,4.75048065186,48,39.3942527771,-1.2206915617,38.6430740356,12.8758068085,12.8500204086,0.123067185283,0
1536693747454303704,55.937369248,carbonZ_2018-09-11-15-06-34_3_rudder_left_failure,rudder,0.269999980927,-372.869110107,4.75048065186,48,39.3942527771,-1.2206915617,38.6430740356,12.7740592957,12.9657173157,0.114623591304,0
1536693747494633208,55.977698752,carbonZ_2018-09-11-15-06-34_3_rudder_left_failure,rudder,0.289999991655,-377.293029785,4.76954650879,48,39.3942527771,-1.2206915617,38.6430740356,12.4974184036,13.2717132568,0.0932505652308,0
1536693747541565432,56.024630976,carbonZ_2018-09-11-15-06-34_3_rudder_left_failure,rudder,0.289999991655,-377.293029785,4.76954650879,48,39.3942527771,-1.2206915617,38.6430740356,12.3018894196,13.4870290756,0.0895874798298,0
1536693747572497560,56.055563104,carbonZ_2018-09-11-15-06-34_3_rudder_left_failure,rudder,0.310000002384,-377.293029785,4.78150558472,48,40.0461349487,-0.9658228755,45.1747436523,12.0890512466,13.6996707916,0.0711098685861,0
1536693747613353944,56.096419488,carbonZ_2018-09-11-15-06-34_3_rudder_left_failure,rudder,0.310000002384,-377.293029785,4.78150558472,48,40.0461349487,-0.9658228755,45.1747436523,11.9008932114,13.8919830322,0.0526447966695,0
1536693747631171576,56.11423712,carbonZ_2018-09-11-15-06-34_3_rudder_left_failure,rudder,0.310000002384,-377.293029785,4.78150558472,48,40.0461349487,-0.9658228755,45.1747436523,11.9008932114,13.8919830322,0.0526447966695,0
1536693747729792024,56.212857568,carbonZ_2018-09-11-15-06-34_3_rudder_left_failure,rudder,0.329999983311,-380.043212891,4.78638076782,48,40.0461349487,-0.9658228755,45.1747436523,11.2604808807,14.4931983948,0.00188112829346,0
1536693747778276696,56.26134224,carbonZ_2018-09-11-15-06-34_3_rudder_left_failure,rudder,0.329999983311,-380.043212891,4.78638076782,48,40.0461349487,-0.9658228755,45.1747436523,11.0362567902,14.6912088394,-0.0242510512471,0
1536693747832568344,56.315633888,carbonZ_2018-09-11-15-06-34_3_rudder_left_failure,rudder,0.34999999404,-380.043212891,4.79244232178,48,40.0461349487,-0.9658228755,45.1747436523,10.6855716705,14.9888858795,-0.0576124824584,0
1536693747860212984,56.343278528,carbonZ_2018-09-11-15-06-34_3_rudder_left_failure,rudder,0.34999999404,-380.043212891,4.79244232178,48,40.0461349487,-0.9658228755,45.1747436523,10.5744018555,15.0731897354,-0.0680866613984,0
1536693747910936056,56.3940016,carbonZ_2018-09-11-15-06-34_3_rudder_left_failure,rudder,0.34999999404,-379.621520996,4.79071426392,48,39.8662452698,-0.406524270773,52.7870750427,10.1194486618,15.4299497604,-0.0984710529447,0
1536693747999418392,56.482483936,carbonZ_2018-09-11-15-06-34_3_rudder_left_failure,rudder,0.359999984503,-379.621520996,4.78245925903,48,39.8662452698,-0.406524270773,52.7870750427,9.74688053131,15.6938657761,-0.147496417165,0
1536693748018259864,56.501325408,carbonZ_2018-09-11-15-06-34_3_rudder_left_failure,rudder,0.359999984503,-379.621520996,4.78245925903,48,39.8662452698,-0.406524270773,52.7870750427,9.63177871704,15.7743062973,-0.167879581451,0
1536693748072431736,56.55549728,carbonZ_2018-09-11-15-06-34_3_rudder_left_failure,rudder,0.359999984503,-379.621520996,4.78245925903,48,39.8662452698,-0.406524270773,52.7870750427,9.25294208527,16.0320777893,-0.214008390903,0
1536693748124910232,56.607975776,carbonZ_2018-09-11-15-06-34_3_rudder_left_failure,rudder,0.34999999404,-380.113983154,4.77435684204,48,39.8662452698,-0.406524270773,52.7870750427,8.85941314697,16.2681522369,-0.251458406448,0
1536693748169834424,56.652899968,carbonZ_2018-09-11-15-06-34_3_rudder_left_failure,rudder,0.34999999404,-380.113983154,4.77435684204,48,39.8662452698,-0.406524270773,52.7870750427,8.75385856628,16.331943512,-0.262698233128,0
1536693748249019800,56.732085344,carbonZ_2018-09-11-15-06-34_3_rudder_left_failure,rudder,0.340000003576,-380.113983154,4.75350952148,48,39.8662452698,-0.406524270773,52.7870750427,8.23214149475,16.630065918,-0.295437335968,0
1536693748294418424,56.777483968,carbonZ_2018-09-11-15-06-34_3_rudder_left_failure,rudder,0.319999992847,-382.424743652,4.7433052063,48,40.0502510071,0.384790122509,60.6950340271,7.84749746323,16.8335494995,-0.338420063257,0
1536693748323111832,56.806177376,carbonZ_2018-09-11-15-06-34_3_rudder_left_failure,rudder,0.319999992847,-382.424743652,4.7433052063,48,40.0502510071,0.384790122509,60.6950340271,7.70405864716,16.9060916901,-0.353082060814,0
1536693748356135000,56.839200544,carbonZ_2018-09-11-15-06-34_3_rudder_left_failure,rudder,0.319999992847,-382.424743652,4.7433052063,48,40.0502510071,0.384790122509,60.6950340271,7.43194913864,17.0426292419,-0.371457546949,0
1536693748403663192,56.886728736,carbonZ_2018-09-11-15-06-34_3_rudder_left_failure,rudder,0.289999991655,-382.424743652,4.70664215088,48,40.0502510071,0.384790122509,60.6950340271,6.89095211029,17.2909011841,-0.431994408369,0
1536693748453639128,56.936704672,carbonZ_2018-09-11-15-06-34_3_rudder_left_failure,rudder,0.289999991655,-382.424743652,4.70664215088,48,40.0502510071,0.384790122509,60.6950340271,6.74674606323,17.3564453125,-0.440792560577,0
1536693748540563256,57.0236288,carbonZ_2018-09-11-15-06-34_3_rudder_left_failure,rudder,0.259999990463,-377.319915771,4.6791305542,48,40.0502510071,0.384790122509,60.6950340271,6.18453550339,17.58294487,-0.472944021225,0
1536693748566363736,57.04942928,carbonZ_2018-09-11-15-06-34_3_rudder_left_failure,rudder,0.219999998808,-377.319915771,4.64010238647,48,40.5725326538,1.04823374748,67.3964309692,5.90630722046,17.6922035217,-0.488459169865,0
1536693748608036344,57.091101888,carbonZ_2018-09-11-15-06-34_3_rudder_left_failure,rudder,0.219999998808,-377.319915771,4.64010238647,48,40.5725326538,1.04823374748,67.3964309692,5.60846662521,17.8013420105,-0.505820214748,0
1536693748681949944,57.165015488,carbonZ_2018-09-11-15-06-34_3_rudder_left_failure,rudder,0.219999998808,-377.319915771,4.64010238647,48,40.5725326538,1.04823374748,67.3964309692,5.17293119431,17.9445323944,-0.52258014679,0
1536693748723851864,57.206917408,carbonZ_2018-09-11-15-06-34_3_rudder_left_failure,rudder,0.170000001788,-374.686248779,4.59758377075,48,40.5725326538,1.04823374748,67.3964309692,4.75301122665,18.075378418,-0.503050744534,0
1536693748771905720,57.254971264,carbonZ_2018-09-11-15-06-34_3_rudder_left_failure,rudder,0.170000001788,-374.686248779,4.59758377075,48,40.5725326538,1.04823374748,67.3964309692,4.46877145767,18.1508712769,-0.485981881618,0
1536693748832092728,57.315158272,carbonZ_2018-09-11-15-06-34_3_rudder_left_failure,rudder,0.129999995232,-374.686248779,4.55735778809,48,40.5725326538,1.04823374748,67.3964309692,4.0859003067,18.2556629181,-0.446363478899,0
1536693748847660344,57.330725888,carbonZ_2018-09-11-15-06-34_3_rudder_left_failure,rudder,0.129999995232,-374.686248779,4.55735778809,48,40.5725326538,1.04823374748,67.3964309692,3.95026421547,18.293762207,-0.428050339222,0
1536693748929973208,57.413038752,carbonZ_2018-09-11-15-06-34_3_rudder_left_failure,rudder,0.0999999940395,-372.65814209,4.50852966309,48,42.0294418335,1.50417470932,74.4099578857,3.39349317551,18.4195194244,-0.390692621469,0
1536693748973191416,57.45625696,carbonZ_2018-09-11-15-06-34_3_rudder_left_failure,rudder,0.0999999940395,-372.65814209,4.50852966309,48,42.0294418335,1.50417470932,74.4099578857,3.11780023575,18.4828109741,-0.37682107091,0
1536693749003634776,57.48670032,carbonZ_2018-09-11-15-06-34_3_rudder_left_failure,rudder,0.070000000298,-372.65814209,4.46203613281,48,42.0294418335,1.50417470932,74.4099578857,2.8312599659,18.5430583954,-0.363739341497,0
1536693749047119800,57.530185344,carbonZ_2018-09-11-15-06-34_3_rudder_left_failure,rudder,0.070000000298,-372.65814209,4.46203613281,48,42.0294418335,1.50417470932,74.4099578857,2.55430912971,18.5969085693,-0.361727595329,0
1536693749112282552,57.595348096,carbonZ_2018-09-11-15-06-34_3_rudder_left_failure,rudder,0.0399999991059,-370.059783936,4.42949295044,48,42.0294418335,1.50417470932,74.4099578857,2.15147995949,18.6725521088,-0.321112543344,0
1536693749172295672,57.655361216,carbonZ_2018-09-11-15-06-34_3_rudder_left_failure,rudder,0.019999999553,-370.059783936,4.3932800293,48,42.0294418335,1.50417470932,74.4099578857,1.73831522465,18.7305984497,-0.287636190653,0
1536693749234231320,57.717296864,carbonZ_2018-09-11-15-06-34_3_rudder_left_failure,rudder,0.019999999553,-370.059783936,4.3932800293,48,42.0294418335,1.50417470932,74.4099578857,1.36153936386,18.7866191864,-0.2300221771,0
1536693749243858840,57.726924384,carbonZ_2018-09-11-15-06-34_3_rudder_left_failure,rudder,0.019999999553,-370.059783936,4.3932800293,48,42.0294418335,1.50417470932,74.4099578857,1.36153936386,18.7866191864,-0.2300221771,0
1536693749323050488,57.806116032,carbonZ_2018-09-11-15-06-34_3_rudder_left_failure,rudder,0.0,-370.379272461,4.37000274658,48,42.0294418335,1.50417470932,74.4099578857,0.859795451164,18.8412494659,-0.140736535192,0
1536693749374101720,57.857167264,carbonZ_2018-09-11-15-06-34_3_rudder_left_failure,rudder,0.0,-370.379272461,4.37000274658,48,42.0294418335,1.50417470932,74.4099578857,0.484239071608,18.8813457489,-0.073082908988,0
1536693749418704632,57.901770176,carbonZ_2018-09-11-15-06-34_3_rudder_left_failure,rudder,0.0,-370.379272461,4.35079956055,48,41.9720535278,0.462408810854,84.6721954346,0.0981803685427,18.9116821289,-0.0166955608875,0
1536693749451509368,57.934574912,carbonZ_2018-09-11-15-06-34_3_rudder_left_failure,rudder,0.0,-370.379272461,4.35079956055,48,41.9720535278,0.462408810854,84.6721954346,-0.0179914925247,18.9225254059,-9.48134402279e-05,0
1536693749539924088,58.022989632,carbonZ_2018-09-11-15-06-34_3_rudder_left_failure,rudder,0.0,-375.294677734,4.33846282959,48,41.9720535278,0.462408810854,84.6721954346,-0.563774585724,18.957359314,0.0517158843577,0
1536693749548402072,58.031467616,carbonZ_2018-09-11-15-06-34_3_rudder_left_failure,rudder,0.0,-375.294677734,4.33846282959,48,41.9720535278,0.462408810854,84.6721954346,-0.563774585724,18.957359314,0.0517158843577,0
1536693749602796376,58.08586192,carbonZ_2018-09-11-15-06-34_3_rudder_left_failure,rudder,0.019999999553,-375.294677734,4.34323120117,48,41.9720535278,0.462408810854,84.6721954346,-1.2238907814,18.9775657654,0.122735694051,0
1536693749636943480,58.120009024,carbonZ_2018-09-11-15-06-34_3_rudder_left_failure,rudder,0.019999999553,-375.294677734,4.34323120117,48,41.9720535278,0.462408810854,84.6721954346,-1.2238907814,18.9775657654,0.122735694051,0
1536693749725653848,58.208719392,carbonZ_2018-09-11-15-06-34_3_rudder_left_failure,rudder,0.0499999970198,-375.203521729,4.36595153809,48,41.9720535278,0.462408810854,84.6721954346,-1.74760043621,18.9735279083,0.195710867643,0
1536693749799326968,58.282392512,carbonZ_2018-09-11-15-06-34_3_rudder_left_failure,rudder,0.0899999961257,-375.203521729,4.38491439819,48,41.9720535278,0.462408810854,84.6721954346,-2.28896331787,18.9649467468,0.266254752874,0
1536693749823008408,58.306073952,carbonZ_2018-09-11-15-06-34_3_rudder_left_failure,rudder,0.0899999961257,-375.203521729,4.38491439819,48,41.3133163452,-0.741331577301,93.4901657104,-2.57223105431,18.947473526,0.287123173475,0
1536693749935893400,58.418958944,carbonZ_2018-09-11-15-06-34_3_rudder_left_failure,rudder,0.129999995232,-381.907653809,4.41200256348,48,41.3133163452,-0.741331577301,93.4901657104,-3.30196905136,18.9002017975,0.322936981916,0
1536693749979809016,58.46287456,carbonZ_2018-09-11-15-06-34_3_rudder_left_failure,rudder,0.129999995232,-381.907653809,4.41200256348,48,41.3133163452,-0.741331577301,93.4901657104,-3.5885386467,18.8670539856,0.338051974773,0
1536693750003510648,58.486576192,carbonZ_2018-09-11-15-06-34_3_rudder_left_failure,rudder,0.179999992251,-381.907653809,4.44825744629,48,41.3133163452,-0.741331577301,93.4901657104,-3.86828994751,18.8383998871,0.348471671343,0
1536693750059811064,58.542876608,carbonZ_2018-09-11-15-06-34_3_rudder_left_failure,rudder,0.179999992251,-381.907653809,4.44825744629,48,41.3133163452,-0.741331577301,93.4901657104,-4.16931581497,18.8029003143,0.363773345947,0
1536693750112311192,58.595376736,carbonZ_2018-09-11-15-06-34_3_rudder_left_failure,rudder,0.229999989271,-380.685241699,4.48627853394,48,41.3133163452,-0.741331577301,93.4901657104,-4.62007904053,18.7280254364,0.357890695333,0
1536693750174922104,58.657987648,carbonZ_2018-09-11-15-06-34_3_rudder_left_failure,rudder,0.229999989271,-380.685241699,4.48627853394,48,41.3133163452,-0.741331577301,93.4901657104,-5.07461452484,18.656452179,0.346618562937,0
1536693750209304696,58.69237024,carbonZ_2018-09-11-15-06-34_3_rudder_left_failure,rudder,0.269999980927,-380.685241699,4.50977706909,48,41.3133163452,-0.741331577301,93.4901657104,-5.39465141296,18.5988273621,0.330262005329,0
1536693750247734904,58.730800448,carbonZ_2018-09-11-15-06-34_3_rudder_left_failure,rudder,0.269999980927,-380.685241699,4.50977706909,48,41.3133163452,-0.741331577301,93.4901657104,-5.71185922623,18.5312461853,0.306980341673,0
1536693750313446136,58.79651168,carbonZ_2018-09-11-15-06-34_3_rudder_left_failure,rudder,0.319999992847,-377.15435791,4.54930114746,48,42.040927887,-0.146994203329,104.388092041,-6.29770755768,18.3973445892,0.271470844746,0
1536693750398684760,58.881750304,carbonZ_2018-09-11-15-06-34_3_rudder_left_failure,rudder,0.359999984503,-377.15435791,4.57304000854,48,42.040927887,-0.146994203329,104.388092041,-6.75829982758,18.2797660828,0.24539577961,0
1536693750438257496,58.92132304,carbonZ_2018-09-11-15-06-34_3_rudder_left_failure,rudder,0.359999984503,-377.15435791,4.57304000854,48,42.040927887,-0.146994203329,104.388092041,-7.0670838356,18.1884326935,0.224856451154,0
1536693750476787096,58.95985264,carbonZ_2018-09-11-15-06-34_3_rudder_left_failure,rudder,0.359999984503,-377.15435791,4.57304000854,48,42.040927887,-0.146994203329,104.388092041,-7.33171606064,18.1073703766,0.216275215149,0
1536693750508647896,58.99171344,carbonZ_2018-09-11-15-06-34_3_rudder_left_failure,rudder,0.399999976158,-384.66986084,4.60209274292,48,42.040927887,-0.146994203329,104.388092041,-7.61579990387,18.014673233,0.213671609759,0
1536693750554559928,59.037625472,carbonZ_2018-09-11-15-06-34_3_rudder_left_failure,rudder,0.399999976158,-384.66986084,4.60209274292,48,42.040927887,-0.146994203329,104.388092041,-7.8970618248,17.921459198,0.228653565049,0
1536693750595074456,59.07814,carbonZ_2018-09-11-15-06-34_3_rudder_left_failure,rudder,0.439999997616,-384.66986084,4.63013076782,48,42.040927887,-0.146994203329,104.388092041,-8.17932891846,17.8169689178,0.234706103802,0
1536693750642647064,59.125712608,carbonZ_2018-09-11-15-06-34_3_rudder_left_failure,rudder,0.439999997616,-384.66986084,4.63013076782,48,42.040927887,-0.146994203329,104.388092041,-8.17932891846,17.8169689178,0.234706103802,0
1536693750703994232,59.187059776,carbonZ_2018-09-11-15-06-34_3_rudder_left_failure,rudder,0.479999989271,-387.270172119,4.66492080688,48,42.040927887,-0.146994203329,104.388092041,-8.83522987366,17.5560321808,0.268164873123,0
1536693750726767672,59.209833216,carbonZ_2018-09-11-15-06-34_3_rudder_left_failure,rudder,0.479999989271,-387.270172119,4.66492080688,48,42.5814056396,0.0161144435406,113.964874268,-9.11571788788,17.4352245331,0.283673942089,0
1536693750773996568,59.257062112,carbonZ_2018-09-11-15-06-34_3_rudder_left_failure,rudder,0.479999989271,-387.270172119,4.66492080688,48,42.5814056396,0.0161144435406,113.964874268,-9.39515686035,17.3071861267,0.283497780561,0
1536693750808709176,59.29177472,carbonZ_2018-09-11-15-06-34_3_rudder_left_failure,rudder,0.519999980927,-387.270172119,4.71681213379,48,42.5814056396,0.0161144435406,113.964874268,-9.66918087006,17.1779251099,0.280249595642,0
1536693750862353912,59.345419456,carbonZ_2018-09-11-15-06-34_3_rudder_left_failure,rudder,0.519999980927,-387.270172119,4.71681213379,48,42.5814056396,0.0161144435406,113.964874268,-9.93554973602,17.0505905151,0.275715857744,0
1536693750929473976,59.41253952,carbonZ_2018-09-11-15-06-34_3_rudder_left_failure,rudder,0.560000002384,-390.082733154,4.76280975342,48,42.5814056396,0.0161144435406,113.964874268,-10.4955825806,16.7639770508,0.274694263935,0
1536693751001794328,59.484859872,carbonZ_2018-09-11-15-06-34_3_rudder_left_failure,rudder,0.599999964237,-390.082733154,4.80841064453,48,42.5814056396,0.0161144435406,113.964874268,-10.9073982239,16.5331630707,0.268154859543,0
1536693751017912600,59.500978144,carbonZ_2018-09-11-15-06-34_3_rudder_left_failure,rudder,0.599999964237,-390.082733154,4.80841064453,48,42.5814056396,0.0161144435406,113.964874268,-11.0427455902,16.4543685913,0.264292746782,0
1536693751046691608,59.529757152,carbonZ_2018-09-11-15-06-34_3_rudder_left_failure,rudder,0.599999964237,-390.082733154,4.80841064453,48,42.5814056396,0.0161144435406,113.964874268,-11.3156223297,16.2929821014,0.259271383286,0
1536693751162276120,59.645341664,carbonZ_2018-09-11-15-06-34_3_rudder_left_failure,rudder,0.639999985695,-390.343658447,4.86380386353,48,43.1470794678,0.112354688346,123.691040039,-11.979183197,15.8724250793,0.234485685825,0
1536693751209214584,59.692280128,carbonZ_2018-09-11-15-06-34_3_rudder_left_failure,rudder,0.680000007153,-390.343658447,4.90950775146,48,43.1470794678,0.112354688346,123.691040039,-12.3837194443,15.6016378403,0.216284796596,0
1536693751248554360,59.731619904,carbonZ_2018-09-11-15-06-34_3_rudder_left_failure,rudder,0.680000007153,-390.343658447,4.90950775146,48,43.1470794678,0.112354688346,123.691040039,-12.6558599472,15.406993866,0.193602487445,0
1536693751363846616,59.84691216,carbonZ_2018-09-11-15-06-34_3_rudder_left_failure,rudder,0.719999969006,-408.995635986,4.96155548096,49,43.1470794678,0.112354688346,123.691040039,-13.3248605728,14.8967485428,0.109142638743,0
1536693751405814040,59.888879584,carbonZ_2018-09-11-15-06-34_3_rudder_left_failure,rudder,0.740000009537,-408.995635986,5.01007843018,49,43.1470794678,0.112354688346,123.691040039,-13.7190380096,14.575758934,0.0613614208996,0
1536693751482465016,59.96553056,carbonZ_2018-09-11-15-06-34_3_rudder_left_failure,rudder,0.759999990463,-400.043304443,5.04973220825,49,43.1470794678,0.112354688346,123.691040039,-14.0995550156,14.2479810715,0.0213290862739,0
1536693751523978296,60.00704384,carbonZ_2018-09-11-15-06-34_3_rudder_left_failure,rudder,0.759999990463,-400.043304443,5.04973220825,49,43.1470794678,0.112354688346,123.691040039,-14.3470087051,14.0231027603,0.0122019145638,0
1536693751578502872,60.061568416,carbonZ_2018-09-11-15-06-34_3_rudder_left_failure,rudder,0.759999990463,-400.043304443,5.04973220825,49,43.4115905762,0.684305429459,134.487533569,-14.704577446,13.6845149994,0.00314836995676,1
1536693751610825912,60.093891456,carbonZ_2018-09-11-15-06-34_3_rudder_left_failure,rudder,0.77999997139,-400.043304443,5.08099365234,49,43.4115905762,0.684305429459,134.487533569,-15.0613851547,13.3271579742,0.00906279683113,1
1536693751684157336,60.16722288,carbonZ_2018-09-11-15-06-34_3_rudder_left_failure,rudder,0.77999997139,-400.043304443,5.08099365234,49,43.4115905762,0.684305429459,134.487533569,-15.2982778549,13.0746870041,0.015511223115,1
1536693751707851928,60.190917472,carbonZ_2018-09-11-15-06-34_3_rudder_left_failure,rudder,0.789999961853,-396.486663818,5.10484313965,49,43.4115905762,0.684305429459,134.487533569,-15.2982778549,13.0746870041,0.015511223115,1
1536693751782418584,60.265484128,carbonZ_2018-09-11-15-06-34_3_rudder_left_failure,rudder,0.789999961853,-396.486663818,5.10484313965,49,43.4115905762,0.684305429459,134.487533569,-16.0229206085,12.1887683868,-0.0577768012881,1
1536693751803411352,60.286476896,carbonZ_2018-09-11-15-06-34_3_rudder_left_failure,rudder,0.810000002384,-396.486663818,5.12937545776,49,43.4115905762,0.684305429459,134.487533569,-16.0229206085,12.1887683868,-0.0577768012881,1
1536693751852627736,60.33569328,carbonZ_2018-09-11-15-06-34_3_rudder_left_failure,rudder,0.810000002384,-396.486663818,5.12937545776,49,42.8278770447,6.49983930588,136.76473999,-16.2045783997,11.9317579269,-0.143047064543,1
1536693751914633496,60.39769904,carbonZ_2018-09-11-15-06-34_3_rudder_left_failure,rudder,0.810000002384,-406.547729492,5.15470504761,49,42.8278770447,6.49983930588,136.76473999,-16.4321842194,11.5698814392,-0.314883947372,1
1536693751997260120,60.480325664,carbonZ_2018-09-11-15-06-34_3_rudder_left_failure,rudder,0.799999952316,-406.547729492,5.1862411499,49,42.8278770447,6.49983930588,136.76473999,-16.6175174713,11.1659622192,-0.605837225914,1
1536693752033030136,60.51609568,carbonZ_2018-09-11-15-06-34_3_rudder_left_failure,rudder,0.799999952316,-406.547729492,5.1862411499,49,42.8278770447,6.49983930588,136.76473999,-16.6581764221,10.9953556061,-0.757875025272,1
1536693752099074392,60.582139936,carbonZ_2018-09-11-15-06-34_3_rudder_left_failure,rudder,0.75,-394.728668213,5.25760269165,49,42.8278770447,6.49983930588,136.76473999,-16.6538391113,10.8025598526,-0.95762771368,1
1536693752126126360,60.609191904,carbonZ_2018-09-11-15-06-34_3_rudder_left_failure,rudder,0.75,-394.728668213,5.25760269165,49,42.8278770447,6.49983930588,136.76473999,-16.6069602966,10.7324380875,-1.04968369007,1
1536693752172727896,60.65579344,carbonZ_2018-09-11-15-06-34_3_rudder_left_failure,rudder,0.75,-394.728668213,5.25760269165,49,42.8278770447,6.49983930588,136.76473999,-16.5532951355,10.6793031693,-1.08898842335,1
1536693752206157944,60.689223488,carbonZ_2018-09-11-15-06-34_3_rudder_left_failure,rudder,0.639999985695,-394.728668213,5.38405227661,49,28.7417221069,10.697974205,126.53843689,-16.4871063232,10.6692342758,-1.08868825436,1
1536693752275644760,60.758710304,carbonZ_2018-09-11-15-06-34_3_rudder_left_failure,rudder,0.639999985695,-394.728668213,5.38405227661,49,28.7417221069,10.697974205,126.53843689,-16.337272644,10.7089309692,-0.985002994537,1
1536693752317510200,60.800575744,carbonZ_2018-09-11-15-06-34_3_rudder_left_failure,rudder,0.519999980927,-361.109558105,5.60963058472,49,28.7417221069,10.697974205,126.53843689,-16.2455673218,10.768404007,-0.853852927685,1
1536693752373889176,60.85695472,carbonZ_2018-09-11-15-06-34_3_rudder_left_failure,rudder,0.519999980927,-361.109558105,5.60963058472,49,28.7417221069,10.697974205,126.53843689,-16.0837135315,10.8590726852,-0.592779219151,1
1536693752407656536,60.89072208,carbonZ_2018-09-11-15-06-34_3_rudder_left_failure,rudder,0.399999976158,-361.109558105,5.95114517212,50,28.7417221069,10.697974205,126.53843689,-15.977853775,10.9668111801,-0.340993911028,1
1536693752459251064,60.942316608,carbonZ_2018-09-11-15-06-34_3_rudder_left_failure,rudder,0.399999976158,-361.109558105,5.95114517212,50,28.7417221069,10.697974205,126.53843689,-15.8679542542,11.0471792221,-0.0921539440751,1
1536693752494995512,60.978061056,carbonZ_2018-09-11-15-06-34_3_rudder_left_failure,rudder,0.319999992847,-334.547424316,6.39297103882,50,25.7684345245,-1.21947228909,126.408935547,-15.7740888596,11.1481676102,0.193823620677,1
1536693752530667576,61.01373312,carbonZ_2018-09-11-15-06-34_3_rudder_left_failure,rudder,0.319999992847,-334.547424316,6.39297103882,50,25.7684345245,-1.21947228909,126.408935547,-15.6183490753,11.2985048294,0.668595135212,1
1536693752593127416,61.07619296,carbonZ_2018-09-11-15-06-34_3_rudder_left_failure,rudder,0.310000002384,-334.547424316,6.96872711182,51,25.7684345245,-1.21947228909,126.408935547,-15.5352144241,11.3916530609,0.961828172207,1
1536693752658830936,61.14189648,carbonZ_2018-09-11-15-06-34_3_rudder_left_failure,rudder,0.310000002384,-334.547424316,6.96872711182,51,25.7684345245,-1.21947228909,126.408935547,-15.4500217438,11.5004224777,1.39655959606,1
1536693752699085432,61.182150976,carbonZ_2018-09-11-15-06-34_3_rudder_left_failure,rudder,0.389999985695,-330.007171631,7.64818954468,51,25.7684345245,-1.21947228909,126.408935547,-15.3447790146,11.6369800568,1.87516522408,1
1536693752728225304,61.211290848,carbonZ_2018-09-11-15-06-34_3_rudder_left_failure,rudder,0.389999985695,-330.007171631,7.64818954468,51,25.7684345245,-1.21947228909,126.408935547,-15.333445549,11.6609239578,1.99278819561,1
1536693752803748504,61.286814048,carbonZ_2018-09-11-15-06-34_3_rudder_left_failure,rudder,0.569999992847,-330.007171631,8.40908050537,52,25.7684345245,-1.21947228909,126.408935547,-15.2870149612,11.7609729767,2.3671901226,1
1536693752843957592,61.327023136,carbonZ_2018-09-11-15-06-34_3_rudder_left_failure,rudder,0.569999992847,-330.007171631,8.40908050537,52,25.7684345245,-1.21947228909,126.408935547,-15.2771100998,11.8082399368,2.55428171158,1
1536693752904822840,61.387888384,carbonZ_2018-09-11-15-06-34_3_rudder_left_failure,rudder,0.810000002384,-317.772674561,9.2486038208,53,27.3813819885,-9.34731674194,130.110900879,-15.2981481552,11.9133987427,2.96289992332,1
1536693752965271064,61.448336608,carbonZ_2018-09-11-15-06-34_3_rudder_left_failure,rudder,0.810000002384,-317.772674561,9.2486038208,53,27.3813819885,-9.34731674194,130.110900879,-15.3567657471,11.9540977478,3.13586235046,1
1536693752997426840,61.480492384,carbonZ_2018-09-11-15-06-34_3_rudder_left_failure,rudder,1.12999999523,-317.772674561,10.1513633728,54,27.3813819885,-9.34731674194,130.110900879,-15.3567657471,11.9540977478,3.13586235046,1
1536693753047916856,61.5309824,carbonZ_2018-09-11-15-06-34_3_rudder_left_failure,rudder,1.12999999523,-317.772674561,10.1513633728,54,27.3813819885,-9.34731674194,130.110900879,-15.397769928,12.0145835876,3.25756525993,1
1536693753108331640,61.591397184,carbonZ_2018-09-11-15-06-34_3_rudder_left_failure,rudder,1.45999991894,-340.255371094,11.1027755737,55,27.3813819885,-9.34731674194,130.110900879,-15.4619493484,12.0634689331,3.33781766891,1
1536693753163975736,61.64704128,carbonZ_2018-09-11-15-06-34_3_rudder_left_failure,rudder,1.45999991894,-340.255371094,11.1027755737,55,27.3813819885,-9.34731674194,130.110900879,-15.4874515533,12.1142911911,3.37276792526,1
1536693753238991064,61.722056608,carbonZ_2018-09-11-15-06-34_3_rudder_left_failure,rudder,1.81999993324,-340.255371094,12.1257553101,56,27.3813819885,-9.34731674194,130.110900879,-15.5772199631,12.1869707108,3.41395235062,1
1536693753285373848,61.768439392,carbonZ_2018-09-11-15-06-34_3_rudder_left_failure,rudder,2.18000006676,-355.60723877,13.1823577881,57,27.4399776459,-6.53692626953,126.415733337,-15.5983600616,12.2338047028,3.44346165657,1
1536693753321739832,61.804805376,carbonZ_2018-09-11-15-06-34_3_rudder_left_failure,rudder,2.18000006676,-355.60723877,13.1823577881,57,27.4399776459,-6.53692626953,126.415733337,-15.6148519516,12.2935276031,3.45781564713,1
1536693753355124024,61.838189568,carbonZ_2018-09-11-15-06-34_3_rudder_left_failure,rudder,2.18000006676,-355.60723877,13.1823577881,57,27.4399776459,-6.53692626953,126.415733337,-15.6462593079,12.3429355621,3.47343611717,1
1536693753404177592,61.887243136,carbonZ_2018-09-11-15-06-34_3_rudder_left_failure,rudder,2.53999996185,-355.60723877,14.2958183289,58,27.4399776459,-6.53692626953,126.415733337,-15.7007341385,12.4642820358,3.49049782753,1
1536693753463492184,61.946557728,carbonZ_2018-09-11-15-06-34_3_rudder_left_failure,rudder,2.53999996185,-355.60723877,14.2958183289,58,27.4399776459,-6.53692626953,126.415733337,-15.7122182846,12.4957227707,3.48976540565,1
1536693753506417016,61.98948256,carbonZ_2018-09-11-15-06-34_3_rudder_left_failure,rudder,2.89999985695,-370.023345947,15.4609107971,59,27.4399776459,-6.53692626953,126.415733337,-15.7438154221,12.6332788467,3.50778651237,1
1536693753581177720,62.064243264,carbonZ_2018-09-11-15-06-34_3_rudder_left_failure,rudder,3.26999998093,-370.023345947,16.7022285461,60,27.4399776459,-6.53692626953,126.415733337,-15.7543144226,12.7180175781,3.52383852005,1
1536693753632967544,62.116033088,carbonZ_2018-09-11-15-06-34_3_rudder_left_failure,rudder,3.26999998093,-370.023345947,16.7022285461,60,27.4399776459,-6.53692626953,126.415733337,-15.785733223,12.8336429596,3.51855564117,1
1536693753684019640,62.167085184,carbonZ_2018-09-11-15-06-34_3_rudder_left_failure,rudder,3.26999998093,-370.023345947,16.7022285461,60,25.7415924072,-6.90270757675,124.477165222,-15.7890815735,12.9143867493,3.55884575844,1
1536693753727434008,62.210499552,carbonZ_2018-09-11-15-06-34_3_rudder_left_failure,rudder,3.61999988556,-391.513824463,17.9767074585,62,25.7415924072,-6.90270757675,124.477165222,-15.8143110275,13.0436830521,3.56614518166,1
1536693753770936344,62.254001888,carbonZ_2018-09-11-15-06-34_3_rudder_left_failure,rudder,3.61999988556,-391.513824463,17.9767074585,62,25.7415924072,-6.90270757675,124.477165222,-15.8289995193,13.137714386,3.59909772873,1
1536693753800909304,62.283974848,carbonZ_2018-09-11-15-06-34_3_rudder_left_failure,rudder,3.98000001907,-391.513824463,19.3058319092,63,25.7415924072,-6.90270757675,124.477165222,-15.8289995193,13.137714386,3.59909772873,1
1536693753856793048,62.339858592,carbonZ_2018-09-11-15-06-34_3_rudder_left_failure,rudder,3.98000001907,-391.513824463,19.3058319092,63,25.7415924072,-6.90270757675,124.477165222,-15.8738517761,13.3162069321,3.67215442657,1
1536693753959243672,62.442309216,carbonZ_2018-09-11-15-06-34_3_rudder_left_failure,rudder,4.36000013351,-418.854705811,20.7234382629,64,25.7415924072,-6.90270757675,124.477165222,-15.9690799713,13.527182579,3.66718912125,1
1536693754041358008,62.524423552,carbonZ_2018-09-11-15-06-34_3_rudder_left_failure,rudder,4.75,-418.854705811,22.1648216248,66,26.3621997833,-7.35875272751,125.002708435,-16.0338783264,13.7086372375,3.64056754112,1
1536693754081641880,62.564707424,carbonZ_2018-09-11-15-06-34_3_rudder_left_failure,rudder,4.75,-418.854705811,22.1648216248,66,26.3621997833,-7.35875272751,125.002708435,-16.0922737122,13.8019733429,3.60207986832,1
1536693754128288504,62.611354048,carbonZ_2018-09-11-15-06-34_3_rudder_left_failure,rudder,5.13000011444,-452.608306885,23.6741218567,67,26.3621997833,-7.35875272751,125.002708435,-16.1789169312,13.910074234,3.51680064201,1
1536693754197862264,62.680927808,carbonZ_2018-09-11-15-06-34_3_rudder_left_failure,rudder,5.5,-452.608306885,25.2403068542,69,26.3621997833,-7.35875272751,125.002708435,-16.2650985718,14.0369176865,3.38942718506,1
1536693754221872312,62.704937856,carbonZ_2018-09-11-15-06-34_3_rudder_left_failure,rudder,5.5,-452.608306885,25.2403068542,69,26.3621997833,-7.35875272751,125.002708435,-16.3116130829,14.0703306198,3.33502840996,1
1536693754254599608,62.737665152,carbonZ_2018-09-11-15-06-34_3_rudder_left_failure,rudder,5.5,-452.608306885,25.2403068542,69,26.3621997833,-7.35875272751,125.002708435,-16.3583507538,14.160815239,3.23188018799,1
1536693754313042072,62.796107616,carbonZ_2018-09-11-15-06-34_3_rudder_left_failure,rudder,5.83999967575,-495.407867432,26.8450889587,70,26.3621997833,-7.35875272751,125.002708435,-16.4306030273,14.2747898102,3.11566901207,1
1536693754365144696,62.84821024,carbonZ_2018-09-11-15-06-34_3_rudder_left_failure,rudder,5.83999967575,-495.407867432,26.8450889587,70,26.3621997833,-7.35875272751,125.002708435,-16.495174408,14.3736095428,3.00102305412,1
1536693754416719480,62.899785024,carbonZ_2018-09-11-15-06-34_3_rudder_left_failure,rudder,6.17000007629,-495.407867432,28.5055503845,72,26.3621997833,-7.35875272751,125.002708435,-16.5667152405,14.4970092773,2.85064768791,1
1536693754483459576,62.96652512,carbonZ_2018-09-11-15-06-34_3_rudder_left_failure,rudder,6.17000007629,-495.407867432,28.5055503845,72,26.3621997833,-7.35875272751,125.002708435,-16.629699707,14.6119041443,2.70409584045,1
1536693754523894264,63.006959808,carbonZ_2018-09-11-15-06-34_3_rudder_left_failure,rudder,6.46999979019,-534.569152832,30.2106590271,74,24.9801387787,-3.66871023178,124.129302979,-16.6808757782,14.70753479,2.56980991364,1
1536693754543055672,63.026121216,carbonZ_2018-09-11-15-06-34_3_rudder_left_failure,rudder,6.46999979019,-534.569152832,30.2106590271,74,24.9801387787,-3.66871023178,124.129302979,-16.6808757782,14.70753479,2.56980991364,1
1536693754654251544,63.137317088,carbonZ_2018-09-11-15-06-34_3_rudder_left_failure,rudder,6.73999977112,-534.569152832,31.9383125305,76,24.9801387787,-3.66871023178,124.129302979,-16.8100185394,15.0072803497,2.17572283745,1
1536693754738432888,63.221498432,carbonZ_2018-09-11-15-06-34_3_rudder_left_failure,rudder,6.98999977112,-608.767700195,33.747341156,77,24.9801387787,-3.66871023178,124.129302979,-16.8773097992,15.1751022339,1.92526602745,1
1536693754765256312,63.248321856,carbonZ_2018-09-11-15-06-34_3_rudder_left_failure,rudder,7.21999979019,-608.767700195,35.5868186951,79,24.6292171478,-1.66290819645,123.000015259,-16.8949832916,15.2599153519,1.80629038811,1
1536693754809353624,63.292419168,carbonZ_2018-09-11-15-06-34_3_rudder_left_failure,rudder,7.21999979019,-608.767700195,35.5868186951,79,24.6292171478,-1.66290819645,123.000015259,-16.9299526215,15.3964624405,1.62579703331,1
1536693754884234424,63.367299968,carbonZ_2018-09-11-15-06-34_3_rudder_left_failure,rudder,7.21999979019,-608.767700195,35.5868186951,79,24.6292171478,-1.66290819645,123.000015259,-16.9314174652,15.4768333435,1.56487810612,1
1536693754905997048,63.389062592,carbonZ_2018-09-11-15-06-34_3_rudder_left_failure,rudder,7.40999984741,-604.922485352,37.4525184631,81,24.6292171478,-1.66290819645,123.000015259,-16.9217185974,15.572766304,1.495226264,1
1536693754977508888,63.460574432,carbonZ_2018-09-11-15-06-34_3_rudder_left_failure,rudder,7.40999984741,-604.922485352,37.4525184631,81,24.6292171478,-1.66290819645,123.000015259,-16.8945713043,15.7266349792,1.41735780239,1
1536693755015604408,63.498669952,carbonZ_2018-09-11-15-06-34_3_rudder_left_failure,rudder,7.57999992371,-604.922485352,39.3835945129,83,24.6292171478,-1.66290819645,123.000015259,-16.8869419098,15.8155059814,1.37567043304,1
1536693755057861176,63.54092672,carbonZ_2018-09-11-15-06-34_3_rudder_left_failure,rudder,7.57999992371,-604.922485352,39.3835945129,83,24.9086894989,-0.826954066753,122.026054382,-16.8874931335,15.897439003,1.35539674759,1
1536693755120290200,63.603355744,carbonZ_2018-09-11-15-06-34_3_rudder_left_failure,rudder,7.75,-625.733154297,41.3348731995,85,24.9086894989,-0.826954066753,122.026054382,-16.8409156799,16.1161746979,1.217187047,1
1536693755166477560,63.649543104,carbonZ_2018-09-11-15-06-34_3_rudder_left_failure,rudder,7.75,-625.733154297,41.3348731995,85,24.9086894989,-0.826954066753,122.026054382,-16.8409156799,16.1161746979,1.217187047,1
1536693755224130616,63.70719616,carbonZ_2018-09-11-15-06-34_3_rudder_left_failure,rudder,7.89999961853,-625.733154297,43.312335968,87,24.9086894989,-0.826954066753,122.026054382,-16.8345146179,16.2602996826,1.16569268703,1
1536693755259858968,63.742924512,carbonZ_2018-09-11-15-06-34_3_rudder_left_failure,rudder,7.89999961853,-625.733154297,43.312335968,87,24.9086894989,-0.826954066753,122.026054382,-16.8110599518,16.3025474548,1.17505049706,1
1536693755313382648,63.796448192,carbonZ_2018-09-11-15-06-34_3_rudder_left_failure,rudder,8.05000019073,-647.203857422,45.3203315735,89,24.9086894989,-0.826954066753,122.026054382,-16.7930393219,16.4100074768,1.12260091305,1
1536693755363124888,63.846190432,carbonZ_2018-09-11-15-06-34_3_rudder_left_failure,rudder,8.05000019073,-647.203857422,45.3203315735,89,24.9086894989,-0.826954066753,122.026054382,-16.7718982697,16.4704437256,1.09469211102,1
1536693755409384472,63.892450016,carbonZ_2018-09-11-15-06-34_3_rudder_left_failure,rudder,8.18999958038,-647.203857422,47.3235588074,91,25.6618404388,0.799291014671,121.455024719,-16.7842826843,16.5653839111,1.00981843472,1
1536693755455969848,63.939035392,carbonZ_2018-09-11-15-06-34_3_rudder_left_failure,rudder,8.18999958038,-647.203857422,47.3235588074,91,25.6618404388,0.799291014671,121.455024719,-16.771074295,16.6262741089,0.920788705349,1
1536693755492036472,63.975102016,carbonZ_2018-09-11-15-06-34_3_rudder_left_failure,rudder,8.31999969482,-670.862365723,49.3776283264,93,25.6618404388,0.799291014671,121.455024719,-16.7504520416,16.672794342,0.832293510437,1
1536693755525550136,64.00861568,carbonZ_2018-09-11-15-06-34_3_rudder_left_failure,rudder,8.31999969482,-670.862365723,49.3776283264,93,25.6618404388,0.799291014671,121.455024719,-16.7308120728,16.726228714,0.736978113651,1
1536693755572306136,64.05537168,carbonZ_2018-09-11-15-06-34_3_rudder_left_failure,rudder,8.31999969482,-670.862365723,49.3776283264,93,25.6618404388,0.799291014671,121.455024719,-16.7156715393,16.7786750793,0.688552081585,1
1536693755608041560,64.091107104,carbonZ_2018-09-11-15-06-34_3_rudder_left_failure,rudder,8.43999958038,-670.862365723,51.44739151,95,25.6618404388,0.799291014671,121.455024719,-16.7026729584,16.8382167816,0.590489268303,1
1536693755682065976,64.16513152,carbonZ_2018-09-11-15-06-34_3_rudder_left_failure,rudder,8.51999950409,-674.967407227,53.5433921814,97,25.6618404388,0.799291014671,121.455024719,-16.6638259888,16.8958015442,0.458918988705,1
1536693755715196792,64.198262336,carbonZ_2018-09-11-15-06-34_3_rudder_left_failure,rudder,8.51999950409,-674.967407227,53.5433921814,97,25.6618404388,0.799291014671,121.455024719,-16.6285400391,16.9367141724,0.399728655815,1
1536693755764564056,64.2476296,carbonZ_2018-09-11-15-06-34_3_rudder_left_failure,rudder,8.51999950409,-674.967407227,53.5433921814,97,25.6618404388,0.799291014671,121.455024719,-16.6096439362,16.9778404236,0.302597999573,1
1536693755799834360,64.282899904,carbonZ_2018-09-11-15-06-34_3_rudder_left_failure,rudder,8.59000015259,-674.967407227,55.6610450745,99,25.6618404388,0.799291014671,121.455024719,-16.5861816406,17.0120677948,0.202022179961,1
1536693755829752568,64.312818112,carbonZ_2018-09-11-15-06-34_3_rudder_left_failure,rudder,8.59000015259,-674.967407227,55.6610450745,99,26.3433704376,3.73734259605,120.035987854,-16.5780582428,17.0505428314,0.0881649777293,1
1536693755879739960,64.362805504,carbonZ_2018-09-11-15-06-34_3_rudder_left_failure,rudder,8.59000015259,-674.967407227,55.6610450745,99,26.3433704376,3.73734259605,120.035987854,-16.5477771759,17.0809726715,0.0446731895208,1
1536693755921782424,64.404847968,carbonZ_2018-09-11-15-06-34_3_rudder_left_failure,rudder,8.63000011444,-695.207763672,57.7596855164,101,26.3433704376,3.73734259605,120.035987854,-16.5040721893,17.1194419861,0.00624336116016,1
1536693755998354584,64.481420128,carbonZ_2018-09-11-15-06-34_3_rudder_left_failure,rudder,8.64999961853,-695.207763672,59.8703422546,103,26.3433704376,3.73734259605,120.035987854,-16.4155902863,17.2000045776,-0.0961539596319,1
1536693756047244888,64.530310432,carbonZ_2018-09-11-15-06-34_3_rudder_left_failure,rudder,8.64999961853,-695.207763672,59.8703422546,103,26.3433704376,3.73734259605,120.035987854,-16.3713512421,17.2727050781,-0.0843306407332,1
1536693756139183544,64.622249088,carbonZ_2018-09-11-15-06-34_3_rudder_left_failure,rudder,8.67000007629,-706.009277344,62.0119972229,106,26.3433704376,3.73734259605,120.035987854,-16.2732524872,17.3445911407,-0.158941552043,1
1536693756162808664,64.645874208,carbonZ_2018-09-11-15-06-34_3_rudder_left_failure,rudder,8.67000007629,-706.009277344,62.0119972229,106,28.0544204712,4.68106603622,119.658660889,-16.2341575623,17.3715724945,-0.188950717449,1
1536693756214567224,64.697632768,carbonZ_2018-09-11-15-06-34_3_rudder_left_failure,rudder,8.6799993515,-706.009277344,64.1522064209,108,28.0544204712,4.68106603622,119.658660889,-16.2034492493,17.405708313,-0.184866607189,1
1536693756251011640,64.734077184,carbonZ_2018-09-11-15-06-34_3_rudder_left_failure,rudder,8.6799993515,-706.009277344,64.1522064209,108,28.0544204712,4.68106603622,119.658660889,-16.1798934937,17.4448204041,-0.204526722431,1
1536693756316011032,64.799076576,carbonZ_2018-09-11-15-06-34_3_rudder_left_failure,rudder,8.68999958038,-701.093078613,66.318359375,110,28.0544204712,4.68106603622,119.658660889,-16.1360721588,17.4677410126,-0.28357937932,1
1536693756341027096,64.82409264,carbonZ_2018-09-11-15-06-34_3_rudder_left_failure,rudder,8.68999958038,-701.093078613,66.318359375,110,28.0544204712,4.68106603622,119.658660889,-16.1360721588,17.4677410126,-0.28357937932,1
1536693756414627320,64.897692864,carbonZ_2018-09-11-15-06-34_3_rudder_left_failure,rudder,8.68999958038,-701.093078613,68.4739685059,112,28.0544204712,4.68106603622,119.658660889,-16.0880527496,17.5062961578,-0.332023948431,1
1536693756499763384,64.982828928,carbonZ_2018-09-11-15-06-34_3_rudder_left_failure,rudder,8.68999958038,-710.437561035,70.6503601074,114,30.203912735,6.15440511703,119.824714661,-16.0586662292,17.5036468506,-0.480282396078,1
1536693756527165848,65.010231392,carbonZ_2018-09-11-15-06-34_3_rudder_left_failure,rudder,8.68999958038,-710.437561035,70.6503601074,114,30.203912735,6.15440511703,119.824714661,-16.058506012,17.5024757385,-0.51891130209,1
1536693756578447480,65.061513024,carbonZ_2018-09-11-15-06-34_3_rudder_left_failure,rudder,8.67000007629,-710.437561035,72.8161010742,116,30.203912735,6.15440511703,119.824714661,-16.0336723328,17.4812488556,-0.617472171783,1
1536693756618685080,65.101750624,carbonZ_2018-09-11-15-06-34_3_rudder_left_failure,rudder,8.67000007629,-710.437561035,72.8161010742,116,30.203912735,6.15440511703,119.824714661,-16.0321369171,17.4767189026,-0.708261489868,1
1536693756631163352,65.114228896,carbonZ_2018-09-11-15-06-34_3_rudder_left_failure,rudder,8.67000007629,-710.437561035,72.8161010742,116,30.203912735,6.15440511703,119.824714661,-16.0321369171,17.4767189026,-0.708261489868,1
1536693756733487672,65.216553216,carbonZ_2018-09-11-15-06-34_3_rudder_left_failure,rudder,8.63000011444,-714.382202148,74.9909820557,119,30.203912735,6.15440511703,119.824714661,-16.0077362061,17.4178409576,-0.903795719147,1
1536693756761911512,65.244977056,carbonZ_2018-09-11-15-06-34_3_rudder_left_failure,rudder,8.56999969482,-714.382202148,77.1581420898,121,30.203912735,6.15440511703,119.824714661,-16.0077362061,17.4178409576,-0.903795719147,1
1536693756827349944,65.310415488,carbonZ_2018-09-11-15-06-34_3_rudder_left_failure,rudder,8.56999969482,-714.382202148,77.1581420898,121,30.203912735,6.15440511703,119.824714661,-15.9586019516,17.3888072968,-1.03659057617,1
1536693756849276696,65.33234224,carbonZ_2018-09-11-15-06-34_3_rudder_left_failure,rudder,8.56999969482,-714.382202148,77.1581420898,121,31.5704212189,8.30879116058,119.530342102,-15.9293336868,17.3804111481,-1.06831562519,1
1536693756919230680,65.402296224,carbonZ_2018-09-11-15-06-34_3_rudder_left_failure,rudder,8.5,-710.281921387,79.3372344971,123,31.5704212189,8.30879116058,119.530342102,-15.9137639999,17.3440208435,-1.16687500477,1
1536693756968791768,65.451857312,carbonZ_2018-09-11-15-06-34_3_rudder_left_failure,rudder,8.5,-710.281921387,79.3372344971,123,31.5704212189,8.30879116058,119.530342102,-15.9144382477,17.2874259949,-1.33341908455,1
1536693757050727160,65.533792704,carbonZ_2018-09-11-15-06-34_3_rudder_left_failure,rudder,8.39999961853,-710.281921387,81.497253418,125,31.5704212189,8.30879116058,119.530342102,-15.9205284119,17.2102870941,-1.46221876144,1
1536693757135560376,65.61862592,carbonZ_2018-09-11-15-06-34_3_rudder_left_failure,rudder,8.28999996185,-709.694274902,83.6888427734,127,31.5704212189,8.30879116058,119.530342102,-15.9088973999,17.1118793488,-1.65051758289,1
1536693757153637816,65.63670336,carbonZ_2018-09-11-15-06-34_3_rudder_left_failure,rudder,8.28999996185,-709.694274902,83.6888427734,127,31.5704212189,8.30879116058,119.530342102,-15.9127855301,17.0979976654,-1.68904554844,1
1536693757203020632,65.686086176,carbonZ_2018-09-11-15-06-34_3_rudder_left_failure,rudder,8.15999984741,-709.694274902,85.8458862305,129,32.8038864136,10.1788024902,119.776298523,-15.8830537796,17.0462646484,-1.74266290665,1
1536693757244528248,65.727593792,carbonZ_2018-09-11-15-06-34_3_rudder_left_failure,rudder,8.15999984741,-709.694274902,85.8458862305,129,32.8038864136,10.1788024902,119.776298523,-15.8830537796,17.0462646484,-1.74266290665,1
1536693757338993784,65.822059328,carbonZ_2018-09-11-15-06-34_3_rudder_left_failure,rudder,8.01000022888,-702.390686035,87.9893798828,132,32.8038864136,10.1788024902,119.776298523,-15.8311605453,16.9655685425,-1.92383050919,1
1536693757404944760,65.888010304,carbonZ_2018-09-11-15-06-34_3_rudder_left_failure,rudder,7.83999967575,-702.390686035,90.1133728027,134,32.8038864136,10.1788024902,119.776298523,-15.7962665558,16.9180812836,-1.94882881641,1
1536693757417347064,65.900412608,carbonZ_2018-09-11-15-06-34_3_rudder_left_failure,rudder,7.83999967575,-702.390686035,90.1133728027,134,32.8038864136,10.1788024902,119.776298523,-15.8013477325,16.9011135101,-1.98504281044,1
1536693757489847640,65.972913184,carbonZ_2018-09-11-15-06-34_3_rudder_left_failure,rudder,7.66999959946,-684.264160156,92.2732543945,136,32.8038864136,10.1788024902,119.776298523,-15.7712955475,16.8223228455,-2.09946680069,1
1536693757536542392,66.019607936,carbonZ_2018-09-11-15-06-34_3_rudder_left_failure,rudder,7.66999959946,-684.264160156,92.2732543945,136,32.8038864136,10.1788024902,119.776298523,-15.7757482529,16.8035488129,-2.10233736038,1
1536693757549191448,66.032256992,carbonZ_2018-09-11-15-06-34_3_rudder_left_failure,rudder,7.66999959946,-684.264160156,92.2732543945,136,32.9576377869,11.3610954285,120.158790588,-15.7659111023,16.7593727112,-2.14565753937,1
1536693757608765848,66.091831392,carbonZ_2018-09-11-15-06-34_3_rudder_left_failure,rudder,7.48999977112,-684.264160156,94.4162445068,138,32.9576377869,11.3610954285,120.158790588,-15.7422428131,16.7058525085,-2.2468764782,1
1536693757649295736,66.13236128,carbonZ_2018-09-11-15-06-34_3_rudder_left_failure,rudder,7.48999977112,-684.264160156,94.4162445068,138,32.9576377869,11.3610954285,120.158790588,-15.7304935455,16.6698989868,-2.30096268654,1
1536693757747819672,66.230885216,carbonZ_2018-09-11-15-06-34_3_rudder_left_failure,rudder,7.28999996185,-670.143493652,96.5573120117,140,32.9576377869,11.3610954285,120.158790588,-15.6683483124,16.5672588348,-2.39685750008,1
1536693757806758648,66.289824192,carbonZ_2018-09-11-15-06-34_3_rudder_left_failure,rudder,7.07999992371,-670.143493652,98.6584625244,142,32.9576377869,11.3610954285,120.158790588,-15.6427087784,16.5072517395,-2.46898579597,1
1536693757853813976,66.33687952,carbonZ_2018-09-11-15-06-34_3_rudder_left_failure,rudder,7.07999992371,-670.143493652,98.6584625244,142,33.1967086792,12.3913888931,120.512611389,-15.6245670319,16.4837436676,-2.47731924057,1
1536693757936208856,66.4192744,carbonZ_2018-09-11-15-06-34_3_rudder_left_failure,rudder,6.85999965668,-651.029785156,100.79006958,144,33.1967086792,12.3913888931,120.512611389,-15.6037817001,16.4019184113,-2.59458827972,1
1536693757943304536,66.42637008,carbonZ_2018-09-11-15-06-34_3_rudder_left_failure,rudder,6.85999965668,-651.029785156,100.79006958,144,33.1967086792,12.3913888931,120.512611389,-15.6037817001,16.4019184113,-2.59458827972,1
1536693758039764440,66.522829984,carbonZ_2018-09-11-15-06-34_3_rudder_left_failure,rudder,6.6299996376,-651.029785156,102.90927124,146,33.1967086792,12.3913888931,120.512611389,-15.569601059,16.2861194611,-2.68252968788,1
1536693758078796568,66.561862112,carbonZ_2018-09-11-15-06-34_3_rudder_left_failure,rudder,6.6299996376,-651.029785156,102.90927124,146,33.1967086792,12.3913888931,120.512611389,-15.5606994629,16.2412185669,-2.74114274979,1
1536693758131552792,66.614618336,carbonZ_2018-09-11-15-06-34_3_rudder_left_failure,rudder,6.38999986649,-641.510742188,105.018432617,149,33.1967086792,12.3913888931,120.512611389,-15.5307559967,16.1634597778,-2.77075886726,1
1536693758156418616,66.63948416,carbonZ_2018-09-11-15-06-34_3_rudder_left_failure,rudder,6.38999986649,-641.510742188,105.018432617,149,33.1967086792,12.3913888931,120.512611389,-15.5471229553,16.1429576874,-2.77950716019,1
1536693758189835320,66.672900864,carbonZ_2018-09-11-15-06-34_3_rudder_left_failure,rudder,6.13999986649,-641.510742188,107.1277771,151,34.6122245789,13.7500066757,121.027084351,-15.5388011932,16.0930252075,-2.82482409477,1
1536693758274754520,66.757820064,carbonZ_2018-09-11-15-06-34_3_rudder_left_failure,rudder,5.8799996376,-625.01184082,109.239562988,153,34.6122245789,13.7500066757,121.027084351,-15.5375576019,15.9631376266,-2.93489313126,1
1536693758316130744,66.799196288,carbonZ_2018-09-11-15-06-34_3_rudder_left_failure,rudder,5.8799996376,-625.01184082,109.239562988,153,34.6122245789,13.7500066757,121.027084351,-15.5386343002,15.904753685,-2.96272325516,1
1536693758348798040,66.831863584,carbonZ_2018-09-11-15-06-34_3_rudder_left_failure,rudder,5.8799996376,-625.01184082,109.239562988,153,34.6122245789,13.7500066757,121.027084351,-15.5659971237,15.7843837738,-3.09042024612,1
1536693758398440472,66.881506016,carbonZ_2018-09-11-15-06-34_3_rudder_left_failure,rudder,5.59999990463,-625.01184082,111.318649292,155,34.6122245789,13.7500066757,121.027084351,-15.5748119354,15.7584629059,-3.12166166306,1
1536693758438946264,66.922011808,carbonZ_2018-09-11-15-06-34_3_rudder_left_failure,rudder,5.59999990463,-625.01184082,111.318649292,155,34.6122245789,13.7500066757,121.027084351,-15.5800695419,15.6900196075,-3.15770959854,1
1536693758506083384,66.989148928,carbonZ_2018-09-11-15-06-34_3_rudder_left_failure,rudder,5.30999994278,-599.258789062,113.410705566,157,34.6122245789,13.7500066757,121.027084351,-15.5227050781,15.5821275711,-3.24765920639,1
1536693758545515928,67.028581472,carbonZ_2018-09-11-15-06-34_3_rudder_left_failure,rudder,5.30999994278,-599.258789062,113.410705566,157,34.6122245789,13.7500066757,121.027084351,-15.5227050781,15.5821275711,-3.24765920639,1
1536693758579300024,67.062365568,carbonZ_2018-09-11-15-06-34_3_rudder_left_failure,rudder,5.00999975204,-599.258789062,115.451980591,159,34.6122245789,13.7500066757,121.027084351,-15.4599199295,15.5567522049,-3.18482732773,1
1536693758650224760,67.133290304,carbonZ_2018-09-11-15-06-34_3_rudder_left_failure,rudder,5.00999975204,-599.258789062,115.451980591,159,34.6122245789,13.7500066757,121.027084351,-15.4290485382,15.5118503571,-3.19199824333,1
1536693758697484440,67.180549984,carbonZ_2018-09-11-15-06-34_3_rudder_left_failure,rudder,4.71000003815,-583.723083496,117.521026611,161,34.6122245789,13.7500066757,121.027084351,-15.3888521194,15.4841680527,-3.1660284996,1
1536693758731539096,67.21460464,carbonZ_2018-09-11-15-06-34_3_rudder_left_failure,rudder,4.71000003815,-583.723083496,117.521026611,161,34.6122245789,13.7500066757,121.027084351,-15.3677206039,15.4700593948,-3.13577747345,1
1536693758793845400,67.276910944,carbonZ_2018-09-11-15-06-34_3_rudder_left_failure,rudder,4.42000007629,-583.723083496,119.579467773,163,35.9445343018,15.0008068085,121.853935242,-15.3460206985,15.4173030853,-3.15721035004,1
1536693758810704856,67.2937704,carbonZ_2018-09-11-15-06-34_3_rudder_left_failure,rudder,4.42000007629,-583.723083496,119.579467773,163,35.9445343018,15.0008068085,121.853935242,-15.3417301178,15.417714119,-3.14423346519,1
1536693758848827800,67.331893344,carbonZ_2018-09-11-15-06-34_3_rudder_left_failure,rudder,4.42000007629,-583.723083496,119.579467773,163,35.9445343018,15.0008068085,121.853935242,-15.3401861191,15.3778753281,-3.13859891891,1
1536693758945279576,67.42834512,carbonZ_2018-09-11-15-06-34_3_rudder_left_failure,rudder,4.13000011444,-572.595214844,121.641891479,165,35.9445343018,15.0008068085,121.853935242,-15.3054227829,15.323969841,-3.11214113235,1
1536693758960202360,67.443267904,carbonZ_2018-09-11-15-06-34_3_rudder_left_failure,rudder,4.13000011444,-572.595214844,121.641891479,165,35.9445343018,15.0008068085,121.853935242,-15.3115758896,15.3191757202,-3.09307551384,1
1536693759044689240,67.527754784,carbonZ_2018-09-11-15-06-34_3_rudder_left_failure,rudder,3.83999991417,-572.595214844,123.717224121,167,35.9445343018,15.0008068085,121.853935242,-15.3126058578,15.2442092896,-3.07268714905,1
1536693759062385656,67.5454512,carbonZ_2018-09-11-15-06-34_3_rudder_left_failure,rudder,3.83999991417,-572.595214844,123.717224121,167,35.9445343018,15.0008068085,121.853935242,-15.3141965866,15.2278013229,-3.09063100815,1
1536693759136501656,67.6195672,carbonZ_2018-09-11-15-06-34_3_rudder_left_failure,rudder,3.54999995232,-555.524230957,125.776107788,169,35.9445343018,15.0008068085,121.853935242,-15.3258991241,15.0970592499,-3.13213300705,1
1536693759162199928,67.645265472,carbonZ_2018-09-11-15-06-34_3_rudder_left_failure,rudder,3.54999995232,-555.524230957,125.776107788,169,36.5806159973,14.6554498672,123.240684509,-15.3333368301,15.0713796616,-3.14927268028,1
1536693759194179864,67.677245408,carbonZ_2018-09-11-15-06-34_3_rudder_left_failure,rudder,3.25999999046,-555.524230957,127.801940918,171,36.5806159973,14.6554498672,123.240684509,-15.3379011154,15.0171747208,-3.11605238914,1
1536693759236752568,67.719818112,carbonZ_2018-09-11-15-06-34_3_rudder_left_failure,rudder,3.25999999046,-555.524230957,127.801940918,171,36.5806159973,14.6554498672,123.240684509,-15.3340444565,14.9580831528,-3.15058279037,1
1536693759287102776,67.77016832,carbonZ_2018-09-11-15-06-34_3_rudder_left_failure,rudder,2.97000002861,-553.320495605,129.848052979,173,36.5806159973,14.6554498672,123.240684509,-15.3136806488,14.9037504196,-3.12208676338,1
1536693759337740728,67.820806272,carbonZ_2018-09-11-15-06-34_3_rudder_left_failure,rudder,2.97000002861,-553.320495605,129.848052979,173,36.5806159973,14.6554498672,123.240684509,-15.287984848,14.8923025131,-3.04365229607,1
1536693759394420152,67.877485696,carbonZ_2018-09-11-15-06-34_3_rudder_left_failure,rudder,2.69000005722,-553.320495605,131.888671875,175,36.5806159973,14.6554498672,123.240684509,-15.2640581131,14.8459682465,-3.00264406204,1
1536693759452032216,67.93509776,carbonZ_2018-09-11-15-06-34_3_rudder_left_failure,rudder,2.69000005722,-553.320495605,131.888671875,175,36.5806159973,14.6554498672,123.240684509,-15.2464513779,14.7962493896,-2.98202228546,1
1536693759562021848,68.045087392,carbonZ_2018-09-11-15-06-34_3_rudder_left_failure,rudder,2.41999983788,-535.12097168,133.923812866,178,36.5806159973,14.6554498672,123.240684509,-15.1866207123,14.7063207626,-2.88950061798,1
1536693759605303832,68.088369376,carbonZ_2018-09-11-15-06-34_3_rudder_left_failure,rudder,2.14999985695,-535.12097168,135.967926025,180,35.9054908752,14.0810966492,123.254890442,-15.1701908112,14.6980934143,-2.83655881882,1
1536693759644452568,68.127518112,carbonZ_2018-09-11-15-06-34_3_rudder_left_failure,rudder,2.14999985695,-535.12097168,135.967926025,180,35.9054908752,14.0810966492,123.254890442,-15.1217184067,14.6888656616,-2.74420452118,1
1536693759712649144,68.195714688,carbonZ_2018-09-11-15-06-34_3_rudder_left_failure,rudder,1.89999997616,-517.159851074,137.993484497,182,35.9054908752,14.0810966492,123.254890442,-15.0636816025,14.6658773422,-2.61040425301,1
1536693759753852888,68.236918432,carbonZ_2018-09-11-15-06-34_3_rudder_left_failure,rudder,1.89999997616,-517.159851074,137.993484497,182,35.9054908752,14.0810966492,123.254890442,-15.0649061203,14.6508083344,-2.53832983971,1
1536693759794041304,68.277106848,carbonZ_2018-09-11-15-06-34_3_rudder_left_failure,rudder,1.66999995708,-517.159851074,140.016418457,184,35.9054908752,14.0810966492,123.254890442,-15.0301656723,14.6349945068,-2.45546865463,1
1536693759820669880,68.303735424,carbonZ_2018-09-11-15-06-34_3_rudder_left_failure,rudder,1.66999995708,-517.159851074,140.016418457,184,35.9054908752,14.0810966492,123.254890442,-15.0301656723,14.6349945068,-2.45546865463,1
1536693759902400920,68.385466464,carbonZ_2018-09-11-15-06-34_3_rudder_left_failure,rudder,1.45999991894,-503.366271973,142.019088745,186,35.9054908752,14.0810966492,123.254890442,-14.9903659821,14.6032009125,-2.27675771713,1
1536693759926004792,68.409070336,carbonZ_2018-09-11-15-06-34_3_rudder_left_failure,rudder,1.45999991894,-503.366271973,142.019088745,186,35.3100471497,11.9592103958,123.887367249,-14.9913311005,14.586766243,-2.18749046326,1
1536693759998223928,68.481289472,carbonZ_2018-09-11-15-06-34_3_rudder_left_failure,rudder,1.26999998093,-503.366271973,144.031814575,188,35.3100471497,11.9592103958,123.887367249,-14.961596489,14.5611047745,-2.09079670906,1
1536693760051298392,68.534363936,carbonZ_2018-09-11-15-06-34_3_rudder_left_failure,rudder,1.26999998093,-503.366271973,144.031814575,188,35.3100471497,11.9592103958,123.887367249,-14.9672040939,14.5366125107,-2.00699162483,1
1536693760090424056,68.5734896,carbonZ_2018-09-11-15-06-34_3_rudder_left_failure,rudder,1.09000003338,-496.913146973,146.051651001,190,35.3100471497,11.9592103958,123.887367249,-14.939953804,14.518532753,-1.91405344009,1
1536693760172436536,68.65550208,carbonZ_2018-09-11-15-06-34_3_rudder_left_failure,rudder,1.09000003338,-496.913146973,146.051651001,190,35.3100471497,11.9592103958,123.887367249,-14.959608078,14.4544391632,-1.85288989544,1
1536693760205254712,68.688320256,carbonZ_2018-09-11-15-06-34_3_rudder_left_failure,rudder,0.930000007153,-496.913146973,148.065628052,192,35.3100471497,11.9592103958,123.887367249,-14.9428138733,14.4313621521,-1.77069854736,1
1536693760284882264,68.767947808,carbonZ_2018-09-11-15-06-34_3_rudder_left_failure,rudder,0.930000007153,-496.913146973,148.065628052,192,35.3100471497,11.9592103958,123.887367249,-14.9713850021,14.3586387634,-1.75664281845,1
1536693760318171608,68.801237152,carbonZ_2018-09-11-15-06-34_3_rudder_left_failure,rudder,0.77999997139,-487.260253906,150.073684692,194,35.3100471497,11.9592103958,123.887367249,-15.0117025375,14.2925682068,-1.79203188419,1
1536693760331041112,68.814106656,carbonZ_2018-09-11-15-06-34_3_rudder_left_failure,rudder,0.77999997139,-487.260253906,150.073684692,194,35.3100471497,11.9592103958,123.887367249,-15.0095767975,14.2710161209,-1.77815520763,1
1536693760406701432,68.889766976,carbonZ_2018-09-11-15-06-34_3_rudder_left_failure,rudder,0.629999995232,-487.260253906,152.094787598,196,35.3100471497,11.9592103958,123.887367249,-15.0279541016,14.1849050522,-1.78680419922,1
1536693760430859608,68.913925152,carbonZ_2018-09-11-15-06-34_3_rudder_left_failure,rudder,0.629999995232,-487.260253906,152.094787598,196,35.6846160889,10.5924949646,124.327827454,-15.0536193848,14.1350450516,-1.76988399029,1
1536693760537980760,69.021046304,carbonZ_2018-09-11-15-06-34_3_rudder_left_failure,rudder,0.469999998808,-470.63369751,154.063690186,198,35.6846160889,10.5924949646,124.327827454,-15.0544567108,14.0368976593,-1.72638392448,1
1536693760598451800,69.081517344,carbonZ_2018-09-11-15-06-34_3_rudder_left_failure,rudder,0.310000002384,-470.63369751,156.045700073,200,35.6846160889,10.5924949646,124.327827454,-15.0740003586,13.9892406464,-1.64936971664,1
1536693760640358424,69.123423968,carbonZ_2018-09-11-15-06-34_3_rudder_left_failure,rudder,0.310000002384,-470.63369751,156.045700073,200,35.6846160889,10.5924949646,124.327827454,-15.0848293304,13.9556684494,-1.63561964035,1
1536693760738687416,69.22175296,carbonZ_2018-09-11-15-06-34_3_rudder_left_failure,rudder,0.159999996424,-462.263305664,158.035018921,202,35.6846160889,10.5924949646,124.327827454,-15.0833377838,13.8727083206,-1.53150987625,1
