timestamp_ns,time_sec,flight_id,fault_type,alt_error,aspd_error,xtrack_error,wp_dist,nav_roll,nav_pitch,nav_yaw,nav_x,nav_y,nav_z,label_anomaly
1538769975610055040,0.0,carbonZ_2018-10-05-15-52-12_3_engine_failure_with_emr_traj,engine,-0.25,-837.250732422,-41.4353218079,2,-12.4737987518,0.862144172192,127.986785889,-11.1709976196,18.1506614685,-2.03865027428,0
1538769975632113248,0.022058208,carbonZ_2018-10-05-15-52-12_3_engine_failure_with_emr_traj,engine,-0.25,-837.250732422,-41.4353218079,2,-12.4737987518,0.862144172192,127.986785889,-10.9876527786,18.2523460388,-2.03936076164,0
1538769975675721536,0.065666496,carbonZ_2018-10-05-15-52-12_3_engine_failure_with_emr_traj,engine,-0.489999979734,-836.163146973,-39.2540054321,4,-12.4737987518,0.862144172192,127.986785889,-10.7809858322,18.3463401794,-2.07435488701,0
1538769975749605632,0.139550592,carbonZ_2018-10-05-15-52-12_3_engine_failure_with_emr_traj,engine,-0.489999979734,-836.163146973,-39.2540054321,4,-16.411151886,0.595242142677,120.483222961,-10.3872566223,18.4911079407,-2.07994437218,0
1538769975819069312,0.209014272,carbonZ_2018-10-05-15-52-12_3_engine_failure_with_emr_traj,engine,-0.719999969006,-836.163146973,-37.1198043823,6,-16.411151886,0.595242142677,120.483222961,-10.1294317245,18.5746231079,-1.9756103754,0
1538769975871060288,0.261005248,carbonZ_2018-10-05-15-52-12_3_engine_failure_with_emr_traj,engine,-0.719999969006,-836.163146973,-37.1198043823,6,-16.411151886,0.595242142677,120.483222961,-9.83408069611,18.6559829712,-1.97166287899,0
1538769975910546368,0.300491328,carbonZ_2018-10-05-15-52-12_3_engine_failure_with_emr_traj,engine,-0.939999997616,-833.173339844,-34.9393577576,9,-16.411151886,0.595242142677,120.483222961,-9.65961933136,18.6899909973,-1.90381777287,0
1538769975979790304,0.369735264,carbonZ_2018-10-05-15-52-12_3_engine_failure_with_emr_traj,engine,-0.939999997616,-833.173339844,-34.9393577576,9,-16.411151886,0.595242142677,120.483222961,-9.42930984497,18.7175369263,-1.74297678471,0
1538769976038250112,0.428195072,carbonZ_2018-10-05-15-52-12_3_engine_failure_with_emr_traj,engine,-1.14999997616,-833.173339844,-32.820526123,11,-16.411151886,0.595242142677,120.483222961,-9.22608089447,18.7243061066,-1.61606156826,0
1538769976083531936,0.473476896,carbonZ_2018-10-05-15-52-12_3_engine_failure_with_emr_traj,engine,-1.32999992371,-800.769592285,-30.7619132996,13,-8.2811384201,1.15334117413,120.816223145,-9.11295223236,18.711763382,-1.54576420784,0
1538769976134314880,0.52425984,carbonZ_2018-10-05-15-52-12_3_engine_failure_with_emr_traj,engine,-1.32999992371,-800.769592285,-30.7619132996,13,-8.2811384201,1.15334117413,120.816223145,-8.95284843445,18.6823272705,-1.48869943619,0
1538769976194052320,0.58399728,carbonZ_2018-10-05-15-52-12_3_engine_failure_with_emr_traj,engine,-1.51999998093,-800.769592285,-378.410400391,15,-8.2811384201,1.15334117413,120.816223145,-8.84555053711,18.6516494751,-1.48958718777,0
1538769976219736000,0.60968096,carbonZ_2018-10-05-15-52-12_3_engine_failure_with_emr_traj,engine,-1.51999998093,-800.769592285,-378.410400391,15,-8.2811384201,1.15334117413,120.816223145,-8.76798820496,18.609790802,-1.48582696915,0
1538769976269948736,0.659893696,carbonZ_2018-10-05-15-52-12_3_engine_failure_with_emr_traj,engine,-1.51999998093,-800.769592285,-378.410400391,15,-8.2811384201,1.15334117413,120.816223145,-8.62334156036,18.4952812195,-1.54246199131,0
1538769976308526304,0.698471264,carbonZ_2018-10-05-15-52-12_3_engine_failure_with_emr_traj,engine,-1.70999991894,-659.461608887,-380.303924561,17,-8.2811384201,1.15334117413,120.816223145,-8.58870029449,18.469171524,-1.54852259159,0
1538769976445739168,0.835684128,carbonZ_2018-10-05-15-52-12_3_engine_failure_with_emr_traj,engine,-1.91999995708,-659.461608887,-382.180541992,19,-8.2811384201,1.15334117413,120.816223145,-8.29749584198,18.3392333984,-1.60719156265,0
1538769976474894944,0.864839904,carbonZ_2018-10-05-15-52-12_3_engine_failure_with_emr_traj,engine,-1.91999995708,-659.461608887,-382.180541992,19,-10.6005496979,2.71812367439,120.567222595,-8.16029453278,18.3175430298,-1.60158920288,0
1538769976517718336,0.907663296,carbonZ_2018-10-05-15-52-12_3_engine_failure_with_emr_traj,engine,-2.14999985695,-622.777587891,-384.031829834,21,-10.6005496979,2.71812367439,120.567222595,-8.01442813873,18.3120956421,-1.57761192322,0
1538769976606159136,0.996104096,carbonZ_2018-10-05-15-52-12_3_engine_failure_with_emr_traj,engine,-2.37999987602,-622.777587891,-385.874603271,23,-10.6005496979,2.71812367439,120.567222595,-7.64817380905,18.3279361725,-1.57530105114,0
1538769976634837504,1.024782464,carbonZ_2018-10-05-15-52-12_3_engine_failure_with_emr_traj,engine,-2.37999987602,-622.777587891,-385.874603271,23,-10.6005496979,2.71812367439,120.567222595,-7.31933879852,18.3748683929,-1.59735834599,0
1538769976701924640,1.0918696,carbonZ_2018-10-05-15-52-12_3_engine_failure_with_emr_traj,engine,-2.61999988556,-571.700866699,-387.734344482,25,-10.6005496979,2.71812367439,120.567222595,-7.06462574005,18.4199352264,-1.62313461304,0
1538769976717879040,1.107824,carbonZ_2018-10-05-15-52-12_3_engine_failure_with_emr_traj,engine,-2.61999988556,-571.700866699,-387.734344482,25,-10.6005496979,2.71812367439,120.567222595,-6.93150663376,18.4468097687,-1.63648462296,0
1538769976800573280,1.19051824,carbonZ_2018-10-05-15-52-12_3_engine_failure_with_emr_traj,engine,-2.86999988556,-571.700866699,-389.585601807,27,-10.6005496979,2.71812367439,120.567222595,-6.36919403076,18.5736865997,-1.67396819592,0
1538769976830394880,1.22033984,carbonZ_2018-10-05-15-52-12_3_engine_failure_with_emr_traj,engine,-2.86999988556,-571.700866699,-389.585601807,27,-10.6005496979,2.71812367439,120.567222595,-6.22226953506,18.6097888947,-1.67783427238,0
1538769976887281632,1.277226592,carbonZ_2018-10-05-15-52-12_3_engine_failure_with_emr_traj,engine,-3.11999988556,-489.546966553,-391.470672607,29,-32.1873893738,2.85801529884,115.892166138,-5.48012542725,18.7947788239,-1.6285187006,0
1538769976938505856,1.328450816,carbonZ_2018-10-05-15-52-12_3_engine_failure_with_emr_traj,engine,-3.11999988556,-489.546966553,-391.470672607,29,-32.1873893738,2.85801529884,115.892166138,-5.48012542725,18.7947788239,-1.6285187006,0
1538769977012222656,1.402167616,carbonZ_2018-10-05-15-52-12_3_engine_failure_with_emr_traj,engine,-3.3599998951,-489.546966553,-393.372650146,31,-32.1873893738,2.85801529884,115.892166138,-4.94004774094,18.9269561768,-1.53024458885,0
1538769977039119136,1.429064096,carbonZ_2018-10-05-15-52-12_3_engine_failure_with_emr_traj,engine,-3.3599998951,-489.546966553,-393.372650146,31,-32.1873893738,2.85801529884,115.892166138,-4.81036281586,18.9604244232,-1.50544726849,0
1538769977070917920,1.46086288,carbonZ_2018-10-05-15-52-12_3_engine_failure_with_emr_traj,engine,-3.3599998951,-489.546966553,-393.372650146,31,-32.1873893738,2.85801529884,115.892166138,-4.42594432831,19.0533771515,-1.43599331379,0
1538769977107515456,1.497460416,carbonZ_2018-10-05-15-52-12_3_engine_failure_with_emr_traj,engine,-3.59999990463,-463.258361816,-395.299987793,33,-32.1873893738,2.85801529884,115.892166138,-4.03320646286,19.1400966644,-1.38505136967,0
1538769977211398816,1.601343776,carbonZ_2018-10-05-15-52-12_3_engine_failure_with_emr_traj,engine,-3.81999993324,-463.258361816,-397.244262695,35,-32.1873893738,2.85801529884,115.892166138,-3.51571249962,19.2425098419,-1.31207060814,0
1538769977302068128,1.692013088,carbonZ_2018-10-05-15-52-12_3_engine_failure_with_emr_traj,engine,-4.02999973297,-428.803649902,-399.205413818,37,-32.1873893738,2.85801529884,115.892166138,-2.98784470558,19.3422489166,-1.24379074574,0
1538769977319360352,1.709305312,carbonZ_2018-10-05-15-52-12_3_engine_failure_with_emr_traj,engine,-4.02999973297,-428.803649902,-399.205413818,37,-32.1873893738,2.85801529884,115.892166138,-2.72931647301,19.386724472,-1.19595336914,0
1538769977393141280,1.78308624,carbonZ_2018-10-05-15-52-12_3_engine_failure_with_emr_traj,engine,-4.02999973297,-428.803649902,-399.205413818,37,-32.1873893738,2.85801529884,115.892166138,-2.46868395805,19.4277496338,-1.14978301525,0
1538769977426797472,1.816742432,carbonZ_2018-10-05-15-52-12_3_engine_failure_with_emr_traj,engine,-4.23000001907,-428.803649902,-401.166564941,39,-38.8262825012,4.64394903183,111.964393616,-2.21584558487,19.4713478088,-1.09308314323,0
1538769977501598048,1.891543008,carbonZ_2018-10-05-15-52-12_3_engine_failure_with_emr_traj,engine,-4.42000007629,-418.007080078,-403.153106689,41,-38.8262825012,4.64394903183,111.964393616,-1.69281291962,19.5521030426,-0.979214191437,0
1538769977526941952,1.916886912,carbonZ_2018-10-05-15-52-12_3_engine_failure_with_emr_traj,engine,-4.42000007629,-418.007080078,-403.153106689,41,-38.8262825012,4.64394903183,111.964393616,-1.43045127392,19.588142395,-0.91463470459,0
1538769977595866944,1.985811904,carbonZ_2018-10-05-15-52-12_3_engine_failure_with_emr_traj,engine,-4.58999967575,-418.007080078,-405.13961792,43,-38.8262825012,4.64394903183,111.964393616,-1.04254341125,19.6402130127,-0.7933614254,0
1538769977629793216,2.019738176,carbonZ_2018-10-05-15-52-12_3_engine_failure_with_emr_traj,engine,-4.58999967575,-418.007080078,-405.13961792,43,-38.8262825012,4.64394903183,111.964393616,-0.794032633305,19.6739044189,-0.684818387032,0
1538769977667553664,2.057498624,carbonZ_2018-10-05-15-52-12_3_engine_failure_with_emr_traj,engine,-4.58999967575,-418.007080078,-405.13961792,43,-38.8262825012,4.64394903183,111.964393616,-0.410343468189,19.7186393738,-0.518728971481,0
1538769977719897760,2.10984272,carbonZ_2018-10-05-15-52-12_3_engine_failure_with_emr_traj,engine,-4.73999977112,-400.05569458,-407.143035889,45,-38.8262825012,4.64394903183,111.964393616,-0.285719275475,19.7300777435,-0.459239393473,0
1538769977839279776,2.229224736,carbonZ_2018-10-05-15-52-12_3_engine_failure_with_emr_traj,engine,-4.85999965668,-400.05569458,-409.146484375,47,-38.8262825012,4.64394903183,111.964393616,0.530457019806,19.818605423,-0.171354830265,0
1538769977889880160,2.27982512,carbonZ_2018-10-05-15-52-12_3_engine_failure_with_emr_traj,engine,-4.85999965668,-400.05569458,-409.146484375,47,-40.1943397522,0.456797301769,102.311317444,0.828647077084,19.8467769623,-0.104488313198,0
1538769977939530912,2.329475872,carbonZ_2018-10-05-15-52-12_3_engine_failure_with_emr_traj,engine,-4.96000003815,-409.051330566,-411.158325195,48,-40.1943397522,0.456797301769,102.311317444,1.25796544552,19.8747997284,0.00443252036348,0
1538769977990125472,2.380070432,carbonZ_2018-10-05-15-52-12_3_engine_failure_with_emr_traj,engine,-4.96000003815,-409.051330566,-411.158325195,48,-40.1943397522,0.456797301769,102.311317444,1.52434456348,19.8873958588,0.0965007245541,0
1538769978024237568,2.414182528,carbonZ_2018-10-05-15-52-12_3_engine_failure_with_emr_traj,engine,-5.03999996185,-409.051330566,-413.170227051,50,-40.1943397522,0.456797301769,102.311317444,1.92709612846,19.9090270996,0.226275339723,0
1538769978075382016,2.465326976,carbonZ_2018-10-05-15-52-12_3_engine_failure_with_emr_traj,engine,-5.03999996185,-409.051330566,-413.170227051,50,-40.1943397522,0.456797301769,102.311317444,2.17424702644,19.9169139862,0.319557964802,0
1538769978125730688,2.515675648,carbonZ_2018-10-05-15-52-12_3_engine_failure_with_emr_traj,engine,-5.08999967575,-413.833618164,-415.190551758,52,-40.1943397522,0.456797301769,102.311317444,2.57442212105,19.9272842407,0.435962349176,0
1538769978199052480,2.58899744,carbonZ_2018-10-05-15-52-12_3_engine_failure_with_emr_traj,engine,-5.10999965668,-413.833618164,-417.210906982,54,-41.3327941895,-0.545438170433,98.3810424805,2.98253059387,19.9335803986,0.558923125267,0
1538769978237243040,2.627188,carbonZ_2018-10-05-15-52-12_3_engine_failure_with_emr_traj,engine,-5.10999965668,-413.833618164,-417.210906982,54,-41.3327941895,-0.545438170433,98.3810424805,3.26038408279,19.9378547668,0.644434988499,0
1538769978268641408,2.658586368,carbonZ_2018-10-05-15-52-12_3_engine_failure_with_emr_traj,engine,-5.10999965668,-413.833618164,-417.210906982,54,-41.3327941895,-0.545438170433,98.3810424805,3.54026412964,19.9376602173,0.729801595211,0
1538769978339260832,2.729205792,carbonZ_2018-10-05-15-52-12_3_engine_failure_with_emr_traj,engine,-5.10999965668,-408.5027771,-419.231231689,56,-41.3327941895,-0.545438170433,98.3810424805,3.96794772148,19.937297821,0.844961106777,0
1538769978376577760,2.76652272,carbonZ_2018-10-05-15-52-12_3_engine_failure_with_emr_traj,engine,-5.10999965668,-408.5027771,-419.231231689,56,-41.3327941895,-0.545438170433,98.3810424805,4.24694108963,19.9291706085,0.935114204884,0
1538769978416266816,2.806211776,carbonZ_2018-10-05-15-52-12_3_engine_failure_with_emr_traj,engine,-5.09999990463,-408.5027771,-421.251556396,58,-41.3327941895,-0.545438170433,98.3810424805,4.5090470314,19.9182739258,1.03799438477,0
1538769978481911904,2.871856864,carbonZ_2018-10-05-15-52-12_3_engine_failure_with_emr_traj,engine,-5.09999990463,-408.5027771,-421.251556396,58,-41.3327941895,-0.545438170433,98.3810424805,4.90403223038,19.8939628601,1.19716978073,0
1538769978506472640,2.8964176,carbonZ_2018-10-05-15-52-12_3_engine_failure_with_emr_traj,engine,-5.05999994278,-396.955688477,-423.263397217,60,-41.3327941895,-0.545438170433,98.3810424805,5.16906738281,19.8765602112,1.29665744305,0
1538769978592398848,2.982343808,carbonZ_2018-10-05-15-52-12_3_engine_failure_with_emr_traj,engine,-5.05999994278,-396.955688477,-423.263397217,60,-43.0525283813,-2.29300427437,91.1814651489,5.59037828445,19.8429031372,1.42376422882,0
1538769978614930560,3.00487552,carbonZ_2018-10-05-15-52-12_3_engine_failure_with_emr_traj,engine,-4.98999977112,-396.955688477,-425.266815186,61,-43.0525283813,-2.29300427437,91.1814651489,5.59037828445,19.8429031372,1.42376422882,0
1538769978726997184,3.116942144,carbonZ_2018-10-05-15-52-12_3_engine_failure_with_emr_traj,engine,-4.90999984741,-425.585357666,-427.253356934,63,-43.0525283813,-2.29300427437,91.1814651489,6.49545764923,19.7539787292,1.74954617023,0
1538769978781106112,3.171051072,carbonZ_2018-10-05-15-52-12_3_engine_failure_with_emr_traj,engine,-4.90999984741,-425.585357666,-427.253356934,63,-43.0525283813,-2.29300427437,91.1814651489,6.9021396637,19.7015838623,1.87897741795,0
1538769978801176896,3.191121856,carbonZ_2018-10-05-15-52-12_3_engine_failure_with_emr_traj,engine,-4.78999996185,-425.585357666,-429.265228271,65,-43.0525283813,-2.29300427437,91.1814651489,7.02693080902,19.6862220764,1.92054355145,0
1538769978833460832,3.223405792,carbonZ_2018-10-05-15-52-12_3_engine_failure_with_emr_traj,engine,-4.78999996185,-425.585357666,-429.265228271,65,-43.0525283813,-2.29300427437,91.1814651489,7.32703876495,19.6442527771,1.98608028889,0
1538769978899007776,3.288952736,carbonZ_2018-10-05-15-52-12_3_engine_failure_with_emr_traj,engine,-4.65999984741,-421.778106689,-431.226409912,67,-42.1385650635,-3.45828008652,85.2251968384,7.79180431366,19.5767459869,2.06612181664,0
1538769978919753088,3.309698048,carbonZ_2018-10-05-15-52-12_3_engine_failure_with_emr_traj,engine,-4.65999984741,-421.778106689,-431.226409912,67,-42.1385650635,-3.45828008652,85.2251968384,7.95425844193,19.5527153015,2.08846139908,0
1538769979003579872,3.393524832,carbonZ_2018-10-05-15-52-12_3_engine_failure_with_emr_traj,engine,-4.50999975204,-421.778106689,-433.187561035,69,-42.1385650635,-3.45828008652,85.2251968384,8.59949398041,19.445186615,2.16502737999,0
1538769979038183360,3.42812832,carbonZ_2018-10-05-15-52-12_3_engine_failure_with_emr_traj,engine,-4.50999975204,-421.778106689,-433.187561035,69,-42.1385650635,-3.45828008652,85.2251968384,8.74736404419,19.4172534943,2.19197392464,0
1538769979096245344,3.486190304,carbonZ_2018-10-05-15-52-12_3_engine_failure_with_emr_traj,engine,-4.36000013351,-424.179840088,-435.140258789,71,-42.1385650635,-3.45828008652,85.2251968384,9.31411457062,19.2924537659,2.33677506447,0
1538769979120341056,3.510286016,carbonZ_2018-10-05-15-52-12_3_engine_failure_with_emr_traj,engine,-4.36000013351,-424.179840088,-435.140258789,71,-42.1385650635,-3.45828008652,85.2251968384,9.43572330475,19.2626094818,2.37678742409,0
1538769979156092608,3.546037568,carbonZ_2018-10-05-15-52-12_3_engine_failure_with_emr_traj,engine,-4.36000013351,-424.179840088,-435.140258789,71,-42.1385650635,-3.45828008652,85.2251968384,9.6856098175,19.1998195648,2.46159291267,0
1538769979202278848,3.592223808,carbonZ_2018-10-05-15-52-12_3_engine_failure_with_emr_traj,engine,-4.17999982834,-424.179840088,-437.076049805,72,-42.1385650635,-3.45828008652,85.2251968384,9.95320415497,19.1335391998,2.54207348824,0
1538769979252917312,3.642862272,carbonZ_2018-10-05-15-52-12_3_engine_failure_with_emr_traj,engine,-4.17999982834,-424.179840088,-437.076049805,72,-42.1385650635,-3.45828008652,85.2251968384,10.360666275,19.0231685638,2.63844347,0
1538769979339520992,3.729465952,carbonZ_2018-10-05-15-52-12_3_engine_failure_with_emr_traj,engine,-3.99000000954,-449.825866699,-438.986480713,74,-41.6406669617,-4.14693403244,77.1330947876,10.9088010788,18.8629608154,2.73465538025,0
1538769979358008416,3.747953376,carbonZ_2018-10-05-15-52-12_3_engine_failure_with_emr_traj,engine,-3.99000000954,-449.825866699,-438.986480713,74,-41.6406669617,-4.14693403244,77.1330947876,11.0502300262,18.819355011,2.75660324097,0
1538769979399414976,3.789359936,carbonZ_2018-10-05-15-52-12_3_engine_failure_with_emr_traj,engine,-3.77999997139,-456.828491211,-440.888458252,76,-41.6406669617,-4.14693403244,77.1330947876,11.3343038559,18.7298126221,2.78730583191,0
1538769979477288032,3.867232992,carbonZ_2018-10-05-15-52-12_3_engine_failure_with_emr_traj,engine,-3.56999993324,-456.828491211,-442.765106201,78,-41.6406669617,-4.14693403244,77.1330947876,12.0000276566,18.4959411621,2.88402748108,0
1538769979533822528,3.923767488,carbonZ_2018-10-05-15-52-12_3_engine_failure_with_emr_traj,engine,-3.56999993324,-456.828491211,-442.765106201,78,-41.6406669617,-4.14693403244,77.1330947876,12.4284124374,18.3347187042,2.94263935089,0
1538769979554006944,3.943951904,carbonZ_2018-10-05-15-52-12_3_engine_failure_with_emr_traj,engine,-3.56999993324,-456.828491211,-442.765106201,78,-41.6406669617,-4.14693403244,77.1330947876,12.4284124374,18.3347187042,2.94263935089,0
1538769979602873056,3.992818016,carbonZ_2018-10-05-15-52-12_3_engine_failure_with_emr_traj,engine,-3.33999991417,-456.828491211,-444.624847412,79,-41.6406669617,-4.14693403244,77.1330947876,12.7425403595,18.2136249542,2.94834017754,0
1538769979653468608,4.043413568,carbonZ_2018-10-05-15-52-12_3_engine_failure_with_emr_traj,engine,-3.33999991417,-456.828491211,-444.624847412,79,-41.6406669617,-4.14693403244,77.1330947876,13.2563915253,18.008441925,2.90623903275,0
1538769979681382080,4.07132704,carbonZ_2018-10-05-15-52-12_3_engine_failure_with_emr_traj,engine,-3.1099998951,-502.858917236,-446.442260742,81,-41.6406669617,-4.14693403244,77.1330947876,13.2563915253,18.008441925,2.90623903275,0
1538769979763864384,4.153809344,carbonZ_2018-10-05-15-52-12_3_engine_failure_with_emr_traj,engine,-3.1099998951,-502.858917236,-446.442260742,81,-42.3445625305,-5.48341655731,64.8349151611,14.1825752258,17.6098232269,2.77704167366,0
1538769979803153888,4.193098848,carbonZ_2018-10-05-15-52-12_3_engine_failure_with_emr_traj,engine,-2.88999986649,-502.858917236,-448.217163086,83,-42.3445625305,-5.48341655731,64.8349151611,14.5653076172,17.430809021,2.70627713203,0
1538769979901883296,4.291828256,carbonZ_2018-10-05-15-52-12_3_engine_failure_with_emr_traj,engine,-2.70000004768,-514.531311035,-449.95010376,85,-42.3445625305,-5.48341655731,64.8349151611,15.5304317474,16.9401817322,2.52503824234,0
1538769979952606720,4.34255168,carbonZ_2018-10-05-15-52-12_3_engine_failure_with_emr_traj,engine,-2.70000004768,-514.531311035,-449.95010376,85,-42.3445625305,-5.48341655731,64.8349151611,16.0976886749,16.6249027252,2.43795585632,0
1538769979979108704,4.369053664,carbonZ_2018-10-05-15-52-12_3_engine_failure_with_emr_traj,engine,-2.70000004768,-514.531311035,-449.95010376,85,-42.3445625305,-5.48341655731,64.8349151611,16.279630661,16.5192947388,2.41493391991,0
1538769980068924544,4.458869504,carbonZ_2018-10-05-15-52-12_3_engine_failure_with_emr_traj,engine,-2.32999992371,-489.339630127,-453.238311768,88,-42.3445625305,-5.48341655731,64.8349151611,17.1675052643,15.9622373581,2.33666324615,0
1538769980150328928,4.540273888,carbonZ_2018-10-05-15-52-12_3_engine_failure_with_emr_traj,engine,-2.32999992371,-489.339630127,-453.238311768,88,-45.1357307434,-5.63301372528,53.7473831177,17.6534175873,15.6276597977,2.3313498497,0
1538769980193348640,4.5832936,carbonZ_2018-10-05-15-52-12_3_engine_failure_with_emr_traj,engine,-2.14999985695,-489.339630127,-454.793670654,90,-45.1357307434,-5.63301372528,53.7473831177,18.181842804,15.2431030273,2.25917601585,0
1538769980225289376,4.615234336,carbonZ_2018-10-05-15-52-12_3_engine_failure_with_emr_traj,engine,-2.14999985695,-489.339630127,-454.793670654,90,-45.1357307434,-5.63301372528,53.7473831177,18.3481769562,15.1143169403,2.23741650581,0
1538769980299344384,4.689289344,carbonZ_2018-10-05-15-52-12_3_engine_failure_with_emr_traj,engine,-1.99000000954,-513.401428223,-456.264373779,91,-45.1357307434,-5.63301372528,53.7473831177,19.0065631866,14.5873651505,2.1287381649,0
1538769980444015648,4.833960608,carbonZ_2018-10-05-15-52-12_3_engine_failure_with_emr_traj,engine,-1.82999992371,-513.401428223,-457.692962646,93,-45.1357307434,-5.63301372528,53.7473831177,20.1103343964,13.5980558395,1.9268643856,0
1538769980476439136,4.866384096,carbonZ_2018-10-05-15-52-12_3_engine_failure_with_emr_traj,engine,-1.82999992371,-513.401428223,-457.692962646,93,-43.7418060303,-4.87041139603,44.3668632507,20.4052219391,13.3067932129,1.87475883961,0
1538769980509009088,4.898954048,carbonZ_2018-10-05-15-52-12_3_engine_failure_with_emr_traj,engine,-1.68999993801,-541.292358398,-459.037078857,94,-43.7418060303,-4.87041139603,44.3668632507,20.5484638214,13.1558876038,1.85349953175,0
1538769980568523840,4.9584688,carbonZ_2018-10-05-15-52-12_3_engine_failure_with_emr_traj,engine,-1.68999993801,-541.292358398,-459.037078857,94,-43.7418060303,-4.87041139603,44.3668632507,20.9849243164,12.6863603592,1.75938487053,0
1538769980632607808,5.022552768,carbonZ_2018-10-05-15-52-12_3_engine_failure_with_emr_traj,engine,-1.54999995232,-541.292358398,-460.313110352,96,-43.7418060303,-4.87041139603,44.3668632507,21.4071750641,12.1924705505,1.66554689407,0
1538769980654420192,5.044365152,carbonZ_2018-10-05-15-52-12_3_engine_failure_with_emr_traj,engine,-1.54999995232,-541.292358398,-460.313110352,96,-43.7418060303,-4.87041139603,44.3668632507,21.6805381775,11.8461465836,1.59688973427,0
1538769980690102688,5.080047648,carbonZ_2018-10-05-15-52-12_3_engine_failure_with_emr_traj,engine,-1.43999993801,-555.257019043,-461.479644775,97,-43.7418060303,-4.87041139603,44.3668632507,21.952381134,11.494342804,1.53419601917,0
1538769980747531456,5.137476416,carbonZ_2018-10-05-15-52-12_3_engine_failure_with_emr_traj,engine,-1.43999993801,-555.257019043,-461.479644775,97,-43.7418060303,-4.87041139603,44.3668632507,22.2098655701,11.1428804398,1.4912725687,0
1538769980782999968,5.172944928,carbonZ_2018-10-05-15-52-12_3_engine_failure_with_emr_traj,engine,-1.43999993801,-555.257019043,-461.479644775,97,-43.5607261658,-4.37840890884,34.8372268677,22.5761699677,10.5944747925,1.41087150574,0
1538769980814801312,5.204746272,carbonZ_2018-10-05-15-52-12_3_engine_failure_with_emr_traj,engine,-1.33999991417,-577.981750488,-462.578277588,99,-43.5607261658,-4.37840890884,34.8372268677,22.6875953674,10.4206857681,1.38619613647,0
1538769980902116576,5.292061536,carbonZ_2018-10-05-15-52-12_3_engine_failure_with_emr_traj,engine,-1.25999999046,-577.981750488,-463.575744629,100,-43.5607261658,-4.37840890884,34.8372268677,23.1292457581,9.69481563568,1.3133559227,0
1538769980927671520,5.31761648,carbonZ_2018-10-05-15-52-12_3_engine_failure_with_emr_traj,engine,-1.25999999046,-577.981750488,-463.575744629,100,-43.5607261658,-4.37840890884,34.8372268677,23.2437400818,9.49859237671,1.28533244133,0
1538769980981521600,5.37146656,carbonZ_2018-10-05-15-52-12_3_engine_failure_with_emr_traj,engine,-1.16999995708,-577.981750488,-464.48840332,101,-43.5607261658,-4.37840890884,34.8372268677,23.6475391388,8.75897121429,1.21676826477,0
1538769981077198688,5.467143648,carbonZ_2018-10-05-15-52-12_3_engine_failure_with_emr_traj,engine,-1.16999995708,-577.981750488,-464.48840332,101,-43.5607261658,-4.37840890884,34.8372268677,24.0011062622,8.01353740692,1.13299095631,0
1538769981110157504,5.500102464,carbonZ_2018-10-05-15-52-12_3_engine_failure_with_emr_traj,engine,-1.10000002384,-590.128723145,-465.29989624,103,-43.5607261658,-4.37840890884,34.8372268677,24.1511573792,7.6601896286,1.1018525362,0
1538769981180519840,5.5704648,carbonZ_2018-10-05-15-52-12_3_engine_failure_with_emr_traj,engine,-1.10000002384,-590.128723145,-465.29989624,103,-43.5607261658,-4.37840890884,34.8372268677,24.3921375275,7.09221744537,1.04813504219,0
1538769981225664000,5.61560896,carbonZ_2018-10-05-15-52-12_3_engine_failure_with_emr_traj,engine,-1.02999997139,-590.128723145,-466.026611328,104,-42.9701766968,-2.68603897095,22.3727359772,24.5353488922,6.68812799454,0.98548823595,0
1538769981274219424,5.664164384,carbonZ_2018-10-05-15-52-12_3_engine_failure_with_emr_traj,engine,-0.979999959469,-600.885009766,-466.643707275,105,-42.9701766968,-2.68603897095,22.3727359772,24.7366981506,6.09993028641,0.898630857468,0
1538769981300167360,5.69011232,carbonZ_2018-10-05-15-52-12_3_engine_failure_with_emr_traj,engine,-0.979999959469,-600.885009766,-466.643707275,105,-42.9701766968,-2.68603897095,22.3727359772,24.7366981506,6.09993028641,0.898630857468,0
1538769981367387456,5.757332416,carbonZ_2018-10-05-15-52-12_3_engine_failure_with_emr_traj,engine,-0.979999959469,-600.885009766,-466.643707275,105,-42.9701766968,-2.68603897095,22.3727359772,24.9506797791,5.37277269363,0.825883328915,0
1538769981427729440,5.8176744,carbonZ_2018-10-05-15-52-12_3_engine_failure_with_emr_traj,engine,-0.930000007153,-600.885009766,-467.176239014,106,-42.9701766968,-2.68603897095,22.3727359772,25.0834083557,4.82385730743,0.770888745785,0
1538769981453809088,5.843754048,carbonZ_2018-10-05-15-52-12_3_engine_failure_with_emr_traj,engine,-0.930000007153,-600.885009766,-467.176239014,106,-42.9701766968,-2.68603897095,22.3727359772,25.1639003754,4.47474193573,0.739752054214,0
1538769981504536064,5.894481024,carbonZ_2018-10-05-15-52-12_3_engine_failure_with_emr_traj,engine,-0.909999966621,-617.749755859,-467.615356445,107,-42.9701766968,-2.68603897095,22.3727359772,25.1639003754,4.47474193573,0.739752054214,0
1538769981591155840,5.9811008,carbonZ_2018-10-05-15-52-12_3_engine_failure_with_emr_traj,engine,-0.909999966621,-617.749755859,-467.615356445,107,-42.9701766968,-2.68603897095,22.3727359772,25.4074516296,3.27077269554,0.454672336578,0
1538769981613250912,6.003195872,carbonZ_2018-10-05-15-52-12_3_engine_failure_with_emr_traj,engine,-0.879999995232,-617.749755859,-467.978881836,109,-42.9701766968,-2.68603897095,22.3727359772,25.4530658722,2.88796162605,0.360755294561,0
1538769981662199040,6.052144,carbonZ_2018-10-05-15-52-12_3_engine_failure_with_emr_traj,engine,-0.879999995232,-617.749755859,-467.978881836,109,-42.9701766968,-2.68603897095,22.3727359772,25.4961128235,2.49026536942,0.272464752197,0
1538769981685935968,6.075880928,carbonZ_2018-10-05-15-52-12_3_engine_failure_with_emr_traj,engine,-0.889999985695,-619.813903809,-468.224029541,110,-42.9701766968,-2.68603897095,22.3727359772,25.4961128235,2.49026536942,0.272464752197,0
1538769981755344256,6.145289216,carbonZ_2018-10-05-15-52-12_3_engine_failure_with_emr_traj,engine,-0.889999985695,-619.813903809,-468.224029541,110,-41.6016807556,-0.839046001434,6.99976348877,25.5502243042,1.56242847443,0.194082692266,0
1538769981793767232,6.183712192,carbonZ_2018-10-05-15-52-12_3_engine_failure_with_emr_traj,engine,-0.899999976158,-619.813903809,-468.392791748,111,-41.6016807556,-0.839046001434,6.99976348877,25.5558700562,1.19494998455,0.191058710217,0
1538769981851391424,6.241336384,carbonZ_2018-10-05-15-52-12_3_engine_failure_with_emr_traj,engine,-0.899999976158,-619.813903809,-468.392791748,111,-41.6016807556,-0.839046001434,6.99976348877,25.5481185913,0.589650928974,0.139910444617,0
1538769981927729472,6.317674432,carbonZ_2018-10-05-15-52-12_3_engine_failure_with_emr_traj,engine,-0.930000007153,-621.133056641,-468.460418701,112,-41.6016807556,-0.839046001434,6.99976348877,25.5147075653,-0.25710517168,0.0921677201986,0
1538769982008266080,6.39821104,carbonZ_2018-10-05-15-52-12_3_engine_failure_with_emr_traj,engine,-0.959999978542,-621.133056641,-468.426116943,113,-41.6016807556,-0.839046001434,6.99976348877,25.4686050415,-0.866450607777,0.0903729274869,0
1538769982047015744,6.436960704,carbonZ_2018-10-05-15-52-12_3_engine_failure_with_emr_traj,engine,-0.959999978542,-621.133056641,-468.426116943,113,-41.6016807556,-0.839046001434,6.99976348877,25.3895015717,-1.49485373497,0.0581706613302,0
1538769982091674784,6.481619744,carbonZ_2018-10-05-15-52-12_3_engine_failure_with_emr_traj,engine,-0.989999949932,-582.969665527,-468.290863037,114,-41.6016807556,-0.839046001434,6.99976348877,25.3419113159,-1.87429893017,0.0462431721389,0
1538769982156364000,6.54630896,carbonZ_2018-10-05-15-52-12_3_engine_failure_with_emr_traj,engine,-0.989999949932,-582.969665527,-468.290863037,114,-41.6016807556,-0.839046001434,6.99976348877,25.2564163208,-2.40458774567,0.0657769367099,0
1538769982217851968,6.607796928,carbonZ_2018-10-05-15-52-12_3_engine_failure_with_emr_traj,engine,-1.0,-582.969665527,-468.062347412,114,-44.0423469543,0.0280707962811,-5.77115631104,25.1552524567,-2.93633794785,0.0858667567372,0
1538769982239089440,6.6290344,carbonZ_2018-10-05-15-52-12_3_engine_failure_with_emr_traj,engine,-1.0,-582.969665527,-468.062347412,114,-44.0423469543,0.0280707962811,-5.77115631104,25.1171360016,-3.12981963158,0.0792368203402,0
1538769982274008608,6.663953568,carbonZ_2018-10-05-15-52-12_3_engine_failure_with_emr_traj,engine,-1.0,-582.969665527,-468.062347412,114,-44.0423469543,0.0280707962811,-5.77115631104,25.0422954559,-3.50811004639,0.061924804002,0
1538769982314712896,6.704657856,carbonZ_2018-10-05-15-52-12_3_engine_failure_with_emr_traj,engine,-1.01999998093,-586.342041016,-467.732666016,115,-44.0423469543,0.0280707962811,-5.77115631104,24.9546871185,-3.88816761971,0.0486274063587,0
1538769982410522624,6.800467584,carbonZ_2018-10-05-15-52-12_3_engine_failure_with_emr_traj,engine,-1.01999998093,-586.342041016,-467.318145752,116,-44.0423469543,0.0280707962811,-5.77115631104,24.6305274963,-5.09845542908,-0.158932045102,0
1538769982499141920,6.88908688,carbonZ_2018-10-05-15-52-12_3_engine_failure_with_emr_traj,engine,-1.03999996185,-574.537109375,-466.802368164,117,-43.6060028076,0.658672809601,-13.6359357834,24.4424571991,-5.68258285522,-0.23046387732,0
1538769982513449920,6.90339488,carbonZ_2018-10-05-15-52-12_3_engine_failure_with_emr_traj,engine,-1.03999996185,-574.537109375,-466.802368164,117,-43.6060028076,0.658672809601,-13.6359357834,24.3823509216,-5.86343431473,-0.252066731453,0
1538769982588007328,6.977952288,carbonZ_2018-10-05-15-52-12_3_engine_failure_with_emr_traj,engine,-1.06999993324,-574.537109375,-466.193756104,117,-43.6060028076,0.658672809601,-13.6359357834,24.1093082428,-6.59714174271,-0.305015385151,0
1538769982628357504,7.018302464,carbonZ_2018-10-05-15-52-12_3_engine_failure_with_emr_traj,engine,-1.06999993324,-574.537109375,-466.193756104,117,-43.6060028076,0.658672809601,-13.6359357834,24.0382423401,-6.77128124237,-0.322869718075,0
1538769982662254752,7.052199712,carbonZ_2018-10-05-15-52-12_3_engine_failure_with_emr_traj,engine,-1.06999993324,-574.537109375,-466.193756104,117,-43.6060028076,0.658672809601,-13.6359357834,23.7927474976,-7.32985877991,-0.36486980319,0
1538769982747394816,7.137339776,carbonZ_2018-10-05-15-52-12_3_engine_failure_with_emr_traj,engine,-1.11000001431,-562.046020508,-465.491851807,118,-43.6060028076,0.658672809601,-13.6359357834,23.5351409912,-7.90562772751,-0.437750250101,0
1538769982783063168,7.173008128,carbonZ_2018-10-05-15-52-12_3_engine_failure_with_emr_traj,engine,-1.11000001431,-562.046020508,-465.491851807,118,-42.7760925293,0.218414396048,-22.8474884033,23.3552799225,-8.26574897766,-0.457849681377,0
1538769982822880928,7.212825888,carbonZ_2018-10-05-15-52-12_3_engine_failure_with_emr_traj,engine,-1.14999997616,-562.046020508,-464.69720459,119,-42.7760925293,0.218414396048,-22.8474884033,23.1666278839,-8.61081886292,-0.466198593378,0
1538769982864961792,7.254906752,carbonZ_2018-10-05-15-52-12_3_engine_failure_with_emr_traj,engine,-1.14999997616,-562.046020508,-464.69720459,119,-42.7760925293,0.218414396048,-22.8474884033,23.1666278839,-8.61081886292,-0.466198593378,0
1538769982951409728,7.341354688,carbonZ_2018-10-05-15-52-12_3_engine_failure_with_emr_traj,engine,-1.19999992847,-549.039428711,-463.809356689,119,-42.7760925293,0.218414396048,-22.8474884033,22.6936321259,-9.40925693512,-0.39370444417,0
1538769983010609184,7.400554144,carbonZ_2018-10-05-15-52-12_3_engine_failure_with_emr_traj,engine,-1.24000000954,-549.039428711,-462.853942871,120,-42.7760925293,0.218414396048,-22.8474884033,22.2904186249,-10.0392398834,-0.339311778545,0
1538769983025173184,7.415118144,carbonZ_2018-10-05-15-52-12_3_engine_failure_with_emr_traj,engine,-1.24000000954,-549.039428711,-462.853942871,120,-42.7760925293,0.218414396048,-22.8474884033,22.1756572723,-10.2078914642,-0.346370428801,0
1538769983103270400,7.49321536,carbonZ_2018-10-05-15-52-12_3_engine_failure_with_emr_traj,engine,-1.26999998093,-532.872009277,-461.805725098,120,-42.7760925293,0.218414396048,-22.8474884033,21.6971359253,-10.8943138123,-0.438440650702,0
1538769983117074560,7.50701952,carbonZ_2018-10-05-15-52-12_3_engine_failure_with_emr_traj,engine,-1.26999998093,-532.872009277,-461.805725098,120,-42.7760925293,0.218414396048,-22.8474884033,21.5789661407,-11.0516271591,-0.452225506306,0
1538769983177832032,7.567776992,carbonZ_2018-10-05-15-52-12_3_engine_failure_with_emr_traj,engine,-1.26999998093,-532.872009277,-461.805725098,120,-42.7760925293,0.218414396048,-22.8474884033,21.247303009,-11.4918451309,-0.446545094252,0
1538769983226176928,7.616121888,carbonZ_2018-10-05-15-52-12_3_engine_failure_with_emr_traj,engine,-1.30999994278,-532.872009277,-460.681488037,120,-42.0464897156,0.490900427103,-35.9374198914,21.0392875671,-11.7519016266,-0.399169802666,0
1538769983283102752,7.673047712,carbonZ_2018-10-05-15-52-12_3_engine_failure_with_emr_traj,engine,-1.30999994278,-532.872009277,-460.681488037,120,-42.0464897156,0.490900427103,-35.9374198914,20.6961479187,-12.1617498398,-0.377881586552,0
1538769983335229184,7.725174144,carbonZ_2018-10-05-15-52-12_3_engine_failure_with_emr_traj,engine,-1.32999992371,-522.142028809,-459.480804443,121,-42.0464897156,0.490900427103,-35.9374198914,20.3290061951,-12.5884819031,-0.442640900612,0
1538769983423269536,7.813214496,carbonZ_2018-10-05-15-52-12_3_engine_failure_with_emr_traj,engine,-1.36000001431,-522.142028809,-458.221130371,121,-42.0464897156,0.490900427103,-35.9374198914,19.8173122406,-13.1325359344,-0.520135104656,0
1538769983503374624,7.893319584,carbonZ_2018-10-05-15-52-12_3_engine_failure_with_emr_traj,engine,-1.39999997616,-507.008544922,-456.885528564,121,-42.0464897156,0.490900427103,-35.9374198914,19.359287262,-13.586016655,-0.517420351505,0
1538769983520734272,7.910679232,carbonZ_2018-10-05-15-52-12_3_engine_failure_with_emr_traj,engine,-1.39999997616,-507.008544922,-456.885528564,121,-42.0464897156,0.490900427103,-35.9374198914,19.2524662018,-13.6866865158,-0.498921513557,0
1538769983595693152,7.985638112,carbonZ_2018-10-05-15-52-12_3_engine_failure_with_emr_traj,engine,-1.42999994755,-507.008544922,-455.507629395,121,-42.0464897156,0.490900427103,-35.9374198914,18.8136234283,-14.0710353851,-0.40903916955,0
1538769983625670304,8.015615264,carbonZ_2018-10-05-15-52-12_3_engine_failure_with_emr_traj,engine,-1.42999994755,-507.008544922,-455.507629395,121,-42.0464897156,0.490900427103,-35.9374198914,18.6981010437,-14.1684932709,-0.401643484831,0
1538769983696410560,8.08635552,carbonZ_2018-10-05-15-52-12_3_engine_failure_with_emr_traj,engine,-1.45999991894,-500.93572998,-454.070098877,122,-35.9689750671,0.962699711323,-46.6851882935,18.2257728577,-14.5581941605,-0.368665874004,0
1538769983734486464,8.124431424,carbonZ_2018-10-05-15-52-12_3_engine_failure_with_emr_traj,engine,-1.45999991894,-500.93572998,-454.070098877,122,-35.9689750671,0.962699711323,-46.6851882935,17.9938030243,-14.7388973236,-0.354667633772,0
1538769983809517216,8.199462176,carbonZ_2018-10-05-15-52-12_3_engine_failure_with_emr_traj,engine,-1.48000001907,-500.93572998,-452.599243164,122,-35.9689750671,0.962699711323,-46.6851882935,17.6266994476,-15.0100021362,-0.347665429115,0
1538769983837818176,8.227763136,carbonZ_2018-10-05-15-52-12_3_engine_failure_with_emr_traj,engine,-1.48000001907,-500.93572998,-452.599243164,122,-35.9689750671,0.962699711323,-46.6851882935,17.5146141052,-15.0879487991,-0.339359492064,0
1538769983875424096,8.265369056,carbonZ_2018-10-05-15-52-12_3_engine_failure_with_emr_traj,engine,-1.48000001907,-500.93572998,-452.599243164,122,-35.9689750671,0.962699711323,-46.6851882935,17.1593341827,-15.3310451508,-0.312938094139,0
1538769983941309120,8.33125408,carbonZ_2018-10-05-15-52-12_3_engine_failure_with_emr_traj,engine,-1.48000001907,-483.799163818,-451.077514648,122,-35.9689750671,0.962699711323,-46.6851882935,16.8036460876,-15.5597887039,-0.307627856731,0
1538769983992729920,8.38267488,carbonZ_2018-10-05-15-52-12_3_engine_failure_with_emr_traj,engine,-1.49000000954,-483.799163818,-449.505249023,122,-33.1395568848,1.63613033295,-52.4012641907,16.5681419373,-15.7094459534,-0.329690694809,0
1538769984022263968,8.412208928,carbonZ_2018-10-05-15-52-12_3_engine_failure_with_emr_traj,engine,-1.49000000954,-483.799163818,-449.505249023,122,-33.1395568848,1.63613033295,-52.4012641907,16.3311634064,-15.8522853851,-0.359904170036,0
1538769984096191424,8.486136384,carbonZ_2018-10-05-15-52-12_3_engine_failure_with_emr_traj,engine,-1.5,-474.892425537,-447.907592773,122,-33.1395568848,1.63613033295,-52.4012641907,15.8537979126,-16.1242866516,-0.445006906986,0
1538769984109542208,8.499487168,carbonZ_2018-10-05-15-52-12_3_engine_failure_with_emr_traj,engine,-1.5,-474.892425537,-447.907592773,122,-33.1395568848,1.63613033295,-52.4012641907,15.8537979126,-16.1242866516,-0.445006906986,0
1538769984175789312,8.565734272,carbonZ_2018-10-05-15-52-12_3_engine_failure_with_emr_traj,engine,-1.5,-474.892425537,-447.907592773,122,-33.1395568848,1.63613033295,-52.4012641907,15.4332036972,-16.3439502716,-0.509766340256,0
1538769984233937248,8.623882208,carbonZ_2018-10-05-15-52-12_3_engine_failure_with_emr_traj,engine,-1.52999997139,-474.892425537,-446.301147461,122,-33.1395568848,1.63613033295,-52.4012641907,15.0165872574,-16.5336227417,-0.577547967434,0
1538769984303666368,8.693611328,carbonZ_2018-10-05-15-52-12_3_engine_failure_with_emr_traj,engine,-1.55999994278,-449.700561523,-444.644348145,122,-33.1395568848,1.63613033295,-52.4012641907,14.8240766525,-16.6159420013,-0.620031118393,0
1538769984320494080,8.71043904,carbonZ_2018-10-05-15-52-12_3_engine_failure_with_emr_traj,engine,-1.55999994278,-449.700561523,-444.644348145,122,-23.8399620056,2.54955005646,-57.9712371826,14.8240766525,-16.6159420013,-0.620031118393,0
1538769984377393792,8.767338752,carbonZ_2018-10-05-15-52-12_3_engine_failure_with_emr_traj,engine,-1.55999994278,-449.700561523,-444.644348145,122,-23.8399620056,2.54955005646,-57.9712371826,14.4729127884,-16.7528038025,-0.699450731277,0
1538769984438519232,8.828464192,carbonZ_2018-10-05-15-52-12_3_engine_failure_with_emr_traj,engine,-1.59999990463,-449.700561523,-442.979003906,122,-23.8399620056,2.54955005646,-57.9712371826,14.2220678329,-16.8402900696,-0.735125780106,0
1538769984469331168,8.859276128,carbonZ_2018-10-05-15-52-12_3_engine_failure_with_emr_traj,engine,-1.59999990463,-449.700561523,-442.979003906,122,-23.8399620056,2.54955005646,-57.9712371826,14.2220678329,-16.8402900696,-0.735125780106,0
1538769984512882080,8.90282704,carbonZ_2018-10-05-15-52-12_3_engine_failure_with_emr_traj,engine,-1.64999997616,-451.45300293,-441.288391113,122,-23.8399620056,2.54955005646,-57.9712371826,13.9168348312,-16.9325180054,-0.771509766579,0
1538769984596507776,8.986452736,carbonZ_2018-10-05-15-52-12_3_engine_failure_with_emr_traj,engine,-1.70999991894,-451.45300293,-439.589294434,122,-23.8399620056,2.54955005646,-57.9712371826,13.5850563049,-17.013715744,-0.842420220375,0
1538769984634756992,9.024701952,carbonZ_2018-10-05-15-52-12_3_engine_failure_with_emr_traj,engine,-1.70999991894,-451.45300293,-439.589294434,122,-23.8399620056,2.54955005646,-57.9712371826,13.5850563049,-17.013715744,-0.842420220375,0
1538769984656784448,9.046729408,carbonZ_2018-10-05-15-52-12_3_engine_failure_with_emr_traj,engine,-1.70999991894,-451.45300293,-439.589294434,122,-23.8399620056,2.54955005646,-57.9712371826,13.3879051208,-17.0544242859,-0.90738594532,0
1538769984714278688,9.104223648,carbonZ_2018-10-05-15-52-12_3_engine_failure_with_emr_traj,engine,-1.76999998093,-435.727294922,-437.864624023,122,-12.6963863373,2.73218655586,-62.9409370422,13.2688484192,-17.076084137,-0.949414610863,0
1538769984789058272,9.179003232,carbonZ_2018-10-05-15-52-12_3_engine_failure_with_emr_traj,engine,-1.84999990463,-435.727294922,-436.17401123,123,-12.6963863373,2.73218655586,-62.9409370422,13.0220842361,-17.1083774567,-1.01521444321,0
1538769984834626080,9.22457104,carbonZ_2018-10-05-15-52-12_3_engine_failure_with_emr_traj,engine,-1.84999990463,-435.727294922,-436.17401123,123,-12.6963863373,2.73218655586,-62.9409370422,13.0220842361,-17.1083774567,-1.01521444321,0
1538769984889699872,9.279644832,carbonZ_2018-10-05-15-52-12_3_engine_failure_with_emr_traj,engine,-1.93999993801,-418.661132812,-434.457733154,123,-12.6963863373,2.73218655586,-62.9409370422,12.8619890213,-17.1113491058,-1.07135415077,0
1538769984916007520,9.30595248,carbonZ_2018-10-05-15-52-12_3_engine_failure_with_emr_traj,engine,-1.93999993801,-418.661132812,-434.457733154,123,-12.6963863373,2.73218655586,-62.9409370422,12.8619890213,-17.1113491058,-1.07135415077,0
1538769985014848032,9.404792992,carbonZ_2018-10-05-15-52-12_3_engine_failure_with_emr_traj,engine,-2.03999996185,-418.661132812,-432.741760254,123,-12.6963863373,2.73218655586,-62.9409370422,12.6670427322,-17.0980567932,-1.17663419247,0
1538769985030133792,9.420078752,carbonZ_2018-10-05-15-52-12_3_engine_failure_with_emr_traj,engine,-2.03999996185,-418.661132812,-432.741760254,123,-12.6963863373,2.73218655586,-62.9409370422,12.6670427322,-17.0980567932,-1.17663419247,0
1538769985095675232,9.485620192,carbonZ_2018-10-05-15-52-12_3_engine_failure_with_emr_traj,engine,-2.14999985695,-403.024871826,-431.017303467,123,-12.6963863373,2.73218655586,-62.9409370422,12.569314003,-17.0761299133,-1.21085345745,0
1538769985144763872,9.534708832,carbonZ_2018-10-05-15-52-12_3_engine_failure_with_emr_traj,engine,-2.14999985695,-403.024871826,-431.017303467,123,-2.05958032608,2.48416113853,-65.4942626953,12.5324449539,-17.0632019043,-1.20514833927,0
1538769985199781856,9.589726816,carbonZ_2018-10-05-15-52-12_3_engine_failure_with_emr_traj,engine,-2.25999999046,-403.024871826,-429.30960083,123,-2.05958032608,2.48416113853,-65.4942626953,12.4888753891,-17.0386123657,-1.21102106571,0
1538769985219057920,9.60900288,carbonZ_2018-10-05-15-52-12_3_engine_failure_with_emr_traj,engine,-2.25999999046,-403.024871826,-429.30960083,123,-2.05958032608,2.48416113853,-65.4942626953,12.4758033752,-17.0275630951,-1.20793104172,0
1538769985274236960,9.66418192,carbonZ_2018-10-05-15-52-12_3_engine_failure_with_emr_traj,engine,-2.25999999046,-403.024871826,-429.30960083,123,-2.05958032608,2.48416113853,-65.4942626953,12.4494848251,-16.993019104,-1.20744860172,0
1538769985319022080,9.70896704,carbonZ_2018-10-05-15-52-12_3_engine_failure_with_emr_traj,engine,-2.36999988556,-380.576324463,-427.59362793,123,-2.05958032608,2.48416113853,-65.4942626953,12.4461011887,-16.9697399139,-1.20177304745,0
1538769985402394240,9.7923392,carbonZ_2018-10-05-15-52-12_3_engine_failure_with_emr_traj,engine,-2.49000000954,-380.576324463,-425.894256592,123,-2.05958032608,2.48416113853,-65.4942626953,12.4494609833,-16.9053077698,-1.21886920929,0
1538769985449976128,9.839921088,carbonZ_2018-10-05-15-52-12_3_engine_failure_with_emr_traj,engine,-2.49000000954,-380.576324463,-425.894256592,123,-2.05958032608,2.48416113853,-65.4942626953,12.4657888412,-16.8566188812,-1.20782780647,0
1538769985512812288,9.902757248,carbonZ_2018-10-05-15-52-12_3_engine_failure_with_emr_traj,engine,-2.6099998951,-356.227478027,-424.19519043,124,5.79726362228,1.96070694923,-65.1706008911,12.4874391556,-16.8186740875,-1.21170270443,0
1538769985545930592,9.935875552,carbonZ_2018-10-05-15-52-12_3_engine_failure_with_emr_traj,engine,-2.6099998951,-356.227478027,-424.19519043,124,5.79726362228,1.96070694923,-65.1706008911,12.5022449493,-16.7863025665,-1.19780087471,0
1538769985581389632,9.971334592,carbonZ_2018-10-05-15-52-12_3_engine_failure_with_emr_traj,engine,-2.6099998951,-356.227478027,-424.19519043,124,5.79726362228,1.96070694923,-65.1706008911,12.5254650116,-16.7546520233,-1.17560112476,0
1538769985619830528,10.009775488,carbonZ_2018-10-05-15-52-12_3_engine_failure_with_emr_traj,engine,-2.72000002861,-356.227478027,-422.513000488,124,5.79726362228,1.96070694923,-65.1706008911,12.5500297546,-16.7166233063,-1.16236925125,0
1538769985668882592,10.058827552,carbonZ_2018-10-05-15-52-12_3_engine_failure_with_emr_traj,engine,-2.72000002861,-356.227478027,-422.513000488,124,5.79726362228,1.96070694923,-65.1706008911,12.5814638138,-16.660484314,-1.15014910698,0
1538769985723306528,10.113251488,carbonZ_2018-10-05-15-52-12_3_engine_failure_with_emr_traj,engine,-2.82999992371,-335.75668335,-420.839172363,124,5.79726362228,1.96070694923,-65.1706008911,12.6101922989,-16.6268024445,-1.16474950314,0
1538769985788688704,10.178633664,carbonZ_2018-10-05-15-52-12_3_engine_failure_with_emr_traj,engine,-2.95000004768,-335.75668335,-419.17388916,125,5.79726362228,1.96070694923,-65.1706008911,12.6682338715,-16.5505027771,-1.18725681305,0
1538769985832751968,10.222696928,carbonZ_2018-10-05-15-52-12_3_engine_failure_with_emr_traj,engine,-2.95000004768,-335.75668335,-419.17388916,125,8.67737293243,1.22209107876,-65.2913894653,12.6980447769,-16.517780304,-1.16593551636,0
1538769985877243584,10.267188544,carbonZ_2018-10-05-15-52-12_3_engine_failure_with_emr_traj,engine,-2.95000004768,-335.75668335,-419.17388916,125,8.67737293243,1.22209107876,-65.2913894653,12.7305593491,-16.4798488617,-1.14300692081,0
1538769985909751968,10.299696928,carbonZ_2018-10-05-15-52-12_3_engine_failure_with_emr_traj,engine,-3.05999994278,-321.945770264,-417.518859863,125,8.67737293243,1.22209107876,-65.2913894653,12.7603807449,-16.44572258,-1.11102807522,0
1538769985997950496,10.387895456,carbonZ_2018-10-05-15-52-12_3_engine_failure_with_emr_traj,engine,-3.16999983788,-321.945770264,-415.870422363,126,8.67737293243,1.22209107876,-65.2913894653,12.8093271255,-16.3982219696,-1.05623018742,0
1538769986079392800,10.46933776,carbonZ_2018-10-05-15-52-12_3_engine_failure_with_emr_traj,engine,-3.26999998093,-305.798706055,-414.221954346,126,8.67737293243,1.22209107876,-65.2913894653,12.8669538498,-16.3215427399,-0.956566512585,0
1538769986157188608,10.547133568,carbonZ_2018-10-05-15-52-12_3_engine_failure_with_emr_traj,engine,-3.26999998093,-305.798706055,-414.221954346,126,8.67737293243,1.22209107876,-65.2913894653,12.914270401,-16.2663917542,-0.882830917835,0
1538769986195238240,10.5851832,carbonZ_2018-10-05-15-52-12_3_engine_failure_with_emr_traj,engine,-3.3599998951,-305.798706055,-412.702087402,127,8.67737293243,1.22209107876,-65.2913894653,12.9306383133,-16.2514724731,-0.87023806572,0
1538769986229745824,10.619690784,carbonZ_2018-10-05-15-52-12_3_engine_failure_with_emr_traj,engine,-3.3599998951,-305.798706055,-412.702087402,127,8.67737293243,1.22209107876,-65.2913894653,12.945813179,-16.2252941132,-0.836089372635,0
1538769986276408128,10.666353088,carbonZ_2018-10-05-15-52-12_3_engine_failure_with_emr_traj,engine,-3.3599998951,-305.798706055,-412.702087402,127,9.47748565674,-0.241855084896,-65.0030212402,12.9830055237,-16.1841411591,-0.781000852585,0
1538769986301225888,10.691170848,carbonZ_2018-10-05-15-52-12_3_engine_failure_with_emr_traj,engine,-3.4399998188,-298.460571289,-411.074279785,127,9.47748565674,-0.241855084896,-65.0030212402,13.0109958649,-16.1582946777,-0.726126730442,0
1538769986418572064,10.808517024,carbonZ_2018-10-05-15-52-12_3_engine_failure_with_emr_traj,engine,-3.50999999046,-298.460571289,-409.539306641,128,9.47748565674,-0.241855084896,-65.0030212402,13.0924606323,-16.09025383,-0.589550971985,0
1538769986503358016,10.893302976,carbonZ_2018-10-05-15-52-12_3_engine_failure_with_emr_traj,engine,-3.55999994278,-285.914794922,-407.923980713,129,9.47748565674,-0.241855084896,-65.0030212402,13.1560754776,-16.0368461609,-0.471082687378,0
1538769986525277440,10.9152224,carbonZ_2018-10-05-15-52-12_3_engine_failure_with_emr_traj,engine,-3.55999994278,-285.914794922,-407.923980713,129,9.47748565674,-0.241855084896,-65.0030212402,13.1768522263,-16.0254402161,-0.445247232914,0
1538769986585833568,10.975778528,carbonZ_2018-10-05-15-52-12_3_engine_failure_with_emr_traj,engine,-3.55999994278,-285.914794922,-407.923980713,129,9.47748565674,-0.241855084896,-65.0030212402,13.2347812653,-15.9863109589,-0.359260797501,0
1538769986635951168,11.025896128,carbonZ_2018-10-05-15-52-12_3_engine_failure_with_emr_traj,engine,-3.59999990463,-285.914794922,-406.308532715,129,10.8187637329,-1.83537173271,-63.5155487061,13.2903280258,-15.9469404221,-0.267313063145,0
1538769986670121344,11.060066304,carbonZ_2018-10-05-15-52-12_3_engine_failure_with_emr_traj,engine,-3.59999990463,-285.914794922,-406.308532715,129,10.8187637329,-1.83537173271,-63.5155487061,13.329834938,-15.9220972061,-0.205798313022,0
1538769986737844896,11.127789856,carbonZ_2018-10-05-15-52-12_3_engine_failure_with_emr_traj,engine,-3.61999988556,-279.420288086,-405.117889404,130,10.8187637329,-1.83537173271,-63.5155487061,13.3858976364,-15.8828001022,-0.124377086759,0
1538769986796096224,11.186041184,carbonZ_2018-10-05-15-52-12_3_engine_failure_with_emr_traj,engine,-3.61999988556,-279.420288086,-405.117889404,130,10.8187637329,-1.83537173271,-63.5155487061,13.429769516,-15.8624820709,-0.0754907280207,0
1538769986822954912,11.212899872,carbonZ_2018-10-05-15-52-12_3_engine_failure_with_emr_traj,engine,-3.62999987602,-278.420257568,-403.491821289,131,10.8187637329,-1.83537173271,-63.5155487061,13.4571228027,-15.8377952576,-0.0266809500754,0
1538769986875433184,11.265378144,carbonZ_2018-10-05-15-52-12_3_engine_failure_with_emr_traj,engine,-3.61999988556,-276.756866455,-402.044189453,132,10.8187637329,-1.83537173271,-63.5155487061,13.5201864243,-15.8017845154,0.0687257349491,0
1538769986913551488,11.303496448,carbonZ_2018-10-05-15-52-12_3_engine_failure_with_emr_traj,engine,-3.61999988556,-276.756866455,-402.044189453,132,10.7012271881,-2.91394996643,-63.3201293945,13.5366725922,-15.7977790833,0.0956385433674,0
1538769987005994272,11.395939232,carbonZ_2018-10-05-15-52-12_3_engine_failure_with_emr_traj,engine,-3.59999990463,-276.756866455,-400.525360107,133,10.7012271881,-2.91394996643,-63.3201293945,13.6043787003,-15.7692842484,0.107532642782,0
1538769987056206912,11.446151872,carbonZ_2018-10-05-15-52-12_3_engine_failure_with_emr_traj,engine,-3.59999990463,-276.756866455,-400.525360107,133,10.7012271881,-2.91394996643,-63.3201293945,13.6452703476,-15.746931076,0.0759565755725,0
1538769987101500000,11.49144496,carbonZ_2018-10-05-15-52-12_3_engine_failure_with_emr_traj,engine,-3.57999992371,-259.041992188,-398.875701904,133,10.7012271881,-2.91394996643,-63.3201293945,13.6743116379,-15.7368822098,0.0722623839974,0
1538769987115356032,11.505300992,carbonZ_2018-10-05-15-52-12_3_engine_failure_with_emr_traj,engine,-3.57999992371,-259.041992188,-398.875701904,133,10.7012271881,-2.91394996643,-63.3201293945,13.6902618408,-15.7296600342,0.0682924836874,0
1538769987184244960,11.57418992,carbonZ_2018-10-05-15-52-12_3_engine_failure_with_emr_traj,engine,-3.57999992371,-259.041992188,-398.875701904,133,10.7012271881,-2.91394996643,-63.3201293945,13.7308673859,-15.7156848907,0.0858767703176,0
1538769987221981312,11.611926272,carbonZ_2018-10-05-15-52-12_3_engine_failure_with_emr_traj,engine,-3.56999993324,-259.041992188,-396.943115234,134,10.7012271881,-2.91394996643,-63.3201293945,13.7520475388,-15.7003860474,0.0990791916847,0
1538769987273382624,11.663327584,carbonZ_2018-10-05-15-52-12_3_engine_failure_with_emr_traj,engine,-3.56999993324,-259.041992188,-396.943115234,134,10.7012271881,-2.91394996643,-63.3201293945,13.7945222855,-15.6839380264,0.129616945982,0
1538769987358894144,11.748839104,carbonZ_2018-10-05-15-52-12_3_engine_failure_with_emr_traj,engine,-3.54999995232,-265.680877686,-395.249420166,135,9.46855163574,-4.07901906967,-61.4054489136,13.8728961945,-15.6599388123,0.118638955057,0
1538769987395702784,11.785647744,carbonZ_2018-10-05-15-52-12_3_engine_failure_with_emr_traj,engine,-3.53999996185,-265.680877686,-393.02557373,136,9.46855163574,-4.07901906967,-61.4054489136,13.8978757858,-15.6531181335,0.113771781325,0
1538769987454696256,11.844641216,carbonZ_2018-10-05-15-52-12_3_engine_failure_with_emr_traj,engine,-3.53999996185,-265.680877686,-393.02557373,136,9.46855163574,-4.07901906967,-61.4054489136,13.9678544998,-15.6181249619,0.139825358987,0
1538769987501457280,11.89140224,carbonZ_2018-10-05-15-52-12_3_engine_failure_with_emr_traj,engine,-3.50999999046,-265.354736328,-391.302429199,137,9.46855163574,-4.07901906967,-61.4054489136,14.0115242004,-15.5972824097,0.146958932281,0
1538769987512597792,11.902542752,carbonZ_2018-10-05-15-52-12_3_engine_failure_with_emr_traj,engine,-3.50999999046,-265.354736328,-391.302429199,137,9.46855163574,-4.07901906967,-61.4054489136,14.0329084396,-15.591799736,0.153527960181,0
1538769987601752480,11.99169744,carbonZ_2018-10-05-15-52-12_3_engine_failure_with_emr_traj,engine,-3.49000000954,-265.354736328,-389.583099365,138,9.46855163574,-4.07901906967,-61.4054489136,14.1258239746,-15.545258522,0.196438476443,0
1538769987619238400,12.00918336,carbonZ_2018-10-05-15-52-12_3_engine_failure_with_emr_traj,engine,-3.49000000954,-265.354736328,-389.583099365,138,9.46855163574,-4.07901906967,-61.4054489136,14.1493701935,-15.5330476761,0.205326020718,0
1538769987668832832,12.058777792,carbonZ_2018-10-05-15-52-12_3_engine_failure_with_emr_traj,engine,-3.49000000954,-265.354736328,-389.583099365,138,12.5576629639,-4.4867105484,-59.0954437256,14.2333717346,-15.4852237701,0.206590920687,0
1538769987705571104,12.095516064,carbonZ_2018-10-05-15-52-12_3_engine_failure_with_emr_traj,engine,-3.46000003815,-267.392730713,-384.01260376,139,12.5576629639,-4.4867105484,-59.0954437256,14.3044080734,-15.4555339813,0.186930567026,0
1538769987762672576,12.152617536,carbonZ_2018-10-05-15-52-12_3_engine_failure_with_emr_traj,engine,-3.46000003815,-267.392730713,-384.01260376,139,12.5576629639,-4.4867105484,-59.0954437256,14.3828954697,-15.4178304672,0.146313592792,0
1538769987795912608,12.185857568,carbonZ_2018-10-05-15-52-12_3_engine_failure_with_emr_traj,engine,-3.4399998188,-267.392730713,-382.20135498,141,12.5576629639,-4.4867105484,-59.0954437256,14.4670467377,-15.3821678162,0.0870637521148,0
1538769987850160864,12.240105824,carbonZ_2018-10-05-15-52-12_3_engine_failure_with_emr_traj,engine,-3.4399998188,-267.392730713,-382.20135498,141,12.5576629639,-4.4867105484,-59.0954437256,14.5869312286,-15.3140392303,-0.0113280536607,0
1538769987908249632,12.298194592,carbonZ_2018-10-05-15-52-12_3_engine_failure_with_emr_traj,engine,-3.42999982834,-267.521484375,-375.524902344,142,12.5576629639,-4.4867105484,-59.0954437256,14.7015361786,-15.2538366318,-0.0534627065063,0
1538769987979599552,12.369544512,carbonZ_2018-10-05-15-52-12_3_engine_failure_with_emr_traj,engine,-3.42999982834,-267.521484375,-375.524902344,142,12.5576629639,-4.4867105484,-59.0954437256,14.8057746887,-15.1954393387,-0.0656307339668,0
1538769988055436352,12.445381312,carbonZ_2018-10-05-15-52-12_3_engine_failure_with_emr_traj,engine,-3.4399998188,-268.521484375,-373.660217285,143,12.5576629639,-4.4867105484,-59.0954437256,14.9182882309,-15.1021175385,0.00653519574553,0
1538769988140412064,12.530357024,carbonZ_2018-10-05-15-52-12_3_engine_failure_with_emr_traj,engine,-3.44999980927,-264.560882568,-371.814910889,144,19.0541324615,-4.29933023453,-56.9946174622,15.0359582901,-15.0198583603,0.107939474285,0
1538769988177525216,12.567470176,carbonZ_2018-10-05-15-52-12_3_engine_failure_with_emr_traj,engine,-3.44999980927,-264.560882568,-371.814910889,144,19.0541324615,-4.29933023453,-56.9946174622,15.0631027222,-15.0030508041,0.140759170055,0
1538769988209159040,12.599104,carbonZ_2018-10-05-15-52-12_3_engine_failure_with_emr_traj,engine,-3.4399998188,-264.560882568,-359.064453125,145,19.0541324615,-4.29933023453,-56.9946174622,15.1312904358,-14.9559679031,0.176913842559,0
1538769988258606112,12.648551072,carbonZ_2018-10-05-15-52-12_3_engine_failure_with_emr_traj,engine,-3.4399998188,-264.560882568,-359.064453125,145,19.0541324615,-4.29933023453,-56.9946174622,15.2312393188,-14.8719453812,0.201359525323,0
1538769988285707008,12.675651968,carbonZ_2018-10-05-15-52-12_3_engine_failure_with_emr_traj,engine,-3.41999983788,-259.641448975,-357.161346436,147,19.0541324615,-4.29933023453,-56.9946174622,15.3208580017,-14.8109226227,0.187168896198,0
1538769988349804576,12.739749536,carbonZ_2018-10-05-15-52-12_3_engine_failure_with_emr_traj,engine,-3.41999983788,-259.641448975,-357.161346436,147,19.0541324615,-4.29933023453,-56.9946174622,15.4630899429,-14.7121400833,0.151914134622,0
1538769988396069632,12.786014592,carbonZ_2018-10-05-15-52-12_3_engine_failure_with_emr_traj,engine,-3.39999985695,-259.641448975,124.427635193,148,19.0541324615,-4.29933023453,-56.9946174622,15.5684556961,-14.6380195618,0.122714102268,0
1538769988457211104,12.847156064,carbonZ_2018-10-05-15-52-12_3_engine_failure_with_emr_traj,engine,-3.39999985695,-259.641448975,124.427635193,148,19.0541324615,-4.29933023453,-56.9946174622,15.7173728943,-14.5165948868,0.0884438455105,0
1538769988537463648,12.927408608,carbonZ_2018-10-05-15-52-12_3_engine_failure_with_emr_traj,engine,-3.36999988556,-256.072418213,125.506774902,149,22.2238330841,-5.03532791138,-52.15858078,15.9638242722,-14.3358945847,0.0176098998636,0
1538769988616822240,13.0067672,carbonZ_2018-10-05-15-52-12_3_engine_failure_with_emr_traj,engine,-3.34999990463,-256.072418213,126.628952026,151,22.2238330841,-5.03532791138,-52.15858078,16.2020454407,-14.1359615326,0.0708979964256,0
1538769988682797024,13.072741984,carbonZ_2018-10-05-15-52-12_3_engine_failure_with_emr_traj,engine,-3.34999990463,-256.072418213,126.628952026,151,22.2238330841,-5.03532791138,-52.15858078,16.3136844635,-14.0263195038,0.124023847282,0
1538769988698606624,13.088551584,carbonZ_2018-10-05-15-52-12_3_engine_failure_with_emr_traj,engine,-3.32999992371,-253.618804932,127.774864197,152,22.2238330841,-5.03532791138,-52.15858078,16.4417209625,-13.916437149,0.17167288065,0
1538769988750780448,13.140725408,carbonZ_2018-10-05-15-52-12_3_engine_failure_with_emr_traj,engine,-3.32999992371,-253.618804932,127.774864197,152,22.2238330841,-5.03532791138,-52.15858078,16.6607246399,-13.7209997177,0.210834845901,0
1538769988797041536,13.186986496,carbonZ_2018-10-05-15-52-12_3_engine_failure_with_emr_traj,engine,-3.30999994278,-253.618804932,128.978897095,154,22.2238330841,-5.03532791138,-52.15858078,16.7910022736,-13.5950260162,0.271629542112,0
1538769988865042080,13.25498704,carbonZ_2018-10-05-15-52-12_3_engine_failure_with_emr_traj,engine,-3.30999994278,-253.618804932,128.978897095,154,22.2238330841,-5.03532791138,-52.15858078,16.9960155487,-13.3799448013,0.334657162428,0
1538769988891755104,13.281700064,carbonZ_2018-10-05-15-52-12_3_engine_failure_with_emr_traj,engine,-3.26999998093,-252.968215942,130.195907593,155,32.0901565552,-5.05122375488,-46.8928489685,17.1381530762,-13.2341890335,0.361664801836,0
1538769988958204672,13.348149632,carbonZ_2018-10-05-15-52-12_3_engine_failure_with_emr_traj,engine,-3.26999998093,-252.968215942,130.195907593,155,32.0901565552,-5.05122375488,-46.8928489685,17.3810844421,-13.0000286102,0.358459204435,0
1538769988985573856,13.375518816,carbonZ_2018-10-05-15-52-12_3_engine_failure_with_emr_traj,engine,-3.22000002861,-252.968215942,131.486129761,157,32.0901565552,-5.05122375488,-46.8928489685,17.5477581024,-12.8263788223,0.3383282125,0
1538769989062759136,13.452704096,carbonZ_2018-10-05-15-52-12_3_engine_failure_with_emr_traj,engine,-3.22000002861,-252.968215942,131.486129761,157,32.0901565552,-5.05122375488,-46.8928489685,17.9441070557,-12.3839206696,0.298818439245,0
1538769989108185472,13.498130432,carbonZ_2018-10-05-15-52-12_3_engine_failure_with_emr_traj,engine,-3.17999982834,-242.629241943,132.793624878,159,32.0901565552,-5.05122375488,-46.8928489685,17.9441070557,-12.3839206696,0.298818439245,0
1538769989183533120,13.57347808,carbonZ_2018-10-05-15-52-12_3_engine_failure_with_emr_traj,engine,-3.12999987602,-242.629241943,134.182937622,160,32.0901565552,-5.05122375488,-46.8928489685,18.2351646423,-12.0513629913,0.34014031291,0
1538769989218686080,13.60863104,carbonZ_2018-10-05-15-52-12_3_engine_failure_with_emr_traj,engine,-3.12999987602,-242.629241943,134.182937622,160,32.0901565552,-5.05122375488,-46.8928489685,18.3522396088,-11.8838319778,0.384782731533,0
1538769989256267200,13.64621216,carbonZ_2018-10-05-15-52-12_3_engine_failure_with_emr_traj,engine,-3.12999987602,-242.629241943,134.182937622,160,32.0901565552,-5.05122375488,-46.8928489685,18.4796295166,-11.7139539719,0.401981920004,0
1538769989310947360,13.70089232,carbonZ_2018-10-05-15-52-12_3_engine_failure_with_emr_traj,engine,-3.07999992371,-236.557952881,135.587402344,162,35.8638496399,-3.43619728088,-41.2236022949,18.7067508698,-11.4198408127,0.377427220345,0
1538769989379023328,13.768968288,carbonZ_2018-10-05-15-52-12_3_engine_failure_with_emr_traj,engine,-3.07999992371,-236.557952881,135.587402344,162,35.8638496399,-3.43619728088,-41.2236022949,18.9565582275,-11.1061763763,0.315792769194,0
1538769989402820512,13.792765472,carbonZ_2018-10-05-15-52-12_3_engine_failure_with_emr_traj,engine,-3.02999997139,-236.557952881,137.065063477,164,35.8638496399,-3.43619728088,-41.2236022949,19.0340328217,-10.9915504456,0.29031381011,0
1538769989431886240,13.8218312,carbonZ_2018-10-05-15-52-12_3_engine_failure_with_emr_traj,engine,-3.02999997139,-236.557952881,137.065063477,164,35.8638496399,-3.43619728088,-41.2236022949,19.1856098175,-10.7686262131,0.25840896368,0
1538769989474143520,13.86408848,carbonZ_2018-10-05-15-52-12_3_engine_failure_with_emr_traj,engine,-3.02999997139,-236.557952881,137.065063477,164,35.8638496399,-3.43619728088,-41.2236022949,19.3262672424,-10.5607433319,0.258901923895,0
1538769989508262528,13.898207488,carbonZ_2018-10-05-15-52-12_3_engine_failure_with_emr_traj,engine,-2.99000000954,-230.195236206,138.542785645,166,35.8638496399,-3.43619728088,-41.2236022949,19.4763698578,-10.3395910263,0.262628018856,0
1538769989599023360,13.98896832,carbonZ_2018-10-05-15-52-12_3_engine_failure_with_emr_traj,engine,-2.96000003815,-230.195236206,140.113128662,167,35.8638496399,-3.43619728088,-41.2236022949,19.8584518433,-9.7488861084,0.186765581369,0
1538769989627451616,14.017396576,carbonZ_2018-10-05-15-52-12_3_engine_failure_with_emr_traj,engine,-2.96000003815,-230.195236206,140.113128662,167,35.8638496399,-3.43619728088,-41.2236022949,19.8584518433,-9.7488861084,0.186765581369,0
1538769989675805472,14.065750432,carbonZ_2018-10-05-15-52-12_3_engine_failure_with_emr_traj,engine,-2.92999982834,-224.856384277,141.733001709,169,35.8638496399,-3.43619728088,-41.2236022949,20.136932373,-9.27333450317,0.137172326446,0
1538769989710472416,14.100417376,carbonZ_2018-10-05-15-52-12_3_engine_failure_with_emr_traj,engine,-2.92999982834,-224.856384277,141.733001709,169,35.8638496399,-3.43619728088,-41.2236022949,20.2116279602,-9.14956092834,0.121808208525,0
1538769989803954464,14.193899424,carbonZ_2018-10-05-15-52-12_3_engine_failure_with_emr_traj,engine,-2.91999983788,-224.856384277,143.391708374,171,37.2390670776,-3.15671110153,-31.8980941772,20.503950119,-8.63962268829,0.0606232993305,0
1538769989840388192,14.230333152,carbonZ_2018-10-05-15-52-12_3_engine_failure_with_emr_traj,engine,-2.91999983788,-224.856384277,143.391708374,171,37.2390670776,-3.15671110153,-31.8980941772,20.6264762878,-8.38700294495,0.0480561591685,0
1538769989896508192,14.286453152,carbonZ_2018-10-05-15-52-12_3_engine_failure_with_emr_traj,engine,-2.90999984741,-216.817474365,145.102157593,173,37.2390670776,-3.15671110153,-31.8980941772,20.8141422272,-8.00473499298,0.0498164817691,0
1538769989915926752,14.305871712,carbonZ_2018-10-05-15-52-12_3_engine_failure_with_emr_traj,engine,-2.90999984741,-216.817474365,145.102157593,173,37.2390670776,-3.15671110153,-31.8980941772,20.8715438843,-7.88435411453,0.0677481070161,0
1538769989983052704,14.372997664,carbonZ_2018-10-05-15-52-12_3_engine_failure_with_emr_traj,engine,-2.88999986649,-216.817474365,146.864273071,175,37.2390670776,-3.15671110153,-31.8980941772,21.0219478607,-7.56132984161,0.165391311049,0
1538769990017746688,14.407691648,carbonZ_2018-10-05-15-52-12_3_engine_failure_with_emr_traj,engine,-2.88999986649,-216.817474365,146.864273071,175,37.2390670776,-3.15671110153,-31.8980941772,21.0991916656,-7.33319473267,0.250221014023,0
1538769990096378048,14.486323008,carbonZ_2018-10-05-15-52-12_3_engine_failure_with_emr_traj,engine,-2.8599998951,-210.945892334,148.639404297,177,37.2390670776,-3.15671110153,-31.8980941772,21.2682132721,-6.8738527298,0.409820765257,0
1538769990114183008,14.504127968,carbonZ_2018-10-05-15-52-12_3_engine_failure_with_emr_traj,engine,-2.8599998951,-210.945892334,148.639404297,177,37.2390670776,-3.15671110153,-31.8980941772,21.3139572144,-6.75457763672,0.438748657703,0
1538769990173068640,14.5630136,carbonZ_2018-10-05-15-52-12_3_engine_failure_with_emr_traj,engine,-2.8599998951,-210.945892334,148.639404297,177,40.9249610901,-3.65986943245,-22.4834213257,21.4496269226,-6.40428209305,0.539923906326,0
1538769990224727616,14.614672576,carbonZ_2018-10-05-15-52-12_3_engine_failure_with_emr_traj,engine,-2.79999995232,-210.945892334,150.476989746,179,40.9249610901,-3.65986943245,-22.4834213257,21.5183010101,-6.15547609329,0.608019888401,0
1538769990251012160,14.64095712,carbonZ_2018-10-05-15-52-12_3_engine_failure_with_emr_traj,engine,-2.79999995232,-210.945892334,150.476989746,179,40.9249610901,-3.65986943245,-22.4834213257,21.5976295471,-5.8944568634,0.654548585415,0
1538769990322952256,14.712897216,carbonZ_2018-10-05-15-52-12_3_engine_failure_with_emr_traj,engine,-2.73000001907,-213.033477783,152.310333252,181,40.9249610901,-3.65986943245,-22.4834213257,21.7311668396,-5.48181009293,0.686285555363,0
1538769990379901248,14.769846208,carbonZ_2018-10-05-15-52-12_3_engine_failure_with_emr_traj,engine,-2.73000001907,-213.033477783,152.310333252,181,40.9249610901,-3.65986943245,-22.4834213257,21.8679504395,-5.05502128601,0.701471626759,0
1538769990417963200,14.80790816,carbonZ_2018-10-05-15-52-12_3_engine_failure_with_emr_traj,engine,-2.64999985695,-213.033477783,154.212615967,184,40.9249610901,-3.65986943245,-22.4834213257,21.9367370605,-4.7607293129,0.715488731861,0
1538769990449567200,14.83951216,carbonZ_2018-10-05-15-52-12_3_engine_failure_with_emr_traj,engine,-2.64999985695,-213.033477783,154.212615967,184,40.9249610901,-3.65986943245,-22.4834213257,22.000919342,-4.47327852249,0.731334269047,0
1538769990496656096,14.886601056,carbonZ_2018-10-05-15-52-12_3_engine_failure_with_emr_traj,engine,-2.56999993324,-215.511505127,156.114974976,186,41.4164733887,-3.11744999886,-15.247838974,22.0621204376,-4.19979715347,0.759769558907,0
1538769990602170720,14.99211568,carbonZ_2018-10-05-15-52-12_3_engine_failure_with_emr_traj,engine,-2.49000000954,-215.511505127,158.07119751,188,41.4164733887,-3.11744999886,-15.247838974,22.2172737122,-3.45887970924,0.768263757229,0
1538769990648505504,15.038450464,carbonZ_2018-10-05-15-52-12_3_engine_failure_with_emr_traj,engine,-2.49000000954,-215.511505127,158.07119751,188,41.4164733887,-3.11744999886,-15.247838974,22.2992553711,-2.86213088036,0.782156348228,0
1538769990710014496,15.099959456,carbonZ_2018-10-05-15-52-12_3_engine_failure_with_emr_traj,engine,-2.40999984741,-219.429595947,160.04473877,190,41.4164733887,-3.11744999886,-15.247838974,22.3371067047,-2.58144664764,0.797433257103,0
1538769990746855808,15.136800768,carbonZ_2018-10-05-15-52-12_3_engine_failure_with_emr_traj,engine,-2.40999984741,-219.429595947,160.04473877,190,41.4164733887,-3.11744999886,-15.247838974,22.3755474091,-2.29406118393,0.802758932114,0
1538769990801619168,15.191564128,carbonZ_2018-10-05-15-52-12_3_engine_failure_with_emr_traj,engine,-2.33999991417,-219.429595947,162.061355591,192,41.4164733887,-3.11744999886,-15.247838974,22.4068603516,-1.99819231033,0.804027080536,0
1538769990854514240,15.2444592,carbonZ_2018-10-05-15-52-12_3_engine_failure_with_emr_traj,engine,-2.33999991417,-219.429595947,162.061355591,192,42.3817367554,-2.38139224052,-7.38243913651,22.4468708038,-1.37996685505,0.784330368042,0
1538769990919186176,15.309131136,carbonZ_2018-10-05-15-52-12_3_engine_failure_with_emr_traj,engine,-2.25999999046,-205.862808228,164.080245972,194,42.3817367554,-2.38139224052,-7.38243913651,22.4674091339,-1.07385289669,0.775916278362,0
1538769990969728288,15.359673248,carbonZ_2018-10-05-15-52-12_3_engine_failure_with_emr_traj,engine,-2.25999999046,-205.862808228,164.080245972,194,42.3817367554,-2.38139224052,-7.38243913651,22.4846725464,-0.773118793964,0.769280672073,0
1538769990997665824,15.387610784,carbonZ_2018-10-05-15-52-12_3_engine_failure_with_emr_traj,engine,-2.18000006676,-205.862808228,166.157272339,196,42.3817367554,-2.38139224052,-7.38243913651,22.4948863983,-0.6218983531,0.770136892796,0
1538769991052178112,15.442123072,carbonZ_2018-10-05-15-52-12_3_engine_failure_with_emr_traj,engine,-2.18000006676,-205.862808228,166.157272339,196,42.3817367554,-2.38139224052,-7.38243913651,22.4892368317,0.0309199988842,0.763277769089,0
1538769991113150304,15.503095264,carbonZ_2018-10-05-15-52-12_3_engine_failure_with_emr_traj,engine,-2.1099998951,-202.612304688,168.215057373,198,42.3817367554,-2.38139224052,-7.38243913651,22.4893417358,0.525681257248,0.744453668594,0
1538769991146175904,15.536120864,carbonZ_2018-10-05-15-52-12_3_engine_failure_with_emr_traj,engine,-2.1099998951,-202.612304688,168.215057373,198,42.3817367554,-2.38139224052,-7.38243913651,22.482503891,0.864069521427,0.721118867397,0
1538769991196032768,15.585977728,carbonZ_2018-10-05-15-52-12_3_engine_failure_with_emr_traj,engine,-2.01999998093,-202.612304688,170.333145142,201,42.3817367554,-2.38139224052,-7.38243913651,22.4642372131,1.20113515854,0.70062661171,0
1538769991275536928,15.665481888,carbonZ_2018-10-05-15-52-12_3_engine_failure_with_emr_traj,engine,-2.01999998093,-202.612304688,170.333145142,201,42.265712738,-3.48091506958,4.57741498947,22.4024581909,1.9086959362,0.666872680187,0
1538769991310842720,15.70078768,carbonZ_2018-10-05-15-52-12_3_engine_failure_with_emr_traj,engine,-1.93999993801,-193.689544678,172.434127808,203,42.265712738,-3.48091506958,4.57741498947,22.3697738647,2.26069164276,0.647799670696,0
1538769991352656480,15.74260144,carbonZ_2018-10-05-15-52-12_3_engine_failure_with_emr_traj,engine,-1.93999993801,-193.689544678,172.434127808,203,42.265712738,-3.48091506958,4.57741498947,22.3317985535,2.6037633419,0.637340664864,0
1538769991420964160,15.81090912,carbonZ_2018-10-05-15-52-12_3_engine_failure_with_emr_traj,engine,-1.86000001431,-193.689544678,174.582519531,205,42.265712738,-3.48091506958,4.57741498947,22.2469234467,3.12356829643,0.591315507889,0
1538769991468471616,15.858416576,carbonZ_2018-10-05-15-52-12_3_engine_failure_with_emr_traj,engine,-1.86000001431,-193.689544678,174.582519531,205,42.265712738,-3.48091506958,4.57741498947,22.1499004364,3.67708444595,0.508329153061,0
1538769991538027200,15.92797216,carbonZ_2018-10-05-15-52-12_3_engine_failure_with_emr_traj,engine,-1.78999996185,-203.447723389,176.715942383,207,42.265712738,-3.48091506958,4.57741498947,22.052696228,4.22642278671,0.393295377493,0
1538769991595555872,15.985500832,carbonZ_2018-10-05-15-52-12_3_engine_failure_with_emr_traj,engine,-1.73000001907,-203.447723389,178.879577637,209,42.265712738,-3.48091506958,4.57741498947,21.9330539703,4.74988412857,0.292434900999,0
1538769991704206112,16.094151072,carbonZ_2018-10-05-15-52-12_3_engine_failure_with_emr_traj,engine,-1.68999993801,-205.163391113,181.026092529,211,42.265712738,-3.48091506958,4.57741498947,21.6704177856,5.66431474686,0.148402824998,0
1538769991744578112,16.134523072,carbonZ_2018-10-05-15-52-12_3_engine_failure_with_emr_traj,engine,-1.68999993801,-205.163391113,181.026092529,211,42.265712738,-3.48091506958,4.57741498947,21.432012558,6.38503408432,0.06096977368,0
1538769991769811680,16.15975664,carbonZ_2018-10-05-15-52-12_3_engine_failure_with_emr_traj,engine,-1.68999993801,-205.163391113,181.026092529,211,42.3332099915,-2.44901823997,19.8338718414,21.432012558,6.38503408432,0.06096977368,0
1538769991822985792,16.212930752,carbonZ_2018-10-05-15-52-12_3_engine_failure_with_emr_traj,engine,-1.64999997616,-205.163391113,183.192062378,213,42.3332099915,-2.44901823997,19.8338718414,21.2807826996,6.75360536575,0.0233731437474,0
1538769991855905984,16.245850944,carbonZ_2018-10-05-15-52-12_3_engine_failure_with_emr_traj,engine,-1.64999997616,-205.163391113,183.192062378,213,42.3332099915,-2.44901823997,19.8338718414,21.1245288849,7.11353635788,-0.0178773943335,0
1538769991920699424,16.310644384,carbonZ_2018-10-05-15-52-12_3_engine_failure_with_emr_traj,engine,-1.62999999523,-195.273971558,185.310775757,215,42.3332099915,-2.44901823997,19.8338718414,20.8726234436,7.68985366821,-0.10970466584,0
1538769991986560736,16.376505696,carbonZ_2018-10-05-15-52-12_3_engine_failure_with_emr_traj,engine,-1.62999999523,-195.273971558,185.310775757,215,42.3332099915,-2.44901823997,19.8338718414,20.6114253998,8.26053142548,-0.195722967386,0
1538769992003734816,16.393679776,carbonZ_2018-10-05-15-52-12_3_engine_failure_with_emr_traj,engine,-1.62000000477,-195.273971558,187.446777344,217,42.3332099915,-2.44901823997,19.8338718414,20.5079250336,8.44765281677,-0.23061196506,0
1538769992033656288,16.423601248,carbonZ_2018-10-05-15-52-12_3_engine_failure_with_emr_traj,engine,-1.62000000477,-195.273971558,187.446777344,217,42.3332099915,-2.44901823997,19.8338718414,20.2054538727,8.9868927002,-0.291982650757,0
1538769992108208032,16.498152992,carbonZ_2018-10-05-15-52-12_3_engine_failure_with_emr_traj,engine,-1.62000000477,-200.127029419,189.535522461,219,42.3332099915,-2.44901823997,19.8338718414,19.9033470154,9.49966716766,-0.337981343269,0
1538769992216684640,16.6066296,carbonZ_2018-10-05-15-52-12_3_engine_failure_with_emr_traj,engine,-1.63999998569,-200.127029419,191.622207642,221,45.4775543213,-0.603486299515,32.4478988647,19.3424606323,10.3770990372,-0.437012523413,0
1538769992300771296,16.690716256,carbonZ_2018-10-05-15-52-12_3_engine_failure_with_emr_traj,engine,-1.66999995708,-196.514511108,193.625030518,223,45.4775543213,-0.603486299515,32.4478988647,18.8612613678,11.0522518158,-0.528342306614,0
1538769992317966432,16.707911392,carbonZ_2018-10-05-15-52-12_3_engine_failure_with_emr_traj,engine,-1.66999995708,-196.514511108,193.625030518,223,45.4775543213,-0.603486299515,32.4478988647,18.7402114868,11.2145061493,-0.544797301292,0
1538769992370816256,16.760761216,carbonZ_2018-10-05-15-52-12_3_engine_failure_with_emr_traj,engine,-1.66999995708,-196.514511108,193.625030518,223,45.4775543213,-0.603486299515,32.4478988647,18.2351036072,11.8537578583,-0.663571834564,0
1538769992411043936,16.800988896,carbonZ_2018-10-05-15-52-12_3_engine_failure_with_emr_traj,engine,-1.69999992847,-196.514511108,195.634384155,224,45.4775543213,-0.603486299515,32.4478988647,18.0878944397,12.024646759,-0.711226403713,0
1538769992468355648,16.858300608,carbonZ_2018-10-05-15-52-12_3_engine_failure_with_emr_traj,engine,-1.69999992847,-196.514511108,195.634384155,224,45.4775543213,-0.603486299515,32.4478988647,17.681268692,12.4789552689,-0.843625128269,0
1538769992511785088,16.901730048,carbonZ_2018-10-05-15-52-12_3_engine_failure_with_emr_traj,engine,-1.75,-199.487304688,197.570632935,226,44.4300231934,0.951157510281,42.6694030762,17.4124469757,12.7541761398,-0.912553548813,0
1538769992580122592,16.970067552,carbonZ_2018-10-05-15-52-12_3_engine_failure_with_emr_traj,engine,-1.75,-199.487304688,197.570632935,226,44.4300231934,0.951157510281,42.6694030762,17.0382862091,13.128988266,-0.975794136524,0
1538769992613091328,17.003036288,carbonZ_2018-10-05-15-52-12_3_engine_failure_with_emr_traj,engine,-1.80999994278,-199.487304688,199.476806641,228,44.4300231934,0.951157510281,42.6694030762,16.7687740326,13.3641386032,-0.986896812916,0
1538769992687190880,17.07713584,carbonZ_2018-10-05-15-52-12_3_engine_failure_with_emr_traj,engine,-1.87000000477,-207.22064209,201.314163208,229,44.4300231934,0.951157510281,42.6694030762,16.2959499359,13.7624225616,-0.928569614887,0
1538769992734375776,17.124320736,carbonZ_2018-10-05-15-52-12_3_engine_failure_with_emr_traj,engine,-1.87000000477,-207.22064209,201.314163208,229,44.4300231934,0.951157510281,42.6694030762,15.9334535599,14.0522460938,-0.866483986378,0
1538769992793699904,17.183644864,carbonZ_2018-10-05-15-52-12_3_engine_failure_with_emr_traj,engine,-1.92999994755,-207.22064209,203.114944458,231,44.4300231934,0.951157510281,42.6694030762,15.6958780289,14.2395391464,-0.817224144936,0
1538769992838094400,17.22803936,carbonZ_2018-10-05-15-52-12_3_engine_failure_with_emr_traj,engine,-1.92999994755,-207.22064209,203.114944458,231,44.4300231934,0.951157510281,42.6694030762,15.5610332489,14.3285903931,-0.803214609623,0
1538769992868437280,17.25838224,carbonZ_2018-10-05-15-52-12_3_engine_failure_with_emr_traj,engine,-1.92999994755,-207.22064209,203.114944458,231,44.4300231934,0.951157510281,42.6694030762,15.3014917374,14.5023393631,-0.754251241684,0
1538769992907654048,17.297599008,carbonZ_2018-10-05-15-52-12_3_engine_failure_with_emr_traj,engine,-1.9699999094,-213.87387085,204.853378296,232,44.4300231934,0.951157510281,42.6694030762,15.0359802246,14.6824064255,-0.701126754284,0
1538769992954029408,17.343974368,carbonZ_2018-10-05-15-52-12_3_engine_failure_with_emr_traj,engine,-1.9699999094,-213.87387085,204.853378296,232,44.8254547119,-1.32706856728,55.3620758057,14.6395511627,14.9399442673,-0.631644904613,0
1538769992996117216,17.386062176,carbonZ_2018-10-05-15-52-12_3_engine_failure_with_emr_traj,engine,-2.00999999046,-213.87387085,206.583236694,234,44.8254547119,-1.32706856728,55.3620758057,14.3514194489,15.1159200668,-0.607004165649,0
1538769993050149792,17.440094752,carbonZ_2018-10-05-15-52-12_3_engine_failure_with_emr_traj,engine,-2.00999999046,-213.87387085,206.583236694,234,44.8254547119,-1.32706856728,55.3620758057,13.872048378,15.3994436264,-0.592237830162,0
1538769993093216256,17.483161216,carbonZ_2018-10-05-15-52-12_3_engine_failure_with_emr_traj,engine,-2.01999998093,-203.567321777,208.190429688,235,44.8254547119,-1.32706856728,55.3620758057,13.5445699692,15.5857648849,-0.604863584042,0
1538769993179840384,17.569785344,carbonZ_2018-10-05-15-52-12_3_engine_failure_with_emr_traj,engine,-2.01999998093,-203.567321777,208.190429688,235,44.8254547119,-1.32706856728,55.3620758057,12.8325567245,15.9627761841,-0.668437242508,0
1538769993225216064,17.615161024,carbonZ_2018-10-05-15-52-12_3_engine_failure_with_emr_traj,engine,-2.03999996185,-203.567321777,209.789077759,236,44.8254547119,-1.32706856728,55.3620758057,12.4632854462,16.1375770569,-0.673661351204,0
1538769993259494112,17.649439072,carbonZ_2018-10-05-15-52-12_3_engine_failure_with_emr_traj,engine,-2.03999996185,-203.567321777,209.789077759,236,42.680973053,-1.81999289989,66.3730621338,12.0113201141,16.3380680084,-0.788047254086,0
1538769993321201920,17.71114688,carbonZ_2018-10-05-15-52-12_3_engine_failure_with_emr_traj,engine,-2.05999994278,-200.710479736,211.271514893,238,42.680973053,-1.81999289989,66.3730621338,11.3229160309,16.6337776184,-0.992104709148,0
1538769993354739712,17.744684672,carbonZ_2018-10-05-15-52-12_3_engine_failure_with_emr_traj,engine,-2.05999994278,-200.710479736,211.271514893,238,42.680973053,-1.81999289989,66.3730621338,10.8535966873,16.8211612701,-1.14158248901,0
1538769993399895552,17.789840512,carbonZ_2018-10-05-15-52-12_3_engine_failure_with_emr_traj,engine,-2.12999987602,-200.710479736,212.689453125,239,42.680973053,-1.81999289989,66.3730621338,10.4236660004,16.9732685089,-1.26084077358,0
1538769993458667232,17.848612192,carbonZ_2018-10-05-15-52-12_3_engine_failure_with_emr_traj,engine,-2.12999987602,-200.710479736,212.689453125,239,42.680973053,-1.81999289989,66.3730621338,9.76269340515,17.1789302826,-1.42518806458,0
1538769993541632736,17.931577696,carbonZ_2018-10-05-15-52-12_3_engine_failure_with_emr_traj,engine,-2.22000002861,-176.078979492,213.991195679,240,42.680973053,-1.81999289989,66.3730621338,8.96017169952,17.4015693665,-1.60421013832,0
1538769993558007328,17.947952288,carbonZ_2018-10-05-15-52-12_3_engine_failure_with_emr_traj,engine,-2.22000002861,-176.078979492,213.991195679,240,42.680973053,-1.81999289989,66.3730621338,8.76593780518,17.4482746124,-1.64681613445,0
1538769993598711264,17.988656224,carbonZ_2018-10-05-15-52-12_3_engine_failure_with_emr_traj,engine,-2.33999991417,-176.078979492,215.224075317,241,42.680973053,-1.81999289989,66.3730621338,8.37328624725,17.5315170288,-1.73943948746,0
1538769993675020416,18.064965376,carbonZ_2018-10-05-15-52-12_3_engine_failure_with_emr_traj,engine,-2.33999991417,-176.078979492,215.224075317,241,42.680973053,-1.81999289989,66.3730621338,7.38907814026,17.706325531,-1.9310464859,0
1538769993717388384,18.107333344,carbonZ_2018-10-05-15-52-12_3_engine_failure_with_emr_traj,engine,-2.48000001907,-169.338989258,216.321395874,241,42.680973053,-1.81999289989,66.3730621338,7.38907814026,17.706325531,-1.9310464859,0
1538769993762034976,18.151979936,carbonZ_2018-10-05-15-52-12_3_engine_failure_with_emr_traj,engine,-2.48000001907,-169.338989258,216.321395874,241,42.680973053,-1.81999289989,66.3730621338,6.87595367432,17.7730407715,-1.98203539848,0
1538769993814221440,18.2041664,carbonZ_2018-10-05-15-52-12_3_engine_failure_with_emr_traj,engine,-2.63999986649,-169.338989258,217.369186401,242,41.5352096558,2.81593585014,80.2078552246,6.37443685532,17.8209247589,-1.99990606308,0
1538769993858364224,18.248309184,carbonZ_2018-10-05-15-52-12_3_engine_failure_with_emr_traj,engine,-2.63999986649,-169.338989258,217.369186401,242,41.5352096558,2.81593585014,80.2078552246,5.88804244995,17.8555583954,-1.97873842716,0
1538769993916190272,18.306135232,carbonZ_2018-10-05-15-52-12_3_engine_failure_with_emr_traj,engine,-2.79999995232,-174.347503662,218.302947998,243,41.5352096558,2.81593585014,80.2078552246,5.39251041412,17.88463974,-1.93921041489,0
1538769993987916352,18.377861312,carbonZ_2018-10-05-15-52-12_3_engine_failure_with_emr_traj,engine,-2.79999995232,-174.347503662,218.302947998,243,41.5352096558,2.81593585014,80.2078552246,5.06101179123,17.897108078,-1.90808045864,0
1538769994007053376,18.396998336,carbonZ_2018-10-05-15-52-12_3_engine_failure_with_emr_traj,engine,-2.96000003815,-174.347503662,219.191497803,243,41.5352096558,2.81593585014,80.2078552246,4.88393783569,17.9020786285,-1.8843473196,0
1538769994101097792,18.491042752,carbonZ_2018-10-05-15-52-12_3_engine_failure_with_emr_traj,engine,-3.08999991417,-214.826385498,219.976745605,244,41.5352096558,2.81593585014,80.2078552246,4.03710031509,17.9117279053,-1.73621976376,0
1538769994147222304,18.537167264,carbonZ_2018-10-05-15-52-12_3_engine_failure_with_emr_traj,engine,-3.08999991417,-214.826385498,219.976745605,244,41.5352096558,2.81593585014,80.2078552246,3.51475310326,17.9110298157,-1.65905368328,0
1538769994259381184,18.649326144,carbonZ_2018-10-05-15-52-12_3_engine_failure_with_emr_traj,engine,-3.21000003815,-214.826385498,220.716781616,245,41.5352096558,2.81593585014,80.2078552246,2.79037547112,17.8980922699,-1.54632163048,0
1538769994280671616,18.670616576,carbonZ_2018-10-05-15-52-12_3_engine_failure_with_emr_traj,engine,-3.21000003815,-214.826385498,220.716781616,245,41.5352096558,2.81593585014,80.2078552246,2.61726164818,17.8931674957,-1.51192760468,0
1538769994297363392,18.687308352,carbonZ_2018-10-05-15-52-12_3_engine_failure_with_emr_traj,engine,-3.29999995232,-215.564346313,221.338424683,245,46.4044723511,0.6395201087,93.2749099731,2.29437708855,17.8793983459,-1.42920637131,0
1538769994352153056,18.742098016,carbonZ_2018-10-05-15-52-12_3_engine_failure_with_emr_traj,engine,-3.29999995232,-215.564346313,221.338424683,245,46.4044723511,0.6395201087,93.2749099731,1.84261989594,17.8552093506,-1.2937681675,0
1538769994446006048,18.835951008,carbonZ_2018-10-05-15-52-12_3_engine_failure_with_emr_traj,engine,-3.38999986649,-215.564346313,221.917037964,245,46.4044723511,0.6395201087,93.2749099731,1.23243057728,17.8057842255,-1.12170946598,0
1538769994467426304,18.857371264,carbonZ_2018-10-05-15-52-12_3_engine_failure_with_emr_traj,engine,-3.38999986649,-215.564346313,221.917037964,245,46.4044723511,0.6395201087,93.2749099731,1.0947291851,17.790178299,-1.07021939754,0
1538769994489639776,18.879584736,carbonZ_2018-10-05-15-52-12_3_engine_failure_with_emr_traj,engine,-3.42999982834,-224.201385498,222.385848999,246,46.4044723511,0.6395201087,93.2749099731,0.821441590786,17.7592697144,-0.968929946423,0
1538769994576564832,18.966509792,carbonZ_2018-10-05-15-52-12_3_engine_failure_with_emr_traj,engine,-3.42999982834,-224.201385498,222.385848999,246,46.4044723511,0.6395201087,93.2749099731,0.282686501741,17.6807575226,-0.763946115971,0
1538769994600732512,18.990677472,carbonZ_2018-10-05-15-52-12_3_engine_failure_with_emr_traj,engine,-3.47000002861,-224.201385498,222.822387695,246,46.4044723511,0.6395201087,93.2749099731,-0.0130561357364,17.6336841583,-0.66756850481,0
1538769994659081664,19.049026624,carbonZ_2018-10-05-15-52-12_3_engine_failure_with_emr_traj,engine,-3.47000002861,-224.201385498,222.822387695,246,46.4044723511,0.6395201087,93.2749099731,-0.312117397785,17.582742691,-0.577864527702,0
1538769994729996544,19.119941504,carbonZ_2018-10-05-15-52-12_3_engine_failure_with_emr_traj,engine,-3.46000003815,-236.604690552,223.170669556,246,46.4044723511,0.6395201087,93.2749099731,-0.903076648712,17.4628601074,-0.42629852891,0
1538769994799178208,19.189123168,carbonZ_2018-10-05-15-52-12_3_engine_failure_with_emr_traj,engine,-3.4399998188,-236.604690552,223.469406128,246,45.3587722778,-1.68995964527,105.493156433,-1.3472315073,17.3624172211,-0.314098387957,0
1538769994874064512,19.264009472,carbonZ_2018-10-05-15-52-12_3_engine_failure_with_emr_traj,engine,-3.4399998188,-236.604690552,223.469406128,246,45.3587722778,-1.68995964527,105.493156433,-1.86326313019,17.237953186,-0.0662321895361,0
1538769994910358176,19.300303136,carbonZ_2018-10-05-15-52-12_3_engine_failure_with_emr_traj,engine,-3.36999988556,-252.599517822,223.671295166,246,45.3587722778,-1.68995964527,105.493156433,-1.99718463421,17.202167511,-0.0183395314962,0
1538769994956854624,19.346799584,carbonZ_2018-10-05-15-52-12_3_engine_failure_with_emr_traj,engine,-3.36999988556,-252.599517822,223.671295166,246,45.3587722778,-1.68995964527,105.493156433,-2.41451644897,17.0803489685,0.0831693336368,0
1538769995003840224,19.393785184,carbonZ_2018-10-05-15-52-12_3_engine_failure_with_emr_traj,engine,-3.28999996185,-252.599517822,223.834411621,246,45.3587722778,-1.68995964527,105.493156433,-2.70171523094,16.992898941,0.143156394362,0
1538769995063728576,19.453673536,carbonZ_2018-10-05-15-52-12_3_engine_failure_with_emr_traj,engine,-3.28999996185,-252.599517822,223.834411621,246,45.3587722778,-1.68995964527,105.493156433,-3.27190971375,16.8039951324,0.271304041147,0
1538769995114037920,19.50398288,carbonZ_2018-10-05-15-52-12_3_engine_failure_with_emr_traj,engine,-3.1899998188,-231.729125977,223.907119751,246,41.8413276672,-3.12264513969,114.702865601,-3.6648440361,16.6545181274,0.377038180828,0
1538769995192054112,19.581999072,carbonZ_2018-10-05-15-52-12_3_engine_failure_with_emr_traj,engine,-3.1899998188,-231.729125977,223.907119751,246,41.8413276672,-3.12264513969,114.702865601,-3.92714452744,16.5457782745,0.436224341393,0
1538769995205964320,19.59590928,carbonZ_2018-10-05-15-52-12_3_engine_failure_with_emr_traj,engine,-3.07999992371,-231.729125977,223.930282593,246,41.8413276672,-3.12264513969,114.702865601,-4.06945085526,16.4885311127,0.467210680246,0
1538769995258404256,19.648349216,carbonZ_2018-10-05-15-52-12_3_engine_failure_with_emr_traj,engine,-3.07999992371,-231.729125977,223.930282593,246,41.8413276672,-3.12264513969,114.702865601,-4.50232839584,16.3034057617,0.523129165173,0
1538769995292648128,19.682593088,carbonZ_2018-10-05-15-52-12_3_engine_failure_with_emr_traj,engine,-2.9399998188,-248.962585449,223.852233887,246,41.8413276672,-3.12264513969,114.702865601,-4.80895709991,16.1590805054,0.536003947258,0
1538769995306206176,19.696151136,carbonZ_2018-10-05-15-52-12_3_engine_failure_with_emr_traj,engine,-2.9399998188,-248.962585449,223.852233887,246,41.8413276672,-3.12264513969,114.702865601,-4.96309518814,16.0835361481,0.536321103573,0
1538769995395407008,19.785351968,carbonZ_2018-10-05-15-52-12_3_engine_failure_with_emr_traj,engine,-2.81999993324,-248.962585449,223.72038269,246,41.8413276672,-3.12264513969,114.702865601,-5.57633733749,15.7609167099,0.538645744324,0
1538769995428738848,19.818683808,carbonZ_2018-10-05-15-52-12_3_engine_failure_with_emr_traj,engine,-2.81999993324,-248.962585449,223.72038269,246,41.8413276672,-3.12264513969,114.702865601,-5.73267650604,15.6766471863,0.538202941418,0
1538769995461341312,19.851286272,carbonZ_2018-10-05-15-52-12_3_engine_failure_with_emr_traj,engine,-2.81999993324,-248.962585449,223.72038269,246,41.8413276672,-3.12264513969,114.702865601,-6.05822658539,15.4912633896,0.507326364517,0
1538769995498828576,19.888773536,carbonZ_2018-10-05-15-52-12_3_engine_failure_with_emr_traj,engine,-2.67999982834,-231.941802979,223.480865479,245,42.3820838928,-2.34205102921,125.804977417,-6.37509870529,15.2993202209,0.468744575977,0
1538769995577576864,19.967521824,carbonZ_2018-10-05-15-52-12_3_engine_failure_with_emr_traj,engine,-2.67999982834,-231.941802979,223.480865479,245,42.3820838928,-2.34205102921,125.804977417,-6.99011898041,14.8961439133,0.432336956263,0
1538769995602313920,19.99225888,carbonZ_2018-10-05-15-52-12_3_engine_failure_with_emr_traj,engine,-2.55999994278,-231.941802979,223.17024231,245,42.3820838928,-2.34205102921,125.804977417,-7.29377937317,14.6936283112,0.429586499929,0
1538769995704563840,20.0945088,carbonZ_2018-10-05-15-52-12_3_engine_failure_with_emr_traj,engine,-2.44000005722,-243.149749756,222.743347168,244,42.3820838928,-2.34205102921,125.804977417,-7.87219381332,14.2823352814,0.401147335768,0
1538769995743906432,20.133851392,carbonZ_2018-10-05-15-52-12_3_engine_failure_with_emr_traj,engine,-2.44000005722,-243.149749756,222.743347168,244,42.3820838928,-2.34205102921,125.804977417,-8.42743110657,13.8532209396,0.359922856092,0
1538769995818380704,20.208325664,carbonZ_2018-10-05-15-52-12_3_engine_failure_with_emr_traj,engine,-2.33999991417,-243.149749756,222.266891479,244,42.3820838928,-2.34205102921,125.804977417,-8.70237350464,13.6421060562,0.337583035231,0
1538769995864241920,20.25418688,carbonZ_2018-10-05-15-52-12_3_engine_failure_with_emr_traj,engine,-2.33999991417,-243.149749756,222.266891479,244,42.3820838928,-2.34205102921,125.804977417,-8.96533679962,13.4258537292,0.30532592535,0
1538769995898951104,20.288896064,carbonZ_2018-10-05-15-52-12_3_engine_failure_with_emr_traj,engine,-2.23000001907,-251.438903809,221.678451538,243,42.3820838928,-2.34205102921,125.804977417,-9.34673786163,13.0909204483,0.242315500975,0
1538769995956585920,20.34653088,carbonZ_2018-10-05-15-52-12_3_engine_failure_with_emr_traj,engine,-2.23000001907,-251.438903809,221.678451538,243,42.3820838928,-2.34205102921,125.804977417,-9.60043811798,12.8503494263,0.171906769276,0
1538769996002314560,20.39225952,carbonZ_2018-10-05-15-52-12_3_engine_failure_with_emr_traj,engine,-2.13999986649,-251.438903809,221.03616333,243,40.2438011169,0.137417003512,137.753967285,-9.73178195953,12.7221727371,0.133985579014,0
1538769996063206496,20.453151456,carbonZ_2018-10-05-15-52-12_3_engine_failure_with_emr_traj,engine,-2.13999986649,-251.438903809,221.03616333,243,40.2438011169,0.137417003512,137.753967285,-10.2363290787,12.237818718,0.0339682921767,0
1538769996115212800,20.50515776,carbonZ_2018-10-05-15-52-12_3_engine_failure_with_emr_traj,engine,-2.04999995232,-273.739044189,220.290512085,242,40.2438011169,0.137417003512,137.753967285,-10.5672054291,11.8859214783,-0.0346388071775,0
1538769996158744320,20.54868928,carbonZ_2018-10-05-15-52-12_3_engine_failure_with_emr_traj,engine,-2.04999995232,-273.739044189,220.290512085,242,40.2438011169,0.137417003512,137.753967285,-10.7778339386,11.64108181,-0.100156389177,0
1538769996224032480,20.61397744,carbonZ_2018-10-05-15-52-12_3_engine_failure_with_emr_traj,engine,-1.99000000954,-273.739044189,219.508178711,241,40.2438011169,0.137417003512,137.753967285,-11.0863399506,11.2839345932,-0.182956382632,0
1538769996265251520,20.65519648,carbonZ_2018-10-05-15-52-12_3_engine_failure_with_emr_traj,engine,-1.99000000954,-273.739044189,219.508178711,241,40.2438011169,0.137417003512,137.753967285,-11.4442205429,10.8462638855,-0.228534087539,0
1538769996341296288,20.731241248,carbonZ_2018-10-05-15-52-12_3_engine_failure_with_emr_traj,engine,-1.92999994755,-285.24017334,218.626785278,240,40.2438011169,0.137417003512,137.753967285,-11.5931015015,10.6436662674,-0.224365949631,0
1538769996374589408,20.764534368,carbonZ_2018-10-05-15-52-12_3_engine_failure_with_emr_traj,engine,-1.92999994755,-285.24017334,218.626785278,240,34.3079566956,1.03767108917,146.346420288,-11.7439146042,10.4262676239,-0.244342952967,0
1538769996437683968,20.827628928,carbonZ_2018-10-05-15-52-12_3_engine_failure_with_emr_traj,engine,-1.88999998569,-285.24017334,217.719528198,239,34.3079566956,1.03767108917,146.346420288,-12.003903389,10.0598917007,-0.343552798033,0
1538769996486672992,20.876617952,carbonZ_2018-10-05-15-52-12_3_engine_failure_with_emr_traj,engine,-1.88999998569,-285.24017334,217.719528198,239,34.3079566956,1.03767108917,146.346420288,-12.1668577194,9.80227375031,-0.441367864609,0
1538769996502557440,20.8925024,carbonZ_2018-10-05-15-52-12_3_engine_failure_with_emr_traj,engine,-1.84999990463,-291.634185791,216.734725952,238,34.3079566956,1.03767108917,146.346420288,-12.1668577194,9.80227375031,-0.441367864609,0
1538769996593554464,20.983499424,carbonZ_2018-10-05-15-52-12_3_engine_failure_with_emr_traj,engine,-1.84999990463,-291.634185791,216.734725952,238,34.3079566956,1.03767108917,146.346420288,-12.4854049683,9.2395401001,-0.565935194492,0
1538769996622709504,21.012654464,carbonZ_2018-10-05-15-52-12_3_engine_failure_with_emr_traj,engine,-1.84999990463,-291.634185791,215.721878052,237,31.5820636749,1.99893975258,151.27532959,-12.595416069,9.04991436005,-0.56915050745,0
1538769996674274464,21.064219424,carbonZ_2018-10-05-15-52-12_3_engine_failure_with_emr_traj,engine,-1.84999990463,-291.634185791,215.721878052,237,31.5820636749,1.99893975258,151.27532959,-12.7488079071,8.74823284149,-0.653583467007,0
1538769996732745152,21.122690112,carbonZ_2018-10-05-15-52-12_3_engine_failure_with_emr_traj,engine,-1.83999991417,-296.574768066,214.64440918,236,31.5820636749,1.99893975258,151.27532959,-12.8958740234,8.41652202606,-0.83778744936,0
1538769996790655104,21.180600064,carbonZ_2018-10-05-15-52-12_3_engine_failure_with_emr_traj,engine,-1.83999991417,-296.574768066,214.64440918,236,31.5820636749,1.99893975258,151.27532959,-12.9820423126,8.1960105896,-0.967192173004,0
1538769996814475648,21.204420608,carbonZ_2018-10-05-15-52-12_3_engine_failure_with_emr_traj,engine,-1.87000000477,-296.574768066,213.562561035,235,31.5820636749,1.99893975258,151.27532959,-13.0668840408,7.99373912811,-1.08472263813,0
1538769996892000064,21.281945024,carbonZ_2018-10-05-15-52-12_3_engine_failure_with_emr_traj,engine,-1.91999995708,-289.637390137,212.426895142,234,31.5820636749,1.99893975258,151.27532959,-13.1938753128,7.62307453156,-1.29863595963,0
1538769996959628800,21.34957376,carbonZ_2018-10-05-15-52-12_3_engine_failure_with_emr_traj,engine,-1.91999995708,-289.637390137,212.426895142,234,21.4356517792,3.72162699699,156.344116211,-13.2519550323,7.38540935516,-1.42217111588,0
1538769997011653760,21.40159872,carbonZ_2018-10-05-15-52-12_3_engine_failure_with_emr_traj,engine,-2.0,-289.637390137,211.289001465,233,21.4356517792,3.72162699699,156.344116211,-13.2850952148,7.24276828766,-1.49125087261,0
1538769997035329088,21.425274048,carbonZ_2018-10-05-15-52-12_3_engine_failure_with_emr_traj,engine,-2.0,-289.637390137,211.289001465,233,21.4356517792,3.72162699699,156.344116211,-13.3115034103,7.11431121826,-1.54043614864,0
1538769997076163936,21.466108896,carbonZ_2018-10-05-15-52-12_3_engine_failure_with_emr_traj,engine,-2.0,-289.637390137,211.289001465,233,21.4356517792,3.72162699699,156.344116211,-13.3385381699,6.92687702179,-1.60246491432,0
1538769997110105760,21.50005072,carbonZ_2018-10-05-15-52-12_3_engine_failure_with_emr_traj,engine,-2.09999990463,-283.329406738,210.123123169,232,21.4356517792,3.72162699699,156.344116211,-13.3437042236,6.86774158478,-1.62336266041,0
1538769997177266464,21.567211424,carbonZ_2018-10-05-15-52-12_3_engine_failure_with_emr_traj,engine,-2.09999990463,-283.329406738,210.123123169,232,21.4356517792,3.72162699699,156.344116211,-13.3534269333,6.65049886703,-1.6926254034,0
1538769997238282144,21.628227104,carbonZ_2018-10-05-15-52-12_3_engine_failure_with_emr_traj,engine,-2.23000001907,-283.329406738,187.952865601,231,21.4356517792,3.72162699699,156.344116211,-13.3576068878,6.55369949341,-1.72209966183,0
1538769997296709152,21.686654112,carbonZ_2018-10-05-15-52-12_3_engine_failure_with_emr_traj,engine,-2.34999990463,-270.585632324,-37.1934356689,230,12.2454051971,4.77444553375,159.50769043,-13.3414020538,6.43052816391,-1.78992664814,0
1538769997325784352,21.715729312,carbonZ_2018-10-05-15-52-12_3_engine_failure_with_emr_traj,engine,-2.34999990463,-270.585632324,-37.1934356689,230,12.2454051971,4.77444553375,159.50769043,-13.3414020538,6.43052816391,-1.78992664814,0
1538769997376847968,21.766792928,carbonZ_2018-10-05-15-52-12_3_engine_failure_with_emr_traj,engine,-2.34999990463,-270.585632324,-37.1934356689,230,12.2454051971,4.77444553375,159.50769043,-13.2911214828,6.31277894974,-1.89481365681,0
1538769997430800352,21.820745312,carbonZ_2018-10-05-15-52-12_3_engine_failure_with_emr_traj,engine,-2.5,-270.585632324,-36.0584564209,229,12.2454051971,4.77444553375,159.50769043,-13.2666149139,6.28411149979,-1.92815303802,0
1538769997497951008,21.887895968,carbonZ_2018-10-05-15-52-12_3_engine_failure_with_emr_traj,engine,-2.64999985695,-249.924285889,-34.9176254272,227,12.2454051971,4.77444553375,159.50769043,-13.2068014145,6.21259498596,-1.96560049057,0
1538769997551372544,21.941317504,carbonZ_2018-10-05-15-52-12_3_engine_failure_with_emr_traj,engine,-2.64999985695,-249.924285889,-34.9176254272,227,12.2454051971,4.77444553375,159.50769043,-13.1698150635,6.13785886765,-1.95637893677,0
1538769997626728352,22.016673312,carbonZ_2018-10-05-15-52-12_3_engine_failure_with_emr_traj,engine,-2.80999994278,-249.924285889,-33.801574707,226,12.2454051971,4.77444553375,159.50769043,-13.1487617493,6.03271389008,-1.95821654797,0
1538769997655424640,22.0453696,carbonZ_2018-10-05-15-52-12_3_engine_failure_with_emr_traj,engine,-2.80999994278,-249.924285889,-33.801574707,226,12.2454051971,4.77444553375,159.50769043,-13.1430940628,5.95099592209,-1.95912015438,0
1538769997694620320,22.08456528,carbonZ_2018-10-05-15-52-12_3_engine_failure_with_emr_traj,engine,-2.98000001907,-229.950332642,-32.6724395752,225,12.2454051971,4.77444553375,159.50769043,-13.1373596191,5.86286973953,-1.95029819012,0
1538769997742143744,22.132088704,carbonZ_2018-10-05-15-52-12_3_engine_failure_with_emr_traj,engine,-2.98000001907,-229.950332642,-32.6724395752,225,16.4839782715,4.91868686676,161.296890259,-13.1360149384,5.64689207077,-1.89326715469,0
1538769997821733312,22.211678272,carbonZ_2018-10-05-15-52-12_3_engine_failure_with_emr_traj,engine,-3.14999985695,-229.950332642,-31.5574131012,224,16.4839782715,4.91868686676,161.296890259,-13.1458177567,5.54096317291,-1.82536685467,0
1538769997877498592,22.267443552,carbonZ_2018-10-05-15-52-12_3_engine_failure_with_emr_traj,engine,-3.14999985695,-229.950332642,-31.5574131012,224,16.4839782715,4.91868686676,161.296890259,-13.1644258499,5.36147785187,-1.72704124451,0
1538769997926086400,22.31603136,carbonZ_2018-10-05-15-52-12_3_engine_failure_with_emr_traj,engine,-3.28999996185,-201.409912109,-30.4055576324,223,16.4839782715,4.91868686676,161.296890259,-13.1838731766,5.13948965073,-1.69364500046,0
1538769997992517632,22.382462592,carbonZ_2018-10-05-15-52-12_3_engine_failure_with_emr_traj,engine,-3.42999982834,-201.409912109,-29.279504776,222,16.4839782715,4.91868686676,161.296890259,-13.2008190155,4.987200737,-1.67088913918,0
1538769998053441024,22.443385984,carbonZ_2018-10-05-15-52-12_3_engine_failure_with_emr_traj,engine,-3.42999982834,-201.409912109,-29.279504776,222,16.4839782715,4.91868686676,161.296890259,-13.2512626648,4.67590713501,-1.57791090012,0
1538769998087336352,22.477281312,carbonZ_2018-10-05-15-52-12_3_engine_failure_with_emr_traj,engine,-3.54999995232,-236.042404175,-28.1011276245,221,16.4839782715,4.91868686676,161.296890259,-13.2615499496,4.59964036942,-1.54813814163,0
1538769998146830208,22.536775168,carbonZ_2018-10-05-15-52-12_3_engine_failure_with_emr_traj,engine,-3.54999995232,-236.042404175,-28.1011276245,221,28.7460403442,3.64331841469,164.195602417,-13.2961568832,4.36608314514,-1.44007527828,0
1538769998188884256,22.578829216,carbonZ_2018-10-05-15-52-12_3_engine_failure_with_emr_traj,engine,-3.66999983788,-236.042404175,-26.9402961731,220,28.7460403442,3.64331841469,164.195602417,-13.3137493134,4.21170711517,-1.3682192564,0
1538769998239185184,22.629130144,carbonZ_2018-10-05-15-52-12_3_engine_failure_with_emr_traj,engine,-3.66999983788,-236.042404175,-26.9402961731,220,28.7460403442,3.64331841469,164.195602417,-13.3627071381,3.97627043724,-1.24399781227,0
1538769998275248256,22.665193216,carbonZ_2018-10-05-15-52-12_3_engine_failure_with_emr_traj,engine,-3.66999983788,-236.042404175,-26.9402961731,220,28.7460403442,3.64331841469,164.195602417,-13.3897209167,3.8178217411,-1.1570981741,0
1538769998341502400,22.73144736,carbonZ_2018-10-05-15-52-12_3_engine_failure_with_emr_traj,engine,-3.75999999046,-230.891418457,-25.6975440979,219,28.7460403442,3.64331841469,164.195602417,-13.4236564636,3.59963297844,-1.03211665154,0
1538769998383906912,22.773851872,carbonZ_2018-10-05-15-52-12_3_engine_failure_with_emr_traj,engine,-3.75999999046,-230.891418457,-25.6975440979,219,31.1388225555,3.05950808525,165.938339233,-13.444026947,3.44493603706,-0.94387614727,0
1538769998427428192,22.817373152,carbonZ_2018-10-05-15-52-12_3_engine_failure_with_emr_traj,engine,-3.83999991417,-230.891418457,-24.4830093384,217,31.1388225555,3.05950808525,165.938339233,-13.4726839066,3.29416918755,-0.854395568371,0
1538769998480069664,22.870014624,carbonZ_2018-10-05-15-52-12_3_engine_failure_with_emr_traj,engine,-3.83999991417,-230.891418457,-24.4830093384,217,31.1388225555,3.05950808525,165.938339233,-13.5148296356,3.07804656029,-0.705010950565,0
1538769998511231904,22.901176864,carbonZ_2018-10-05-15-52-12_3_engine_failure_with_emr_traj,engine,-3.88999986649,-215.667144775,-23.2137374878,216,31.1388225555,3.05950808525,165.938339233,-13.5400629044,2.92924022675,-0.607588291168,0
1538769998600677728,22.990622688,carbonZ_2018-10-05-15-52-12_3_engine_failure_with_emr_traj,engine,-3.91999983788,-215.667144775,-21.953754425,215,31.1388225555,3.05950808525,165.938339233,-13.5945272446,2.62513279915,-0.421304911375,0
1538769998613481408,23.003426368,carbonZ_2018-10-05-15-52-12_3_engine_failure_with_emr_traj,engine,-3.91999983788,-215.667144775,-21.953754425,215,31.1388225555,3.05950808525,165.938339233,-13.6121091843,2.5491168499,-0.371045589447,0
1538769998679435520,23.06938048,carbonZ_2018-10-05-15-52-12_3_engine_failure_with_emr_traj,engine,-3.92999982834,-212.358673096,-20.6627845764,214,31.1388225555,3.05950808525,165.938339233,-13.6741924286,2.23230099678,-0.204941049218,0
1538769998742511360,23.13245632,carbonZ_2018-10-05-15-52-12_3_engine_failure_with_emr_traj,engine,-3.92999982834,-212.358673096,-20.6627845764,214,33.9147834778,0.182589948177,170.978088379,-13.7027215958,2.06360530853,-0.110010839999,0
1538769998792695392,23.182640352,carbonZ_2018-10-05-15-52-12_3_engine_failure_with_emr_traj,engine,-3.91999983788,-212.358673096,-19.3704319,213,33.9147834778,0.182589948177,170.978088379,-13.7494935989,1.80079853535,0.037994608283,0
1538769998827409216,23.217354176,carbonZ_2018-10-05-15-52-12_3_engine_failure_with_emr_traj,engine,-3.91999983788,-212.358673096,-19.3704319,213,33.9147834778,0.182589948177,170.978088379,-13.7886610031,1.60913062096,0.135584846139,0
1538769998878402080,23.26834704,carbonZ_2018-10-05-15-52-12_3_engine_failure_with_emr_traj,engine,-3.91999983788,-212.358673096,-19.3704319,213,33.9147834778,0.182589948177,170.978088379,-13.8230028152,1.40983939171,0.224134206772,0
1538769998906999840,23.2969448,carbonZ_2018-10-05-15-52-12_3_engine_failure_with_emr_traj,engine,-3.87999987602,-214.192199707,-18.0233478546,211,33.9147834778,0.182589948177,170.978088379,-13.852399826,1.20920169353,0.312935888767,0
1538769998994404000,23.38434896,carbonZ_2018-10-05-15-52-12_3_engine_failure_with_emr_traj,engine,-3.81999993324,-214.192199707,-16.6807289124,210,33.9147834778,0.182589948177,170.978088379,-13.89427948,0.88217574358,0.411575466394,0
1538769999017631264,23.407576224,carbonZ_2018-10-05-15-52-12_3_engine_failure_with_emr_traj,engine,-3.81999993324,-214.192199707,-16.6807289124,210,33.9147834778,0.182589948177,170.978088379,-13.9418411255,0.567701101303,0.547802209854,0
1538769999073115584,23.463060544,carbonZ_2018-10-05-15-52-12_3_engine_failure_with_emr_traj,engine,-3.81999993324,-214.192199707,-16.6807289124,210,33.9147834778,0.182589948177,170.978088379,-13.9617528915,0.391896367073,0.710494816303,0
1538769999131929152,23.521874112,carbonZ_2018-10-05-15-52-12_3_engine_failure_with_emr_traj,engine,-3.74000000954,-208.474731445,-15.280962944,209,39.0426292419,-3.38375592232,179.88848877,-13.9868221283,0.104475304484,0.924966037273,0
1538769999208338784,23.598283744,carbonZ_2018-10-05-15-52-12_3_engine_failure_with_emr_traj,engine,-3.62999987602,-208.474731445,-13.907002449,207,39.0426292419,-3.38375592232,179.88848877,-14.0143604279,-0.321870088577,1.19288754463,0
1538769999282785472,23.672730432,carbonZ_2018-10-05-15-52-12_3_engine_failure_with_emr_traj,engine,-3.47000002861,-217.041397095,-12.4545564651,206,39.0426292419,-3.38375592232,179.88848877,-14.0377111435,-0.860571801662,1.36958599091,0
1538769999306758304,23.696703264,carbonZ_2018-10-05-15-52-12_3_engine_failure_with_emr_traj,engine,-3.47000002861,-217.041397095,-12.4545564651,206,39.0426292419,-3.38375592232,179.88848877,-14.0395460129,-1.01081442833,1.39987230301,0
1538769999409776256,23.799721216,carbonZ_2018-10-05-15-52-12_3_engine_failure_with_emr_traj,engine,-3.30999994278,-217.041397095,-11.0337648392,205,39.0426292419,-3.38375592232,179.88848877,-14.0330591202,-1.67221009731,1.49984300137,0
1538769999437552544,23.827497504,carbonZ_2018-10-05-15-52-12_3_engine_failure_with_emr_traj,engine,-3.30999994278,-217.041397095,-11.0337648392,205,39.0426292419,-3.38375592232,179.88848877,-14.0250110626,-2.01558709145,1.55612301826,0
1538769999494122400,23.88406736,carbonZ_2018-10-05-15-52-12_3_engine_failure_with_emr_traj,engine,-3.11999988556,-214.244262695,-9.56993484497,203,39.0426292419,-3.38375592232,179.88848877,-13.9966440201,-2.53492951393,1.62409985065,0
1538769999540279648,23.930224608,carbonZ_2018-10-05-15-52-12_3_engine_failure_with_emr_traj,engine,-3.11999988556,-214.244262695,-9.56993484497,203,39.0426292419,-3.38375592232,179.88848877,-13.9681253433,-2.87510800362,1.65975797176,0
1538769999590689408,23.980634368,carbonZ_2018-10-05-15-52-12_3_engine_failure_with_emr_traj,engine,-2.9399998188,-214.244262695,-8.09851360321,202,45.8636932373,-2.21500062943,-169.618972778,-13.901763916,-3.55700016022,1.71303987503,0
1538769999630010080,24.01995504,carbonZ_2018-10-05-15-52-12_3_engine_failure_with_emr_traj,engine,-2.9399998188,-214.244262695,-8.09851360321,202,45.8636932373,-2.21500062943,-169.618972778,-13.901763916,-3.55700016022,1.71303987503,0
1538769999692604640,24.0825496,carbonZ_2018-10-05-15-52-12_3_engine_failure_with_emr_traj,engine,-2.73000001907,-200.450134277,-6.58990573883,200,45.8636932373,-2.21500062943,-169.618972778,-13.8116474152,-4.29217576981,1.69565594196,0
1538769999728125376,24.118070336,carbonZ_2018-10-05-15-52-12_3_engine_failure_with_emr_traj,engine,-2.73000001907,-200.450134277,-6.58990573883,200,45.8636932373,-2.21500062943,-169.618972778,-13.7548408508,-4.65863370895,1.6803933382,0
1538769999784275840,24.1742208,carbonZ_2018-10-05-15-52-12_3_engine_failure_with_emr_traj,engine,-2.73000001907,-200.450134277,-6.58990573883,200,45.8636932373,-2.21500062943,-169.618972778,-13.6979780197,-4.97283887863,1.68060433865,0
1538769999828081632,24.218026592,carbonZ_2018-10-05-15-52-12_3_engine_failure_with_emr_traj,engine,-2.53999996185,-200.450134277,-5.08678531647,199,45.8636932373,-2.21500062943,-169.618972778,-13.6423625946,-5.30093431473,1.68280863762,0
1538769999874200512,24.264145472,carbonZ_2018-10-05-15-52-12_3_engine_failure_with_emr_traj,engine,-2.53999996185,-200.450134277,-5.08678531647,199,45.8636932373,-2.21500062943,-169.618972778,-13.5471124649,-5.78179645538,1.68821167946,0
1538769999895979968,24.285924928,carbonZ_2018-10-05-15-52-12_3_engine_failure_with_emr_traj,engine,-2.32999992371,-214.56451416,-3.54647707939,197,45.8636932373,-2.21500062943,-169.618972778,-13.4808092117,-6.07234430313,1.68911790848,0
1538769999955759936,24.345704896,carbonZ_2018-10-05-15-52-12_3_engine_failure_with_emr_traj,engine,-2.32999992371,-214.56451416,-3.54647707939,197,45.1352462769,0.574843525887,-161.676528931,-13.4195709229,-6.36270618439,1.68354773521,0
1538770000000904192,24.390849152,carbonZ_2018-10-05-15-52-12_3_engine_failure_with_emr_traj,engine,-2.12999987602,-214.56451416,-2.02956151962,196,45.1352462769,0.574843525887,-161.676528931,-13.3612442017,-6.63206195831,1.67718589306,0
1538770000079594208,24.469539168,carbonZ_2018-10-05-15-52-12_3_engine_failure_with_emr_traj,engine,-2.12999987602,-214.56451416,-2.02956151962,196,45.1352462769,0.574843525887,-161.676528931,-13.2375688553,-7.19136476517,1.67583143711,0
1538770000113154720,24.50309968,carbonZ_2018-10-05-15-52-12_3_engine_failure_with_emr_traj,engine,-1.91999995708,-238.922119141,-0.490945965052,194,45.1352462769,0.574843525887,-161.676528931,-13.1603755951,-7.47436761856,1.67123711109,0
1538770000149976704,24.539921664,carbonZ_2018-10-05-15-52-12_3_engine_failure_with_emr_traj,engine,-1.91999995708,-238.922119141,-0.490945965052,194,45.1352462769,0.574843525887,-161.676528931,-13.0758495331,-7.77068996429,1.68690764904,0
1538770000217346400,24.60729136,carbonZ_2018-10-05-15-52-12_3_engine_failure_with_emr_traj,engine,-1.7199999094,-238.922119141,1.03494608402,192,45.1352462769,0.574843525887,-161.676528931,-12.930516243,-8.2315158844,1.73373675346,0
1538770000272799584,24.662744544,carbonZ_2018-10-05-15-52-12_3_engine_failure_with_emr_traj,engine,-1.7199999094,-238.922119141,1.03494608402,192,45.1352462769,0.574843525887,-161.676528931,-12.7615718842,-8.70762729645,1.80503118038,0
1538770000294499456,24.684444416,carbonZ_2018-10-05-15-52-12_3_engine_failure_with_emr_traj,engine,-1.50999999046,-252.018356323,2.56945419312,191,45.1352462769,0.574843525887,-161.676528931,-12.6941013336,-8.88897418976,1.82062625885,0
1538770000387563200,24.77750816,carbonZ_2018-10-05-15-52-12_3_engine_failure_with_emr_traj,engine,-1.29999995232,-252.018356323,4.08539152145,189,45.1352462769,0.574843525887,-161.676528931,-12.2003231049,-10.0151615143,1.82458460331,0
1538770000464698656,24.854643616,carbonZ_2018-10-05-15-52-12_3_engine_failure_with_emr_traj,engine,-1.29999995232,-252.018356323,4.08539152145,189,48.6744346619,-4.25413274765,-144.536178589,-11.9895563126,-10.4551763535,1.74156391621,0
1538770000494673856,24.884618816,carbonZ_2018-10-05-15-52-12_3_engine_failure_with_emr_traj,engine,-1.07999992371,-268.188476562,5.58517122269,188,48.6744346619,-4.25413274765,-144.536178589,-11.7367887497,-10.9292917252,1.61927747726,0
1538770000577646112,24.967591072,carbonZ_2018-10-05-15-52-12_3_engine_failure_with_emr_traj,engine,-1.07999992371,-268.188476562,5.58517122269,188,48.6744346619,-4.25413274765,-144.536178589,-11.2180671692,-11.8297452927,1.37644028664,0
1538770000638793280,25.02873824,carbonZ_2018-10-05-15-52-12_3_engine_failure_with_emr_traj,engine,-0.899999976158,-268.188476562,7.06535434723,186,48.6744346619,-4.25413274765,-144.536178589,-10.8134250641,-12.4909925461,1.19369733334,0
1538770000676099328,25.066044288,carbonZ_2018-10-05-15-52-12_3_engine_failure_with_emr_traj,engine,-0.899999976158,-268.188476562,7.06535434723,186,47.1556892395,-2.62348175049,-136.694747925,-10.5459241867,-12.8968219757,1.09795129299,0
1538770000694451296,25.084396256,carbonZ_2018-10-05-15-52-12_3_engine_failure_with_emr_traj,engine,-0.729999959469,-252.553939819,8.50701141357,185,47.1556892395,-2.62348175049,-136.694747925,-10.4096012115,-13.0973892212,1.05440282822,0
1538770000762118464,25.152063424,carbonZ_2018-10-05-15-52-12_3_engine_failure_with_emr_traj,engine,-0.729999959469,-252.553939819,8.50701141357,185,47.1556892395,-2.62348175049,-136.694747925,-9.98176956177,-13.671582222,0.899783730507,0
1538770000814630656,25.204575616,carbonZ_2018-10-05-15-52-12_3_engine_failure_with_emr_traj,engine,-0.589999973774,-252.553939819,9.91117191315,183,47.1556892395,-2.62348175049,-136.694747925,-9.48793983459,-14.293756485,0.686996638775,0
1538770000875761728,25.265706688,carbonZ_2018-10-05-15-52-12_3_engine_failure_with_emr_traj,engine,-0.589999973774,-252.553939819,9.91117191315,183,47.1556892395,-2.62348175049,-136.694747925,-8.96742248535,-14.8969783783,0.474378407001,0
1538770000893575744,25.283520704,carbonZ_2018-10-05-15-52-12_3_engine_failure_with_emr_traj,engine,-0.5,-285.501861572,11.2661399841,182,47.1556892395,-2.62348175049,-136.694747925,-8.96742248535,-14.8969783783,0.474378407001,0
1538770000966483712,25.356428672,carbonZ_2018-10-05-15-52-12_3_engine_failure_with_emr_traj,engine,-0.5,-285.501861572,11.2661399841,182,46.3382148743,0.789663255215,-128.080780029,-8.32841682434,-15.5252695084,0.353374063969,0
1538770001000455776,25.390400736,carbonZ_2018-10-05-15-52-12_3_engine_failure_with_emr_traj,engine,-0.419999986887,-285.501861572,12.5467777252,180,46.3382148743,0.789663255215,-128.080780029,-7.98143720627,-15.8372554779,0.255447745323,0
1538770001054042816,25.443987776,carbonZ_2018-10-05-15-52-12_3_engine_failure_with_emr_traj,engine,-0.419999986887,-285.501861572,12.5467777252,180,46.3382148743,0.789663255215,-128.080780029,-7.17480659485,-16.5189228058,0.0228309482336,0
1538770001100900032,25.490844992,carbonZ_2018-10-05-15-52-12_3_engine_failure_with_emr_traj,engine,-0.370000004768,-319.186981201,13.7792472839,179,46.3382148743,0.789663255215,-128.080780029,-6.97361087799,-16.6852798462,-0.0225501768291,0
1538770001143681184,25.533626144,carbonZ_2018-10-05-15-52-12_3_engine_failure_with_emr_traj,engine,-0.370000004768,-319.186981201,13.7792472839,179,46.3382148743,0.789663255215,-128.080780029,-6.15286302567,-17.2786979675,-0.251246780157,0
1538770001229350656,25.619295616,carbonZ_2018-10-05-15-52-12_3_engine_failure_with_emr_traj,engine,-0.34999999404,-319.186981201,14.9243068695,178,46.3382148743,0.789663255215,-128.080780029,-5.75087118149,-17.5490341187,-0.371976524591,0
1538770001281365440,25.6713104,carbonZ_2018-10-05-15-52-12_3_engine_failure_with_emr_traj,engine,-0.359999984503,-327.215759277,15.984369278,177,46.3382148743,0.789663255215,-128.080780029,-4.97494411469,-18.0268344879,-0.593689262867,0
1538770001307641216,25.697586176,carbonZ_2018-10-05-15-52-12_3_engine_failure_with_emr_traj,engine,-0.359999984503,-327.215759277,15.984369278,177,46.3382148743,0.789663255215,-128.080780029,-4.97494411469,-18.0268344879,-0.593689262867,0
1538770001363194496,25.753139456,carbonZ_2018-10-05-15-52-12_3_engine_failure_with_emr_traj,engine,-0.359999984503,-327.215759277,15.984369278,177,47.4689903259,5.95361280441,-118.628364563,-4.41526651382,-18.3387622833,-0.737036585808,0
1538770001401489088,25.791434048,carbonZ_2018-10-05-15-52-12_3_engine_failure_with_emr_traj,engine,-0.389999985695,-327.215759277,16.9556407928,176,47.4689903259,5.95361280441,-118.628364563,-3.85255122185,-18.6179981232,-0.897220671177,0
1538770001458683904,25.848628864,carbonZ_2018-10-05-15-52-12_3_engine_failure_with_emr_traj,engine,-0.389999985695,-327.215759277,16.9556407928,176,47.4689903259,5.95361280441,-118.628364563,-3.47924232483,-18.7945766449,-0.991536974907,0
1538770001498107136,25.888052096,carbonZ_2018-10-05-15-52-12_3_engine_failure_with_emr_traj,engine,-0.469999998808,-345.194061279,17.8739185333,175,47.4689903259,5.95361280441,-118.628364563,-3.12263441086,-18.9499912262,-1.07206881046,0
1538770001552503808,25.942448768,carbonZ_2018-10-05-15-52-12_3_engine_failure_with_emr_traj,engine,-0.469999998808,-345.194061279,17.8739185333,175,47.4689903259,5.95361280441,-118.628364563,-2.41681218147,-19.2295627594,-1.20377492905,0
1538770001621296992,26.011241952,carbonZ_2018-10-05-15-52-12_3_engine_failure_with_emr_traj,engine,-0.550000011921,-345.194061279,18.7009906769,174,47.4689903259,5.95361280441,-118.628364563,-2.07317280769,-19.3511257172,-1.2685559988,0
1538770001652122688,26.042067648,carbonZ_2018-10-05-15-52-12_3_engine_failure_with_emr_traj,engine,-0.550000011921,-345.194061279,18.7009906769,174,47.4689903259,5.95361280441,-118.628364563,-1.8941347599,-19.4122810364,-1.29864490032,0
1538770001683943712,26.073888672,carbonZ_2018-10-05-15-52-12_3_engine_failure_with_emr_traj,engine,-0.550000011921,-345.194061279,18.7009906769,174,44.723400116,6.05947589874,-109.413475037,-1.5647251606,-19.513086319,-1.34362232685,0
1538770001735834592,26.125779552,carbonZ_2018-10-05-15-52-12_3_engine_failure_with_emr_traj,engine,-0.669999957085,-378.891571045,19.4451217651,173,44.723400116,6.05947589874,-109.413475037,-1.03402018547,-19.6683959961,-1.40326869488,0
1538770001818611424,26.208556384,carbonZ_2018-10-05-15-52-12_3_engine_failure_with_emr_traj,engine,-0.789999961853,-378.891571045,20.1242084503,172,44.723400116,6.05947589874,-109.413475037,-0.350820094347,-19.827703476,-1.47206008434,0
1538770001872712928,26.262657888,carbonZ_2018-10-05-15-52-12_3_engine_failure_with_emr_traj,engine,-0.789999961853,-378.891571045,20.1242084503,172,44.723400116,6.05947589874,-109.413475037,0.167374432087,-19.9241161346,-1.51719200611,0
1538770001910508992,26.300453952,carbonZ_2018-10-05-15-52-12_3_engine_failure_with_emr_traj,engine,-0.930000007153,-378.122314453,20.7358379364,172,44.723400116,6.05947589874,-109.413475037,0.517182171345,-19.984331131,-1.53825223446,0
1538770001984219200,26.37416416,carbonZ_2018-10-05-15-52-12_3_engine_failure_with_emr_traj,engine,-1.06999993324,-378.122314453,21.2572937012,171,44.6920814514,5.25287723541,-99.844909668,1.05244469643,-20.0619869232,-1.57537686825,0
1538770002026326656,26.416271616,carbonZ_2018-10-05-15-52-12_3_engine_failure_with_emr_traj,engine,-1.06999993324,-378.122314453,21.2572937012,171,44.6920814514,5.25287723541,-99.844909668,1.40764772892,-20.0943012238,-1.61852073669,0
1538770002089962624,26.479907584,carbonZ_2018-10-05-15-52-12_3_engine_failure_with_emr_traj,engine,-1.23000001907,-368.97088623,21.7088832855,171,44.6920814514,5.25287723541,-99.844909668,2.14547014236,-20.1516513824,-1.69094932079,0
1538770002142406304,26.532351264,carbonZ_2018-10-05-15-52-12_3_engine_failure_with_emr_traj,engine,-1.23000001907,-368.97088623,21.7088832855,171,44.6920814514,5.25287723541,-99.844909668,2.50447225571,-20.1626091003,-1.73976039886,0
1538770002202230240,26.5921752,carbonZ_2018-10-05-15-52-12_3_engine_failure_with_emr_traj,engine,-1.38999998569,-368.97088623,22.0668544769,170,44.6920814514,5.25287723541,-99.844909668,3.05178952217,-20.1680622101,-1.79689061642,0
1538770002235246208,26.625191168,carbonZ_2018-10-05-15-52-12_3_engine_failure_with_emr_traj,engine,-1.38999998569,-368.97088623,22.0668544769,170,44.6920814514,5.25287723541,-99.844909668,3.41403746605,-20.161113739,-1.8344861269,0
1538770002253227168,26.643172128,carbonZ_2018-10-05-15-52-12_3_engine_failure_with_emr_traj,engine,-1.38999998569,-368.97088623,22.0668544769,170,44.6920814514,5.25287723541,-99.844909668,3.41403746605,-20.161113739,-1.8344861269,0
1538770002336754880,26.72669984,carbonZ_2018-10-05-15-52-12_3_engine_failure_with_emr_traj,engine,-1.57999992371,-360.332489014,22.334651947,170,44.4946212769,5.8079252243,-91.2328872681,4.30676317215,-20.109254837,-1.91204035282,0
1538770002366968032,26.756912992,carbonZ_2018-10-05-15-52-12_3_engine_failure_with_emr_traj,engine,-1.57999992371,-360.332489014,22.334651947,170,44.4946212769,5.8079252243,-91.2328872681,4.30676317215,-20.109254837,-1.91204035282,0
1538770002453823680,26.84376864,carbonZ_2018-10-05-15-52-12_3_engine_failure_with_emr_traj,engine,-1.76999998093,-360.332489014,22.5195007324,170,44.4946212769,5.8079252243,-91.2328872681,4.99091434479,-20.0308437347,-1.97302830219,0
1538770002505158464,26.895103424,carbonZ_2018-10-05-15-52-12_3_engine_failure_with_emr_traj,engine,-1.97999989986,-351.424224854,22.6117610931,170,44.4946212769,5.8079252243,-91.2328872681,5.64949941635,-19.9222393036,-2.02397418022,0
1538770002558431584,26.948376544,carbonZ_2018-10-05-15-52-12_3_engine_failure_with_emr_traj,engine,-1.97999989986,-351.424224854,22.6117610931,170,44.4946212769,5.8079252243,-91.2328872681,6.10850572586,-19.8271141052,-2.04821324348,0
1538770002576242016,26.966186976,carbonZ_2018-10-05-15-52-12_3_engine_failure_with_emr_traj,engine,-1.97999989986,-351.424224854,22.6117610931,170,44.4946212769,5.8079252243,-91.2328872681,6.26473379135,-19.7955722809,-2.05730342865,0
1538770002623549952,27.013494912,carbonZ_2018-10-05-15-52-12_3_engine_failure_with_emr_traj,engine,-2.19000005722,-351.424224854,22.6162548065,170,44.4946212769,5.8079252243,-91.2328872681,6.54127788544,-19.7242469788,-2.06391596794,0
1538770002700863616,27.090808576,carbonZ_2018-10-05-15-52-12_3_engine_failure_with_emr_traj,engine,-2.41999983788,-349.937805176,22.5601673126,171,41.6379852295,6.65152597427,-83.0220947266,7.09251451492,-19.5671710968,-2.10857534409,0
1538770002716852736,27.106797696,carbonZ_2018-10-05-15-52-12_3_engine_failure_with_emr_traj,engine,-2.41999983788,-349.937805176,22.5601673126,171,41.6379852295,6.65152597427,-83.0220947266,7.22688627243,-19.5268630981,-2.11960744858,0
1538770002808759552,27.198704512,carbonZ_2018-10-05-15-52-12_3_engine_failure_with_emr_traj,engine,-2.64999985695,-349.937805176,22.4245700836,171,41.6379852295,6.65152597427,-83.0220947266,7.83893203735,-19.309015274,-2.1612663269,0
1538770002897747008,27.287691968,carbonZ_2018-10-05-15-52-12_3_engine_failure_with_emr_traj,engine,-2.89999985695,-327.93637085,22.228395462,171,41.6379852295,6.65152597427,-83.0220947266,8.24130249023,-19.1361522675,-2.10280132294,0
1538770002910534496,27.300479456,carbonZ_2018-10-05-15-52-12_3_engine_failure_with_emr_traj,engine,-2.89999985695,-327.93637085,22.228395462,171,41.6379852295,6.65152597427,-83.0220947266,8.24130249023,-19.1361522675,-2.10280132294,0
1538770002983851296,27.373796256,carbonZ_2018-10-05-15-52-12_3_engine_failure_with_emr_traj,engine,-2.89999985695,-327.93637085,22.228395462,171,41.6379852295,6.65152597427,-83.0220947266,8.59323692322,-18.9725952148,-1.98606967926,0
1538770003046578592,27.436523552,carbonZ_2018-10-05-15-52-12_3_engine_failure_with_emr_traj,engine,-3.12999987602,-327.93637085,21.9740505219,172,41.6379852295,6.65152597427,-83.0220947266,8.93439006805,-18.7960968018,-1.8414337635,0
1538770003099145056,27.489090016,carbonZ_2018-10-05-15-52-12_3_engine_failure_with_emr_traj,engine,-3.34999990463,-316.603088379,21.6887226105,172,41.6379852295,6.65152597427,-83.0220947266,9.02210521698,-18.7524909973,-1.80907857418,0
1538770003132501984,27.522446944,carbonZ_2018-10-05-15-52-12_3_engine_failure_with_emr_traj,engine,-3.34999990463,-316.603088379,21.6887226105,172,34.3745079041,3.63175582886,-73.1356430054,9.29950618744,-18.6078014374,-1.74890244007,0
1538770003170958400,27.56090336,carbonZ_2018-10-05-15-52-12_3_engine_failure_with_emr_traj,engine,-3.34999990463,-316.603088379,21.6887226105,172,34.3745079041,3.63175582886,-73.1356430054,9.5691318512,-18.4586524963,-1.70612978935,0
1538770003228557024,27.618501984,carbonZ_2018-10-05-15-52-12_3_engine_failure_with_emr_traj,engine,-3.55999994278,-316.603088379,21.3476371765,173,34.3745079041,3.63175582886,-73.1356430054,9.65223693848,-18.4069690704,-1.69614064693,0
1538770003296428128,27.686373088,carbonZ_2018-10-05-15-52-12_3_engine_failure_with_emr_traj,engine,-3.75,-294.870941162,20.97797966,174,34.3745079041,3.63175582886,-73.1356430054,9.98602676392,-18.1928863525,-1.67044103146,0
1538770003313440416,27.703385376,carbonZ_2018-10-05-15-52-12_3_engine_failure_with_emr_traj,engine,-3.75,-294.870941162,20.97797966,174,34.3745079041,3.63175582886,-73.1356430054,10.070775032,-18.1394748688,-1.66413450241,0
1538770003394940736,27.784885696,carbonZ_2018-10-05-15-52-12_3_engine_failure_with_emr_traj,engine,-3.9399998188,-294.870941162,20.5477409363,175,34.3745079041,3.63175582886,-73.1356430054,10.3979854584,-17.9197635651,-1.63398265839,0
1538770003451937952,27.841882912,carbonZ_2018-10-05-15-52-12_3_engine_failure_with_emr_traj,engine,-3.9399998188,-294.870941162,20.5477409363,175,34.3745079041,3.63175582886,-73.1356430054,10.6168479919,-17.7471694946,-1.64884996414,0
1538770003503315808,27.893260768,carbonZ_2018-10-05-15-52-12_3_engine_failure_with_emr_traj,engine,-4.13999986649,-275.799377441,20.0865211487,175,34.3745079041,3.63175582886,-73.1356430054,10.759106636,-17.6364154816,-1.66796672344,0
1538770003541191872,27.931136832,carbonZ_2018-10-05-15-52-12_3_engine_failure_with_emr_traj,engine,-4.13999986649,-275.799377441,20.0865211487,175,34.3745079041,3.63175582886,-73.1356430054,10.8878231049,-17.5305290222,-1.68512034416,0
1538770003591369664,27.981314624,carbonZ_2018-10-05-15-52-12_3_engine_failure_with_emr_traj,engine,-4.33999967575,-275.799377441,19.5647201538,176,25.4102954865,3.31909322739,-65.7247619629,11.0805568695,-17.3747138977,-1.73471319675,0
1538770003622227424,28.012172384,carbonZ_2018-10-05-15-52-12_3_engine_failure_with_emr_traj,engine,-4.33999967575,-275.799377441,19.5647201538,176,25.4102954865,3.31909322739,-65.7247619629,11.1341180801,-17.3195037842,-1.75755941868,0
1538770003700411936,28.090356896,carbonZ_2018-10-05-15-52-12_3_engine_failure_with_emr_traj,engine,-4.5499997139,-257.16418457,19.0226078033,177,25.4102954865,3.31909322739,-65.7247619629,11.3126401901,-17.1230430603,-1.82180070877,0
1538770003733145536,28.123090496,carbonZ_2018-10-05-15-52-12_3_engine_failure_with_emr_traj,engine,-4.5499997139,-257.16418457,19.0226078033,177,25.4102954865,3.31909322739,-65.7247619629,11.3872509003,-17.03698349,-1.83766365051,0
1538770003782364096,28.172309056,carbonZ_2018-10-05-15-52-12_3_engine_failure_with_emr_traj,engine,-4.5499997139,-257.16418457,19.0226078033,177,25.4102954865,3.31909322739,-65.7247619629,11.4514474869,-16.9542007446,-1.85776412487,0
1538770003839323712,28.229268672,carbonZ_2018-10-05-15-52-12_3_engine_failure_with_emr_traj,engine,-4.76999998093,-257.16418457,18.4543323517,178,25.4102954865,3.31909322739,-65.7247619629,11.5124492645,-16.838640213,-1.87214934826,0
1538770003867836096,28.257781056,carbonZ_2018-10-05-15-52-12_3_engine_failure_with_emr_traj,engine,-5.0,-231.164169312,17.8681564331,179,15.2853059769,3.13348770142,-63.2346763611,11.5568532944,-16.7326526642,-1.88022124767,0
1538770003963551136,28.353496096,carbonZ_2018-10-05-15-52-12_3_engine_failure_with_emr_traj,engine,-5.0,-231.164169312,17.8681564331,179,15.2853059769,3.13348770142,-63.2346763611,11.5833368301,-16.6520309448,-1.84650838375,0
1538770004006537568,28.396482528,carbonZ_2018-10-05-15-52-12_3_engine_failure_with_emr_traj,engine,-5.21999979019,-231.164169312,17.2713127136,180,15.2853059769,3.13348770142,-63.2346763611,11.5829706192,-16.6011810303,-1.81220567226,0
1538770004031996288,28.421941248,carbonZ_2018-10-05-15-52-12_3_engine_failure_with_emr_traj,engine,-5.21999979019,-231.164169312,17.2713127136,180,15.2853059769,3.13348770142,-63.2346763611,11.582201004,-16.5546398163,-1.79170560837,0
1538770004072008480,28.46195344,carbonZ_2018-10-05-15-52-12_3_engine_failure_with_emr_traj,engine,-5.21999979019,-231.164169312,17.2713127136,180,15.2853059769,3.13348770142,-63.2346763611,11.57579422,-16.5087566376,-1.75265038013,0
1538770004109532128,28.499477088,carbonZ_2018-10-05-15-52-12_3_engine_failure_with_emr_traj,engine,-5.44000005722,-211.785888672,19.00573349,181,15.2853059769,3.13348770142,-63.2346763611,11.5740423203,-16.469751358,-1.7266048193,0
1538770004182683072,28.572628032,carbonZ_2018-10-05-15-52-12_3_engine_failure_with_emr_traj,engine,-5.44000005722,-211.785888672,19.00573349,181,15.2853059769,3.13348770142,-63.2346763611,11.5673427582,-16.4166507721,-1.64935612679,0
1538770004269798112,28.659743072,carbonZ_2018-10-05-15-52-12_3_engine_failure_with_emr_traj,engine,-5.65000009537,-212.785919189,18.0794086456,182,4.94319534302,1.06538200378,-59.5345039368,11.5274658203,-16.3488998413,-1.53263616562,0
1538770004297987456,28.687932416,carbonZ_2018-10-05-15-52-12_3_engine_failure_with_emr_traj,engine,-5.65000009537,-212.785919189,18.0794086456,182,4.94319534302,1.06538200378,-59.5345039368,11.5142030716,-16.3353099823,-1.49093294144,0
1538770004318136544,28.708081504,carbonZ_2018-10-05-15-52-12_3_engine_failure_with_emr_traj,engine,-5.83999967575,-186.529922485,17.1669826508,183,4.94319534302,1.06538200378,-59.5345039368,11.4895839691,-16.3176040649,-1.43615078926,0
1538770004376448416,28.766393376,carbonZ_2018-10-05-15-52-12_3_engine_failure_with_emr_traj,engine,-5.83999967575,-186.529922485,17.1669826508,183,4.94319534302,1.06538200378,-59.5345039368,11.4389810562,-16.298948288,-1.34271430969,0
1538770004424176096,28.814121056,carbonZ_2018-10-05-15-52-12_3_engine_failure_with_emr_traj,engine,-6.01999998093,-186.529922485,17.9945259094,184,4.94319534302,1.06538200378,-59.5345039368,11.3840036392,-16.2900123596,-1.29822206497,0
1538770004494787456,28.884732416,carbonZ_2018-10-05-15-52-12_3_engine_failure_with_emr_traj,engine,-6.17999982834,-179.1431427,16.8908290863,185,4.94319534302,1.06538200378,-59.5345039368,11.2622652054,-16.2854042053,-1.19019579887,0
1538770004561303680,28.95124864,carbonZ_2018-10-05-15-52-12_3_engine_failure_with_emr_traj,engine,-6.17999982834,-179.1431427,16.8908290863,185,-9.0185956955,-0.397116065025,-58.2725868225,11.1656551361,-16.2974071503,-1.07489216328,0
1538770004609885472,28.999830432,carbonZ_2018-10-05-15-52-12_3_engine_failure_with_emr_traj,engine,-6.32999992371,-179.1431427,18.1753120422,186,-9.0185956955,-0.397116065025,-58.2725868225,11.0808095932,-16.3127689362,-1.01199316978,0
1538770004634562048,29.024507008,carbonZ_2018-10-05-15-52-12_3_engine_failure_with_emr_traj,engine,-6.32999992371,-179.1431427,18.1753120422,186,-9.0185956955,-0.397116065025,-58.2725868225,10.9986600876,-16.3281669617,-0.923110425472,0
1538770004667707776,29.057652736,carbonZ_2018-10-05-15-52-12_3_engine_failure_with_emr_traj,engine,-6.32999992371,-179.1431427,18.1753120422,186,-9.0185956955,-0.397116065025,-58.2725868225,10.9137392044,-16.3457050323,-0.819787204266,0
1538770004710261664,29.100206624,carbonZ_2018-10-05-15-52-12_3_engine_failure_with_emr_traj,engine,-6.44999980927,-165.967559814,16.8346977234,188,-9.0185956955,-0.397116065025,-58.2725868225,10.8228435516,-16.3685684204,-0.705821812153,0
1538770004774881504,29.164826464,carbonZ_2018-10-05-15-52-12_3_engine_failure_with_emr_traj,engine,-6.55999994278,-165.967559814,17.6370124817,189,-9.0185956955,-0.397116065025,-58.2725868225,10.6177463531,-16.4273395538,-0.49923312664,0
1538770004857902336,29.247847296,carbonZ_2018-10-05-15-52-12_3_engine_failure_with_emr_traj,engine,-6.55999994278,-165.967559814,17.6370124817,189,-18.5241203308,-1.49837100506,-59.6013031006,10.4191265106,-16.492685318,-0.385914593935,0
1538770004886888128,29.276833088,carbonZ_2018-10-05-15-52-12_3_engine_failure_with_emr_traj,engine,-6.55999994278,-165.967559814,17.6370124817,189,-18.5241203308,-1.49837100506,-59.6013031006,10.3469924927,-16.5190677643,-0.353270977736,0
1538770004914031648,29.303976608,carbonZ_2018-10-05-15-52-12_3_engine_failure_with_emr_traj,engine,-6.63999986649,-145.816421509,16.1641960144,190,-18.5241203308,-1.49837100506,-59.6013031006,10.2077255249,-16.5747051239,-0.271788477898,0
1538770004986512192,29.376457152,carbonZ_2018-10-05-15-52-12_3_engine_failure_with_emr_traj,engine,-6.63999986649,-145.816421509,16.1641960144,190,-18.5241203308,-1.49837100506,-59.6013031006,9.99368667603,-16.6535186768,-0.158175125718,0
1538770005022493120,29.41243808,carbonZ_2018-10-05-15-52-12_3_engine_failure_with_emr_traj,engine,-6.69999980927,-145.816421509,14.6885290146,191,-18.5241203308,-1.49837100506,-59.6013031006,9.7060136795,-16.7491455078,0.0721189305186,0
1538770005102661632,29.492606592,carbonZ_2018-10-05-15-52-12_3_engine_failure_with_emr_traj,engine,-6.71999979019,-133.77456665,14.6346445084,192,-18.5241203308,-1.49837100506,-59.6013031006,9.56809043884,-16.7955875397,0.206121653318,0
1538770005123931936,29.513876896,carbonZ_2018-10-05-15-52-12_3_engine_failure_with_emr_traj,engine,-6.71999979019,-133.77456665,14.6346445084,192,-28.8554191589,-3.19148921967,-62.455619812,9.49829292297,-16.8161430359,0.270412325859,0
1538770005179593664,29.569538624,carbonZ_2018-10-05-15-52-12_3_engine_failure_with_emr_traj,engine,-6.71999979019,-133.77456665,14.6346445084,192,-28.8554191589,-3.19148921967,-62.455619812,9.25115203857,-16.9077568054,0.423285722733,0
1538770005216602336,29.606547296,carbonZ_2018-10-05-15-52-12_3_engine_failure_with_emr_traj,engine,-6.73000001907,-133.77456665,13.1196889877,193,-28.8554191589,-3.19148921967,-62.455619812,9.1614818573,-16.9363555908,0.473994970322,0
1538770005238075168,29.628020128,carbonZ_2018-10-05-15-52-12_3_engine_failure_with_emr_traj,engine,-6.73000001907,-133.77456665,13.1196889877,193,-28.8554191589,-3.19148921967,-62.455619812,8.99009418488,-16.9992179871,0.58038687706,0
1538770005300365472,29.690310432,carbonZ_2018-10-05-15-52-12_3_engine_failure_with_emr_traj,engine,-6.69999980927,-134.203918457,12.75578022,193,-28.8554191589,-3.19148921967,-62.455619812,8.72147369385,-17.089214325,0.719293236732,0
1538770005313365568,29.703310528,carbonZ_2018-10-05-15-52-12_3_engine_failure_with_emr_traj,engine,-6.69999980927,-134.203918457,12.75578022,193,-28.8554191589,-3.19148921967,-62.455619812,8.72147369385,-17.089214325,0.719293236732,0
1538770005404391072,29.794336032,carbonZ_2018-10-05-15-52-12_3_engine_failure_with_emr_traj,engine,-6.64999961853,-134.203918457,11.2341413498,194,-28.8554191589,-3.19148921967,-62.455619812,8.24395942688,-17.2628116608,0.947604477406,0
1538770005417305344,29.807250304,carbonZ_2018-10-05-15-52-12_3_engine_failure_with_emr_traj,engine,-6.64999961853,-134.203918457,11.2341413498,194,-28.8554191589,-3.19148921967,-62.455619812,8.13218784332,-17.3022136688,0.984700024128,0
1538770005472927424,29.862872384,carbonZ_2018-10-05-15-52-12_3_engine_failure_with_emr_traj,engine,-6.64999961853,-134.203918457,11.2341413498,194,-28.8554191589,-3.19148921967,-62.455619812,7.79836416245,-17.4223365784,1.09681069851,0
1538770005510113216,29.900058176,carbonZ_2018-10-05-15-52-12_3_engine_failure_with_emr_traj,engine,-6.57999992371,-124.459075928,10.7112026215,195,-28.8554191589,-3.19148921967,-62.455619812,7.79836416245,-17.4223365784,1.09681069851,0
1538770005609477408,29.999422368,carbonZ_2018-10-05-15-52-12_3_engine_failure_with_emr_traj,engine,-6.48999977112,-124.459075928,9.22074604034,196,-37.0474319458,-5.65189313889,-71.2779388428,7.13267374039,-17.6254787445,1.38829469681,0
1538770005631714976,30.021659936,carbonZ_2018-10-05-15-52-12_3_engine_failure_with_emr_traj,engine,-6.48999977112,-124.459075928,9.22074604034,196,-37.0474319458,-5.65189313889,-71.2779388428,7.01549959183,-17.6603431702,1.44691801071,0
1538770005668709536,30.058654496,carbonZ_2018-10-05-15-52-12_3_engine_failure_with_emr_traj,engine,-6.48999977112,-124.459075928,9.22074604034,196,-37.0474319458,-5.65189313889,-71.2779388428,6.66481161118,-17.7525177002,1.60883843899,0
1538770005717105792,30.107050752,carbonZ_2018-10-05-15-52-12_3_engine_failure_with_emr_traj,engine,-6.36999988556,-90.567779541,7.8117518425,197,-37.0474319458,-5.65189313889,-71.2779388428,6.42728376389,-17.8171768188,1.71250021458,0
1538770005790032864,30.179977824,carbonZ_2018-10-05-15-52-12_3_engine_failure_with_emr_traj,engine,-6.21999979019,-90.567779541,6.62793874741,198,-37.0474319458,-5.65189313889,-71.2779388428,5.90507459641,-17.9491958618,1.86020755768,0
1538770005828954496,30.218899456,carbonZ_2018-10-05-15-52-12_3_engine_failure_with_emr_traj,engine,-6.21999979019,-90.567779541,6.62793874741,198,-37.0474319458,-5.65189313889,-71.2779388428,5.62403392792,-18.0117950439,1.9401525259,0
1538770005877925792,30.267870752,carbonZ_2018-10-05-15-52-12_3_engine_failure_with_emr_traj,engine,-6.21999979019,-90.567779541,6.62793874741,198,-37.0474319458,-5.65189313889,-71.2779388428,5.32276821136,-18.072687149,1.99003756046,0
1538770005902252448,30.292197408,carbonZ_2018-10-05-15-52-12_3_engine_failure_with_emr_traj,engine,-6.03999996185,-95.9440231323,5.30685043335,198,-37.0474319458,-5.65189313889,-71.2779388428,5.32276821136,-18.072687149,1.99003756046,0
1538770005978506656,30.368451616,carbonZ_2018-10-05-15-52-12_3_engine_failure_with_emr_traj,engine,-6.03999996185,-95.9440231323,5.30685043335,198,-40.9744491577,-6.49907159805,-79.6653823853,4.57796049118,-18.2252788544,2.13703298569,0
1538770006010478336,30.400423296,carbonZ_2018-10-05-15-52-12_3_engine_failure_with_emr_traj,engine,-5.84999990463,-95.9440231323,4.13188934326,199,-40.9744491577,-6.49907159805,-79.6653823853,4.07560014725,-18.3045139313,2.19462513924,0
1538770006096873344,30.486818304,carbonZ_2018-10-05-15-52-12_3_engine_failure_with_emr_traj,engine,-5.65000009537,-106.998443604,2.9267976284,199,-40.9744491577,-6.49907159805,-79.6653823853,3.5261297226,-18.388841629,2.20575428009,0
1538770006133937184,30.523882144,carbonZ_2018-10-05-15-52-12_3_engine_failure_with_emr_traj,engine,-5.65000009537,-106.998443604,2.9267976284,199,-40.9744491577,-6.49907159805,-79.6653823853,3.17906403542,-18.4405040741,2.2306406498,0
1538770006177683072,30.567628032,carbonZ_2018-10-05-15-52-12_3_engine_failure_with_emr_traj,engine,-5.44000005722,-106.998443604,1.75098574162,200,-40.9744491577,-6.49907159805,-79.6653823853,2.82616114616,-18.4827232361,2.25568032265,0
1538770006217154880,30.60709984,carbonZ_2018-10-05-15-52-12_3_engine_failure_with_emr_traj,engine,-5.44000005722,-106.998443604,1.75098574162,200,-40.9744491577,-6.49907159805,-79.6653823853,2.44632434845,-18.5161991119,2.27441310883,0
1538770006275664608,30.665609568,carbonZ_2018-10-05-15-52-12_3_engine_failure_with_emr_traj,engine,-5.44000005722,-106.998443604,1.75098574162,200,-40.9744491577,-6.49907159805,-79.6653823853,1.84665477276,-18.5551548004,2.26651883125,0
1538770006313580800,30.70352576,carbonZ_2018-10-05-15-52-12_3_engine_failure_with_emr_traj,engine,-5.21999979019,-96.794128418,0.683413624763,200,-40.9744491577,-6.49907159805,-79.6653823853,1.25614762306,-18.584810257,2.23584485054,0
1538770006381942880,30.77188784,carbonZ_2018-10-05-15-52-12_3_engine_failure_with_emr_traj,engine,-5.21999979019,-96.794128418,0.683413624763,200,-43.0519714355,-6.40792274475,-92.206817627,0.834444701672,-18.5972614288,2.21106338501,0
1538770006447165984,30.837110944,carbonZ_2018-10-05-15-52-12_3_engine_failure_with_emr_traj,engine,-5.01999998093,-95.7941055298,-0.313553780317,201,-43.0519714355,-6.40792274475,-92.206817627,0.177519708872,-18.586605072,2.17740631104,0
1538770006465930272,30.855875232,carbonZ_2018-10-05-15-52-12_3_engine_failure_with_emr_traj,engine,-5.01999998093,-95.7941055298,-0.313553780317,201,-43.0519714355,-6.40792274475,-92.206817627,0.177519708872,-18.586605072,2.17740631104,0
1538770006506650080,30.89659504,carbonZ_2018-10-05-15-52-12_3_engine_failure_with_emr_traj,engine,-4.80999994278,-125.283432007,-1.17190539837,201,-43.0519714355,-6.40792274475,-92.206817627,-0.687228083611,-18.5407371521,2.14670372009,0
1538770006617730176,31.007675136,carbonZ_2018-10-05-15-52-12_3_engine_failure_with_emr_traj,engine,-4.61000013351,-125.283432007,-1.97511565685,201,-43.0519714355,-6.40792274475,-92.206817627,-1.80642724037,-18.427614212,2.10151672363,0
1538770006700201856,31.090146816,carbonZ_2018-10-05-15-52-12_3_engine_failure_with_emr_traj,engine,-4.40999984741,-150.143814087,-2.63320755959,201,-43.0519714355,-6.40792274475,-92.206817627,-2.70976185799,-18.2759857178,2.0903301239,0
1538770006728229792,31.118174752,carbonZ_2018-10-05-15-52-12_3_engine_failure_with_emr_traj,engine,-4.40999984741,-150.143814087,-2.63320755959,201,-43.0519714355,-6.40792274475,-92.206817627,-2.93446445465,-18.2346343994,2.08970999718,0
1538770006778599488,31.168544448,carbonZ_2018-10-05-15-52-12_3_engine_failure_with_emr_traj,engine,-4.40999984741,-150.143814087,-2.63320755959,201,-44.890586853,-6.09468221664,-104.682640076,-3.59644198418,-18.0957260132,2.07158517838,0
1538770006809300512,31.199245472,carbonZ_2018-10-05-15-52-12_3_engine_failure_with_emr_traj,engine,-4.21000003815,-150.143814087,-3.24086976051,201,-44.890586853,-6.09468221664,-104.682640076,-3.81457495689,-18.03814888,2.06926679611,0
1538770006854987808,31.244932768,carbonZ_2018-10-05-15-52-12_3_engine_failure_with_emr_traj,engine,-4.21000003815,-150.143814087,-3.24086976051,201,-44.890586853,-6.09468221664,-104.682640076,-4.44782829285,-17.8614253998,2.07811689377,0
1538770006914078336,31.304023296,carbonZ_2018-10-05-15-52-12_3_engine_failure_with_emr_traj,engine,-4.00999975204,-179.494659424,-3.69272351265,201,-44.890586853,-6.09468221664,-104.682640076,-5.06202888489,-17.6720428467,2.07665634155,0
1538770006949901696,31.339846656,carbonZ_2018-10-05-15-52-12_3_engine_failure_with_emr_traj,engine,-4.00999975204,-179.494659424,-3.69272351265,201,-44.890586853,-6.09468221664,-104.682640076,-5.06202888489,-17.6720428467,2.07665634155,0
1538770007004755680,31.39470064,carbonZ_2018-10-05-15-52-12_3_engine_failure_with_emr_traj,engine,-3.80999994278,-179.494659424,-4.08085203171,200,-44.890586853,-6.09468221664,-104.682640076,-5.67677164078,-17.4657878876,2.03554129601,0
1538770007052635008,31.442579968,carbonZ_2018-10-05-15-52-12_3_engine_failure_with_emr_traj,engine,-3.80999994278,-179.494659424,-4.08085203171,200,-44.890586853,-6.09468221664,-104.682640076,-6.53536272049,-17.1204128265,1.9550806284,0
1538770007134462688,31.524407648,carbonZ_2018-10-05-15-52-12_3_engine_failure_with_emr_traj,engine,-3.6099998951,-198.839187622,-4.3085474968,200,-44.890586853,-6.09468221664,-104.682640076,-7.36022853851,-16.7506656647,1.84634065628,0
1538770007222886272,31.612831232,carbonZ_2018-10-05-15-52-12_3_engine_failure_with_emr_traj,engine,-3.42999982834,-198.839187622,-4.47560358047,200,-44.890586853,-6.09468221664,-104.682640076,-8.15245342255,-16.3366222382,1.73138654232,0
1538770007254461984,31.644406944,carbonZ_2018-10-05-15-52-12_3_engine_failure_with_emr_traj,engine,-3.42999982834,-198.839187622,-4.47560358047,200,-44.890586853,-6.09468221664,-104.682640076,-8.55154132843,-16.1067047119,1.66097545624,0
1538770007322100640,31.7120456,carbonZ_2018-10-05-15-52-12_3_engine_failure_with_emr_traj,engine,-3.25,-232.004165649,-4.47687101364,199,-40.2282447815,-4.34904098511,-123.906135559,-9.12328243256,-15.7561206818,1.54854011536,0
1538770007381440672,31.771385632,carbonZ_2018-10-05-15-52-12_3_engine_failure_with_emr_traj,engine,-3.25,-232.004165649,-4.47687101364,199,-40.2282447815,-4.34904098511,-123.906135559,-9.65474510193,-15.4038791656,1.43946182728,0
1538770007430655072,31.820600032,carbonZ_2018-10-05-15-52-12_3_engine_failure_with_emr_traj,engine,-3.08999991417,-232.004165649,-4.41128778458,198,-40.2282447815,-4.34904098511,-123.906135559,-10.0077056885,-15.1400632858,1.3638664484,0
1538770007451760416,31.841705376,carbonZ_2018-10-05-15-52-12_3_engine_failure_with_emr_traj,engine,-3.08999991417,-232.004165649,-4.41128778458,198,-40.2282447815,-4.34904098511,-123.906135559,-10.1798839569,-15.008146286,1.32529890537,0
1538770007468851904,31.858796864,carbonZ_2018-10-05-15-52-12_3_engine_failure_with_emr_traj,engine,-3.08999991417,-232.004165649,-4.41128778458,198,-40.2282447815,-4.34904098511,-123.906135559,-10.5093631744,-14.7462902069,1.23936808109,0
1538770007518258848,31.908203808,carbonZ_2018-10-05-15-52-12_3_engine_failure_with_emr_traj,engine,-2.95000004768,-257.534790039,-4.20038032532,198,-40.2282447815,-4.34904098511,-123.906135559,-10.8299865723,-14.4784784317,1.15448355675,0
1538770007591088704,31.981033664,carbonZ_2018-10-05-15-52-12_3_engine_failure_with_emr_traj,engine,-2.82999992371,-257.534790039,-3.92599892616,197,-40.2282447815,-4.34904098511,-123.906135559,-11.5434904099,-13.8249807358,0.9207508564,0
1538770007658463040,32.048408,carbonZ_2018-10-05-15-52-12_3_engine_failure_with_emr_traj,engine,-2.82999992371,-257.534790039,-3.92599892616,197,-40.2282447815,-4.34904098511,-123.906135559,-11.5434904099,-13.8249807358,0.9207508564,0
1538770007712272768,32.102217728,carbonZ_2018-10-05-15-52-12_3_engine_failure_with_emr_traj,engine,-2.72000002861,-285.787963867,-3.52454733849,196,-30.1698360443,-2.50176477432,-136.515014648,-12.156162262,-13.1825790405,0.683606922626,0
1538770007775945632,32.165890592,carbonZ_2018-10-05-15-52-12_3_engine_failure_with_emr_traj,engine,-2.72000002861,-285.787963867,-3.52454733849,196,-30.1698360443,-2.50176477432,-136.515014648,-12.4668273926,-12.8301506042,0.521336019039,0
1538770007813949344,32.203894304,carbonZ_2018-10-05-15-52-12_3_engine_failure_with_emr_traj,engine,-2.63999986649,-285.787963867,-3.07960486412,195,-30.1698360443,-2.50176477432,-136.515014648,-12.6537485123,-12.5928030014,0.421383589506,0
1538770007873074432,32.263019392,carbonZ_2018-10-05-15-52-12_3_engine_failure_with_emr_traj,engine,-2.63999986649,-285.787963867,-3.07960486412,195,-30.1698360443,-2.50176477432,-136.515014648,-12.8874588013,-12.2748756409,0.287228882313,0
1538770007916889888,32.306834848,carbonZ_2018-10-05-15-52-12_3_engine_failure_with_emr_traj,engine,-2.57999992371,-312.739562988,-2.54005932808,194,-30.1698360443,-2.50176477432,-136.515014648,-13.030708313,-12.071814537,0.18568187952,0
1538770008001483648,32.391428608,carbonZ_2018-10-05-15-52-12_3_engine_failure_with_emr_traj,engine,-2.54999995232,-312.739562988,-1.98519861698,193,-30.1698360443,-2.50176477432,-136.515014648,-13.195608139,-11.8051013947,0.0425538085401,0
1538770008026375520,32.41632048,carbonZ_2018-10-05-15-52-12_3_engine_failure_with_emr_traj,engine,-2.54999995232,-312.739562988,-1.98519861698,193,-16.8405742645,-0.230260834098,-142.55670166,-13.3010511398,-11.6172628403,-0.0686444938183,0
1538770008072736032,32.462680992,carbonZ_2018-10-05-15-52-12_3_engine_failure_with_emr_traj,engine,-2.54999995232,-312.739562988,-1.98519861698,193,-16.8405742645,-0.230260834098,-142.55670166,-13.4329309464,-11.3613567352,-0.28134649992,0
1538770008116304320,32.50624928,carbonZ_2018-10-05-15-52-12_3_engine_failure_with_emr_traj,engine,-2.55999994278,-349.918548584,-1.36569595337,192,-16.8405742645,-0.230260834098,-142.55670166,-13.4959220886,-11.2176465988,-0.387463152409,0
1538770008225038496,32.614983456,carbonZ_2018-10-05-15-52-12_3_engine_failure_with_emr_traj,engine,-2.58999991417,-349.918548584,-0.738484323025,191,-16.8405742645,-0.230260834098,-142.55670166,-13.5757637024,-10.9137182236,-0.476275384426,0
1538770008315824640,32.7057696,carbonZ_2018-10-05-15-52-12_3_engine_failure_with_emr_traj,engine,-2.62999987602,-359.102233887,-0.0871423259377,190,-16.8405742645,-0.230260834098,-142.55670166,-13.5987234116,-10.7157812119,-0.561363101006,0
1538770008321473472,32.711418432,carbonZ_2018-10-05-15-52-12_3_engine_failure_with_emr_traj,engine,-2.62999987602,-359.102233887,-0.0871423259377,190,-16.8405742645,-0.230260834098,-142.55670166,-13.5987234116,-10.7157812119,-0.561363101006,0
1538770008440388768,32.830333728,carbonZ_2018-10-05-15-52-12_3_engine_failure_with_emr_traj,engine,-2.69000005722,-359.102233887,0.545319139957,189,-16.8405742645,-0.230260834098,-142.55670166,-13.5308179855,-10.5162172318,-0.753062546253,0
1538770008472969088,32.862914048,carbonZ_2018-10-05-15-52-12_3_engine_failure_with_emr_traj,engine,-2.69000005722,-359.102233887,0.545319139957,189,-16.8405742645,-0.230260834098,-142.55670166,-13.4872055054,-10.4926996231,-0.792987704277,0
1538770008512365856,32.902310816,carbonZ_2018-10-05-15-52-12_3_engine_failure_with_emr_traj,engine,-2.75999999046,-354.477874756,1.17542719841,188,4.37938261032,2.16986441612,-144.485031128,-13.4314756393,-10.4840841293,-0.822303414345,0
1538770008593353920,32.98329888,carbonZ_2018-10-05-15-52-12_3_engine_failure_with_emr_traj,engine,-2.83999991417,-354.477874756,1.78452980518,187,4.37938261032,2.16986441612,-144.485031128,-13.3068161011,-10.4893636703,-0.866534471512,0
1538770008642355296,33.032300256,carbonZ_2018-10-05-15-52-12_3_engine_failure_with_emr_traj,engine,-2.83999991417,-354.477874756,1.78452980518,187,4.37938261032,2.16986441612,-144.485031128,-13.2316627502,-10.5114297867,-0.863927602768,0
1538770008670252416,33.060197376,carbonZ_2018-10-05-15-52-12_3_engine_failure_with_emr_traj,engine,-2.83999991417,-354.477874756,1.78452980518,187,4.37938261032,2.16986441612,-144.485031128,-13.1626405716,-10.5312795639,-0.842629134655,0
1538770008707769792,33.097714752,carbonZ_2018-10-05-15-52-12_3_engine_failure_with_emr_traj,engine,-2.91999983788,-344.047363281,2.36901974678,186,4.37938261032,2.16986441612,-144.485031128,-13.0886859894,-10.5634002686,-0.824006855488,0
1538770008790250592,33.180195552,carbonZ_2018-10-05-15-52-12_3_engine_failure_with_emr_traj,engine,-2.91999983788,-344.047363281,2.36901974678,186,4.37938261032,2.16986441612,-144.485031128,-12.9599428177,-10.6301517487,-0.847058355808,0
1538770008830267168,33.220212128,carbonZ_2018-10-05-15-52-12_3_engine_failure_with_emr_traj,engine,-2.99000000954,-344.047363281,2.92244291306,185,15.5379362106,2.61884212494,-144.446014404,-12.8246145248,-10.7116947174,-0.861081898212,0
1538770008875732672,33.265677632,carbonZ_2018-10-05-15-52-12_3_engine_failure_with_emr_traj,engine,-2.99000000954,-344.047363281,2.92244291306,185,15.5379362106,2.61884212494,-144.446014404,-12.7316217422,-10.7741928101,-0.876988708973,0
1538770008893932416,33.283877376,carbonZ_2018-10-05-15-52-12_3_engine_failure_with_emr_traj,engine,-3.06999993324,-333.276367188,3.43671059608,185,15.5379362106,2.61884212494,-144.446014404,-12.6336965561,-10.8385248184,-0.903376400471,0
1538770009017709088,33.407654048,carbonZ_2018-10-05-15-52-12_3_engine_failure_with_emr_traj,engine,-3.14999985695,-333.276367188,3.91605424881,184,15.5379362106,2.61884212494,-144.446014404,-12.4385633469,-10.9797706604,-0.928124785423,0
1538770009034953504,33.424898464,carbonZ_2018-10-05-15-52-12_3_engine_failure_with_emr_traj,engine,-3.14999985695,-333.276367188,3.91605424881,184,15.5379362106,2.61884212494,-144.446014404,-12.3409328461,-11.0507831573,-0.886804759502,0
1538770009072390048,33.462335008,carbonZ_2018-10-05-15-52-12_3_engine_failure_with_emr_traj,engine,-3.22000002861,-312.331573486,4.36803722382,183,15.5379362106,2.61884212494,-144.446014404,-12.2497367859,-11.1162853241,-0.824196755886,0
1538770009113656576,33.503601536,carbonZ_2018-10-05-15-52-12_3_engine_failure_with_emr_traj,engine,-3.22000002861,-312.331573486,4.36803722382,183,15.5379362106,2.61884212494,-144.446014404,-12.1639299393,-11.1828022003,-0.748631477356,0
1538770009178389856,33.568334816,carbonZ_2018-10-05-15-52-12_3_engine_failure_with_emr_traj,engine,-3.27999997139,-312.331573486,4.78596925735,182,21.1857357025,2.34225845337,-143.405487061,-12.0317192078,-11.2827110291,-0.638256907463,0
1538770009233595616,33.623540576,carbonZ_2018-10-05-15-52-12_3_engine_failure_with_emr_traj,engine,-3.27999997139,-312.331573486,4.78596925735,182,21.1857357025,2.34225845337,-143.405487061,-11.9041137695,-11.3883066177,-0.518652915955,0
1538770009272974208,33.662919168,carbonZ_2018-10-05-15-52-12_3_engine_failure_with_emr_traj,engine,-3.27999997139,-312.331573486,4.78596925735,182,21.1857357025,2.34225845337,-143.405487061,-11.8144950867,-11.4642133713,-0.442742049694,0
1538770009302572512,33.692517472,carbonZ_2018-10-05-15-52-12_3_engine_failure_with_emr_traj,engine,-3.31999993324,-301.90335083,5.17779254913,182,21.1857357025,2.34225845337,-143.405487061,-11.7266101837,-11.5360393524,-0.375164985657,0
1538770009375835968,33.765780928,carbonZ_2018-10-05-15-52-12_3_engine_failure_with_emr_traj,engine,-3.33999991417,-301.90335083,5.53233623505,181,21.1857357025,2.34225845337,-143.405487061,-11.5519704819,-11.6863956451,-0.231425181031,0
1538770009419450368,33.809395328,carbonZ_2018-10-05-15-52-12_3_engine_failure_with_emr_traj,engine,-3.33999991417,-301.90335083,5.53233623505,181,21.1857357025,2.34225845337,-143.405487061,-11.5082492828,-11.728053093,-0.194313839078,0
1538770009486483264,33.876428224,carbonZ_2018-10-05-15-52-12_3_engine_failure_with_emr_traj,engine,-3.33999991417,-296.684448242,5.85268259048,180,21.1857357025,2.34225845337,-143.405487061,-11.3778305054,-11.8457975388,-0.104648597538,0
1538770009532971488,33.922916448,carbonZ_2018-10-05-15-52-12_3_engine_failure_with_emr_traj,engine,-3.33999991417,-296.684448242,5.85268259048,180,22.8013477325,0.976038396358,-140.845352173,-11.2434568405,-11.9730386734,-0.0317345112562,0
1538770009589202656,33.979147616,carbonZ_2018-10-05-15-52-12_3_engine_failure_with_emr_traj,engine,-3.31999993324,-296.684448242,6.15650701523,180,22.8013477325,0.976038396358,-140.845352173,-11.1068105698,-12.0965309143,0.0379937887192,0
1538770009668405600,34.05835056,carbonZ_2018-10-05-15-52-12_3_engine_failure_with_emr_traj,engine,-3.31999993324,-296.684448242,6.15650701523,180,22.8013477325,0.976038396358,-140.845352173,-10.9753065109,-12.2242689133,0.104645982385,0
1538770009698398144,34.088343104,carbonZ_2018-10-05-15-52-12_3_engine_failure_with_emr_traj,engine,-3.27999997139,-289.882263184,6.43620014191,179,22.8013477325,0.976038396358,-140.845352173,-10.9283342361,-12.2699422836,0.131046399474,0
1538770009729193120,34.11913808,carbonZ_2018-10-05-15-52-12_3_engine_failure_with_emr_traj,engine,-3.27999997139,-289.882263184,6.43620014191,179,22.8013477325,0.976038396358,-140.845352173,-10.7857246399,-12.3979072571,0.212904080749,0
1538770009809297824,34.199242784,carbonZ_2018-10-05-15-52-12_3_engine_failure_with_emr_traj,engine,-3.23000001907,-289.882263184,6.68482351303,179,22.8013477325,0.976038396358,-140.845352173,-10.6494970322,-12.5286722183,0.318591922522,0
1538770009828047968,34.217992928,carbonZ_2018-10-05-15-52-12_3_engine_failure_with_emr_traj,engine,-3.23000001907,-289.882263184,6.68482351303,179,22.8013477325,0.976038396358,-140.845352173,-10.543513298,-12.6337909698,0.354371279478,0
1538770009902851584,34.292796544,carbonZ_2018-10-05-15-52-12_3_engine_failure_with_emr_traj,engine,-3.15999984741,-282.01940918,6.90112781525,178,22.8013477325,0.976038396358,-140.845352173,-10.3787717819,-12.7925786972,0.400691539049,0
1538770009931563296,34.321508256,carbonZ_2018-10-05-15-52-12_3_engine_failure_with_emr_traj,engine,-3.15999984741,-282.01940918,6.90112781525,178,23.6845626831,-0.484914630651,-135.797195435,-10.3241119385,-12.848072052,0.412941366434,0
1538770009996958080,34.38690304,carbonZ_2018-10-05-15-52-12_3_engine_failure_with_emr_traj,engine,-3.08999991417,-282.01940918,7.08275651932,178,23.6845626831,-0.484914630651,-135.797195435,-10.1519899368,-13.0085115433,0.460971146822,0
1538770010018778592,34.408723552,carbonZ_2018-10-05-15-52-12_3_engine_failure_with_emr_traj,engine,-3.08999991417,-282.01940918,7.08275651932,178,23.6845626831,-0.484914630651,-135.797195435,-9.9903383255,-13.1682777405,0.518178403378,0
1538770010075634176,34.465579136,carbonZ_2018-10-05-15-52-12_3_engine_failure_with_emr_traj,engine,-3.08999991417,-282.01940918,7.08275651932,178,23.6845626831,-0.484914630651,-135.797195435,-9.87457084656,-13.2771291733,0.537293791771,0
1538770010110738624,34.500683584,carbonZ_2018-10-05-15-52-12_3_engine_failure_with_emr_traj,engine,-3.0,-283.559234619,7.2249789238,178,23.6845626831,-0.484914630651,-135.797195435,-9.7626619339,-13.379524231,0.553312063217,0
1538770010176181824,34.566126784,carbonZ_2018-10-05-15-52-12_3_engine_failure_with_emr_traj,engine,-3.0,-283.559234619,7.2249789238,178,23.6845626831,-0.484914630651,-135.797195435,-9.59551143646,-13.5299100876,0.592303454876,0
1538770010266532032,34.656476992,carbonZ_2018-10-05-15-52-12_3_engine_failure_with_emr_traj,engine,-2.91999983788,-283.559234619,7.31475305557,178,23.6845626831,-0.484914630651,-135.797195435,-9.37054634094,-13.7376976013,0.558162927628,0
1538770010295182080,34.68512704,carbonZ_2018-10-05-15-52-12_3_engine_failure_with_emr_traj,engine,-2.91999983788,-283.559234619,7.31475305557,178,23.6845626831,-0.484914630651,-135.797195435,-9.31525993347,-13.7889356613,0.540593206882,0
1538770010319607328,34.709552288,carbonZ_2018-10-05-15-52-12_3_engine_failure_with_emr_traj,engine,-2.83999991417,-284.397888184,7.38289737701,177,23.2210788727,0.079560495913,-133.214889526,-9.14980506897,-13.939198494,0.503642857075,0
1538770010392443904,34.782388864,carbonZ_2018-10-05-15-52-12_3_engine_failure_with_emr_traj,engine,-2.76999998093,-284.397888184,7.41872167587,177,23.2210788727,0.079560495913,-133.214889526,-9.04703521729,-14.0243825912,0.493121027946,0
1538770010424223968,34.814168928,carbonZ_2018-10-05-15-52-12_3_engine_failure_with_emr_traj,engine,-2.76999998093,-284.397888184,7.41872167587,177,23.2210788727,0.079560495913,-133.214889526,-8.94538497925,-14.1171140671,0.476499408484,0
1538770010468179744,34.858124704,carbonZ_2018-10-05-15-52-12_3_engine_failure_with_emr_traj,engine,-2.76999998093,-284.397888184,7.41872167587,177,23.2210788727,0.079560495913,-133.214889526,-8.7490234375,-14.2991828918,0.452594697475,0
1538770010510791648,34.900736608,carbonZ_2018-10-05-15-52-12_3_engine_failure_with_emr_traj,engine,-2.70000004768,-279.959106445,7.42083024979,177,23.2210788727,0.079560495913,-133.214889526,-8.69855880737,-14.3418855667,0.448268651962,0
1538770010594531008,34.984475968,carbonZ_2018-10-05-15-52-12_3_engine_failure_with_emr_traj,engine,-2.62999987602,-279.959106445,7.38257455826,177,23.2210788727,0.079560495913,-133.214889526,-8.56396770477,-14.4518041611,0.45623973012,0
1538770010622017952,35.011962912,carbonZ_2018-10-05-15-52-12_3_engine_failure_with_emr_traj,engine,-2.62999987602,-279.959106445,7.38257455826,177,20.5022144318,0.0322936661541,-131.236465454,-8.48418617249,-14.5246191025,0.455627918243,0
1538770010696628768,35.086573728,carbonZ_2018-10-05-15-52-12_3_engine_failure_with_emr_traj,engine,-2.56999993324,-275.403778076,7.33189821243,177,20.5022144318,0.0322936661541,-131.236465454,-8.30769348145,-14.6736040115,0.41187748313,0
1538770010717873088,35.107818048,carbonZ_2018-10-05-15-52-12_3_engine_failure_with_emr_traj,engine,-2.56999993324,-275.403778076,7.33189821243,177,20.5022144318,0.0322936661541,-131.236465454,-8.26561641693,-14.706990242,0.409609913826,0
1538770010774718336,35.164663296,carbonZ_2018-10-05-15-52-12_3_engine_failure_with_emr_traj,engine,-2.56999993324,-275.403778076,7.33189821243,177,20.5022144318,0.0322936661541,-131.236465454,-8.14921855927,-14.8001213074,0.397495061159,0
1538770010844229760,35.23417472,carbonZ_2018-10-05-15-52-12_3_engine_failure_with_emr_traj,engine,-2.50999999046,-275.403778076,7.25188398361,177,20.5022144318,0.0322936661541,-131.236465454,-8.03388881683,-14.9018173218,0.361565500498,0
1538770010871835648,35.261780608,carbonZ_2018-10-05-15-52-12_3_engine_failure_with_emr_traj,engine,-2.50999999046,-275.403778076,7.25188398361,177,20.5022144318,0.0322936661541,-131.236465454,-7.95054292679,-14.9676122665,0.322265326977,0
1538770010900501888,35.290446848,carbonZ_2018-10-05-15-52-12_3_engine_failure_with_emr_traj,engine,-2.45000004768,-280.308532715,7.16338682175,177,20.5022144318,0.0322936661541,-131.236465454,-7.91267347336,-14.9987602234,0.305625408888,0
1538770010945310336,35.335255296,carbonZ_2018-10-05-15-52-12_3_engine_failure_with_emr_traj,engine,-2.45000004768,-280.308532715,7.16338682175,177,20.5022144318,0.0322936661541,-131.236465454,-7.79096651077,-15.0937404633,0.245697513223,0
1538770011002724800,35.39266976,carbonZ_2018-10-05-15-52-12_3_engine_failure_with_emr_traj,engine,-2.39999985695,-280.308532715,7.04050731659,177,20.5022144318,0.0322936661541,-131.236465454,-7.71315431595,-15.1524276733,0.214473649859,0
1538770011068293344,35.458238304,carbonZ_2018-10-05-15-52-12_3_engine_failure_with_emr_traj,engine,-2.39999985695,-280.308532715,7.04050731659,177,20.5022144318,0.0322936661541,-131.236465454,-7.61196660995,-15.2271251678,0.13739335537,0
1538770011093172800,35.48311776,carbonZ_2018-10-05-15-52-12_3_engine_failure_with_emr_traj,engine,-2.3599998951,-278.727905273,6.90977144241,177,13.4863176346,-0.11728245765,-126.81161499,-7.5264043808,-15.2894735336,0.0513662695885,0
1538770011152799712,35.542744672,carbonZ_2018-10-05-15-52-12_3_engine_failure_with_emr_traj,engine,-2.3599998951,-278.727905273,6.90977144241,177,13.4863176346,-0.11728245765,-126.81161499,-7.4688911438,-15.3264379501,-0.00921288039535,0
1538770011245663424,35.635608384,carbonZ_2018-10-05-15-52-12_3_engine_failure_with_emr_traj,engine,-2.33999991417,-278.727905273,6.74356889725,177,13.4863176346,-0.11728245765,-126.81161499,-7.37417650223,-15.3799352646,-0.0836248472333,0
1538770011266378080,35.65632304,carbonZ_2018-10-05-15-52-12_3_engine_failure_with_emr_traj,engine,-2.33999991417,-278.727905273,6.74356889725,177,13.4863176346,-0.11728245765,-126.81161499,-7.35274744034,-15.3912010193,-0.0903103798628,0
1538770011319382400,35.70932736,carbonZ_2018-10-05-15-52-12_3_engine_failure_with_emr_traj,engine,-2.32999992371,-270.523834229,6.57553339005,178,13.4863176346,-0.11728245765,-126.81161499,-7.28933000565,-15.4217386246,-0.137872889638,0
1538770011340407872,35.730352832,carbonZ_2018-10-05-15-52-12_3_engine_failure_with_emr_traj,engine,-2.32999992371,-270.523834229,6.57553339005,178,13.4863176346,-0.11728245765,-126.81161499,-7.28933000565,-15.4217386246,-0.137872889638,0
1538770011438667840,35.8286128,carbonZ_2018-10-05-15-52-12_3_engine_failure_with_emr_traj,engine,-2.33999991417,-270.523834229,6.39745235443,178,8.41937065125,0.406146734953,-125.552841187,-7.20225524902,-15.4545469284,-0.213424444199,0
1538770011479713440,35.8696584,carbonZ_2018-10-05-15-52-12_3_engine_failure_with_emr_traj,engine,-2.33999991417,-270.523834229,6.39745235443,178,8.41937065125,0.406146734953,-125.552841187,-7.18229818344,-15.4568624496,-0.220594137907,0
1538770011507978880,35.89792384,carbonZ_2018-10-05-15-52-12_3_engine_failure_with_emr_traj,engine,-2.33999991417,-267.43737793,6.22445821762,178,8.41937065125,0.406146734953,-125.552841187,-7.16579866409,-15.4558439255,-0.235614269972,0
1538770011574833696,35.964778656,carbonZ_2018-10-05-15-52-12_3_engine_failure_with_emr_traj,engine,-2.33999991417,-267.43737793,6.22445821762,178,8.41937065125,0.406146734953,-125.552841187,-7.14737987518,-15.4460191727,-0.246544331312,0
1538770011619290016,36.009234976,carbonZ_2018-10-05-15-52-12_3_engine_failure_with_emr_traj,engine,-2.3599998951,-267.43737793,6.04202222824,178,8.41937065125,0.406146734953,-125.552841187,-7.15541648865,-15.4327716827,-0.25523480773,0
1538770011659496384,36.049441344,carbonZ_2018-10-05-15-52-12_3_engine_failure_with_emr_traj,engine,-2.3599998951,-267.43737793,6.04202222824,178,8.41937065125,0.406146734953,-125.552841187,-7.16090536118,-15.4185609818,-0.277522295713,0
1538770011689486592,36.079431552,carbonZ_2018-10-05-15-52-12_3_engine_failure_with_emr_traj,engine,-2.36999988556,-271.170227051,5.8755607605,179,8.41937065125,0.406146734953,-125.552841187,-7.17123937607,-15.3988523483,-0.330371022224,0
1538770011768438816,36.158383776,carbonZ_2018-10-05-15-52-12_3_engine_failure_with_emr_traj,engine,-2.36999988556,-271.170227051,5.8755607605,179,2.44578003883,1.17575788498,-124.913803101,-7.19546890259,-15.3671350479,-0.465259492397,0
1538770011794311008,36.184255968,carbonZ_2018-10-05-15-52-12_3_engine_failure_with_emr_traj,engine,-2.39999985695,-271.170227051,5.70208692551,179,2.44578003883,1.17575788498,-124.913803101,-7.21831417084,-15.3420648575,-0.598800122738,0
1538770011851113088,36.241058048,carbonZ_2018-10-05-15-52-12_3_engine_failure_with_emr_traj,engine,-2.39999985695,-271.170227051,5.70208692551,179,2.44578003883,1.17575788498,-124.913803101,-7.2574224472,-15.2979602814,-0.736033260822,0
1538770011892401056,36.282346016,carbonZ_2018-10-05-15-52-12_3_engine_failure_with_emr_traj,engine,-2.46000003815,-263.998779297,5.57411718369,179,2.44578003883,1.17575788498,-124.913803101,-7.28463411331,-15.2671890259,-0.78655475378,0
1538770011950771712,36.340716672,carbonZ_2018-10-05-15-52-12_3_engine_failure_with_emr_traj,engine,-2.46000003815,-263.998779297,5.57411718369,179,2.44578003883,1.17575788498,-124.913803101,-7.32050609589,-15.2220115662,-0.857201337814,0
1538770011994529792,36.384474752,carbonZ_2018-10-05-15-52-12_3_engine_failure_with_emr_traj,engine,-2.52999997139,-263.998779297,5.42400169373,179,2.44578003883,1.17575788498,-124.913803101,-7.35795021057,-15.1753807068,-0.891497075558,0
1538770012062941856,36.452886816,carbonZ_2018-10-05-15-52-12_3_engine_failure_with_emr_traj,engine,-2.52999997139,-263.998779297,5.42400169373,179,2.44578003883,1.17575788498,-124.913803101,-7.37843132019,-15.1470746994,-0.883670091629,0
1538770012141619552,36.531564512,carbonZ_2018-10-05-15-52-12_3_engine_failure_with_emr_traj,engine,-2.6099998951,-267.691619873,5.3250875473,180,2.44578003883,1.17575788498,-124.913803101,-7.40479040146,-15.1049442291,-0.830096065998,0
1538770012174469152,36.564414112,carbonZ_2018-10-05-15-52-12_3_engine_failure_with_emr_traj,engine,-2.6099998951,-267.691619873,5.3250875473,180,-0.60787320137,1.42341005802,-122.852508545,-7.41147756577,-15.0917377472,-0.818688035011,0
1538770012188775872,36.578720832,carbonZ_2018-10-05-15-52-12_3_engine_failure_with_emr_traj,engine,-2.69000005722,-267.691619873,5.19107341766,180,-0.60787320137,1.42341005802,-122.852508545,-7.41147756577,-15.0917377472,-0.818688035011,0
1538770012278198880,36.66814384,carbonZ_2018-10-05-15-52-12_3_engine_failure_with_emr_traj,engine,-2.76999998093,-261.601623535,5.09663820267,180,-0.60787320137,1.42341005802,-122.852508545,-7.45526838303,-15.0244913101,-0.767409026623,0
1538770012342170624,36.732115584,carbonZ_2018-10-05-15-52-12_3_engine_failure_with_emr_traj,engine,-2.76999998093,-261.601623535,5.09663820267,180,-0.60787320137,1.42341005802,-122.852508545,-7.4812541008,-14.983663559,-0.79601919651,0
1538770012352455552,36.742400512,carbonZ_2018-10-05-15-52-12_3_engine_failure_with_emr_traj,engine,-2.76999998093,-261.601623535,5.09663820267,180,-0.60787320137,1.42341005802,-122.852508545,-7.4919924736,-14.9716234207,-0.798900127411,0
1538770012405836448,36.795781408,carbonZ_2018-10-05-15-52-12_3_engine_failure_with_emr_traj,engine,-2.83999991417,-261.601623535,4.99107074738,180,-0.60787320137,1.42341005802,-122.852508545,-7.51039361954,-14.9404163361,-0.848070979118,0
1538770012430079200,36.82002416,carbonZ_2018-10-05-15-52-12_3_engine_failure_with_emr_traj,engine,-2.83999991417,-261.601623535,4.99107074738,180,-0.60787320137,1.42341005802,-122.852508545,-7.54071903229,-14.9045152664,-0.887069106102,0
1538770012482411552,36.872356512,carbonZ_2018-10-05-15-52-12_3_engine_failure_with_emr_traj,engine,-2.83999991417,-261.601623535,4.99107074738,180,-0.60787320137,1.42341005802,-122.852508545,-7.56434297562,-14.872177124,-0.912292480469,0
1538770012538770496,36.928715456,carbonZ_2018-10-05-15-52-12_3_engine_failure_with_emr_traj,engine,-2.91999983788,-253.13911438,4.91503477097,181,-0.996087491512,1.50380408764,-123.870819092,-7.59222173691,-14.8227357864,-0.942239582539,0
1538770012613799904,37.003744864,carbonZ_2018-10-05-15-52-12_3_engine_failure_with_emr_traj,engine,-3.00999999046,-253.13911438,4.81334114075,181,-0.996087491512,1.50380408764,-123.870819092,-7.6491765976,-14.7464666367,-0.950125575066,0
1538770012692334368,37.082279328,carbonZ_2018-10-05-15-52-12_3_engine_failure_with_emr_traj,engine,-3.09999990463,-243.908111572,4.75970554352,181,-0.996087491512,1.50380408764,-123.870819092,-7.71545314789,-14.6571111679,-0.960408985615,0
1538770012754694240,37.1446392,carbonZ_2018-10-05-15-52-12_3_engine_failure_with_emr_traj,engine,-3.09999990463,-243.908111572,4.75970554352,181,-0.996087491512,1.50380408764,-123.870819092,-7.76730012894,-14.5925388336,-0.933824062347,0
1538770012819698976,37.209643936,carbonZ_2018-10-05-15-52-12_3_engine_failure_with_emr_traj,engine,-3.1899998188,-243.908111572,4.6971116066,182,-0.996087491512,1.50380408764,-123.870819092,-7.83164262772,-14.5144405365,-0.944501817226,0
1538770012901891232,37.291836192,carbonZ_2018-10-05-15-52-12_3_engine_failure_with_emr_traj,engine,-3.27999997139,-239.897155762,4.67010450363,182,-0.996087491512,1.50380408764,-123.870819092,-7.91169691086,-14.423368454,-0.914180099964,0
1538770012917346944,37.307291904,carbonZ_2018-10-05-15-52-12_3_engine_failure_with_emr_traj,engine,-3.27999997139,-239.897155762,4.67010450363,182,-3.35700774193,1.4060074091,-125.392082214,-7.91169691086,-14.423368454,-0.914180099964,0
1538770012987938752,37.377883712,carbonZ_2018-10-05-15-52-12_3_engine_failure_with_emr_traj,engine,-3.3599998951,-239.897155762,4.6303896904,182,-3.35700774193,1.4060074091,-125.392082214,-7.97376203537,-14.338344574,-0.808285832405,0
1538770013034120096,37.424065056,carbonZ_2018-10-05-15-52-12_3_engine_failure_with_emr_traj,engine,-3.3599998951,-239.897155762,4.6303896904,182,-3.35700774193,1.4060074091,-125.392082214,-8.0223197937,-14.2727746964,-0.736674368382,0
1538770013091856864,37.481801824,carbonZ_2018-10-05-15-52-12_3_engine_failure_with_emr_traj,engine,-3.41999983788,-228.284072876,4.63957500458,183,-3.35700774193,1.4060074091,-125.392082214,-8.04693698883,-14.2387285233,-0.678440988064,0
1538770013114449920,37.50439488,carbonZ_2018-10-05-15-52-12_3_engine_failure_with_emr_traj,engine,-3.41999983788,-228.284072876,4.63957500458,183,-3.35700774193,1.4060074091,-125.392082214,-8.06190395355,-14.2072820663,-0.600490689278,0
1538770013220597664,37.610542624,carbonZ_2018-10-05-15-52-12_3_engine_failure_with_emr_traj,engine,-3.47000002861,-228.284072876,4.62274169922,183,-3.35700774193,1.4060074091,-125.392082214,-8.0971364975,-14.1427440643,-0.371764957905,0
1538770013297633696,37.687578656,carbonZ_2018-10-05-15-52-12_3_engine_failure_with_emr_traj,engine,-3.49000000954,-221.878997803,4.64318656921,183,-3.35700774193,1.4060074091,-125.392082214,-8.11636543274,-14.1037826538,-0.20111271739,0
1538770013333884448,37.723829408,carbonZ_2018-10-05-15-52-12_3_engine_failure_with_emr_traj,engine,-3.49000000954,-221.878997803,4.64318656921,183,-1.5471701622,0.292571038008,-124.547775269,-8.12590503693,-14.0775775909,-0.130068436265,0
1538770013375133216,37.765078176,carbonZ_2018-10-05-15-52-12_3_engine_failure_with_emr_traj,engine,-3.49000000954,-221.878997803,4.64318656921,183,-1.5471701622,0.292571038008,-124.547775269,-8.12135982513,-14.0726089478,-0.114910945296,0
1538770013422261536,37.812206496,carbonZ_2018-10-05-15-52-12_3_engine_failure_with_emr_traj,engine,-3.5,-221.878997803,4.62913942337,184,-1.5471701622,0.292571038008,-124.547775269,-8.12178039551,-14.0604362488,-0.0875625610352,0
1538770013472733024,37.862677984,carbonZ_2018-10-05-15-52-12_3_engine_failure_with_emr_traj,engine,-3.5,-221.878997803,4.62913942337,184,-1.5471701622,0.292571038008,-124.547775269,-8.10974121094,-14.0552978516,-0.0475307703018,0
1538770013505917024,37.895861984,carbonZ_2018-10-05-15-52-12_3_engine_failure_with_emr_traj,engine,-3.49000000954,-218.877593994,4.64062452316,184,-1.5471701622,0.292571038008,-124.547775269,-8.1055316925,-14.0481586456,-0.00380430370569,0
1538770013589112000,37.97905696,carbonZ_2018-10-05-15-52-12_3_engine_failure_with_emr_traj,engine,-3.49000000954,-218.877593994,4.64062452316,184,-1.5471701622,0.292571038008,-124.547775269,-8.09102725983,-14.0371866226,0.057372841984,0
1538770013622706784,38.012651744,carbonZ_2018-10-05-15-52-12_3_engine_failure_with_emr_traj,engine,-3.48000001907,-218.877593994,4.62536430359,184,-1.5471701622,0.292571038008,-124.547775269,-8.10168552399,-14.0265636444,0.118206076324,0
1538770013671307680,38.06125264,carbonZ_2018-10-05-15-52-12_3_engine_failure_with_emr_traj,engine,-3.48000001907,-218.877593994,4.62536430359,184,-1.5471701622,0.292571038008,-124.547775269,-8.11823272705,-13.9971990585,0.0775417163968,0
1538770013724514304,38.114459264,carbonZ_2018-10-05-15-52-12_3_engine_failure_with_emr_traj,engine,-3.47000002861,-210.488708496,4.62245130539,185,-1.5471701622,0.292571038008,-124.547775269,-8.13226985931,-13.9823160172,0.0479779168963,0
1538770013788151072,38.178096032,carbonZ_2018-10-05-15-52-12_3_engine_failure_with_emr_traj,engine,-3.46000003815,-210.488708496,4.61457777023,185,-1.5471701622,0.292571038008,-124.547775269,-8.17284202576,-13.9262218475,-0.0193318091333,0
1538770013837658496,38.227603456,carbonZ_2018-10-05-15-52-12_3_engine_failure_with_emr_traj,engine,-3.46000003815,-210.488708496,4.61457777023,185,1.56406462193,-0.20947304368,-129.577758789,-8.17284202576,-13.9262218475,-0.0193318091333,0
1538770013912721312,38.302666272,carbonZ_2018-10-05-15-52-12_3_engine_failure_with_emr_traj,engine,-3.44999980927,-203.20111084,4.62449645996,185,1.56406462193,-0.20947304368,-129.577758789,-8.22070217133,-13.8579654694,-0.0254589449614,0
1538770013988941664,38.378886624,carbonZ_2018-10-05-15-52-12_3_engine_failure_with_emr_traj,engine,-3.44999980927,-203.20111084,4.62110185623,186,1.56406462193,-0.20947304368,-129.577758789,-8.24249744415,-13.8158340454,0.00927291158587,0
1538770014010249984,38.400194944,carbonZ_2018-10-05-15-52-12_3_engine_failure_with_emr_traj,engine,-3.44999980927,-203.20111084,4.62110185623,186,1.56406462193,-0.20947304368,-129.577758789,-8.26750946045,-13.7895803452,0.0341229736805,0
1538770014084840512,38.474785472,carbonZ_2018-10-05-15-52-12_3_engine_failure_with_emr_traj,engine,-3.44999980927,-203.20111084,4.62110185623,186,1.56406462193,-0.20947304368,-129.577758789,-8.30440425873,-13.7449846268,0.0829917415977,0
1538770014115678144,38.505623104,carbonZ_2018-10-05-15-52-12_3_engine_failure_with_emr_traj,engine,-3.44999980927,-148.255340576,4.67096328735,186,1.56406462193,-0.20947304368,-129.577758789,-8.33969306946,-13.7035322189,0.123164348304,0
1538770014197224384,38.587169344,carbonZ_2018-10-05-15-52-12_3_engine_failure_with_emr_traj,engine,-3.4399998188,-148.255340576,4.69540834427,187,1.56406462193,-0.20947304368,-129.577758789,-8.37683200836,-13.6642303467,0.215460062027,0
1538770014239707648,38.629652608,carbonZ_2018-10-05-15-52-12_3_engine_failure_with_emr_traj,engine,-3.4399998188,-148.255340576,4.69540834427,187,1.56406462193,-0.20947304368,-129.577758789,-8.40134048462,-13.6381530762,0.285567313433,0
1538770014278145632,38.668090592,carbonZ_2018-10-05-15-52-12_3_engine_failure_with_emr_traj,engine,-3.4399998188,-148.255340576,4.69540834427,187,1.56406462193,-0.20947304368,-129.577758789,-8.42202472687,-13.6127185822,0.37231606245,0
1538770014341205536,38.731150496,carbonZ_2018-10-05-15-52-12_3_engine_failure_with_emr_traj,engine,-3.40999984741,-141.441345215,4.74321508408,187,1.56406462193,-0.20947304368,-129.577758789,-8.4425201416,-13.5822467804,0.449124664068,0
1538770014395834016,38.785778976,carbonZ_2018-10-05-15-52-12_3_engine_failure_with_emr_traj,engine,-3.36999988556,-141.441345215,4.78049564362,188,0.560363590717,-1.44845318794,-128.754989624,-8.4648733139,-13.5567655563,0.494550734758,0
1538770014411329408,38.801274368,carbonZ_2018-10-05-15-52-12_3_engine_failure_with_emr_traj,engine,-3.36999988556,-141.441345215,4.78049564362,188,0.560363590717,-1.44845318794,-128.754989624,-8.4648733139,-13.5567655563,0.494550734758,0
1538770014521090624,38.911035584,carbonZ_2018-10-05-15-52-12_3_engine_failure_with_emr_traj,engine,-3.31999993324,-139.660461426,4.84670066833,188,0.560363590717,-1.44845318794,-128.754989624,-8.50234699249,-13.5218496323,0.336135804653,0
1538770014616275872,39.006220832,carbonZ_2018-10-05-15-52-12_3_engine_failure_with_emr_traj,engine,-3.26999998093,-139.660461426,4.89898824692,188,0.560363590717,-1.44845318794,-128.754989624,-8.51163768768,-13.5214481354,0.278286635876,0
1538770014675093056,39.065038016,carbonZ_2018-10-05-15-52-12_3_engine_failure_with_emr_traj,engine,-3.26999998093,-139.660461426,4.89898824692,188,0.560363590717,-1.44845318794,-128.754989624,-8.51476097107,-13.5205698013,0.220758154988,0
1538770014706548288,39.096493248,carbonZ_2018-10-05-15-52-12_3_engine_failure_with_emr_traj,engine,-3.24000000954,-139.915283203,4.96724653244,189,2.5141043663,-1.15155076981,-127.677177429,-8.50436019897,-13.5248661041,0.200563043356,0
1538770014792861824,39.182806784,carbonZ_2018-10-05-15-52-12_3_engine_failure_with_emr_traj,engine,-3.22000002861,-139.915283203,5.01953315735,189,2.5141043663,-1.15155076981,-127.677177429,-8.48703479767,-13.5282468796,0.253493070602,0
1538770014821649696,39.211594656,carbonZ_2018-10-05-15-52-12_3_engine_failure_with_emr_traj,engine,-3.22000002861,-139.915283203,5.01953315735,189,2.5141043663,-1.15155076981,-127.677177429,-8.48703479767,-13.5282468796,0.253493070602,0
1538770014882308320,39.27225328,carbonZ_2018-10-05-15-52-12_3_engine_failure_with_emr_traj,engine,-3.22000002861,-139.915283203,5.01953315735,189,2.5141043663,-1.15155076981,-127.677177429,-8.4696521759,-13.5244426727,0.29825553298,0
1538770014911954848,39.301899808,carbonZ_2018-10-05-15-52-12_3_engine_failure_with_emr_traj,engine,-3.1899998188,-137.231063843,5.06625318527,190,2.5141043663,-1.15155076981,-127.677177429,-8.46062374115,-13.5283164978,0.298554301262,0
1538770014972216416,39.362161376,carbonZ_2018-10-05-15-52-12_3_engine_failure_with_emr_traj,engine,-3.15999984741,-137.231063843,5.10909938812,190,2.5141043663,-1.15155076981,-127.677177429,-8.43794822693,-13.5219841003,0.320866882801,0
1538770015032693344,39.422638304,carbonZ_2018-10-05-15-52-12_3_engine_failure_with_emr_traj,engine,-3.15999984741,-137.231063843,5.10909938812,190,2.5141043663,-1.15155076981,-127.677177429,-8.43512916565,-13.5212984085,0.334848582745,0
1538770015083312160,39.47325712,carbonZ_2018-10-05-15-52-12_3_engine_failure_with_emr_traj,engine,-3.15999984741,-137.231063843,5.10909938812,190,5.26037216187,-0.750473678112,-129.069549561,-8.42208003998,-13.5213575363,0.341092586517,0
1538770015106087008,39.496031968,carbonZ_2018-10-05-15-52-12_3_engine_failure_with_emr_traj,engine,-3.12999987602,-134.079742432,5.16791915894,191,5.26037216187,-0.750473678112,-129.069549561,-8.4158744812,-13.514919281,0.350266307592,0
1538770015170195008,39.560139968,carbonZ_2018-10-05-15-52-12_3_engine_failure_with_emr_traj,engine,-3.12999987602,-134.079742432,5.16791915894,191,5.26037216187,-0.750473678112,-129.069549561,-8.39766025543,-13.5138978958,0.322300285101,0
1538770015219635840,39.6095808,carbonZ_2018-10-05-15-52-12_3_engine_failure_with_emr_traj,engine,-3.08999991417,-134.079742432,5.19684696198,191,5.26037216187,-0.750473678112,-129.069549561,-8.39560031891,-13.5092144012,0.310120344162,0
1538770015281373440,39.6713184,carbonZ_2018-10-05-15-52-12_3_engine_failure_with_emr_traj,engine,-3.08999991417,-134.079742432,5.19684696198,191,5.26037216187,-0.750473678112,-129.069549561,-8.38053703308,-13.5124559402,0.258375674486,0
1538770015342941920,39.73288688,carbonZ_2018-10-05-15-52-12_3_engine_failure_with_emr_traj,engine,-3.05999994278,-129.773895264,5.24417161942,192,5.26037216187,-0.750473678112,-129.069549561,-8.32178783417,-13.5371208191,0.139545097947,0
1538770015399557696,39.789502656,carbonZ_2018-10-05-15-52-12_3_engine_failure_with_emr_traj,engine,-3.02999997139,-129.773895264,5.26196670532,192,5.26037216187,-0.750473678112,-129.069549561,-8.32178783417,-13.5371208191,0.139545097947,0
1538770015421630752,39.811575712,carbonZ_2018-10-05-15-52-12_3_engine_failure_with_emr_traj,engine,-3.02999997139,-129.773895264,5.26196670532,192,5.92218017578,-0.229107812047,-128.679412842,-8.29690074921,-13.5500764847,0.0798614993691,0
1538770015475771456,39.865716416,carbonZ_2018-10-05-15-52-12_3_engine_failure_with_emr_traj,engine,-3.02999997139,-129.773895264,5.26196670532,192,5.92218017578,-0.229107812047,-128.679412842,-8.26495742798,-13.5631494522,0.0294797495008,0
1538770015556771264,39.946716224,carbonZ_2018-10-05-15-52-12_3_engine_failure_with_emr_traj,engine,-3.01999998093,-129.737854004,5.30481290817,193,5.92218017578,-0.229107812047,-128.679412842,-8.21962833405,-13.5752601624,-0.021237231791,0
1538770015589864704,39.979809664,carbonZ_2018-10-05-15-52-12_3_engine_failure_with_emr_traj,engine,-3.01999998093,-129.737854004,5.30481290817,193,5.92218017578,-0.229107812047,-128.679412842,-8.20888614655,-13.5788650513,-0.0311256516725,0
1538770015639284192,40.029229152,carbonZ_2018-10-05-15-52-12_3_engine_failure_with_emr_traj,engine,-3.01999998093,-129.737854004,5.31751823425,194,5.92218017578,-0.229107812047,-128.679412842,-8.18690395355,-13.5863628387,-0.0791269242764,0
1538770015697854336,40.087799296,carbonZ_2018-10-05-15-52-12_3_engine_failure_with_emr_traj,engine,-3.02999997139,-123.860740662,5.34596538544,194,5.92218017578,-0.229107812047,-128.679412842,-8.17454528809,-13.5830011368,-0.0913699194789,0
1538770015726581856,40.116526816,carbonZ_2018-10-05-15-52-12_3_engine_failure_with_emr_traj,engine,-3.02999997139,-123.860740662,5.34596538544,194,6.07768058777,0.0884940624237,-128.866973877,-8.15458869934,-13.5822019577,-0.091319039464,0
1538770015811948480,40.20189344,carbonZ_2018-10-05-15-52-12_3_engine_failure_with_emr_traj,engine,-3.03999996185,-123.860740662,5.35601186752,195,6.07768058777,0.0884940624237,-128.866973877,-8.1292924881,-13.5706682205,-0.0606016740203,0
1538770015911082784,40.301027744,carbonZ_2018-10-05-15-52-12_3_engine_failure_with_emr_traj,engine,-3.04999995232,-116.357803345,5.38772583008,195,6.07768058777,0.0884940624237,-128.866973877,-8.09947681427,-13.5619544983,0.0528189390898,0
1538770015990813248,40.380758208,carbonZ_2018-10-05-15-52-12_3_engine_failure_with_emr_traj,engine,-3.04999995232,-116.357803345,5.38772583008,195,6.07768058777,0.0884940624237,-128.866973877,-8.07297515869,-13.5653085709,0.0750945881009,0
1538770016009304032,40.399248992,carbonZ_2018-10-05-15-52-12_3_engine_failure_with_emr_traj,engine,-3.03999996185,-116.357803345,5.38785266876,196,6.07768058777,0.0884940624237,-128.866973877,-8.07297515869,-13.5653085709,0.0750945881009,0
1538770016116961280,40.50690624,carbonZ_2018-10-05-15-52-12_3_engine_failure_with_emr_traj,engine,-3.01999998093,-109.992218018,5.40116834641,197,5.82042551041,0.126533955336,-127.869377136,-8.01601409912,-13.5673322678,0.116193339229,0
1538770016204720576,40.594665536,carbonZ_2018-10-05-15-52-12_3_engine_failure_with_emr_traj,engine,-3.00999999046,-109.992218018,5.39233350754,197,5.82042551041,0.126533955336,-127.869377136,-7.98955249786,-13.5656080246,0.136668652296,0
1538770016229828064,40.619773024,carbonZ_2018-10-05-15-52-12_3_engine_failure_with_emr_traj,engine,-3.00999999046,-109.992218018,5.39233350754,197,5.82042551041,0.126533955336,-127.869377136,-7.98364400864,-13.568860054,0.116601005197,0
1538770016292879232,40.682824192,carbonZ_2018-10-05-15-52-12_3_engine_failure_with_emr_traj,engine,-2.99000000954,-106.458854675,5.41134119034,198,5.82042551041,0.126533955336,-127.869377136,-7.96126079559,-13.5615291595,0.0366048365831,0
1538770016319862368,40.709807328,carbonZ_2018-10-05-15-52-12_3_engine_failure_with_emr_traj,engine,-2.99000000954,-106.458854675,5.41134119034,198,5.82042551041,0.126533955336,-127.869377136,-7.96126079559,-13.5615291595,0.0366048365831,0
1538770016420880576,40.810825536,carbonZ_2018-10-05-15-52-12_3_engine_failure_with_emr_traj,engine,-2.99000000954,-106.458854675,5.40964794159,199,5.82042551041,0.126533955336,-127.869377136,-7.93655395508,-13.5357646942,0.0212606508285,0
1538770016500769568,40.890714528,carbonZ_2018-10-05-15-52-12_3_engine_failure_with_emr_traj,engine,-2.99000000954,-101.94568634,5.41473579407,199,4.57596826553,0.397690534592,-127.503364563,-7.91644716263,-13.5345449448,0.0305663812906,0
1538770016532653568,40.922598528,carbonZ_2018-10-05-15-52-12_3_engine_failure_with_emr_traj,engine,-2.99000000954,-101.94568634,5.41473579407,199,4.57596826553,0.397690534592,-127.503364563,-7.90162611008,-13.5329027176,0.0585117787123,0
1538770016564528928,40.954473888,carbonZ_2018-10-05-15-52-12_3_engine_failure_with_emr_traj,engine,-2.99000000954,-101.94568634,5.41473579407,199,4.57596826553,0.397690534592,-127.503364563,-7.90162611008,-13.5329027176,0.0585117787123,0
1538770016638806944,41.028751904,carbonZ_2018-10-05-15-52-12_3_engine_failure_with_emr_traj,engine,-2.98000001907,-101.94568634,5.40046262741,200,4.57596826553,0.397690534592,-127.503364563,-7.85728359222,-13.5372171402,0.103205688298,0
1538770016692568448,41.082513408,carbonZ_2018-10-05-15-52-12_3_engine_failure_with_emr_traj,engine,-2.97000002861,-91.9757843018,5.39937496185,201,4.57596826553,0.397690534592,-127.503364563,-7.83592367172,-13.5356397629,0.148817077279,0
1538770016712150272,41.102095232,carbonZ_2018-10-05-15-52-12_3_engine_failure_with_emr_traj,engine,-2.97000002861,-91.9757843018,5.39937496185,201,4.57596826553,0.397690534592,-127.503364563,-7.83592367172,-13.5356397629,0.148817077279,0
1538770016770746656,41.160691616,carbonZ_2018-10-05-15-52-12_3_engine_failure_with_emr_traj,engine,-2.97000002861,-91.9757843018,5.39937496185,201,4.57596826553,0.397690534592,-127.503364563,-7.8028011322,-13.5290603638,0.170875012875,0
1538770016806910208,41.196855168,carbonZ_2018-10-05-15-52-12_3_engine_failure_with_emr_traj,engine,-2.95000004768,-91.9757843018,5.38110113144,202,4.57596826553,0.397690534592,-127.503364563,-7.79724693298,-13.5267152786,0.181060224771,0
1538770016920367200,41.31031216,carbonZ_2018-10-05-15-52-12_3_engine_failure_with_emr_traj,engine,-2.92999982834,-90.6497955322,5.37941122055,202,4.57596826553,0.397690534592,-127.503364563,-7.77184295654,-13.5078363419,0.189425900578,0
1538770016982396064,41.372341024,carbonZ_2018-10-05-15-52-12_3_engine_failure_with_emr_traj,engine,-2.92999982834,-90.6497955322,5.37941122055,202,4.04854202271,0.808078527451,-128.047851562,-7.75136566162,-13.4970655441,0.190918564796,0
1538770017041457280,41.43140224,carbonZ_2018-10-05-15-52-12_3_engine_failure_with_emr_traj,engine,-2.91999983788,-90.6497955322,5.35121870041,203,4.04854202271,0.808078527451,-128.047851562,-7.7460436821,-13.4791088104,0.197378829122,0
1538770017073811008,41.463755968,carbonZ_2018-10-05-15-52-12_3_engine_failure_with_emr_traj,engine,-2.91999983788,-90.6497955322,5.35121870041,203,4.04854202271,0.808078527451,-128.047851562,-7.7357172966,-13.4710025787,0.183978438377,0
1538770017119059840,41.5090048,carbonZ_2018-10-05-15-52-12_3_engine_failure_with_emr_traj,engine,-2.89999985695,-81.9152832031,5.35086631775,204,4.04854202271,0.808078527451,-128.047851562,-7.72598171234,-13.4587059021,0.165607914329,0
1538770017171708128,41.561653088,carbonZ_2018-10-05-15-52-12_3_engine_failure_with_emr_traj,engine,-2.89999985695,-81.9152832031,5.35086631775,204,4.04854202271,0.808078527451,-128.047851562,-7.71682548523,-13.4395999908,0.127490639687,0
1538770017222566784,41.612511744,carbonZ_2018-10-05-15-52-12_3_engine_failure_with_emr_traj,engine,-2.87999987602,-81.9152832031,5.32594060898,205,4.04854202271,0.808078527451,-128.047851562,-7.71461009979,-13.4251728058,0.0891849920154,0
1538770017282307328,41.672252288,carbonZ_2018-10-05-15-52-12_3_engine_failure_with_emr_traj,engine,-2.86999988556,-76.6942977905,5.32110881805,205,2.75176763535,1.21307778358,-128.878356934,-7.71764087677,-13.3976278305,0.0479678809643,0
1538770017314468160,41.70441312,carbonZ_2018-10-05-15-52-12_3_engine_failure_with_emr_traj,engine,-2.86999988556,-76.6942977905,5.32110881805,205,2.75176763535,1.21307778358,-128.878356934,-7.71678590775,-13.3811864853,0.0234706904739,0
1538770017458175808,41.848120768,carbonZ_2018-10-05-15-52-12_3_engine_failure_with_emr_traj,engine,-2.86999988556,-76.6942977905,5.31397533417,206,2.75176763535,1.21307778358,-128.878356934,-7.74018859863,-13.3037796021,-0.050268150866,0
1538770017485248960,41.87519392,carbonZ_2018-10-05-15-52-12_3_engine_failure_with_emr_traj,engine,-2.86999988556,-68.3977127075,5.31810331345,207,2.75176763535,1.21307778358,-128.878356934,-7.74644565582,-13.2895441055,-0.0618006363511,0
1538770017534552960,41.92449792,carbonZ_2018-10-05-15-52-12_3_engine_failure_with_emr_traj,engine,-2.86999988556,-68.3977127075,5.31810331345,207,2.75176763535,1.21307778358,-128.878356934,-7.7646241188,-13.2532711029,-0.091746032238,0
1538770017575861472,41.965806432,carbonZ_2018-10-05-15-52-12_3_engine_failure_with_emr_traj,engine,-2.86999988556,-68.3977127075,5.31810331345,207,2.75176763535,1.21307778358,-128.878356934,-7.76871109009,-13.2295036316,-0.105746343732,0
1538770017611973184,42.001918144,carbonZ_2018-10-05-15-52-12_3_engine_failure_with_emr_traj,engine,-2.88999986649,-68.3977127075,5.3127913475,208,2.75176763535,1.21307778358,-128.878356934,-7.78828763962,-13.1993694305,-0.0968042984605,0
1538770017684477472,42.074422432,carbonZ_2018-10-05-15-52-12_3_engine_failure_with_emr_traj,engine,-2.89999985695,-65.4155731201,5.34802627563,208,0.716189742088,0.760180294514,-130.155807495,-7.81789875031,-13.1463279724,-0.0443033762276,0
1538770017723067456,42.113012416,carbonZ_2018-10-05-15-52-12_3_engine_failure_with_emr_traj,engine,-2.89999985695,-65.4155731201,5.34802627563,208,0.716189742088,0.760180294514,-130.155807495,-7.82583332062,-13.1325597763,-0.0281814094633,0
1538770017775418592,42.165363552,carbonZ_2018-10-05-15-52-12_3_engine_failure_with_emr_traj,engine,-2.89999985695,-65.4155731201,5.34802627563,208,0.716189742088,0.760180294514,-130.155807495,-7.84670543671,-13.0947542191,0.0329024121165,0
1538770017798058080,42.18800304,carbonZ_2018-10-05-15-52-12_3_engine_failure_with_emr_traj,engine,-2.89999985695,-65.4155731201,5.36111402512,209,0.716189742088,0.760180294514,-130.155807495,-7.85427618027,-13.0849199295,0.0444253794849,0
1538770017850997504,42.240942464,carbonZ_2018-10-05-15-52-12_3_engine_failure_with_emr_traj,engine,-2.89999985695,-65.4155731201,5.36111402512,209,0.716189742088,0.760180294514,-130.155807495,-7.87520027161,-13.0487594604,0.0825711265206,0
1538770017925304864,42.315249824,carbonZ_2018-10-05-15-52-12_3_engine_failure_with_emr_traj,engine,-2.89999985695,-63.7958526611,5.40022420883,210,0.716189742088,0.760180294514,-130.155807495,-7.88830089569,-13.0199136734,0.141952037811,0
1538770017992113120,42.38205808,carbonZ_2018-10-05-15-52-12_3_engine_failure_with_emr_traj,engine,-2.87999987602,-63.7958526611,5.42723178864,211,0.716189742088,0.760180294514,-130.155807495,-7.89033126831,-13.0060710907,0.176786661148,0
1538770018048874720,42.43881968,carbonZ_2018-10-05-15-52-12_3_engine_failure_with_emr_traj,engine,-2.87999987602,-63.7958526611,5.42723178864,211,1.95130646229,-0.0147932292894,-129.765319824,-7.90420627594,-12.9853658676,0.252016067505,0
1538770018083284640,42.4732296,carbonZ_2018-10-05-15-52-12_3_engine_failure_with_emr_traj,engine,-2.8599998951,-53.3693313599,5.4681596756,211,1.95130646229,-0.0147932292894,-129.765319824,-7.91217088699,-12.9681606293,0.319965422153,0
1538770018146390560,42.53633552,carbonZ_2018-10-05-15-52-12_3_engine_failure_with_emr_traj,engine,-2.8599998951,-53.3693313599,5.4681596756,211,1.95130646229,-0.0147932292894,-129.765319824,-7.91621160507,-12.9608545303,0.348786264658,0
1538770018217150592,42.607095552,carbonZ_2018-10-05-15-52-12_3_engine_failure_with_emr_traj,engine,-2.82999992371,-53.3693313599,5.49843549728,212,1.95130646229,-0.0147932292894,-129.765319824,-7.92291259766,-12.948261261,0.363757550716,0
1538770018273154560,42.66309952,carbonZ_2018-10-05-15-52-12_3_engine_failure_with_emr_traj,engine,-2.78999996185,-48.6875534058,5.54384279251,213,1.95130646229,-0.0147932292894,-129.765319824,-7.93019962311,-12.9429655075,0.388203501701,0
1538770018321772992,42.711717952,carbonZ_2018-10-05-15-52-12_3_engine_failure_with_emr_traj,engine,-2.78999996185,-48.6875534058,5.54384279251,213,1.95130646229,-0.0147932292894,-129.765319824,-7.93195581436,-12.9384765625,0.394782245159,0
1538770018399438496,42.789383456,carbonZ_2018-10-05-15-52-12_3_engine_failure_with_emr_traj,engine,-2.75,-48.6875534058,5.56855201721,214,1.95130646229,-0.0147932292894,-129.765319824,-7.93527793884,-12.935095787,0.379336774349,0
1538770018469749760,42.85969472,carbonZ_2018-10-05-15-52-12_3_engine_failure_with_emr_traj,engine,-2.75,-48.6875534058,5.56855201721,214,3.99666047096,-0.545127689838,-129.556274414,-7.92946004868,-12.9392023087,0.402988702059,0
1538770018556189504,42.946134464,carbonZ_2018-10-05-15-52-12_3_engine_failure_with_emr_traj,engine,-2.72000002861,-49.8399734497,5.62339782715,215,3.99666047096,-0.545127689838,-129.556274414,-7.91008853912,-12.951133728,0.431129992008,0
1538770018604321952,42.994266912,carbonZ_2018-10-05-15-52-12_3_engine_failure_with_emr_traj,engine,-2.67999982834,-49.8399734497,5.64036178589,216,3.99666047096,-0.545127689838,-129.556274414,-7.90808725357,-12.9541759491,0.451650619507,0
1538770018653654496,43.043599456,carbonZ_2018-10-05-15-52-12_3_engine_failure_with_emr_traj,engine,-2.67999982834,-49.8399734497,5.64036178589,216,3.99666047096,-0.545127689838,-129.556274414,-7.90579605103,-12.9595136642,0.468757629395,0
1538770018690550912,43.080495872,carbonZ_2018-10-05-15-52-12_3_engine_failure_with_emr_traj,engine,-2.63999986649,-47.0127105713,5.6907286644,216,3.99666047096,-0.545127689838,-129.556274414,-7.89836406708,-12.965297699,0.489677995443,0
1538770018749361152,43.139306112,carbonZ_2018-10-05-15-52-12_3_engine_failure_with_emr_traj,engine,-2.63999986649,-47.0127105713,5.6907286644,216,3.99666047096,-0.545127689838,-129.556274414,-7.88991928101,-12.9704771042,0.517739117146,0
1538770018814840224,43.204785184,carbonZ_2018-10-05-15-52-12_3_engine_failure_with_emr_traj,engine,-2.58999991417,-47.0127105713,5.71156454086,217,3.99666047096,-0.545127689838,-129.556274414,-7.88516044617,-12.979095459,0.529114246368,0
1538770018879142304,43.269087264,carbonZ_2018-10-05-15-52-12_3_engine_failure_with_emr_traj,engine,-2.53999996185,-51.4354705811,5.74305152893,218,5.52935600281,-0.477030932903,-130.258392334,-7.88508892059,-12.982626915,0.549211025238,0
1538770018921411456,43.311356416,carbonZ_2018-10-05-15-52-12_3_engine_failure_with_emr_traj,engine,-2.53999996185,-51.4354705811,5.74305152893,218,5.52935600281,-0.477030932903,-130.258392334,-7.8827662468,-12.9894142151,0.554702401161,0
1538770018982967072,43.372912032,carbonZ_2018-10-05-15-52-12_3_engine_failure_with_emr_traj,engine,-2.48000001907,-51.4354705811,5.7606215477,219,5.52935600281,-0.477030932903,-130.258392334,-7.87294483185,-13.0022468567,0.555104732513,0
1538770019047492704,43.437437664,carbonZ_2018-10-05-15-52-12_3_engine_failure_with_emr_traj,engine,-2.48000001907,-51.4354705811,5.7606215477,219,5.52935600281,-0.477030932903,-130.258392334,-7.87240934372,-13.0160007477,0.562888503075,0
1538770019094860896,43.484805856,carbonZ_2018-10-05-15-52-12_3_engine_failure_with_emr_traj,engine,-2.42999982834,-49.4728088379,5.79137468338,220,5.52935600281,-0.477030932903,-130.258392334,-7.86525201797,-13.0244626999,0.550569355488,0
1538770019147262944,43.537207904,carbonZ_2018-10-05-15-52-12_3_engine_failure_with_emr_traj,engine,-2.42999982834,-49.4728088379,5.79137468338,220,5.52935600281,-0.477030932903,-130.258392334,-7.85594654083,-13.0373058319,0.527132928371,0
1538770019214434496,43.604379456,carbonZ_2018-10-05-15-52-12_3_engine_failure_with_emr_traj,engine,-2.37999987602,-49.4728088379,5.80446243286,221,5.52935600281,-0.477030932903,-130.258392334,-7.84694194794,-13.0533504486,0.50004452467,0
1538770019256280928,43.646225888,carbonZ_2018-10-05-15-52-12_3_engine_failure_with_emr_traj,engine,-2.37999987602,-49.4728088379,5.80446243286,221,5.52935600281,-0.477030932903,-130.258392334,-7.83941030502,-13.062417984,0.488293796778,0
1538770019303190112,43.693135072,carbonZ_2018-10-05-15-52-12_3_engine_failure_with_emr_traj,engine,-2.32999992371,-50.2899169922,5.83413267136,222,5.52935600281,-0.477030932903,-130.258392334,-7.83423709869,-13.0682344437,0.487282156944,0
1538770019358323296,43.748268256,carbonZ_2018-10-05-15-52-12_3_engine_failure_with_emr_traj,engine,-2.32999992371,-50.2899169922,5.83413267136,222,5.81636381149,-0.36961004138,-130.139221191,-7.82087039948,-13.0815544128,0.46924251318,0
1538770019399738080,43.78968304,carbonZ_2018-10-05-15-52-12_3_engine_failure_with_emr_traj,engine,-2.27999997139,-50.2899169922,5.85170030594,222,5.81636381149,-0.36961004138,-130.139221191,-7.81076335907,-13.0923366547,0.438055157661,0
1538770019452460736,43.842405696,carbonZ_2018-10-05-15-52-12_3_engine_failure_with_emr_traj,engine,-2.27999997139,-50.2899169922,5.85170030594,222,5.81636381149,-0.36961004138,-130.139221191,-7.79246902466,-13.1108140945,0.402717500925,0
1538770019491659968,43.881604928,carbonZ_2018-10-05-15-52-12_3_engine_failure_with_emr_traj,engine,-2.24000000954,-47.9600906372,5.86526727676,223,5.81636381149,-0.36961004138,-130.139221191,-7.77438879013,-13.124956131,0.408797204494,0
1538770019579570048,43.969515008,carbonZ_2018-10-05-15-52-12_3_engine_failure_with_emr_traj,engine,-2.24000000954,-47.9600906372,5.86526727676,223,5.81636381149,-0.36961004138,-130.139221191,-7.73325967789,-13.1575508118,0.423327863216,0
1538770019588972960,43.97891792,carbonZ_2018-10-05-15-52-12_3_engine_failure_with_emr_traj,engine,-2.21000003815,-47.9600906372,5.85826253891,224,5.81636381149,-0.36961004138,-130.139221191,-7.73325967789,-13.1575508118,0.423327863216,0
1538770019635044448,44.024989408,carbonZ_2018-10-05-15-52-12_3_engine_failure_with_emr_traj,engine,-2.21000003815,-47.9600906372,5.85826253891,224,5.81636381149,-0.36961004138,-130.139221191,-7.71049118042,-13.173034668,0.426688581705,0
1538770019682506432,44.072451392,carbonZ_2018-10-05-15-52-12_3_engine_failure_with_emr_traj,engine,-2.16999983788,26.5342712402,5.86191034317,225,6.96866464615,0.220794722438,-129.866500854,-7.71049118042,-13.173034668,0.426688581705,0
1538770019754425280,44.14437024,carbonZ_2018-10-05-15-52-12_3_engine_failure_with_emr_traj,engine,-2.16999983788,26.5342712402,5.86191034317,225,6.96866464615,0.220794722438,-129.866500854,-7.67974615097,-13.193063736,0.418286204338,0
1538770019819061824,44.209006784,carbonZ_2018-10-05-15-52-12_3_engine_failure_with_emr_traj,engine,-2.12999987602,26.5342712402,5.85042333603,226,6.96866464615,0.220794722438,-129.866500854,-7.64697694778,-13.2049312592,0.420195281506,0
1538770019891019456,44.280964416,carbonZ_2018-10-05-15-52-12_3_engine_failure_with_emr_traj,engine,-2.08999991417,23.8037109375,5.85007190704,227,6.96866464615,0.220794722438,-129.866500854,-7.63587093353,-13.2083721161,0.404542893171,0
1538770019925644928,44.315589888,carbonZ_2018-10-05-15-52-12_3_engine_failure_with_emr_traj,engine,-2.08999991417,23.8037109375,5.85007190704,227,6.96866464615,0.220794722438,-129.866500854,-7.62471342087,-13.2137594223,0.379881739616,0
1538770020005994688,44.395939648,carbonZ_2018-10-05-15-52-12_3_engine_failure_with_emr_traj,engine,-2.04999995232,23.8037109375,5.83035898209,228,6.96866464615,0.220794722438,-129.866500854,-7.59950208664,-13.2231063843,0.354879170656,0
1538770020037724576,44.427669536,carbonZ_2018-10-05-15-52-12_3_engine_failure_with_emr_traj,engine,-2.04999995232,23.8037109375,5.83035898209,228,6.96866464615,0.220794722438,-129.866500854,-7.5909705162,-13.2273893356,0.34596285224,0
1538770020141479552,44.531424512,carbonZ_2018-10-05-15-52-12_3_engine_failure_with_emr_traj,engine,-2.01999998093,25.806427002,5.82274913788,229,6.96866464615,0.220794722438,-129.866500854,-7.57121944427,-13.2379169464,0.318512171507,0
1538770020163210464,44.553155424,carbonZ_2018-10-05-15-52-12_3_engine_failure_with_emr_traj,engine,-2.01999998093,25.806427002,5.82274913788,229,6.96866464615,0.220794722438,-129.866500854,-7.56226634979,-13.2408227921,0.301876485348,0
1538770020216112768,44.606057728,carbonZ_2018-10-05-15-52-12_3_engine_failure_with_emr_traj,engine,-1.97999989986,25.806427002,5.80799674988,230,6.46162843704,1.06144666672,-129.385528564,-7.56009674072,-13.2385559082,0.291222125292,0
1538770020266236512,44.656181472,carbonZ_2018-10-05-15-52-12_3_engine_failure_with_emr_traj,engine,-1.97999989986,25.806427002,5.80799674988,230,6.46162843704,1.06144666672,-129.385528564,-7.54188108444,-13.2491550446,0.235193893313,0
1538770020341757664,44.731702624,carbonZ_2018-10-05-15-52-12_3_engine_failure_with_emr_traj,engine,-1.94999992847,33.5352897644,5.80595254898,231,6.46162843704,1.06144666672,-129.385528564,-7.52471017838,-13.2583522797,0.197580888867,0
1538770020409035264,44.798980224,carbonZ_2018-10-05-15-52-12_3_engine_failure_with_emr_traj,engine,-1.92999994755,33.5352897644,5.7817606926,232,6.46162843704,1.06144666672,-129.385528564,-7.5047712326,-13.2642240524,0.17006996274,0
1538770020424525088,44.814470048,carbonZ_2018-10-05-15-52-12_3_engine_failure_with_emr_traj,engine,-1.92999994755,33.5352897644,5.7817606926,232,6.46162843704,1.06144666672,-129.385528564,-7.5047712326,-13.2642240524,0.17006996274,0
1538770020473618816,44.863563776,carbonZ_2018-10-05-15-52-12_3_engine_failure_with_emr_traj,engine,-1.92999994755,33.5352897644,5.7817606926,232,6.46162843704,1.06144666672,-129.385528564,-7.4952340126,-13.2625865936,0.148273378611,0
1538770020540319360,44.93026432,carbonZ_2018-10-05-15-52-12_3_engine_failure_with_emr_traj,engine,-1.89999997616,34.0895652771,5.76700925827,233,5.55634403229,1.38763034344,-128.63772583,-7.47127723694,-13.2632465363,0.11502315104,0
1538770020623541184,45.013486144,carbonZ_2018-10-05-15-52-12_3_engine_failure_with_emr_traj,engine,-1.87999999523,34.0895652771,5.74051809311,234,5.55634403229,1.38763034344,-128.63772583,-7.46467924118,-13.2578382492,0.0972022116184,0
1538770020717975680,45.10792064,carbonZ_2018-10-05-15-52-12_3_engine_failure_with_emr_traj,engine,-1.87000000477,35.9172821045,5.7257642746,235,5.55634403229,1.38763034344,-128.63772583,-7.44889116287,-13.2516832352,0.106587193906,0
1538770020787069248,45.177014208,carbonZ_2018-10-05-15-52-12_3_engine_failure_with_emr_traj,engine,-1.87000000477,35.9172821045,5.7257642746,235,5.55634403229,1.38763034344,-128.63772583,-7.43227052689,-13.2442245483,0.115403041244,0
1538770020840544320,45.23048928,carbonZ_2018-10-05-15-52-12_3_engine_failure_with_emr_traj,engine,-1.86000001431,35.9172821045,5.68596220016,236,4.27519798279,1.67226946354,-128.789260864,-7.43490982056,-13.2257814407,0.110687829554,0
1538770020873475616,45.263420576,carbonZ_2018-10-05-15-52-12_3_engine_failure_with_emr_traj,engine,-1.86000001431,35.9172821045,5.68596220016,236,4.27519798279,1.67226946354,-128.789260864,-7.4360499382,-13.2130861282,0.0971966460347,0
1538770020902951456,45.292896416,carbonZ_2018-10-05-15-52-12_3_engine_failure_with_emr_traj,engine,-1.83999991417,38.4283065796,5.66625022888,237,4.27519798279,1.67226946354,-128.789260864,-7.4360499382,-13.2130861282,0.0971966460347,0
1538770020978438176,45.368383136,carbonZ_2018-10-05-15-52-12_3_engine_failure_with_emr_traj,engine,-1.83999991417,38.4283065796,5.66625022888,237,4.27519798279,1.67226946354,-128.789260864,-7.43553686142,-13.1838417053,0.0659047439694,0
1538770021061291648,45.451236608,carbonZ_2018-10-05-15-52-12_3_engine_failure_with_emr_traj,engine,-1.82999992371,38.4283065796,5.64919900894,238,4.27519798279,1.67226946354,-128.789260864,-7.44753456116,-13.1523084641,0.0406694225967,0
1538770021092591104,45.482536064,carbonZ_2018-10-05-15-52-12_3_engine_failure_with_emr_traj,engine,-1.82999992371,38.4283065796,5.64919900894,238,4.27519798279,1.67226946354,-128.789260864,-7.45291519165,-13.1427001953,0.0364926345646,0
1538770021119970656,45.509915616,carbonZ_2018-10-05-15-52-12_3_engine_failure_with_emr_traj,engine,-1.82999992371,42.876625061,5.64340591431,239,4.27519798279,1.67226946354,-128.789260864,-7.46944999695,-13.1151828766,0.0350985862315,0
1538770021189938432,45.579883392,carbonZ_2018-10-05-15-52-12_3_engine_failure_with_emr_traj,engine,-1.82999992371,42.876625061,5.64340591431,239,4.27519798279,1.67226946354,-128.789260864,-7.48102283478,-13.0960712433,0.0335448905826,0
1538770021220148704,45.610093664,carbonZ_2018-10-05-15-52-12_3_engine_failure_with_emr_traj,engine,-1.81999993324,42.876625061,5.61425542831,240,3.16973829269,2.14152050018,-129.415771484,-7.50027370453,-13.0766000748,0.0262316651642,0
1538770021300754304,45.690699264,carbonZ_2018-10-05-15-52-12_3_engine_failure_with_emr_traj,engine,-1.82999992371,43.8899040222,5.60677099228,241,3.16973829269,2.14152050018,-129.415771484,-7.51915550232,-13.052116394,0.0151741867885,0
1538770021334437824,45.724382784,carbonZ_2018-10-05-15-52-12_3_engine_failure_with_emr_traj,engine,-1.82999992371,43.8899040222,5.60677099228,241,3.16973829269,2.14152050018,-129.415771484,-7.52769804001,-13.0354480743,-0.011184129864,0
1538770021400712032,45.790656992,carbonZ_2018-10-05-15-52-12_3_engine_failure_with_emr_traj,engine,-1.82999992371,43.8899040222,5.5915389061,242,3.16973829269,2.14152050018,-129.415771484,-7.53297233582,-13.0217256546,-0.0321057327092,0
1538770021425357280,45.81530224,carbonZ_2018-10-05-15-52-12_3_engine_failure_with_emr_traj,engine,-1.82999992371,43.8899040222,5.5915389061,242,3.16973829269,2.14152050018,-129.415771484,-7.53639888763,-13.0176391602,-0.0354915820062,0
1538770021488470688,45.878415648,carbonZ_2018-10-05-15-52-12_3_engine_failure_with_emr_traj,engine,-1.82999992371,44.0048217773,5.60414743423,243,3.16973829269,2.14152050018,-129.415771484,-7.53749752045,-13.0133142471,-0.0461359471083,0
1538770021510349216,45.900294176,carbonZ_2018-10-05-15-52-12_3_engine_failure_with_emr_traj,engine,-1.82999992371,44.0048217773,5.60414743423,243,3.16973829269,2.14152050018,-129.415771484,-7.53302097321,-13.0111980438,-0.0550337657332,0
1538770021570871168,45.960816128,carbonZ_2018-10-05-15-52-12_3_engine_failure_with_emr_traj,engine,-1.82999992371,44.0048217773,5.60414743423,243,3.16973829269,2.14152050018,-129.415771484,-7.53206920624,-13.002494812,-0.0597304031253,0
1538770021620211552,46.010156512,carbonZ_2018-10-05-15-52-12_3_engine_failure_with_emr_traj,engine,-1.82999992371,44.0048217773,5.6005358696,244,4.16418123245,2.05073404312,-127.481925964,-7.53287172318,-12.9993944168,-0.0608044452965,0
1538770021683558272,46.073503232,carbonZ_2018-10-05-15-52-12_3_engine_failure_with_emr_traj,engine,-1.83999991417,53.3504486084,5.60370492935,245,4.16418123245,2.05073404312,-127.481925964,-7.53410339355,-12.9936437607,-0.0558544993401,0
1538770021746161472,46.136106432,carbonZ_2018-10-05-15-52-12_3_engine_failure_with_emr_traj,engine,-1.83999991417,53.3504486084,5.60370492935,245,4.16418123245,2.05073404312,-127.481925964,-7.53090524673,-12.9904708862,-0.0631321296096,0
1538770021806452640,46.1963976,carbonZ_2018-10-05-15-52-12_3_engine_failure_with_emr_traj,engine,-1.84999990463,53.3504486084,5.5867805481,246,4.16418123245,2.05073404312,-127.481925964,-7.51625537872,-12.9883956909,-0.115609027445,0
1538770021834026976,46.223971936,carbonZ_2018-10-05-15-52-12_3_engine_failure_with_emr_traj,engine,-1.84999990463,53.3504486084,5.5867805481,246,4.16418123245,2.05073404312,-127.481925964,-7.5130648613,-12.9885864258,-0.139002010226,0
1538770021865257664,46.255202624,carbonZ_2018-10-05-15-52-12_3_engine_failure_with_emr_traj,engine,-1.84999990463,53.3504486084,5.5867805481,246,4.16418123245,2.05073404312,-127.481925964,-7.49796295166,-12.9921569824,-0.211239740252,0
1538770021918630688,46.308575648,carbonZ_2018-10-05-15-52-12_3_engine_failure_with_emr_traj,engine,-1.86000001431,50.7747650146,5.58546924591,247,4.16418123245,2.05073404312,-127.481925964,-7.49277353287,-12.9941005707,-0.228608593345,0
1538770021985019936,46.374964896,carbonZ_2018-10-05-15-52-12_3_engine_failure_with_emr_traj,engine,-1.86000001431,50.7747650146,5.58546924591,247,4.16418123245,2.05073404312,-127.481925964,-7.4742937088,-13.0009756088,-0.272413849831,0
1538770022029410272,46.419355232,carbonZ_2018-10-05-15-52-12_3_engine_failure_with_emr_traj,engine,-1.87999999523,50.7747650146,5.55583715439,248,5.47731590271,2.43688988686,-128.014480591,-7.45848989487,-13.0040445328,-0.298385947943,0
1538770022083757536,46.473702496,carbonZ_2018-10-05-15-52-12_3_engine_failure_with_emr_traj,engine,-1.90999996662,59.8341941833,5.547747612,249,5.47731590271,2.43688988686,-128.014480591,-7.45651292801,-13.0026006699,-0.29750290513,0
1538770022131076576,46.521021536,carbonZ_2018-10-05-15-52-12_3_engine_failure_with_emr_traj,engine,-1.90999996662,59.8341941833,5.547747612,249,5.47731590271,2.43688988686,-128.014480591,-7.44931221008,-13.0018072128,-0.301870197058,0
1538770022158571488,46.548516448,carbonZ_2018-10-05-15-52-12_3_engine_failure_with_emr_traj,engine,-1.90999996662,59.8341941833,5.547747612,249,5.47731590271,2.43688988686,-128.014480591,-7.44926595688,-13.0016136169,-0.296561062336,0
1538770022212728096,46.602673056,carbonZ_2018-10-05-15-52-12_3_engine_failure_with_emr_traj,engine,-1.93999993801,59.8341941833,5.52307510376,251,5.47731590271,2.43688988686,-128.014480591,-7.45580720901,-12.992723465,-0.306633681059,0
1538770022250809056,46.640754016,carbonZ_2018-10-05-15-52-12_3_engine_failure_with_emr_traj,engine,-1.93999993801,59.8341941833,5.52307510376,251,5.47731590271,2.43688988686,-128.014480591,-7.46734619141,-12.9816064835,-0.302636027336,0
1538770022293230880,46.68317584,carbonZ_2018-10-05-15-52-12_3_engine_failure_with_emr_traj,engine,-1.97999989986,60.1784706116,5.51571798325,252,5.47731590271,2.43688988686,-128.014480591,-7.48412179947,-12.9664239883,-0.323175936937,0
1538770022387790656,46.777735616,carbonZ_2018-10-05-15-52-12_3_engine_failure_with_emr_traj,engine,-1.97999989986,60.1784706116,5.51571798325,252,5.47731590271,2.43688988686,-128.014480591,-7.53111457825,-12.9229459763,-0.380984157324,0
1538770022420927936,46.810872896,carbonZ_2018-10-05-15-52-12_3_engine_failure_with_emr_traj,engine,-2.01999998093,60.1784706116,5.50048685074,253,5.47731590271,2.43688988686,-128.014480591,-7.568359375,-12.8970766068,-0.400723576546,0
1538770022488535136,46.878480096,carbonZ_2018-10-05-15-52-12_3_engine_failure_with_emr_traj,engine,-2.05999994278,57.7863693237,5.51709604263,254,1.39521217346,2.75392127037,-129.148635864,-7.61956882477,-12.863442421,-0.444604665041,0
1538770022506793216,46.896738176,carbonZ_2018-10-05-15-52-12_3_engine_failure_with_emr_traj,engine,-2.05999994278,57.7863693237,5.51709604263,254,1.39521217346,2.75392127037,-129.148635864,-7.64880466461,-12.8424568176,-0.49267834425,0
1538770022552978336,46.942923296,carbonZ_2018-10-05-15-52-12_3_engine_failure_with_emr_traj,engine,-2.05999994278,57.7863693237,5.51709604263,254,1.39521217346,2.75392127037,-129.148635864,-7.68511915207,-12.816573143,-0.533300101757,0
1538770022604021600,46.99396656,carbonZ_2018-10-05-15-52-12_3_engine_failure_with_emr_traj,engine,-2.1099998951,57.7863693237,5.51856994629,255,1.39521217346,2.75392127037,-129.148635864,-7.69811630249,-12.8094367981,-0.528421282768,0
1538770022641817568,47.031762528,carbonZ_2018-10-05-15-52-12_3_engine_failure_with_emr_traj,engine,-2.1099998951,57.7863693237,5.51856994629,255,1.39521217346,2.75392127037,-129.148635864,-7.72763681412,-12.7969989777,-0.484506726265,0
1538770022692458048,47.082403008,carbonZ_2018-10-05-15-52-12_3_engine_failure_with_emr_traj,engine,-2.16999983788,54.2258262634,5.5495800972,256,1.39521217346,2.75392127037,-129.148635864,-7.74233722687,-12.7904062271,-0.443208515644,0
1538770022763174272,47.153119232,carbonZ_2018-10-05-15-52-12_3_engine_failure_with_emr_traj,engine,-2.16999983788,54.2258262634,5.5495800972,256,1.39521217346,2.75392127037,-129.148635864,-7.7569975853,-12.780711174,-0.399741083384,0
1538770022793560672,47.183505632,carbonZ_2018-10-05-15-52-12_3_engine_failure_with_emr_traj,engine,-2.21000003815,54.2258262634,5.5699338913,257,1.94660007954,1.92643392086,-127.812171936,-7.76378154755,-12.7795677185,-0.361015856266,0
1538770022874037280,47.26398224,carbonZ_2018-10-05-15-52-12_3_engine_failure_with_emr_traj,engine,-2.21000003815,54.2258262634,5.5699338913,257,1.94660007954,1.92643392086,-127.812171936,-7.78698587418,-12.7726926804,-0.301241308451,0
1538770022916204704,47.306149664,carbonZ_2018-10-05-15-52-12_3_engine_failure_with_emr_traj,engine,-2.25,49.2650032043,5.60542345047,258,1.94660007954,1.92643392086,-127.812171936,-7.7956609726,-12.7704696655,-0.263715565205,0
1538770023010742784,47.400687744,carbonZ_2018-10-05-15-52-12_3_engine_failure_with_emr_traj,engine,-2.27999997139,49.2650032043,5.6341342926,259,1.94660007954,1.92643392086,-127.812171936,-7.80244636536,-12.7764902115,-0.200526788831,0
1538770023058592000,47.44853696,carbonZ_2018-10-05-15-52-12_3_engine_failure_with_emr_traj,engine,-2.27999997139,49.2650032043,5.6341342926,259,1.94660007954,1.92643392086,-127.812171936,-7.7931842804,-12.7942533493,-0.249475032091,0
1538770023113126400,47.50307136,carbonZ_2018-10-05-15-52-12_3_engine_failure_with_emr_traj,engine,-2.29999995232,47.1570014954,5.66562175751,260,5.10572338104,1.69617366791,-127.674308777,-7.77121019363,-12.8193817139,-0.343403697014,0
1538770023159641920,47.54958688,carbonZ_2018-10-05-15-52-12_3_engine_failure_with_emr_traj,engine,-2.29999995232,47.1570014954,5.66562175751,260,5.10572338104,1.69617366791,-127.674308777,-7.75169038773,-12.8381547928,-0.39078015089,0
1538770023219647008,47.609591968,carbonZ_2018-10-05-15-52-12_3_engine_failure_with_emr_traj,engine,-2.33999991417,47.1570014954,5.69167089462,261,5.10572338104,1.69617366791,-127.674308777,-7.74170684814,-12.8521738052,-0.397587329149,0
1538770023280515456,47.670460416,carbonZ_2018-10-05-15-52-12_3_engine_failure_with_emr_traj,engine,-2.33999991417,47.1570014954,5.69167089462,261,5.10572338104,1.69617366791,-127.674308777,-7.73747777939,-12.8564348221,-0.345807999372,0
1538770023329585376,47.719530336,carbonZ_2018-10-05-15-52-12_3_engine_failure_with_emr_traj,engine,-2.37999987602,48.6199378967,5.71461343765,262,5.10572338104,1.69617366791,-127.674308777,-7.74092626572,-12.8541097641,-0.307381331921,0
1538770023359689920,47.74963488,carbonZ_2018-10-05-15-52-12_3_engine_failure_with_emr_traj,engine,-2.37999987602,48.6199378967,5.71461343765,262,5.10572338104,1.69617366791,-127.674308777,-7.75124931335,-12.8515911102,-0.285194247961,0
1538770023410459808,47.800404768,carbonZ_2018-10-05-15-52-12_3_engine_failure_with_emr_traj,engine,-2.40999984741,48.6199378967,5.72736930847,263,5.10572338104,1.69617366791,-127.674308777,-7.76087331772,-12.8485155106,-0.292767614126,0
1538770023455099520,47.84504448,carbonZ_2018-10-05-15-52-12_3_engine_failure_with_emr_traj,engine,-2.40999984741,48.6199378967,5.72736930847,263,3.75371408463,2.02415943146,-129.793518066,-7.77913093567,-12.8421392441,-0.317101150751,0
1538770023514980672,47.904925632,carbonZ_2018-10-05-15-52-12_3_engine_failure_with_emr_traj,engine,-2.44000005722,45.0621604919,5.6695189476,264,3.75371408463,2.02415943146,-129.793518066,-7.79558134079,-12.8321523666,-0.313266575336,0
1538770023615227840,48.0051728,carbonZ_2018-10-05-15-52-12_3_engine_failure_with_emr_traj,engine,-2.47000002861,45.0621604919,5.6880812645,266,3.75371408463,2.02415943146,-129.793518066,-7.82220983505,-12.8241138458,-0.264654636383,0
1538770023651571520,48.04151648,carbonZ_2018-10-05-15-52-12_3_engine_failure_with_emr_traj,engine,-2.47000002861,45.0621604919,5.6880812645,266,3.75371408463,2.02415943146,-129.793518066,-7.83935403824,-12.8158473969,-0.224477827549,0
1538770023722523168,48.112468128,carbonZ_2018-10-05-15-52-12_3_engine_failure_with_emr_traj,engine,-2.5,48.3887672424,5.7344751358,267,3.75371408463,2.02415943146,-129.793518066,-7.87082147598,-12.8002023697,-0.111197628081,0
1538770023761132640,48.1510776,carbonZ_2018-10-05-15-52-12_3_engine_failure_with_emr_traj,engine,-2.5,48.3887672424,5.7344751358,267,3.75371408463,2.02415943146,-129.793518066,-7.89393043518,-12.7902784348,-0.0534400045872,0
1538770023772260096,48.162205056,carbonZ_2018-10-05-15-52-12_3_engine_failure_with_emr_traj,engine,-2.5,48.3887672424,5.7344751358,267,3.75371408463,2.02415943146,-129.793518066,-7.90410614014,-12.7834949493,-0.0532206483185,0
1538770023833871264,48.223816224,carbonZ_2018-10-05-15-52-12_3_engine_failure_with_emr_traj,engine,-2.51999998093,48.3887672424,5.56495666504,268,2.717222929,1.690310359,-130.205474854,-7.94597101212,-12.7648162842,-0.0945822894573,0
1538770023892039680,48.28198464,carbonZ_2018-10-05-15-52-12_3_engine_failure_with_emr_traj,engine,-2.52999997139,47.9504585266,5.63396024704,269,2.717222929,1.690310359,-130.205474854,-7.98480558395,-12.7556562424,-0.194644734263,0
1538770023954501728,48.344446688,carbonZ_2018-10-05-15-52-12_3_engine_failure_with_emr_traj,engine,-2.52999997139,47.9504585266,5.63396024704,269,2.717222929,1.690310359,-130.205474854,-8.01129055023,-12.7501926422,-0.294396281242,0
1538770023993878912,48.383823872,carbonZ_2018-10-05-15-52-12_3_engine_failure_with_emr_traj,engine,-2.54999995232,47.9504585266,5.31242799759,270,2.717222929,1.690310359,-130.205474854,-8.04658985138,-12.7500963211,-0.467595636845,0
1538770024074887968,48.464832928,carbonZ_2018-10-05-15-52-12_3_engine_failure_with_emr_traj,engine,-2.54999995232,47.9504585266,5.31242799759,270,2.717222929,1.690310359,-130.205474854,-8.06348323822,-12.7661314011,-0.636278510094,0
1538770024164422784,48.554367744,carbonZ_2018-10-05-15-52-12_3_engine_failure_with_emr_traj,engine,-2.59999990463,42.2417640686,5.41994905472,271,2.717222929,1.690310359,-130.205474854,-8.06144142151,-12.7874822617,-0.781456172466,0
1538770024196858976,48.586803936,carbonZ_2018-10-05-15-52-12_3_engine_failure_with_emr_traj,engine,-2.66999983788,42.2417640686,5.50932168961,272,2.717222929,1.690310359,-130.205474854,-8.05565738678,-12.8133392334,-0.829866111279,0
1538770024252693728,48.642638688,carbonZ_2018-10-05-15-52-12_3_engine_failure_with_emr_traj,engine,-2.66999983788,42.2417640686,5.50932168961,272,2.717222929,1.690310359,-130.205474854,-8.05076122284,-12.8293943405,-0.794996440411,0
1538770024279553344,48.669498304,carbonZ_2018-10-05-15-52-12_3_engine_failure_with_emr_traj,engine,-2.66999983788,42.2417640686,5.50932168961,272,7.29780435562,0.918859243393,-128.255691528,-8.05076122284,-12.8293943405,-0.794996440411,0
1538770024324815776,48.714760736,carbonZ_2018-10-05-15-52-12_3_engine_failure_with_emr_traj,engine,-2.76999998093,35.9153747559,4.63220453262,273,7.29780435562,0.918859243393,-128.255691528,-8.04210948944,-12.8442344666,-0.756319582462,0
1538770024373065568,48.763010528,carbonZ_2018-10-05-15-52-12_3_engine_failure_with_emr_traj,engine,-2.76999998093,35.9153747559,4.63220453262,273,7.29780435562,0.918859243393,-128.255691528,-8.02634525299,-12.8747138977,-0.68974173069,0
1538770024411037632,48.800982592,carbonZ_2018-10-05-15-52-12_3_engine_failure_with_emr_traj,engine,-2.84999990463,36.915397644,4.7763915062,274,7.29780435562,0.918859243393,-128.255691528,-8.02123737335,-12.892999649,-0.65033698082,0
1538770024475543968,48.865488928,carbonZ_2018-10-05-15-52-12_3_engine_failure_with_emr_traj,engine,-2.84999990463,36.915397644,4.7763915062,274,7.29780435562,0.918859243393,-128.255691528,-8.0073299408,-12.9194278717,-0.578686892986,0
1538770024523421248,48.913366208,carbonZ_2018-10-05-15-52-12_3_engine_failure_with_emr_traj,engine,-2.91999983788,27.4585723877,3.92023825645,276,7.29780435562,0.918859243393,-128.255691528,-7.98916339874,-12.952671051,-0.483942896128,0
1538770024582757504,48.972702464,carbonZ_2018-10-05-15-52-12_3_engine_failure_with_emr_traj,engine,-2.91999983788,27.4585723877,3.92023825645,276,7.86627244949,0.209169641137,-127.046356201,-7.97422361374,-12.9741163254,-0.421740025282,0
1538770024650663584,49.040608544,carbonZ_2018-10-05-15-52-12_3_engine_failure_with_emr_traj,engine,-2.98000001907,26.4585494995,4.12027454376,277,7.86627244949,0.209169641137,-127.046356201,-7.93778467178,-13.0272169113,-0.365147739649,0
1538770024693762336,49.083707296,carbonZ_2018-10-05-15-52-12_3_engine_failure_with_emr_traj,engine,-3.01999998093,25.7559776306,2.22021365166,278,7.86627244949,0.209169641137,-127.046356201,-7.91035556793,-13.0498857498,-0.347112268209,0
1538770024705794208,49.095739168,carbonZ_2018-10-05-15-52-12_3_engine_failure_with_emr_traj,engine,-3.01999998093,25.7559776306,2.22021365166,278,7.86627244949,0.209169641137,-127.046356201,-7.89507913589,-13.0624513626,-0.334731519222,0
1538770024791107648,49.181052608,carbonZ_2018-10-05-15-52-12_3_engine_failure_with_emr_traj,engine,-3.05999994278,25.7559776306,2.53139662743,279,7.86627244949,0.209169641137,-127.046356201,-7.7882771492,-13.1325683594,-0.332016974688,1
1538770024836989856,49.226934816,carbonZ_2018-10-05-15-52-12_3_engine_failure_with_emr_traj,engine,-3.05999994278,25.7559776306,2.53139662743,279,7.86627244949,0.209169641137,-127.046356201,-7.7882771492,-13.1325683594,-0.332016974688,1
1538770024878230144,49.268175104,carbonZ_2018-10-05-15-52-12_3_engine_failure_with_emr_traj,engine,-3.08999991417,25.4153251648,2.83658194542,280,7.86627244949,0.209169641137,-127.046356201,-7.70469236374,-13.1709432602,-0.338896393776,1
1538770024921864896,49.311809856,carbonZ_2018-10-05-15-52-12_3_engine_failure_with_emr_traj,engine,-3.08999991417,25.4153251648,2.83658194542,280,13.6521854401,0.356096506119,-127.165229797,-7.64488840103,-13.1992731094,-0.322638750076,1
1538770024979642656,49.369587616,carbonZ_2018-10-05-15-52-12_3_engine_failure_with_emr_traj,engine,-3.08999991417,25.4153251648,2.83658194542,280,13.6521854401,0.356096506119,-127.165229797,-7.55717277527,-13.2366943359,-0.297745466232,1
1538770025045264544,49.435209504,carbonZ_2018-10-05-15-52-12_3_engine_failure_with_emr_traj,engine,-3.11999988556,25.4153251648,3.12095046043,281,13.6521854401,0.356096506119,-127.165229797,-7.46608972549,-13.2670888901,-0.263872295618,1
1538770025084057824,49.474002784,carbonZ_2018-10-05-15-52-12_3_engine_failure_with_emr_traj,engine,-3.15999984741,25.7600784302,0.280305236578,283,13.6521854401,0.356096506119,-127.165229797,-7.40086746216,-13.2894744873,-0.24736559391,1
1538770025155605184,49.545550144,carbonZ_2018-10-05-15-52-12_3_engine_failure_with_emr_traj,engine,-3.15999984741,25.7600784302,0.280305236578,283,13.6521854401,0.356096506119,-127.165229797,-7.27618455887,-13.3225164413,-0.204664185643,1
1538770025201934208,49.591879168,carbonZ_2018-10-05-15-52-12_3_engine_failure_with_emr_traj,engine,-3.1899998188,26.7601013184,0.553395330906,284,13.6521854401,0.356096506119,-127.165229797,-7.20290708542,-13.3439741135,-0.195736676455,1
1538770025231386848,49.621331808,carbonZ_2018-10-05-15-52-12_3_engine_failure_with_emr_traj,engine,-3.1899998188,26.7601013184,0.553395330906,284,14.9820127487,0.235623702407,-127.183479309,-7.16872930527,-13.3558797836,-0.201534733176,1
1538770025294415840,49.6843608,carbonZ_2018-10-05-15-52-12_3_engine_failure_with_emr_traj,engine,-3.23000001907,43.8037872314,0.845196425915,285,14.9820127487,0.235623702407,-127.183479309,-7.0117893219,-13.4127054214,-0.213337272406,1
1538770025327168288,49.717113248,carbonZ_2018-10-05-15-52-12_3_engine_failure_with_emr_traj,engine,-3.23000001907,43.8037872314,0.845196425915,285,14.9820127487,0.235623702407,-127.183479309,-6.9706401825,-13.4279327393,-0.206765189767,1
1538770025394526624,49.784471584,carbonZ_2018-10-05-15-52-12_3_engine_failure_with_emr_traj,engine,-3.27999997139,44.8038101196,1.09900188446,286,14.9820127487,0.235623702407,-127.183479309,-6.79613828659,-13.4674968719,-0.0973331257701,1
1538770025473498464,49.863443424,carbonZ_2018-10-05-15-52-12_3_engine_failure_with_emr_traj,engine,-3.27999997139,44.8038101196,1.09900188446,286,14.9820127487,0.235623702407,-127.183479309,-6.69768619537,-13.4859085083,0.00202334113419,1
1538770025491196480,49.88114144,carbonZ_2018-10-05-15-52-12_3_engine_failure_with_emr_traj,engine,-3.31999993324,61.2219810486,1.58603322506,288,14.9820127487,0.235623702407,-127.183479309,-6.66778659821,-13.4892215729,0.0486419424415,1
1538770025556013024,49.945957984,carbonZ_2018-10-05-15-52-12_3_engine_failure_with_emr_traj,engine,-3.31999993324,61.2219810486,1.58603322506,288,14.0815162659,-1.61008381844,-125.683868408,-6.57638406754,-13.5025005341,0.176745384932,1
1538770025612608800,50.00255376,carbonZ_2018-10-05-15-52-12_3_engine_failure_with_emr_traj,engine,-3.3599998951,60.2219581604,1.96702551842,289,14.0815162659,-1.61008381844,-125.683868408,-6.49805116653,-13.5108985901,0.355113834143,1
1538770025639232384,50.029177344,carbonZ_2018-10-05-15-52-12_3_engine_failure_with_emr_traj,engine,-3.3599998951,60.2219581604,1.96702551842,289,14.0815162659,-1.61008381844,-125.683868408,-6.47044277191,-13.5152111053,0.408456772566,1
1538770025694910176,50.084855136,carbonZ_2018-10-05-15-52-12_3_engine_failure_with_emr_traj,engine,-3.3599998951,68.7062225342,2.53452444077,290,14.0815162659,-1.61008381844,-125.683868408,-6.38512468338,-13.5261001587,0.604609012604,1
1538770025721384384,50.111329344,carbonZ_2018-10-05-15-52-12_3_engine_failure_with_emr_traj,engine,-3.3599998951,68.7062225342,2.53452444077,290,14.0815162659,-1.61008381844,-125.683868408,-6.35821056366,-13.5299654007,0.659662723541,1
1538770025767163776,50.157108736,carbonZ_2018-10-05-15-52-12_3_engine_failure_with_emr_traj,engine,-3.3599998951,68.7062225342,2.53452444077,290,14.0815162659,-1.61008381844,-125.683868408,-6.30514812469,-13.5454149246,0.759142577648,1
1538770025796105376,50.186050336,carbonZ_2018-10-05-15-52-12_3_engine_failure_with_emr_traj,engine,-3.34999990463,69.7062530518,3.06097555161,291,14.0815162659,-1.61008381844,-125.683868408,-6.22433519363,-13.5713453293,0.883083224297,1
1538770025865525024,50.255469984,carbonZ_2018-10-05-15-52-12_3_engine_failure_with_emr_traj,engine,-3.34999990463,69.7062530518,3.06097555161,291,15.1169519424,-4.41179513931,-124.768089294,-6.17730760574,-13.5838947296,0.978024125099,1
1538770025885441376,50.275386336,carbonZ_2018-10-05-15-52-12_3_engine_failure_with_emr_traj,engine,-3.29999995232,85.0831985474,3.666867733,293,15.1169519424,-4.41179513931,-124.768089294,-6.12624120712,-13.6021928787,1.07378304005,1
1538770025975221824,50.365166784,carbonZ_2018-10-05-15-52-12_3_engine_failure_with_emr_traj,engine,-3.29999995232,85.0831985474,3.666867733,293,15.1169519424,-4.41179513931,-124.768089294,-6.02375745773,-13.6428756714,1.26443135738,1
1538770026001351712,50.391296672,carbonZ_2018-10-05-15-52-12_3_engine_failure_with_emr_traj,engine,-3.23000001907,85.0831985474,4.27661705017,294,15.1169519424,-4.41179513931,-124.768089294,-6.00102424622,-13.6552181244,1.31607723236,1
1538770026050380288,50.440325248,carbonZ_2018-10-05-15-52-12_3_engine_failure_with_emr_traj,engine,-3.23000001907,85.0831985474,4.27661705017,294,15.1169519424,-4.41179513931,-124.768089294,-5.916659832,-13.7047576904,1.43686902523,1
1538770026124563360,50.51450832,carbonZ_2018-10-05-15-52-12_3_engine_failure_with_emr_traj,engine,-3.12999987602,92.0324325562,4.87508201599,295,15.1169519424,-4.41179513931,-124.768089294,-5.83228874207,-13.7624979019,1.55066978931,1
1538770026161228800,50.55117376,carbonZ_2018-10-05-15-52-12_3_engine_failure_with_emr_traj,engine,-3.12999987602,92.0324325562,4.87508201599,295,15.1169519424,-4.41179513931,-124.768089294,-5.76887083054,-13.8087005615,1.61623501778,1
1538770026203086304,50.593031264,carbonZ_2018-10-05-15-52-12_3_engine_failure_with_emr_traj,engine,-3.01999998093,92.0324325562,5.6665968895,297,15.1169519424,-4.41179513931,-124.768089294,-5.70940828323,-13.8545560837,1.67810404301,1
1538770026232765504,50.622710464,carbonZ_2018-10-05-15-52-12_3_engine_failure_with_emr_traj,engine,-3.01999998093,92.0324325562,5.6665968895,297,15.1169519424,-4.41179513931,-124.768089294,-5.64351987839,-13.9073495865,1.74082589149,1
1538770026289461760,50.67940672,carbonZ_2018-10-05-15-52-12_3_engine_failure_with_emr_traj,engine,-2.87999987602,102.318481445,6.3914141655,298,15.1169519424,-4.41179513931,-124.768089294,-5.58039522171,-13.9558477402,1.80528342724,1
1538770026319767296,50.709712256,carbonZ_2018-10-05-15-52-12_3_engine_failure_with_emr_traj,engine,-2.87999987602,102.318481445,6.3914141655,298,20.6243171692,-8.66925907135,-122.09854126,-5.58039522171,-13.9558477402,1.80528342724,1
1538770026394324544,50.784269504,carbonZ_2018-10-05-15-52-12_3_engine_failure_with_emr_traj,engine,-2.87999987602,102.318481445,6.3914141655,298,20.6243171692,-8.66925907135,-122.09854126,-5.40900325775,-14.0866851807,1.99431657791,1
1538770026415884288,50.805829248,carbonZ_2018-10-05-15-52-12_3_engine_failure_with_emr_traj,engine,-2.74000000954,102.318481445,7.08529901505,299,20.6243171692,-8.66925907135,-122.09854126,-5.40900325775,-14.0866851807,1.99431657791,1
1538770026495886272,50.885831232,carbonZ_2018-10-05-15-52-12_3_engine_failure_with_emr_traj,engine,-2.55999994278,100.690368652,7.98907518387,301,20.6243171692,-8.66925907135,-122.09854126,-5.19618368149,-14.2449636459,2.27990221977,1
1538770026556692352,50.946637312,carbonZ_2018-10-05-15-52-12_3_engine_failure_with_emr_traj,engine,-2.55999994278,100.690368652,7.98907518387,301,20.6243171692,-8.66925907135,-122.09854126,-5.05904436111,-14.3430204391,2.41363239288,1
1538770026595707008,50.985651968,carbonZ_2018-10-05-15-52-12_3_engine_failure_with_emr_traj,engine,-2.36999988556,100.690368652,8.7968006134,302,20.6243171692,-8.66925907135,-122.09854126,-4.95721435547,-14.4206790924,2.4927175045,1
1538770026609034304,50.998979264,carbonZ_2018-10-05-15-52-12_3_engine_failure_with_emr_traj,engine,-2.36999988556,100.690368652,8.7968006134,302,20.6243171692,-8.66925907135,-122.09854126,-4.95721435547,-14.4206790924,2.4927175045,1
1538770026679992288,51.069937248,carbonZ_2018-10-05-15-52-12_3_engine_failure_with_emr_traj,engine,-2.14999985695,109.183120728,9.67362689972,303,20.6243171692,-8.66925907135,-122.09854126,-4.75540304184,-14.5576677322,2.70146965981,1
1538770026705767520,51.09571248,carbonZ_2018-10-05-15-52-12_3_engine_failure_with_emr_traj,engine,-2.14999985695,109.183120728,9.67362689972,303,27.6813488007,-12.5334377289,-115.8045578,-4.64005279541,-14.6324052811,2.80633831024,1
1538770026773088512,51.163033472,carbonZ_2018-10-05-15-52-12_3_engine_failure_with_emr_traj,engine,-2.14999985695,109.183120728,9.67362689972,303,27.6813488007,-12.5334377289,-115.8045578,-4.45266199112,-14.7586450577,2.9379734993,1
1538770026810134720,51.20007968,carbonZ_2018-10-05-15-52-12_3_engine_failure_with_emr_traj,engine,-1.89999997616,109.183120728,10.5207128525,305,27.6813488007,-12.5334377289,-115.8045578,-4.30954790115,-14.8488321304,3.01880741119,1
1538770026889355744,51.279300704,carbonZ_2018-10-05-15-52-12_3_engine_failure_with_emr_traj,engine,-1.62999999523,104.708770752,11.4178371429,306,27.6813488007,-12.5334377289,-115.8045578,-4.08598613739,-14.9796333313,3.16386914253,1
1538770026922775392,51.312720352,carbonZ_2018-10-05-15-52-12_3_engine_failure_with_emr_traj,engine,-1.62999999523,104.708770752,11.4178371429,306,27.6813488007,-12.5334377289,-115.8045578,-3.91755580902,-15.0726737976,3.24907684326,1
1538770026985287200,51.37523216,carbonZ_2018-10-05-15-52-12_3_engine_failure_with_emr_traj,engine,-1.62999999523,104.708770752,11.4178371429,306,34.4459877014,-13.5891313553,-111.867927551,-3.67491364479,-15.1893968582,3.42247843742,1
1538770027060122528,51.450067488,carbonZ_2018-10-05-15-52-12_3_engine_failure_with_emr_traj,engine,-1.33999991417,105.708786011,12.3029327393,308,34.4459877014,-13.5891313553,-111.867927551,-3.3644425869,-15.3241319656,3.67432308197,1
1538770027076776544,51.466721504,carbonZ_2018-10-05-15-52-12_3_engine_failure_with_emr_traj,engine,-1.33999991417,105.708786011,12.3029327393,308,34.4459877014,-13.5891313553,-111.867927551,-3.18169498444,-15.4093294144,3.75651669502,1
1538770027107157344,51.497102304,carbonZ_2018-10-05-15-52-12_3_engine_failure_with_emr_traj,engine,-1.00999999046,97.8351593018,13.16888237,309,34.4459877014,-13.5891313553,-111.867927551,-3.0868062973,-15.4506759644,3.8013689518,1
1538770027239328000,51.62927296,carbonZ_2018-10-05-15-52-12_3_engine_failure_with_emr_traj,engine,-0.659999966621,97.8351593018,14.0697956085,311,34.4459877014,-13.5891313553,-111.867927551,-2.51915836334,-15.6845779419,4.0746922493,1
1538770027291879744,51.681824704,carbonZ_2018-10-05-15-52-12_3_engine_failure_with_emr_traj,engine,-0.289999991655,99.6997833252,14.9747638702,312,34.4459877014,-13.5891313553,-111.867927551,-2.11634659767,-15.8845376968,4.0033159256,1
1538770027310730624,51.700675584,carbonZ_2018-10-05-15-52-12_3_engine_failure_with_emr_traj,engine,-0.289999991655,99.6997833252,14.9747638702,312,34.4459877014,-13.5891313553,-111.867927551,-1.9808627367,-15.9535150528,3.97180652618,1
1538770027381483712,51.771428672,carbonZ_2018-10-05-15-52-12_3_engine_failure_with_emr_traj,engine,0.0799999982119,99.6997833252,15.8530282974,314,37.0549736023,-11.65853405,-105.349578857,-1.57354950905,-16.1377315521,3.89557766914,1
1538770027421277184,51.811222144,carbonZ_2018-10-05-15-52-12_3_engine_failure_with_emr_traj,engine,0.0799999982119,99.6997833252,15.8530282974,314,37.0549736023,-11.65853405,-105.349578857,-1.31193768978,-16.2424907684,3.86391735077,1
1538770027485583968,51.875528928,carbonZ_2018-10-05-15-52-12_3_engine_failure_with_emr_traj,engine,0.42999997735,112.017250061,16.7454166412,315,37.0549736023,-11.65853405,-105.349578857,-0.902924478054,-16.3967571259,3.79830622673,1
1538770027515219264,51.905164224,carbonZ_2018-10-05-15-52-12_3_engine_failure_with_emr_traj,engine,0.42999997735,112.017250061,16.7454166412,315,37.0549736023,-11.65853405,-105.349578857,-0.6347412467,-16.49077034,3.75782895088,1
1538770027586439232,51.976384192,carbonZ_2018-10-05-15-52-12_3_engine_failure_with_emr_traj,engine,0.77999997139,112.017250061,17.6194210052,317,37.0549736023,-11.65853405,-105.349578857,-0.0868701264262,-16.6612548828,3.68983530998,1
1538770027664576672,52.054521632,carbonZ_2018-10-05-15-52-12_3_engine_failure_with_emr_traj,engine,0.77999997139,112.017250061,17.6194210052,317,37.0549736023,-11.65853405,-105.349578857,0.315653979778,-16.7702922821,3.64425468445,1
1538770027703395648,52.093340608,carbonZ_2018-10-05-15-52-12_3_engine_failure_with_emr_traj,engine,1.11000001431,84.2878341675,18.4572486877,319,36.1059036255,-10.6572980881,-98.0192565918,0.86613714695,-16.897321701,3.58604240417,1
1538770027803933024,52.193877984,carbonZ_2018-10-05-15-52-12_3_engine_failure_with_emr_traj,engine,1.43999993801,83.2878112793,19.3340053558,320,36.1059036255,-10.6572980881,-98.0192565918,1.27957963943,-16.9836788177,3.53957867622,1
1538770027850668160,52.24061312,carbonZ_2018-10-05-15-52-12_3_engine_failure_with_emr_traj,engine,1.43999993801,83.2878112793,19.3340053558,320,36.1059036255,-10.6572980881,-98.0192565918,1.70106947422,-17.0556335449,3.48254561424,1
1538770027887880768,52.277825728,carbonZ_2018-10-05-15-52-12_3_engine_failure_with_emr_traj,engine,1.75,75.9707489014,20.1392040253,322,36.1059036255,-10.6572980881,-98.0192565918,1.97879958153,-17.1000232697,3.45006728172,1
1538770027940703392,52.330648352,carbonZ_2018-10-05-15-52-12_3_engine_failure_with_emr_traj,engine,1.75,75.9707489014,20.1392040253,322,36.1059036255,-10.6572980881,-98.0192565918,2.57594108582,-17.177734375,3.35337114334,1
1538770028004967264,52.394912224,carbonZ_2018-10-05-15-52-12_3_engine_failure_with_emr_traj,engine,2.05999994278,76.9707641602,21.0106048584,324,36.1059036255,-10.6572980881,-98.0192565918,2.72195482254,-17.1921100616,3.33300638199,1
1538770028067721664,52.457666624,carbonZ_2018-10-05-15-52-12_3_engine_failure_with_emr_traj,engine,2.05999994278,76.9707641602,21.0106048584,324,36.1059036255,-10.6572980881,-98.0192565918,3.46204662323,-17.2312870026,3.24014306068,1
1538770028098078912,52.488023872,carbonZ_2018-10-05-15-52-12_3_engine_failure_with_emr_traj,engine,2.34999990463,76.5944519043,21.857093811,326,36.1059036255,-10.6572980881,-98.0192565918,3.46204662323,-17.2312870026,3.24014306068,1
1538770028136365344,52.526310304,carbonZ_2018-10-05-15-52-12_3_engine_failure_with_emr_traj,engine,2.34999990463,76.5944519043,21.857093811,326,37.8287010193,-9.21400928497,-87.9566345215,3.8865776062,-17.2358837128,3.20925068855,1
1538770028177526880,52.56747184,carbonZ_2018-10-05-15-52-12_3_engine_failure_with_emr_traj,engine,2.34999990463,76.5944519043,21.857093811,326,37.8287010193,-9.21400928497,-87.9566345215,4.03207111359,-17.2365055084,3.1969833374,1
1538770028254855648,52.644800608,carbonZ_2018-10-05-15-52-12_3_engine_failure_with_emr_traj,engine,2.63999986649,76.5944519043,22.6339302063,327,37.8287010193,-9.21400928497,-87.9566345215,4.6819229126,-17.2227458954,3.0792953968,1
1538770028312601248,52.702546208,carbonZ_2018-10-05-15-52-12_3_engine_failure_with_emr_traj,engine,2.90999984741,66.2490844727,23.3991947174,329,37.8287010193,-9.21400928497,-87.9566345215,5.18739652634,-17.2012519836,2.98352336884,1
1538770028401856448,52.791801408,carbonZ_2018-10-05-15-52-12_3_engine_failure_with_emr_traj,engine,3.17999982834,66.2490844727,24.2244644165,331,37.8287010193,-9.21400928497,-87.9566345215,5.85349988937,-17.1394252777,2.9100060463,1
1538770028413207968,52.803152928,carbonZ_2018-10-05-15-52-12_3_engine_failure_with_emr_traj,engine,3.17999982834,66.2490844727,24.2244644165,331,37.8287010193,-9.21400928497,-87.9566345215,5.85349988937,-17.1394252777,2.9100060463,1
1538770028482024960,52.87196992,carbonZ_2018-10-05-15-52-12_3_engine_failure_with_emr_traj,engine,3.17999982834,66.2490844727,24.2244644165,331,37.8287010193,-9.21400928497,-87.9566345215,6.51900720596,-17.0404396057,2.84082794189,1
1538770028530788000,52.92073296,carbonZ_2018-10-05-15-52-12_3_engine_failure_with_emr_traj,engine,3.42999982834,63.303565979,25.0213565826,333,42.3562660217,-8.01334667206,-78.9217071533,7.04157495499,-16.9529819489,2.77598381042,1
1538770028599369184,52.989314144,carbonZ_2018-10-05-15-52-12_3_engine_failure_with_emr_traj,engine,3.67999982834,63.303565979,25.7120800018,334,42.3562660217,-8.01334667206,-78.9217071533,7.54654741287,-16.8412437439,2.72791433334,1
1538770028608447648,52.998392608,carbonZ_2018-10-05-15-52-12_3_engine_failure_with_emr_traj,engine,3.67999982834,63.303565979,25.7120800018,334,42.3562660217,-8.01334667206,-78.9217071533,7.54654741287,-16.8412437439,2.72791433334,1
1538770028677162304,53.067107264,carbonZ_2018-10-05-15-52-12_3_engine_failure_with_emr_traj,engine,3.67999982834,63.303565979,25.7120800018,334,42.3562660217,-8.01334667206,-78.9217071533,8.21104335785,-16.6688289642,2.64416742325,1
1538770028731536864,53.121481824,carbonZ_2018-10-05-15-52-12_3_engine_failure_with_emr_traj,engine,3.90999984741,49.5141983032,26.4506549835,336,42.3562660217,-8.01334667206,-78.9217071533,8.72489547729,-16.5148735046,2.58091330528,1
1538770028803164128,53.193109088,carbonZ_2018-10-05-15-52-12_3_engine_failure_with_emr_traj,engine,4.13999986649,49.5141983032,27.1837120056,338,42.3562660217,-8.01334667206,-78.9217071533,9.18545436859,-16.3539276123,2.53785181046,1
1538770028838550368,53.228495328,carbonZ_2018-10-05-15-52-12_3_engine_failure_with_emr_traj,engine,4.13999986649,49.5141983032,27.1837120056,338,42.3562660217,-8.01334667206,-78.9217071533,9.50477695465,-16.2241134644,2.50845789909,1
1538770028873273824,53.263218784,carbonZ_2018-10-05-15-52-12_3_engine_failure_with_emr_traj,engine,4.13999986649,49.5141983032,27.1837120056,338,40.4718208313,-7.38074684143,-68.1001968384,9.79837703705,-16.0949478149,2.4916498661,1
1538770028910092768,53.300037728,carbonZ_2018-10-05-15-52-12_3_engine_failure_with_emr_traj,engine,4.34999990463,38.5041236877,27.7999515533,339,40.4718208313,-7.38074684143,-68.1001968384,10.2589960098,-15.8893957138,2.45962882042,1
1538770028978306784,53.368251744,carbonZ_2018-10-05-15-52-12_3_engine_failure_with_emr_traj,engine,4.34999990463,38.5041236877,27.7999515533,339,40.4718208313,-7.38074684143,-68.1001968384,10.5909776688,-15.7363348007,2.42567181587,1
1538770029043915392,53.433860352,carbonZ_2018-10-05-15-52-12_3_engine_failure_with_emr_traj,engine,4.56999969482,38.5041236877,28.4934139252,341,40.4718208313,-7.38074684143,-68.1001968384,11.067234993,-15.4864645004,2.36127829552,1
1538770029080547040,53.470492,carbonZ_2018-10-05-15-52-12_3_engine_failure_with_emr_traj,engine,4.56999969482,38.5041236877,28.4934139252,341,40.4718208313,-7.38074684143,-68.1001968384,11.3838853836,-15.3131389618,2.33322191238,1
1538770029133970880,53.52391584,carbonZ_2018-10-05-15-52-12_3_engine_failure_with_emr_traj,engine,4.76999998093,34.6471786499,29.0463962555,343,40.4718208313,-7.38074684143,-68.1001968384,11.8384275436,-15.0360250473,2.32200980186,1
1538770029172347232,53.562292192,carbonZ_2018-10-05-15-52-12_3_engine_failure_with_emr_traj,engine,4.76999998093,34.6471786499,29.0463962555,343,40.4718208313,-7.38074684143,-68.1001968384,12.093495369,-14.8646945953,2.35540819168,1
1538770029222968160,53.61291312,carbonZ_2018-10-05-15-52-12_3_engine_failure_with_emr_traj,engine,4.96999979019,35.6472015381,29.6756858826,344,40.4718208313,-7.38074684143,-68.1001968384,12.6689815521,-14.4411888123,2.34109401703,1
1538770029308171936,53.698116896,carbonZ_2018-10-05-15-52-12_3_engine_failure_with_emr_traj,engine,5.15999984741,27.1445274353,30.2549362183,346,44.7174224854,-5.82806921005,-55.9246406555,12.9917125702,-14.2066793442,2.30305671692,1
1538770029314610528,53.704555488,carbonZ_2018-10-05-15-52-12_3_engine_failure_with_emr_traj,engine,5.15999984741,27.1445274353,30.2549362183,346,44.7174224854,-5.82806921005,-55.9246406555,13.1608228683,-14.0819892883,2.28366661072,1
1538770029367582496,53.757527456,carbonZ_2018-10-05-15-52-12_3_engine_failure_with_emr_traj,engine,5.15999984741,27.1445274353,30.2549362183,346,44.7174224854,-5.82806921005,-55.9246406555,13.6071567535,-13.7249279022,2.27101826668,1
1538770029403961952,53.793906912,carbonZ_2018-10-05-15-52-12_3_engine_failure_with_emr_traj,engine,5.34999990463,27.1445274353,30.7526035309,347,44.7174224854,-5.82806921005,-55.9246406555,13.8917894363,-13.4673452377,2.26705265045,1
1538770029502078752,53.892023712,carbonZ_2018-10-05-15-52-12_3_engine_failure_with_emr_traj,engine,5.53999996185,21.8078613281,31.2446861267,348,44.7174224854,-5.82806921005,-55.9246406555,14.3832473755,-12.9894428253,2.32614064217,1
1538770029518860128,53.908805088,carbonZ_2018-10-05-15-52-12_3_engine_failure_with_emr_traj,engine,5.53999996185,21.8078613281,31.2446861267,348,50.0905227661,-5.05141305923,-49.5322952271,14.3832473755,-12.9894428253,2.32614064217,1
1538770029568866208,53.958811168,carbonZ_2018-10-05-15-52-12_3_engine_failure_with_emr_traj,engine,5.53999996185,21.8078613281,31.2446861267,348,50.0905227661,-5.05141305923,-49.5322952271,14.7877235413,-12.5451574326,2.47237300873,1
1538770029632223072,54.022168032,carbonZ_2018-10-05-15-52-12_3_engine_failure_with_emr_traj,engine,5.73999977112,21.8078613281,31.6699790955,350,50.0905227661,-5.05141305923,-49.5322952271,15.0809850693,-12.1804933548,2.60018467903,1
1538770029675849344,54.065794304,carbonZ_2018-10-05-15-52-12_3_engine_failure_with_emr_traj,engine,5.73999977112,21.8078613281,31.6699790955,350,50.0905227661,-5.05141305923,-49.5322952271,15.2832040787,-11.9262981415,2.67695236206,1
1538770029720669312,54.110614272,carbonZ_2018-10-05-15-52-12_3_engine_failure_with_emr_traj,engine,5.96999979019,3.66344451904,32.1302375793,351,50.0905227661,-5.05141305923,-49.5322952271,15.4962434769,-11.664056778,2.72445225716,1
1538770029815276320,54.20522128,carbonZ_2018-10-05-15-52-12_3_engine_failure_with_emr_traj,engine,6.21999979019,3.66344451904,32.5885391235,352,50.0905227661,-5.05141305923,-49.5322952271,16.0598640442,-10.9373579025,2.77025318146,1
1538770029868502368,54.258447328,carbonZ_2018-10-05-15-52-12_3_engine_failure_with_emr_traj,engine,6.21999979019,3.66344451904,32.5885391235,352,45.5591316223,-5.45533466339,-37.5132141113,16.3702583313,-10.4911079407,2.79331469536,1
1538770029891657280,54.28160224,carbonZ_2018-10-05-15-52-12_3_engine_failure_with_emr_traj,engine,6.46999979019,17.4282073975,32.9370002747,354,45.5591316223,-5.45533466339,-37.5132141113,16.3702583313,-10.4911079407,2.79331469536,1
1538770029945853280,54.33579824,carbonZ_2018-10-05-15-52-12_3_engine_failure_with_emr_traj,engine,6.46999979019,17.4282073975,32.9370002747,354,45.5591316223,-5.45533466339,-37.5132141113,16.6855506897,-10.020116806,2.79262471199,1
1538770030001596800,54.39154176,carbonZ_2018-10-05-15-52-12_3_engine_failure_with_emr_traj,engine,6.73000001907,16.4281845093,33.3171234131,355,45.5591316223,-5.45533466339,-37.5132141113,16.9920825958,-9.53574752808,2.77286171913,1
1538770030039597952,54.429542912,carbonZ_2018-10-05-15-52-12_3_engine_failure_with_emr_traj,engine,6.73000001907,16.4281845093,33.3171234131,355,45.5591316223,-5.45533466339,-37.5132141113,17.1925296783,-9.18507194519,2.73380827904,1
1538770030078982624,54.468927584,carbonZ_2018-10-05-15-52-12_3_engine_failure_with_emr_traj,engine,6.73000001907,16.4281845093,33.3171234131,355,44.2258491516,-5.04668235779,-30.6075801849,17.3728199005,-8.85806179047,2.71197986603,1
1538770030107956192,54.497901152,carbonZ_2018-10-05-15-52-12_3_engine_failure_with_emr_traj,engine,6.98000001907,13.4207725525,33.5906448364,356,44.2258491516,-5.04668235779,-30.6075801849,17.5301132202,-8.5410451889,2.72070097923,1
1538770030169675072,54.559620032,carbonZ_2018-10-05-15-52-12_3_engine_failure_with_emr_traj,engine,6.98000001907,13.4207725525,33.5906448364,356,44.2258491516,-5.04668235779,-30.6075801849,17.719877243,-8.1076374054,2.77578449249,1
1538770030240675328,54.630620288,carbonZ_2018-10-05-15-52-12_3_engine_failure_with_emr_traj,engine,7.23999977112,14.4207954407,33.8913078308,357,44.2258491516,-5.04668235779,-30.6075801849,17.9193172455,-7.61336565018,2.79749846458,1
1538770030312710240,54.7026552,carbonZ_2018-10-05-15-52-12_3_engine_failure_with_emr_traj,engine,7.48999977112,13.8078689575,34.1245498657,358,44.2258491516,-5.04668235779,-30.6075801849,18.2030029297,-6.91373348236,2.77717590332,1
1538770030397127488,54.787072448,carbonZ_2018-10-05-15-52-12_3_engine_failure_with_emr_traj,engine,7.48999977112,13.8078689575,34.1245498657,358,46.1691169739,-4.10216522217,-20.3820552826,18.4784545898,-6.17395162582,2.72169494629,1
1538770030453164576,54.843109536,carbonZ_2018-10-05-15-52-12_3_engine_failure_with_emr_traj,engine,7.75,13.8078689575,34.3658752441,359,46.1691169739,-4.10216522217,-20.3820552826,18.6940555573,-5.54835128784,2.62783122063,1
1538770030494129568,54.884074528,carbonZ_2018-10-05-15-52-12_3_engine_failure_with_emr_traj,engine,8.0,19.2234992981,34.5544624329,359,46.1691169739,-4.10216522217,-20.3820552826,18.8241977692,-5.14260005951,2.55871248245,1
1538770030507093664,54.897038624,carbonZ_2018-10-05-15-52-12_3_engine_failure_with_emr_traj,engine,8.0,19.2234992981,34.5544624329,359,46.1691169739,-4.10216522217,-20.3820552826,18.8777046204,-4.95011901855,2.53949260712,1
1538770030594044576,54.983989536,carbonZ_2018-10-05-15-52-12_3_engine_failure_with_emr_traj,engine,8.0,19.2234992981,34.5544624329,359,46.1691169739,-4.10216522217,-20.3820552826,19.0193653107,-4.3845281601,2.47921848297,1
1538770030635701568,55.025646528,carbonZ_2018-10-05-15-52-12_3_engine_failure_with_emr_traj,engine,8.23999977112,19.2234992981,34.6399459839,360,46.1691169739,-4.10216522217,-20.3820552826,19.1206455231,-3.8213300705,2.42705154419,1
1538770030719328096,55.109273056,carbonZ_2018-10-05-15-52-12_3_engine_failure_with_emr_traj,engine,8.47000026703,5.82227706909,34.7306213379,361,46.1691169739,-4.10216522217,-20.3820552826,19.2429218292,-3.07044768333,2.31710672379,1
1538770030803131296,55.193076256,carbonZ_2018-10-05-15-52-12_3_engine_failure_with_emr_traj,engine,8.6799993515,5.82227706909,34.7966270447,361,42.9709243774,-3.65367174149,-7.3643321991,19.3300876617,-2.31620121002,2.20233535767,1
1538770030814839968,55.204784928,carbonZ_2018-10-05-15-52-12_3_engine_failure_with_emr_traj,engine,8.6799993515,5.82227706909,34.7966270447,361,42.9709243774,-3.65367174149,-7.3643321991,19.3443641663,-2.12993097305,2.18048858643,1
1538770030880139360,55.27008432,carbonZ_2018-10-05-15-52-12_3_engine_failure_with_emr_traj,engine,8.6799993515,5.82227706909,34.7966270447,361,42.9709243774,-3.65367174149,-7.3643321991,19.3748054504,-1.56702268124,2.10470628738,1
1538770030909570336,55.299515296,carbonZ_2018-10-05-15-52-12_3_engine_failure_with_emr_traj,engine,8.88999938965,-29.1036605835,34.7361030579,362,42.9709243774,-3.65367174149,-7.3643321991,19.385641098,-1.21027100086,2.07140398026,1
1538770030980352128,55.370297088,carbonZ_2018-10-05-15-52-12_3_engine_failure_with_emr_traj,engine,9.09000015259,-29.1036605835,34.6939735413,362,42.9709243774,-3.65367174149,-7.3643321991,19.3796787262,-0.52356928587,2.01780390739,1
1538770031033530944,55.423475904,carbonZ_2018-10-05-15-52-12_3_engine_failure_with_emr_traj,engine,9.09000015259,-29.1036605835,34.6939735413,362,42.9709243774,-3.65367174149,-7.3643321991,19.3570289612,-0.202090471983,2.01663398743,1
1538770031069214528,55.459159488,carbonZ_2018-10-05-15-52-12_3_engine_failure_with_emr_traj,engine,9.09000015259,-29.1036605835,34.6939735413,362,42.9709243774,-3.65367174149,-7.3643321991,19.3287715912,0.116732701659,2.01817297935,1
1538770031109060192,55.499005152,carbonZ_2018-10-05-15-52-12_3_engine_failure_with_emr_traj,engine,9.27999973297,-42.3484802246,34.6361351013,362,42.9709243774,-3.65367174149,-7.3643321991,19.2939414978,0.428091228008,2.02506065369,1
1538770031205146624,55.595091584,carbonZ_2018-10-05-15-52-12_3_engine_failure_with_emr_traj,engine,9.47999954224,-42.3484802246,34.5926208496,363,42.9709243774,-3.65367174149,-7.3643321991,19.2086544037,0.986676871777,2.08625173569,1
1538770031230884864,55.620829824,carbonZ_2018-10-05-15-52-12_3_engine_failure_with_emr_traj,engine,9.47999954224,-42.3484802246,34.5926208496,363,40.0115394592,-4.68936061859,8.97543334961,19.181930542,1.12411165237,2.1077568531,1
1538770031273732672,55.663677632,carbonZ_2018-10-05-15-52-12_3_engine_failure_with_emr_traj,engine,9.69999980927,-55.5023193359,34.4441223145,363,40.0115394592,-4.68936061859,8.97543334961,19.0972270966,1.52796375751,2.17905807495,1
1538770031334963808,55.724908768,carbonZ_2018-10-05-15-52-12_3_engine_failure_with_emr_traj,engine,9.69999980927,-55.5023193359,34.4441223145,363,40.0115394592,-4.68936061859,8.97543334961,19.0045509338,1.95330584049,2.20213866234,1
1538770031376241184,55.766186144,carbonZ_2018-10-05-15-52-12_3_engine_failure_with_emr_traj,engine,9.69999980927,-55.5023193359,34.4441223145,363,40.0115394592,-4.68936061859,8.97543334961,18.9310340881,2.26063036919,2.1881685257,1
1538770031433664512,55.823609472,carbonZ_2018-10-05-15-52-12_3_engine_failure_with_emr_traj,engine,9.9299993515,-55.5023193359,34.3836669922,363,40.0115394592,-4.68936061859,8.97543334961,18.8065738678,2.71556973457,2.16978263855,1
1538770031513076480,55.90302144,carbonZ_2018-10-05-15-52-12_3_engine_failure_with_emr_traj,engine,10.1599998474,-42.3692703247,34.1895256042,363,40.0115394592,-4.68936061859,8.97543334961,18.6232452393,3.28206133842,2.19547581673,1
1538770031579128704,55.969073664,carbonZ_2018-10-05-15-52-12_3_engine_failure_with_emr_traj,engine,10.1599998474,-42.3692703247,34.1895256042,363,40.0115394592,-4.68936061859,8.97543334961,18.4764537811,3.66212034225,2.24713492393,1
1538770031627601472,56.017546432,carbonZ_2018-10-05-15-52-12_3_engine_failure_with_emr_traj,engine,10.3999996185,-42.3692703247,34.0999183655,363,38.7811851501,-5.2930226326,22.7112827301,18.359331131,3.95190596581,2.2649769783,1
1538770031667738112,56.057683072,carbonZ_2018-10-05-15-52-12_3_engine_failure_with_emr_traj,engine,10.3999996185,-42.3692703247,34.0999183655,363,38.7811851501,-5.2930226326,22.7112827301,18.173456192,4.39237546921,2.2631342411,1
1538770031714899296,56.104844256,carbonZ_2018-10-05-15-52-12_3_engine_failure_with_emr_traj,engine,10.6599998474,-43.3364868164,33.9620933533,363,38.7811851501,-5.2930226326,22.7112827301,18.0387592316,4.70071792603,2.25170588493,1
1538770031753645312,56.143590272,carbonZ_2018-10-05-15-52-12_3_engine_failure_with_emr_traj,engine,10.6599998474,-43.3364868164,33.9620933533,363,38.7811851501,-5.2930226326,22.7112827301,17.8347625732,5.14533662796,2.24544906616,1
1538770031796146432,56.186091392,carbonZ_2018-10-05-15-52-12_3_engine_failure_with_emr_traj,engine,10.9099998474,-43.3364868164,33.733745575,363,38.7811851501,-5.2930226326,22.7112827301,17.7576904297,5.30278968811,2.24373531342,1
1538770031856749568,56.246694528,carbonZ_2018-10-05-15-52-12_3_engine_failure_with_emr_traj,engine,10.9099998474,-43.3364868164,33.733745575,363,38.7811851501,-5.2930226326,22.7112827301,17.5201950073,5.76303291321,2.23728847504,1
1538770031886703232,56.276648192,carbonZ_2018-10-05-15-52-12_3_engine_failure_with_emr_traj,engine,11.1799993515,-29.7142028809,33.5538253784,362,38.7811851501,-5.2930226326,22.7112827301,17.3493423462,6.06583738327,2.23382997513,1
1538770031927086112,56.317031072,carbonZ_2018-10-05-15-52-12_3_engine_failure_with_emr_traj,engine,11.1799993515,-29.7142028809,33.5538253784,362,38.7811851501,-5.2930226326,22.7112827301,17.0928592682,6.4894733429,2.2428882122,1
1538770031976038112,56.365983072,carbonZ_2018-10-05-15-52-12_3_engine_failure_with_emr_traj,engine,11.1799993515,-29.7142028809,33.5538253784,362,38.7811851501,-5.2930226326,22.7112827301,17.0056610107,6.6229391098,2.24648880959,1
1538770032041300992,56.431245952,carbonZ_2018-10-05-15-52-12_3_engine_failure_with_emr_traj,engine,11.4299993515,-30.714225769,33.2508049011,362,38.7811851501,-5.2930226326,22.7112827301,16.7331390381,7.01428508759,2.30180668831,1
1538770032099212320,56.48915728,carbonZ_2018-10-05-15-52-12_3_engine_failure_with_emr_traj,engine,11.7199993134,-26.9172668457,33.0142860413,362,38.7811851501,-5.2930226326,22.7112827301,16.5647544861,7.22920417786,2.36791944504,1
1538770032118017728,56.507962688,carbonZ_2018-10-05-15-52-12_3_engine_failure_with_emr_traj,engine,11.7199993134,-26.9172668457,33.0142860413,362,38.7811851501,-5.2930226326,22.7112827301,16.3810462952,7.4625916481,2.39848017693,1
1538770032149841600,56.53978656,carbonZ_2018-10-05-15-52-12_3_engine_failure_with_emr_traj,engine,11.7199993134,-26.9172668457,33.0142860413,362,41.1149368286,-3.89039421082,39.9632873535,16.179101944,7.71221828461,2.4004778862,1
1538770032241979328,56.631924288,carbonZ_2018-10-05-15-52-12_3_engine_failure_with_emr_traj,engine,12.0,-26.9172668457,32.7891845703,361,41.1149368286,-3.89039421082,39.9632873535,15.7279319763,8.2685174942,2.31393051147,1
1538770032260214240,56.6501592,carbonZ_2018-10-05-15-52-12_3_engine_failure_with_emr_traj,engine,12.0,-26.9172668457,32.7891845703,361,41.1149368286,-3.89039421082,39.9632873535,15.4870176315,8.5521812439,2.24147295952,1
1538770032291421216,56.681366176,carbonZ_2018-10-05-15-52-12_3_engine_failure_with_emr_traj,engine,12.3000001907,-9.48715209961,32.4725036621,361,41.1149368286,-3.89039421082,39.9632873535,15.3622407913,8.69292831421,2.19636559486,1
1538770032349797664,56.739742624,carbonZ_2018-10-05-15-52-12_3_engine_failure_with_emr_traj,engine,12.3000001907,-9.48715209961,32.4725036621,361,41.1149368286,-3.89039421082,39.9632873535,15.0000972748,9.08645057678,2.07584190369,1
1538770032401201568,56.791146528,carbonZ_2018-10-05-15-52-12_3_engine_failure_with_emr_traj,engine,12.5699996948,-8.48712921143,32.1145401001,360,41.1149368286,-3.89039421082,39.9632873535,14.7451810837,9.34604644775,1.99659490585,1
1538770032444643872,56.834588832,carbonZ_2018-10-05-15-52-12_3_engine_failure_with_emr_traj,engine,12.5699996948,-8.48712921143,32.1145401001,360,41.1149368286,-3.89039421082,39.9632873535,14.341799736,9.73223400116,1.85692095757,1
1538770032511823808,56.901768768,carbonZ_2018-10-05-15-52-12_3_engine_failure_with_emr_traj,engine,12.8299999237,0.115394592285,31.6472740173,359,41.1149368286,-3.89039421082,39.9632873535,13.9354028702,10.1021728516,1.70516204834,1
1538770032556016320,56.94596128,carbonZ_2018-10-05-15-52-12_3_engine_failure_with_emr_traj,engine,12.8299999237,0.115394592285,31.6472740173,359,36.5236663818,-2.69433641434,53.2191696167,13.665178299,10.3273477554,1.6135468483,1
1538770032639537024,57.029481984,carbonZ_2018-10-05-15-52-12_3_engine_failure_with_emr_traj,engine,13.0499992371,0.115394592285,31.12774086,359,36.5236663818,-2.69433641434,53.2191696167,13.1275339127,10.7548284531,1.46466648579,1
1538770032656306688,57.046251648,carbonZ_2018-10-05-15-52-12_3_engine_failure_with_emr_traj,engine,13.0499992371,0.115394592285,31.12774086,359,36.5236663818,-2.69433641434,53.2191696167,12.9942083359,10.851269722,1.43193089962,1
1538770032697600608,57.087545568,carbonZ_2018-10-05-15-52-12_3_engine_failure_with_emr_traj,engine,13.2699995041,6.43949508667,30.4836196899,358,36.5236663818,-2.69433641434,53.2191696167,12.731461525,11.0386667252,1.37292516232,1
1538770032744782240,57.1347272,carbonZ_2018-10-05-15-52-12_3_engine_failure_with_emr_traj,engine,13.2699995041,6.43949508667,30.4836196899,358,36.5236663818,-2.69433641434,53.2191696167,12.1877985001,11.4039011002,1.19339454174,1
1538770032821340288,57.211285248,carbonZ_2018-10-05-15-52-12_3_engine_failure_with_emr_traj,engine,13.4600000381,6.43949508667,29.8113422394,357,36.5236663818,-2.69433641434,53.2191696167,11.9023284912,11.5911035538,1.06422793865,1
1538770032883760768,57.273705728,carbonZ_2018-10-05-15-52-12_3_engine_failure_with_emr_traj,engine,13.4600000381,6.43949508667,29.8113422394,357,36.5236663818,-2.69433641434,53.2191696167,11.4807958603,11.8524179459,0.888432621956,1
1538770032918238944,57.308183904,carbonZ_2018-10-05-15-52-12_3_engine_failure_with_emr_traj,engine,13.6300001144,-3.42063903809,29.0492286682,356,31.773021698,-1.5869396925,65.099067688,11.2041187286,12.0174007416,0.758546948433,1
1538770032956042400,57.34598736,carbonZ_2018-10-05-15-52-12_3_engine_failure_with_emr_traj,engine,13.6300001144,-3.42063903809,29.0492286682,356,31.773021698,-1.5869396925,65.099067688,10.9293584824,12.166557312,0.629356265068,1
1538770033008470304,57.398415264,carbonZ_2018-10-05-15-52-12_3_engine_failure_with_emr_traj,engine,13.7599992752,-3.42063903809,28.2402801514,355,31.773021698,-1.5869396925,65.099067688,10.6691646576,12.3019990921,0.509280741215,1
1538770033040043360,57.42998832,carbonZ_2018-10-05-15-52-12_3_engine_failure_with_emr_traj,engine,13.7599992752,-3.42063903809,28.2402801514,355,31.773021698,-1.5869396925,65.099067688,10.2685289383,12.5082588196,0.324711114168,1
1538770033099227968,57.489172928,carbonZ_2018-10-05-15-52-12_3_engine_failure_with_emr_traj,engine,13.8699998856,-10.6365203857,27.3428916931,354,31.773021698,-1.5869396925,65.099067688,9.78538799286,12.7280302048,0.0945345982909,1
1538770033191299648,57.581244608,carbonZ_2018-10-05-15-52-12_3_engine_failure_with_emr_traj,engine,13.8699998856,-10.6365203857,27.3428916931,354,31.773021698,-1.5869396925,65.099067688,9.56482601166,12.8135213852,-0.00169073976576,1
1538770033227954432,57.617899392,carbonZ_2018-10-05-15-52-12_3_engine_failure_with_emr_traj,engine,13.9399995804,-10.6365203857,26.4321193695,353,24.4105129242,-0.550571084023,73.3339614868,9.16519832611,12.9657764435,-0.112147346139,1
1538770033308213920,57.69815888,carbonZ_2018-10-05-15-52-12_3_engine_failure_with_emr_traj,engine,14.0099992752,-25.8029937744,25.4360618591,352,24.4105129242,-0.550571084023,73.3339614868,8.99861335754,13.0210552216,-0.14129589498,1
1538770033315645792,57.705590752,carbonZ_2018-10-05-15-52-12_3_engine_failure_with_emr_traj,engine,14.0099992752,-25.8029937744,25.4360618591,352,24.4105129242,-0.550571084023,73.3339614868,8.99861335754,13.0210552216,-0.14129589498,1
1538770033345204416,57.735149376,carbonZ_2018-10-05-15-52-12_3_engine_failure_with_emr_traj,engine,14.0099992752,-25.8029937744,25.4360618591,352,24.4105129242,-0.550571084023,73.3339614868,8.76521396637,13.0864591599,-0.184902980924,1
1538770033411937760,57.80188272,carbonZ_2018-10-05-15-52-12_3_engine_failure_with_emr_traj,engine,14.0499992371,-25.8029937744,24.4359016418,351,24.4105129242,-0.550571084023,73.3339614868,8.47131252289,13.1834154129,-0.265483558178,1
1538770033450611904,57.840556864,carbonZ_2018-10-05-15-52-12_3_engine_failure_with_emr_traj,engine,14.0499992371,-25.8029937744,24.4359016418,351,24.4105129242,-0.550571084023,73.3339614868,8.40097808838,13.2049217224,-0.287106812,1
1538770033494522848,57.884467808,carbonZ_2018-10-05-15-52-12_3_engine_failure_with_emr_traj,engine,14.0999994278,-30.2118301392,23.3951129913,350,24.4105129242,-0.550571084023,73.3339614868,8.27010059357,13.2423839569,-0.340621113777,1
1538770033558398208,57.948343168,carbonZ_2018-10-05-15-52-12_3_engine_failure_with_emr_traj,engine,14.0999994278,-30.2118301392,23.3951129913,350,24.4105129242,-0.550571084023,73.3339614868,8.07755947113,13.2956933975,-0.455135941505,1
1538770033597438944,57.987383904,carbonZ_2018-10-05-15-52-12_3_engine_failure_with_emr_traj,engine,14.1199998856,-30.2118301392,22.3551902771,349,12.9154033661,0.286802619696,80.0293807983,7.95336198807,13.328204155,-0.54685074091,1
1538770033633758432,58.023703392,carbonZ_2018-10-05-15-52-12_3_engine_failure_with_emr_traj,engine,14.1199998856,-30.2118301392,22.3551902771,349,12.9154033661,0.286802619696,80.0293807983,7.76608419418,13.3857183456,-0.676753342152,1
1538770033684693888,58.074638848,carbonZ_2018-10-05-15-52-12_3_engine_failure_with_emr_traj,engine,14.1300001144,-18.4406280518,21.28474617,347,12.9154033661,0.286802619696,80.0293807983,7.64672994614,13.4165096283,-0.759769916534,1
1538770033728187456,58.118132416,carbonZ_2018-10-05-15-52-12_3_engine_failure_with_emr_traj,engine,14.1300001144,-18.4406280518,21.28474617,347,12.9154033661,0.286802619696,80.0293807983,7.54480791092,13.4365348816,-0.821263551712,1
1538770033857779776,58.247724736,carbonZ_2018-10-05-15-52-12_3_engine_failure_with_emr_traj,engine,14.1099996567,-18.4406280518,20.2081069946,346,12.9154033661,0.286802619696,80.0293807983,7.29041528702,13.4778814316,-0.992513775826,1
1538770033920469056,58.310414016,carbonZ_2018-10-05-15-52-12_3_engine_failure_with_emr_traj,engine,14.0799999237,-21.3911056519,19.1204280853,345,12.9154033661,0.286802619696,80.0293807983,7.19831609726,13.4803409576,-1.02910661697,1
1538770034018555264,58.408500224,carbonZ_2018-10-05-15-52-12_3_engine_failure_with_emr_traj,engine,14.029999733,-22.39112854,18.0418872833,344,3.86222314835,1.0378857851,82.0185089111,7.10950565338,13.4713077545,-1.02227199078,1
1538770034045372800,58.43531776,carbonZ_2018-10-05-15-52-12_3_engine_failure_with_emr_traj,engine,14.029999733,-22.39112854,18.0418872833,344,3.86222314835,1.0378857851,82.0185089111,7.07341146469,13.4675512314,-1.00493836403,1
1538770034074154016,58.464098976,carbonZ_2018-10-05-15-52-12_3_engine_failure_with_emr_traj,engine,14.029999733,-22.39112854,18.0418872833,344,3.86222314835,1.0378857851,82.0185089111,7.0339217186,13.4539260864,-0.975708067417,1
1538770034123890432,58.513835392,carbonZ_2018-10-05-15-52-12_3_engine_failure_with_emr_traj,engine,13.9899997711,-19.6733474731,16.9374771118,343,3.86222314835,1.0378857851,82.0185089111,7.02494764328,13.4482421875,-0.955644130707,1
1538770034183873568,58.573818528,carbonZ_2018-10-05-15-52-12_3_engine_failure_with_emr_traj,engine,13.9899997711,-19.6733474731,16.9374771118,343,3.86222314835,1.0378857851,82.0185089111,6.99661922455,13.4217376709,-0.893866360188,1
1538770034220237376,58.610182336,carbonZ_2018-10-05-15-52-12_3_engine_failure_with_emr_traj,engine,13.9399995804,-18.673324585,15.8588275909,342,3.86222314835,1.0378857851,82.0185089111,6.99395608902,13.4161167145,-0.874602675438,1
1538770034289536672,58.679481632,carbonZ_2018-10-05-15-52-12_3_engine_failure_with_emr_traj,engine,13.9099998474,-0.835418701172,14.7798805237,340,-4.96549844742,0.822745680809,80.3967666626,7.000477314,13.3851261139,-0.744997441769,1
1538770034325498976,58.715443936,carbonZ_2018-10-05-15-52-12_3_engine_failure_with_emr_traj,engine,13.9099998474,-0.835418701172,14.7798805237,340,-4.96549844742,0.822745680809,80.3967666626,7.00951051712,13.3747282028,-0.700093448162,1
1538770034371434176,58.761379136,carbonZ_2018-10-05-15-52-12_3_engine_failure_with_emr_traj,engine,13.9099998474,-0.835418701172,14.7798805237,340,-4.96549844742,0.822745680809,80.3967666626,7.0481877327,13.340045929,-0.592272222042,1
1538770034466411936,58.856356896,carbonZ_2018-10-05-15-52-12_3_engine_failure_with_emr_traj,engine,13.8800001144,-1.83544158936,13.7241802216,339,-4.96549844742,0.822745680809,80.3967666626,7.12040948868,13.3035860062,-0.450490146875,1
1538770034493710464,58.883655424,carbonZ_2018-10-05-15-52-12_3_engine_failure_with_emr_traj,engine,13.8800001144,-1.83544158936,13.7241802216,339,-4.96549844742,0.822745680809,80.3967666626,7.1453795433,13.2929267883,-0.419738084078,1
1538770034508549440,58.8984944,carbonZ_2018-10-05-15-52-12_3_engine_failure_with_emr_traj,engine,13.8899993896,15.3993606567,12.6731977463,338,-4.96549844742,0.822745680809,80.3967666626,7.20588970184,13.2648944855,-0.359254211187,1
1538770034600537120,58.99048208,carbonZ_2018-10-05-15-52-12_3_engine_failure_with_emr_traj,engine,13.8999996185,15.3993606567,11.6368522644,337,-4.96549844742,0.822745680809,80.3967666626,7.34208488464,13.2071428299,-0.216806903481,1
1538770034610817088,59.000762048,carbonZ_2018-10-05-15-52-12_3_engine_failure_with_emr_traj,engine,13.8999996185,15.3993606567,11.6368522644,337,-4.96549844742,0.822745680809,80.3967666626,7.3840174675,13.1912603378,-0.176445364952,1
1538770034674473472,59.064418432,carbonZ_2018-10-05-15-52-12_3_engine_failure_with_emr_traj,engine,13.8999996185,15.3993606567,11.6368522644,337,-16.384557724,-0.724405944347,73.3685684204,7.51465129852,13.1394033432,-0.064349450171,1
1538770034727300768,59.117245728,carbonZ_2018-10-05-15-52-12_3_engine_failure_with_emr_traj,engine,13.9399995804,30.9634208679,10.613325119,336,-16.384557724,-0.724405944347,73.3685684204,7.60434436798,13.1029253006,0.0129466373473,1
1538770034771062112,59.161007072,carbonZ_2018-10-05-15-52-12_3_engine_failure_with_emr_traj,engine,13.9399995804,30.9634208679,10.613325119,336,-16.384557724,-0.724405944347,73.3685684204,7.75834417343,13.0381603241,0.146869704127,1
1538770034835096192,59.225041152,carbonZ_2018-10-05-15-52-12_3_engine_failure_with_emr_traj,engine,13.9899997711,30.9634208679,9.60916996002,335,-16.384557724,-0.724405944347,73.3685684204,7.92474222183,12.9760122299,0.283173859119,1
1538770034865929088,59.255874048,carbonZ_2018-10-05-15-52-12_3_engine_failure_with_emr_traj,engine,13.9899997711,30.9634208679,9.60916996002,335,-16.384557724,-0.724405944347,73.3685684204,8.10251235962,12.9061012268,0.421573102474,1
1538770034951269344,59.341214304,carbonZ_2018-10-05-15-52-12_3_engine_failure_with_emr_traj,engine,14.0699996948,43.3608055115,8.63857269287,334,-16.384557724,-0.724405944347,73.3685684204,8.27671146393,12.8259801865,0.59290844202,1
1538770034990813280,59.38075824,carbonZ_2018-10-05-15-52-12_3_engine_failure_with_emr_traj,engine,14.1599998474,43.3608055115,7.72013187408,333,-16.384557724,-0.724405944347,73.3685684204,8.3296289444,12.8014421463,0.653045833111,1
1538770035036415680,59.42636064,carbonZ_2018-10-05-15-52-12_3_engine_failure_with_emr_traj,engine,14.1599998474,43.3608055115,7.72013187408,333,-16.384557724,-0.724405944347,73.3685684204,8.51157188416,12.7211685181,0.825146973133,1
1538770035062024000,59.45196896,carbonZ_2018-10-05-15-52-12_3_engine_failure_with_emr_traj,engine,14.1599998474,43.3608055115,7.72013187408,333,-16.384557724,-0.724405944347,73.3685684204,8.51157188416,12.7211685181,0.825146973133,1
1538770035109091296,59.499036256,carbonZ_2018-10-05-15-52-12_3_engine_failure_with_emr_traj,engine,14.2999992371,61.3812446594,6.79718828201,332,-16.384557724,-0.724405944347,73.3685684204,8.80791950226,12.6071481705,0.953265070915,1
1538770035172632480,59.56257744,carbonZ_2018-10-05-15-52-12_3_engine_failure_with_emr_traj,engine,14.2999992371,61.3812446594,6.79718828201,332,-26.9157829285,-3.53411626816,64.5719223022,9.03124332428,12.5099334717,1.07188630104,1
1538770035205324864,59.595269824,carbonZ_2018-10-05-15-52-12_3_engine_failure_with_emr_traj,engine,14.4299993515,61.3812446594,5.92502832413,331,-26.9157829285,-3.53411626816,64.5719223022,9.17175865173,12.4428119659,1.16588592529,1
1538770035271301664,59.661246624,carbonZ_2018-10-05-15-52-12_3_engine_failure_with_emr_traj,engine,14.5999994278,168.215560913,5.06898736954,330,-26.9157829285,-3.53411626816,64.5719223022,9.36684322357,12.3335676193,1.35442984104,1
1538770035314464512,59.704409472,carbonZ_2018-10-05-15-52-12_3_engine_failure_with_emr_traj,engine,14.5999994278,168.215560913,5.06898736954,330,-26.9157829285,-3.53411626816,64.5719223022,9.54802703857,12.2184324265,1.57992970943,1
1538770035352493664,59.742438624,carbonZ_2018-10-05-15-52-12_3_engine_failure_with_emr_traj,engine,14.5999994278,168.215560913,5.06898736954,330,-26.9157829285,-3.53411626816,64.5719223022,9.66852283478,12.1398906708,1.72692537308,1
1538770035413435840,59.8033808,carbonZ_2018-10-05-15-52-12_3_engine_failure_with_emr_traj,engine,14.7899999619,167.215545654,4.2725687027,329,-26.9157829285,-3.53411626816,64.5719223022,9.7870426178,12.0581741333,1.88793635368,1
1538770035500923616,59.890868576,carbonZ_2018-10-05-15-52-12_3_engine_failure_with_emr_traj,engine,15.0199995041,180.937286377,3.48742628098,329,-26.9157829285,-3.53411626816,64.5719223022,10.164273262,11.8245000839,2.17835831642,1
1538770035553841632,59.943786592,carbonZ_2018-10-05-15-52-12_3_engine_failure_with_emr_traj,engine,15.0199995041,180.937286377,3.48742628098,329,-31.750995636,-5.17872619629,58.5147514343,10.164273262,11.8245000839,2.17835831642,1
1538770035603397248,59.993342208,carbonZ_2018-10-05-15-52-12_3_engine_failure_with_emr_traj,engine,15.2699995041,180.937286377,2.7506737709,328,-31.750995636,-5.17872619629,58.5147514343,10.5615377426,11.5980682373,2.26296544075,1
1538770035613185472,60.003130432,carbonZ_2018-10-05-15-52-12_3_engine_failure_with_emr_traj,engine,15.2699995041,180.937286377,2.7506737709,328,-31.750995636,-5.17872619629,58.5147514343,10.5615377426,11.5980682373,2.26296544075,1
1538770035688419104,60.078364064,carbonZ_2018-10-05-15-52-12_3_engine_failure_with_emr_traj,engine,15.5399999619,207.623962402,2.05733728409,327,-31.750995636,-5.17872619629,58.5147514343,11.0794010162,11.2838468552,2.3368742466,1
1538770035726102496,60.116047456,carbonZ_2018-10-05-15-52-12_3_engine_failure_with_emr_traj,engine,15.5399999619,207.623962402,2.05733728409,327,-31.750995636,-5.17872619629,58.5147514343,11.1876087189,11.2143468857,2.3492910862,1
1538770035783514688,60.173459648,carbonZ_2018-10-05-15-52-12_3_engine_failure_with_emr_traj,engine,15.5399999619,207.623962402,2.05733728409,327,-31.750995636,-5.17872619629,58.5147514343,11.5128822327,11.0047616959,2.38221693039,1
1538770035825638688,60.215583648,carbonZ_2018-10-05-15-52-12_3_engine_failure_with_emr_traj,engine,15.8099994659,207.623962402,1.41567873955,327,-31.750995636,-5.17872619629,58.5147514343,11.7287464142,10.8556966782,2.40188455582,1
1538770035847210304,60.237155264,carbonZ_2018-10-05-15-52-12_3_engine_failure_with_emr_traj,engine,15.8099994659,207.623962402,1.41567873955,327,-31.750995636,-5.17872619629,58.5147514343,11.9453287125,10.7033405304,2.41821742058,1
1538770035902461216,60.292406176,carbonZ_2018-10-05-15-52-12_3_engine_failure_with_emr_traj,engine,16.0799999237,221.461196899,0.841343343258,326,-32.80519104,-4.05578374863,51.2991943359,12.3703489304,10.3896818161,2.46580576897,1
1538770035992809536,60.382754496,carbonZ_2018-10-05-15-52-12_3_engine_failure_with_emr_traj,engine,16.0799999237,221.461196899,0.841343343258,326,-32.80519104,-4.05578374863,51.2991943359,12.576010704,10.2273130417,2.49042510986,1
1538770036010043264,60.399988224,carbonZ_2018-10-05-15-52-12_3_engine_failure_with_emr_traj,engine,16.3500003815,221.461196899,0.332518786192,325,-32.80519104,-4.05578374863,51.2991943359,12.6693878174,10.1446113586,2.51055407524,1
1538770036046315008,60.436259968,carbonZ_2018-10-05-15-52-12_3_engine_failure_with_emr_traj,engine,16.3500003815,221.461196899,0.332518786192,325,-32.80519104,-4.05578374863,51.2991943359,12.9554214478,9.88425064087,2.55159449577,1
1538770036102258464,60.492203424,carbonZ_2018-10-05-15-52-12_3_engine_failure_with_emr_traj,engine,16.6199989319,234.198944092,-0.123054713011,325,-32.80519104,-4.05578374863,51.2991943359,13.1481227875,9.70745944977,2.57773208618,1
1538770036133816800,60.52376176,carbonZ_2018-10-05-15-52-12_3_engine_failure_with_emr_traj,engine,16.6199989319,234.198944092,-0.123054713011,325,-32.80519104,-4.05578374863,51.2991943359,13.3532323837,9.52088546753,2.57534813881,1
1538770036242624608,60.632569568,carbonZ_2018-10-05-15-52-12_3_engine_failure_with_emr_traj,engine,16.8899993896,234.198944092,-0.518222987652,325,-32.80519104,-4.05578374863,51.2991943359,13.8461647034,9.04281806946,2.54985833168,1
1538770036273233120,60.66317808,carbonZ_2018-10-05-15-52-12_3_engine_failure_with_emr_traj,engine,16.8899993896,234.198944092,-0.518222987652,325,-32.80519104,-4.05578374863,51.2991943359,14.0245246887,8.84895896912,2.54738521576,1
1538770036350632256,60.740577216,carbonZ_2018-10-05-15-52-12_3_engine_failure_with_emr_traj,engine,17.1599998474,246.510131836,-0.824764072895,324,-32.80519104,-4.05578374863,51.2991943359,14.2828140259,8.56411075592,2.53984904289,1
1538770036399811712,60.789756672,carbonZ_2018-10-05-15-52-12_3_engine_failure_with_emr_traj,engine,17.4200000763,246.510131836,-0.811908841133,324,-32.3513183594,-1.32337224483,44.0571289062,14.5340032578,8.2702627182,2.50549507141,1
1538770036417495648,60.807440608,carbonZ_2018-10-05-15-52-12_3_engine_failure_with_emr_traj,engine,17.4200000763,246.510131836,-0.811908841133,324,-32.3513183594,-1.32337224483,44.0571289062,14.6094770432,8.17394447327,2.49645709991,1
1538770036536162688,60.926107648,carbonZ_2018-10-05-15-52-12_3_engine_failure_with_emr_traj,engine,17.6700000763,252.813720703,-0.796645760536,324,-32.3513183594,-1.32337224483,44.0571289062,15.01176548,7.62735795975,2.43068480492,1
1538770036598558880,60.98850384,carbonZ_2018-10-05-15-52-12_3_engine_failure_with_emr_traj,engine,17.9200000763,252.813720703,-0.730364441872,324,-32.3513183594,-1.32337224483,44.0571289062,15.1310024261,7.46419525146,2.39904856682,1
1538770036620608448,61.010553408,carbonZ_2018-10-05-15-52-12_3_engine_failure_with_emr_traj,engine,17.9200000763,252.813720703,-0.730364441872,324,-32.3513183594,-1.32337224483,44.0571289062,15.2245674133,7.30183029175,2.35684037209,1
1538770036668799424,61.058744384,carbonZ_2018-10-05-15-52-12_3_engine_failure_with_emr_traj,engine,17.9200000763,252.813720703,-0.730364441872,324,-32.3513183594,-1.32337224483,44.0571289062,15.3469781876,7.08287477493,2.30323624611,1
1538770036740464064,61.130409024,carbonZ_2018-10-05-15-52-12_3_engine_failure_with_emr_traj,engine,18.1499996185,264.056488037,-0.169720798731,324,-32.3513183594,-1.32337224483,44.0571289062,15.4541282654,6.88904523849,2.24197363853,1
1538770036786689952,61.176634912,carbonZ_2018-10-05-15-52-12_3_engine_failure_with_emr_traj,engine,18.1499996185,264.056488037,-0.169720798731,324,-32.3513183594,-1.32337224483,44.0571289062,15.5193920135,6.77208709717,2.19375419617,1
1538770036823820128,61.213765088,carbonZ_2018-10-05-15-52-12_3_engine_failure_with_emr_traj,engine,18.3699989319,265.056518555,0.237257391214,324,-15.6170635223,-1.57463216782,36.2635040283,15.5765924454,6.61099004745,2.11490488052,1
1538770036872168736,61.262113696,carbonZ_2018-10-05-15-52-12_3_engine_failure_with_emr_traj,engine,18.3699989319,265.056518555,0.237257391214,324,-15.6170635223,-1.57463216782,36.2635040283,15.6068239212,6.51848506927,2.07059502602,1
1538770036897240864,61.287185824,carbonZ_2018-10-05-15-52-12_3_engine_failure_with_emr_traj,engine,18.5699996948,223.384857178,0.87439930439,324,-15.6170635223,-1.57463216782,36.2635040283,15.6335697174,6.43667030334,2.03221487999,1
1538770036998312224,61.388257184,carbonZ_2018-10-05-15-52-12_3_engine_failure_with_emr_traj,engine,18.7700004578,223.384857178,1.49359226227,324,-15.6170635223,-1.57463216782,36.2635040283,15.6596841812,6.30428314209,1.97343683243,1
1538770037074020352,61.463965312,carbonZ_2018-10-05-15-52-12_3_engine_failure_with_emr_traj,engine,18.7700004578,223.384857178,1.49359226227,324,-15.6170635223,-1.57463216782,36.2635040283,15.6484174728,6.19862031937,1.92028915882,1
1538770037094628000,61.48457296,carbonZ_2018-10-05-15-52-12_3_engine_failure_with_emr_traj,engine,18.9499988556,231.034851074,2.10729122162,324,-15.6170635223,-1.57463216782,36.2635040283,15.6478805542,6.17639923096,1.90507721901,1
1538770037147858176,61.537803136,carbonZ_2018-10-05-15-52-12_3_engine_failure_with_emr_traj,engine,18.9499988556,231.034851074,2.10729122162,324,-15.6170635223,-1.57463216782,36.2635040283,15.6407213211,6.12521505356,1.84099066257,1
1538770037202305056,61.592250016,carbonZ_2018-10-05-15-52-12_3_engine_failure_with_emr_traj,engine,19.1299991608,231.034851074,3.01942658424,324,-15.6170635223,-1.57463216782,36.2635040283,15.6236896515,6.09918546677,1.80077683926,1
1538770037238900704,61.628845664,carbonZ_2018-10-05-15-52-12_3_engine_failure_with_emr_traj,engine,19.1299991608,231.034851074,3.01942658424,324,-15.6170635223,-1.57463216782,36.2635040283,15.5759553909,6.07759189606,1.74128520489,1
1538770037299676640,61.6896216,carbonZ_2018-10-05-15-52-12_3_engine_failure_with_emr_traj,engine,19.3099994659,225.838943481,3.79899215698,324,-15.6170635223,-1.57463216782,36.2635040283,15.5427246094,6.06979799271,1.72644114494,1
1538770037333883680,61.72382864,carbonZ_2018-10-05-15-52-12_3_engine_failure_with_emr_traj,engine,19.3099994659,225.838943481,3.79899215698,324,5.02473020554,-2.0261900425,27.2332305908,15.5239858627,6.07163572311,1.72252929211,1
1538770037376732608,61.766677568,carbonZ_2018-10-05-15-52-12_3_engine_failure_with_emr_traj,engine,19.3099994659,225.838943481,3.79899215698,324,5.02473020554,-2.0261900425,27.2332305908,15.4725246429,6.08151483536,1.72734797001,1
1538770037423713024,61.813657984,carbonZ_2018-10-05-15-52-12_3_engine_failure_with_emr_traj,engine,19.4799995422,225.838943481,4.73242950439,324,5.02473020554,-2.0261900425,27.2332305908,15.4186897278,6.0962767601,1.71804690361,1
1538770037540878784,61.930823744,carbonZ_2018-10-05-15-52-12_3_engine_failure_with_emr_traj,engine,19.6499996185,234.579467773,5.60812616348,324,5.02473020554,-2.0261900425,27.2332305908,15.269367218,6.17268562317,1.72957801819,1
1538770037588865888,61.978810848,carbonZ_2018-10-05-15-52-12_3_engine_failure_with_emr_traj,engine,19.6499996185,234.579467773,5.60812616348,324,5.02473020554,-2.0261900425,27.2332305908,15.2198238373,6.21680021286,1.71899783611,1
1538770037619504032,62.009448992,carbonZ_2018-10-05-15-52-12_3_engine_failure_with_emr_traj,engine,19.8199996948,234.579467773,6.56174516678,324,5.02473020554,-2.0261900425,27.2332305908,15.1491937637,6.26604700089,1.71210849285,1
1538770037681480704,62.071425664,carbonZ_2018-10-05-15-52-12_3_engine_failure_with_emr_traj,engine,19.8199996948,234.579467773,6.56174516678,324,5.02473020554,-2.0261900425,27.2332305908,15.043592453,6.3518705368,1.70181810856,1
1538770037696352768,62.086297728,carbonZ_2018-10-05-15-52-12_3_engine_failure_with_emr_traj,engine,20.0,245.547775269,7.50780057907,324,5.02473020554,-2.0261900425,27.2332305908,15.0121326447,6.38131475449,1.70022273064,1
1538770037770139648,62.160084608,carbonZ_2018-10-05-15-52-12_3_engine_failure_with_emr_traj,engine,20.0,245.547775269,7.50780057907,324,16.0072612762,-1.23675346375,28.7592449188,14.8321037292,6.5720076561,1.64907979965,1
1538770037820847072,62.210792032,carbonZ_2018-10-05-15-52-12_3_engine_failure_with_emr_traj,engine,20.1700000763,245.547775269,8.47798538208,324,16.0072612762,-1.23675346375,28.7592449188,14.6994333267,6.71424436569,1.6065018177,1
1538770037845271712,62.235216672,carbonZ_2018-10-05-15-52-12_3_engine_failure_with_emr_traj,engine,20.1700000763,245.547775269,8.47798538208,324,16.0072612762,-1.23675346375,28.7592449188,14.6994333267,6.71424436569,1.6065018177,1
1538770037908514528,62.298459488,carbonZ_2018-10-05-15-52-12_3_engine_failure_with_emr_traj,engine,20.3400001526,242.457199097,9.46099376678,324,16.0072612762,-1.23675346375,28.7592449188,14.6147232056,6.81433057785,1.59020793438,1
1538770037951188064,62.341133024,carbonZ_2018-10-05-15-52-12_3_engine_failure_with_emr_traj,engine,20.3400001526,242.457199097,9.46099376678,324,16.0072612762,-1.23675346375,28.7592449188,14.4341678619,7.03421354294,1.577652812,1
1538770038015906336,62.405851296,carbonZ_2018-10-05-15-52-12_3_engine_failure_with_emr_traj,engine,20.5100002289,243.457214355,10.453494072,325,16.0072612762,-1.23675346375,28.7592449188,14.2705802917,7.20843935013,1.59745001793,1
1538770038053482912,62.443427872,carbonZ_2018-10-05-15-52-12_3_engine_failure_with_emr_traj,engine,20.5100002289,243.457214355,10.453494072,325,16.0072612762,-1.23675346375,28.7592449188,14.2705802917,7.20843935013,1.59745001793,1
1538770038104325760,62.49427072,carbonZ_2018-10-05-15-52-12_3_engine_failure_with_emr_traj,engine,20.6800003052,243.982406616,11.4113540649,324,25.7974014282,-2.08214616776,35.556060791,14.0565891266,7.44378376007,1.66009414196,1
1538770038195784448,62.585729408,carbonZ_2018-10-05-15-52-12_3_engine_failure_with_emr_traj,engine,20.859998703,243.982406616,12.4090843201,324,25.7974014282,-2.08214616776,35.556060791,13.8286161423,7.69327974319,1.75354373455,1
1538770038233188096,62.623133056,carbonZ_2018-10-05-15-52-12_3_engine_failure_with_emr_traj,engine,20.859998703,243.982406616,12.4090843201,324,25.7974014282,-2.08214616776,35.556060791,13.6973495483,7.82861232758,1.79895937443,1
1538770038293358784,62.683303744,carbonZ_2018-10-05-15-52-12_3_engine_failure_with_emr_traj,engine,21.0499992371,241.399765015,13.3405132294,324,25.7974014282,-2.08214616776,35.556060791,13.4987869263,8.04147815704,1.87353050709,1
1538770038311253024,62.701197984,carbonZ_2018-10-05-15-52-12_3_engine_failure_with_emr_traj,engine,21.0499992371,241.399765015,13.3405132294,324,25.7974014282,-2.08214616776,35.556060791,13.4335298538,8.11348152161,1.8936175108,1
1538770038389598656,62.779543616,carbonZ_2018-10-05-15-52-12_3_engine_failure_with_emr_traj,engine,21.0499992371,241.399765015,13.3405132294,324,25.7974014282,-2.08214616776,35.556060791,13.2275209427,8.33881664276,1.96767640114,1
1538770038437285312,62.827230272,carbonZ_2018-10-05-15-52-12_3_engine_failure_with_emr_traj,engine,21.25,241.399765015,14.3192396164,324,25.7974014282,-2.08214616776,35.556060791,13.0017766953,8.56674957275,2.03796291351,1
1538770038503531008,62.893475968,carbonZ_2018-10-05-15-52-12_3_engine_failure_with_emr_traj,engine,21.4699993134,325.473205566,15.2265367508,324,33.8435821533,-3.7683506012,44.5884895325,12.6206798553,8.94574928284,2.1770772934,1
1538770038571520320,62.96146528,carbonZ_2018-10-05-15-52-12_3_engine_failure_with_emr_traj,engine,21.4699993134,325.473205566,15.2265367508,324,33.8435821533,-3.7683506012,44.5884895325,12.460767746,9.09948158264,2.23478150368,1
1538770038643511360,63.03345632,carbonZ_2018-10-05-15-52-12_3_engine_failure_with_emr_traj,engine,21.6999988556,325.473205566,16.1927452087,324,33.8435821533,-3.7683506012,44.5884895325,12.195643425,9.33495521545,2.32753682137,1
1538770038689797312,63.079742272,carbonZ_2018-10-05-15-52-12_3_engine_failure_with_emr_traj,engine,21.9499988556,319.280517578,17.1137676239,323,33.8435821533,-3.7683506012,44.5884895325,11.9147377014,9.58335113525,2.40503406525,1
1538770038755126336,63.145071296,carbonZ_2018-10-05-15-52-12_3_engine_failure_with_emr_traj,engine,21.9499988556,319.280517578,17.1137676239,323,33.8435821533,-3.7683506012,44.5884895325,11.6269102097,9.83467006683,2.48020458221,1
1538770038798065056,63.188010016,carbonZ_2018-10-05-15-52-12_3_engine_failure_with_emr_traj,engine,22.2199993134,319.280517578,17.9624099731,323,33.8435821533,-3.7683506012,44.5884895325,11.4246520996,9.99994468689,2.53445506096,1
1538770038821003104,63.210948064,carbonZ_2018-10-05-15-52-12_3_engine_failure_with_emr_traj,engine,22.2199993134,319.280517578,17.9624099731,323,33.8435821533,-3.7683506012,44.5884895325,11.2136230469,10.1645412445,2.59217524529,1
1538770038879778688,63.269723648,carbonZ_2018-10-05-15-52-12_3_engine_failure_with_emr_traj,engine,22.5,314.081573486,18.8402271271,323,38.9207649231,-4.16183423996,55.0685958862,10.9999732971,10.3275098801,2.64801168442,1
1538770038910649984,63.300594944,carbonZ_2018-10-05-15-52-12_3_engine_failure_with_emr_traj,engine,22.5,314.081573486,18.8402271271,323,38.9207649231,-4.16183423996,55.0685958862,10.7794914246,10.4910354614,2.69757914543,1
1538770039001225472,63.391170432,carbonZ_2018-10-05-15-52-12_3_engine_failure_with_emr_traj,engine,22.7899990082,314.081573486,19.6644649506,322,38.9207649231,-4.16183423996,55.0685958862,10.3323888779,10.8061475754,2.8079559803,1
1538770039059350688,63.449295648,carbonZ_2018-10-05-15-52-12_3_engine_failure_with_emr_traj,engine,22.7899990082,314.081573486,19.6644649506,322,38.9207649231,-4.16183423996,55.0685958862,9.97301769257,11.0371837616,2.89164233208,1
1538770039084332416,63.474277376,carbonZ_2018-10-05-15-52-12_3_engine_failure_with_emr_traj,engine,22.7899990082,314.081573486,19.6644649506,322,38.9207649231,-4.16183423996,55.0685958862,9.72983551025,11.1891174316,2.94117903709,1
1538770039114453984,63.504398944,carbonZ_2018-10-05-15-52-12_3_engine_failure_with_emr_traj,engine,23.0900001526,317.531311035,20.4598999023,322,38.9207649231,-4.16183423996,55.0685958862,9.61236095428,11.259513855,2.96898150444,1
1538770039188723968,63.578668928,carbonZ_2018-10-05-15-52-12_3_engine_failure_with_emr_traj,engine,23.4099998474,318.531311035,21.2770137787,321,41.3515853882,-3.80515313148,64.4877090454,9.25104427338,11.4651565552,3.04808950424,1
1538770039220637760,63.61058272,carbonZ_2018-10-05-15-52-12_3_engine_failure_with_emr_traj,engine,23.4099998474,318.531311035,21.2770137787,321,41.3515853882,-3.80515313148,64.4877090454,8.99813938141,11.5966596603,3.1037273407,1
1538770039275600480,63.66554544,carbonZ_2018-10-05-15-52-12_3_engine_failure_with_emr_traj,engine,23.4099998474,318.531311035,21.2770137787,321,41.3515853882,-3.80515313148,64.4877090454,8.61326789856,11.7869033813,3.17257118225,1
1538770039284215456,63.674160416,carbonZ_2018-10-05-15-52-12_3_engine_failure_with_emr_traj,engine,23.7399997711,311.71282959,21.945482254,320,41.3515853882,-3.80515313148,64.4877090454,8.48407363892,11.8485536575,3.19141769409,1
1538770039383701152,63.773646112,carbonZ_2018-10-05-15-52-12_3_engine_failure_with_emr_traj,engine,23.7399997711,311.71282959,21.945482254,320,41.3515853882,-3.80515313148,64.4877090454,7.94426393509,12.102766037,3.22358107567,1
1538770039411694176,63.801639136,carbonZ_2018-10-05-15-52-12_3_engine_failure_with_emr_traj,engine,24.0799999237,311.71282959,22.7035732269,320,41.3515853882,-3.80515313148,64.4877090454,7.64618206024,12.2326555252,3.22104930878,1
1538770039449030944,63.838975904,carbonZ_2018-10-05-15-52-12_3_engine_failure_with_emr_traj,engine,24.0799999237,311.71282959,22.7035732269,320,41.3515853882,-3.80515313148,64.4877090454,7.35477638245,12.3544998169,3.21822810173,1
1538770039513203136,63.903148096,carbonZ_2018-10-05-15-52-12_3_engine_failure_with_emr_traj,engine,24.4200000763,300.925048828,23.3829269409,319,41.3515853882,-3.80515313148,64.4877090454,6.89744472504,12.537651062,3.17142605782,1
1538770039562347360,63.95229232,carbonZ_2018-10-05-15-52-12_3_engine_failure_with_emr_traj,engine,24.4200000763,300.925048828,23.3829269409,319,41.3515853882,-3.80515313148,64.4877090454,6.59426116943,12.6486282349,3.13722252846,1
1538770039587280384,63.977225344,carbonZ_2018-10-05-15-52-12_3_engine_failure_with_emr_traj,engine,24.7600002289,300.925048828,23.9538154602,318,38.6296310425,-2.9598236084,78.0959854126,6.30243110657,12.7477416992,3.1057202816,1
1538770039654437408,64.044382368,carbonZ_2018-10-05-15-52-12_3_engine_failure_with_emr_traj,engine,24.7600002289,300.925048828,23.9538154602,318,38.6296310425,-2.9598236084,78.0959854126,5.835958004,12.8793764114,3.05424904823,1
1538770039689439424,64.079384384,carbonZ_2018-10-05-15-52-12_3_engine_failure_with_emr_traj,engine,25.0799999237,288.34085083,24.5516853333,317,38.6296310425,-2.9598236084,78.0959854126,5.53596305847,12.9519968033,3.02464032173,1
1538770039753950176,64.143895136,carbonZ_2018-10-05-15-52-12_3_engine_failure_with_emr_traj,engine,25.0799999237,288.34085083,24.5516853333,317,38.6296310425,-2.9598236084,78.0959854126,5.08879041672,13.0500326157,2.96809959412,1
1538770039789263552,64.179208512,carbonZ_2018-10-05-15-52-12_3_engine_failure_with_emr_traj,engine,25.3899993896,288.34085083,25.0534343719,317,38.6296310425,-2.9598236084,78.0959854126,4.63454723358,13.1317520142,2.91477179527,1
1538770039862399584,64.252344544,carbonZ_2018-10-05-15-52-12_3_engine_failure_with_emr_traj,engine,25.3899993896,288.34085083,25.0534343719,317,38.6296310425,-2.9598236084,78.0959854126,4.01778364182,13.2256965637,2.81525683403,1
1538770039909283872,64.299228832,carbonZ_2018-10-05-15-52-12_3_engine_failure_with_emr_traj,engine,25.6899986267,279.195007324,25.5574817657,316,38.6296310425,-2.9598236084,78.0959854126,4.01778364182,13.2256965637,2.81525683403,1
1538770039949682464,64.339627424,carbonZ_2018-10-05-15-52-12_3_engine_failure_with_emr_traj,engine,25.6899986267,279.195007324,25.5574817657,316,38.6296310425,-2.9598236084,78.0959854126,3.56262350082,13.2742729187,2.72877955437,1
1538770039999645344,64.389590304,carbonZ_2018-10-05-15-52-12_3_engine_failure_with_emr_traj,engine,25.9799995422,279.195007324,26.0548820496,315,35.6987228394,-2.56763505936,91.863609314,3.11387848854,13.3031167984,2.65474700928,1
1538770040092246688,64.482191648,carbonZ_2018-10-05-15-52-12_3_engine_failure_with_emr_traj,engine,26.2600002289,271.917053223,26.3694801331,314,35.6987228394,-2.56763505936,91.863609314,2.52867126465,13.3115224838,2.56982684135,1
1538770040154747392,64.544692352,carbonZ_2018-10-05-15-52-12_3_engine_failure_with_emr_traj,engine,26.2600002289,271.917053223,26.3694801331,314,35.6987228394,-2.56763505936,91.863609314,2.08895158768,13.3057193756,2.48407363892,1
1538770040195698624,64.585643584,carbonZ_2018-10-05-15-52-12_3_engine_failure_with_emr_traj,engine,26.5299987793,271.917053223,26.7592887878,312,35.6987228394,-2.56763505936,91.863609314,1.78543591499,13.2937717438,2.4196190834,1
1538770040247540512,64.637485472,carbonZ_2018-10-05-15-52-12_3_engine_failure_with_emr_traj,engine,26.5299987793,271.917053223,26.7592887878,312,35.6987228394,-2.56763505936,91.863609314,1.17771065235,13.2439556122,2.29378890991,1
1538770040288148128,64.678093088,carbonZ_2018-10-05-15-52-12_3_engine_failure_with_emr_traj,engine,26.7799987793,259.090332031,27.0259513855,311,35.6987228394,-2.56763505936,91.863609314,1.03048169613,13.2227315903,2.26895141602,1
1538770040336084544,64.726029504,carbonZ_2018-10-05-15-52-12_3_engine_failure_with_emr_traj,engine,26.7799987793,259.090332031,27.0259513855,311,35.6987228394,-2.56763505936,91.863609314,0.742785990238,13.1755924225,2.21829915047,1
1538770040398674048,64.788619008,carbonZ_2018-10-05-15-52-12_3_engine_failure_with_emr_traj,engine,27.0100002289,260.090362549,27.3337039948,310,35.6987228394,-2.56763505936,91.863609314,0.264409840107,13.0908670425,2.08279466629,1
1538770040427699680,64.81764464,carbonZ_2018-10-05-15-52-12_3_engine_failure_with_emr_traj,engine,27.0100002289,260.090362549,27.3337039948,310,35.112651825,-1.36334335804,106.239524841,0.0958415269852,13.0588912964,2.02609372139,1
1538770040481075744,64.871020704,carbonZ_2018-10-05-15-52-12_3_engine_failure_with_emr_traj,engine,27.0100002289,260.090362549,27.3337039948,310,35.112651825,-1.36334335804,106.239524841,-0.424516022205,12.9438915253,1.83636271954,1
1538770040548731072,64.938676032,carbonZ_2018-10-05-15-52-12_3_engine_failure_with_emr_traj,engine,27.2199993134,253.327651978,27.5078315735,309,35.112651825,-1.36334335804,106.239524841,-1.07133603096,12.7539138794,1.61453127861,1
1538770040612395680,65.00234064,carbonZ_2018-10-05-15-52-12_3_engine_failure_with_emr_traj,engine,27.3999996185,254.327682495,27.6785011292,308,35.112651825,-1.36334335804,106.239524841,-1.56072878838,12.579709053,1.45262002945,1
1538770040693126784,65.083071744,carbonZ_2018-10-05-15-52-12_3_engine_failure_with_emr_traj,engine,27.5599994659,252.533630371,27.8363323212,307,35.112651825,-1.36334335804,106.239524841,-2.15183854103,12.3214902878,1.29301798344,1
1538770040702760544,65.092705504,carbonZ_2018-10-05-15-52-12_3_engine_failure_with_emr_traj,engine,27.5599994659,252.533630371,27.8363323212,307,35.112651825,-1.36334335804,106.239524841,-2.15183854103,12.3214902878,1.29301798344,1
1538770040777585056,65.167530016,carbonZ_2018-10-05-15-52-12_3_engine_failure_with_emr_traj,engine,27.5599994659,252.533630371,27.8363323212,307,35.8829231262,1.0127530098,116.964614868,-2.67311120033,12.0445652008,1.19053411484,1
1538770040824770880,65.21471584,carbonZ_2018-10-05-15-52-12_3_engine_failure_with_emr_traj,engine,27.6999988556,252.533630371,27.8301486969,306,35.8829231262,1.0127530098,116.964614868,-2.95070195198,11.8861818314,1.14036202431,1
1538770040861335360,65.25128032,carbonZ_2018-10-05-15-52-12_3_engine_failure_with_emr_traj,engine,27.6999988556,252.533630371,27.8301486969,306,35.8829231262,1.0127530098,116.964614868,-3.22151970863,11.7211828232,1.08206760883,1
1538770040886287168,65.276232128,carbonZ_2018-10-05-15-52-12_3_engine_failure_with_emr_traj,engine,27.8299999237,240.429214478,27.8287181854,304,35.8829231262,1.0127530098,116.964614868,-3.48624205589,11.545633316,1.02244508266,1
1538770040963800832,65.353745792,carbonZ_2018-10-05-15-52-12_3_engine_failure_with_emr_traj,engine,27.8299999237,240.429214478,27.8287181854,304,35.8829231262,1.0127530098,116.964614868,-3.83765530586,11.2814035416,0.97036087513,1
1538770041020327872,65.410272832,carbonZ_2018-10-05-15-52-12_3_engine_failure_with_emr_traj,engine,27.9399986267,241.429229736,27.7833709717,303,35.8829231262,1.0127530098,116.964614868,-4.19564151764,10.9977025986,0.919204175472,1
1538770041072563872,65.462508832,carbonZ_2018-10-05-15-52-12_3_engine_failure_with_emr_traj,engine,28.0399990082,245.446868896,27.6984863281,302,37.42993927,3.43714499474,125.35899353,-4.57133579254,10.6825256348,0.839863479137,1
1538770041107003136,65.496948096,carbonZ_2018-10-05-15-52-12_3_engine_failure_with_emr_traj,engine,28.0399990082,245.446868896,27.6984863281,302,37.42993927,3.43714499474,125.35899353,-4.79011583328,10.4802856445,0.803011834621,1
1538770041145081056,65.535026016,carbonZ_2018-10-05-15-52-12_3_engine_failure_with_emr_traj,engine,28.0399990082,245.446868896,27.6984863281,302,37.42993927,3.43714499474,125.35899353,-5.01381111145,10.2602462769,0.762082159519,1
1538770041234327008,65.624271968,carbonZ_2018-10-05-15-52-12_3_engine_failure_with_emr_traj,engine,28.1399993896,244.446853638,27.5914440155,301,37.42993927,3.43714499474,125.35899353,-5.31889438629,9.93649196625,0.720960795879,1
1538770041272801216,65.662746176,carbonZ_2018-10-05-15-52-12_3_engine_failure_with_emr_traj,engine,28.2299995422,262.682922363,27.3534412384,300,37.42993927,3.43714499474,125.35899353,-5.70174837112,9.49133110046,0.682971835136,1
1538770041308679008,65.698623968,carbonZ_2018-10-05-15-52-12_3_engine_failure_with_emr_traj,engine,28.2299995422,262.682922363,27.3534412384,300,37.42993927,3.43714499474,125.35899353,-5.70174837112,9.49133110046,0.682971835136,1
1538770041349232640,65.7391776,carbonZ_2018-10-05-15-52-12_3_engine_failure_with_emr_traj,engine,28.2299995422,262.682922363,27.3534412384,300,37.42993927,3.43714499474,125.35899353,-5.98337459564,9.14420318604,0.62238317728,1
1538770041397163776,65.787108736,carbonZ_2018-10-05-15-52-12_3_engine_failure_with_emr_traj,engine,28.3199996948,261.682891846,27.1446113586,299,37.42993927,3.43714499474,125.35899353,-6.17057847977,8.90483093262,0.564817905426,1
1538770041485096192,65.875041152,carbonZ_2018-10-05-15-52-12_3_engine_failure_with_emr_traj,engine,28.3199996948,261.682891846,27.1446113586,299,37.42993927,3.43714499474,125.35899353,-6.52163600922,8.41860389709,0.446281969547,1
1538770041505729184,65.895674144,carbonZ_2018-10-05-15-52-12_3_engine_failure_with_emr_traj,engine,28.3999996185,269.39755249,26.8377933502,298,34.4355278015,6.93476438522,139.876754761,-6.6031999588,8.28993320465,0.412656903267,1
1538770041577643872,65.967588832,carbonZ_2018-10-05-15-52-12_3_engine_failure_with_emr_traj,engine,28.4599990845,269.39755249,26.5464859009,296,34.4355278015,6.93476438522,139.876754761,-6.87178993225,7.82970285416,0.319708049297,1
1538770041612759712,66.002704672,carbonZ_2018-10-05-15-52-12_3_engine_failure_with_emr_traj,engine,28.4599990845,269.39755249,26.5464859009,296,34.4355278015,6.93476438522,139.876754761,-7.07385444641,7.47745943069,0.242302000523,1
1538770041673810208,66.063755168,carbonZ_2018-10-05-15-52-12_3_engine_failure_with_emr_traj,engine,28.4599990845,269.39755249,26.5464859009,296,34.4355278015,6.93476438522,139.876754761,-7.08400201797,7.17742204666,0.154764503241,1
1538770041744396064,66.134341024,carbonZ_2018-10-05-15-52-12_3_engine_failure_with_emr_traj,engine,28.5100002289,293.675415039,26.1629772186,295,34.4355278015,6.93476438522,139.876754761,-7.19385099411,6.81427669525,0.0595339350402,1
1538770041823180096,66.213125056,carbonZ_2018-10-05-15-52-12_3_engine_failure_with_emr_traj,engine,28.5299987793,293.675415039,25.7753486633,295,34.4355278015,6.93476438522,139.876754761,-7.34397411346,6.43339633942,0.0625865012407,1
1538770041847878816,66.237823776,carbonZ_2018-10-05-15-52-12_3_engine_failure_with_emr_traj,engine,28.5299987793,293.675415039,25.7753486633,295,34.4355278015,6.93476438522,139.876754761,-7.44448232651,6.14228820801,0.0838329792023,1
1538770041884576352,66.274521312,carbonZ_2018-10-05-15-52-12_3_engine_failure_with_emr_traj,engine,28.5599994659,321.873382568,25.4291477203,294,34.4355278015,6.93476438522,139.876754761,-7.44448232651,6.14228820801,0.0838329792023,1
1538770041932752480,66.32269744,carbonZ_2018-10-05-15-52-12_3_engine_failure_with_emr_traj,engine,28.5599994659,321.873382568,25.4291477203,294,34.4355278015,6.93476438522,139.876754761,-7.50851678848,5.95802497864,0.110320605338,1
1538770042006460576,66.396405536,carbonZ_2018-10-05-15-52-12_3_engine_failure_with_emr_traj,engine,28.5900001526,321.873382568,25.0068702698,293,24.0409564972,0.0795995593071,161.598937988,-7.64401197433,5.59711360931,0.219818145037,1
1538770042023239072,66.413184032,carbonZ_2018-10-05-15-52-12_3_engine_failure_with_emr_traj,engine,28.5900001526,321.873382568,25.0068702698,293,24.0409564972,0.0795995593071,161.598937988,-7.7077088356,5.43596553802,0.311242640018,1
1538770042088525184,66.478470144,carbonZ_2018-10-05-15-52-12_3_engine_failure_with_emr_traj,engine,28.6399993896,341.843902588,24.5771408081,292,24.0409564972,0.0795995593071,161.598937988,-7.79037666321,5.19945287704,0.474247813225,1
1538770042126362560,66.51630752,carbonZ_2018-10-05-15-52-12_3_engine_failure_with_emr_traj,engine,28.6399993896,341.843902588,24.5771408081,292,24.0409564972,0.0795995593071,161.598937988,-7.8133893013,5.12639904022,0.543412268162,1
1538770042176689504,66.566634464,carbonZ_2018-10-05-15-52-12_3_engine_failure_with_emr_traj,engine,28.6399993896,341.843902588,24.5771408081,292,24.0409564972,0.0795995593071,161.598937988,-7.88555192947,4.89356088638,0.721416413784,1
